sample,cell_type,sample_profile
homosapiens_None_2023_None_sikkemalisa_001_d10_1101_2022_03_10_483747THD0007__rep0000,Activated myofibroblasts,0.5484712624793824
homosapiens_None_2023_None_sikkemalisa_001_d10_1101_2022_03_10_483747THD0007__rep0001,Activated myofibroblasts,0.4886350480591719
homosapiens_None_2023_None_sikkemalisa_001_d10_1101_2022_03_10_483747THD0007__rep0002,Activated myofibroblasts,0.5636450002007029
homosapiens_None_2023_None_sikkemalisa_001_d10_1101_2022_03_10_483747THD0007__rep0003,Activated myofibroblasts,0.5388542296200439
homosapiens_None_2023_None_sikkemalisa_001_d10_1101_2022_03_10_483747THD0007__rep0004,Activated myofibroblasts,0.5508936655559238
homosapiens_None_2023_None_sikkemalisa_001_d10_1101_2022_03_10_483747THD0007__rep0005,Activated myofibroblasts,0.5659776845273808
homosapiens_None_2023_None_sikkemalisa_001_d10_1101_2022_03_10_483747THD0007__rep0006,Activated myofibroblasts,0.4167085209239215
homosapiens_None_2023_None_sikkemalisa_001_d10_1101_2022_03_10_483747THD0007__rep0007,Activated myofibroblasts,0.5571393524357973
homosapiens_None_2023_None_sikkemalisa_001_d10_1101_2022_03_10_483747THD0007__rep0008,Activated myofibroblasts,0.5682084294374752
homosapiens_None_2023_None_sikkemalisa_001_d10_1101_2022_03_10_483747THD0007__rep0009,Activated myofibroblasts,0.5616508606652377
homosapiens_None_2023_None_sikkemalisa_001_d10_1101_2022_03_10_483747THD0007__rep0010,Activated myofibroblasts,0.517306154727137
homosapiens_None_2023_None_sikkemalisa_001_d10_1101_2022_03_10_483747THD0007__rep0011,Activated myofibroblasts,0.5557228059095914
homosapiens_None_2023_None_sikkemalisa_001_d10_1101_2022_03_10_483747THD0007__rep0012,Activated myofibroblasts,0.5450303142576257
homosapiens_None_2023_None_sikkemalisa_001_d10_1101_2022_03_10_483747THD0007__rep0013,Activated myofibroblasts,0.5675208780604055
homosapiens_None_2023_None_sikkemalisa_001_d10_1101_2022_03_10_483747THD0007__rep0014,Activated myofibroblasts,0.5636618062953022
homosapiens_None_2023_None_sikkemalisa_001_d10_1101_2022_03_10_483747THD0014__rep0000,Activated myofibroblasts,0.4621662272175109
homosapiens_None_2023_None_sikkemalisa_001_d10_1101_2022_03_10_483747THD0014__rep0001,Activated myofibroblasts,0.5391160090061184
homosapiens_None_2023_None_sikkemalisa_001_d10_1101_2022_03_10_483747THD0014__rep0003,Activated myofibroblasts,0.5670352662423508
homosapiens_None_2023_None_sikkemalisa_001_d10_1101_2022_03_10_483747THD0014__rep0004,Activated myofibroblasts,0.5782239060408092
homosapiens_None_2023_None_sikkemalisa_001_d10_1101_2022_03_10_483747THD0014__rep0005,Activated myofibroblasts,0.5675987212137711
homosapiens_None_2023_None_sikkemalisa_001_d10_1101_2022_03_10_483747THD0014__rep0006,Activated myofibroblasts,0.5775637982835701
homosapiens_None_2023_None_sikkemalisa_001_d10_1101_2022_03_10_483747THD0014__rep0007,Activated myofibroblasts,0.452691476433684
homosapiens_None_2023_None_sikkemalisa_001_d10_1101_2022_03_10_483747THD0014__rep0008,Activated myofibroblasts,0.5597988582538203
homosapiens_None_2023_None_sikkemalisa_001_d10_1101_2022_03_10_483747THD0014__rep0009,Activated myofibroblasts,0.5640021034739763
homosapiens_None_2023_None_sikkemalisa_001_d10_1101_2022_03_10_483747THD0014__rep0010,Activated myofibroblasts,0.5744081061607069
homosapiens_None_2023_None_sikkemalisa_001_d10_1101_2022_03_10_483747THD0014__rep0011,Activated myofibroblasts,0.5589032863579939
homosapiens_None_2023_None_sikkemalisa_001_d10_1101_2022_03_10_483747THD0014__rep0012,Activated myofibroblasts,0.5702536762217816
homosapiens_None_2023_None_sikkemalisa_001_d10_1101_2022_03_10_483747THD0014__rep0013,Activated myofibroblasts,0.5743362293822554
homosapiens_None_2023_None_sikkemalisa_001_d10_1101_2022_03_10_483747THD0014__rep0014,Activated myofibroblasts,0.5801648034667808
homosapiens_None_2023_None_sikkemalisa_001_d10_1101_2022_03_10_483747VUHD103__rep0000,Activated myofibroblasts,0.3357513428569992
homosapiens_None_2023_None_sikkemalisa_001_d10_1101_2022_03_10_483747VUHD103__rep0001,Activated myofibroblasts,0.5501162102701982
homosapiens_None_2023_None_sikkemalisa_001_d10_1101_2022_03_10_483747VUHD103__rep0002,Activated myofibroblasts,0.5426461446014832
homosapiens_None_2023_None_sikkemalisa_001_d10_1101_2022_03_10_483747VUHD103__rep0003,Activated myofibroblasts,0.547775565162004
homosapiens_None_2023_None_sikkemalisa_001_d10_1101_2022_03_10_483747VUHD103__rep0004,Activated myofibroblasts,0.5352137199057224
homosapiens_None_2023_None_sikkemalisa_001_d10_1101_2022_03_10_483747VUHD103__rep0005,Activated myofibroblasts,0.4810880827672673
homosapiens_None_2023_None_sikkemalisa_001_d10_1101_2022_03_10_483747VUHD103__rep0006,Activated myofibroblasts,0.5414017658553889
homosapiens_None_2023_None_sikkemalisa_001_d10_1101_2022_03_10_483747VUHD103__rep0008,Activated myofibroblasts,0.3432606803274636
homosapiens_None_2023_None_sikkemalisa_001_d10_1101_2022_03_10_483747VUHD103__rep0009,Activated myofibroblasts,0.528341753072029
homosapiens_None_2023_None_sikkemalisa_001_d10_1101_2022_03_10_483747VUHD103__rep0010,Activated myofibroblasts,0.3806447891514506
homosapiens_None_2023_None_sikkemalisa_001_d10_1101_2022_03_10_483747VUHD103__rep0011,Activated myofibroblasts,0.5427718812747462
homosapiens_None_2023_None_sikkemalisa_001_d10_1101_2022_03_10_483747VUHD103__rep0012,Activated myofibroblasts,0.5521366734255858
homosapiens_None_2023_None_sikkemalisa_001_d10_1101_2022_03_10_483747VUHD103__rep0013,Activated myofibroblasts,0.4771697751549604
homosapiens_None_2023_None_sikkemalisa_001_d10_1101_2022_03_10_483747VUHD103__rep0014,Activated myofibroblasts,0.510512469713196
homosapiens_None_2023_None_sikkemalisa_001_d10_1101_2022_03_10_483747VUHD85__rep0000,Activated myofibroblasts,0.4946387403698455
homosapiens_None_2023_None_sikkemalisa_001_d10_1101_2022_03_10_483747VUHD85__rep0001,Activated myofibroblasts,0.5149427028064246
homosapiens_None_2023_None_sikkemalisa_001_d10_1101_2022_03_10_483747VUHD85__rep0002,Activated myofibroblasts,0.493984426322961
homosapiens_None_2023_None_sikkemalisa_001_d10_1101_2022_03_10_483747VUHD85__rep0003,Activated myofibroblasts,0.5189787375696395
homosapiens_None_2023_None_sikkemalisa_001_d10_1101_2022_03_10_483747VUHD85__rep0004,Activated myofibroblasts,0.4880039377864393
homosapiens_None_2023_None_sikkemalisa_001_d10_1101_2022_03_10_483747VUHD85__rep0005,Activated myofibroblasts,0.5182423617510914
homosapiens_None_2023_None_sikkemalisa_001_d10_1101_2022_03_10_483747VUHD85__rep0006,Activated myofibroblasts,0.5155203811897293
homosapiens_None_2023_None_sikkemalisa_001_d10_1101_2022_03_10_483747VUHD85__rep0007,Activated myofibroblasts,0.515053663710327
homosapiens_None_2023_None_sikkemalisa_001_d10_1101_2022_03_10_483747VUHD85__rep0008,Activated myofibroblasts,0.4420691829026117
homosapiens_None_2023_None_sikkemalisa_001_d10_1101_2022_03_10_483747VUHD85__rep0009,Activated myofibroblasts,0.418717668255249
homosapiens_None_2023_None_sikkemalisa_001_d10_1101_2022_03_10_483747VUHD85__rep0011,Activated myofibroblasts,0.5242525668356224
homosapiens_None_2023_None_sikkemalisa_001_d10_1101_2022_03_10_483747VUHD85__rep0012,Activated myofibroblasts,0.4977137493277604
homosapiens_None_2023_None_sikkemalisa_001_d10_1101_2022_03_10_483747VUHD85__rep0013,Activated myofibroblasts,0.499453384131172
homosapiens_None_2023_None_sikkemalisa_001_d10_1101_2022_03_10_483747VUHD85__rep0014,Activated myofibroblasts,0.4912354821636253
homosapiens_None_2023_None_sikkemalisa_001_d10_1101_2022_03_10_483747THD0007__rep0000,Alveolar macrophages,0.5797227855099298
homosapiens_None_2023_None_sikkemalisa_001_d10_1101_2022_03_10_483747THD0007__rep0001,Alveolar macrophages,0.5736329264562036
homosapiens_None_2023_None_sikkemalisa_001_d10_1101_2022_03_10_483747THD0007__rep0002,Alveolar macrophages,0.5734831172920142
homosapiens_None_2023_None_sikkemalisa_001_d10_1101_2022_03_10_483747THD0007__rep0003,Alveolar macrophages,0.5802924814643874
homosapiens_None_2023_None_sikkemalisa_001_d10_1101_2022_03_10_483747THD0007__rep0004,Alveolar macrophages,0.5786436990371642
homosapiens_None_2023_None_sikkemalisa_001_d10_1101_2022_03_10_483747THD0007__rep0005,Alveolar macrophages,0.5837563997335236
homosapiens_None_2023_None_sikkemalisa_001_d10_1101_2022_03_10_483747THD0007__rep0006,Alveolar macrophages,0.584540026345257
homosapiens_None_2023_None_sikkemalisa_001_d10_1101_2022_03_10_483747THD0007__rep0007,Alveolar macrophages,0.5751171097583591
homosapiens_None_2023_None_sikkemalisa_001_d10_1101_2022_03_10_483747THD0007__rep0008,Alveolar macrophages,0.5745832159628875
homosapiens_None_2023_None_sikkemalisa_001_d10_1101_2022_03_10_483747THD0007__rep0009,Alveolar macrophages,0.5876738422536754
homosapiens_None_2023_None_sikkemalisa_001_d10_1101_2022_03_10_483747THD0007__rep0011,Alveolar macrophages,0.5481652893285743
homosapiens_None_2023_None_sikkemalisa_001_d10_1101_2022_03_10_483747THD0007__rep0012,Alveolar macrophages,0.5780561853053592
homosapiens_None_2023_None_sikkemalisa_001_d10_1101_2022_03_10_483747THD0007__rep0013,Alveolar macrophages,0.5947117825631933
homosapiens_None_2023_None_sikkemalisa_001_d10_1101_2022_03_10_483747THD0007__rep0014,Alveolar macrophages,0.397759255960426
homosapiens_None_2023_None_sikkemalisa_001_d10_1101_2022_03_10_483747THD0014__rep0000,Alveolar macrophages,0.6337319129890231
homosapiens_None_2023_None_sikkemalisa_001_d10_1101_2022_03_10_483747THD0014__rep0001,Alveolar macrophages,0.5981908372238564
homosapiens_None_2023_None_sikkemalisa_001_d10_1101_2022_03_10_483747THD0014__rep0002,Alveolar macrophages,0.6312448826108705
homosapiens_None_2023_None_sikkemalisa_001_d10_1101_2022_03_10_483747THD0014__rep0003,Alveolar macrophages,0.6268245037086284
homosapiens_None_2023_None_sikkemalisa_001_d10_1101_2022_03_10_483747THD0014__rep0005,Alveolar macrophages,0.6372870994621945
homosapiens_None_2023_None_sikkemalisa_001_d10_1101_2022_03_10_483747THD0014__rep0006,Alveolar macrophages,0.6399453194570347
homosapiens_None_2023_None_sikkemalisa_001_d10_1101_2022_03_10_483747THD0014__rep0007,Alveolar macrophages,0.6455606263992008
homosapiens_None_2023_None_sikkemalisa_001_d10_1101_2022_03_10_483747THD0014__rep0008,Alveolar macrophages,0.5152456502826204
homosapiens_None_2023_None_sikkemalisa_001_d10_1101_2022_03_10_483747THD0014__rep0009,Alveolar macrophages,0.650977704326563
homosapiens_None_2023_None_sikkemalisa_001_d10_1101_2022_03_10_483747THD0014__rep0010,Alveolar macrophages,0.6211814999327847
homosapiens_None_2023_None_sikkemalisa_001_d10_1101_2022_03_10_483747THD0014__rep0011,Alveolar macrophages,0.6283669403528064
homosapiens_None_2023_None_sikkemalisa_001_d10_1101_2022_03_10_483747THD0014__rep0012,Alveolar macrophages,0.6632819441174929
homosapiens_None_2023_None_sikkemalisa_001_d10_1101_2022_03_10_483747THD0014__rep0013,Alveolar macrophages,0.5669867445697963
homosapiens_None_2023_None_sikkemalisa_001_d10_1101_2022_03_10_483747THD0014__rep0014,Alveolar macrophages,0.6533944692819711
homosapiens_None_2023_None_sikkemalisa_001_d10_1101_2022_03_10_483747VUHD071__rep0000,Alveolar macrophages,0.5750864161101266
homosapiens_None_2023_None_sikkemalisa_001_d10_1101_2022_03_10_483747VUHD071__rep0001,Alveolar macrophages,0.560287293399926
homosapiens_None_2023_None_sikkemalisa_001_d10_1101_2022_03_10_483747VUHD071__rep0002,Alveolar macrophages,0.5475336496512199
homosapiens_None_2023_None_sikkemalisa_001_d10_1101_2022_03_10_483747VUHD071__rep0003,Alveolar macrophages,0.5969892093912554
homosapiens_None_2023_None_sikkemalisa_001_d10_1101_2022_03_10_483747VUHD071__rep0004,Alveolar macrophages,0.5948479641125731
homosapiens_None_2023_None_sikkemalisa_001_d10_1101_2022_03_10_483747VUHD071__rep0005,Alveolar macrophages,0.4918487367020821
homosapiens_None_2023_None_sikkemalisa_001_d10_1101_2022_03_10_483747VUHD071__rep0007,Alveolar macrophages,0.631067682177576
homosapiens_None_2023_None_sikkemalisa_001_d10_1101_2022_03_10_483747VUHD071__rep0008,Alveolar macrophages,0.3757396017105581
homosapiens_None_2023_None_sikkemalisa_001_d10_1101_2022_03_10_483747VUHD071__rep0009,Alveolar macrophages,0.6400577590479539
homosapiens_None_2023_None_sikkemalisa_001_d10_1101_2022_03_10_483747VUHD071__rep0010,Alveolar macrophages,0.5855954937860302
homosapiens_None_2023_None_sikkemalisa_001_d10_1101_2022_03_10_483747VUHD071__rep0011,Alveolar macrophages,0.6179051267382254
homosapiens_None_2023_None_sikkemalisa_001_d10_1101_2022_03_10_483747VUHD071__rep0012,Alveolar macrophages,0.6498850390076865
homosapiens_None_2023_None_sikkemalisa_001_d10_1101_2022_03_10_483747VUHD071__rep0013,Alveolar macrophages,0.6183210427183425
homosapiens_None_2023_None_sikkemalisa_001_d10_1101_2022_03_10_483747VUHD071__rep0014,Alveolar macrophages,0.6437379996019882
homosapiens_None_2023_None_sikkemalisa_001_d10_1101_2022_03_10_483747VUHD103__rep0000,Alveolar macrophages,0.6636015033200556
homosapiens_None_2023_None_sikkemalisa_001_d10_1101_2022_03_10_483747VUHD103__rep0001,Alveolar macrophages,0.6515460272298281
homosapiens_None_2023_None_sikkemalisa_001_d10_1101_2022_03_10_483747VUHD103__rep0002,Alveolar macrophages,0.6357842228632365
homosapiens_None_2023_None_sikkemalisa_001_d10_1101_2022_03_10_483747VUHD103__rep0003,Alveolar macrophages,0.6159402010603658
homosapiens_None_2023_None_sikkemalisa_001_d10_1101_2022_03_10_483747VUHD103__rep0004,Alveolar macrophages,0.6256169059418017
homosapiens_None_2023_None_sikkemalisa_001_d10_1101_2022_03_10_483747VUHD103__rep0005,Alveolar macrophages,0.6548084413735653
homosapiens_None_2023_None_sikkemalisa_001_d10_1101_2022_03_10_483747VUHD103__rep0006,Alveolar macrophages,0.6607974741901558
homosapiens_None_2023_None_sikkemalisa_001_d10_1101_2022_03_10_483747VUHD103__rep0007,Alveolar macrophages,0.6622782597726672
homosapiens_None_2023_None_sikkemalisa_001_d10_1101_2022_03_10_483747VUHD103__rep0008,Alveolar macrophages,0.6622309704739135
homosapiens_None_2023_None_sikkemalisa_001_d10_1101_2022_03_10_483747VUHD103__rep0009,Alveolar macrophages,0.6141515100522401
homosapiens_None_2023_None_sikkemalisa_001_d10_1101_2022_03_10_483747VUHD103__rep0010,Alveolar macrophages,0.6682042879217327
homosapiens_None_2023_None_sikkemalisa_001_d10_1101_2022_03_10_483747VUHD103__rep0011,Alveolar macrophages,0.5451611952757944
homosapiens_None_2023_None_sikkemalisa_001_d10_1101_2022_03_10_483747VUHD103__rep0013,Alveolar macrophages,0.6161163178548341
homosapiens_None_2023_None_sikkemalisa_001_d10_1101_2022_03_10_483747VUHD103__rep0014,Alveolar macrophages,0.5468567023769599
homosapiens_None_2023_None_sikkemalisa_001_d10_1101_2022_03_10_483747THD0007__rep0000,B cells,0.4526473649155029
homosapiens_None_2023_None_sikkemalisa_001_d10_1101_2022_03_10_483747THD0007__rep0001,B cells,0.4591676781762739
homosapiens_None_2023_None_sikkemalisa_001_d10_1101_2022_03_10_483747THD0007__rep0002,B cells,0.5048317024635846
homosapiens_None_2023_None_sikkemalisa_001_d10_1101_2022_03_10_483747THD0007__rep0003,B cells,0.4444014985251829
homosapiens_None_2023_None_sikkemalisa_001_d10_1101_2022_03_10_483747THD0007__rep0004,B cells,0.4744177570735129
homosapiens_None_2023_None_sikkemalisa_001_d10_1101_2022_03_10_483747THD0007__rep0005,B cells,0.4814673409894031
homosapiens_None_2023_None_sikkemalisa_001_d10_1101_2022_03_10_483747THD0007__rep0006,B cells,0.5027480327451558
homosapiens_None_2023_None_sikkemalisa_001_d10_1101_2022_03_10_483747THD0007__rep0007,B cells,0.4926515102645304
homosapiens_None_2023_None_sikkemalisa_001_d10_1101_2022_03_10_483747THD0007__rep0008,B cells,0.4573228403148006
homosapiens_None_2023_None_sikkemalisa_001_d10_1101_2022_03_10_483747THD0007__rep0009,B cells,0.4238266371623633
homosapiens_None_2023_None_sikkemalisa_001_d10_1101_2022_03_10_483747THD0007__rep0010,B cells,0.5010920856507928
homosapiens_None_2023_None_sikkemalisa_001_d10_1101_2022_03_10_483747THD0007__rep0012,B cells,0.210610662692798
homosapiens_None_2023_None_sikkemalisa_001_d10_1101_2022_03_10_483747THD0007__rep0013,B cells,0.4882317112492083
homosapiens_None_2023_None_sikkemalisa_001_d10_1101_2022_03_10_483747THD0007__rep0014,B cells,0.4926608537377914
homosapiens_None_2023_None_sikkemalisa_001_d10_1101_2022_03_10_483747VUHD071__rep0000,B cells,0.4681840145145078
homosapiens_None_2023_None_sikkemalisa_001_d10_1101_2022_03_10_483747VUHD071__rep0001,B cells,0.4613014840507025
homosapiens_None_2023_None_sikkemalisa_001_d10_1101_2022_03_10_483747VUHD071__rep0002,B cells,0.4335859513076886
homosapiens_None_2023_None_sikkemalisa_001_d10_1101_2022_03_10_483747VUHD071__rep0003,B cells,0.4626554345242491
homosapiens_None_2023_None_sikkemalisa_001_d10_1101_2022_03_10_483747VUHD071__rep0004,B cells,0.4705394541675167
homosapiens_None_2023_None_sikkemalisa_001_d10_1101_2022_03_10_483747VUHD071__rep0005,B cells,0.4651098635742158
homosapiens_None_2023_None_sikkemalisa_001_d10_1101_2022_03_10_483747VUHD071__rep0006,B cells,0.4598188356525461
homosapiens_None_2023_None_sikkemalisa_001_d10_1101_2022_03_10_483747VUHD071__rep0007,B cells,0.4675263271830571
homosapiens_None_2023_None_sikkemalisa_001_d10_1101_2022_03_10_483747VUHD071__rep0008,B cells,0.4721780087338451
homosapiens_None_2023_None_sikkemalisa_001_d10_1101_2022_03_10_483747VUHD071__rep0009,B cells,0.4918688497536431
homosapiens_None_2023_None_sikkemalisa_001_d10_1101_2022_03_10_483747VUHD071__rep0010,B cells,0.4750767405682988
homosapiens_None_2023_None_sikkemalisa_001_d10_1101_2022_03_10_483747VUHD071__rep0011,B cells,0.2807954592615375
homosapiens_None_2023_None_sikkemalisa_001_d10_1101_2022_03_10_483747VUHD071__rep0013,B cells,0.4834018874421817
homosapiens_None_2023_None_sikkemalisa_001_d10_1101_2022_03_10_483747VUHD071__rep0014,B cells,0.468234405150252
homosapiens_None_2023_None_sikkemalisa_001_d10_1101_2022_03_10_483747VUHD69__rep0000,B cells,0.6237412619543534
homosapiens_None_2023_None_sikkemalisa_001_d10_1101_2022_03_10_483747VUHD69__rep0001,B cells,0.6309835147705604
homosapiens_None_2023_None_sikkemalisa_001_d10_1101_2022_03_10_483747VUHD69__rep0002,B cells,0.4993732692071533
homosapiens_None_2023_None_sikkemalisa_001_d10_1101_2022_03_10_483747VUHD69__rep0003,B cells,0.6337435294468784
homosapiens_None_2023_None_sikkemalisa_001_d10_1101_2022_03_10_483747VUHD69__rep0004,B cells,0.6333344872237852
homosapiens_None_2023_None_sikkemalisa_001_d10_1101_2022_03_10_483747VUHD69__rep0005,B cells,0.5239569684697035
homosapiens_None_2023_None_sikkemalisa_001_d10_1101_2022_03_10_483747VUHD69__rep0006,B cells,0.599823292866313
homosapiens_None_2023_None_sikkemalisa_001_d10_1101_2022_03_10_483747VUHD69__rep0007,B cells,0.6212287651645971
homosapiens_None_2023_None_sikkemalisa_001_d10_1101_2022_03_10_483747VUHD69__rep0008,B cells,0.631282699144164
homosapiens_None_2023_None_sikkemalisa_001_d10_1101_2022_03_10_483747VUHD69__rep0009,B cells,0.6343542385579948
homosapiens_None_2023_None_sikkemalisa_001_d10_1101_2022_03_10_483747VUHD69__rep0010,B cells,0.5141424921924808
homosapiens_None_2023_None_sikkemalisa_001_d10_1101_2022_03_10_483747VUHD69__rep0011,B cells,0.6040662028132088
homosapiens_None_2023_None_sikkemalisa_001_d10_1101_2022_03_10_483747VUHD69__rep0012,B cells,0.4047254403676758
homosapiens_None_2023_None_sikkemalisa_001_d10_1101_2022_03_10_483747VUHD69__rep0013,B cells,0.6348993333095102
homosapiens_None_2023_None_sikkemalisa_001_d10_1101_2022_03_10_483747VUHD69__rep0014,B cells,0.6382368989427804
homosapiens_None_2023_None_sikkemalisa_001_d10_1101_2022_03_10_483747THD0007__rep0000,CD4 T cells,0.5910867665444556
homosapiens_None_2023_None_sikkemalisa_001_d10_1101_2022_03_10_483747THD0007__rep0001,CD4 T cells,0.5691697737290715
homosapiens_None_2023_None_sikkemalisa_001_d10_1101_2022_03_10_483747THD0007__rep0002,CD4 T cells,0.5443386907448224
homosapiens_None_2023_None_sikkemalisa_001_d10_1101_2022_03_10_483747THD0007__rep0003,CD4 T cells,0.5560914172697237
homosapiens_None_2023_None_sikkemalisa_001_d10_1101_2022_03_10_483747THD0007__rep0005,CD4 T cells,0.5772350094292688
homosapiens_None_2023_None_sikkemalisa_001_d10_1101_2022_03_10_483747THD0007__rep0006,CD4 T cells,0.5048784151174447
homosapiens_None_2023_None_sikkemalisa_001_d10_1101_2022_03_10_483747THD0007__rep0007,CD4 T cells,0.4450044384170527
homosapiens_None_2023_None_sikkemalisa_001_d10_1101_2022_03_10_483747THD0007__rep0008,CD4 T cells,0.5370433095372031
homosapiens_None_2023_None_sikkemalisa_001_d10_1101_2022_03_10_483747THD0007__rep0009,CD4 T cells,0.5775128851117036
homosapiens_None_2023_None_sikkemalisa_001_d10_1101_2022_03_10_483747THD0007__rep0010,CD4 T cells,0.5665946834804096
homosapiens_None_2023_None_sikkemalisa_001_d10_1101_2022_03_10_483747THD0007__rep0012,CD4 T cells,0.5527407133328601
homosapiens_None_2023_None_sikkemalisa_001_d10_1101_2022_03_10_483747THD0007__rep0013,CD4 T cells,0.4857779689263869
homosapiens_None_2023_None_sikkemalisa_001_d10_1101_2022_03_10_483747THD0007__rep0014,CD4 T cells,0.5725462077646902
homosapiens_None_2023_None_sikkemalisa_001_d10_1101_2022_03_10_483747VUHD071__rep0000,CD4 T cells,0.5827516782648418
homosapiens_None_2023_None_sikkemalisa_001_d10_1101_2022_03_10_483747VUHD071__rep0002,CD4 T cells,0.5073121130013543
homosapiens_None_2023_None_sikkemalisa_001_d10_1101_2022_03_10_483747VUHD071__rep0003,CD4 T cells,0.6116876780711443
homosapiens_None_2023_None_sikkemalisa_001_d10_1101_2022_03_10_483747VUHD071__rep0004,CD4 T cells,0.4863874212159837
homosapiens_None_2023_None_sikkemalisa_001_d10_1101_2022_03_10_483747VUHD071__rep0005,CD4 T cells,0.5359489791341633
homosapiens_None_2023_None_sikkemalisa_001_d10_1101_2022_03_10_483747VUHD071__rep0006,CD4 T cells,0.5821482201517127
homosapiens_None_2023_None_sikkemalisa_001_d10_1101_2022_03_10_483747VUHD071__rep0007,CD4 T cells,0.6142727118755509
homosapiens_None_2023_None_sikkemalisa_001_d10_1101_2022_03_10_483747VUHD071__rep0008,CD4 T cells,0.3444686914069559
homosapiens_None_2023_None_sikkemalisa_001_d10_1101_2022_03_10_483747VUHD071__rep0009,CD4 T cells,0.6095012200884998
homosapiens_None_2023_None_sikkemalisa_001_d10_1101_2022_03_10_483747VUHD071__rep0010,CD4 T cells,0.4818222140925208
homosapiens_None_2023_None_sikkemalisa_001_d10_1101_2022_03_10_483747VUHD071__rep0011,CD4 T cells,0.4131101518825999
homosapiens_None_2023_None_sikkemalisa_001_d10_1101_2022_03_10_483747VUHD071__rep0012,CD4 T cells,0.5996024037527841
homosapiens_None_2023_None_sikkemalisa_001_d10_1101_2022_03_10_483747VUHD071__rep0013,CD4 T cells,0.6435150459187812
homosapiens_None_2023_None_sikkemalisa_001_d10_1101_2022_03_10_483747VUHD071__rep0014,CD4 T cells,0.4705107653655989
homosapiens_None_2023_None_sikkemalisa_001_d10_1101_2022_03_10_483747VUHD077__rep0000,CD4 T cells,0.5703992342273759
homosapiens_None_2023_None_sikkemalisa_001_d10_1101_2022_03_10_483747VUHD077__rep0001,CD4 T cells,0.5973194466123019
homosapiens_None_2023_None_sikkemalisa_001_d10_1101_2022_03_10_483747VUHD077__rep0002,CD4 T cells,0.6148121364333524
homosapiens_None_2023_None_sikkemalisa_001_d10_1101_2022_03_10_483747VUHD077__rep0003,CD4 T cells,0.2778372409658698
homosapiens_None_2023_None_sikkemalisa_001_d10_1101_2022_03_10_483747VUHD077__rep0004,CD4 T cells,0.4404991232597173
homosapiens_None_2023_None_sikkemalisa_001_d10_1101_2022_03_10_483747VUHD077__rep0005,CD4 T cells,0.5251577109804156
homosapiens_None_2023_None_sikkemalisa_001_d10_1101_2022_03_10_483747VUHD077__rep0006,CD4 T cells,0.438939811789644
homosapiens_None_2023_None_sikkemalisa_001_d10_1101_2022_03_10_483747VUHD077__rep0007,CD4 T cells,0.5906311550599629
homosapiens_None_2023_None_sikkemalisa_001_d10_1101_2022_03_10_483747VUHD077__rep0008,CD4 T cells,0.6071662937058202
homosapiens_None_2023_None_sikkemalisa_001_d10_1101_2022_03_10_483747VUHD077__rep0009,CD4 T cells,0.6011842618398289
homosapiens_None_2023_None_sikkemalisa_001_d10_1101_2022_03_10_483747VUHD077__rep0010,CD4 T cells,0.6063113332768186
homosapiens_None_2023_None_sikkemalisa_001_d10_1101_2022_03_10_483747VUHD077__rep0011,CD4 T cells,0.4614110887451002
homosapiens_None_2023_None_sikkemalisa_001_d10_1101_2022_03_10_483747VUHD077__rep0012,CD4 T cells,0.6013493146128163
homosapiens_None_2023_None_sikkemalisa_001_d10_1101_2022_03_10_483747VUHD077__rep0013,CD4 T cells,0.2791059295523626
homosapiens_None_2023_None_sikkemalisa_001_d10_1101_2022_03_10_483747VUHD077__rep0014,CD4 T cells,0.5943440365229443
homosapiens_None_2023_None_sikkemalisa_001_d10_1101_2022_03_10_483747VUHD103__rep0000,CD4 T cells,0.5017135573414981
homosapiens_None_2023_None_sikkemalisa_001_d10_1101_2022_03_10_483747VUHD103__rep0001,CD4 T cells,0.569762423791396
homosapiens_None_2023_None_sikkemalisa_001_d10_1101_2022_03_10_483747VUHD103__rep0002,CD4 T cells,0.5516002165443908
homosapiens_None_2023_None_sikkemalisa_001_d10_1101_2022_03_10_483747VUHD103__rep0003,CD4 T cells,0.5748630118894176
homosapiens_None_2023_None_sikkemalisa_001_d10_1101_2022_03_10_483747VUHD103__rep0004,CD4 T cells,0.5302249641305654
homosapiens_None_2023_None_sikkemalisa_001_d10_1101_2022_03_10_483747VUHD103__rep0005,CD4 T cells,0.5371676013740376
homosapiens_None_2023_None_sikkemalisa_001_d10_1101_2022_03_10_483747VUHD103__rep0007,CD4 T cells,0.458974356958482
homosapiens_None_2023_None_sikkemalisa_001_d10_1101_2022_03_10_483747VUHD103__rep0008,CD4 T cells,0.5736170283224049
homosapiens_None_2023_None_sikkemalisa_001_d10_1101_2022_03_10_483747VUHD103__rep0009,CD4 T cells,0.3197119281203497
homosapiens_None_2023_None_sikkemalisa_001_d10_1101_2022_03_10_483747VUHD103__rep0010,CD4 T cells,0.3280140936728261
homosapiens_None_2023_None_sikkemalisa_001_d10_1101_2022_03_10_483747VUHD103__rep0011,CD4 T cells,0.5721338704559839
homosapiens_None_2023_None_sikkemalisa_001_d10_1101_2022_03_10_483747VUHD103__rep0013,CD4 T cells,0.3770471670789028
homosapiens_None_2023_None_sikkemalisa_001_d10_1101_2022_03_10_483747VUHD69__rep0000,CD4 T cells,0.6774833138661588
homosapiens_None_2023_None_sikkemalisa_001_d10_1101_2022_03_10_483747VUHD69__rep0001,CD4 T cells,0.5525245695667457
homosapiens_None_2023_None_sikkemalisa_001_d10_1101_2022_03_10_483747VUHD69__rep0002,CD4 T cells,0.6858259949238692
homosapiens_None_2023_None_sikkemalisa_001_d10_1101_2022_03_10_483747VUHD69__rep0003,CD4 T cells,0.5680792218218154
homosapiens_None_2023_None_sikkemalisa_001_d10_1101_2022_03_10_483747VUHD69__rep0004,CD4 T cells,0.5009235268026135
homosapiens_None_2023_None_sikkemalisa_001_d10_1101_2022_03_10_483747VUHD69__rep0005,CD4 T cells,0.678612831724737
homosapiens_None_2023_None_sikkemalisa_001_d10_1101_2022_03_10_483747VUHD69__rep0006,CD4 T cells,0.5793819052130655
homosapiens_None_2023_None_sikkemalisa_001_d10_1101_2022_03_10_483747VUHD69__rep0007,CD4 T cells,0.6792249497443946
homosapiens_None_2023_None_sikkemalisa_001_d10_1101_2022_03_10_483747VUHD69__rep0008,CD4 T cells,0.579754134325051
homosapiens_None_2023_None_sikkemalisa_001_d10_1101_2022_03_10_483747VUHD69__rep0009,CD4 T cells,0.6830282850298306
homosapiens_None_2023_None_sikkemalisa_001_d10_1101_2022_03_10_483747VUHD69__rep0010,CD4 T cells,0.6444864515739656
homosapiens_None_2023_None_sikkemalisa_001_d10_1101_2022_03_10_483747VUHD69__rep0012,CD4 T cells,0.6916580027182274
homosapiens_None_2023_None_sikkemalisa_001_d10_1101_2022_03_10_483747VUHD69__rep0013,CD4 T cells,0.6843744669324543
homosapiens_None_2023_None_sikkemalisa_001_d10_1101_2022_03_10_483747VUHD69__rep0014,CD4 T cells,0.6102000718330158
homosapiens_None_2023_None_sikkemalisa_001_d10_1101_2022_03_10_483747VUHD85__rep0000,CD4 T cells,0.4985574097760016
homosapiens_None_2023_None_sikkemalisa_001_d10_1101_2022_03_10_483747VUHD85__rep0001,CD4 T cells,0.6482889214993534
homosapiens_None_2023_None_sikkemalisa_001_d10_1101_2022_03_10_483747VUHD85__rep0002,CD4 T cells,0.6492090538447155
homosapiens_None_2023_None_sikkemalisa_001_d10_1101_2022_03_10_483747VUHD85__rep0003,CD4 T cells,0.6310024739450872
homosapiens_None_2023_None_sikkemalisa_001_d10_1101_2022_03_10_483747VUHD85__rep0004,CD4 T cells,0.646677052144602
homosapiens_None_2023_None_sikkemalisa_001_d10_1101_2022_03_10_483747VUHD85__rep0005,CD4 T cells,0.3910418121860396
homosapiens_None_2023_None_sikkemalisa_001_d10_1101_2022_03_10_483747VUHD85__rep0006,CD4 T cells,0.651132786157695
homosapiens_None_2023_None_sikkemalisa_001_d10_1101_2022_03_10_483747VUHD85__rep0007,CD4 T cells,0.6433809183048559
homosapiens_None_2023_None_sikkemalisa_001_d10_1101_2022_03_10_483747VUHD85__rep0008,CD4 T cells,0.6451976400981162
homosapiens_None_2023_None_sikkemalisa_001_d10_1101_2022_03_10_483747VUHD85__rep0009,CD4 T cells,0.611850383707688
homosapiens_None_2023_None_sikkemalisa_001_d10_1101_2022_03_10_483747VUHD85__rep0010,CD4 T cells,0.6213603690549876
homosapiens_None_2023_None_sikkemalisa_001_d10_1101_2022_03_10_483747VUHD85__rep0011,CD4 T cells,0.5834023925804045
homosapiens_None_2023_None_sikkemalisa_001_d10_1101_2022_03_10_483747VUHD85__rep0012,CD4 T cells,0.5639652488225726
homosapiens_None_2023_None_sikkemalisa_001_d10_1101_2022_03_10_483747VUHD85__rep0013,CD4 T cells,0.5199597402938614
homosapiens_None_2023_None_sikkemalisa_001_d10_1101_2022_03_10_483747VUHD85__rep0014,CD4 T cells,0.6162569056112832
homosapiens_None_2023_None_sikkemalisa_001_d10_1101_2022_03_10_483747THD0007__rep0000,Classical monocytes,0.5020691485693148
homosapiens_None_2023_None_sikkemalisa_001_d10_1101_2022_03_10_483747THD0007__rep0001,Classical monocytes,0.5383860280606384
homosapiens_None_2023_None_sikkemalisa_001_d10_1101_2022_03_10_483747THD0007__rep0002,Classical monocytes,0.520719259089722
homosapiens_None_2023_None_sikkemalisa_001_d10_1101_2022_03_10_483747THD0007__rep0004,Classical monocytes,0.531034861607078
homosapiens_None_2023_None_sikkemalisa_001_d10_1101_2022_03_10_483747THD0007__rep0005,Classical monocytes,0.5523491274384126
homosapiens_None_2023_None_sikkemalisa_001_d10_1101_2022_03_10_483747THD0007__rep0006,Classical monocytes,0.5627745488705226
homosapiens_None_2023_None_sikkemalisa_001_d10_1101_2022_03_10_483747THD0007__rep0007,Classical monocytes,0.53995590858737
homosapiens_None_2023_None_sikkemalisa_001_d10_1101_2022_03_10_483747THD0007__rep0008,Classical monocytes,0.5577516330106885
homosapiens_None_2023_None_sikkemalisa_001_d10_1101_2022_03_10_483747THD0007__rep0009,Classical monocytes,0.5201181212976556
homosapiens_None_2023_None_sikkemalisa_001_d10_1101_2022_03_10_483747THD0007__rep0010,Classical monocytes,0.5689273100794114
homosapiens_None_2023_None_sikkemalisa_001_d10_1101_2022_03_10_483747THD0007__rep0011,Classical monocytes,0.582095186187131
homosapiens_None_2023_None_sikkemalisa_001_d10_1101_2022_03_10_483747THD0007__rep0013,Classical monocytes,0.5845370547455353
homosapiens_None_2023_None_sikkemalisa_001_d10_1101_2022_03_10_483747THD0007__rep0014,Classical monocytes,0.5884718887589583
homosapiens_None_2023_None_sikkemalisa_001_d10_1101_2022_03_10_483747THD0014__rep0000,Classical monocytes,0.5585671922979351
homosapiens_None_2023_None_sikkemalisa_001_d10_1101_2022_03_10_483747THD0014__rep0001,Classical monocytes,0.3966677425690552
homosapiens_None_2023_None_sikkemalisa_001_d10_1101_2022_03_10_483747THD0014__rep0002,Classical monocytes,0.5105239586669755
homosapiens_None_2023_None_sikkemalisa_001_d10_1101_2022_03_10_483747THD0014__rep0003,Classical monocytes,0.6100223019113028
homosapiens_None_2023_None_sikkemalisa_001_d10_1101_2022_03_10_483747THD0014__rep0004,Classical monocytes,0.6514206212926131
homosapiens_None_2023_None_sikkemalisa_001_d10_1101_2022_03_10_483747THD0014__rep0005,Classical monocytes,0.6354767660212264
homosapiens_None_2023_None_sikkemalisa_001_d10_1101_2022_03_10_483747THD0014__rep0006,Classical monocytes,0.6298321168256845
homosapiens_None_2023_None_sikkemalisa_001_d10_1101_2022_03_10_483747THD0014__rep0009,Classical monocytes,0.6200246177452523
homosapiens_None_2023_None_sikkemalisa_001_d10_1101_2022_03_10_483747THD0014__rep0010,Classical monocytes,0.6480684977104494
homosapiens_None_2023_None_sikkemalisa_001_d10_1101_2022_03_10_483747THD0014__rep0011,Classical monocytes,0.6523263452769483
homosapiens_None_2023_None_sikkemalisa_001_d10_1101_2022_03_10_483747THD0014__rep0013,Classical monocytes,0.6105893330782136
homosapiens_None_2023_None_sikkemalisa_001_d10_1101_2022_03_10_483747THD0014__rep0014,Classical monocytes,0.6344010821004433
homosapiens_None_2023_None_sikkemalisa_001_d10_1101_2022_03_10_483747VUHD071__rep0000,Classical monocytes,0.4468573815753192
homosapiens_None_2023_None_sikkemalisa_001_d10_1101_2022_03_10_483747VUHD071__rep0001,Classical monocytes,0.4736323414621065
homosapiens_None_2023_None_sikkemalisa_001_d10_1101_2022_03_10_483747VUHD071__rep0002,Classical monocytes,0.5685595930950814
homosapiens_None_2023_None_sikkemalisa_001_d10_1101_2022_03_10_483747VUHD071__rep0003,Classical monocytes,0.5717759795553561
homosapiens_None_2023_None_sikkemalisa_001_d10_1101_2022_03_10_483747VUHD071__rep0006,Classical monocytes,0.5943576551502034
homosapiens_None_2023_None_sikkemalisa_001_d10_1101_2022_03_10_483747VUHD071__rep0007,Classical monocytes,0.5198639467588202
homosapiens_None_2023_None_sikkemalisa_001_d10_1101_2022_03_10_483747VUHD071__rep0009,Classical monocytes,0.4652608884590187
homosapiens_None_2023_None_sikkemalisa_001_d10_1101_2022_03_10_483747VUHD071__rep0010,Classical monocytes,0.5842870719021178
homosapiens_None_2023_None_sikkemalisa_001_d10_1101_2022_03_10_483747VUHD071__rep0011,Classical monocytes,0.3729241945282232
homosapiens_None_2023_None_sikkemalisa_001_d10_1101_2022_03_10_483747VUHD071__rep0012,Classical monocytes,0.5965996063795758
homosapiens_None_2023_None_sikkemalisa_001_d10_1101_2022_03_10_483747VUHD071__rep0013,Classical monocytes,0.4790803282595148
homosapiens_None_2023_None_sikkemalisa_001_d10_1101_2022_03_10_483747VUHD071__rep0014,Classical monocytes,0.6313630488275779
homosapiens_None_2023_None_sikkemalisa_001_d10_1101_2022_03_10_483747VUHD077__rep0000,Classical monocytes,0.6106333459050364
homosapiens_None_2023_None_sikkemalisa_001_d10_1101_2022_03_10_483747VUHD077__rep0001,Classical monocytes,0.6169112531599252
homosapiens_None_2023_None_sikkemalisa_001_d10_1101_2022_03_10_483747VUHD077__rep0002,Classical monocytes,0.606109023566208
homosapiens_None_2023_None_sikkemalisa_001_d10_1101_2022_03_10_483747VUHD077__rep0003,Classical monocytes,0.6157189685590609
homosapiens_None_2023_None_sikkemalisa_001_d10_1101_2022_03_10_483747VUHD077__rep0004,Classical monocytes,0.527414755328045
homosapiens_None_2023_None_sikkemalisa_001_d10_1101_2022_03_10_483747VUHD077__rep0005,Classical monocytes,0.6341529019116672
homosapiens_None_2023_None_sikkemalisa_001_d10_1101_2022_03_10_483747VUHD077__rep0006,Classical monocytes,0.2903083895045561
homosapiens_None_2023_None_sikkemalisa_001_d10_1101_2022_03_10_483747VUHD077__rep0007,Classical monocytes,0.5304079686926975
homosapiens_None_2023_None_sikkemalisa_001_d10_1101_2022_03_10_483747VUHD077__rep0008,Classical monocytes,0.3208813935543742
homosapiens_None_2023_None_sikkemalisa_001_d10_1101_2022_03_10_483747VUHD077__rep0009,Classical monocytes,0.6466571706807813
homosapiens_None_2023_None_sikkemalisa_001_d10_1101_2022_03_10_483747VUHD077__rep0010,Classical monocytes,0.663525049556649
homosapiens_None_2023_None_sikkemalisa_001_d10_1101_2022_03_10_483747VUHD077__rep0011,Classical monocytes,0.6195082759482265
homosapiens_None_2023_None_sikkemalisa_001_d10_1101_2022_03_10_483747VUHD077__rep0012,Classical monocytes,0.6684769332398202
homosapiens_None_2023_None_sikkemalisa_001_d10_1101_2022_03_10_483747VUHD077__rep0013,Classical monocytes,0.5719777334074311
homosapiens_None_2023_None_sikkemalisa_001_d10_1101_2022_03_10_483747VUHD077__rep0014,Classical monocytes,0.3194431730435102
homosapiens_None_2023_None_sikkemalisa_001_d10_1101_2022_03_10_483747VUHD103__rep0000,Classical monocytes,0.6420751950208554
homosapiens_None_2023_None_sikkemalisa_001_d10_1101_2022_03_10_483747VUHD103__rep0001,Classical monocytes,0.3773311874219703
homosapiens_None_2023_None_sikkemalisa_001_d10_1101_2022_03_10_483747VUHD103__rep0002,Classical monocytes,0.5703758232419165
homosapiens_None_2023_None_sikkemalisa_001_d10_1101_2022_03_10_483747VUHD103__rep0004,Classical monocytes,0.631583476361095
homosapiens_None_2023_None_sikkemalisa_001_d10_1101_2022_03_10_483747VUHD103__rep0005,Classical monocytes,0.5726641741293516
homosapiens_None_2023_None_sikkemalisa_001_d10_1101_2022_03_10_483747VUHD103__rep0006,Classical monocytes,0.4934251021465846
homosapiens_None_2023_None_sikkemalisa_001_d10_1101_2022_03_10_483747VUHD103__rep0008,Classical monocytes,0.6557907514436379
homosapiens_None_2023_None_sikkemalisa_001_d10_1101_2022_03_10_483747VUHD103__rep0009,Classical monocytes,0.6107727215114576
homosapiens_None_2023_None_sikkemalisa_001_d10_1101_2022_03_10_483747VUHD103__rep0010,Classical monocytes,0.5954707411833696
homosapiens_None_2023_None_sikkemalisa_001_d10_1101_2022_03_10_483747VUHD103__rep0011,Classical monocytes,0.6062651117059453
homosapiens_None_2023_None_sikkemalisa_001_d10_1101_2022_03_10_483747VUHD103__rep0012,Classical monocytes,0.5779651009525998
homosapiens_None_2023_None_sikkemalisa_001_d10_1101_2022_03_10_483747VUHD103__rep0013,Classical monocytes,0.6341877988292105
homosapiens_None_2023_None_sikkemalisa_001_d10_1101_2022_03_10_483747VUHD103__rep0014,Classical monocytes,0.5533014834620467
homosapiens_None_2023_None_sikkemalisa_001_d10_1101_2022_03_10_483747VUHD69__rep0000,Classical monocytes,0.5628187375709275
homosapiens_None_2023_None_sikkemalisa_001_d10_1101_2022_03_10_483747VUHD69__rep0001,Classical monocytes,0.6205231265803142
homosapiens_None_2023_None_sikkemalisa_001_d10_1101_2022_03_10_483747VUHD69__rep0002,Classical monocytes,0.6095153162519501
homosapiens_None_2023_None_sikkemalisa_001_d10_1101_2022_03_10_483747VUHD69__rep0004,Classical monocytes,0.532698108922935
homosapiens_None_2023_None_sikkemalisa_001_d10_1101_2022_03_10_483747VUHD69__rep0005,Classical monocytes,0.5429626437871882
homosapiens_None_2023_None_sikkemalisa_001_d10_1101_2022_03_10_483747VUHD69__rep0006,Classical monocytes,0.6166393514276465
homosapiens_None_2023_None_sikkemalisa_001_d10_1101_2022_03_10_483747VUHD69__rep0007,Classical monocytes,0.3935599513785554
homosapiens_None_2023_None_sikkemalisa_001_d10_1101_2022_03_10_483747VUHD69__rep0008,Classical monocytes,0.4978855073325429
homosapiens_None_2023_None_sikkemalisa_001_d10_1101_2022_03_10_483747VUHD69__rep0009,Classical monocytes,0.6184683653688632
homosapiens_None_2023_None_sikkemalisa_001_d10_1101_2022_03_10_483747VUHD69__rep0011,Classical monocytes,0.4068437102096653
homosapiens_None_2023_None_sikkemalisa_001_d10_1101_2022_03_10_483747VUHD69__rep0012,Classical monocytes,0.5913371045700623
homosapiens_None_2023_None_sikkemalisa_001_d10_1101_2022_03_10_483747VUHD69__rep0013,Classical monocytes,0.6226271896894016
homosapiens_None_2023_None_sikkemalisa_001_d10_1101_2022_03_10_483747VUHD69__rep0014,Classical monocytes,0.6270842803852491
homosapiens_None_2023_None_sikkemalisa_001_d10_1101_2022_03_10_483747VUHD85__rep0000,Classical monocytes,0.5487446628978324
homosapiens_None_2023_None_sikkemalisa_001_d10_1101_2022_03_10_483747VUHD85__rep0001,Classical monocytes,0.6245503038639335
homosapiens_None_2023_None_sikkemalisa_001_d10_1101_2022_03_10_483747VUHD85__rep0002,Classical monocytes,0.495022591949681
homosapiens_None_2023_None_sikkemalisa_001_d10_1101_2022_03_10_483747VUHD85__rep0004,Classical monocytes,0.6371346448895557
homosapiens_None_2023_None_sikkemalisa_001_d10_1101_2022_03_10_483747VUHD85__rep0005,Classical monocytes,0.6720762699766404
homosapiens_None_2023_None_sikkemalisa_001_d10_1101_2022_03_10_483747VUHD85__rep0006,Classical monocytes,0.6897053612065441
homosapiens_None_2023_None_sikkemalisa_001_d10_1101_2022_03_10_483747VUHD85__rep0007,Classical monocytes,0.6262460240564792
homosapiens_None_2023_None_sikkemalisa_001_d10_1101_2022_03_10_483747VUHD85__rep0008,Classical monocytes,0.6819839604917778
homosapiens_None_2023_None_sikkemalisa_001_d10_1101_2022_03_10_483747VUHD85__rep0009,Classical monocytes,0.7009797213948832
homosapiens_None_2023_None_sikkemalisa_001_d10_1101_2022_03_10_483747VUHD85__rep0010,Classical monocytes,0.4622164184181974
homosapiens_None_2023_None_sikkemalisa_001_d10_1101_2022_03_10_483747VUHD85__rep0011,Classical monocytes,0.6877764059259022
homosapiens_None_2023_None_sikkemalisa_001_d10_1101_2022_03_10_483747VUHD85__rep0012,Classical monocytes,0.6960081306930395
homosapiens_None_2023_None_sikkemalisa_001_d10_1101_2022_03_10_483747VUHD85__rep0013,Classical monocytes,0.7008824954426853
homosapiens_None_2023_None_sikkemalisa_001_d10_1101_2022_03_10_483747VUHD85__rep0014,Classical monocytes,0.6943157737769444
homosapiens_None_2023_None_sikkemalisa_001_d10_1101_2022_03_10_483747THD0007__rep0000,Club,0.4083212001521886
homosapiens_None_2023_None_sikkemalisa_001_d10_1101_2022_03_10_483747THD0007__rep0001,Club,0.2714652937460304
homosapiens_None_2023_None_sikkemalisa_001_d10_1101_2022_03_10_483747THD0007__rep0002,Club,0.3018607868729811
homosapiens_None_2023_None_sikkemalisa_001_d10_1101_2022_03_10_483747THD0007__rep0003,Club,0.3721055955494403
homosapiens_None_2023_None_sikkemalisa_001_d10_1101_2022_03_10_483747THD0007__rep0004,Club,0.1842861177882099
homosapiens_None_2023_None_sikkemalisa_001_d10_1101_2022_03_10_483747THD0007__rep0005,Club,0.2369104020937797
homosapiens_None_2023_None_sikkemalisa_001_d10_1101_2022_03_10_483747THD0007__rep0006,Club,0.3506044402099705
homosapiens_None_2023_None_sikkemalisa_001_d10_1101_2022_03_10_483747THD0007__rep0007,Club,0.3489954956094602
homosapiens_None_2023_None_sikkemalisa_001_d10_1101_2022_03_10_483747THD0007__rep0009,Club,0.36541522690879
homosapiens_None_2023_None_sikkemalisa_001_d10_1101_2022_03_10_483747THD0007__rep0010,Club,0.2898110183446015
homosapiens_None_2023_None_sikkemalisa_001_d10_1101_2022_03_10_483747THD0007__rep0011,Club,0.2885193571181518
homosapiens_None_2023_None_sikkemalisa_001_d10_1101_2022_03_10_483747THD0007__rep0012,Club,0.4236893249572961
homosapiens_None_2023_None_sikkemalisa_001_d10_1101_2022_03_10_483747THD0007__rep0014,Club,0.4024047158913755
homosapiens_None_2023_None_sikkemalisa_001_d10_1101_2022_03_10_483747THD0014__rep0000,Club,0.3631965247208905
homosapiens_None_2023_None_sikkemalisa_001_d10_1101_2022_03_10_483747THD0014__rep0001,Club,0.4060477397869287
homosapiens_None_2023_None_sikkemalisa_001_d10_1101_2022_03_10_483747THD0014__rep0002,Club,0.4366900693067158
homosapiens_None_2023_None_sikkemalisa_001_d10_1101_2022_03_10_483747THD0014__rep0003,Club,0.4183825660246536
homosapiens_None_2023_None_sikkemalisa_001_d10_1101_2022_03_10_483747THD0014__rep0005,Club,0.3815390964248795
homosapiens_None_2023_None_sikkemalisa_001_d10_1101_2022_03_10_483747THD0014__rep0006,Club,0.3688245010831452
homosapiens_None_2023_None_sikkemalisa_001_d10_1101_2022_03_10_483747THD0014__rep0007,Club,0.4262416062160844
homosapiens_None_2023_None_sikkemalisa_001_d10_1101_2022_03_10_483747THD0014__rep0008,Club,0.3551857441036059
homosapiens_None_2023_None_sikkemalisa_001_d10_1101_2022_03_10_483747THD0014__rep0009,Club,0.3785452497526899
homosapiens_None_2023_None_sikkemalisa_001_d10_1101_2022_03_10_483747THD0014__rep0010,Club,0.4468362559499174
homosapiens_None_2023_None_sikkemalisa_001_d10_1101_2022_03_10_483747THD0014__rep0011,Club,0.3207247577702926
homosapiens_None_2023_None_sikkemalisa_001_d10_1101_2022_03_10_483747THD0014__rep0012,Club,0.4617788930419312
homosapiens_None_2023_None_sikkemalisa_001_d10_1101_2022_03_10_483747THD0014__rep0013,Club,0.4122122709444143
homosapiens_None_2023_None_sikkemalisa_001_d10_1101_2022_03_10_483747THD0014__rep0014,Club,0.4261204051664555
homosapiens_None_2023_None_sikkemalisa_001_d10_1101_2022_03_10_483747VUHD071__rep0000,Club,0.2881646317819141
homosapiens_None_2023_None_sikkemalisa_001_d10_1101_2022_03_10_483747VUHD071__rep0002,Club,0.3948531343455843
homosapiens_None_2023_None_sikkemalisa_001_d10_1101_2022_03_10_483747VUHD071__rep0003,Club,0.3753009057616464
homosapiens_None_2023_None_sikkemalisa_001_d10_1101_2022_03_10_483747VUHD071__rep0004,Club,0.4184100594741698
homosapiens_None_2023_None_sikkemalisa_001_d10_1101_2022_03_10_483747VUHD071__rep0005,Club,0.4143156973922524
homosapiens_None_2023_None_sikkemalisa_001_d10_1101_2022_03_10_483747VUHD071__rep0006,Club,0.3661469412444468
homosapiens_None_2023_None_sikkemalisa_001_d10_1101_2022_03_10_483747VUHD071__rep0007,Club,0.3504844490185184
homosapiens_None_2023_None_sikkemalisa_001_d10_1101_2022_03_10_483747VUHD071__rep0008,Club,0.3953320147093904
homosapiens_None_2023_None_sikkemalisa_001_d10_1101_2022_03_10_483747VUHD071__rep0009,Club,0.4280463295447723
homosapiens_None_2023_None_sikkemalisa_001_d10_1101_2022_03_10_483747VUHD071__rep0010,Club,0.3940463550050331
homosapiens_None_2023_None_sikkemalisa_001_d10_1101_2022_03_10_483747VUHD071__rep0011,Club,0.410507574883689
homosapiens_None_2023_None_sikkemalisa_001_d10_1101_2022_03_10_483747VUHD071__rep0012,Club,0.4348820739049401
homosapiens_None_2023_None_sikkemalisa_001_d10_1101_2022_03_10_483747VUHD071__rep0013,Club,0.4260988980622948
homosapiens_None_2023_None_sikkemalisa_001_d10_1101_2022_03_10_483747VUHD071__rep0014,Club,0.4352910554337275
homosapiens_None_2023_None_sikkemalisa_001_d10_1101_2022_03_10_483747VUHD103__rep0000,Club,0.3053827258985421
homosapiens_None_2023_None_sikkemalisa_001_d10_1101_2022_03_10_483747VUHD103__rep0001,Club,0.3672634915489262
homosapiens_None_2023_None_sikkemalisa_001_d10_1101_2022_03_10_483747VUHD103__rep0002,Club,0.4142127824128776
homosapiens_None_2023_None_sikkemalisa_001_d10_1101_2022_03_10_483747VUHD103__rep0003,Club,0.2648074793434124
homosapiens_None_2023_None_sikkemalisa_001_d10_1101_2022_03_10_483747VUHD103__rep0004,Club,0.3838371060653136
homosapiens_None_2023_None_sikkemalisa_001_d10_1101_2022_03_10_483747VUHD103__rep0005,Club,0.4275551269161643
homosapiens_None_2023_None_sikkemalisa_001_d10_1101_2022_03_10_483747VUHD103__rep0006,Club,0.3250405744256129
homosapiens_None_2023_None_sikkemalisa_001_d10_1101_2022_03_10_483747VUHD103__rep0007,Club,0.3948201581308395
homosapiens_None_2023_None_sikkemalisa_001_d10_1101_2022_03_10_483747VUHD103__rep0008,Club,0.4099018174712198
homosapiens_None_2023_None_sikkemalisa_001_d10_1101_2022_03_10_483747VUHD103__rep0009,Club,0.422409810323112
homosapiens_None_2023_None_sikkemalisa_001_d10_1101_2022_03_10_483747VUHD103__rep0011,Club,0.3810454609572929
homosapiens_None_2023_None_sikkemalisa_001_d10_1101_2022_03_10_483747VUHD103__rep0013,Club,0.37591412592921
homosapiens_None_2023_None_sikkemalisa_001_d10_1101_2022_03_10_483747VUHD103__rep0014,Club,0.3561056265269427
homosapiens_None_2023_None_sikkemalisa_001_d10_1101_2022_03_10_483747VUHD85__rep0001,Club,0.4259421149897883
homosapiens_None_2023_None_sikkemalisa_001_d10_1101_2022_03_10_483747VUHD85__rep0002,Club,0.4157553759040374
homosapiens_None_2023_None_sikkemalisa_001_d10_1101_2022_03_10_483747VUHD85__rep0004,Club,0.3369282607703168
homosapiens_None_2023_None_sikkemalisa_001_d10_1101_2022_03_10_483747VUHD85__rep0006,Club,0.4300469825427127
homosapiens_None_2023_None_sikkemalisa_001_d10_1101_2022_03_10_483747VUHD85__rep0007,Club,0.4143658196745701
homosapiens_None_2023_None_sikkemalisa_001_d10_1101_2022_03_10_483747VUHD85__rep0008,Club,0.428116371258242
homosapiens_None_2023_None_sikkemalisa_001_d10_1101_2022_03_10_483747VUHD85__rep0009,Club,0.4384290065563785
homosapiens_None_2023_None_sikkemalisa_001_d10_1101_2022_03_10_483747VUHD85__rep0010,Club,0.4365778673753008
homosapiens_None_2023_None_sikkemalisa_001_d10_1101_2022_03_10_483747VUHD85__rep0011,Club,0.4384459641122907
homosapiens_None_2023_None_sikkemalisa_001_d10_1101_2022_03_10_483747VUHD85__rep0012,Club,0.4312783035777035
homosapiens_None_2023_None_sikkemalisa_001_d10_1101_2022_03_10_483747VUHD85__rep0013,Club,0.3937159721422322
homosapiens_None_2023_None_sikkemalisa_001_d10_1101_2022_03_10_483747VUHD85__rep0014,Club,0.4359401822908738
homosapiens_None_2023_None_sikkemalisa_001_d10_1101_2022_03_10_483747THD0007__rep0000,DC monocyte,-0.0341503265184103
homosapiens_None_2023_None_sikkemalisa_001_d10_1101_2022_03_10_483747THD0007__rep0001,DC monocyte,-0.0367081331659695
homosapiens_None_2023_None_sikkemalisa_001_d10_1101_2022_03_10_483747THD0007__rep0002,DC monocyte,-0.0340939212360712
homosapiens_None_2023_None_sikkemalisa_001_d10_1101_2022_03_10_483747THD0007__rep0004,DC monocyte,-0.0294259973283265
homosapiens_None_2023_None_sikkemalisa_001_d10_1101_2022_03_10_483747THD0007__rep0005,DC monocyte,-0.0223715426115847
homosapiens_None_2023_None_sikkemalisa_001_d10_1101_2022_03_10_483747THD0007__rep0006,DC monocyte,-0.0281895287858851
homosapiens_None_2023_None_sikkemalisa_001_d10_1101_2022_03_10_483747THD0007__rep0008,DC monocyte,-0.0261439786499953
homosapiens_None_2023_None_sikkemalisa_001_d10_1101_2022_03_10_483747THD0007__rep0010,DC monocyte,-0.0246485406816272
homosapiens_None_2023_None_sikkemalisa_001_d10_1101_2022_03_10_483747THD0007__rep0011,DC monocyte,-0.0305868470554398
homosapiens_None_2023_None_sikkemalisa_001_d10_1101_2022_03_10_483747THD0007__rep0012,DC monocyte,-0.0292220264319934
homosapiens_None_2023_None_sikkemalisa_001_d10_1101_2022_03_10_483747THD0007__rep0013,DC monocyte,-0.0311975434052911
homosapiens_None_2023_None_sikkemalisa_001_d10_1101_2022_03_10_483747THD0007__rep0014,DC monocyte,-0.0469284750762122
homosapiens_None_2023_None_sikkemalisa_001_d10_1101_2022_03_10_483747THD0014__rep0001,DC monocyte,-0.0392703187924027
homosapiens_None_2023_None_sikkemalisa_001_d10_1101_2022_03_10_483747THD0014__rep0003,DC monocyte,-0.0380146910107476
homosapiens_None_2023_None_sikkemalisa_001_d10_1101_2022_03_10_483747THD0014__rep0004,DC monocyte,-0.0183313230253403
homosapiens_None_2023_None_sikkemalisa_001_d10_1101_2022_03_10_483747THD0014__rep0006,DC monocyte,-0.0246402618010369
homosapiens_None_2023_None_sikkemalisa_001_d10_1101_2022_03_10_483747THD0014__rep0007,DC monocyte,-0.0458000362712468
homosapiens_None_2023_None_sikkemalisa_001_d10_1101_2022_03_10_483747THD0014__rep0008,DC monocyte,-0.0278392839375893
homosapiens_None_2023_None_sikkemalisa_001_d10_1101_2022_03_10_483747THD0014__rep0009,DC monocyte,-0.0495134183667055
homosapiens_None_2023_None_sikkemalisa_001_d10_1101_2022_03_10_483747THD0014__rep0010,DC monocyte,-0.0646753228481778
homosapiens_None_2023_None_sikkemalisa_001_d10_1101_2022_03_10_483747THD0014__rep0011,DC monocyte,-0.0540771185450149
homosapiens_None_2023_None_sikkemalisa_001_d10_1101_2022_03_10_483747THD0014__rep0012,DC monocyte,-0.0339618086554819
homosapiens_None_2023_None_sikkemalisa_001_d10_1101_2022_03_10_483747THD0014__rep0013,DC monocyte,-0.0526426918619366
homosapiens_None_2023_None_sikkemalisa_001_d10_1101_2022_03_10_483747THD0014__rep0014,DC monocyte,-0.0576516310267544
homosapiens_None_2023_None_sikkemalisa_001_d10_1101_2022_03_10_483747VUHD071__rep0000,DC monocyte,0.0073305696766448
homosapiens_None_2023_None_sikkemalisa_001_d10_1101_2022_03_10_483747VUHD071__rep0001,DC monocyte,-0.0151828163390092
homosapiens_None_2023_None_sikkemalisa_001_d10_1101_2022_03_10_483747VUHD071__rep0002,DC monocyte,-0.0225207991757483
homosapiens_None_2023_None_sikkemalisa_001_d10_1101_2022_03_10_483747VUHD071__rep0003,DC monocyte,-0.0247561661780914
homosapiens_None_2023_None_sikkemalisa_001_d10_1101_2022_03_10_483747VUHD071__rep0004,DC monocyte,0.0046258325307395
homosapiens_None_2023_None_sikkemalisa_001_d10_1101_2022_03_10_483747VUHD071__rep0005,DC monocyte,0.0064884455286082
homosapiens_None_2023_None_sikkemalisa_001_d10_1101_2022_03_10_483747VUHD071__rep0007,DC monocyte,-0.0186279730556872
homosapiens_None_2023_None_sikkemalisa_001_d10_1101_2022_03_10_483747VUHD071__rep0009,DC monocyte,0.011990192947409
homosapiens_None_2023_None_sikkemalisa_001_d10_1101_2022_03_10_483747VUHD071__rep0010,DC monocyte,-0.0429689707701968
homosapiens_None_2023_None_sikkemalisa_001_d10_1101_2022_03_10_483747VUHD071__rep0011,DC monocyte,-0.0300454907714207
homosapiens_None_2023_None_sikkemalisa_001_d10_1101_2022_03_10_483747VUHD071__rep0012,DC monocyte,-0.0330860163775265
homosapiens_None_2023_None_sikkemalisa_001_d10_1101_2022_03_10_483747VUHD071__rep0013,DC monocyte,-0.0466280340681785
homosapiens_None_2023_None_sikkemalisa_001_d10_1101_2022_03_10_483747VUHD071__rep0014,DC monocyte,-0.0303365657353738
homosapiens_None_2023_None_sikkemalisa_001_d10_1101_2022_03_10_483747VUHD077__rep0000,DC monocyte,-0.0028830937542915
homosapiens_None_2023_None_sikkemalisa_001_d10_1101_2022_03_10_483747VUHD077__rep0003,DC monocyte,-0.0149518495190528
homosapiens_None_2023_None_sikkemalisa_001_d10_1101_2022_03_10_483747VUHD077__rep0005,DC monocyte,0.0094254905034212
homosapiens_None_2023_None_sikkemalisa_001_d10_1101_2022_03_10_483747VUHD077__rep0006,DC monocyte,-0.0107702194370099
homosapiens_None_2023_None_sikkemalisa_001_d10_1101_2022_03_10_483747VUHD077__rep0007,DC monocyte,-0.0206745820582817
homosapiens_None_2023_None_sikkemalisa_001_d10_1101_2022_03_10_483747VUHD077__rep0008,DC monocyte,0.0895624023929227
homosapiens_None_2023_None_sikkemalisa_001_d10_1101_2022_03_10_483747VUHD077__rep0009,DC monocyte,0.0088681325444975
homosapiens_None_2023_None_sikkemalisa_001_d10_1101_2022_03_10_483747VUHD077__rep0010,DC monocyte,0.0213172088320622
homosapiens_None_2023_None_sikkemalisa_001_d10_1101_2022_03_10_483747VUHD077__rep0012,DC monocyte,0.0126803589275657
homosapiens_None_2023_None_sikkemalisa_001_d10_1101_2022_03_10_483747VUHD077__rep0014,DC monocyte,-0.0194357862883059
homosapiens_None_2023_None_sikkemalisa_001_d10_1101_2022_03_10_483747VUHD103__rep0000,DC monocyte,0.0074138486063797
homosapiens_None_2023_None_sikkemalisa_001_d10_1101_2022_03_10_483747VUHD103__rep0001,DC monocyte,-0.0171048852504299
homosapiens_None_2023_None_sikkemalisa_001_d10_1101_2022_03_10_483747VUHD103__rep0002,DC monocyte,-0.0428630772969551
homosapiens_None_2023_None_sikkemalisa_001_d10_1101_2022_03_10_483747VUHD103__rep0004,DC monocyte,-0.0428855219213685
homosapiens_None_2023_None_sikkemalisa_001_d10_1101_2022_03_10_483747VUHD103__rep0005,DC monocyte,-0.0373980468815351
homosapiens_None_2023_None_sikkemalisa_001_d10_1101_2022_03_10_483747VUHD103__rep0006,DC monocyte,-0.0343449677368505
homosapiens_None_2023_None_sikkemalisa_001_d10_1101_2022_03_10_483747VUHD103__rep0007,DC monocyte,-0.028840173348168
homosapiens_None_2023_None_sikkemalisa_001_d10_1101_2022_03_10_483747VUHD103__rep0008,DC monocyte,-0.0231571325312346
homosapiens_None_2023_None_sikkemalisa_001_d10_1101_2022_03_10_483747VUHD103__rep0009,DC monocyte,-0.0539889777356065
homosapiens_None_2023_None_sikkemalisa_001_d10_1101_2022_03_10_483747VUHD103__rep0011,DC monocyte,-0.0528040703712409
homosapiens_None_2023_None_sikkemalisa_001_d10_1101_2022_03_10_483747VUHD103__rep0012,DC monocyte,-0.0465918487501695
homosapiens_None_2023_None_sikkemalisa_001_d10_1101_2022_03_10_483747VUHD103__rep0013,DC monocyte,-0.0276197360730646
homosapiens_None_2023_None_sikkemalisa_001_d10_1101_2022_03_10_483747VUHD103__rep0014,DC monocyte,-0.019210501497762
homosapiens_None_2023_None_sikkemalisa_001_d10_1101_2022_03_10_483747VUHD69__rep0000,DC monocyte,-0.0776994040764009
homosapiens_None_2023_None_sikkemalisa_001_d10_1101_2022_03_10_483747VUHD69__rep0002,DC monocyte,-0.0499032516632493
homosapiens_None_2023_None_sikkemalisa_001_d10_1101_2022_03_10_483747VUHD69__rep0003,DC monocyte,-0.0461810232315539
homosapiens_None_2023_None_sikkemalisa_001_d10_1101_2022_03_10_483747VUHD69__rep0004,DC monocyte,-0.0385112633073537
homosapiens_None_2023_None_sikkemalisa_001_d10_1101_2022_03_10_483747VUHD69__rep0005,DC monocyte,-0.0762904143772891
homosapiens_None_2023_None_sikkemalisa_001_d10_1101_2022_03_10_483747VUHD69__rep0006,DC monocyte,-0.0623988340665797
homosapiens_None_2023_None_sikkemalisa_001_d10_1101_2022_03_10_483747VUHD69__rep0007,DC monocyte,-0.0783801322693703
homosapiens_None_2023_None_sikkemalisa_001_d10_1101_2022_03_10_483747VUHD69__rep0008,DC monocyte,-0.0388878599895548
homosapiens_None_2023_None_sikkemalisa_001_d10_1101_2022_03_10_483747VUHD69__rep0009,DC monocyte,-0.0525641069833109
homosapiens_None_2023_None_sikkemalisa_001_d10_1101_2022_03_10_483747VUHD69__rep0010,DC monocyte,-0.0349453258950609
homosapiens_None_2023_None_sikkemalisa_001_d10_1101_2022_03_10_483747VUHD69__rep0011,DC monocyte,-0.0289108325306887
homosapiens_None_2023_None_sikkemalisa_001_d10_1101_2022_03_10_483747VUHD69__rep0012,DC monocyte,-0.0222772360653326
homosapiens_None_2023_None_sikkemalisa_001_d10_1101_2022_03_10_483747VUHD69__rep0014,DC monocyte,-0.0556685023248148
homosapiens_None_2023_None_sikkemalisa_001_d10_1101_2022_03_10_483747THD0007__rep0000,DC1,0.5778985015424639
homosapiens_None_2023_None_sikkemalisa_001_d10_1101_2022_03_10_483747THD0007__rep0001,DC1,0.5661278578149731
homosapiens_None_2023_None_sikkemalisa_001_d10_1101_2022_03_10_483747THD0007__rep0002,DC1,0.5768006319362835
homosapiens_None_2023_None_sikkemalisa_001_d10_1101_2022_03_10_483747THD0007__rep0003,DC1,0.5508573917007891
homosapiens_None_2023_None_sikkemalisa_001_d10_1101_2022_03_10_483747THD0007__rep0004,DC1,0.5527264214154528
homosapiens_None_2023_None_sikkemalisa_001_d10_1101_2022_03_10_483747THD0007__rep0006,DC1,0.5767999603298222
homosapiens_None_2023_None_sikkemalisa_001_d10_1101_2022_03_10_483747THD0007__rep0007,DC1,0.5693821643581372
homosapiens_None_2023_None_sikkemalisa_001_d10_1101_2022_03_10_483747THD0007__rep0008,DC1,0.565121136201437
homosapiens_None_2023_None_sikkemalisa_001_d10_1101_2022_03_10_483747THD0007__rep0009,DC1,0.5651515705505938
homosapiens_None_2023_None_sikkemalisa_001_d10_1101_2022_03_10_483747THD0007__rep0010,DC1,0.5625006633919727
homosapiens_None_2023_None_sikkemalisa_001_d10_1101_2022_03_10_483747THD0007__rep0011,DC1,0.5782965218697848
homosapiens_None_2023_None_sikkemalisa_001_d10_1101_2022_03_10_483747THD0007__rep0012,DC1,0.5611658226135581
homosapiens_None_2023_None_sikkemalisa_001_d10_1101_2022_03_10_483747THD0007__rep0014,DC1,0.5335528105373778
homosapiens_None_2023_None_sikkemalisa_001_d10_1101_2022_03_10_483747THD0014__rep0000,DC1,0.5727093050879835
homosapiens_None_2023_None_sikkemalisa_001_d10_1101_2022_03_10_483747THD0014__rep0001,DC1,0.5522256035171978
homosapiens_None_2023_None_sikkemalisa_001_d10_1101_2022_03_10_483747THD0014__rep0002,DC1,0.5492142467119813
homosapiens_None_2023_None_sikkemalisa_001_d10_1101_2022_03_10_483747THD0014__rep0003,DC1,0.4748210087904556
homosapiens_None_2023_None_sikkemalisa_001_d10_1101_2022_03_10_483747THD0014__rep0004,DC1,0.3668652867680173
homosapiens_None_2023_None_sikkemalisa_001_d10_1101_2022_03_10_483747THD0014__rep0005,DC1,0.3231796164804399
homosapiens_None_2023_None_sikkemalisa_001_d10_1101_2022_03_10_483747THD0014__rep0006,DC1,0.5707431915722196
homosapiens_None_2023_None_sikkemalisa_001_d10_1101_2022_03_10_483747THD0014__rep0007,DC1,0.5785016898002611
homosapiens_None_2023_None_sikkemalisa_001_d10_1101_2022_03_10_483747THD0014__rep0008,DC1,0.5703076271329804
homosapiens_None_2023_None_sikkemalisa_001_d10_1101_2022_03_10_483747THD0014__rep0009,DC1,0.5843259047464733
homosapiens_None_2023_None_sikkemalisa_001_d10_1101_2022_03_10_483747THD0014__rep0010,DC1,0.5712841715569166
homosapiens_None_2023_None_sikkemalisa_001_d10_1101_2022_03_10_483747THD0014__rep0011,DC1,0.5707371658342048
homosapiens_None_2023_None_sikkemalisa_001_d10_1101_2022_03_10_483747THD0014__rep0012,DC1,0.5421440060885726
homosapiens_None_2023_None_sikkemalisa_001_d10_1101_2022_03_10_483747THD0014__rep0013,DC1,0.590279725546338
homosapiens_None_2023_None_sikkemalisa_001_d10_1101_2022_03_10_483747VUHD071__rep0000,DC1,0.3524207763733006
homosapiens_None_2023_None_sikkemalisa_001_d10_1101_2022_03_10_483747VUHD071__rep0001,DC1,0.4880957253085893
homosapiens_None_2023_None_sikkemalisa_001_d10_1101_2022_03_10_483747VUHD071__rep0002,DC1,0.4761359734031186
homosapiens_None_2023_None_sikkemalisa_001_d10_1101_2022_03_10_483747VUHD071__rep0003,DC1,0.487608816449125
homosapiens_None_2023_None_sikkemalisa_001_d10_1101_2022_03_10_483747VUHD071__rep0004,DC1,0.4758357578811532
homosapiens_None_2023_None_sikkemalisa_001_d10_1101_2022_03_10_483747VUHD071__rep0005,DC1,0.3458988418929808
homosapiens_None_2023_None_sikkemalisa_001_d10_1101_2022_03_10_483747VUHD071__rep0006,DC1,0.4364879787638841
homosapiens_None_2023_None_sikkemalisa_001_d10_1101_2022_03_10_483747VUHD071__rep0007,DC1,0.2935567050274122
homosapiens_None_2023_None_sikkemalisa_001_d10_1101_2022_03_10_483747VUHD071__rep0008,DC1,0.4757266700550073
homosapiens_None_2023_None_sikkemalisa_001_d10_1101_2022_03_10_483747VUHD071__rep0009,DC1,0.4954051498282601
homosapiens_None_2023_None_sikkemalisa_001_d10_1101_2022_03_10_483747VUHD071__rep0010,DC1,0.4913961331968848
homosapiens_None_2023_None_sikkemalisa_001_d10_1101_2022_03_10_483747VUHD071__rep0011,DC1,0.4804904734569669
homosapiens_None_2023_None_sikkemalisa_001_d10_1101_2022_03_10_483747VUHD071__rep0012,DC1,0.4808712173136935
homosapiens_None_2023_None_sikkemalisa_001_d10_1101_2022_03_10_483747VUHD071__rep0013,DC1,0.3655837362323636
homosapiens_None_2023_None_sikkemalisa_001_d10_1101_2022_03_10_483747VUHD071__rep0014,DC1,0.4757293497862962
homosapiens_None_2023_None_sikkemalisa_001_d10_1101_2022_03_10_483747VUHD077__rep0000,DC1,0.5372775098443875
homosapiens_None_2023_None_sikkemalisa_001_d10_1101_2022_03_10_483747VUHD077__rep0001,DC1,0.5478699644150576
homosapiens_None_2023_None_sikkemalisa_001_d10_1101_2022_03_10_483747VUHD077__rep0002,DC1,0.5527458565252863
homosapiens_None_2023_None_sikkemalisa_001_d10_1101_2022_03_10_483747VUHD077__rep0003,DC1,0.5493442837156921
homosapiens_None_2023_None_sikkemalisa_001_d10_1101_2022_03_10_483747VUHD077__rep0004,DC1,0.4041234493709016
homosapiens_None_2023_None_sikkemalisa_001_d10_1101_2022_03_10_483747VUHD077__rep0005,DC1,0.5340897429912526
homosapiens_None_2023_None_sikkemalisa_001_d10_1101_2022_03_10_483747VUHD077__rep0006,DC1,0.5392113063381523
homosapiens_None_2023_None_sikkemalisa_001_d10_1101_2022_03_10_483747VUHD077__rep0008,DC1,0.5391251564743484
homosapiens_None_2023_None_sikkemalisa_001_d10_1101_2022_03_10_483747VUHD077__rep0009,DC1,0.5513927578756543
homosapiens_None_2023_None_sikkemalisa_001_d10_1101_2022_03_10_483747VUHD077__rep0010,DC1,0.5424097932750472
homosapiens_None_2023_None_sikkemalisa_001_d10_1101_2022_03_10_483747VUHD077__rep0011,DC1,0.5550143266296417
homosapiens_None_2023_None_sikkemalisa_001_d10_1101_2022_03_10_483747VUHD077__rep0012,DC1,0.544271415055793
homosapiens_None_2023_None_sikkemalisa_001_d10_1101_2022_03_10_483747VUHD077__rep0013,DC1,0.5576465584768158
homosapiens_None_2023_None_sikkemalisa_001_d10_1101_2022_03_10_483747VUHD077__rep0014,DC1,0.5412660015588471
homosapiens_None_2023_None_sikkemalisa_001_d10_1101_2022_03_10_483747VUHD103__rep0000,DC1,0.5197619643244747
homosapiens_None_2023_None_sikkemalisa_001_d10_1101_2022_03_10_483747VUHD103__rep0001,DC1,0.5160273534055093
homosapiens_None_2023_None_sikkemalisa_001_d10_1101_2022_03_10_483747VUHD103__rep0002,DC1,0.4663550744970798
homosapiens_None_2023_None_sikkemalisa_001_d10_1101_2022_03_10_483747VUHD103__rep0003,DC1,0.5191987138420365
homosapiens_None_2023_None_sikkemalisa_001_d10_1101_2022_03_10_483747VUHD103__rep0004,DC1,0.5002926023617588
homosapiens_None_2023_None_sikkemalisa_001_d10_1101_2022_03_10_483747VUHD103__rep0005,DC1,0.5081681538016146
homosapiens_None_2023_None_sikkemalisa_001_d10_1101_2022_03_10_483747VUHD103__rep0006,DC1,0.4791372765069617
homosapiens_None_2023_None_sikkemalisa_001_d10_1101_2022_03_10_483747VUHD103__rep0007,DC1,0.5191692608343853
homosapiens_None_2023_None_sikkemalisa_001_d10_1101_2022_03_10_483747VUHD103__rep0008,DC1,0.4318990897309414
homosapiens_None_2023_None_sikkemalisa_001_d10_1101_2022_03_10_483747VUHD103__rep0009,DC1,0.3834692065336723
homosapiens_None_2023_None_sikkemalisa_001_d10_1101_2022_03_10_483747VUHD103__rep0010,DC1,0.5227373685652682
homosapiens_None_2023_None_sikkemalisa_001_d10_1101_2022_03_10_483747VUHD103__rep0011,DC1,0.5049861865358527
homosapiens_None_2023_None_sikkemalisa_001_d10_1101_2022_03_10_483747VUHD103__rep0012,DC1,0.4221600492665995
homosapiens_None_2023_None_sikkemalisa_001_d10_1101_2022_03_10_483747VUHD103__rep0013,DC1,0.5221575905036017
homosapiens_None_2023_None_sikkemalisa_001_d10_1101_2022_03_10_483747VUHD103__rep0014,DC1,0.5124973517610689
homosapiens_None_2023_None_sikkemalisa_001_d10_1101_2022_03_10_483747VUHD69__rep0000,DC1,0.5849025472634753
homosapiens_None_2023_None_sikkemalisa_001_d10_1101_2022_03_10_483747VUHD69__rep0001,DC1,0.5422521190036407
homosapiens_None_2023_None_sikkemalisa_001_d10_1101_2022_03_10_483747VUHD69__rep0002,DC1,0.5813881201916364
homosapiens_None_2023_None_sikkemalisa_001_d10_1101_2022_03_10_483747VUHD69__rep0004,DC1,0.5879914426873518
homosapiens_None_2023_None_sikkemalisa_001_d10_1101_2022_03_10_483747VUHD69__rep0005,DC1,0.581028319271558
homosapiens_None_2023_None_sikkemalisa_001_d10_1101_2022_03_10_483747VUHD69__rep0006,DC1,0.5839036923642471
homosapiens_None_2023_None_sikkemalisa_001_d10_1101_2022_03_10_483747VUHD69__rep0007,DC1,0.5849377788168466
homosapiens_None_2023_None_sikkemalisa_001_d10_1101_2022_03_10_483747VUHD69__rep0008,DC1,0.5896670916004558
homosapiens_None_2023_None_sikkemalisa_001_d10_1101_2022_03_10_483747VUHD69__rep0009,DC1,0.5861044925764936
homosapiens_None_2023_None_sikkemalisa_001_d10_1101_2022_03_10_483747VUHD69__rep0010,DC1,0.5713419260508911
homosapiens_None_2023_None_sikkemalisa_001_d10_1101_2022_03_10_483747VUHD69__rep0011,DC1,0.5874805946059208
homosapiens_None_2023_None_sikkemalisa_001_d10_1101_2022_03_10_483747VUHD69__rep0012,DC1,0.576796106489141
homosapiens_None_2023_None_sikkemalisa_001_d10_1101_2022_03_10_483747VUHD69__rep0013,DC1,0.5906027881364091
homosapiens_None_2023_None_sikkemalisa_001_d10_1101_2022_03_10_483747VUHD85__rep0000,DC1,0.556992151767414
homosapiens_None_2023_None_sikkemalisa_001_d10_1101_2022_03_10_483747VUHD85__rep0003,DC1,0.5560154284351524
homosapiens_None_2023_None_sikkemalisa_001_d10_1101_2022_03_10_483747VUHD85__rep0004,DC1,0.5626240646808283
homosapiens_None_2023_None_sikkemalisa_001_d10_1101_2022_03_10_483747VUHD85__rep0006,DC1,0.5140166555421555
homosapiens_None_2023_None_sikkemalisa_001_d10_1101_2022_03_10_483747VUHD85__rep0007,DC1,0.5624095013308968
homosapiens_None_2023_None_sikkemalisa_001_d10_1101_2022_03_10_483747VUHD85__rep0008,DC1,0.5470490412900728
homosapiens_None_2023_None_sikkemalisa_001_d10_1101_2022_03_10_483747VUHD85__rep0009,DC1,0.5544396166229653
homosapiens_None_2023_None_sikkemalisa_001_d10_1101_2022_03_10_483747VUHD85__rep0010,DC1,0.534564595927865
homosapiens_None_2023_None_sikkemalisa_001_d10_1101_2022_03_10_483747VUHD85__rep0011,DC1,0.5686220666839472
homosapiens_None_2023_None_sikkemalisa_001_d10_1101_2022_03_10_483747VUHD85__rep0012,DC1,0.3498694359121574
homosapiens_None_2023_None_sikkemalisa_001_d10_1101_2022_03_10_483747VUHD85__rep0013,DC1,0.5677800284603537
homosapiens_None_2023_None_sikkemalisa_001_d10_1101_2022_03_10_483747VUHD85__rep0014,DC1,0.5623938182041733
homosapiens_None_2023_None_sikkemalisa_001_d10_1101_2022_03_10_483747VUHD071__rep0000,Deuterosomal,0.2970277254784049
homosapiens_None_2023_None_sikkemalisa_001_d10_1101_2022_03_10_483747VUHD071__rep0001,Deuterosomal,0.4904687404050855
homosapiens_None_2023_None_sikkemalisa_001_d10_1101_2022_03_10_483747VUHD071__rep0002,Deuterosomal,0.4820898155461712
homosapiens_None_2023_None_sikkemalisa_001_d10_1101_2022_03_10_483747VUHD071__rep0003,Deuterosomal,0.4805085296892732
homosapiens_None_2023_None_sikkemalisa_001_d10_1101_2022_03_10_483747VUHD071__rep0004,Deuterosomal,0.4186261795927116
homosapiens_None_2023_None_sikkemalisa_001_d10_1101_2022_03_10_483747VUHD071__rep0005,Deuterosomal,0.4933100369075138
homosapiens_None_2023_None_sikkemalisa_001_d10_1101_2022_03_10_483747VUHD071__rep0006,Deuterosomal,0.499836662900761
homosapiens_None_2023_None_sikkemalisa_001_d10_1101_2022_03_10_483747VUHD071__rep0007,Deuterosomal,0.4173396935974348
homosapiens_None_2023_None_sikkemalisa_001_d10_1101_2022_03_10_483747VUHD071__rep0008,Deuterosomal,0.4450681313918284
homosapiens_None_2023_None_sikkemalisa_001_d10_1101_2022_03_10_483747VUHD071__rep0009,Deuterosomal,0.2574516869190685
homosapiens_None_2023_None_sikkemalisa_001_d10_1101_2022_03_10_483747VUHD071__rep0010,Deuterosomal,0.502661596576887
homosapiens_None_2023_None_sikkemalisa_001_d10_1101_2022_03_10_483747VUHD071__rep0011,Deuterosomal,0.5007429072529798
homosapiens_None_2023_None_sikkemalisa_001_d10_1101_2022_03_10_483747VUHD071__rep0012,Deuterosomal,0.4867752109006437
homosapiens_None_2023_None_sikkemalisa_001_d10_1101_2022_03_10_483747VUHD071__rep0013,Deuterosomal,0.4463860367344452
homosapiens_None_2023_None_sikkemalisa_001_d10_1101_2022_03_10_483747VUHD071__rep0014,Deuterosomal,0.507343443434189
homosapiens_None_2023_None_sikkemalisa_001_d10_1101_2022_03_10_483747VUHD103__rep0000,Deuterosomal,0.4056627566286442
homosapiens_None_2023_None_sikkemalisa_001_d10_1101_2022_03_10_483747VUHD103__rep0001,Deuterosomal,0.4719161419570623
homosapiens_None_2023_None_sikkemalisa_001_d10_1101_2022_03_10_483747VUHD103__rep0002,Deuterosomal,0.4798197308243468
homosapiens_None_2023_None_sikkemalisa_001_d10_1101_2022_03_10_483747VUHD103__rep0003,Deuterosomal,0.4133550166892898
homosapiens_None_2023_None_sikkemalisa_001_d10_1101_2022_03_10_483747VUHD103__rep0005,Deuterosomal,0.4464691086220765
homosapiens_None_2023_None_sikkemalisa_001_d10_1101_2022_03_10_483747VUHD103__rep0006,Deuterosomal,0.2806185915146298
homosapiens_None_2023_None_sikkemalisa_001_d10_1101_2022_03_10_483747VUHD103__rep0007,Deuterosomal,0.4350529299952977
homosapiens_None_2023_None_sikkemalisa_001_d10_1101_2022_03_10_483747VUHD103__rep0008,Deuterosomal,0.4071812843034332
homosapiens_None_2023_None_sikkemalisa_001_d10_1101_2022_03_10_483747VUHD103__rep0009,Deuterosomal,0.4579243082794166
homosapiens_None_2023_None_sikkemalisa_001_d10_1101_2022_03_10_483747VUHD103__rep0010,Deuterosomal,0.427801675303893
homosapiens_None_2023_None_sikkemalisa_001_d10_1101_2022_03_10_483747VUHD103__rep0012,Deuterosomal,0.4771278987214955
homosapiens_None_2023_None_sikkemalisa_001_d10_1101_2022_03_10_483747VUHD103__rep0013,Deuterosomal,0.3849851089811369
homosapiens_None_2023_None_sikkemalisa_001_d10_1101_2022_03_10_483747THD0007__rep0000,EC aerocyte capillary,0.6447967366523173
homosapiens_None_2023_None_sikkemalisa_001_d10_1101_2022_03_10_483747THD0007__rep0001,EC aerocyte capillary,0.6791362067838438
homosapiens_None_2023_None_sikkemalisa_001_d10_1101_2022_03_10_483747THD0007__rep0002,EC aerocyte capillary,0.6116188362375545
homosapiens_None_2023_None_sikkemalisa_001_d10_1101_2022_03_10_483747THD0007__rep0003,EC aerocyte capillary,0.5470882905902755
homosapiens_None_2023_None_sikkemalisa_001_d10_1101_2022_03_10_483747THD0007__rep0004,EC aerocyte capillary,0.5761981383241125
homosapiens_None_2023_None_sikkemalisa_001_d10_1101_2022_03_10_483747THD0007__rep0005,EC aerocyte capillary,0.4866890501421588
homosapiens_None_2023_None_sikkemalisa_001_d10_1101_2022_03_10_483747THD0007__rep0007,EC aerocyte capillary,0.4479710234099551
homosapiens_None_2023_None_sikkemalisa_001_d10_1101_2022_03_10_483747THD0007__rep0008,EC aerocyte capillary,0.5153334214970227
homosapiens_None_2023_None_sikkemalisa_001_d10_1101_2022_03_10_483747THD0007__rep0010,EC aerocyte capillary,0.6297945662649753
homosapiens_None_2023_None_sikkemalisa_001_d10_1101_2022_03_10_483747THD0007__rep0011,EC aerocyte capillary,0.5848559689706743
homosapiens_None_2023_None_sikkemalisa_001_d10_1101_2022_03_10_483747THD0007__rep0012,EC aerocyte capillary,0.5320198419819472
homosapiens_None_2023_None_sikkemalisa_001_d10_1101_2022_03_10_483747THD0007__rep0013,EC aerocyte capillary,0.5452866620927277
homosapiens_None_2023_None_sikkemalisa_001_d10_1101_2022_03_10_483747THD0007__rep0014,EC aerocyte capillary,0.5556773931855168
homosapiens_None_2023_None_sikkemalisa_001_d10_1101_2022_03_10_483747THD0014__rep0000,EC aerocyte capillary,0.5105981801181771
homosapiens_None_2023_None_sikkemalisa_001_d10_1101_2022_03_10_483747THD0014__rep0001,EC aerocyte capillary,0.4454940695174385
homosapiens_None_2023_None_sikkemalisa_001_d10_1101_2022_03_10_483747THD0014__rep0002,EC aerocyte capillary,0.3411752882529151
homosapiens_None_2023_None_sikkemalisa_001_d10_1101_2022_03_10_483747THD0014__rep0003,EC aerocyte capillary,0.3317711410926572
homosapiens_None_2023_None_sikkemalisa_001_d10_1101_2022_03_10_483747THD0014__rep0004,EC aerocyte capillary,0.4343225183838698
homosapiens_None_2023_None_sikkemalisa_001_d10_1101_2022_03_10_483747THD0014__rep0005,EC aerocyte capillary,0.5459332315840735
homosapiens_None_2023_None_sikkemalisa_001_d10_1101_2022_03_10_483747THD0014__rep0006,EC aerocyte capillary,0.4394095753858817
homosapiens_None_2023_None_sikkemalisa_001_d10_1101_2022_03_10_483747THD0014__rep0007,EC aerocyte capillary,0.5367756522716314
homosapiens_None_2023_None_sikkemalisa_001_d10_1101_2022_03_10_483747THD0014__rep0008,EC aerocyte capillary,0.3401634931576276
homosapiens_None_2023_None_sikkemalisa_001_d10_1101_2022_03_10_483747THD0014__rep0009,EC aerocyte capillary,0.3389643456006455
homosapiens_None_2023_None_sikkemalisa_001_d10_1101_2022_03_10_483747THD0014__rep0010,EC aerocyte capillary,0.4230567690590524
homosapiens_None_2023_None_sikkemalisa_001_d10_1101_2022_03_10_483747THD0014__rep0011,EC aerocyte capillary,0.4618518387000775
homosapiens_None_2023_None_sikkemalisa_001_d10_1101_2022_03_10_483747THD0014__rep0012,EC aerocyte capillary,0.23314890823031
homosapiens_None_2023_None_sikkemalisa_001_d10_1101_2022_03_10_483747THD0014__rep0014,EC aerocyte capillary,0.4086543745772333
homosapiens_None_2023_None_sikkemalisa_001_d10_1101_2022_03_10_483747VUHD071__rep0000,EC aerocyte capillary,0.5185055956639367
homosapiens_None_2023_None_sikkemalisa_001_d10_1101_2022_03_10_483747VUHD071__rep0001,EC aerocyte capillary,0.4603686719865693
homosapiens_None_2023_None_sikkemalisa_001_d10_1101_2022_03_10_483747VUHD071__rep0003,EC aerocyte capillary,0.375295623937665
homosapiens_None_2023_None_sikkemalisa_001_d10_1101_2022_03_10_483747VUHD071__rep0004,EC aerocyte capillary,0.5195601129655367
homosapiens_None_2023_None_sikkemalisa_001_d10_1101_2022_03_10_483747VUHD071__rep0007,EC aerocyte capillary,0.4272996374725089
homosapiens_None_2023_None_sikkemalisa_001_d10_1101_2022_03_10_483747VUHD071__rep0008,EC aerocyte capillary,0.4824791529567331
homosapiens_None_2023_None_sikkemalisa_001_d10_1101_2022_03_10_483747VUHD071__rep0009,EC aerocyte capillary,0.413142744860472
homosapiens_None_2023_None_sikkemalisa_001_d10_1101_2022_03_10_483747VUHD071__rep0010,EC aerocyte capillary,0.3205893872769645
homosapiens_None_2023_None_sikkemalisa_001_d10_1101_2022_03_10_483747VUHD071__rep0011,EC aerocyte capillary,0.4988106491846492
homosapiens_None_2023_None_sikkemalisa_001_d10_1101_2022_03_10_483747VUHD071__rep0012,EC aerocyte capillary,0.4471647928203192
homosapiens_None_2023_None_sikkemalisa_001_d10_1101_2022_03_10_483747VUHD071__rep0013,EC aerocyte capillary,0.4840471057180383
homosapiens_None_2023_None_sikkemalisa_001_d10_1101_2022_03_10_483747VUHD071__rep0014,EC aerocyte capillary,0.380196834300577
homosapiens_None_2023_None_sikkemalisa_001_d10_1101_2022_03_10_483747VUHD077__rep0000,EC aerocyte capillary,0.5941474688190327
homosapiens_None_2023_None_sikkemalisa_001_d10_1101_2022_03_10_483747VUHD077__rep0001,EC aerocyte capillary,0.6089527618503386
homosapiens_None_2023_None_sikkemalisa_001_d10_1101_2022_03_10_483747VUHD077__rep0002,EC aerocyte capillary,0.4194168571622231
homosapiens_None_2023_None_sikkemalisa_001_d10_1101_2022_03_10_483747VUHD077__rep0003,EC aerocyte capillary,0.5174199321210354
homosapiens_None_2023_None_sikkemalisa_001_d10_1101_2022_03_10_483747VUHD077__rep0004,EC aerocyte capillary,0.2479016341277675
homosapiens_None_2023_None_sikkemalisa_001_d10_1101_2022_03_10_483747VUHD077__rep0005,EC aerocyte capillary,0.4603880542439273
homosapiens_None_2023_None_sikkemalisa_001_d10_1101_2022_03_10_483747VUHD077__rep0006,EC aerocyte capillary,0.432667690085365
homosapiens_None_2023_None_sikkemalisa_001_d10_1101_2022_03_10_483747VUHD077__rep0007,EC aerocyte capillary,0.5397925990210455
homosapiens_None_2023_None_sikkemalisa_001_d10_1101_2022_03_10_483747VUHD077__rep0010,EC aerocyte capillary,0.4033076825093489
homosapiens_None_2023_None_sikkemalisa_001_d10_1101_2022_03_10_483747VUHD077__rep0011,EC aerocyte capillary,0.609653070549292
homosapiens_None_2023_None_sikkemalisa_001_d10_1101_2022_03_10_483747VUHD077__rep0012,EC aerocyte capillary,0.5396223922379985
homosapiens_None_2023_None_sikkemalisa_001_d10_1101_2022_03_10_483747VUHD077__rep0013,EC aerocyte capillary,0.547539352308441
homosapiens_None_2023_None_sikkemalisa_001_d10_1101_2022_03_10_483747VUHD077__rep0014,EC aerocyte capillary,0.4763803220836394
homosapiens_None_2023_None_sikkemalisa_001_d10_1101_2022_03_10_483747VUHD103__rep0000,EC aerocyte capillary,0.4373914048134855
homosapiens_None_2023_None_sikkemalisa_001_d10_1101_2022_03_10_483747VUHD103__rep0001,EC aerocyte capillary,0.4939014935995292
homosapiens_None_2023_None_sikkemalisa_001_d10_1101_2022_03_10_483747VUHD103__rep0002,EC aerocyte capillary,0.4950809426294087
homosapiens_None_2023_None_sikkemalisa_001_d10_1101_2022_03_10_483747VUHD103__rep0003,EC aerocyte capillary,0.5484969354271039
homosapiens_None_2023_None_sikkemalisa_001_d10_1101_2022_03_10_483747VUHD103__rep0004,EC aerocyte capillary,0.4533136654317602
homosapiens_None_2023_None_sikkemalisa_001_d10_1101_2022_03_10_483747VUHD103__rep0005,EC aerocyte capillary,0.4609365866644528
homosapiens_None_2023_None_sikkemalisa_001_d10_1101_2022_03_10_483747VUHD103__rep0006,EC aerocyte capillary,0.5229509922153266
homosapiens_None_2023_None_sikkemalisa_001_d10_1101_2022_03_10_483747VUHD103__rep0007,EC aerocyte capillary,0.5141667274927985
homosapiens_None_2023_None_sikkemalisa_001_d10_1101_2022_03_10_483747VUHD103__rep0008,EC aerocyte capillary,0.4617474065894676
homosapiens_None_2023_None_sikkemalisa_001_d10_1101_2022_03_10_483747VUHD103__rep0009,EC aerocyte capillary,0.4889815148389417
homosapiens_None_2023_None_sikkemalisa_001_d10_1101_2022_03_10_483747VUHD103__rep0010,EC aerocyte capillary,0.2832919827123604
homosapiens_None_2023_None_sikkemalisa_001_d10_1101_2022_03_10_483747VUHD103__rep0011,EC aerocyte capillary,0.5234717493256844
homosapiens_None_2023_None_sikkemalisa_001_d10_1101_2022_03_10_483747VUHD103__rep0012,EC aerocyte capillary,0.5328537492566353
homosapiens_None_2023_None_sikkemalisa_001_d10_1101_2022_03_10_483747VUHD103__rep0013,EC aerocyte capillary,0.2806934863659279
homosapiens_None_2023_None_sikkemalisa_001_d10_1101_2022_03_10_483747VUHD69__rep0000,EC aerocyte capillary,0.4210780285985285
homosapiens_None_2023_None_sikkemalisa_001_d10_1101_2022_03_10_483747VUHD69__rep0001,EC aerocyte capillary,0.4332060910331165
homosapiens_None_2023_None_sikkemalisa_001_d10_1101_2022_03_10_483747VUHD69__rep0002,EC aerocyte capillary,0.355211279326359
homosapiens_None_2023_None_sikkemalisa_001_d10_1101_2022_03_10_483747VUHD69__rep0003,EC aerocyte capillary,0.4767206888847881
homosapiens_None_2023_None_sikkemalisa_001_d10_1101_2022_03_10_483747VUHD69__rep0004,EC aerocyte capillary,0.4698433976522561
homosapiens_None_2023_None_sikkemalisa_001_d10_1101_2022_03_10_483747VUHD69__rep0005,EC aerocyte capillary,0.4521501275373297
homosapiens_None_2023_None_sikkemalisa_001_d10_1101_2022_03_10_483747VUHD69__rep0006,EC aerocyte capillary,0.2384677932588594
homosapiens_None_2023_None_sikkemalisa_001_d10_1101_2022_03_10_483747VUHD69__rep0007,EC aerocyte capillary,0.4448076156413779
homosapiens_None_2023_None_sikkemalisa_001_d10_1101_2022_03_10_483747VUHD69__rep0008,EC aerocyte capillary,0.3512944459721096
homosapiens_None_2023_None_sikkemalisa_001_d10_1101_2022_03_10_483747VUHD69__rep0009,EC aerocyte capillary,0.4627530842925422
homosapiens_None_2023_None_sikkemalisa_001_d10_1101_2022_03_10_483747VUHD69__rep0010,EC aerocyte capillary,0.3130188894656484
homosapiens_None_2023_None_sikkemalisa_001_d10_1101_2022_03_10_483747VUHD69__rep0011,EC aerocyte capillary,0.4540566014136663
homosapiens_None_2023_None_sikkemalisa_001_d10_1101_2022_03_10_483747VUHD69__rep0012,EC aerocyte capillary,0.3257047409960389
homosapiens_None_2023_None_sikkemalisa_001_d10_1101_2022_03_10_483747VUHD69__rep0013,EC aerocyte capillary,0.4069098001233431
homosapiens_None_2023_None_sikkemalisa_001_d10_1101_2022_03_10_483747VUHD69__rep0014,EC aerocyte capillary,0.2549247422817949
homosapiens_None_2023_None_sikkemalisa_001_d10_1101_2022_03_10_483747VUHD85__rep0000,EC aerocyte capillary,0.5803050338651845
homosapiens_None_2023_None_sikkemalisa_001_d10_1101_2022_03_10_483747VUHD85__rep0001,EC aerocyte capillary,0.5800036169666127
homosapiens_None_2023_None_sikkemalisa_001_d10_1101_2022_03_10_483747VUHD85__rep0002,EC aerocyte capillary,0.5189955873332569
homosapiens_None_2023_None_sikkemalisa_001_d10_1101_2022_03_10_483747VUHD85__rep0004,EC aerocyte capillary,0.3683871328620527
homosapiens_None_2023_None_sikkemalisa_001_d10_1101_2022_03_10_483747VUHD85__rep0005,EC aerocyte capillary,0.5419565977624421
homosapiens_None_2023_None_sikkemalisa_001_d10_1101_2022_03_10_483747VUHD85__rep0006,EC aerocyte capillary,0.4832724690964208
homosapiens_None_2023_None_sikkemalisa_001_d10_1101_2022_03_10_483747VUHD85__rep0007,EC aerocyte capillary,0.5692539539690319
homosapiens_None_2023_None_sikkemalisa_001_d10_1101_2022_03_10_483747VUHD85__rep0009,EC aerocyte capillary,0.5171189395837187
homosapiens_None_2023_None_sikkemalisa_001_d10_1101_2022_03_10_483747VUHD85__rep0010,EC aerocyte capillary,0.4907266932009244
homosapiens_None_2023_None_sikkemalisa_001_d10_1101_2022_03_10_483747VUHD85__rep0011,EC aerocyte capillary,0.5420068873987954
homosapiens_None_2023_None_sikkemalisa_001_d10_1101_2022_03_10_483747VUHD85__rep0012,EC aerocyte capillary,0.5624311387688702
homosapiens_None_2023_None_sikkemalisa_001_d10_1101_2022_03_10_483747VUHD85__rep0013,EC aerocyte capillary,0.4254637777051181
homosapiens_None_2023_None_sikkemalisa_001_d10_1101_2022_03_10_483747VUHD85__rep0014,EC aerocyte capillary,0.5548233461334136
homosapiens_None_2023_None_sikkemalisa_001_d10_1101_2022_03_10_483747THD0007__rep0000,EC venous systemic,0.639317233552273
homosapiens_None_2023_None_sikkemalisa_001_d10_1101_2022_03_10_483747THD0007__rep0001,EC venous systemic,0.6289670875566451
homosapiens_None_2023_None_sikkemalisa_001_d10_1101_2022_03_10_483747THD0007__rep0002,EC venous systemic,0.659657007817952
homosapiens_None_2023_None_sikkemalisa_001_d10_1101_2022_03_10_483747THD0007__rep0003,EC venous systemic,0.5581440521707517
homosapiens_None_2023_None_sikkemalisa_001_d10_1101_2022_03_10_483747THD0007__rep0004,EC venous systemic,0.5073590474532905
homosapiens_None_2023_None_sikkemalisa_001_d10_1101_2022_03_10_483747THD0007__rep0006,EC venous systemic,0.5187934024044644
homosapiens_None_2023_None_sikkemalisa_001_d10_1101_2022_03_10_483747THD0007__rep0007,EC venous systemic,0.4184327737441681
homosapiens_None_2023_None_sikkemalisa_001_d10_1101_2022_03_10_483747THD0007__rep0008,EC venous systemic,0.6525991207708726
homosapiens_None_2023_None_sikkemalisa_001_d10_1101_2022_03_10_483747THD0007__rep0009,EC venous systemic,0.6555399747804861
homosapiens_None_2023_None_sikkemalisa_001_d10_1101_2022_03_10_483747THD0007__rep0010,EC venous systemic,0.6428945610236401
homosapiens_None_2023_None_sikkemalisa_001_d10_1101_2022_03_10_483747THD0007__rep0011,EC venous systemic,0.6303425997250414
homosapiens_None_2023_None_sikkemalisa_001_d10_1101_2022_03_10_483747THD0007__rep0012,EC venous systemic,0.6408257466871716
homosapiens_None_2023_None_sikkemalisa_001_d10_1101_2022_03_10_483747THD0007__rep0013,EC venous systemic,0.6567454121222587
homosapiens_None_2023_None_sikkemalisa_001_d10_1101_2022_03_10_483747THD0007__rep0014,EC venous systemic,0.6444654507968393
homosapiens_None_2023_None_sikkemalisa_001_d10_1101_2022_03_10_483747THD0014__rep0000,EC venous systemic,0.2955490285281448
homosapiens_None_2023_None_sikkemalisa_001_d10_1101_2022_03_10_483747THD0014__rep0001,EC venous systemic,0.5584447632474375
homosapiens_None_2023_None_sikkemalisa_001_d10_1101_2022_03_10_483747THD0014__rep0002,EC venous systemic,0.5603031364746892
homosapiens_None_2023_None_sikkemalisa_001_d10_1101_2022_03_10_483747THD0014__rep0003,EC venous systemic,0.5131033619118741
homosapiens_None_2023_None_sikkemalisa_001_d10_1101_2022_03_10_483747THD0014__rep0005,EC venous systemic,0.5430301437227375
homosapiens_None_2023_None_sikkemalisa_001_d10_1101_2022_03_10_483747THD0014__rep0006,EC venous systemic,0.5125002843607713
homosapiens_None_2023_None_sikkemalisa_001_d10_1101_2022_03_10_483747THD0014__rep0007,EC venous systemic,0.5269902248211273
homosapiens_None_2023_None_sikkemalisa_001_d10_1101_2022_03_10_483747THD0014__rep0008,EC venous systemic,0.5420810936747777
homosapiens_None_2023_None_sikkemalisa_001_d10_1101_2022_03_10_483747THD0014__rep0009,EC venous systemic,0.5496809743332867
homosapiens_None_2023_None_sikkemalisa_001_d10_1101_2022_03_10_483747THD0014__rep0010,EC venous systemic,0.5523611731185354
homosapiens_None_2023_None_sikkemalisa_001_d10_1101_2022_03_10_483747THD0014__rep0011,EC venous systemic,0.5301090608680264
homosapiens_None_2023_None_sikkemalisa_001_d10_1101_2022_03_10_483747THD0014__rep0012,EC venous systemic,0.5594949602977694
homosapiens_None_2023_None_sikkemalisa_001_d10_1101_2022_03_10_483747THD0014__rep0013,EC venous systemic,0.525650153209988
homosapiens_None_2023_None_sikkemalisa_001_d10_1101_2022_03_10_483747THD0014__rep0014,EC venous systemic,0.5614786499726021
homosapiens_None_2023_None_sikkemalisa_001_d10_1101_2022_03_10_483747VUHD103__rep0000,EC venous systemic,0.5602523730421465
homosapiens_None_2023_None_sikkemalisa_001_d10_1101_2022_03_10_483747VUHD103__rep0001,EC venous systemic,0.4848462169598595
homosapiens_None_2023_None_sikkemalisa_001_d10_1101_2022_03_10_483747VUHD103__rep0002,EC venous systemic,0.4772343367522209
homosapiens_None_2023_None_sikkemalisa_001_d10_1101_2022_03_10_483747VUHD103__rep0003,EC venous systemic,0.5653624831655153
homosapiens_None_2023_None_sikkemalisa_001_d10_1101_2022_03_10_483747VUHD103__rep0004,EC venous systemic,0.5444668827606443
homosapiens_None_2023_None_sikkemalisa_001_d10_1101_2022_03_10_483747VUHD103__rep0005,EC venous systemic,0.449323568707803
homosapiens_None_2023_None_sikkemalisa_001_d10_1101_2022_03_10_483747VUHD103__rep0006,EC venous systemic,0.5601060856846783
homosapiens_None_2023_None_sikkemalisa_001_d10_1101_2022_03_10_483747VUHD103__rep0008,EC venous systemic,0.3838641090794441
homosapiens_None_2023_None_sikkemalisa_001_d10_1101_2022_03_10_483747VUHD103__rep0009,EC venous systemic,0.5587306454054729
homosapiens_None_2023_None_sikkemalisa_001_d10_1101_2022_03_10_483747VUHD103__rep0010,EC venous systemic,0.5897573622259105
homosapiens_None_2023_None_sikkemalisa_001_d10_1101_2022_03_10_483747VUHD103__rep0011,EC venous systemic,0.4211646908736791
homosapiens_None_2023_None_sikkemalisa_001_d10_1101_2022_03_10_483747VUHD103__rep0012,EC venous systemic,0.3945919206166853
homosapiens_None_2023_None_sikkemalisa_001_d10_1101_2022_03_10_483747VUHD103__rep0013,EC venous systemic,0.591528410067416
homosapiens_None_2023_None_sikkemalisa_001_d10_1101_2022_03_10_483747VUHD103__rep0014,EC venous systemic,0.5521106573391076
homosapiens_None_2023_None_sikkemalisa_001_d10_1101_2022_03_10_483747THD0007__rep0001,Fibroblasts PLIN2+,0.4967498908274376
homosapiens_None_2023_None_sikkemalisa_001_d10_1101_2022_03_10_483747THD0007__rep0002,Fibroblasts PLIN2+,0.5964066788408284
homosapiens_None_2023_None_sikkemalisa_001_d10_1101_2022_03_10_483747THD0007__rep0003,Fibroblasts PLIN2+,0.6186515228364609
homosapiens_None_2023_None_sikkemalisa_001_d10_1101_2022_03_10_483747THD0007__rep0004,Fibroblasts PLIN2+,0.5647974637450338
homosapiens_None_2023_None_sikkemalisa_001_d10_1101_2022_03_10_483747THD0007__rep0006,Fibroblasts PLIN2+,0.6035455829412171
homosapiens_None_2023_None_sikkemalisa_001_d10_1101_2022_03_10_483747THD0007__rep0007,Fibroblasts PLIN2+,0.569228264598622
homosapiens_None_2023_None_sikkemalisa_001_d10_1101_2022_03_10_483747THD0007__rep0008,Fibroblasts PLIN2+,0.6196660675863542
homosapiens_None_2023_None_sikkemalisa_001_d10_1101_2022_03_10_483747THD0007__rep0009,Fibroblasts PLIN2+,0.5772046323355045
homosapiens_None_2023_None_sikkemalisa_001_d10_1101_2022_03_10_483747THD0007__rep0010,Fibroblasts PLIN2+,0.6184076805792262
homosapiens_None_2023_None_sikkemalisa_001_d10_1101_2022_03_10_483747THD0007__rep0011,Fibroblasts PLIN2+,0.5937493686174995
homosapiens_None_2023_None_sikkemalisa_001_d10_1101_2022_03_10_483747THD0007__rep0012,Fibroblasts PLIN2+,0.6105401008555477
homosapiens_None_2023_None_sikkemalisa_001_d10_1101_2022_03_10_483747THD0007__rep0014,Fibroblasts PLIN2+,0.4176656270461332
homosapiens_None_2023_None_sikkemalisa_001_d10_1101_2022_03_10_483747THD0014__rep0001,Fibroblasts PLIN2+,0.6226967503096661
homosapiens_None_2023_None_sikkemalisa_001_d10_1101_2022_03_10_483747THD0014__rep0002,Fibroblasts PLIN2+,0.6141909616066359
homosapiens_None_2023_None_sikkemalisa_001_d10_1101_2022_03_10_483747THD0014__rep0003,Fibroblasts PLIN2+,0.6025231951208281
homosapiens_None_2023_None_sikkemalisa_001_d10_1101_2022_03_10_483747THD0014__rep0004,Fibroblasts PLIN2+,0.5955540161622479
homosapiens_None_2023_None_sikkemalisa_001_d10_1101_2022_03_10_483747THD0014__rep0005,Fibroblasts PLIN2+,0.5809312430663559
homosapiens_None_2023_None_sikkemalisa_001_d10_1101_2022_03_10_483747THD0014__rep0006,Fibroblasts PLIN2+,0.6070145787094265
homosapiens_None_2023_None_sikkemalisa_001_d10_1101_2022_03_10_483747THD0014__rep0007,Fibroblasts PLIN2+,0.56510128361289
homosapiens_None_2023_None_sikkemalisa_001_d10_1101_2022_03_10_483747THD0014__rep0008,Fibroblasts PLIN2+,0.5546136670819486
homosapiens_None_2023_None_sikkemalisa_001_d10_1101_2022_03_10_483747THD0014__rep0009,Fibroblasts PLIN2+,0.5761717295095368
homosapiens_None_2023_None_sikkemalisa_001_d10_1101_2022_03_10_483747THD0014__rep0010,Fibroblasts PLIN2+,0.5532287897127969
homosapiens_None_2023_None_sikkemalisa_001_d10_1101_2022_03_10_483747THD0014__rep0011,Fibroblasts PLIN2+,0.5747115006222607
homosapiens_None_2023_None_sikkemalisa_001_d10_1101_2022_03_10_483747THD0014__rep0014,Fibroblasts PLIN2+,0.5697377039620528
homosapiens_None_2023_None_sikkemalisa_001_d10_1101_2022_03_10_483747VUHD103__rep0000,Fibroblasts PLIN2+,0.5577756861316564
homosapiens_None_2023_None_sikkemalisa_001_d10_1101_2022_03_10_483747VUHD103__rep0001,Fibroblasts PLIN2+,0.584139444293071
homosapiens_None_2023_None_sikkemalisa_001_d10_1101_2022_03_10_483747VUHD103__rep0002,Fibroblasts PLIN2+,0.5743835739204757
homosapiens_None_2023_None_sikkemalisa_001_d10_1101_2022_03_10_483747VUHD103__rep0003,Fibroblasts PLIN2+,0.3629843487058664
homosapiens_None_2023_None_sikkemalisa_001_d10_1101_2022_03_10_483747VUHD103__rep0004,Fibroblasts PLIN2+,0.6100962159475062
homosapiens_None_2023_None_sikkemalisa_001_d10_1101_2022_03_10_483747VUHD103__rep0005,Fibroblasts PLIN2+,0.4121669765110141
homosapiens_None_2023_None_sikkemalisa_001_d10_1101_2022_03_10_483747VUHD103__rep0006,Fibroblasts PLIN2+,0.6403087566723771
homosapiens_None_2023_None_sikkemalisa_001_d10_1101_2022_03_10_483747VUHD103__rep0007,Fibroblasts PLIN2+,0.6161146826887447
homosapiens_None_2023_None_sikkemalisa_001_d10_1101_2022_03_10_483747VUHD103__rep0009,Fibroblasts PLIN2+,0.610455724581081
homosapiens_None_2023_None_sikkemalisa_001_d10_1101_2022_03_10_483747VUHD103__rep0010,Fibroblasts PLIN2+,0.6411125059581029
homosapiens_None_2023_None_sikkemalisa_001_d10_1101_2022_03_10_483747VUHD103__rep0011,Fibroblasts PLIN2+,0.6400326652503759
homosapiens_None_2023_None_sikkemalisa_001_d10_1101_2022_03_10_483747VUHD103__rep0012,Fibroblasts PLIN2+,0.5995205290424809
homosapiens_None_2023_None_sikkemalisa_001_d10_1101_2022_03_10_483747VUHD103__rep0013,Fibroblasts PLIN2+,0.4837285307657283
homosapiens_None_2023_None_sikkemalisa_001_d10_1101_2022_03_10_483747VUHD103__rep0014,Fibroblasts PLIN2+,0.6523970686319203
homosapiens_None_2023_None_sikkemalisa_001_d10_1101_2022_03_10_483747THD0014__rep0000,Goblet,0.4302382653129097
homosapiens_None_2023_None_sikkemalisa_001_d10_1101_2022_03_10_483747THD0014__rep0001,Goblet,0.4809397666020056
homosapiens_None_2023_None_sikkemalisa_001_d10_1101_2022_03_10_483747THD0014__rep0002,Goblet,0.5047177985557654
homosapiens_None_2023_None_sikkemalisa_001_d10_1101_2022_03_10_483747THD0014__rep0003,Goblet,0.5201577487451349
homosapiens_None_2023_None_sikkemalisa_001_d10_1101_2022_03_10_483747THD0014__rep0005,Goblet,0.5485688925613363
homosapiens_None_2023_None_sikkemalisa_001_d10_1101_2022_03_10_483747THD0014__rep0006,Goblet,0.4096401452097186
homosapiens_None_2023_None_sikkemalisa_001_d10_1101_2022_03_10_483747THD0014__rep0007,Goblet,0.238589724664589
homosapiens_None_2023_None_sikkemalisa_001_d10_1101_2022_03_10_483747THD0014__rep0008,Goblet,0.3631828113495893
homosapiens_None_2023_None_sikkemalisa_001_d10_1101_2022_03_10_483747THD0014__rep0009,Goblet,0.4022056760880799
homosapiens_None_2023_None_sikkemalisa_001_d10_1101_2022_03_10_483747THD0014__rep0010,Goblet,0.4168698139742702
homosapiens_None_2023_None_sikkemalisa_001_d10_1101_2022_03_10_483747THD0014__rep0011,Goblet,0.3522851000144734
homosapiens_None_2023_None_sikkemalisa_001_d10_1101_2022_03_10_483747THD0014__rep0012,Goblet,0.4370641014675512
homosapiens_None_2023_None_sikkemalisa_001_d10_1101_2022_03_10_483747THD0014__rep0013,Goblet,0.5387307043763244
homosapiens_None_2023_None_sikkemalisa_001_d10_1101_2022_03_10_483747VUHD103__rep0000,Goblet,0.1606866528314168
homosapiens_None_2023_None_sikkemalisa_001_d10_1101_2022_03_10_483747VUHD103__rep0001,Goblet,0.2479360354375735
homosapiens_None_2023_None_sikkemalisa_001_d10_1101_2022_03_10_483747VUHD103__rep0002,Goblet,0.2525295016608257
homosapiens_None_2023_None_sikkemalisa_001_d10_1101_2022_03_10_483747VUHD103__rep0003,Goblet,0.2522136310066208
homosapiens_None_2023_None_sikkemalisa_001_d10_1101_2022_03_10_483747VUHD103__rep0004,Goblet,0.2159151365049509
homosapiens_None_2023_None_sikkemalisa_001_d10_1101_2022_03_10_483747VUHD103__rep0005,Goblet,0.1792458284114405
homosapiens_None_2023_None_sikkemalisa_001_d10_1101_2022_03_10_483747VUHD103__rep0006,Goblet,0.2627400593759275
homosapiens_None_2023_None_sikkemalisa_001_d10_1101_2022_03_10_483747VUHD103__rep0007,Goblet,0.2217430797963498
homosapiens_None_2023_None_sikkemalisa_001_d10_1101_2022_03_10_483747VUHD103__rep0008,Goblet,0.2794070432634474
homosapiens_None_2023_None_sikkemalisa_001_d10_1101_2022_03_10_483747VUHD103__rep0009,Goblet,0.2532988399263429
homosapiens_None_2023_None_sikkemalisa_001_d10_1101_2022_03_10_483747VUHD103__rep0010,Goblet,0.2463136609890139
homosapiens_None_2023_None_sikkemalisa_001_d10_1101_2022_03_10_483747VUHD103__rep0011,Goblet,0.2326401345870857
homosapiens_None_2023_None_sikkemalisa_001_d10_1101_2022_03_10_483747VUHD103__rep0012,Goblet,0.234164908025599
homosapiens_None_2023_None_sikkemalisa_001_d10_1101_2022_03_10_483747VUHD103__rep0013,Goblet,0.2352289890592932
homosapiens_None_2023_None_sikkemalisa_001_d10_1101_2022_03_10_483747VUHD103__rep0014,Goblet,0.175016793114439
homosapiens_None_2023_None_sikkemalisa_001_d10_1101_2022_03_10_483747THD0007__rep0000,Macrophages MARCO-,0.3294114972456302
homosapiens_None_2023_None_sikkemalisa_001_d10_1101_2022_03_10_483747THD0007__rep0001,Macrophages MARCO-,0.328735947126043
homosapiens_None_2023_None_sikkemalisa_001_d10_1101_2022_03_10_483747THD0007__rep0002,Macrophages MARCO-,0.2887412743471295
homosapiens_None_2023_None_sikkemalisa_001_d10_1101_2022_03_10_483747THD0007__rep0003,Macrophages MARCO-,0.315253664134173
homosapiens_None_2023_None_sikkemalisa_001_d10_1101_2022_03_10_483747THD0007__rep0004,Macrophages MARCO-,0.3356459883254827
homosapiens_None_2023_None_sikkemalisa_001_d10_1101_2022_03_10_483747THD0007__rep0005,Macrophages MARCO-,0.3251821833697721
homosapiens_None_2023_None_sikkemalisa_001_d10_1101_2022_03_10_483747THD0007__rep0007,Macrophages MARCO-,0.3142979207698015
homosapiens_None_2023_None_sikkemalisa_001_d10_1101_2022_03_10_483747THD0007__rep0008,Macrophages MARCO-,0.3794477007060808
homosapiens_None_2023_None_sikkemalisa_001_d10_1101_2022_03_10_483747THD0007__rep0009,Macrophages MARCO-,0.2805960515681287
homosapiens_None_2023_None_sikkemalisa_001_d10_1101_2022_03_10_483747THD0007__rep0010,Macrophages MARCO-,0.4206872721323348
homosapiens_None_2023_None_sikkemalisa_001_d10_1101_2022_03_10_483747THD0007__rep0011,Macrophages MARCO-,0.1936527744521868
homosapiens_None_2023_None_sikkemalisa_001_d10_1101_2022_03_10_483747THD0007__rep0012,Macrophages MARCO-,0.4211721507372197
homosapiens_None_2023_None_sikkemalisa_001_d10_1101_2022_03_10_483747THD0007__rep0013,Macrophages MARCO-,0.4424816954198002
homosapiens_None_2023_None_sikkemalisa_001_d10_1101_2022_03_10_483747THD0007__rep0014,Macrophages MARCO-,0.4184675353186483
homosapiens_None_2023_None_sikkemalisa_001_d10_1101_2022_03_10_483747THD0014__rep0001,Macrophages MARCO-,0.4603695360936772
homosapiens_None_2023_None_sikkemalisa_001_d10_1101_2022_03_10_483747THD0014__rep0003,Macrophages MARCO-,0.4201099530665361
homosapiens_None_2023_None_sikkemalisa_001_d10_1101_2022_03_10_483747THD0014__rep0004,Macrophages MARCO-,0.470186826793278
homosapiens_None_2023_None_sikkemalisa_001_d10_1101_2022_03_10_483747THD0014__rep0005,Macrophages MARCO-,0.4274549216443996
homosapiens_None_2023_None_sikkemalisa_001_d10_1101_2022_03_10_483747THD0014__rep0007,Macrophages MARCO-,0.3170311026606135
homosapiens_None_2023_None_sikkemalisa_001_d10_1101_2022_03_10_483747THD0014__rep0008,Macrophages MARCO-,0.5243683040173642
homosapiens_None_2023_None_sikkemalisa_001_d10_1101_2022_03_10_483747THD0014__rep0009,Macrophages MARCO-,0.5042675932077689
homosapiens_None_2023_None_sikkemalisa_001_d10_1101_2022_03_10_483747THD0014__rep0010,Macrophages MARCO-,0.428243948246196
homosapiens_None_2023_None_sikkemalisa_001_d10_1101_2022_03_10_483747THD0014__rep0011,Macrophages MARCO-,0.4637792901267221
homosapiens_None_2023_None_sikkemalisa_001_d10_1101_2022_03_10_483747THD0014__rep0012,Macrophages MARCO-,0.4888890890674565
homosapiens_None_2023_None_sikkemalisa_001_d10_1101_2022_03_10_483747THD0014__rep0013,Macrophages MARCO-,0.5222537848899761
homosapiens_None_2023_None_sikkemalisa_001_d10_1101_2022_03_10_483747THD0014__rep0014,Macrophages MARCO-,0.4820448428791239
homosapiens_None_2023_None_sikkemalisa_001_d10_1101_2022_03_10_483747VUHD071__rep0000,Macrophages MARCO-,0.4743872845701429
homosapiens_None_2023_None_sikkemalisa_001_d10_1101_2022_03_10_483747VUHD071__rep0001,Macrophages MARCO-,0.3973877297162326
homosapiens_None_2023_None_sikkemalisa_001_d10_1101_2022_03_10_483747VUHD071__rep0002,Macrophages MARCO-,0.4344796635378347
homosapiens_None_2023_None_sikkemalisa_001_d10_1101_2022_03_10_483747VUHD071__rep0003,Macrophages MARCO-,0.4278181676975273
homosapiens_None_2023_None_sikkemalisa_001_d10_1101_2022_03_10_483747VUHD071__rep0004,Macrophages MARCO-,0.5246196814192848
homosapiens_None_2023_None_sikkemalisa_001_d10_1101_2022_03_10_483747VUHD071__rep0005,Macrophages MARCO-,0.5092294401237252
homosapiens_None_2023_None_sikkemalisa_001_d10_1101_2022_03_10_483747VUHD071__rep0006,Macrophages MARCO-,0.4873959638855661
homosapiens_None_2023_None_sikkemalisa_001_d10_1101_2022_03_10_483747VUHD071__rep0007,Macrophages MARCO-,0.544161083936905
homosapiens_None_2023_None_sikkemalisa_001_d10_1101_2022_03_10_483747VUHD071__rep0008,Macrophages MARCO-,0.5452797770071243
homosapiens_None_2023_None_sikkemalisa_001_d10_1101_2022_03_10_483747VUHD071__rep0010,Macrophages MARCO-,0.5119544609357237
homosapiens_None_2023_None_sikkemalisa_001_d10_1101_2022_03_10_483747VUHD071__rep0011,Macrophages MARCO-,0.5837898012270042
homosapiens_None_2023_None_sikkemalisa_001_d10_1101_2022_03_10_483747VUHD071__rep0012,Macrophages MARCO-,0.5611004109416824
homosapiens_None_2023_None_sikkemalisa_001_d10_1101_2022_03_10_483747VUHD071__rep0013,Macrophages MARCO-,0.5621852654042417
homosapiens_None_2023_None_sikkemalisa_001_d10_1101_2022_03_10_483747VUHD071__rep0014,Macrophages MARCO-,0.5176545234744243
homosapiens_None_2023_None_sikkemalisa_001_d10_1101_2022_03_10_483747VUHD077__rep0000,Macrophages MARCO-,0.5462732038451836
homosapiens_None_2023_None_sikkemalisa_001_d10_1101_2022_03_10_483747VUHD077__rep0002,Macrophages MARCO-,0.4745356456208033
homosapiens_None_2023_None_sikkemalisa_001_d10_1101_2022_03_10_483747VUHD077__rep0003,Macrophages MARCO-,0.4833312400697444
homosapiens_None_2023_None_sikkemalisa_001_d10_1101_2022_03_10_483747VUHD077__rep0004,Macrophages MARCO-,0.5884996121590188
homosapiens_None_2023_None_sikkemalisa_001_d10_1101_2022_03_10_483747VUHD077__rep0005,Macrophages MARCO-,0.5816471528847582
homosapiens_None_2023_None_sikkemalisa_001_d10_1101_2022_03_10_483747VUHD077__rep0006,Macrophages MARCO-,0.5828822413809931
homosapiens_None_2023_None_sikkemalisa_001_d10_1101_2022_03_10_483747VUHD077__rep0007,Macrophages MARCO-,0.3058034839976768
homosapiens_None_2023_None_sikkemalisa_001_d10_1101_2022_03_10_483747VUHD077__rep0008,Macrophages MARCO-,0.6042428652608016
homosapiens_None_2023_None_sikkemalisa_001_d10_1101_2022_03_10_483747VUHD077__rep0009,Macrophages MARCO-,0.6164518634037284
homosapiens_None_2023_None_sikkemalisa_001_d10_1101_2022_03_10_483747VUHD077__rep0010,Macrophages MARCO-,0.5915407174303052
homosapiens_None_2023_None_sikkemalisa_001_d10_1101_2022_03_10_483747VUHD077__rep0011,Macrophages MARCO-,0.6115239927773453
homosapiens_None_2023_None_sikkemalisa_001_d10_1101_2022_03_10_483747VUHD077__rep0013,Macrophages MARCO-,0.6228036464493057
homosapiens_None_2023_None_sikkemalisa_001_d10_1101_2022_03_10_483747VUHD077__rep0014,Macrophages MARCO-,0.5929372316435899
homosapiens_None_2023_None_sikkemalisa_001_d10_1101_2022_03_10_483747VUHD103__rep0000,Macrophages MARCO-,0.6210138588900823
homosapiens_None_2023_None_sikkemalisa_001_d10_1101_2022_03_10_483747VUHD103__rep0001,Macrophages MARCO-,0.6188179596669091
homosapiens_None_2023_None_sikkemalisa_001_d10_1101_2022_03_10_483747VUHD103__rep0002,Macrophages MARCO-,0.6358846982364703
homosapiens_None_2023_None_sikkemalisa_001_d10_1101_2022_03_10_483747VUHD103__rep0003,Macrophages MARCO-,0.4933536926570198
homosapiens_None_2023_None_sikkemalisa_001_d10_1101_2022_03_10_483747VUHD103__rep0004,Macrophages MARCO-,0.4664342967513502
homosapiens_None_2023_None_sikkemalisa_001_d10_1101_2022_03_10_483747VUHD103__rep0005,Macrophages MARCO-,0.6015702793820974
homosapiens_None_2023_None_sikkemalisa_001_d10_1101_2022_03_10_483747VUHD103__rep0006,Macrophages MARCO-,0.6107585320729999
homosapiens_None_2023_None_sikkemalisa_001_d10_1101_2022_03_10_483747VUHD103__rep0007,Macrophages MARCO-,0.4509497203283148
homosapiens_None_2023_None_sikkemalisa_001_d10_1101_2022_03_10_483747VUHD103__rep0008,Macrophages MARCO-,0.6511158991307311
homosapiens_None_2023_None_sikkemalisa_001_d10_1101_2022_03_10_483747VUHD103__rep0009,Macrophages MARCO-,0.6037569645111367
homosapiens_None_2023_None_sikkemalisa_001_d10_1101_2022_03_10_483747VUHD103__rep0010,Macrophages MARCO-,0.6542874389998021
homosapiens_None_2023_None_sikkemalisa_001_d10_1101_2022_03_10_483747VUHD103__rep0011,Macrophages MARCO-,0.5894429092961262
homosapiens_None_2023_None_sikkemalisa_001_d10_1101_2022_03_10_483747VUHD103__rep0012,Macrophages MARCO-,0.6450372324350158
homosapiens_None_2023_None_sikkemalisa_001_d10_1101_2022_03_10_483747VUHD103__rep0013,Macrophages MARCO-,0.6218037154827928
homosapiens_None_2023_None_sikkemalisa_001_d10_1101_2022_03_10_483747VUHD103__rep0014,Macrophages MARCO-,0.6238748967369495
homosapiens_None_2023_None_sikkemalisa_001_d10_1101_2022_03_10_483747VUHD69__rep0000,Macrophages MARCO-,0.5061753746391285
homosapiens_None_2023_None_sikkemalisa_001_d10_1101_2022_03_10_483747VUHD69__rep0001,Macrophages MARCO-,0.5791350528263133
homosapiens_None_2023_None_sikkemalisa_001_d10_1101_2022_03_10_483747VUHD69__rep0002,Macrophages MARCO-,0.5803560137729362
homosapiens_None_2023_None_sikkemalisa_001_d10_1101_2022_03_10_483747VUHD69__rep0003,Macrophages MARCO-,0.5728722267027666
homosapiens_None_2023_None_sikkemalisa_001_d10_1101_2022_03_10_483747VUHD69__rep0004,Macrophages MARCO-,0.5656208289490133
homosapiens_None_2023_None_sikkemalisa_001_d10_1101_2022_03_10_483747VUHD69__rep0005,Macrophages MARCO-,0.5755688409341576
homosapiens_None_2023_None_sikkemalisa_001_d10_1101_2022_03_10_483747VUHD69__rep0006,Macrophages MARCO-,0.5823214915604055
homosapiens_None_2023_None_sikkemalisa_001_d10_1101_2022_03_10_483747VUHD69__rep0007,Macrophages MARCO-,0.4613895803485148
homosapiens_None_2023_None_sikkemalisa_001_d10_1101_2022_03_10_483747VUHD69__rep0008,Macrophages MARCO-,0.5723015263379279
homosapiens_None_2023_None_sikkemalisa_001_d10_1101_2022_03_10_483747VUHD69__rep0009,Macrophages MARCO-,0.5437404191276491
homosapiens_None_2023_None_sikkemalisa_001_d10_1101_2022_03_10_483747VUHD69__rep0010,Macrophages MARCO-,0.5901631171608764
homosapiens_None_2023_None_sikkemalisa_001_d10_1101_2022_03_10_483747VUHD69__rep0011,Macrophages MARCO-,0.5750009697680547
homosapiens_None_2023_None_sikkemalisa_001_d10_1101_2022_03_10_483747VUHD69__rep0012,Macrophages MARCO-,0.5819578984349836
homosapiens_None_2023_None_sikkemalisa_001_d10_1101_2022_03_10_483747VUHD69__rep0013,Macrophages MARCO-,0.5746306071231215
homosapiens_None_2023_None_sikkemalisa_001_d10_1101_2022_03_10_483747VUHD69__rep0014,Macrophages MARCO-,0.5284981328839923
homosapiens_None_2023_None_sikkemalisa_001_d10_1101_2022_03_10_483747VUHD85__rep0000,Macrophages MARCO-,0.6222418927630885
homosapiens_None_2023_None_sikkemalisa_001_d10_1101_2022_03_10_483747VUHD85__rep0001,Macrophages MARCO-,0.6239968453387514
homosapiens_None_2023_None_sikkemalisa_001_d10_1101_2022_03_10_483747VUHD85__rep0002,Macrophages MARCO-,0.6231640089041648
homosapiens_None_2023_None_sikkemalisa_001_d10_1101_2022_03_10_483747VUHD85__rep0004,Macrophages MARCO-,0.622552422522725
homosapiens_None_2023_None_sikkemalisa_001_d10_1101_2022_03_10_483747VUHD85__rep0005,Macrophages MARCO-,0.6243497833253671
homosapiens_None_2023_None_sikkemalisa_001_d10_1101_2022_03_10_483747VUHD85__rep0006,Macrophages MARCO-,0.5155037687440657
homosapiens_None_2023_None_sikkemalisa_001_d10_1101_2022_03_10_483747VUHD85__rep0007,Macrophages MARCO-,0.4616342658159194
homosapiens_None_2023_None_sikkemalisa_001_d10_1101_2022_03_10_483747VUHD85__rep0008,Macrophages MARCO-,0.624343163217179
homosapiens_None_2023_None_sikkemalisa_001_d10_1101_2022_03_10_483747VUHD85__rep0009,Macrophages MARCO-,0.6225919300864773
homosapiens_None_2023_None_sikkemalisa_001_d10_1101_2022_03_10_483747VUHD85__rep0010,Macrophages MARCO-,0.6227400950574268
homosapiens_None_2023_None_sikkemalisa_001_d10_1101_2022_03_10_483747VUHD85__rep0011,Macrophages MARCO-,0.4374187122512192
homosapiens_None_2023_None_sikkemalisa_001_d10_1101_2022_03_10_483747VUHD85__rep0012,Macrophages MARCO-,0.5201554323951152
homosapiens_None_2023_None_sikkemalisa_001_d10_1101_2022_03_10_483747VUHD85__rep0013,Macrophages MARCO-,0.6165396047029517
homosapiens_None_2023_None_sikkemalisa_001_d10_1101_2022_03_10_483747VUHD85__rep0014,Macrophages MARCO-,0.6235653765926
homosapiens_None_2023_None_sikkemalisa_001_d10_1101_2022_03_10_483747THD0007__rep0000,Macrophages SPP1 high,0.6011390227964195
homosapiens_None_2023_None_sikkemalisa_001_d10_1101_2022_03_10_483747THD0007__rep0001,Macrophages SPP1 high,0.5963778584135644
homosapiens_None_2023_None_sikkemalisa_001_d10_1101_2022_03_10_483747THD0007__rep0002,Macrophages SPP1 high,0.5932320849693222
homosapiens_None_2023_None_sikkemalisa_001_d10_1101_2022_03_10_483747THD0007__rep0003,Macrophages SPP1 high,0.3650263071252482
homosapiens_None_2023_None_sikkemalisa_001_d10_1101_2022_03_10_483747THD0007__rep0004,Macrophages SPP1 high,0.6034542741485708
homosapiens_None_2023_None_sikkemalisa_001_d10_1101_2022_03_10_483747THD0007__rep0005,Macrophages SPP1 high,0.5700373768624889
homosapiens_None_2023_None_sikkemalisa_001_d10_1101_2022_03_10_483747THD0007__rep0006,Macrophages SPP1 high,0.590792526780561
homosapiens_None_2023_None_sikkemalisa_001_d10_1101_2022_03_10_483747THD0007__rep0007,Macrophages SPP1 high,0.5723522406014634
homosapiens_None_2023_None_sikkemalisa_001_d10_1101_2022_03_10_483747THD0007__rep0008,Macrophages SPP1 high,0.6026278597305519
homosapiens_None_2023_None_sikkemalisa_001_d10_1101_2022_03_10_483747THD0007__rep0011,Macrophages SPP1 high,0.5626845388007875
homosapiens_None_2023_None_sikkemalisa_001_d10_1101_2022_03_10_483747THD0007__rep0012,Macrophages SPP1 high,0.6020620612807472
homosapiens_None_2023_None_sikkemalisa_001_d10_1101_2022_03_10_483747THD0007__rep0013,Macrophages SPP1 high,0.5948937634621689
homosapiens_None_2023_None_sikkemalisa_001_d10_1101_2022_03_10_483747THD0007__rep0014,Macrophages SPP1 high,0.6047255119346623
homosapiens_None_2023_None_sikkemalisa_001_d10_1101_2022_03_10_483747THD0014__rep0000,Macrophages SPP1 high,0.538540873325101
homosapiens_None_2023_None_sikkemalisa_001_d10_1101_2022_03_10_483747THD0014__rep0001,Macrophages SPP1 high,0.5358946836265355
homosapiens_None_2023_None_sikkemalisa_001_d10_1101_2022_03_10_483747THD0014__rep0002,Macrophages SPP1 high,0.5385056550963732
homosapiens_None_2023_None_sikkemalisa_001_d10_1101_2022_03_10_483747THD0014__rep0003,Macrophages SPP1 high,0.5059353028028404
homosapiens_None_2023_None_sikkemalisa_001_d10_1101_2022_03_10_483747THD0014__rep0004,Macrophages SPP1 high,0.5319479686544493
homosapiens_None_2023_None_sikkemalisa_001_d10_1101_2022_03_10_483747THD0014__rep0006,Macrophages SPP1 high,0.5254862716585197
homosapiens_None_2023_None_sikkemalisa_001_d10_1101_2022_03_10_483747THD0014__rep0007,Macrophages SPP1 high,0.4879196955127016
homosapiens_None_2023_None_sikkemalisa_001_d10_1101_2022_03_10_483747THD0014__rep0008,Macrophages SPP1 high,0.5306281905010869
homosapiens_None_2023_None_sikkemalisa_001_d10_1101_2022_03_10_483747THD0014__rep0009,Macrophages SPP1 high,0.537695388555472
homosapiens_None_2023_None_sikkemalisa_001_d10_1101_2022_03_10_483747THD0014__rep0011,Macrophages SPP1 high,0.4481310297973324
homosapiens_None_2023_None_sikkemalisa_001_d10_1101_2022_03_10_483747THD0014__rep0012,Macrophages SPP1 high,0.532422150938797
homosapiens_None_2023_None_sikkemalisa_001_d10_1101_2022_03_10_483747THD0014__rep0013,Macrophages SPP1 high,0.4908972981695722
homosapiens_None_2023_None_sikkemalisa_001_d10_1101_2022_03_10_483747VUHD071__rep0000,Macrophages SPP1 high,0.5187087662339233
homosapiens_None_2023_None_sikkemalisa_001_d10_1101_2022_03_10_483747VUHD071__rep0001,Macrophages SPP1 high,0.446530477375004
homosapiens_None_2023_None_sikkemalisa_001_d10_1101_2022_03_10_483747VUHD071__rep0002,Macrophages SPP1 high,0.5559433937934012
homosapiens_None_2023_None_sikkemalisa_001_d10_1101_2022_03_10_483747VUHD071__rep0003,Macrophages SPP1 high,0.5248269631320206
homosapiens_None_2023_None_sikkemalisa_001_d10_1101_2022_03_10_483747VUHD071__rep0004,Macrophages SPP1 high,0.5610869256062239
homosapiens_None_2023_None_sikkemalisa_001_d10_1101_2022_03_10_483747VUHD071__rep0005,Macrophages SPP1 high,0.5582876434658937
homosapiens_None_2023_None_sikkemalisa_001_d10_1101_2022_03_10_483747VUHD071__rep0006,Macrophages SPP1 high,0.5413082636004675
homosapiens_None_2023_None_sikkemalisa_001_d10_1101_2022_03_10_483747VUHD071__rep0007,Macrophages SPP1 high,0.5370792119737038
homosapiens_None_2023_None_sikkemalisa_001_d10_1101_2022_03_10_483747VUHD071__rep0008,Macrophages SPP1 high,0.5571954542000528
homosapiens_None_2023_None_sikkemalisa_001_d10_1101_2022_03_10_483747VUHD071__rep0010,Macrophages SPP1 high,0.55622153662934
homosapiens_None_2023_None_sikkemalisa_001_d10_1101_2022_03_10_483747VUHD071__rep0011,Macrophages SPP1 high,0.5538061635974391
homosapiens_None_2023_None_sikkemalisa_001_d10_1101_2022_03_10_483747VUHD071__rep0012,Macrophages SPP1 high,0.4686535861267858
homosapiens_None_2023_None_sikkemalisa_001_d10_1101_2022_03_10_483747VUHD071__rep0013,Macrophages SPP1 high,0.4065446420377391
homosapiens_None_2023_None_sikkemalisa_001_d10_1101_2022_03_10_483747VUHD071__rep0014,Macrophages SPP1 high,0.5258061468358537
homosapiens_None_2023_None_sikkemalisa_001_d10_1101_2022_03_10_483747VUHD077__rep0000,Macrophages SPP1 high,0.47188682087091
homosapiens_None_2023_None_sikkemalisa_001_d10_1101_2022_03_10_483747VUHD077__rep0001,Macrophages SPP1 high,0.4909332036736444
homosapiens_None_2023_None_sikkemalisa_001_d10_1101_2022_03_10_483747VUHD077__rep0002,Macrophages SPP1 high,0.4642599853297692
homosapiens_None_2023_None_sikkemalisa_001_d10_1101_2022_03_10_483747VUHD077__rep0003,Macrophages SPP1 high,0.3420722937666518
homosapiens_None_2023_None_sikkemalisa_001_d10_1101_2022_03_10_483747VUHD077__rep0004,Macrophages SPP1 high,0.4871747435342527
homosapiens_None_2023_None_sikkemalisa_001_d10_1101_2022_03_10_483747VUHD077__rep0005,Macrophages SPP1 high,0.4899492252935714
homosapiens_None_2023_None_sikkemalisa_001_d10_1101_2022_03_10_483747VUHD077__rep0007,Macrophages SPP1 high,0.4925401477523654
homosapiens_None_2023_None_sikkemalisa_001_d10_1101_2022_03_10_483747VUHD077__rep0008,Macrophages SPP1 high,0.4807619005961198
homosapiens_None_2023_None_sikkemalisa_001_d10_1101_2022_03_10_483747VUHD077__rep0009,Macrophages SPP1 high,0.4950480699763106
homosapiens_None_2023_None_sikkemalisa_001_d10_1101_2022_03_10_483747VUHD077__rep0010,Macrophages SPP1 high,0.4967997541142749
homosapiens_None_2023_None_sikkemalisa_001_d10_1101_2022_03_10_483747VUHD077__rep0011,Macrophages SPP1 high,0.4917696455201567
homosapiens_None_2023_None_sikkemalisa_001_d10_1101_2022_03_10_483747VUHD077__rep0012,Macrophages SPP1 high,0.4716325057857223
homosapiens_None_2023_None_sikkemalisa_001_d10_1101_2022_03_10_483747VUHD077__rep0013,Macrophages SPP1 high,0.490101553589527
homosapiens_None_2023_None_sikkemalisa_001_d10_1101_2022_03_10_483747VUHD103__rep0000,Macrophages SPP1 high,0.5451338697290973
homosapiens_None_2023_None_sikkemalisa_001_d10_1101_2022_03_10_483747VUHD103__rep0001,Macrophages SPP1 high,0.4738577193212792
homosapiens_None_2023_None_sikkemalisa_001_d10_1101_2022_03_10_483747VUHD103__rep0002,Macrophages SPP1 high,0.5203608863056011
homosapiens_None_2023_None_sikkemalisa_001_d10_1101_2022_03_10_483747VUHD103__rep0004,Macrophages SPP1 high,0.4893128690213397
homosapiens_None_2023_None_sikkemalisa_001_d10_1101_2022_03_10_483747VUHD103__rep0005,Macrophages SPP1 high,0.5232581356725629
homosapiens_None_2023_None_sikkemalisa_001_d10_1101_2022_03_10_483747VUHD103__rep0006,Macrophages SPP1 high,0.5297485371011014
homosapiens_None_2023_None_sikkemalisa_001_d10_1101_2022_03_10_483747VUHD103__rep0007,Macrophages SPP1 high,0.5381198284702828
homosapiens_None_2023_None_sikkemalisa_001_d10_1101_2022_03_10_483747VUHD103__rep0008,Macrophages SPP1 high,0.5400655047139151
homosapiens_None_2023_None_sikkemalisa_001_d10_1101_2022_03_10_483747VUHD103__rep0009,Macrophages SPP1 high,0.5169794301907741
homosapiens_None_2023_None_sikkemalisa_001_d10_1101_2022_03_10_483747VUHD103__rep0010,Macrophages SPP1 high,0.4464893369828949
homosapiens_None_2023_None_sikkemalisa_001_d10_1101_2022_03_10_483747VUHD103__rep0011,Macrophages SPP1 high,0.5408211807136021
homosapiens_None_2023_None_sikkemalisa_001_d10_1101_2022_03_10_483747VUHD103__rep0012,Macrophages SPP1 high,0.3693620402595893
homosapiens_None_2023_None_sikkemalisa_001_d10_1101_2022_03_10_483747VUHD103__rep0013,Macrophages SPP1 high,0.4063279430626882
homosapiens_None_2023_None_sikkemalisa_001_d10_1101_2022_03_10_483747VUHD69__rep0000,Macrophages SPP1 high,0.5859024303516233
homosapiens_None_2023_None_sikkemalisa_001_d10_1101_2022_03_10_483747VUHD69__rep0001,Macrophages SPP1 high,0.587516529450272
homosapiens_None_2023_None_sikkemalisa_001_d10_1101_2022_03_10_483747VUHD69__rep0002,Macrophages SPP1 high,0.5692132581650834
homosapiens_None_2023_None_sikkemalisa_001_d10_1101_2022_03_10_483747VUHD69__rep0003,Macrophages SPP1 high,0.5710981291580122
homosapiens_None_2023_None_sikkemalisa_001_d10_1101_2022_03_10_483747VUHD69__rep0005,Macrophages SPP1 high,0.5579954691448502
homosapiens_None_2023_None_sikkemalisa_001_d10_1101_2022_03_10_483747VUHD69__rep0006,Macrophages SPP1 high,0.5736995702787022
homosapiens_None_2023_None_sikkemalisa_001_d10_1101_2022_03_10_483747VUHD69__rep0007,Macrophages SPP1 high,0.5578339903017479
homosapiens_None_2023_None_sikkemalisa_001_d10_1101_2022_03_10_483747VUHD69__rep0008,Macrophages SPP1 high,0.5773681417894673
homosapiens_None_2023_None_sikkemalisa_001_d10_1101_2022_03_10_483747VUHD69__rep0009,Macrophages SPP1 high,0.5418016961596016
homosapiens_None_2023_None_sikkemalisa_001_d10_1101_2022_03_10_483747VUHD69__rep0010,Macrophages SPP1 high,0.5430090027192
homosapiens_None_2023_None_sikkemalisa_001_d10_1101_2022_03_10_483747VUHD69__rep0011,Macrophages SPP1 high,0.5655536439262872
homosapiens_None_2023_None_sikkemalisa_001_d10_1101_2022_03_10_483747VUHD69__rep0012,Macrophages SPP1 high,0.54785235469798
homosapiens_None_2023_None_sikkemalisa_001_d10_1101_2022_03_10_483747VUHD69__rep0013,Macrophages SPP1 high,0.5776175810472703
homosapiens_None_2023_None_sikkemalisa_001_d10_1101_2022_03_10_483747VUHD69__rep0014,Macrophages SPP1 high,0.5345989484165516
homosapiens_None_2023_None_sikkemalisa_001_d10_1101_2022_03_10_483747VUHD071__rep0001,NK cells,0.421732361385392
homosapiens_None_2023_None_sikkemalisa_001_d10_1101_2022_03_10_483747VUHD071__rep0002,NK cells,0.4722968123175258
homosapiens_None_2023_None_sikkemalisa_001_d10_1101_2022_03_10_483747VUHD071__rep0003,NK cells,0.4012082900485754
homosapiens_None_2023_None_sikkemalisa_001_d10_1101_2022_03_10_483747VUHD071__rep0004,NK cells,0.4426126825558386
homosapiens_None_2023_None_sikkemalisa_001_d10_1101_2022_03_10_483747VUHD071__rep0005,NK cells,0.4628624497240036
homosapiens_None_2023_None_sikkemalisa_001_d10_1101_2022_03_10_483747VUHD071__rep0008,NK cells,0.4727652597277915
homosapiens_None_2023_None_sikkemalisa_001_d10_1101_2022_03_10_483747VUHD071__rep0009,NK cells,0.442643973976549
homosapiens_None_2023_None_sikkemalisa_001_d10_1101_2022_03_10_483747VUHD071__rep0010,NK cells,0.4716223597436201
homosapiens_None_2023_None_sikkemalisa_001_d10_1101_2022_03_10_483747VUHD071__rep0011,NK cells,0.471253739624408
homosapiens_None_2023_None_sikkemalisa_001_d10_1101_2022_03_10_483747VUHD071__rep0012,NK cells,0.4777750345393661
homosapiens_None_2023_None_sikkemalisa_001_d10_1101_2022_03_10_483747VUHD071__rep0013,NK cells,0.4633871284664298
homosapiens_None_2023_None_sikkemalisa_001_d10_1101_2022_03_10_483747VUHD071__rep0014,NK cells,0.4591300116267995
homosapiens_None_2023_None_sikkemalisa_001_d10_1101_2022_03_10_483747VUHD103__rep0001,NK cells,0.4082182389853689
homosapiens_None_2023_None_sikkemalisa_001_d10_1101_2022_03_10_483747VUHD103__rep0002,NK cells,0.4607164542181635
homosapiens_None_2023_None_sikkemalisa_001_d10_1101_2022_03_10_483747VUHD103__rep0003,NK cells,0.3132410491825497
homosapiens_None_2023_None_sikkemalisa_001_d10_1101_2022_03_10_483747VUHD103__rep0004,NK cells,0.4780120485371414
homosapiens_None_2023_None_sikkemalisa_001_d10_1101_2022_03_10_483747VUHD103__rep0005,NK cells,0.4919112138053366
homosapiens_None_2023_None_sikkemalisa_001_d10_1101_2022_03_10_483747VUHD103__rep0007,NK cells,0.4885198480074311
homosapiens_None_2023_None_sikkemalisa_001_d10_1101_2022_03_10_483747VUHD103__rep0008,NK cells,0.4747763747616295
homosapiens_None_2023_None_sikkemalisa_001_d10_1101_2022_03_10_483747VUHD103__rep0009,NK cells,0.3168492351213384
homosapiens_None_2023_None_sikkemalisa_001_d10_1101_2022_03_10_483747VUHD103__rep0011,NK cells,0.4841641728007823
homosapiens_None_2023_None_sikkemalisa_001_d10_1101_2022_03_10_483747VUHD103__rep0012,NK cells,0.4415998271723733
homosapiens_None_2023_None_sikkemalisa_001_d10_1101_2022_03_10_483747VUHD103__rep0013,NK cells,0.3070096106740111
homosapiens_None_2023_None_sikkemalisa_001_d10_1101_2022_03_10_483747VUHD103__rep0014,NK cells,0.4509206177275135
homosapiens_None_2023_None_sikkemalisa_001_d10_1101_2022_03_10_483747VUHD69__rep0000,NK cells,0.637132708901077
homosapiens_None_2023_None_sikkemalisa_001_d10_1101_2022_03_10_483747VUHD69__rep0001,NK cells,0.5032590576095396
homosapiens_None_2023_None_sikkemalisa_001_d10_1101_2022_03_10_483747VUHD69__rep0002,NK cells,0.6112031067003663
homosapiens_None_2023_None_sikkemalisa_001_d10_1101_2022_03_10_483747VUHD69__rep0003,NK cells,0.5652801452342993
homosapiens_None_2023_None_sikkemalisa_001_d10_1101_2022_03_10_483747VUHD69__rep0004,NK cells,0.4100107897920927
homosapiens_None_2023_None_sikkemalisa_001_d10_1101_2022_03_10_483747VUHD69__rep0005,NK cells,0.4284188592488914
homosapiens_None_2023_None_sikkemalisa_001_d10_1101_2022_03_10_483747VUHD69__rep0006,NK cells,0.4868897456919726
homosapiens_None_2023_None_sikkemalisa_001_d10_1101_2022_03_10_483747VUHD69__rep0007,NK cells,0.6621896105956067
homosapiens_None_2023_None_sikkemalisa_001_d10_1101_2022_03_10_483747VUHD69__rep0008,NK cells,0.5564611723663819
homosapiens_None_2023_None_sikkemalisa_001_d10_1101_2022_03_10_483747VUHD69__rep0009,NK cells,0.5917767058903529
homosapiens_None_2023_None_sikkemalisa_001_d10_1101_2022_03_10_483747VUHD69__rep0010,NK cells,0.6557759509649478
homosapiens_None_2023_None_sikkemalisa_001_d10_1101_2022_03_10_483747VUHD69__rep0011,NK cells,0.6235538379614877
homosapiens_None_2023_None_sikkemalisa_001_d10_1101_2022_03_10_483747VUHD69__rep0013,NK cells,0.6565343914373561
homosapiens_None_2023_None_sikkemalisa_001_d10_1101_2022_03_10_483747VUHD69__rep0014,NK cells,0.6604523477317138
homosapiens_None_2023_None_sikkemalisa_001_d10_1101_2022_03_10_483747THD0007__rep0000,,0.5590277481280947
homosapiens_None_2023_None_sikkemalisa_001_d10_1101_2022_03_10_483747THD0007__rep0001,,0.5921407549503473
homosapiens_None_2023_None_sikkemalisa_001_d10_1101_2022_03_10_483747THD0007__rep0002,,0.5998103133606711
homosapiens_None_2023_None_sikkemalisa_001_d10_1101_2022_03_10_483747THD0007__rep0003,,0.6250778204482952
homosapiens_None_2023_None_sikkemalisa_001_d10_1101_2022_03_10_483747THD0007__rep0004,,0.6220308513407198
homosapiens_None_2023_None_sikkemalisa_001_d10_1101_2022_03_10_483747THD0007__rep0005,,0.617664344493204
homosapiens_None_2023_None_sikkemalisa_001_d10_1101_2022_03_10_483747THD0007__rep0006,,0.2783338438586436
homosapiens_None_2023_None_sikkemalisa_001_d10_1101_2022_03_10_483747THD0007__rep0007,,0.6397230290884242
homosapiens_None_2023_None_sikkemalisa_001_d10_1101_2022_03_10_483747THD0007__rep0008,,0.5610698905112035
homosapiens_None_2023_None_sikkemalisa_001_d10_1101_2022_03_10_483747THD0007__rep0009,,0.6409121111087082
homosapiens_None_2023_None_sikkemalisa_001_d10_1101_2022_03_10_483747THD0007__rep0010,,0.542947373699558
homosapiens_None_2023_None_sikkemalisa_001_d10_1101_2022_03_10_483747THD0007__rep0011,,0.6048338246543946
homosapiens_None_2023_None_sikkemalisa_001_d10_1101_2022_03_10_483747THD0007__rep0012,,0.6153248525061062
homosapiens_None_2023_None_sikkemalisa_001_d10_1101_2022_03_10_483747THD0007__rep0013,,0.6136810198454049
homosapiens_None_2023_None_sikkemalisa_001_d10_1101_2022_03_10_483747THD0007__rep0014,,0.5100753991548932
homosapiens_None_2023_None_sikkemalisa_001_d10_1101_2022_03_10_483747THD0014__rep0001,,0.495748751803662
homosapiens_None_2023_None_sikkemalisa_001_d10_1101_2022_03_10_483747THD0014__rep0002,,0.5870345001921622
homosapiens_None_2023_None_sikkemalisa_001_d10_1101_2022_03_10_483747THD0014__rep0003,,0.6022760387049018
homosapiens_None_2023_None_sikkemalisa_001_d10_1101_2022_03_10_483747THD0014__rep0004,,0.3303082583986471
homosapiens_None_2023_None_sikkemalisa_001_d10_1101_2022_03_10_483747THD0014__rep0005,,0.6183388031273296
homosapiens_None_2023_None_sikkemalisa_001_d10_1101_2022_03_10_483747THD0014__rep0006,,0.4917891160137482
homosapiens_None_2023_None_sikkemalisa_001_d10_1101_2022_03_10_483747THD0014__rep0008,,0.5901617444446619
homosapiens_None_2023_None_sikkemalisa_001_d10_1101_2022_03_10_483747THD0014__rep0009,,0.595215832479693
homosapiens_None_2023_None_sikkemalisa_001_d10_1101_2022_03_10_483747THD0014__rep0010,,0.6130588226268988
homosapiens_None_2023_None_sikkemalisa_001_d10_1101_2022_03_10_483747THD0014__rep0011,,0.6025186322275877
homosapiens_None_2023_None_sikkemalisa_001_d10_1101_2022_03_10_483747THD0014__rep0013,,0.551647219415621
homosapiens_None_2023_None_sikkemalisa_001_d10_1101_2022_03_10_483747THD0014__rep0014,,0.6153357521372054
homosapiens_None_2023_None_sikkemalisa_001_d10_1101_2022_03_10_483747VUHD071__rep0000,,0.447225927399792
homosapiens_None_2023_None_sikkemalisa_001_d10_1101_2022_03_10_483747VUHD071__rep0001,,0.2474656222767122
homosapiens_None_2023_None_sikkemalisa_001_d10_1101_2022_03_10_483747VUHD071__rep0002,,0.5792539732011304
homosapiens_None_2023_None_sikkemalisa_001_d10_1101_2022_03_10_483747VUHD071__rep0003,,0.4417679101865928
homosapiens_None_2023_None_sikkemalisa_001_d10_1101_2022_03_10_483747VUHD071__rep0004,,0.5211529122587056
homosapiens_None_2023_None_sikkemalisa_001_d10_1101_2022_03_10_483747VUHD071__rep0005,,0.3900494675597177
homosapiens_None_2023_None_sikkemalisa_001_d10_1101_2022_03_10_483747VUHD071__rep0006,,0.5867240576495506
homosapiens_None_2023_None_sikkemalisa_001_d10_1101_2022_03_10_483747VUHD071__rep0008,,0.5800209921499984
homosapiens_None_2023_None_sikkemalisa_001_d10_1101_2022_03_10_483747VUHD071__rep0009,,0.5291640281667657
homosapiens_None_2023_None_sikkemalisa_001_d10_1101_2022_03_10_483747VUHD071__rep0010,,0.5295513806678687
homosapiens_None_2023_None_sikkemalisa_001_d10_1101_2022_03_10_483747VUHD071__rep0011,,0.543254737780517
homosapiens_None_2023_None_sikkemalisa_001_d10_1101_2022_03_10_483747VUHD071__rep0012,,0.434260589131213
homosapiens_None_2023_None_sikkemalisa_001_d10_1101_2022_03_10_483747VUHD071__rep0013,,0.5799974436546202
homosapiens_None_2023_None_sikkemalisa_001_d10_1101_2022_03_10_483747VUHD071__rep0014,,0.5116618231831391
homosapiens_None_2023_None_sikkemalisa_001_d10_1101_2022_03_10_483747VUHD077__rep0000,,0.5561555857253465
homosapiens_None_2023_None_sikkemalisa_001_d10_1101_2022_03_10_483747VUHD077__rep0001,,0.4770220871662819
homosapiens_None_2023_None_sikkemalisa_001_d10_1101_2022_03_10_483747VUHD077__rep0002,,0.548550023791661
homosapiens_None_2023_None_sikkemalisa_001_d10_1101_2022_03_10_483747VUHD077__rep0003,,0.6139779324519825
homosapiens_None_2023_None_sikkemalisa_001_d10_1101_2022_03_10_483747VUHD077__rep0004,,0.5989144808153714
homosapiens_None_2023_None_sikkemalisa_001_d10_1101_2022_03_10_483747VUHD077__rep0005,,0.6145193576356339
homosapiens_None_2023_None_sikkemalisa_001_d10_1101_2022_03_10_483747VUHD077__rep0006,,0.618344981687421
homosapiens_None_2023_None_sikkemalisa_001_d10_1101_2022_03_10_483747VUHD077__rep0007,,0.6150242538660764
homosapiens_None_2023_None_sikkemalisa_001_d10_1101_2022_03_10_483747VUHD077__rep0008,,0.5109371529465756
homosapiens_None_2023_None_sikkemalisa_001_d10_1101_2022_03_10_483747VUHD077__rep0009,,0.6079236407770794
homosapiens_None_2023_None_sikkemalisa_001_d10_1101_2022_03_10_483747VUHD077__rep0010,,0.5943724100748665
homosapiens_None_2023_None_sikkemalisa_001_d10_1101_2022_03_10_483747VUHD077__rep0011,,0.6012567426474191
homosapiens_None_2023_None_sikkemalisa_001_d10_1101_2022_03_10_483747VUHD077__rep0012,,0.58489619973294
homosapiens_None_2023_None_sikkemalisa_001_d10_1101_2022_03_10_483747VUHD077__rep0014,,0.6148561196439681
homosapiens_None_2023_None_sikkemalisa_001_d10_1101_2022_03_10_483747VUHD103__rep0000,,0.3742286105015193
homosapiens_None_2023_None_sikkemalisa_001_d10_1101_2022_03_10_483747VUHD103__rep0001,,0.504863394198026
homosapiens_None_2023_None_sikkemalisa_001_d10_1101_2022_03_10_483747VUHD103__rep0002,,0.5629443296693267
homosapiens_None_2023_None_sikkemalisa_001_d10_1101_2022_03_10_483747VUHD103__rep0003,,0.2274030722104327
homosapiens_None_2023_None_sikkemalisa_001_d10_1101_2022_03_10_483747VUHD103__rep0004,,0.5920796033816706
homosapiens_None_2023_None_sikkemalisa_001_d10_1101_2022_03_10_483747VUHD103__rep0005,,0.6010962590888024
homosapiens_None_2023_None_sikkemalisa_001_d10_1101_2022_03_10_483747VUHD103__rep0006,,0.3643875442664609
homosapiens_None_2023_None_sikkemalisa_001_d10_1101_2022_03_10_483747VUHD103__rep0007,,0.551068586059301
homosapiens_None_2023_None_sikkemalisa_001_d10_1101_2022_03_10_483747VUHD103__rep0008,,0.4542441148823435
homosapiens_None_2023_None_sikkemalisa_001_d10_1101_2022_03_10_483747VUHD103__rep0009,,0.5888492329279273
homosapiens_None_2023_None_sikkemalisa_001_d10_1101_2022_03_10_483747VUHD103__rep0010,,0.5297243369240281
homosapiens_None_2023_None_sikkemalisa_001_d10_1101_2022_03_10_483747VUHD103__rep0011,,0.3633337697126759
homosapiens_None_2023_None_sikkemalisa_001_d10_1101_2022_03_10_483747VUHD103__rep0012,,0.5487478234853995
homosapiens_None_2023_None_sikkemalisa_001_d10_1101_2022_03_10_483747VUHD103__rep0013,,0.5789798985489113
homosapiens_None_2023_None_sikkemalisa_001_d10_1101_2022_03_10_483747VUHD103__rep0014,,0.3425022995788169
homosapiens_None_2023_None_sikkemalisa_001_d10_1101_2022_03_10_483747VUHD69__rep0000,,0.6449085258504292
homosapiens_None_2023_None_sikkemalisa_001_d10_1101_2022_03_10_483747VUHD69__rep0001,,0.5654775617263845
homosapiens_None_2023_None_sikkemalisa_001_d10_1101_2022_03_10_483747VUHD69__rep0004,,0.3632021010814652
homosapiens_None_2023_None_sikkemalisa_001_d10_1101_2022_03_10_483747VUHD69__rep0005,,0.6559702075398142
homosapiens_None_2023_None_sikkemalisa_001_d10_1101_2022_03_10_483747VUHD69__rep0006,,0.6648584132870614
homosapiens_None_2023_None_sikkemalisa_001_d10_1101_2022_03_10_483747VUHD69__rep0007,,0.6344184263615065
homosapiens_None_2023_None_sikkemalisa_001_d10_1101_2022_03_10_483747VUHD69__rep0008,,0.6157232734664391
homosapiens_None_2023_None_sikkemalisa_001_d10_1101_2022_03_10_483747VUHD69__rep0009,,0.2600682112887649
homosapiens_None_2023_None_sikkemalisa_001_d10_1101_2022_03_10_483747VUHD69__rep0010,,0.6382753876534918
homosapiens_None_2023_None_sikkemalisa_001_d10_1101_2022_03_10_483747VUHD69__rep0011,,0.6361203701972413
homosapiens_None_2023_None_sikkemalisa_001_d10_1101_2022_03_10_483747VUHD69__rep0012,,0.5353970098597985
homosapiens_None_2023_None_sikkemalisa_001_d10_1101_2022_03_10_483747VUHD69__rep0014,,0.6317864559553914
homosapiens_None_2023_None_sikkemalisa_001_d10_1101_2022_03_10_483747VUHD85__rep0000,,0.4261196821717855
homosapiens_None_2023_None_sikkemalisa_001_d10_1101_2022_03_10_483747VUHD85__rep0001,,0.472067571001061
homosapiens_None_2023_None_sikkemalisa_001_d10_1101_2022_03_10_483747VUHD85__rep0002,,0.5712487790908948
homosapiens_None_2023_None_sikkemalisa_001_d10_1101_2022_03_10_483747VUHD85__rep0003,,0.6305281526971804
homosapiens_None_2023_None_sikkemalisa_001_d10_1101_2022_03_10_483747VUHD85__rep0004,,0.6271661368812305
homosapiens_None_2023_None_sikkemalisa_001_d10_1101_2022_03_10_483747VUHD85__rep0005,,0.5714928191317945
homosapiens_None_2023_None_sikkemalisa_001_d10_1101_2022_03_10_483747VUHD85__rep0006,,0.6016490127918225
homosapiens_None_2023_None_sikkemalisa_001_d10_1101_2022_03_10_483747VUHD85__rep0007,,0.5474938658692005
homosapiens_None_2023_None_sikkemalisa_001_d10_1101_2022_03_10_483747VUHD85__rep0008,,0.6200632812389643
homosapiens_None_2023_None_sikkemalisa_001_d10_1101_2022_03_10_483747VUHD85__rep0009,,0.5832437518767299
homosapiens_None_2023_None_sikkemalisa_001_d10_1101_2022_03_10_483747VUHD85__rep0010,,0.5218273531012054
homosapiens_None_2023_None_sikkemalisa_001_d10_1101_2022_03_10_483747VUHD85__rep0011,,0.307043427769181
homosapiens_None_2023_None_sikkemalisa_001_d10_1101_2022_03_10_483747VUHD85__rep0012,,0.6156051005163912
homosapiens_None_2023_None_sikkemalisa_001_d10_1101_2022_03_10_483747VUHD85__rep0013,,0.4435531036092899
homosapiens_None_2023_None_sikkemalisa_001_d10_1101_2022_03_10_483747VUHD85__rep0014,,0.514225387345061
homosapiens_None_2023_None_sikkemalisa_001_d10_1101_2022_03_10_483747VUHD103__rep0000,Pericytes,-0.0256613913574024
homosapiens_None_2023_None_sikkemalisa_001_d10_1101_2022_03_10_483747VUHD103__rep0001,Pericytes,-0.0252777671768222
homosapiens_None_2023_None_sikkemalisa_001_d10_1101_2022_03_10_483747VUHD103__rep0002,Pericytes,-0.0253407453849976
homosapiens_None_2023_None_sikkemalisa_001_d10_1101_2022_03_10_483747VUHD103__rep0003,Pericytes,-0.0252528856962435
homosapiens_None_2023_None_sikkemalisa_001_d10_1101_2022_03_10_483747VUHD103__rep0004,Pericytes,-0.0256831223673033
homosapiens_None_2023_None_sikkemalisa_001_d10_1101_2022_03_10_483747VUHD103__rep0005,Pericytes,-0.0260680068668812
homosapiens_None_2023_None_sikkemalisa_001_d10_1101_2022_03_10_483747VUHD103__rep0006,Pericytes,-0.0252104294410731
homosapiens_None_2023_None_sikkemalisa_001_d10_1101_2022_03_10_483747VUHD103__rep0007,Pericytes,-0.0222393679606864
homosapiens_None_2023_None_sikkemalisa_001_d10_1101_2022_03_10_483747VUHD103__rep0008,Pericytes,-0.0254690286038865
homosapiens_None_2023_None_sikkemalisa_001_d10_1101_2022_03_10_483747VUHD103__rep0009,Pericytes,-0.0253354652532467
homosapiens_None_2023_None_sikkemalisa_001_d10_1101_2022_03_10_483747VUHD103__rep0010,Pericytes,-0.0241213482003328
homosapiens_None_2023_None_sikkemalisa_001_d10_1101_2022_03_10_483747VUHD103__rep0011,Pericytes,-0.0259550908067498
homosapiens_None_2023_None_sikkemalisa_001_d10_1101_2022_03_10_483747VUHD103__rep0012,Pericytes,-0.0254550977408065
homosapiens_None_2023_None_sikkemalisa_001_d10_1101_2022_03_10_483747VUHD103__rep0014,Pericytes,-0.0256045286526456
homosapiens_None_2023_None_sikkemalisa_001_d10_1101_2022_03_10_483747VUHD85__rep0000,Pericytes,-0.0325463538567662
homosapiens_None_2023_None_sikkemalisa_001_d10_1101_2022_03_10_483747VUHD85__rep0001,Pericytes,-0.0298703743888303
homosapiens_None_2023_None_sikkemalisa_001_d10_1101_2022_03_10_483747VUHD85__rep0002,Pericytes,-0.0323951961744614
homosapiens_None_2023_None_sikkemalisa_001_d10_1101_2022_03_10_483747VUHD85__rep0003,Pericytes,-0.0311229650208036
homosapiens_None_2023_None_sikkemalisa_001_d10_1101_2022_03_10_483747VUHD85__rep0004,Pericytes,-0.0281784296983055
homosapiens_None_2023_None_sikkemalisa_001_d10_1101_2022_03_10_483747VUHD85__rep0005,Pericytes,-0.0285573339955659
homosapiens_None_2023_None_sikkemalisa_001_d10_1101_2022_03_10_483747VUHD85__rep0006,Pericytes,-0.0312198414069811
homosapiens_None_2023_None_sikkemalisa_001_d10_1101_2022_03_10_483747VUHD85__rep0007,Pericytes,-0.0290073467324407
homosapiens_None_2023_None_sikkemalisa_001_d10_1101_2022_03_10_483747VUHD85__rep0008,Pericytes,-0.0313451465573773
homosapiens_None_2023_None_sikkemalisa_001_d10_1101_2022_03_10_483747VUHD85__rep0009,Pericytes,-0.0184509758784941
homosapiens_None_2023_None_sikkemalisa_001_d10_1101_2022_03_10_483747VUHD85__rep0010,Pericytes,-0.0332113973353943
homosapiens_None_2023_None_sikkemalisa_001_d10_1101_2022_03_10_483747VUHD85__rep0011,Pericytes,-0.0268428780683004
homosapiens_None_2023_None_sikkemalisa_001_d10_1101_2022_03_10_483747VUHD85__rep0012,Pericytes,-0.023555621557856
homosapiens_None_2023_None_sikkemalisa_001_d10_1101_2022_03_10_483747VUHD85__rep0013,Pericytes,-0.0306733148973131
homosapiens_None_2023_None_sikkemalisa_001_d10_1101_2022_03_10_483747VUHD85__rep0014,Pericytes,-0.0306706990398301
homosapiens_None_2023_None_sikkemalisa_001_d10_1101_2022_03_10_483747THD0007__rep0000,Plasma cells,0.5299441237311038
homosapiens_None_2023_None_sikkemalisa_001_d10_1101_2022_03_10_483747THD0007__rep0001,Plasma cells,0.4193801208776037
homosapiens_None_2023_None_sikkemalisa_001_d10_1101_2022_03_10_483747THD0007__rep0002,Plasma cells,0.5203562108036913
homosapiens_None_2023_None_sikkemalisa_001_d10_1101_2022_03_10_483747THD0007__rep0003,Plasma cells,0.5277185637651453
homosapiens_None_2023_None_sikkemalisa_001_d10_1101_2022_03_10_483747THD0007__rep0004,Plasma cells,0.5352536646996577
homosapiens_None_2023_None_sikkemalisa_001_d10_1101_2022_03_10_483747THD0007__rep0005,Plasma cells,0.4903227796079048
homosapiens_None_2023_None_sikkemalisa_001_d10_1101_2022_03_10_483747THD0007__rep0006,Plasma cells,0.5293769238368897
homosapiens_None_2023_None_sikkemalisa_001_d10_1101_2022_03_10_483747THD0007__rep0007,Plasma cells,0.5288671142859386
homosapiens_None_2023_None_sikkemalisa_001_d10_1101_2022_03_10_483747THD0007__rep0008,Plasma cells,0.5151383735912486
homosapiens_None_2023_None_sikkemalisa_001_d10_1101_2022_03_10_483747THD0007__rep0009,Plasma cells,0.5296867328430427
homosapiens_None_2023_None_sikkemalisa_001_d10_1101_2022_03_10_483747THD0007__rep0010,Plasma cells,0.3859701489281455
homosapiens_None_2023_None_sikkemalisa_001_d10_1101_2022_03_10_483747THD0007__rep0011,Plasma cells,0.5066145875225818
homosapiens_None_2023_None_sikkemalisa_001_d10_1101_2022_03_10_483747THD0007__rep0012,Plasma cells,0.484938080979158
homosapiens_None_2023_None_sikkemalisa_001_d10_1101_2022_03_10_483747THD0007__rep0013,Plasma cells,0.5317034753371546
homosapiens_None_2023_None_sikkemalisa_001_d10_1101_2022_03_10_483747THD0007__rep0014,Plasma cells,0.5242030501971126
homosapiens_None_2023_None_sikkemalisa_001_d10_1101_2022_03_10_483747THD0014__rep0001,Plasma cells,0.470151885025441
homosapiens_None_2023_None_sikkemalisa_001_d10_1101_2022_03_10_483747THD0014__rep0003,Plasma cells,0.4481742330273152
homosapiens_None_2023_None_sikkemalisa_001_d10_1101_2022_03_10_483747THD0014__rep0004,Plasma cells,0.4524475333306738
homosapiens_None_2023_None_sikkemalisa_001_d10_1101_2022_03_10_483747THD0014__rep0005,Plasma cells,0.2829610200866678
homosapiens_None_2023_None_sikkemalisa_001_d10_1101_2022_03_10_483747THD0014__rep0006,Plasma cells,0.4696812509922005
homosapiens_None_2023_None_sikkemalisa_001_d10_1101_2022_03_10_483747THD0014__rep0007,Plasma cells,0.2881848903320435
homosapiens_None_2023_None_sikkemalisa_001_d10_1101_2022_03_10_483747THD0014__rep0008,Plasma cells,0.4591675959095408
homosapiens_None_2023_None_sikkemalisa_001_d10_1101_2022_03_10_483747THD0014__rep0009,Plasma cells,0.442558629410507
homosapiens_None_2023_None_sikkemalisa_001_d10_1101_2022_03_10_483747THD0014__rep0010,Plasma cells,0.4612008383241936
homosapiens_None_2023_None_sikkemalisa_001_d10_1101_2022_03_10_483747THD0014__rep0011,Plasma cells,0.3964275699104997
homosapiens_None_2023_None_sikkemalisa_001_d10_1101_2022_03_10_483747THD0014__rep0012,Plasma cells,0.4347643841826711
homosapiens_None_2023_None_sikkemalisa_001_d10_1101_2022_03_10_483747THD0014__rep0013,Plasma cells,0.4518439727258576
homosapiens_None_2023_None_sikkemalisa_001_d10_1101_2022_03_10_483747THD0014__rep0014,Plasma cells,0.455491926616428
homosapiens_None_2023_None_sikkemalisa_001_d10_1101_2022_03_10_483747VUHD071__rep0000,Plasma cells,0.4726719701237863
homosapiens_None_2023_None_sikkemalisa_001_d10_1101_2022_03_10_483747VUHD071__rep0001,Plasma cells,0.5074336289483975
homosapiens_None_2023_None_sikkemalisa_001_d10_1101_2022_03_10_483747VUHD071__rep0002,Plasma cells,0.5086281093961663
homosapiens_None_2023_None_sikkemalisa_001_d10_1101_2022_03_10_483747VUHD071__rep0003,Plasma cells,0.4850616733773201
homosapiens_None_2023_None_sikkemalisa_001_d10_1101_2022_03_10_483747VUHD071__rep0004,Plasma cells,0.3700049384658315
homosapiens_None_2023_None_sikkemalisa_001_d10_1101_2022_03_10_483747VUHD071__rep0006,Plasma cells,0.4787716194574394
homosapiens_None_2023_None_sikkemalisa_001_d10_1101_2022_03_10_483747VUHD071__rep0007,Plasma cells,0.5104881265625263
homosapiens_None_2023_None_sikkemalisa_001_d10_1101_2022_03_10_483747VUHD071__rep0008,Plasma cells,0.3717199940748316
homosapiens_None_2023_None_sikkemalisa_001_d10_1101_2022_03_10_483747VUHD071__rep0010,Plasma cells,0.4899584641532507
homosapiens_None_2023_None_sikkemalisa_001_d10_1101_2022_03_10_483747VUHD071__rep0011,Plasma cells,0.3137226532500913
homosapiens_None_2023_None_sikkemalisa_001_d10_1101_2022_03_10_483747VUHD071__rep0012,Plasma cells,0.5072711401871415
homosapiens_None_2023_None_sikkemalisa_001_d10_1101_2022_03_10_483747VUHD071__rep0013,Plasma cells,0.4027350151212767
homosapiens_None_2023_None_sikkemalisa_001_d10_1101_2022_03_10_483747VUHD071__rep0014,Plasma cells,0.5142399250494167
homosapiens_None_2023_None_sikkemalisa_001_d10_1101_2022_03_10_483747VUHD103__rep0000,Plasma cells,0.4474978867090016
homosapiens_None_2023_None_sikkemalisa_001_d10_1101_2022_03_10_483747VUHD103__rep0001,Plasma cells,0.4462212286522319
homosapiens_None_2023_None_sikkemalisa_001_d10_1101_2022_03_10_483747VUHD103__rep0002,Plasma cells,0.4480487332719447
homosapiens_None_2023_None_sikkemalisa_001_d10_1101_2022_03_10_483747VUHD103__rep0003,Plasma cells,0.4474340035371009
homosapiens_None_2023_None_sikkemalisa_001_d10_1101_2022_03_10_483747VUHD103__rep0004,Plasma cells,0.4359892795719546
homosapiens_None_2023_None_sikkemalisa_001_d10_1101_2022_03_10_483747VUHD103__rep0005,Plasma cells,0.3644470537331747
homosapiens_None_2023_None_sikkemalisa_001_d10_1101_2022_03_10_483747VUHD103__rep0006,Plasma cells,0.4482534339636285
homosapiens_None_2023_None_sikkemalisa_001_d10_1101_2022_03_10_483747VUHD103__rep0007,Plasma cells,0.44304472901326
homosapiens_None_2023_None_sikkemalisa_001_d10_1101_2022_03_10_483747VUHD103__rep0010,Plasma cells,0.3622875684150372
homosapiens_None_2023_None_sikkemalisa_001_d10_1101_2022_03_10_483747VUHD103__rep0012,Plasma cells,0.4420133472025579
homosapiens_None_2023_None_sikkemalisa_001_d10_1101_2022_03_10_483747VUHD103__rep0013,Plasma cells,0.4357158613328006
homosapiens_None_2023_None_sikkemalisa_001_d10_1101_2022_03_10_483747VUHD103__rep0014,Plasma cells,0.4393814520443795
homosapiens_None_2023_None_sikkemalisa_001_d10_1101_2022_03_10_483747THD0014__rep0000,Plasmacytoid DCs,0.4773593280804629
homosapiens_None_2023_None_sikkemalisa_001_d10_1101_2022_03_10_483747THD0014__rep0001,Plasmacytoid DCs,0.4755414044421907
homosapiens_None_2023_None_sikkemalisa_001_d10_1101_2022_03_10_483747THD0014__rep0002,Plasmacytoid DCs,0.4641392841680212
homosapiens_None_2023_None_sikkemalisa_001_d10_1101_2022_03_10_483747THD0014__rep0003,Plasmacytoid DCs,0.451558716187073
homosapiens_None_2023_None_sikkemalisa_001_d10_1101_2022_03_10_483747THD0014__rep0004,Plasmacytoid DCs,0.4799514183501804
homosapiens_None_2023_None_sikkemalisa_001_d10_1101_2022_03_10_483747THD0014__rep0005,Plasmacytoid DCs,0.3312095970854961
homosapiens_None_2023_None_sikkemalisa_001_d10_1101_2022_03_10_483747THD0014__rep0006,Plasmacytoid DCs,0.2711278132381248
homosapiens_None_2023_None_sikkemalisa_001_d10_1101_2022_03_10_483747THD0014__rep0007,Plasmacytoid DCs,0.4700503132753265
homosapiens_None_2023_None_sikkemalisa_001_d10_1101_2022_03_10_483747THD0014__rep0008,Plasmacytoid DCs,0.480109585799328
homosapiens_None_2023_None_sikkemalisa_001_d10_1101_2022_03_10_483747THD0014__rep0009,Plasmacytoid DCs,0.4817137188226452
homosapiens_None_2023_None_sikkemalisa_001_d10_1101_2022_03_10_483747THD0014__rep0010,Plasmacytoid DCs,0.4605982686596117
homosapiens_None_2023_None_sikkemalisa_001_d10_1101_2022_03_10_483747THD0014__rep0011,Plasmacytoid DCs,0.4648057325471407
homosapiens_None_2023_None_sikkemalisa_001_d10_1101_2022_03_10_483747THD0014__rep0012,Plasmacytoid DCs,0.4882634924817132
homosapiens_None_2023_None_sikkemalisa_001_d10_1101_2022_03_10_483747THD0014__rep0013,Plasmacytoid DCs,0.4499623016770258
homosapiens_None_2023_None_sikkemalisa_001_d10_1101_2022_03_10_483747THD0014__rep0014,Plasmacytoid DCs,0.4670956705877667
homosapiens_None_2023_None_sikkemalisa_001_d10_1101_2022_03_10_483747THD0007__rep0000,Transitional AT2,0.5943201836475429
homosapiens_None_2023_None_sikkemalisa_001_d10_1101_2022_03_10_483747THD0007__rep0001,Transitional AT2,0.601205796366979
homosapiens_None_2023_None_sikkemalisa_001_d10_1101_2022_03_10_483747THD0007__rep0002,Transitional AT2,0.6028862518618732
homosapiens_None_2023_None_sikkemalisa_001_d10_1101_2022_03_10_483747THD0007__rep0003,Transitional AT2,0.2846454583792039
homosapiens_None_2023_None_sikkemalisa_001_d10_1101_2022_03_10_483747THD0007__rep0004,Transitional AT2,0.5798945706923727
homosapiens_None_2023_None_sikkemalisa_001_d10_1101_2022_03_10_483747THD0007__rep0006,Transitional AT2,0.5824679920873288
homosapiens_None_2023_None_sikkemalisa_001_d10_1101_2022_03_10_483747THD0007__rep0007,Transitional AT2,0.5892131848479738
homosapiens_None_2023_None_sikkemalisa_001_d10_1101_2022_03_10_483747THD0007__rep0008,Transitional AT2,0.5689375564579676
homosapiens_None_2023_None_sikkemalisa_001_d10_1101_2022_03_10_483747THD0007__rep0009,Transitional AT2,0.5752001489780834
homosapiens_None_2023_None_sikkemalisa_001_d10_1101_2022_03_10_483747THD0007__rep0010,Transitional AT2,0.5845200688276735
homosapiens_None_2023_None_sikkemalisa_001_d10_1101_2022_03_10_483747THD0007__rep0012,Transitional AT2,0.4234886855863224
homosapiens_None_2023_None_sikkemalisa_001_d10_1101_2022_03_10_483747THD0014__rep0000,Transitional AT2,0.5958956486192528
homosapiens_None_2023_None_sikkemalisa_001_d10_1101_2022_03_10_483747THD0014__rep0001,Transitional AT2,0.59251482423182
homosapiens_None_2023_None_sikkemalisa_001_d10_1101_2022_03_10_483747THD0014__rep0002,Transitional AT2,0.5849153577567321
homosapiens_None_2023_None_sikkemalisa_001_d10_1101_2022_03_10_483747THD0014__rep0003,Transitional AT2,0.6000377932804124
homosapiens_None_2023_None_sikkemalisa_001_d10_1101_2022_03_10_483747THD0014__rep0004,Transitional AT2,0.4295680689791217
homosapiens_None_2023_None_sikkemalisa_001_d10_1101_2022_03_10_483747THD0014__rep0005,Transitional AT2,0.3839201093158391
homosapiens_None_2023_None_sikkemalisa_001_d10_1101_2022_03_10_483747THD0014__rep0006,Transitional AT2,0.5917369799263854
homosapiens_None_2023_None_sikkemalisa_001_d10_1101_2022_03_10_483747THD0014__rep0007,Transitional AT2,0.598092597014695
homosapiens_None_2023_None_sikkemalisa_001_d10_1101_2022_03_10_483747THD0014__rep0008,Transitional AT2,0.5898401019075485
homosapiens_None_2023_None_sikkemalisa_001_d10_1101_2022_03_10_483747THD0014__rep0009,Transitional AT2,0.3620538695174291
homosapiens_None_2023_None_sikkemalisa_001_d10_1101_2022_03_10_483747THD0014__rep0010,Transitional AT2,0.4111134291376283
homosapiens_None_2023_None_sikkemalisa_001_d10_1101_2022_03_10_483747THD0014__rep0011,Transitional AT2,0.5768279768762463
homosapiens_None_2023_None_sikkemalisa_001_d10_1101_2022_03_10_483747THD0014__rep0012,Transitional AT2,0.5866833078332504
homosapiens_None_2023_None_sikkemalisa_001_d10_1101_2022_03_10_483747THD0014__rep0013,Transitional AT2,0.5982239747371773
homosapiens_None_2023_None_sikkemalisa_001_d10_1101_2022_03_10_483747THD0014__rep0014,Transitional AT2,0.6010852477390656
homosapiens_None_2023_None_sikkemalisa_001_d10_1101_2022_03_10_483747VUHD071__rep0000,Transitional AT2,0.5019349389225045
homosapiens_None_2023_None_sikkemalisa_001_d10_1101_2022_03_10_483747VUHD071__rep0001,Transitional AT2,0.5044771740164186
homosapiens_None_2023_None_sikkemalisa_001_d10_1101_2022_03_10_483747VUHD071__rep0002,Transitional AT2,0.492687388942318
homosapiens_None_2023_None_sikkemalisa_001_d10_1101_2022_03_10_483747VUHD071__rep0003,Transitional AT2,0.5052241363811418
homosapiens_None_2023_None_sikkemalisa_001_d10_1101_2022_03_10_483747VUHD071__rep0005,Transitional AT2,0.4482805222062227
homosapiens_None_2023_None_sikkemalisa_001_d10_1101_2022_03_10_483747VUHD071__rep0006,Transitional AT2,0.5109365313669341
homosapiens_None_2023_None_sikkemalisa_001_d10_1101_2022_03_10_483747VUHD071__rep0007,Transitional AT2,0.4550157400963361
homosapiens_None_2023_None_sikkemalisa_001_d10_1101_2022_03_10_483747VUHD071__rep0008,Transitional AT2,0.3669213245118276
homosapiens_None_2023_None_sikkemalisa_001_d10_1101_2022_03_10_483747VUHD071__rep0009,Transitional AT2,0.4090645175234069
homosapiens_None_2023_None_sikkemalisa_001_d10_1101_2022_03_10_483747VUHD071__rep0010,Transitional AT2,0.4944470964151237
homosapiens_None_2023_None_sikkemalisa_001_d10_1101_2022_03_10_483747VUHD071__rep0011,Transitional AT2,0.4816812474245541
homosapiens_None_2023_None_sikkemalisa_001_d10_1101_2022_03_10_483747VUHD071__rep0012,Transitional AT2,0.4125989559206897
homosapiens_None_2023_None_sikkemalisa_001_d10_1101_2022_03_10_483747VUHD071__rep0013,Transitional AT2,0.481872956755991
homosapiens_None_2023_None_sikkemalisa_001_d10_1101_2022_03_10_483747VUHD103__rep0000,Transitional AT2,0.5123897575358514
homosapiens_None_2023_None_sikkemalisa_001_d10_1101_2022_03_10_483747VUHD103__rep0002,Transitional AT2,0.5169018376660985
homosapiens_None_2023_None_sikkemalisa_001_d10_1101_2022_03_10_483747VUHD103__rep0003,Transitional AT2,0.54769039637016
homosapiens_None_2023_None_sikkemalisa_001_d10_1101_2022_03_10_483747VUHD103__rep0004,Transitional AT2,0.5374354151164771
homosapiens_None_2023_None_sikkemalisa_001_d10_1101_2022_03_10_483747VUHD103__rep0006,Transitional AT2,0.4604377964635758
homosapiens_None_2023_None_sikkemalisa_001_d10_1101_2022_03_10_483747VUHD103__rep0007,Transitional AT2,0.4631783076742436
homosapiens_None_2023_None_sikkemalisa_001_d10_1101_2022_03_10_483747VUHD103__rep0008,Transitional AT2,0.5492913883172506
homosapiens_None_2023_None_sikkemalisa_001_d10_1101_2022_03_10_483747VUHD103__rep0009,Transitional AT2,0.5443776460899117
homosapiens_None_2023_None_sikkemalisa_001_d10_1101_2022_03_10_483747VUHD103__rep0010,Transitional AT2,0.5154259405301562
homosapiens_None_2023_None_sikkemalisa_001_d10_1101_2022_03_10_483747VUHD103__rep0011,Transitional AT2,0.5585901154500873
homosapiens_None_2023_None_sikkemalisa_001_d10_1101_2022_03_10_483747VUHD103__rep0012,Transitional AT2,0.5482378512216168
homosapiens_None_2023_None_sikkemalisa_001_d10_1101_2022_03_10_483747VUHD103__rep0014,Transitional AT2,0.4159408686911813
homosapiens_None_2023_None_sikkemalisa_001_d10_1101_2022_03_10_483747VUHD85__rep0000,Transitional AT2,0.4845354390875289
homosapiens_None_2023_None_sikkemalisa_001_d10_1101_2022_03_10_483747VUHD85__rep0001,Transitional AT2,0.3934103350998062
homosapiens_None_2023_None_sikkemalisa_001_d10_1101_2022_03_10_483747VUHD85__rep0002,Transitional AT2,0.506390539393595
homosapiens_None_2023_None_sikkemalisa_001_d10_1101_2022_03_10_483747VUHD85__rep0003,Transitional AT2,0.3829881256930933
homosapiens_None_2023_None_sikkemalisa_001_d10_1101_2022_03_10_483747VUHD85__rep0004,Transitional AT2,0.4756462751220995
homosapiens_None_2023_None_sikkemalisa_001_d10_1101_2022_03_10_483747VUHD85__rep0005,Transitional AT2,0.50961166367068
homosapiens_None_2023_None_sikkemalisa_001_d10_1101_2022_03_10_483747VUHD85__rep0006,Transitional AT2,0.5129826863312608
homosapiens_None_2023_None_sikkemalisa_001_d10_1101_2022_03_10_483747VUHD85__rep0007,Transitional AT2,0.5064816997869263
homosapiens_None_2023_None_sikkemalisa_001_d10_1101_2022_03_10_483747VUHD85__rep0008,Transitional AT2,0.4771800350400768
homosapiens_None_2023_None_sikkemalisa_001_d10_1101_2022_03_10_483747VUHD85__rep0009,Transitional AT2,0.4921560614531467
homosapiens_None_2023_None_sikkemalisa_001_d10_1101_2022_03_10_483747VUHD85__rep0010,Transitional AT2,0.4490736315922552
homosapiens_None_2023_None_sikkemalisa_001_d10_1101_2022_03_10_483747VUHD85__rep0011,Transitional AT2,0.4932353152091805
homosapiens_None_2023_None_sikkemalisa_001_d10_1101_2022_03_10_483747VUHD85__rep0012,Transitional AT2,0.4996104685147741
homosapiens_None_2023_None_sikkemalisa_001_d10_1101_2022_03_10_483747VUHD85__rep0013,Transitional AT2,0.5018060267315699
homosapiens_None_2023_None_sikkemalisa_001_d10_1101_2022_03_10_483747VUHD85__rep0014,Transitional AT2,0.4893883996588594
