sample,cell_type,sample_profile
homosapiens_None_2023_None_sikkemalisa_001_d10_1101_2022_03_10_483747THD0007__rep0000,Activated myofibroblasts,0.7646974717114148
homosapiens_None_2023_None_sikkemalisa_001_d10_1101_2022_03_10_483747THD0007__rep0001,Activated myofibroblasts,0.7340906825650619
homosapiens_None_2023_None_sikkemalisa_001_d10_1101_2022_03_10_483747THD0007__rep0002,Activated myofibroblasts,0.7762883049754153
homosapiens_None_2023_None_sikkemalisa_001_d10_1101_2022_03_10_483747THD0007__rep0003,Activated myofibroblasts,0.7605846972080026
homosapiens_None_2023_None_sikkemalisa_001_d10_1101_2022_03_10_483747THD0007__rep0004,Activated myofibroblasts,0.764147072757394
homosapiens_None_2023_None_sikkemalisa_001_d10_1101_2022_03_10_483747THD0007__rep0005,Activated myofibroblasts,0.7736372253565005
homosapiens_None_2023_None_sikkemalisa_001_d10_1101_2022_03_10_483747THD0007__rep0006,Activated myofibroblasts,0.6795412625082476
homosapiens_None_2023_None_sikkemalisa_001_d10_1101_2022_03_10_483747THD0007__rep0007,Activated myofibroblasts,0.7684873154747561
homosapiens_None_2023_None_sikkemalisa_001_d10_1101_2022_03_10_483747THD0007__rep0008,Activated myofibroblasts,0.7760262287395776
homosapiens_None_2023_None_sikkemalisa_001_d10_1101_2022_03_10_483747THD0007__rep0009,Activated myofibroblasts,0.771588940538572
homosapiens_None_2023_None_sikkemalisa_001_d10_1101_2022_03_10_483747THD0007__rep0010,Activated myofibroblasts,0.7457019235599892
homosapiens_None_2023_None_sikkemalisa_001_d10_1101_2022_03_10_483747THD0007__rep0011,Activated myofibroblasts,0.76763019829694
homosapiens_None_2023_None_sikkemalisa_001_d10_1101_2022_03_10_483747THD0007__rep0012,Activated myofibroblasts,0.7614543638428316
homosapiens_None_2023_None_sikkemalisa_001_d10_1101_2022_03_10_483747THD0007__rep0013,Activated myofibroblasts,0.77632630258812
homosapiens_None_2023_None_sikkemalisa_001_d10_1101_2022_03_10_483747THD0007__rep0014,Activated myofibroblasts,0.7765385217953821
homosapiens_None_2023_None_sikkemalisa_001_d10_1101_2022_03_10_483747THD0014__rep0000,Activated myofibroblasts,0.7361924936342644
homosapiens_None_2023_None_sikkemalisa_001_d10_1101_2022_03_10_483747THD0014__rep0001,Activated myofibroblasts,0.7933569341147997
homosapiens_None_2023_None_sikkemalisa_001_d10_1101_2022_03_10_483747THD0014__rep0003,Activated myofibroblasts,0.7940403961458069
homosapiens_None_2023_None_sikkemalisa_001_d10_1101_2022_03_10_483747THD0014__rep0004,Activated myofibroblasts,0.8027928189674003
homosapiens_None_2023_None_sikkemalisa_001_d10_1101_2022_03_10_483747THD0014__rep0005,Activated myofibroblasts,0.8041841880601092
homosapiens_None_2023_None_sikkemalisa_001_d10_1101_2022_03_10_483747THD0014__rep0006,Activated myofibroblasts,0.802736842841807
homosapiens_None_2023_None_sikkemalisa_001_d10_1101_2022_03_10_483747THD0014__rep0007,Activated myofibroblasts,0.7151459199340668
homosapiens_None_2023_None_sikkemalisa_001_d10_1101_2022_03_10_483747THD0014__rep0008,Activated myofibroblasts,0.7836931867901596
homosapiens_None_2023_None_sikkemalisa_001_d10_1101_2022_03_10_483747THD0014__rep0009,Activated myofibroblasts,0.7951800357393228
homosapiens_None_2023_None_sikkemalisa_001_d10_1101_2022_03_10_483747THD0014__rep0010,Activated myofibroblasts,0.8070248336562307
homosapiens_None_2023_None_sikkemalisa_001_d10_1101_2022_03_10_483747THD0014__rep0011,Activated myofibroblasts,0.7868186615264846
homosapiens_None_2023_None_sikkemalisa_001_d10_1101_2022_03_10_483747THD0014__rep0012,Activated myofibroblasts,0.8021326109535509
homosapiens_None_2023_None_sikkemalisa_001_d10_1101_2022_03_10_483747THD0014__rep0013,Activated myofibroblasts,0.792011868328101
homosapiens_None_2023_None_sikkemalisa_001_d10_1101_2022_03_10_483747THD0014__rep0014,Activated myofibroblasts,0.802496241420889
homosapiens_None_2023_None_sikkemalisa_001_d10_1101_2022_03_10_483747VUHD103__rep0000,Activated myofibroblasts,0.6814436326838382
homosapiens_None_2023_None_sikkemalisa_001_d10_1101_2022_03_10_483747VUHD103__rep0001,Activated myofibroblasts,0.7803764787372914
homosapiens_None_2023_None_sikkemalisa_001_d10_1101_2022_03_10_483747VUHD103__rep0002,Activated myofibroblasts,0.7774252608465226
homosapiens_None_2023_None_sikkemalisa_001_d10_1101_2022_03_10_483747VUHD103__rep0003,Activated myofibroblasts,0.7838976000751311
homosapiens_None_2023_None_sikkemalisa_001_d10_1101_2022_03_10_483747VUHD103__rep0004,Activated myofibroblasts,0.7438370841338504
homosapiens_None_2023_None_sikkemalisa_001_d10_1101_2022_03_10_483747VUHD103__rep0005,Activated myofibroblasts,0.7341082334338729
homosapiens_None_2023_None_sikkemalisa_001_d10_1101_2022_03_10_483747VUHD103__rep0006,Activated myofibroblasts,0.7786316405222656
homosapiens_None_2023_None_sikkemalisa_001_d10_1101_2022_03_10_483747VUHD103__rep0008,Activated myofibroblasts,0.6548167971453658
homosapiens_None_2023_None_sikkemalisa_001_d10_1101_2022_03_10_483747VUHD103__rep0009,Activated myofibroblasts,0.7751858040098594
homosapiens_None_2023_None_sikkemalisa_001_d10_1101_2022_03_10_483747VUHD103__rep0010,Activated myofibroblasts,0.6646383998388194
homosapiens_None_2023_None_sikkemalisa_001_d10_1101_2022_03_10_483747VUHD103__rep0011,Activated myofibroblasts,0.7634602293454521
homosapiens_None_2023_None_sikkemalisa_001_d10_1101_2022_03_10_483747VUHD103__rep0012,Activated myofibroblasts,0.7776697980636449
homosapiens_None_2023_None_sikkemalisa_001_d10_1101_2022_03_10_483747VUHD103__rep0013,Activated myofibroblasts,0.7328800688970407
homosapiens_None_2023_None_sikkemalisa_001_d10_1101_2022_03_10_483747VUHD103__rep0014,Activated myofibroblasts,0.7418048346286468
homosapiens_None_2023_None_sikkemalisa_001_d10_1101_2022_03_10_483747VUHD85__rep0000,Activated myofibroblasts,0.7222398284658311
homosapiens_None_2023_None_sikkemalisa_001_d10_1101_2022_03_10_483747VUHD85__rep0001,Activated myofibroblasts,0.7127765656622973
homosapiens_None_2023_None_sikkemalisa_001_d10_1101_2022_03_10_483747VUHD85__rep0002,Activated myofibroblasts,0.7080047029196772
homosapiens_None_2023_None_sikkemalisa_001_d10_1101_2022_03_10_483747VUHD85__rep0003,Activated myofibroblasts,0.7218576588111348
homosapiens_None_2023_None_sikkemalisa_001_d10_1101_2022_03_10_483747VUHD85__rep0004,Activated myofibroblasts,0.7207464531092668
homosapiens_None_2023_None_sikkemalisa_001_d10_1101_2022_03_10_483747VUHD85__rep0005,Activated myofibroblasts,0.7176252478399149
homosapiens_None_2023_None_sikkemalisa_001_d10_1101_2022_03_10_483747VUHD85__rep0006,Activated myofibroblasts,0.7176526652502827
homosapiens_None_2023_None_sikkemalisa_001_d10_1101_2022_03_10_483747VUHD85__rep0007,Activated myofibroblasts,0.715313532610526
homosapiens_None_2023_None_sikkemalisa_001_d10_1101_2022_03_10_483747VUHD85__rep0008,Activated myofibroblasts,0.6862238153233062
homosapiens_None_2023_None_sikkemalisa_001_d10_1101_2022_03_10_483747VUHD85__rep0009,Activated myofibroblasts,0.656389497176304
homosapiens_None_2023_None_sikkemalisa_001_d10_1101_2022_03_10_483747VUHD85__rep0011,Activated myofibroblasts,0.7222765051619165
homosapiens_None_2023_None_sikkemalisa_001_d10_1101_2022_03_10_483747VUHD85__rep0012,Activated myofibroblasts,0.7270226984705077
homosapiens_None_2023_None_sikkemalisa_001_d10_1101_2022_03_10_483747VUHD85__rep0013,Activated myofibroblasts,0.7133411401430311
homosapiens_None_2023_None_sikkemalisa_001_d10_1101_2022_03_10_483747VUHD85__rep0014,Activated myofibroblasts,0.7209387309257476
homosapiens_None_2023_None_sikkemalisa_001_d10_1101_2022_03_10_483747THD0007__rep0000,Alveolar macrophages,0.761404430168199
homosapiens_None_2023_None_sikkemalisa_001_d10_1101_2022_03_10_483747THD0007__rep0001,Alveolar macrophages,0.7657622070662777
homosapiens_None_2023_None_sikkemalisa_001_d10_1101_2022_03_10_483747THD0007__rep0002,Alveolar macrophages,0.754669370306234
homosapiens_None_2023_None_sikkemalisa_001_d10_1101_2022_03_10_483747THD0007__rep0003,Alveolar macrophages,0.7690597004315739
homosapiens_None_2023_None_sikkemalisa_001_d10_1101_2022_03_10_483747THD0007__rep0004,Alveolar macrophages,0.7696217230686894
homosapiens_None_2023_None_sikkemalisa_001_d10_1101_2022_03_10_483747THD0007__rep0005,Alveolar macrophages,0.7699679161762321
homosapiens_None_2023_None_sikkemalisa_001_d10_1101_2022_03_10_483747THD0007__rep0006,Alveolar macrophages,0.7678598625876258
homosapiens_None_2023_None_sikkemalisa_001_d10_1101_2022_03_10_483747THD0007__rep0007,Alveolar macrophages,0.7656913716855247
homosapiens_None_2023_None_sikkemalisa_001_d10_1101_2022_03_10_483747THD0007__rep0008,Alveolar macrophages,0.7571057270207362
homosapiens_None_2023_None_sikkemalisa_001_d10_1101_2022_03_10_483747THD0007__rep0009,Alveolar macrophages,0.7578899801753722
homosapiens_None_2023_None_sikkemalisa_001_d10_1101_2022_03_10_483747THD0007__rep0011,Alveolar macrophages,0.6499577558787671
homosapiens_None_2023_None_sikkemalisa_001_d10_1101_2022_03_10_483747THD0007__rep0012,Alveolar macrophages,0.6708878356787367
homosapiens_None_2023_None_sikkemalisa_001_d10_1101_2022_03_10_483747THD0007__rep0013,Alveolar macrophages,0.6483288535860701
homosapiens_None_2023_None_sikkemalisa_001_d10_1101_2022_03_10_483747THD0007__rep0014,Alveolar macrophages,0.5365792781924015
homosapiens_None_2023_None_sikkemalisa_001_d10_1101_2022_03_10_483747THD0014__rep0000,Alveolar macrophages,0.5975814272861455
homosapiens_None_2023_None_sikkemalisa_001_d10_1101_2022_03_10_483747THD0014__rep0001,Alveolar macrophages,0.5600940754151251
homosapiens_None_2023_None_sikkemalisa_001_d10_1101_2022_03_10_483747THD0014__rep0002,Alveolar macrophages,0.5880558787461402
homosapiens_None_2023_None_sikkemalisa_001_d10_1101_2022_03_10_483747THD0014__rep0003,Alveolar macrophages,0.5938394335929063
homosapiens_None_2023_None_sikkemalisa_001_d10_1101_2022_03_10_483747THD0014__rep0005,Alveolar macrophages,0.5848463088636391
homosapiens_None_2023_None_sikkemalisa_001_d10_1101_2022_03_10_483747THD0014__rep0006,Alveolar macrophages,0.5879377906756696
homosapiens_None_2023_None_sikkemalisa_001_d10_1101_2022_03_10_483747THD0014__rep0007,Alveolar macrophages,0.5966991002063393
homosapiens_None_2023_None_sikkemalisa_001_d10_1101_2022_03_10_483747THD0014__rep0008,Alveolar macrophages,0.5479755487507315
homosapiens_None_2023_None_sikkemalisa_001_d10_1101_2022_03_10_483747THD0014__rep0009,Alveolar macrophages,0.6091344181075713
homosapiens_None_2023_None_sikkemalisa_001_d10_1101_2022_03_10_483747THD0014__rep0010,Alveolar macrophages,0.6113484823293509
homosapiens_None_2023_None_sikkemalisa_001_d10_1101_2022_03_10_483747THD0014__rep0011,Alveolar macrophages,0.6056766407429167
homosapiens_None_2023_None_sikkemalisa_001_d10_1101_2022_03_10_483747THD0014__rep0012,Alveolar macrophages,0.6108562846158603
homosapiens_None_2023_None_sikkemalisa_001_d10_1101_2022_03_10_483747THD0014__rep0013,Alveolar macrophages,0.5930477596152909
homosapiens_None_2023_None_sikkemalisa_001_d10_1101_2022_03_10_483747THD0014__rep0014,Alveolar macrophages,0.6261260598063365
homosapiens_None_2023_None_sikkemalisa_001_d10_1101_2022_03_10_483747VUHD071__rep0000,Alveolar macrophages,0.5792500458824201
homosapiens_None_2023_None_sikkemalisa_001_d10_1101_2022_03_10_483747VUHD071__rep0001,Alveolar macrophages,0.5680611796301007
homosapiens_None_2023_None_sikkemalisa_001_d10_1101_2022_03_10_483747VUHD071__rep0002,Alveolar macrophages,0.5705213428232762
homosapiens_None_2023_None_sikkemalisa_001_d10_1101_2022_03_10_483747VUHD071__rep0003,Alveolar macrophages,0.6020707034016568
homosapiens_None_2023_None_sikkemalisa_001_d10_1101_2022_03_10_483747VUHD071__rep0004,Alveolar macrophages,0.5883704765896448
homosapiens_None_2023_None_sikkemalisa_001_d10_1101_2022_03_10_483747VUHD071__rep0005,Alveolar macrophages,0.5173896838997549
homosapiens_None_2023_None_sikkemalisa_001_d10_1101_2022_03_10_483747VUHD071__rep0007,Alveolar macrophages,0.615620115502584
homosapiens_None_2023_None_sikkemalisa_001_d10_1101_2022_03_10_483747VUHD071__rep0008,Alveolar macrophages,0.4708945261299486
homosapiens_None_2023_None_sikkemalisa_001_d10_1101_2022_03_10_483747VUHD071__rep0009,Alveolar macrophages,0.61091379396358
homosapiens_None_2023_None_sikkemalisa_001_d10_1101_2022_03_10_483747VUHD071__rep0010,Alveolar macrophages,0.5845722443081991
homosapiens_None_2023_None_sikkemalisa_001_d10_1101_2022_03_10_483747VUHD071__rep0011,Alveolar macrophages,0.6029386355717166
homosapiens_None_2023_None_sikkemalisa_001_d10_1101_2022_03_10_483747VUHD071__rep0012,Alveolar macrophages,0.6286502575401143
homosapiens_None_2023_None_sikkemalisa_001_d10_1101_2022_03_10_483747VUHD071__rep0013,Alveolar macrophages,0.6205862946716365
homosapiens_None_2023_None_sikkemalisa_001_d10_1101_2022_03_10_483747VUHD071__rep0014,Alveolar macrophages,0.620551796409399
homosapiens_None_2023_None_sikkemalisa_001_d10_1101_2022_03_10_483747VUHD103__rep0000,Alveolar macrophages,0.6811533252199016
homosapiens_None_2023_None_sikkemalisa_001_d10_1101_2022_03_10_483747VUHD103__rep0001,Alveolar macrophages,0.6473926682503844
homosapiens_None_2023_None_sikkemalisa_001_d10_1101_2022_03_10_483747VUHD103__rep0002,Alveolar macrophages,0.6397343809296767
homosapiens_None_2023_None_sikkemalisa_001_d10_1101_2022_03_10_483747VUHD103__rep0003,Alveolar macrophages,0.6307202426013548
homosapiens_None_2023_None_sikkemalisa_001_d10_1101_2022_03_10_483747VUHD103__rep0004,Alveolar macrophages,0.62058640218024
homosapiens_None_2023_None_sikkemalisa_001_d10_1101_2022_03_10_483747VUHD103__rep0005,Alveolar macrophages,0.633204623855049
homosapiens_None_2023_None_sikkemalisa_001_d10_1101_2022_03_10_483747VUHD103__rep0006,Alveolar macrophages,0.6417273956623158
homosapiens_None_2023_None_sikkemalisa_001_d10_1101_2022_03_10_483747VUHD103__rep0007,Alveolar macrophages,0.637585897586048
homosapiens_None_2023_None_sikkemalisa_001_d10_1101_2022_03_10_483747VUHD103__rep0008,Alveolar macrophages,0.6415840965829516
homosapiens_None_2023_None_sikkemalisa_001_d10_1101_2022_03_10_483747VUHD103__rep0009,Alveolar macrophages,0.6177178498429066
homosapiens_None_2023_None_sikkemalisa_001_d10_1101_2022_03_10_483747VUHD103__rep0010,Alveolar macrophages,0.6488808715440157
homosapiens_None_2023_None_sikkemalisa_001_d10_1101_2022_03_10_483747VUHD103__rep0011,Alveolar macrophages,0.5882373515901113
homosapiens_None_2023_None_sikkemalisa_001_d10_1101_2022_03_10_483747VUHD103__rep0013,Alveolar macrophages,0.6278120984101389
homosapiens_None_2023_None_sikkemalisa_001_d10_1101_2022_03_10_483747VUHD103__rep0014,Alveolar macrophages,0.6000800134939174
homosapiens_None_2023_None_sikkemalisa_001_d10_1101_2022_03_10_483747THD0007__rep0000,B cells,0.6744259719488095
homosapiens_None_2023_None_sikkemalisa_001_d10_1101_2022_03_10_483747THD0007__rep0001,B cells,0.6876785983432798
homosapiens_None_2023_None_sikkemalisa_001_d10_1101_2022_03_10_483747THD0007__rep0002,B cells,0.5709942688813205
homosapiens_None_2023_None_sikkemalisa_001_d10_1101_2022_03_10_483747THD0007__rep0003,B cells,0.5299374991440192
homosapiens_None_2023_None_sikkemalisa_001_d10_1101_2022_03_10_483747THD0007__rep0004,B cells,0.5405526347701117
homosapiens_None_2023_None_sikkemalisa_001_d10_1101_2022_03_10_483747THD0007__rep0005,B cells,0.5299391687668996
homosapiens_None_2023_None_sikkemalisa_001_d10_1101_2022_03_10_483747THD0007__rep0006,B cells,0.546139681116975
homosapiens_None_2023_None_sikkemalisa_001_d10_1101_2022_03_10_483747THD0007__rep0007,B cells,0.5766104545638644
homosapiens_None_2023_None_sikkemalisa_001_d10_1101_2022_03_10_483747THD0007__rep0008,B cells,0.5775555354816106
homosapiens_None_2023_None_sikkemalisa_001_d10_1101_2022_03_10_483747THD0007__rep0009,B cells,0.5419798205901236
homosapiens_None_2023_None_sikkemalisa_001_d10_1101_2022_03_10_483747THD0007__rep0010,B cells,0.5721283497236096
homosapiens_None_2023_None_sikkemalisa_001_d10_1101_2022_03_10_483747THD0007__rep0012,B cells,0.3044584287263497
homosapiens_None_2023_None_sikkemalisa_001_d10_1101_2022_03_10_483747THD0007__rep0013,B cells,0.5553036072084427
homosapiens_None_2023_None_sikkemalisa_001_d10_1101_2022_03_10_483747THD0007__rep0014,B cells,0.5618535961923052
homosapiens_None_2023_None_sikkemalisa_001_d10_1101_2022_03_10_483747VUHD071__rep0000,B cells,0.5378775758491869
homosapiens_None_2023_None_sikkemalisa_001_d10_1101_2022_03_10_483747VUHD071__rep0001,B cells,0.529447750149341
homosapiens_None_2023_None_sikkemalisa_001_d10_1101_2022_03_10_483747VUHD071__rep0002,B cells,0.5294872346741069
homosapiens_None_2023_None_sikkemalisa_001_d10_1101_2022_03_10_483747VUHD071__rep0003,B cells,0.5379752619637793
homosapiens_None_2023_None_sikkemalisa_001_d10_1101_2022_03_10_483747VUHD071__rep0004,B cells,0.5415781652959857
homosapiens_None_2023_None_sikkemalisa_001_d10_1101_2022_03_10_483747VUHD071__rep0005,B cells,0.5224407356635159
homosapiens_None_2023_None_sikkemalisa_001_d10_1101_2022_03_10_483747VUHD071__rep0006,B cells,0.5215600618719889
homosapiens_None_2023_None_sikkemalisa_001_d10_1101_2022_03_10_483747VUHD071__rep0007,B cells,0.5115946598502138
homosapiens_None_2023_None_sikkemalisa_001_d10_1101_2022_03_10_483747VUHD071__rep0008,B cells,0.5257338162750356
homosapiens_None_2023_None_sikkemalisa_001_d10_1101_2022_03_10_483747VUHD071__rep0009,B cells,0.5219677675017351
homosapiens_None_2023_None_sikkemalisa_001_d10_1101_2022_03_10_483747VUHD071__rep0010,B cells,0.5123461099080577
homosapiens_None_2023_None_sikkemalisa_001_d10_1101_2022_03_10_483747VUHD071__rep0011,B cells,0.3765298002384388
homosapiens_None_2023_None_sikkemalisa_001_d10_1101_2022_03_10_483747VUHD071__rep0013,B cells,0.5199391178370776
homosapiens_None_2023_None_sikkemalisa_001_d10_1101_2022_03_10_483747VUHD071__rep0014,B cells,0.5084615940426762
homosapiens_None_2023_None_sikkemalisa_001_d10_1101_2022_03_10_483747VUHD69__rep0000,B cells,0.4490763732045922
homosapiens_None_2023_None_sikkemalisa_001_d10_1101_2022_03_10_483747VUHD69__rep0001,B cells,0.4555114891885908
homosapiens_None_2023_None_sikkemalisa_001_d10_1101_2022_03_10_483747VUHD69__rep0002,B cells,0.4046349898238148
homosapiens_None_2023_None_sikkemalisa_001_d10_1101_2022_03_10_483747VUHD69__rep0003,B cells,0.4753810123559517
homosapiens_None_2023_None_sikkemalisa_001_d10_1101_2022_03_10_483747VUHD69__rep0004,B cells,0.4936911906603931
homosapiens_None_2023_None_sikkemalisa_001_d10_1101_2022_03_10_483747VUHD69__rep0005,B cells,0.3885722544821548
homosapiens_None_2023_None_sikkemalisa_001_d10_1101_2022_03_10_483747VUHD69__rep0006,B cells,0.4461766275630255
homosapiens_None_2023_None_sikkemalisa_001_d10_1101_2022_03_10_483747VUHD69__rep0007,B cells,0.4532627067237836
homosapiens_None_2023_None_sikkemalisa_001_d10_1101_2022_03_10_483747VUHD69__rep0008,B cells,0.468148664352294
homosapiens_None_2023_None_sikkemalisa_001_d10_1101_2022_03_10_483747VUHD69__rep0009,B cells,0.4905333890088623
homosapiens_None_2023_None_sikkemalisa_001_d10_1101_2022_03_10_483747VUHD69__rep0010,B cells,0.3853410741139683
homosapiens_None_2023_None_sikkemalisa_001_d10_1101_2022_03_10_483747VUHD69__rep0011,B cells,0.4538772019162086
homosapiens_None_2023_None_sikkemalisa_001_d10_1101_2022_03_10_483747VUHD69__rep0012,B cells,0.399228484244757
homosapiens_None_2023_None_sikkemalisa_001_d10_1101_2022_03_10_483747VUHD69__rep0013,B cells,0.4904059175054803
homosapiens_None_2023_None_sikkemalisa_001_d10_1101_2022_03_10_483747VUHD69__rep0014,B cells,0.478551530826419
homosapiens_None_2023_None_sikkemalisa_001_d10_1101_2022_03_10_483747THD0007__rep0000,CD4 T cells,0.4815879427235744
homosapiens_None_2023_None_sikkemalisa_001_d10_1101_2022_03_10_483747THD0007__rep0001,CD4 T cells,0.4591418679897193
homosapiens_None_2023_None_sikkemalisa_001_d10_1101_2022_03_10_483747THD0007__rep0002,CD4 T cells,0.4394131902921392
homosapiens_None_2023_None_sikkemalisa_001_d10_1101_2022_03_10_483747THD0007__rep0003,CD4 T cells,0.502400960754938
homosapiens_None_2023_None_sikkemalisa_001_d10_1101_2022_03_10_483747THD0007__rep0005,CD4 T cells,0.513805913662509
homosapiens_None_2023_None_sikkemalisa_001_d10_1101_2022_03_10_483747THD0007__rep0006,CD4 T cells,0.4883004528377823
homosapiens_None_2023_None_sikkemalisa_001_d10_1101_2022_03_10_483747THD0007__rep0007,CD4 T cells,0.4553384224065593
homosapiens_None_2023_None_sikkemalisa_001_d10_1101_2022_03_10_483747THD0007__rep0008,CD4 T cells,0.4937798619696154
homosapiens_None_2023_None_sikkemalisa_001_d10_1101_2022_03_10_483747THD0007__rep0009,CD4 T cells,0.5129471007367342
homosapiens_None_2023_None_sikkemalisa_001_d10_1101_2022_03_10_483747THD0007__rep0010,CD4 T cells,0.5019978293107641
homosapiens_None_2023_None_sikkemalisa_001_d10_1101_2022_03_10_483747THD0007__rep0012,CD4 T cells,0.5004509537530395
homosapiens_None_2023_None_sikkemalisa_001_d10_1101_2022_03_10_483747THD0007__rep0013,CD4 T cells,0.4691854035351268
homosapiens_None_2023_None_sikkemalisa_001_d10_1101_2022_03_10_483747THD0007__rep0014,CD4 T cells,0.5026191773322359
homosapiens_None_2023_None_sikkemalisa_001_d10_1101_2022_03_10_483747VUHD071__rep0000,CD4 T cells,0.532503133008784
homosapiens_None_2023_None_sikkemalisa_001_d10_1101_2022_03_10_483747VUHD071__rep0002,CD4 T cells,0.47252107371805
homosapiens_None_2023_None_sikkemalisa_001_d10_1101_2022_03_10_483747VUHD071__rep0003,CD4 T cells,0.5372083896058273
homosapiens_None_2023_None_sikkemalisa_001_d10_1101_2022_03_10_483747VUHD071__rep0004,CD4 T cells,0.4181758372407517
homosapiens_None_2023_None_sikkemalisa_001_d10_1101_2022_03_10_483747VUHD071__rep0005,CD4 T cells,0.500987149434087
homosapiens_None_2023_None_sikkemalisa_001_d10_1101_2022_03_10_483747VUHD071__rep0006,CD4 T cells,0.5421111648248812
homosapiens_None_2023_None_sikkemalisa_001_d10_1101_2022_03_10_483747VUHD071__rep0007,CD4 T cells,0.5137258812135622
homosapiens_None_2023_None_sikkemalisa_001_d10_1101_2022_03_10_483747VUHD071__rep0008,CD4 T cells,0.4039907266405584
homosapiens_None_2023_None_sikkemalisa_001_d10_1101_2022_03_10_483747VUHD071__rep0009,CD4 T cells,0.5256548982925373
homosapiens_None_2023_None_sikkemalisa_001_d10_1101_2022_03_10_483747VUHD071__rep0010,CD4 T cells,0.497587001409108
homosapiens_None_2023_None_sikkemalisa_001_d10_1101_2022_03_10_483747VUHD071__rep0011,CD4 T cells,0.460827237390088
homosapiens_None_2023_None_sikkemalisa_001_d10_1101_2022_03_10_483747VUHD071__rep0012,CD4 T cells,0.5410447237280396
homosapiens_None_2023_None_sikkemalisa_001_d10_1101_2022_03_10_483747VUHD071__rep0013,CD4 T cells,0.5509207494285728
homosapiens_None_2023_None_sikkemalisa_001_d10_1101_2022_03_10_483747VUHD071__rep0014,CD4 T cells,0.4837877687352439
homosapiens_None_2023_None_sikkemalisa_001_d10_1101_2022_03_10_483747VUHD077__rep0000,CD4 T cells,0.5052029473185966
homosapiens_None_2023_None_sikkemalisa_001_d10_1101_2022_03_10_483747VUHD077__rep0001,CD4 T cells,0.5232204407975366
homosapiens_None_2023_None_sikkemalisa_001_d10_1101_2022_03_10_483747VUHD077__rep0002,CD4 T cells,0.5402738340053024
homosapiens_None_2023_None_sikkemalisa_001_d10_1101_2022_03_10_483747VUHD077__rep0003,CD4 T cells,0.3145403475148592
homosapiens_None_2023_None_sikkemalisa_001_d10_1101_2022_03_10_483747VUHD077__rep0004,CD4 T cells,0.3924565766279131
homosapiens_None_2023_None_sikkemalisa_001_d10_1101_2022_03_10_483747VUHD077__rep0005,CD4 T cells,0.4895347500020466
homosapiens_None_2023_None_sikkemalisa_001_d10_1101_2022_03_10_483747VUHD077__rep0006,CD4 T cells,0.4113455035026296
homosapiens_None_2023_None_sikkemalisa_001_d10_1101_2022_03_10_483747VUHD077__rep0007,CD4 T cells,0.4952690364768571
homosapiens_None_2023_None_sikkemalisa_001_d10_1101_2022_03_10_483747VUHD077__rep0008,CD4 T cells,0.5615047024166511
homosapiens_None_2023_None_sikkemalisa_001_d10_1101_2022_03_10_483747VUHD077__rep0009,CD4 T cells,0.5314536516548843
homosapiens_None_2023_None_sikkemalisa_001_d10_1101_2022_03_10_483747VUHD077__rep0010,CD4 T cells,0.538314874609247
homosapiens_None_2023_None_sikkemalisa_001_d10_1101_2022_03_10_483747VUHD077__rep0011,CD4 T cells,0.4278259985003125
homosapiens_None_2023_None_sikkemalisa_001_d10_1101_2022_03_10_483747VUHD077__rep0012,CD4 T cells,0.5171640961706266
homosapiens_None_2023_None_sikkemalisa_001_d10_1101_2022_03_10_483747VUHD077__rep0013,CD4 T cells,0.3370814390717288
homosapiens_None_2023_None_sikkemalisa_001_d10_1101_2022_03_10_483747VUHD077__rep0014,CD4 T cells,0.5306948635950002
homosapiens_None_2023_None_sikkemalisa_001_d10_1101_2022_03_10_483747VUHD103__rep0000,CD4 T cells,0.4828830435594805
homosapiens_None_2023_None_sikkemalisa_001_d10_1101_2022_03_10_483747VUHD103__rep0001,CD4 T cells,0.5201987932447099
homosapiens_None_2023_None_sikkemalisa_001_d10_1101_2022_03_10_483747VUHD103__rep0002,CD4 T cells,0.5129822344179372
homosapiens_None_2023_None_sikkemalisa_001_d10_1101_2022_03_10_483747VUHD103__rep0003,CD4 T cells,0.5229784899734009
homosapiens_None_2023_None_sikkemalisa_001_d10_1101_2022_03_10_483747VUHD103__rep0004,CD4 T cells,0.4646302340946461
homosapiens_None_2023_None_sikkemalisa_001_d10_1101_2022_03_10_483747VUHD103__rep0005,CD4 T cells,0.4812404404583338
homosapiens_None_2023_None_sikkemalisa_001_d10_1101_2022_03_10_483747VUHD103__rep0007,CD4 T cells,0.4008791436562554
homosapiens_None_2023_None_sikkemalisa_001_d10_1101_2022_03_10_483747VUHD103__rep0008,CD4 T cells,0.5053659347535377
homosapiens_None_2023_None_sikkemalisa_001_d10_1101_2022_03_10_483747VUHD103__rep0009,CD4 T cells,0.2743648497463578
homosapiens_None_2023_None_sikkemalisa_001_d10_1101_2022_03_10_483747VUHD103__rep0010,CD4 T cells,0.3520048108902702
homosapiens_None_2023_None_sikkemalisa_001_d10_1101_2022_03_10_483747VUHD103__rep0011,CD4 T cells,0.5034547774747385
homosapiens_None_2023_None_sikkemalisa_001_d10_1101_2022_03_10_483747VUHD103__rep0013,CD4 T cells,0.3843795931241847
homosapiens_None_2023_None_sikkemalisa_001_d10_1101_2022_03_10_483747VUHD69__rep0000,CD4 T cells,0.4785160422102972
homosapiens_None_2023_None_sikkemalisa_001_d10_1101_2022_03_10_483747VUHD69__rep0001,CD4 T cells,0.4400814985669286
homosapiens_None_2023_None_sikkemalisa_001_d10_1101_2022_03_10_483747VUHD69__rep0002,CD4 T cells,0.5327607738124129
homosapiens_None_2023_None_sikkemalisa_001_d10_1101_2022_03_10_483747VUHD69__rep0003,CD4 T cells,0.4590873240866267
homosapiens_None_2023_None_sikkemalisa_001_d10_1101_2022_03_10_483747VUHD69__rep0004,CD4 T cells,0.4538791571973636
homosapiens_None_2023_None_sikkemalisa_001_d10_1101_2022_03_10_483747VUHD69__rep0005,CD4 T cells,0.5022710198833862
homosapiens_None_2023_None_sikkemalisa_001_d10_1101_2022_03_10_483747VUHD69__rep0006,CD4 T cells,0.4713525080944638
homosapiens_None_2023_None_sikkemalisa_001_d10_1101_2022_03_10_483747VUHD69__rep0007,CD4 T cells,0.5147323123866345
homosapiens_None_2023_None_sikkemalisa_001_d10_1101_2022_03_10_483747VUHD69__rep0008,CD4 T cells,0.4769025460778804
homosapiens_None_2023_None_sikkemalisa_001_d10_1101_2022_03_10_483747VUHD69__rep0009,CD4 T cells,0.5501599653275548
homosapiens_None_2023_None_sikkemalisa_001_d10_1101_2022_03_10_483747VUHD69__rep0010,CD4 T cells,0.5076656337005472
homosapiens_None_2023_None_sikkemalisa_001_d10_1101_2022_03_10_483747VUHD69__rep0012,CD4 T cells,0.5429344912350852
homosapiens_None_2023_None_sikkemalisa_001_d10_1101_2022_03_10_483747VUHD69__rep0013,CD4 T cells,0.5316299327590686
homosapiens_None_2023_None_sikkemalisa_001_d10_1101_2022_03_10_483747VUHD69__rep0014,CD4 T cells,0.5034118308696447
homosapiens_None_2023_None_sikkemalisa_001_d10_1101_2022_03_10_483747VUHD85__rep0000,CD4 T cells,0.4610035126074953
homosapiens_None_2023_None_sikkemalisa_001_d10_1101_2022_03_10_483747VUHD85__rep0001,CD4 T cells,0.5235739985721417
homosapiens_None_2023_None_sikkemalisa_001_d10_1101_2022_03_10_483747VUHD85__rep0002,CD4 T cells,0.5200275122489306
homosapiens_None_2023_None_sikkemalisa_001_d10_1101_2022_03_10_483747VUHD85__rep0003,CD4 T cells,0.5165421596612196
homosapiens_None_2023_None_sikkemalisa_001_d10_1101_2022_03_10_483747VUHD85__rep0004,CD4 T cells,0.5298135052061914
homosapiens_None_2023_None_sikkemalisa_001_d10_1101_2022_03_10_483747VUHD85__rep0005,CD4 T cells,0.4204505120219769
homosapiens_None_2023_None_sikkemalisa_001_d10_1101_2022_03_10_483747VUHD85__rep0006,CD4 T cells,0.5180066452855128
homosapiens_None_2023_None_sikkemalisa_001_d10_1101_2022_03_10_483747VUHD85__rep0007,CD4 T cells,0.523884067590159
homosapiens_None_2023_None_sikkemalisa_001_d10_1101_2022_03_10_483747VUHD85__rep0008,CD4 T cells,0.5091197631892187
homosapiens_None_2023_None_sikkemalisa_001_d10_1101_2022_03_10_483747VUHD85__rep0009,CD4 T cells,0.5077582463531627
homosapiens_None_2023_None_sikkemalisa_001_d10_1101_2022_03_10_483747VUHD85__rep0010,CD4 T cells,0.5085970810878058
homosapiens_None_2023_None_sikkemalisa_001_d10_1101_2022_03_10_483747VUHD85__rep0011,CD4 T cells,0.5086581349310547
homosapiens_None_2023_None_sikkemalisa_001_d10_1101_2022_03_10_483747VUHD85__rep0012,CD4 T cells,0.490286283835607
homosapiens_None_2023_None_sikkemalisa_001_d10_1101_2022_03_10_483747VUHD85__rep0013,CD4 T cells,0.4599034234771826
homosapiens_None_2023_None_sikkemalisa_001_d10_1101_2022_03_10_483747VUHD85__rep0014,CD4 T cells,0.5013574052401881
homosapiens_None_2023_None_sikkemalisa_001_d10_1101_2022_03_10_483747THD0007__rep0000,Classical monocytes,0.6310577964153947
homosapiens_None_2023_None_sikkemalisa_001_d10_1101_2022_03_10_483747THD0007__rep0001,Classical monocytes,0.6564089199465726
homosapiens_None_2023_None_sikkemalisa_001_d10_1101_2022_03_10_483747THD0007__rep0002,Classical monocytes,0.63636759023766
homosapiens_None_2023_None_sikkemalisa_001_d10_1101_2022_03_10_483747THD0007__rep0004,Classical monocytes,0.6511116990149771
homosapiens_None_2023_None_sikkemalisa_001_d10_1101_2022_03_10_483747THD0007__rep0005,Classical monocytes,0.6451923777460854
homosapiens_None_2023_None_sikkemalisa_001_d10_1101_2022_03_10_483747THD0007__rep0006,Classical monocytes,0.6663428228280508
homosapiens_None_2023_None_sikkemalisa_001_d10_1101_2022_03_10_483747THD0007__rep0007,Classical monocytes,0.6491747913654486
homosapiens_None_2023_None_sikkemalisa_001_d10_1101_2022_03_10_483747THD0007__rep0008,Classical monocytes,0.6606448010799555
homosapiens_None_2023_None_sikkemalisa_001_d10_1101_2022_03_10_483747THD0007__rep0009,Classical monocytes,0.6473113298887053
homosapiens_None_2023_None_sikkemalisa_001_d10_1101_2022_03_10_483747THD0007__rep0010,Classical monocytes,0.6719448735785197
homosapiens_None_2023_None_sikkemalisa_001_d10_1101_2022_03_10_483747THD0007__rep0011,Classical monocytes,0.6905978385994008
homosapiens_None_2023_None_sikkemalisa_001_d10_1101_2022_03_10_483747THD0007__rep0013,Classical monocytes,0.6852514185278266
homosapiens_None_2023_None_sikkemalisa_001_d10_1101_2022_03_10_483747THD0007__rep0014,Classical monocytes,0.6914892580785137
homosapiens_None_2023_None_sikkemalisa_001_d10_1101_2022_03_10_483747THD0014__rep0000,Classical monocytes,0.6217807761521181
homosapiens_None_2023_None_sikkemalisa_001_d10_1101_2022_03_10_483747THD0014__rep0001,Classical monocytes,0.536231715391692
homosapiens_None_2023_None_sikkemalisa_001_d10_1101_2022_03_10_483747THD0014__rep0002,Classical monocytes,0.6057690086152485
homosapiens_None_2023_None_sikkemalisa_001_d10_1101_2022_03_10_483747THD0014__rep0003,Classical monocytes,0.6547672395066595
homosapiens_None_2023_None_sikkemalisa_001_d10_1101_2022_03_10_483747THD0014__rep0004,Classical monocytes,0.6633995326539814
homosapiens_None_2023_None_sikkemalisa_001_d10_1101_2022_03_10_483747THD0014__rep0005,Classical monocytes,0.6726803889715542
homosapiens_None_2023_None_sikkemalisa_001_d10_1101_2022_03_10_483747THD0014__rep0006,Classical monocytes,0.6621078385121577
homosapiens_None_2023_None_sikkemalisa_001_d10_1101_2022_03_10_483747THD0014__rep0009,Classical monocytes,0.6637589480891016
homosapiens_None_2023_None_sikkemalisa_001_d10_1101_2022_03_10_483747THD0014__rep0010,Classical monocytes,0.6731265497143633
homosapiens_None_2023_None_sikkemalisa_001_d10_1101_2022_03_10_483747THD0014__rep0011,Classical monocytes,0.6970189886964991
homosapiens_None_2023_None_sikkemalisa_001_d10_1101_2022_03_10_483747THD0014__rep0013,Classical monocytes,0.6663754742908824
homosapiens_None_2023_None_sikkemalisa_001_d10_1101_2022_03_10_483747THD0014__rep0014,Classical monocytes,0.6852506059077397
homosapiens_None_2023_None_sikkemalisa_001_d10_1101_2022_03_10_483747VUHD071__rep0000,Classical monocytes,0.6058548746113128
homosapiens_None_2023_None_sikkemalisa_001_d10_1101_2022_03_10_483747VUHD071__rep0001,Classical monocytes,0.597852269098528
homosapiens_None_2023_None_sikkemalisa_001_d10_1101_2022_03_10_483747VUHD071__rep0002,Classical monocytes,0.6397026635172772
homosapiens_None_2023_None_sikkemalisa_001_d10_1101_2022_03_10_483747VUHD071__rep0003,Classical monocytes,0.6469264815977435
homosapiens_None_2023_None_sikkemalisa_001_d10_1101_2022_03_10_483747VUHD071__rep0006,Classical monocytes,0.6768325271744167
homosapiens_None_2023_None_sikkemalisa_001_d10_1101_2022_03_10_483747VUHD071__rep0007,Classical monocytes,0.6168518170629421
homosapiens_None_2023_None_sikkemalisa_001_d10_1101_2022_03_10_483747VUHD071__rep0009,Classical monocytes,0.5782455219025463
homosapiens_None_2023_None_sikkemalisa_001_d10_1101_2022_03_10_483747VUHD071__rep0010,Classical monocytes,0.6654597215540383
homosapiens_None_2023_None_sikkemalisa_001_d10_1101_2022_03_10_483747VUHD071__rep0011,Classical monocytes,0.5248024874546952
homosapiens_None_2023_None_sikkemalisa_001_d10_1101_2022_03_10_483747VUHD071__rep0012,Classical monocytes,0.6636978256874322
homosapiens_None_2023_None_sikkemalisa_001_d10_1101_2022_03_10_483747VUHD071__rep0013,Classical monocytes,0.5959303729908123
homosapiens_None_2023_None_sikkemalisa_001_d10_1101_2022_03_10_483747VUHD071__rep0014,Classical monocytes,0.6884820614315739
homosapiens_None_2023_None_sikkemalisa_001_d10_1101_2022_03_10_483747VUHD077__rep0000,Classical monocytes,0.7607130138867368
homosapiens_None_2023_None_sikkemalisa_001_d10_1101_2022_03_10_483747VUHD077__rep0001,Classical monocytes,0.7583472377995608
homosapiens_None_2023_None_sikkemalisa_001_d10_1101_2022_03_10_483747VUHD077__rep0002,Classical monocytes,0.7245648582128776
homosapiens_None_2023_None_sikkemalisa_001_d10_1101_2022_03_10_483747VUHD077__rep0003,Classical monocytes,0.7473350816261826
homosapiens_None_2023_None_sikkemalisa_001_d10_1101_2022_03_10_483747VUHD077__rep0004,Classical monocytes,0.7194985500134587
homosapiens_None_2023_None_sikkemalisa_001_d10_1101_2022_03_10_483747VUHD077__rep0005,Classical monocytes,0.7711662292687207
homosapiens_None_2023_None_sikkemalisa_001_d10_1101_2022_03_10_483747VUHD077__rep0006,Classical monocytes,0.4800574652749501
homosapiens_None_2023_None_sikkemalisa_001_d10_1101_2022_03_10_483747VUHD077__rep0007,Classical monocytes,0.7163644611300151
homosapiens_None_2023_None_sikkemalisa_001_d10_1101_2022_03_10_483747VUHD077__rep0008,Classical monocytes,0.4719983454164241
homosapiens_None_2023_None_sikkemalisa_001_d10_1101_2022_03_10_483747VUHD077__rep0009,Classical monocytes,0.7789160636162242
homosapiens_None_2023_None_sikkemalisa_001_d10_1101_2022_03_10_483747VUHD077__rep0010,Classical monocytes,0.7832200944165326
homosapiens_None_2023_None_sikkemalisa_001_d10_1101_2022_03_10_483747VUHD077__rep0011,Classical monocytes,0.7615703139664671
homosapiens_None_2023_None_sikkemalisa_001_d10_1101_2022_03_10_483747VUHD077__rep0012,Classical monocytes,0.7813252635828885
homosapiens_None_2023_None_sikkemalisa_001_d10_1101_2022_03_10_483747VUHD077__rep0013,Classical monocytes,0.7658879443259468
homosapiens_None_2023_None_sikkemalisa_001_d10_1101_2022_03_10_483747VUHD077__rep0014,Classical monocytes,0.4617956608455208
homosapiens_None_2023_None_sikkemalisa_001_d10_1101_2022_03_10_483747VUHD103__rep0000,Classical monocytes,0.7449989707009801
homosapiens_None_2023_None_sikkemalisa_001_d10_1101_2022_03_10_483747VUHD103__rep0001,Classical monocytes,0.5325589416295473
homosapiens_None_2023_None_sikkemalisa_001_d10_1101_2022_03_10_483747VUHD103__rep0002,Classical monocytes,0.7048678910439318
homosapiens_None_2023_None_sikkemalisa_001_d10_1101_2022_03_10_483747VUHD103__rep0004,Classical monocytes,0.7365473867295335
homosapiens_None_2023_None_sikkemalisa_001_d10_1101_2022_03_10_483747VUHD103__rep0005,Classical monocytes,0.7133808825606001
homosapiens_None_2023_None_sikkemalisa_001_d10_1101_2022_03_10_483747VUHD103__rep0006,Classical monocytes,0.633904603636515
homosapiens_None_2023_None_sikkemalisa_001_d10_1101_2022_03_10_483747VUHD103__rep0008,Classical monocytes,0.746136394241087
homosapiens_None_2023_None_sikkemalisa_001_d10_1101_2022_03_10_483747VUHD103__rep0009,Classical monocytes,0.7203047008424253
homosapiens_None_2023_None_sikkemalisa_001_d10_1101_2022_03_10_483747VUHD103__rep0010,Classical monocytes,0.7128448877921763
homosapiens_None_2023_None_sikkemalisa_001_d10_1101_2022_03_10_483747VUHD103__rep0011,Classical monocytes,0.7079999969615438
homosapiens_None_2023_None_sikkemalisa_001_d10_1101_2022_03_10_483747VUHD103__rep0012,Classical monocytes,0.698789194622524
homosapiens_None_2023_None_sikkemalisa_001_d10_1101_2022_03_10_483747VUHD103__rep0013,Classical monocytes,0.7425010736976851
homosapiens_None_2023_None_sikkemalisa_001_d10_1101_2022_03_10_483747VUHD103__rep0014,Classical monocytes,0.6644747494929636
homosapiens_None_2023_None_sikkemalisa_001_d10_1101_2022_03_10_483747VUHD69__rep0000,Classical monocytes,0.684447550546605
homosapiens_None_2023_None_sikkemalisa_001_d10_1101_2022_03_10_483747VUHD69__rep0001,Classical monocytes,0.7179670977981855
homosapiens_None_2023_None_sikkemalisa_001_d10_1101_2022_03_10_483747VUHD69__rep0002,Classical monocytes,0.7242085492633337
homosapiens_None_2023_None_sikkemalisa_001_d10_1101_2022_03_10_483747VUHD69__rep0004,Classical monocytes,0.6862263339743973
homosapiens_None_2023_None_sikkemalisa_001_d10_1101_2022_03_10_483747VUHD69__rep0005,Classical monocytes,0.663550282582086
homosapiens_None_2023_None_sikkemalisa_001_d10_1101_2022_03_10_483747VUHD69__rep0006,Classical monocytes,0.7167471241900716
homosapiens_None_2023_None_sikkemalisa_001_d10_1101_2022_03_10_483747VUHD69__rep0007,Classical monocytes,0.5462000324615326
homosapiens_None_2023_None_sikkemalisa_001_d10_1101_2022_03_10_483747VUHD69__rep0008,Classical monocytes,0.6392798511689335
homosapiens_None_2023_None_sikkemalisa_001_d10_1101_2022_03_10_483747VUHD69__rep0009,Classical monocytes,0.7403556445553381
homosapiens_None_2023_None_sikkemalisa_001_d10_1101_2022_03_10_483747VUHD69__rep0011,Classical monocytes,0.4405811369599473
homosapiens_None_2023_None_sikkemalisa_001_d10_1101_2022_03_10_483747VUHD69__rep0012,Classical monocytes,0.7365227758569575
homosapiens_None_2023_None_sikkemalisa_001_d10_1101_2022_03_10_483747VUHD69__rep0013,Classical monocytes,0.7492359565277715
homosapiens_None_2023_None_sikkemalisa_001_d10_1101_2022_03_10_483747VUHD69__rep0014,Classical monocytes,0.7412419481458375
homosapiens_None_2023_None_sikkemalisa_001_d10_1101_2022_03_10_483747VUHD85__rep0000,Classical monocytes,0.722524986163362
homosapiens_None_2023_None_sikkemalisa_001_d10_1101_2022_03_10_483747VUHD85__rep0001,Classical monocytes,0.77662177105591
homosapiens_None_2023_None_sikkemalisa_001_d10_1101_2022_03_10_483747VUHD85__rep0002,Classical monocytes,0.6612460035741634
homosapiens_None_2023_None_sikkemalisa_001_d10_1101_2022_03_10_483747VUHD85__rep0004,Classical monocytes,0.7715669306100841
homosapiens_None_2023_None_sikkemalisa_001_d10_1101_2022_03_10_483747VUHD85__rep0005,Classical monocytes,0.7967602700343903
homosapiens_None_2023_None_sikkemalisa_001_d10_1101_2022_03_10_483747VUHD85__rep0006,Classical monocytes,0.7953824300842145
homosapiens_None_2023_None_sikkemalisa_001_d10_1101_2022_03_10_483747VUHD85__rep0007,Classical monocytes,0.7723091616826429
homosapiens_None_2023_None_sikkemalisa_001_d10_1101_2022_03_10_483747VUHD85__rep0008,Classical monocytes,0.7962082375873016
homosapiens_None_2023_None_sikkemalisa_001_d10_1101_2022_03_10_483747VUHD85__rep0009,Classical monocytes,0.808805159102161
homosapiens_None_2023_None_sikkemalisa_001_d10_1101_2022_03_10_483747VUHD85__rep0010,Classical monocytes,0.6655786490533759
homosapiens_None_2023_None_sikkemalisa_001_d10_1101_2022_03_10_483747VUHD85__rep0011,Classical monocytes,0.7992998786973674
homosapiens_None_2023_None_sikkemalisa_001_d10_1101_2022_03_10_483747VUHD85__rep0012,Classical monocytes,0.8006089045931128
homosapiens_None_2023_None_sikkemalisa_001_d10_1101_2022_03_10_483747VUHD85__rep0013,Classical monocytes,0.8047048656769278
homosapiens_None_2023_None_sikkemalisa_001_d10_1101_2022_03_10_483747VUHD85__rep0014,Classical monocytes,0.8069916139934326
homosapiens_None_2023_None_sikkemalisa_001_d10_1101_2022_03_10_483747THD0007__rep0000,Club,0.6117623177587234
homosapiens_None_2023_None_sikkemalisa_001_d10_1101_2022_03_10_483747THD0007__rep0001,Club,0.3042054099505057
homosapiens_None_2023_None_sikkemalisa_001_d10_1101_2022_03_10_483747THD0007__rep0002,Club,0.4453953181461055
homosapiens_None_2023_None_sikkemalisa_001_d10_1101_2022_03_10_483747THD0007__rep0003,Club,0.4273268854824062
homosapiens_None_2023_None_sikkemalisa_001_d10_1101_2022_03_10_483747THD0007__rep0004,Club,0.1279556266455963
homosapiens_None_2023_None_sikkemalisa_001_d10_1101_2022_03_10_483747THD0007__rep0005,Club,0.1746437723465246
homosapiens_None_2023_None_sikkemalisa_001_d10_1101_2022_03_10_483747THD0007__rep0006,Club,0.2051753741835516
homosapiens_None_2023_None_sikkemalisa_001_d10_1101_2022_03_10_483747THD0007__rep0007,Club,0.3656056944261833
homosapiens_None_2023_None_sikkemalisa_001_d10_1101_2022_03_10_483747THD0007__rep0009,Club,0.4242076381381527
homosapiens_None_2023_None_sikkemalisa_001_d10_1101_2022_03_10_483747THD0007__rep0010,Club,0.2531412887540879
homosapiens_None_2023_None_sikkemalisa_001_d10_1101_2022_03_10_483747THD0007__rep0011,Club,0.191173902427296
homosapiens_None_2023_None_sikkemalisa_001_d10_1101_2022_03_10_483747THD0007__rep0012,Club,0.4551164912487869
homosapiens_None_2023_None_sikkemalisa_001_d10_1101_2022_03_10_483747THD0007__rep0014,Club,0.4377078622121844
homosapiens_None_2023_None_sikkemalisa_001_d10_1101_2022_03_10_483747THD0014__rep0000,Club,0.481739213584464
homosapiens_None_2023_None_sikkemalisa_001_d10_1101_2022_03_10_483747THD0014__rep0001,Club,0.4213806830375374
homosapiens_None_2023_None_sikkemalisa_001_d10_1101_2022_03_10_483747THD0014__rep0002,Club,0.45176996257581
homosapiens_None_2023_None_sikkemalisa_001_d10_1101_2022_03_10_483747THD0014__rep0003,Club,0.4350818725168221
homosapiens_None_2023_None_sikkemalisa_001_d10_1101_2022_03_10_483747THD0014__rep0005,Club,0.4072487059415604
homosapiens_None_2023_None_sikkemalisa_001_d10_1101_2022_03_10_483747THD0014__rep0006,Club,0.3961764819934603
homosapiens_None_2023_None_sikkemalisa_001_d10_1101_2022_03_10_483747THD0014__rep0007,Club,0.3994960515985415
homosapiens_None_2023_None_sikkemalisa_001_d10_1101_2022_03_10_483747THD0014__rep0008,Club,0.3477020841949684
homosapiens_None_2023_None_sikkemalisa_001_d10_1101_2022_03_10_483747THD0014__rep0009,Club,0.4090619615392234
homosapiens_None_2023_None_sikkemalisa_001_d10_1101_2022_03_10_483747THD0014__rep0010,Club,0.3890883473447988
homosapiens_None_2023_None_sikkemalisa_001_d10_1101_2022_03_10_483747THD0014__rep0011,Club,0.3184327979650104
homosapiens_None_2023_None_sikkemalisa_001_d10_1101_2022_03_10_483747THD0014__rep0012,Club,0.3899027069987751
homosapiens_None_2023_None_sikkemalisa_001_d10_1101_2022_03_10_483747THD0014__rep0013,Club,0.3864658525181909
homosapiens_None_2023_None_sikkemalisa_001_d10_1101_2022_03_10_483747THD0014__rep0014,Club,0.3764735782867129
homosapiens_None_2023_None_sikkemalisa_001_d10_1101_2022_03_10_483747VUHD071__rep0000,Club,0.2987226984949848
homosapiens_None_2023_None_sikkemalisa_001_d10_1101_2022_03_10_483747VUHD071__rep0002,Club,0.3013132222559015
homosapiens_None_2023_None_sikkemalisa_001_d10_1101_2022_03_10_483747VUHD071__rep0003,Club,0.2803729513295422
homosapiens_None_2023_None_sikkemalisa_001_d10_1101_2022_03_10_483747VUHD071__rep0004,Club,0.3228326452115824
homosapiens_None_2023_None_sikkemalisa_001_d10_1101_2022_03_10_483747VUHD071__rep0005,Club,0.3607095560270693
homosapiens_None_2023_None_sikkemalisa_001_d10_1101_2022_03_10_483747VUHD071__rep0006,Club,0.3365731802799542
homosapiens_None_2023_None_sikkemalisa_001_d10_1101_2022_03_10_483747VUHD071__rep0007,Club,0.3300010705198667
homosapiens_None_2023_None_sikkemalisa_001_d10_1101_2022_03_10_483747VUHD071__rep0008,Club,0.2894209051884656
homosapiens_None_2023_None_sikkemalisa_001_d10_1101_2022_03_10_483747VUHD071__rep0009,Club,0.3382566606371863
homosapiens_None_2023_None_sikkemalisa_001_d10_1101_2022_03_10_483747VUHD071__rep0010,Club,0.3833652106493385
homosapiens_None_2023_None_sikkemalisa_001_d10_1101_2022_03_10_483747VUHD071__rep0011,Club,0.3293625497222596
homosapiens_None_2023_None_sikkemalisa_001_d10_1101_2022_03_10_483747VUHD071__rep0012,Club,0.3254724814250559
homosapiens_None_2023_None_sikkemalisa_001_d10_1101_2022_03_10_483747VUHD071__rep0013,Club,0.3111961545605441
homosapiens_None_2023_None_sikkemalisa_001_d10_1101_2022_03_10_483747VUHD071__rep0014,Club,0.3396643722235334
homosapiens_None_2023_None_sikkemalisa_001_d10_1101_2022_03_10_483747VUHD103__rep0000,Club,0.2547348558599637
homosapiens_None_2023_None_sikkemalisa_001_d10_1101_2022_03_10_483747VUHD103__rep0001,Club,0.2861005301208805
homosapiens_None_2023_None_sikkemalisa_001_d10_1101_2022_03_10_483747VUHD103__rep0002,Club,0.2960922149686152
homosapiens_None_2023_None_sikkemalisa_001_d10_1101_2022_03_10_483747VUHD103__rep0003,Club,0.2306394953885962
homosapiens_None_2023_None_sikkemalisa_001_d10_1101_2022_03_10_483747VUHD103__rep0004,Club,0.2881414541236763
homosapiens_None_2023_None_sikkemalisa_001_d10_1101_2022_03_10_483747VUHD103__rep0005,Club,0.3102834046735181
homosapiens_None_2023_None_sikkemalisa_001_d10_1101_2022_03_10_483747VUHD103__rep0006,Club,0.2777765196384822
homosapiens_None_2023_None_sikkemalisa_001_d10_1101_2022_03_10_483747VUHD103__rep0007,Club,0.3084912620316076
homosapiens_None_2023_None_sikkemalisa_001_d10_1101_2022_03_10_483747VUHD103__rep0008,Club,0.3122372191136864
homosapiens_None_2023_None_sikkemalisa_001_d10_1101_2022_03_10_483747VUHD103__rep0009,Club,0.3292397454071332
homosapiens_None_2023_None_sikkemalisa_001_d10_1101_2022_03_10_483747VUHD103__rep0011,Club,0.3233774757450943
homosapiens_None_2023_None_sikkemalisa_001_d10_1101_2022_03_10_483747VUHD103__rep0013,Club,0.2897243954640989
homosapiens_None_2023_None_sikkemalisa_001_d10_1101_2022_03_10_483747VUHD103__rep0014,Club,0.3183907792243899
homosapiens_None_2023_None_sikkemalisa_001_d10_1101_2022_03_10_483747VUHD85__rep0001,Club,0.3226872143396508
homosapiens_None_2023_None_sikkemalisa_001_d10_1101_2022_03_10_483747VUHD85__rep0002,Club,0.3191163149442506
homosapiens_None_2023_None_sikkemalisa_001_d10_1101_2022_03_10_483747VUHD85__rep0004,Club,0.2796526290851934
homosapiens_None_2023_None_sikkemalisa_001_d10_1101_2022_03_10_483747VUHD85__rep0006,Club,0.3239127152788448
homosapiens_None_2023_None_sikkemalisa_001_d10_1101_2022_03_10_483747VUHD85__rep0007,Club,0.3200026067195114
homosapiens_None_2023_None_sikkemalisa_001_d10_1101_2022_03_10_483747VUHD85__rep0008,Club,0.3224770562181829
homosapiens_None_2023_None_sikkemalisa_001_d10_1101_2022_03_10_483747VUHD85__rep0009,Club,0.3271335796160684
homosapiens_None_2023_None_sikkemalisa_001_d10_1101_2022_03_10_483747VUHD85__rep0010,Club,0.3252562449123948
homosapiens_None_2023_None_sikkemalisa_001_d10_1101_2022_03_10_483747VUHD85__rep0011,Club,0.3242141572074944
homosapiens_None_2023_None_sikkemalisa_001_d10_1101_2022_03_10_483747VUHD85__rep0012,Club,0.3264059029386582
homosapiens_None_2023_None_sikkemalisa_001_d10_1101_2022_03_10_483747VUHD85__rep0013,Club,0.3045721728512494
homosapiens_None_2023_None_sikkemalisa_001_d10_1101_2022_03_10_483747VUHD85__rep0014,Club,0.3267855239937414
homosapiens_None_2023_None_sikkemalisa_001_d10_1101_2022_03_10_483747THD0007__rep0000,DC monocyte,
homosapiens_None_2023_None_sikkemalisa_001_d10_1101_2022_03_10_483747THD0007__rep0001,DC monocyte,
homosapiens_None_2023_None_sikkemalisa_001_d10_1101_2022_03_10_483747THD0007__rep0002,DC monocyte,
homosapiens_None_2023_None_sikkemalisa_001_d10_1101_2022_03_10_483747THD0007__rep0004,DC monocyte,
homosapiens_None_2023_None_sikkemalisa_001_d10_1101_2022_03_10_483747THD0007__rep0005,DC monocyte,
homosapiens_None_2023_None_sikkemalisa_001_d10_1101_2022_03_10_483747THD0007__rep0006,DC monocyte,
homosapiens_None_2023_None_sikkemalisa_001_d10_1101_2022_03_10_483747THD0007__rep0008,DC monocyte,
homosapiens_None_2023_None_sikkemalisa_001_d10_1101_2022_03_10_483747THD0007__rep0010,DC monocyte,
homosapiens_None_2023_None_sikkemalisa_001_d10_1101_2022_03_10_483747THD0007__rep0011,DC monocyte,-0.0431710751091249
homosapiens_None_2023_None_sikkemalisa_001_d10_1101_2022_03_10_483747THD0007__rep0012,DC monocyte,0.0203006196142169
homosapiens_None_2023_None_sikkemalisa_001_d10_1101_2022_03_10_483747THD0007__rep0013,DC monocyte,-0.0089756617672592
homosapiens_None_2023_None_sikkemalisa_001_d10_1101_2022_03_10_483747THD0007__rep0014,DC monocyte,-0.101327879306584
homosapiens_None_2023_None_sikkemalisa_001_d10_1101_2022_03_10_483747THD0014__rep0001,DC monocyte,0.0489967328316348
homosapiens_None_2023_None_sikkemalisa_001_d10_1101_2022_03_10_483747THD0014__rep0003,DC monocyte,0.0005321882661221
homosapiens_None_2023_None_sikkemalisa_001_d10_1101_2022_03_10_483747THD0014__rep0004,DC monocyte,0.0081500522756624
homosapiens_None_2023_None_sikkemalisa_001_d10_1101_2022_03_10_483747THD0014__rep0006,DC monocyte,0.0033829690995999
homosapiens_None_2023_None_sikkemalisa_001_d10_1101_2022_03_10_483747THD0014__rep0007,DC monocyte,-0.0375201289049658
homosapiens_None_2023_None_sikkemalisa_001_d10_1101_2022_03_10_483747THD0014__rep0008,DC monocyte,-0.0306106079345286
homosapiens_None_2023_None_sikkemalisa_001_d10_1101_2022_03_10_483747THD0014__rep0009,DC monocyte,-0.0257610197224617
homosapiens_None_2023_None_sikkemalisa_001_d10_1101_2022_03_10_483747THD0014__rep0010,DC monocyte,-0.0120724190914377
homosapiens_None_2023_None_sikkemalisa_001_d10_1101_2022_03_10_483747THD0014__rep0011,DC monocyte,-0.024334376030736
homosapiens_None_2023_None_sikkemalisa_001_d10_1101_2022_03_10_483747THD0014__rep0012,DC monocyte,-0.1064863628727907
homosapiens_None_2023_None_sikkemalisa_001_d10_1101_2022_03_10_483747THD0014__rep0013,DC monocyte,-0.0650587872503643
homosapiens_None_2023_None_sikkemalisa_001_d10_1101_2022_03_10_483747THD0014__rep0014,DC monocyte,-0.1234028923167618
homosapiens_None_2023_None_sikkemalisa_001_d10_1101_2022_03_10_483747VUHD071__rep0000,DC monocyte,-0.1536310609070269
homosapiens_None_2023_None_sikkemalisa_001_d10_1101_2022_03_10_483747VUHD071__rep0001,DC monocyte,-0.185912972368774
homosapiens_None_2023_None_sikkemalisa_001_d10_1101_2022_03_10_483747VUHD071__rep0002,DC monocyte,-0.1921693241660312
homosapiens_None_2023_None_sikkemalisa_001_d10_1101_2022_03_10_483747VUHD071__rep0003,DC monocyte,-0.1740032676063225
homosapiens_None_2023_None_sikkemalisa_001_d10_1101_2022_03_10_483747VUHD071__rep0004,DC monocyte,-0.1340486303399816
homosapiens_None_2023_None_sikkemalisa_001_d10_1101_2022_03_10_483747VUHD071__rep0005,DC monocyte,-0.1523690430476952
homosapiens_None_2023_None_sikkemalisa_001_d10_1101_2022_03_10_483747VUHD071__rep0007,DC monocyte,-0.1352445571153512
homosapiens_None_2023_None_sikkemalisa_001_d10_1101_2022_03_10_483747VUHD071__rep0009,DC monocyte,-0.0919475581825399
homosapiens_None_2023_None_sikkemalisa_001_d10_1101_2022_03_10_483747VUHD071__rep0010,DC monocyte,-0.1949593506337552
homosapiens_None_2023_None_sikkemalisa_001_d10_1101_2022_03_10_483747VUHD071__rep0011,DC monocyte,-0.1841791007205153
homosapiens_None_2023_None_sikkemalisa_001_d10_1101_2022_03_10_483747VUHD071__rep0012,DC monocyte,-0.1947135734888512
homosapiens_None_2023_None_sikkemalisa_001_d10_1101_2022_03_10_483747VUHD071__rep0013,DC monocyte,-0.2018173974595762
homosapiens_None_2023_None_sikkemalisa_001_d10_1101_2022_03_10_483747VUHD071__rep0014,DC monocyte,-0.2071405936760762
homosapiens_None_2023_None_sikkemalisa_001_d10_1101_2022_03_10_483747VUHD077__rep0000,DC monocyte,0.1315548844021145
homosapiens_None_2023_None_sikkemalisa_001_d10_1101_2022_03_10_483747VUHD077__rep0003,DC monocyte,0.0945906320336157
homosapiens_None_2023_None_sikkemalisa_001_d10_1101_2022_03_10_483747VUHD077__rep0005,DC monocyte,0.2243559799955609
homosapiens_None_2023_None_sikkemalisa_001_d10_1101_2022_03_10_483747VUHD077__rep0006,DC monocyte,0.1674187566643996
homosapiens_None_2023_None_sikkemalisa_001_d10_1101_2022_03_10_483747VUHD077__rep0007,DC monocyte,0.0753455843298468
homosapiens_None_2023_None_sikkemalisa_001_d10_1101_2022_03_10_483747VUHD077__rep0008,DC monocyte,0.2182844043540149
homosapiens_None_2023_None_sikkemalisa_001_d10_1101_2022_03_10_483747VUHD077__rep0009,DC monocyte,0.1174758658030982
homosapiens_None_2023_None_sikkemalisa_001_d10_1101_2022_03_10_483747VUHD077__rep0010,DC monocyte,0.1140500520470156
homosapiens_None_2023_None_sikkemalisa_001_d10_1101_2022_03_10_483747VUHD077__rep0012,DC monocyte,0.0656758417406067
homosapiens_None_2023_None_sikkemalisa_001_d10_1101_2022_03_10_483747VUHD077__rep0014,DC monocyte,-0.0280146440461842
homosapiens_None_2023_None_sikkemalisa_001_d10_1101_2022_03_10_483747VUHD103__rep0000,DC monocyte,0.0536185339301645
homosapiens_None_2023_None_sikkemalisa_001_d10_1101_2022_03_10_483747VUHD103__rep0001,DC monocyte,-0.0239703271752453
homosapiens_None_2023_None_sikkemalisa_001_d10_1101_2022_03_10_483747VUHD103__rep0002,DC monocyte,-0.0994898158871039
homosapiens_None_2023_None_sikkemalisa_001_d10_1101_2022_03_10_483747VUHD103__rep0004,DC monocyte,-0.1327857562422844
homosapiens_None_2023_None_sikkemalisa_001_d10_1101_2022_03_10_483747VUHD103__rep0005,DC monocyte,-0.0970167978227052
homosapiens_None_2023_None_sikkemalisa_001_d10_1101_2022_03_10_483747VUHD103__rep0006,DC monocyte,-0.0501434334474359
homosapiens_None_2023_None_sikkemalisa_001_d10_1101_2022_03_10_483747VUHD103__rep0007,DC monocyte,-0.1045370500576169
homosapiens_None_2023_None_sikkemalisa_001_d10_1101_2022_03_10_483747VUHD103__rep0008,DC monocyte,-0.0891754114917077
homosapiens_None_2023_None_sikkemalisa_001_d10_1101_2022_03_10_483747VUHD103__rep0009,DC monocyte,-0.1227496866254838
homosapiens_None_2023_None_sikkemalisa_001_d10_1101_2022_03_10_483747VUHD103__rep0011,DC monocyte,-0.1041645741446492
homosapiens_None_2023_None_sikkemalisa_001_d10_1101_2022_03_10_483747VUHD103__rep0012,DC monocyte,-0.1059985234638418
homosapiens_None_2023_None_sikkemalisa_001_d10_1101_2022_03_10_483747VUHD103__rep0013,DC monocyte,-0.072290407473061
homosapiens_None_2023_None_sikkemalisa_001_d10_1101_2022_03_10_483747VUHD103__rep0014,DC monocyte,-0.08294101564144
homosapiens_None_2023_None_sikkemalisa_001_d10_1101_2022_03_10_483747VUHD69__rep0000,DC monocyte,-0.0923443179592304
homosapiens_None_2023_None_sikkemalisa_001_d10_1101_2022_03_10_483747VUHD69__rep0002,DC monocyte,0.0219837503451447
homosapiens_None_2023_None_sikkemalisa_001_d10_1101_2022_03_10_483747VUHD69__rep0003,DC monocyte,0.001076158774036
homosapiens_None_2023_None_sikkemalisa_001_d10_1101_2022_03_10_483747VUHD69__rep0004,DC monocyte,0.0092991573601955
homosapiens_None_2023_None_sikkemalisa_001_d10_1101_2022_03_10_483747VUHD69__rep0005,DC monocyte,-0.0898268220143539
homosapiens_None_2023_None_sikkemalisa_001_d10_1101_2022_03_10_483747VUHD69__rep0006,DC monocyte,-0.0634772272015811
homosapiens_None_2023_None_sikkemalisa_001_d10_1101_2022_03_10_483747VUHD69__rep0007,DC monocyte,-0.1167912583289191
homosapiens_None_2023_None_sikkemalisa_001_d10_1101_2022_03_10_483747VUHD69__rep0008,DC monocyte,0.0855862809283789
homosapiens_None_2023_None_sikkemalisa_001_d10_1101_2022_03_10_483747VUHD69__rep0009,DC monocyte,0.0913026214378034
homosapiens_None_2023_None_sikkemalisa_001_d10_1101_2022_03_10_483747VUHD69__rep0010,DC monocyte,0.1062255124171676
homosapiens_None_2023_None_sikkemalisa_001_d10_1101_2022_03_10_483747VUHD69__rep0011,DC monocyte,0.1050677306318222
homosapiens_None_2023_None_sikkemalisa_001_d10_1101_2022_03_10_483747VUHD69__rep0012,DC monocyte,0.1617582578643553
homosapiens_None_2023_None_sikkemalisa_001_d10_1101_2022_03_10_483747VUHD69__rep0014,DC monocyte,0.0034336037773087
homosapiens_None_2023_None_sikkemalisa_001_d10_1101_2022_03_10_483747THD0007__rep0000,DC1,0.7996632883048126
homosapiens_None_2023_None_sikkemalisa_001_d10_1101_2022_03_10_483747THD0007__rep0001,DC1,0.7844568902121251
homosapiens_None_2023_None_sikkemalisa_001_d10_1101_2022_03_10_483747THD0007__rep0002,DC1,0.7969596226954709
homosapiens_None_2023_None_sikkemalisa_001_d10_1101_2022_03_10_483747THD0007__rep0003,DC1,0.7952549003178264
homosapiens_None_2023_None_sikkemalisa_001_d10_1101_2022_03_10_483747THD0007__rep0004,DC1,0.7616296648120732
homosapiens_None_2023_None_sikkemalisa_001_d10_1101_2022_03_10_483747THD0007__rep0006,DC1,0.7964628578087979
homosapiens_None_2023_None_sikkemalisa_001_d10_1101_2022_03_10_483747THD0007__rep0007,DC1,0.7927231018137807
homosapiens_None_2023_None_sikkemalisa_001_d10_1101_2022_03_10_483747THD0007__rep0008,DC1,0.7960877510561637
homosapiens_None_2023_None_sikkemalisa_001_d10_1101_2022_03_10_483747THD0007__rep0009,DC1,0.7963697815078457
homosapiens_None_2023_None_sikkemalisa_001_d10_1101_2022_03_10_483747THD0007__rep0010,DC1,0.7992952689144742
homosapiens_None_2023_None_sikkemalisa_001_d10_1101_2022_03_10_483747THD0007__rep0011,DC1,0.7976538941973832
homosapiens_None_2023_None_sikkemalisa_001_d10_1101_2022_03_10_483747THD0007__rep0012,DC1,0.7852640735907801
homosapiens_None_2023_None_sikkemalisa_001_d10_1101_2022_03_10_483747THD0007__rep0014,DC1,0.7525097420875089
homosapiens_None_2023_None_sikkemalisa_001_d10_1101_2022_03_10_483747THD0014__rep0000,DC1,0.8045623945107243
homosapiens_None_2023_None_sikkemalisa_001_d10_1101_2022_03_10_483747THD0014__rep0001,DC1,0.7811175541064728
homosapiens_None_2023_None_sikkemalisa_001_d10_1101_2022_03_10_483747THD0014__rep0002,DC1,0.7693580396763223
homosapiens_None_2023_None_sikkemalisa_001_d10_1101_2022_03_10_483747THD0014__rep0003,DC1,0.7421148096702088
homosapiens_None_2023_None_sikkemalisa_001_d10_1101_2022_03_10_483747THD0014__rep0004,DC1,0.5501307725173992
homosapiens_None_2023_None_sikkemalisa_001_d10_1101_2022_03_10_483747THD0014__rep0005,DC1,0.6018959781070752
homosapiens_None_2023_None_sikkemalisa_001_d10_1101_2022_03_10_483747THD0014__rep0006,DC1,0.8034483599472229
homosapiens_None_2023_None_sikkemalisa_001_d10_1101_2022_03_10_483747THD0014__rep0007,DC1,0.8030126400930602
homosapiens_None_2023_None_sikkemalisa_001_d10_1101_2022_03_10_483747THD0014__rep0008,DC1,0.8024298284583837
homosapiens_None_2023_None_sikkemalisa_001_d10_1101_2022_03_10_483747THD0014__rep0009,DC1,0.816349214780331
homosapiens_None_2023_None_sikkemalisa_001_d10_1101_2022_03_10_483747THD0014__rep0010,DC1,0.811698146680689
homosapiens_None_2023_None_sikkemalisa_001_d10_1101_2022_03_10_483747THD0014__rep0011,DC1,0.7997259276677887
homosapiens_None_2023_None_sikkemalisa_001_d10_1101_2022_03_10_483747THD0014__rep0012,DC1,0.7879258542599861
homosapiens_None_2023_None_sikkemalisa_001_d10_1101_2022_03_10_483747THD0014__rep0013,DC1,0.8188972967942018
homosapiens_None_2023_None_sikkemalisa_001_d10_1101_2022_03_10_483747VUHD071__rep0000,DC1,0.6066469430292417
homosapiens_None_2023_None_sikkemalisa_001_d10_1101_2022_03_10_483747VUHD071__rep0001,DC1,0.7418385255075894
homosapiens_None_2023_None_sikkemalisa_001_d10_1101_2022_03_10_483747VUHD071__rep0002,DC1,0.7376914163836836
homosapiens_None_2023_None_sikkemalisa_001_d10_1101_2022_03_10_483747VUHD071__rep0003,DC1,0.748495894797645
homosapiens_None_2023_None_sikkemalisa_001_d10_1101_2022_03_10_483747VUHD071__rep0004,DC1,0.7381135684303197
homosapiens_None_2023_None_sikkemalisa_001_d10_1101_2022_03_10_483747VUHD071__rep0005,DC1,0.5991607822426047
homosapiens_None_2023_None_sikkemalisa_001_d10_1101_2022_03_10_483747VUHD071__rep0006,DC1,0.6969586606814814
homosapiens_None_2023_None_sikkemalisa_001_d10_1101_2022_03_10_483747VUHD071__rep0007,DC1,0.465350213479327
homosapiens_None_2023_None_sikkemalisa_001_d10_1101_2022_03_10_483747VUHD071__rep0008,DC1,0.7351318857222457
homosapiens_None_2023_None_sikkemalisa_001_d10_1101_2022_03_10_483747VUHD071__rep0009,DC1,0.7464760751214338
homosapiens_None_2023_None_sikkemalisa_001_d10_1101_2022_03_10_483747VUHD071__rep0010,DC1,0.7400693492253848
homosapiens_None_2023_None_sikkemalisa_001_d10_1101_2022_03_10_483747VUHD071__rep0011,DC1,0.7325386577672788
homosapiens_None_2023_None_sikkemalisa_001_d10_1101_2022_03_10_483747VUHD071__rep0012,DC1,0.7368888832594556
homosapiens_None_2023_None_sikkemalisa_001_d10_1101_2022_03_10_483747VUHD071__rep0013,DC1,0.6607634375843338
homosapiens_None_2023_None_sikkemalisa_001_d10_1101_2022_03_10_483747VUHD071__rep0014,DC1,0.7269612689490095
homosapiens_None_2023_None_sikkemalisa_001_d10_1101_2022_03_10_483747VUHD077__rep0000,DC1,0.7824564948518655
homosapiens_None_2023_None_sikkemalisa_001_d10_1101_2022_03_10_483747VUHD077__rep0001,DC1,0.7780078497665156
homosapiens_None_2023_None_sikkemalisa_001_d10_1101_2022_03_10_483747VUHD077__rep0002,DC1,0.7814030613773222
homosapiens_None_2023_None_sikkemalisa_001_d10_1101_2022_03_10_483747VUHD077__rep0003,DC1,0.7820877542852029
homosapiens_None_2023_None_sikkemalisa_001_d10_1101_2022_03_10_483747VUHD077__rep0004,DC1,0.6592401515943579
homosapiens_None_2023_None_sikkemalisa_001_d10_1101_2022_03_10_483747VUHD077__rep0005,DC1,0.7783403785091232
homosapiens_None_2023_None_sikkemalisa_001_d10_1101_2022_03_10_483747VUHD077__rep0006,DC1,0.7759492339115304
homosapiens_None_2023_None_sikkemalisa_001_d10_1101_2022_03_10_483747VUHD077__rep0008,DC1,0.7729600043167775
homosapiens_None_2023_None_sikkemalisa_001_d10_1101_2022_03_10_483747VUHD077__rep0009,DC1,0.78189602320762
homosapiens_None_2023_None_sikkemalisa_001_d10_1101_2022_03_10_483747VUHD077__rep0010,DC1,0.7794335830090605
homosapiens_None_2023_None_sikkemalisa_001_d10_1101_2022_03_10_483747VUHD077__rep0011,DC1,0.7826173456301283
homosapiens_None_2023_None_sikkemalisa_001_d10_1101_2022_03_10_483747VUHD077__rep0012,DC1,0.7796222192215628
homosapiens_None_2023_None_sikkemalisa_001_d10_1101_2022_03_10_483747VUHD077__rep0013,DC1,0.7859844830804508
homosapiens_None_2023_None_sikkemalisa_001_d10_1101_2022_03_10_483747VUHD077__rep0014,DC1,0.7811307681302652
homosapiens_None_2023_None_sikkemalisa_001_d10_1101_2022_03_10_483747VUHD103__rep0000,DC1,0.7882436422423957
homosapiens_None_2023_None_sikkemalisa_001_d10_1101_2022_03_10_483747VUHD103__rep0001,DC1,0.7866919169343244
homosapiens_None_2023_None_sikkemalisa_001_d10_1101_2022_03_10_483747VUHD103__rep0002,DC1,0.7406418633537509
homosapiens_None_2023_None_sikkemalisa_001_d10_1101_2022_03_10_483747VUHD103__rep0003,DC1,0.7893712933108434
homosapiens_None_2023_None_sikkemalisa_001_d10_1101_2022_03_10_483747VUHD103__rep0004,DC1,0.7763067217910099
homosapiens_None_2023_None_sikkemalisa_001_d10_1101_2022_03_10_483747VUHD103__rep0005,DC1,0.7813960751171174
homosapiens_None_2023_None_sikkemalisa_001_d10_1101_2022_03_10_483747VUHD103__rep0006,DC1,0.770256152865268
homosapiens_None_2023_None_sikkemalisa_001_d10_1101_2022_03_10_483747VUHD103__rep0007,DC1,0.7868830704407697
homosapiens_None_2023_None_sikkemalisa_001_d10_1101_2022_03_10_483747VUHD103__rep0008,DC1,0.7242639866052933
homosapiens_None_2023_None_sikkemalisa_001_d10_1101_2022_03_10_483747VUHD103__rep0009,DC1,0.6613023405192866
homosapiens_None_2023_None_sikkemalisa_001_d10_1101_2022_03_10_483747VUHD103__rep0010,DC1,0.7872808484140725
homosapiens_None_2023_None_sikkemalisa_001_d10_1101_2022_03_10_483747VUHD103__rep0011,DC1,0.775716046209119
homosapiens_None_2023_None_sikkemalisa_001_d10_1101_2022_03_10_483747VUHD103__rep0012,DC1,0.7122502536321496
homosapiens_None_2023_None_sikkemalisa_001_d10_1101_2022_03_10_483747VUHD103__rep0013,DC1,0.786606093467746
homosapiens_None_2023_None_sikkemalisa_001_d10_1101_2022_03_10_483747VUHD103__rep0014,DC1,0.7779013636395306
homosapiens_None_2023_None_sikkemalisa_001_d10_1101_2022_03_10_483747VUHD69__rep0000,DC1,0.7577848026236693
homosapiens_None_2023_None_sikkemalisa_001_d10_1101_2022_03_10_483747VUHD69__rep0001,DC1,0.7392056230227073
homosapiens_None_2023_None_sikkemalisa_001_d10_1101_2022_03_10_483747VUHD69__rep0002,DC1,0.75666563396942
homosapiens_None_2023_None_sikkemalisa_001_d10_1101_2022_03_10_483747VUHD69__rep0004,DC1,0.7577087790949254
homosapiens_None_2023_None_sikkemalisa_001_d10_1101_2022_03_10_483747VUHD69__rep0005,DC1,0.7558823867828146
homosapiens_None_2023_None_sikkemalisa_001_d10_1101_2022_03_10_483747VUHD69__rep0006,DC1,0.754550689163737
homosapiens_None_2023_None_sikkemalisa_001_d10_1101_2022_03_10_483747VUHD69__rep0007,DC1,0.7559808871092301
homosapiens_None_2023_None_sikkemalisa_001_d10_1101_2022_03_10_483747VUHD69__rep0008,DC1,0.7598306833554471
homosapiens_None_2023_None_sikkemalisa_001_d10_1101_2022_03_10_483747VUHD69__rep0009,DC1,0.7577282451189351
homosapiens_None_2023_None_sikkemalisa_001_d10_1101_2022_03_10_483747VUHD69__rep0010,DC1,0.7494696264509288
homosapiens_None_2023_None_sikkemalisa_001_d10_1101_2022_03_10_483747VUHD69__rep0011,DC1,0.7565189808194901
homosapiens_None_2023_None_sikkemalisa_001_d10_1101_2022_03_10_483747VUHD69__rep0012,DC1,0.7515527721157158
homosapiens_None_2023_None_sikkemalisa_001_d10_1101_2022_03_10_483747VUHD69__rep0013,DC1,0.7589192893166848
homosapiens_None_2023_None_sikkemalisa_001_d10_1101_2022_03_10_483747VUHD85__rep0000,DC1,0.7650163573092803
homosapiens_None_2023_None_sikkemalisa_001_d10_1101_2022_03_10_483747VUHD85__rep0003,DC1,0.7642105521973662
homosapiens_None_2023_None_sikkemalisa_001_d10_1101_2022_03_10_483747VUHD85__rep0004,DC1,0.7691964164661662
homosapiens_None_2023_None_sikkemalisa_001_d10_1101_2022_03_10_483747VUHD85__rep0006,DC1,0.7475490569393433
homosapiens_None_2023_None_sikkemalisa_001_d10_1101_2022_03_10_483747VUHD85__rep0007,DC1,0.7694088528701173
homosapiens_None_2023_None_sikkemalisa_001_d10_1101_2022_03_10_483747VUHD85__rep0008,DC1,0.758783581958286
homosapiens_None_2023_None_sikkemalisa_001_d10_1101_2022_03_10_483747VUHD85__rep0009,DC1,0.7630078656195023
homosapiens_None_2023_None_sikkemalisa_001_d10_1101_2022_03_10_483747VUHD85__rep0010,DC1,0.7548072279146127
homosapiens_None_2023_None_sikkemalisa_001_d10_1101_2022_03_10_483747VUHD85__rep0011,DC1,0.7732394621741184
homosapiens_None_2023_None_sikkemalisa_001_d10_1101_2022_03_10_483747VUHD85__rep0012,DC1,0.5066857267182896
homosapiens_None_2023_None_sikkemalisa_001_d10_1101_2022_03_10_483747VUHD85__rep0013,DC1,0.773211484831825
homosapiens_None_2023_None_sikkemalisa_001_d10_1101_2022_03_10_483747VUHD85__rep0014,DC1,0.7689687727174945
homosapiens_None_2023_None_sikkemalisa_001_d10_1101_2022_03_10_483747VUHD071__rep0000,Deuterosomal,0.585006499735186
homosapiens_None_2023_None_sikkemalisa_001_d10_1101_2022_03_10_483747VUHD071__rep0001,Deuterosomal,0.7511141390386633
homosapiens_None_2023_None_sikkemalisa_001_d10_1101_2022_03_10_483747VUHD071__rep0002,Deuterosomal,0.7386341039298436
homosapiens_None_2023_None_sikkemalisa_001_d10_1101_2022_03_10_483747VUHD071__rep0003,Deuterosomal,0.7512535090395113
homosapiens_None_2023_None_sikkemalisa_001_d10_1101_2022_03_10_483747VUHD071__rep0004,Deuterosomal,0.7014854305897638
homosapiens_None_2023_None_sikkemalisa_001_d10_1101_2022_03_10_483747VUHD071__rep0005,Deuterosomal,0.7535773977840217
homosapiens_None_2023_None_sikkemalisa_001_d10_1101_2022_03_10_483747VUHD071__rep0006,Deuterosomal,0.761785907877793
homosapiens_None_2023_None_sikkemalisa_001_d10_1101_2022_03_10_483747VUHD071__rep0007,Deuterosomal,0.6903630228008352
homosapiens_None_2023_None_sikkemalisa_001_d10_1101_2022_03_10_483747VUHD071__rep0008,Deuterosomal,0.7314610815080946
homosapiens_None_2023_None_sikkemalisa_001_d10_1101_2022_03_10_483747VUHD071__rep0009,Deuterosomal,0.5684656509926183
homosapiens_None_2023_None_sikkemalisa_001_d10_1101_2022_03_10_483747VUHD071__rep0010,Deuterosomal,0.7592653036488551
homosapiens_None_2023_None_sikkemalisa_001_d10_1101_2022_03_10_483747VUHD071__rep0011,Deuterosomal,0.7618871329833932
homosapiens_None_2023_None_sikkemalisa_001_d10_1101_2022_03_10_483747VUHD071__rep0012,Deuterosomal,0.7470348705511474
homosapiens_None_2023_None_sikkemalisa_001_d10_1101_2022_03_10_483747VUHD071__rep0013,Deuterosomal,0.7273428864579365
homosapiens_None_2023_None_sikkemalisa_001_d10_1101_2022_03_10_483747VUHD071__rep0014,Deuterosomal,0.7622830120053998
homosapiens_None_2023_None_sikkemalisa_001_d10_1101_2022_03_10_483747VUHD103__rep0000,Deuterosomal,0.6691297009598604
homosapiens_None_2023_None_sikkemalisa_001_d10_1101_2022_03_10_483747VUHD103__rep0001,Deuterosomal,0.7418067275712795
homosapiens_None_2023_None_sikkemalisa_001_d10_1101_2022_03_10_483747VUHD103__rep0002,Deuterosomal,0.7380778038561782
homosapiens_None_2023_None_sikkemalisa_001_d10_1101_2022_03_10_483747VUHD103__rep0003,Deuterosomal,0.6903860794672618
homosapiens_None_2023_None_sikkemalisa_001_d10_1101_2022_03_10_483747VUHD103__rep0005,Deuterosomal,0.7240805915311863
homosapiens_None_2023_None_sikkemalisa_001_d10_1101_2022_03_10_483747VUHD103__rep0006,Deuterosomal,0.5709862570179982
homosapiens_None_2023_None_sikkemalisa_001_d10_1101_2022_03_10_483747VUHD103__rep0007,Deuterosomal,0.7147454952148485
homosapiens_None_2023_None_sikkemalisa_001_d10_1101_2022_03_10_483747VUHD103__rep0008,Deuterosomal,0.6664340843291354
homosapiens_None_2023_None_sikkemalisa_001_d10_1101_2022_03_10_483747VUHD103__rep0009,Deuterosomal,0.7320327361263372
homosapiens_None_2023_None_sikkemalisa_001_d10_1101_2022_03_10_483747VUHD103__rep0010,Deuterosomal,0.7114237164285746
homosapiens_None_2023_None_sikkemalisa_001_d10_1101_2022_03_10_483747VUHD103__rep0012,Deuterosomal,0.7389355585068458
homosapiens_None_2023_None_sikkemalisa_001_d10_1101_2022_03_10_483747VUHD103__rep0013,Deuterosomal,0.6941278017697848
homosapiens_None_2023_None_sikkemalisa_001_d10_1101_2022_03_10_483747THD0007__rep0000,EC aerocyte capillary,0.5931879289240618
homosapiens_None_2023_None_sikkemalisa_001_d10_1101_2022_03_10_483747THD0007__rep0001,EC aerocyte capillary,0.6006844897760214
homosapiens_None_2023_None_sikkemalisa_001_d10_1101_2022_03_10_483747THD0007__rep0002,EC aerocyte capillary,0.5329575572577967
homosapiens_None_2023_None_sikkemalisa_001_d10_1101_2022_03_10_483747THD0007__rep0003,EC aerocyte capillary,0.518598973765266
homosapiens_None_2023_None_sikkemalisa_001_d10_1101_2022_03_10_483747THD0007__rep0004,EC aerocyte capillary,0.5257095257070039
homosapiens_None_2023_None_sikkemalisa_001_d10_1101_2022_03_10_483747THD0007__rep0005,EC aerocyte capillary,0.4657753384532873
homosapiens_None_2023_None_sikkemalisa_001_d10_1101_2022_03_10_483747THD0007__rep0007,EC aerocyte capillary,0.4134083424783886
homosapiens_None_2023_None_sikkemalisa_001_d10_1101_2022_03_10_483747THD0007__rep0008,EC aerocyte capillary,0.5788541671350866
homosapiens_None_2023_None_sikkemalisa_001_d10_1101_2022_03_10_483747THD0007__rep0010,EC aerocyte capillary,0.6277020320700353
homosapiens_None_2023_None_sikkemalisa_001_d10_1101_2022_03_10_483747THD0007__rep0011,EC aerocyte capillary,0.6193875741717043
homosapiens_None_2023_None_sikkemalisa_001_d10_1101_2022_03_10_483747THD0007__rep0012,EC aerocyte capillary,0.5842593583877237
homosapiens_None_2023_None_sikkemalisa_001_d10_1101_2022_03_10_483747THD0007__rep0013,EC aerocyte capillary,0.6322264781045316
homosapiens_None_2023_None_sikkemalisa_001_d10_1101_2022_03_10_483747THD0007__rep0014,EC aerocyte capillary,0.5669202413401909
homosapiens_None_2023_None_sikkemalisa_001_d10_1101_2022_03_10_483747THD0014__rep0000,EC aerocyte capillary,0.6197413518546115
homosapiens_None_2023_None_sikkemalisa_001_d10_1101_2022_03_10_483747THD0014__rep0001,EC aerocyte capillary,0.4938830279989619
homosapiens_None_2023_None_sikkemalisa_001_d10_1101_2022_03_10_483747THD0014__rep0002,EC aerocyte capillary,0.3823007608461717
homosapiens_None_2023_None_sikkemalisa_001_d10_1101_2022_03_10_483747THD0014__rep0003,EC aerocyte capillary,0.3196713696033169
homosapiens_None_2023_None_sikkemalisa_001_d10_1101_2022_03_10_483747THD0014__rep0004,EC aerocyte capillary,0.5001025269803897
homosapiens_None_2023_None_sikkemalisa_001_d10_1101_2022_03_10_483747THD0014__rep0005,EC aerocyte capillary,0.6083940919604751
homosapiens_None_2023_None_sikkemalisa_001_d10_1101_2022_03_10_483747THD0014__rep0006,EC aerocyte capillary,0.4808199411812858
homosapiens_None_2023_None_sikkemalisa_001_d10_1101_2022_03_10_483747THD0014__rep0007,EC aerocyte capillary,0.6448451782383802
homosapiens_None_2023_None_sikkemalisa_001_d10_1101_2022_03_10_483747THD0014__rep0008,EC aerocyte capillary,0.4379452393810492
homosapiens_None_2023_None_sikkemalisa_001_d10_1101_2022_03_10_483747THD0014__rep0009,EC aerocyte capillary,0.4335871303716737
homosapiens_None_2023_None_sikkemalisa_001_d10_1101_2022_03_10_483747THD0014__rep0010,EC aerocyte capillary,0.5009301107807792
homosapiens_None_2023_None_sikkemalisa_001_d10_1101_2022_03_10_483747THD0014__rep0011,EC aerocyte capillary,0.5840566562614442
homosapiens_None_2023_None_sikkemalisa_001_d10_1101_2022_03_10_483747THD0014__rep0012,EC aerocyte capillary,0.2765373454196886
homosapiens_None_2023_None_sikkemalisa_001_d10_1101_2022_03_10_483747THD0014__rep0014,EC aerocyte capillary,0.6152980766306727
homosapiens_None_2023_None_sikkemalisa_001_d10_1101_2022_03_10_483747VUHD071__rep0000,EC aerocyte capillary,0.6428010289600121
homosapiens_None_2023_None_sikkemalisa_001_d10_1101_2022_03_10_483747VUHD071__rep0001,EC aerocyte capillary,0.574629112006587
homosapiens_None_2023_None_sikkemalisa_001_d10_1101_2022_03_10_483747VUHD071__rep0003,EC aerocyte capillary,0.5295056268604275
homosapiens_None_2023_None_sikkemalisa_001_d10_1101_2022_03_10_483747VUHD071__rep0004,EC aerocyte capillary,0.6610541015511661
homosapiens_None_2023_None_sikkemalisa_001_d10_1101_2022_03_10_483747VUHD071__rep0007,EC aerocyte capillary,0.6241046610894684
homosapiens_None_2023_None_sikkemalisa_001_d10_1101_2022_03_10_483747VUHD071__rep0008,EC aerocyte capillary,0.6073369470984629
homosapiens_None_2023_None_sikkemalisa_001_d10_1101_2022_03_10_483747VUHD071__rep0009,EC aerocyte capillary,0.5726192961890704
homosapiens_None_2023_None_sikkemalisa_001_d10_1101_2022_03_10_483747VUHD071__rep0010,EC aerocyte capillary,0.4460926657510913
homosapiens_None_2023_None_sikkemalisa_001_d10_1101_2022_03_10_483747VUHD071__rep0011,EC aerocyte capillary,0.5625781620045764
homosapiens_None_2023_None_sikkemalisa_001_d10_1101_2022_03_10_483747VUHD071__rep0012,EC aerocyte capillary,0.579498974488629
homosapiens_None_2023_None_sikkemalisa_001_d10_1101_2022_03_10_483747VUHD071__rep0013,EC aerocyte capillary,0.5968273001956272
homosapiens_None_2023_None_sikkemalisa_001_d10_1101_2022_03_10_483747VUHD071__rep0014,EC aerocyte capillary,0.4829433893265186
homosapiens_None_2023_None_sikkemalisa_001_d10_1101_2022_03_10_483747VUHD077__rep0000,EC aerocyte capillary,0.6735489750408956
homosapiens_None_2023_None_sikkemalisa_001_d10_1101_2022_03_10_483747VUHD077__rep0001,EC aerocyte capillary,0.6949534344550761
homosapiens_None_2023_None_sikkemalisa_001_d10_1101_2022_03_10_483747VUHD077__rep0002,EC aerocyte capillary,0.5634412520238707
homosapiens_None_2023_None_sikkemalisa_001_d10_1101_2022_03_10_483747VUHD077__rep0003,EC aerocyte capillary,0.5989830639554684
homosapiens_None_2023_None_sikkemalisa_001_d10_1101_2022_03_10_483747VUHD077__rep0004,EC aerocyte capillary,0.3417751056850135
homosapiens_None_2023_None_sikkemalisa_001_d10_1101_2022_03_10_483747VUHD077__rep0005,EC aerocyte capillary,0.5307851974457312
homosapiens_None_2023_None_sikkemalisa_001_d10_1101_2022_03_10_483747VUHD077__rep0006,EC aerocyte capillary,0.5394882041880287
homosapiens_None_2023_None_sikkemalisa_001_d10_1101_2022_03_10_483747VUHD077__rep0007,EC aerocyte capillary,0.5802438507943456
homosapiens_None_2023_None_sikkemalisa_001_d10_1101_2022_03_10_483747VUHD077__rep0010,EC aerocyte capillary,0.5086417671720336
homosapiens_None_2023_None_sikkemalisa_001_d10_1101_2022_03_10_483747VUHD077__rep0011,EC aerocyte capillary,0.6296795735307912
homosapiens_None_2023_None_sikkemalisa_001_d10_1101_2022_03_10_483747VUHD077__rep0012,EC aerocyte capillary,0.6140643293832903
homosapiens_None_2023_None_sikkemalisa_001_d10_1101_2022_03_10_483747VUHD077__rep0013,EC aerocyte capillary,0.6202211476255597
homosapiens_None_2023_None_sikkemalisa_001_d10_1101_2022_03_10_483747VUHD077__rep0014,EC aerocyte capillary,0.5726545418486095
homosapiens_None_2023_None_sikkemalisa_001_d10_1101_2022_03_10_483747VUHD103__rep0000,EC aerocyte capillary,0.4513911306362768
homosapiens_None_2023_None_sikkemalisa_001_d10_1101_2022_03_10_483747VUHD103__rep0001,EC aerocyte capillary,0.4835657103539833
homosapiens_None_2023_None_sikkemalisa_001_d10_1101_2022_03_10_483747VUHD103__rep0002,EC aerocyte capillary,0.4870248502999763
homosapiens_None_2023_None_sikkemalisa_001_d10_1101_2022_03_10_483747VUHD103__rep0003,EC aerocyte capillary,0.5477491989329084
homosapiens_None_2023_None_sikkemalisa_001_d10_1101_2022_03_10_483747VUHD103__rep0004,EC aerocyte capillary,0.5218535651502475
homosapiens_None_2023_None_sikkemalisa_001_d10_1101_2022_03_10_483747VUHD103__rep0005,EC aerocyte capillary,0.4975547722422797
homosapiens_None_2023_None_sikkemalisa_001_d10_1101_2022_03_10_483747VUHD103__rep0006,EC aerocyte capillary,0.5703753867776317
homosapiens_None_2023_None_sikkemalisa_001_d10_1101_2022_03_10_483747VUHD103__rep0007,EC aerocyte capillary,0.5159901789342234
homosapiens_None_2023_None_sikkemalisa_001_d10_1101_2022_03_10_483747VUHD103__rep0008,EC aerocyte capillary,0.4300347833943267
homosapiens_None_2023_None_sikkemalisa_001_d10_1101_2022_03_10_483747VUHD103__rep0009,EC aerocyte capillary,0.5137784250825366
homosapiens_None_2023_None_sikkemalisa_001_d10_1101_2022_03_10_483747VUHD103__rep0010,EC aerocyte capillary,0.328661190264905
homosapiens_None_2023_None_sikkemalisa_001_d10_1101_2022_03_10_483747VUHD103__rep0011,EC aerocyte capillary,0.5014415807285147
homosapiens_None_2023_None_sikkemalisa_001_d10_1101_2022_03_10_483747VUHD103__rep0012,EC aerocyte capillary,0.5059370693868881
homosapiens_None_2023_None_sikkemalisa_001_d10_1101_2022_03_10_483747VUHD103__rep0013,EC aerocyte capillary,0.3127949470325292
homosapiens_None_2023_None_sikkemalisa_001_d10_1101_2022_03_10_483747VUHD69__rep0000,EC aerocyte capillary,0.552150498883145
homosapiens_None_2023_None_sikkemalisa_001_d10_1101_2022_03_10_483747VUHD69__rep0001,EC aerocyte capillary,0.5885423431110772
homosapiens_None_2023_None_sikkemalisa_001_d10_1101_2022_03_10_483747VUHD69__rep0002,EC aerocyte capillary,0.4878186303113849
homosapiens_None_2023_None_sikkemalisa_001_d10_1101_2022_03_10_483747VUHD69__rep0003,EC aerocyte capillary,0.644264436298974
homosapiens_None_2023_None_sikkemalisa_001_d10_1101_2022_03_10_483747VUHD69__rep0004,EC aerocyte capillary,0.6135116192380552
homosapiens_None_2023_None_sikkemalisa_001_d10_1101_2022_03_10_483747VUHD69__rep0005,EC aerocyte capillary,0.5569100044534454
homosapiens_None_2023_None_sikkemalisa_001_d10_1101_2022_03_10_483747VUHD69__rep0006,EC aerocyte capillary,0.3417042937286926
homosapiens_None_2023_None_sikkemalisa_001_d10_1101_2022_03_10_483747VUHD69__rep0007,EC aerocyte capillary,0.5964714838001883
homosapiens_None_2023_None_sikkemalisa_001_d10_1101_2022_03_10_483747VUHD69__rep0008,EC aerocyte capillary,0.4423027475477324
homosapiens_None_2023_None_sikkemalisa_001_d10_1101_2022_03_10_483747VUHD69__rep0009,EC aerocyte capillary,0.6375957231834013
homosapiens_None_2023_None_sikkemalisa_001_d10_1101_2022_03_10_483747VUHD69__rep0010,EC aerocyte capillary,0.4205753990306805
homosapiens_None_2023_None_sikkemalisa_001_d10_1101_2022_03_10_483747VUHD69__rep0011,EC aerocyte capillary,0.5020169043691343
homosapiens_None_2023_None_sikkemalisa_001_d10_1101_2022_03_10_483747VUHD69__rep0012,EC aerocyte capillary,0.4246542810147965
homosapiens_None_2023_None_sikkemalisa_001_d10_1101_2022_03_10_483747VUHD69__rep0013,EC aerocyte capillary,0.5454934085830095
homosapiens_None_2023_None_sikkemalisa_001_d10_1101_2022_03_10_483747VUHD69__rep0014,EC aerocyte capillary,0.4022928681211172
homosapiens_None_2023_None_sikkemalisa_001_d10_1101_2022_03_10_483747VUHD85__rep0000,EC aerocyte capillary,0.6029247059899364
homosapiens_None_2023_None_sikkemalisa_001_d10_1101_2022_03_10_483747VUHD85__rep0001,EC aerocyte capillary,0.6605939454520215
homosapiens_None_2023_None_sikkemalisa_001_d10_1101_2022_03_10_483747VUHD85__rep0002,EC aerocyte capillary,0.5414547884246349
homosapiens_None_2023_None_sikkemalisa_001_d10_1101_2022_03_10_483747VUHD85__rep0004,EC aerocyte capillary,0.4842558479645206
homosapiens_None_2023_None_sikkemalisa_001_d10_1101_2022_03_10_483747VUHD85__rep0005,EC aerocyte capillary,0.5842043481395398
homosapiens_None_2023_None_sikkemalisa_001_d10_1101_2022_03_10_483747VUHD85__rep0006,EC aerocyte capillary,0.5160519480843841
homosapiens_None_2023_None_sikkemalisa_001_d10_1101_2022_03_10_483747VUHD85__rep0007,EC aerocyte capillary,0.6363495739120661
homosapiens_None_2023_None_sikkemalisa_001_d10_1101_2022_03_10_483747VUHD85__rep0009,EC aerocyte capillary,0.5770523862754908
homosapiens_None_2023_None_sikkemalisa_001_d10_1101_2022_03_10_483747VUHD85__rep0010,EC aerocyte capillary,0.5606932505751239
homosapiens_None_2023_None_sikkemalisa_001_d10_1101_2022_03_10_483747VUHD85__rep0011,EC aerocyte capillary,0.5678209995972442
homosapiens_None_2023_None_sikkemalisa_001_d10_1101_2022_03_10_483747VUHD85__rep0012,EC aerocyte capillary,0.5989854705587415
homosapiens_None_2023_None_sikkemalisa_001_d10_1101_2022_03_10_483747VUHD85__rep0013,EC aerocyte capillary,0.4690841972555161
homosapiens_None_2023_None_sikkemalisa_001_d10_1101_2022_03_10_483747VUHD85__rep0014,EC aerocyte capillary,0.5407543507947159
homosapiens_None_2023_None_sikkemalisa_001_d10_1101_2022_03_10_483747THD0007__rep0000,EC venous systemic,0.5635574705140282
homosapiens_None_2023_None_sikkemalisa_001_d10_1101_2022_03_10_483747THD0007__rep0001,EC venous systemic,0.5473641578692902
homosapiens_None_2023_None_sikkemalisa_001_d10_1101_2022_03_10_483747THD0007__rep0002,EC venous systemic,0.5539339182770989
homosapiens_None_2023_None_sikkemalisa_001_d10_1101_2022_03_10_483747THD0007__rep0003,EC venous systemic,0.5215629227559874
homosapiens_None_2023_None_sikkemalisa_001_d10_1101_2022_03_10_483747THD0007__rep0004,EC venous systemic,0.4962595948995095
homosapiens_None_2023_None_sikkemalisa_001_d10_1101_2022_03_10_483747THD0007__rep0006,EC venous systemic,0.5228444649455228
homosapiens_None_2023_None_sikkemalisa_001_d10_1101_2022_03_10_483747THD0007__rep0007,EC venous systemic,0.446925173224251
homosapiens_None_2023_None_sikkemalisa_001_d10_1101_2022_03_10_483747THD0007__rep0008,EC venous systemic,0.5602606542242587
homosapiens_None_2023_None_sikkemalisa_001_d10_1101_2022_03_10_483747THD0007__rep0009,EC venous systemic,0.5630881163414659
homosapiens_None_2023_None_sikkemalisa_001_d10_1101_2022_03_10_483747THD0007__rep0010,EC venous systemic,0.5516242341252149
homosapiens_None_2023_None_sikkemalisa_001_d10_1101_2022_03_10_483747THD0007__rep0011,EC venous systemic,0.5450616700020409
homosapiens_None_2023_None_sikkemalisa_001_d10_1101_2022_03_10_483747THD0007__rep0012,EC venous systemic,0.5527341389559185
homosapiens_None_2023_None_sikkemalisa_001_d10_1101_2022_03_10_483747THD0007__rep0013,EC venous systemic,0.5540988892084582
homosapiens_None_2023_None_sikkemalisa_001_d10_1101_2022_03_10_483747THD0007__rep0014,EC venous systemic,0.5450344547092725
homosapiens_None_2023_None_sikkemalisa_001_d10_1101_2022_03_10_483747THD0014__rep0000,EC venous systemic,0.3967062500145928
homosapiens_None_2023_None_sikkemalisa_001_d10_1101_2022_03_10_483747THD0014__rep0001,EC venous systemic,0.5512287276795037
homosapiens_None_2023_None_sikkemalisa_001_d10_1101_2022_03_10_483747THD0014__rep0002,EC venous systemic,0.5520484971852501
homosapiens_None_2023_None_sikkemalisa_001_d10_1101_2022_03_10_483747THD0014__rep0003,EC venous systemic,0.5264514753805932
homosapiens_None_2023_None_sikkemalisa_001_d10_1101_2022_03_10_483747THD0014__rep0005,EC venous systemic,0.5462123020417353
homosapiens_None_2023_None_sikkemalisa_001_d10_1101_2022_03_10_483747THD0014__rep0006,EC venous systemic,0.530825411466316
homosapiens_None_2023_None_sikkemalisa_001_d10_1101_2022_03_10_483747THD0014__rep0007,EC venous systemic,0.5389945023215477
homosapiens_None_2023_None_sikkemalisa_001_d10_1101_2022_03_10_483747THD0014__rep0008,EC venous systemic,0.5502414304565404
homosapiens_None_2023_None_sikkemalisa_001_d10_1101_2022_03_10_483747THD0014__rep0009,EC venous systemic,0.5447240020912866
homosapiens_None_2023_None_sikkemalisa_001_d10_1101_2022_03_10_483747THD0014__rep0010,EC venous systemic,0.5502168875543252
homosapiens_None_2023_None_sikkemalisa_001_d10_1101_2022_03_10_483747THD0014__rep0011,EC venous systemic,0.5432441973316152
homosapiens_None_2023_None_sikkemalisa_001_d10_1101_2022_03_10_483747THD0014__rep0012,EC venous systemic,0.552436565353813
homosapiens_None_2023_None_sikkemalisa_001_d10_1101_2022_03_10_483747THD0014__rep0013,EC venous systemic,0.5277764852718567
homosapiens_None_2023_None_sikkemalisa_001_d10_1101_2022_03_10_483747THD0014__rep0014,EC venous systemic,0.5497620069729288
homosapiens_None_2023_None_sikkemalisa_001_d10_1101_2022_03_10_483747VUHD103__rep0000,EC venous systemic,0.5533426723171517
homosapiens_None_2023_None_sikkemalisa_001_d10_1101_2022_03_10_483747VUHD103__rep0001,EC venous systemic,0.5246892573766273
homosapiens_None_2023_None_sikkemalisa_001_d10_1101_2022_03_10_483747VUHD103__rep0002,EC venous systemic,0.5198033519525085
homosapiens_None_2023_None_sikkemalisa_001_d10_1101_2022_03_10_483747VUHD103__rep0003,EC venous systemic,0.5544489527688649
homosapiens_None_2023_None_sikkemalisa_001_d10_1101_2022_03_10_483747VUHD103__rep0004,EC venous systemic,0.5675373282468275
homosapiens_None_2023_None_sikkemalisa_001_d10_1101_2022_03_10_483747VUHD103__rep0005,EC venous systemic,0.5069083482353753
homosapiens_None_2023_None_sikkemalisa_001_d10_1101_2022_03_10_483747VUHD103__rep0006,EC venous systemic,0.5503975614364364
homosapiens_None_2023_None_sikkemalisa_001_d10_1101_2022_03_10_483747VUHD103__rep0008,EC venous systemic,0.4508795617464809
homosapiens_None_2023_None_sikkemalisa_001_d10_1101_2022_03_10_483747VUHD103__rep0009,EC venous systemic,0.5587235426439277
homosapiens_None_2023_None_sikkemalisa_001_d10_1101_2022_03_10_483747VUHD103__rep0010,EC venous systemic,0.5795157447368939
homosapiens_None_2023_None_sikkemalisa_001_d10_1101_2022_03_10_483747VUHD103__rep0011,EC venous systemic,0.4934218739489374
homosapiens_None_2023_None_sikkemalisa_001_d10_1101_2022_03_10_483747VUHD103__rep0012,EC venous systemic,0.4603096792583258
homosapiens_None_2023_None_sikkemalisa_001_d10_1101_2022_03_10_483747VUHD103__rep0013,EC venous systemic,0.5779223033636993
homosapiens_None_2023_None_sikkemalisa_001_d10_1101_2022_03_10_483747VUHD103__rep0014,EC venous systemic,0.5672284551775957
homosapiens_None_2023_None_sikkemalisa_001_d10_1101_2022_03_10_483747THD0007__rep0001,Fibroblasts PLIN2+,0.6117239816775261
homosapiens_None_2023_None_sikkemalisa_001_d10_1101_2022_03_10_483747THD0007__rep0002,Fibroblasts PLIN2+,0.7208089207988516
homosapiens_None_2023_None_sikkemalisa_001_d10_1101_2022_03_10_483747THD0007__rep0003,Fibroblasts PLIN2+,0.680157414631511
homosapiens_None_2023_None_sikkemalisa_001_d10_1101_2022_03_10_483747THD0007__rep0004,Fibroblasts PLIN2+,0.5481262749388282
homosapiens_None_2023_None_sikkemalisa_001_d10_1101_2022_03_10_483747THD0007__rep0006,Fibroblasts PLIN2+,0.5311964938677108
homosapiens_None_2023_None_sikkemalisa_001_d10_1101_2022_03_10_483747THD0007__rep0007,Fibroblasts PLIN2+,0.5154556042183533
homosapiens_None_2023_None_sikkemalisa_001_d10_1101_2022_03_10_483747THD0007__rep0008,Fibroblasts PLIN2+,0.5654448332183535
homosapiens_None_2023_None_sikkemalisa_001_d10_1101_2022_03_10_483747THD0007__rep0009,Fibroblasts PLIN2+,0.508727285010061
homosapiens_None_2023_None_sikkemalisa_001_d10_1101_2022_03_10_483747THD0007__rep0010,Fibroblasts PLIN2+,0.5279770064213939
homosapiens_None_2023_None_sikkemalisa_001_d10_1101_2022_03_10_483747THD0007__rep0011,Fibroblasts PLIN2+,0.5139326383136851
homosapiens_None_2023_None_sikkemalisa_001_d10_1101_2022_03_10_483747THD0007__rep0012,Fibroblasts PLIN2+,0.5122235653118449
homosapiens_None_2023_None_sikkemalisa_001_d10_1101_2022_03_10_483747THD0007__rep0014,Fibroblasts PLIN2+,0.3805113881487307
homosapiens_None_2023_None_sikkemalisa_001_d10_1101_2022_03_10_483747THD0014__rep0001,Fibroblasts PLIN2+,0.496325135720868
homosapiens_None_2023_None_sikkemalisa_001_d10_1101_2022_03_10_483747THD0014__rep0002,Fibroblasts PLIN2+,0.5060887842409993
homosapiens_None_2023_None_sikkemalisa_001_d10_1101_2022_03_10_483747THD0014__rep0003,Fibroblasts PLIN2+,0.5027136688484981
homosapiens_None_2023_None_sikkemalisa_001_d10_1101_2022_03_10_483747THD0014__rep0004,Fibroblasts PLIN2+,0.5028045649165991
homosapiens_None_2023_None_sikkemalisa_001_d10_1101_2022_03_10_483747THD0014__rep0005,Fibroblasts PLIN2+,0.5208357031056757
homosapiens_None_2023_None_sikkemalisa_001_d10_1101_2022_03_10_483747THD0014__rep0006,Fibroblasts PLIN2+,0.5042123981318227
homosapiens_None_2023_None_sikkemalisa_001_d10_1101_2022_03_10_483747THD0014__rep0007,Fibroblasts PLIN2+,0.4696725419119185
homosapiens_None_2023_None_sikkemalisa_001_d10_1101_2022_03_10_483747THD0014__rep0008,Fibroblasts PLIN2+,0.448104674324289
homosapiens_None_2023_None_sikkemalisa_001_d10_1101_2022_03_10_483747THD0014__rep0009,Fibroblasts PLIN2+,0.4648974015546429
homosapiens_None_2023_None_sikkemalisa_001_d10_1101_2022_03_10_483747THD0014__rep0010,Fibroblasts PLIN2+,0.4621169238688811
homosapiens_None_2023_None_sikkemalisa_001_d10_1101_2022_03_10_483747THD0014__rep0011,Fibroblasts PLIN2+,0.4713681186387503
homosapiens_None_2023_None_sikkemalisa_001_d10_1101_2022_03_10_483747THD0014__rep0014,Fibroblasts PLIN2+,0.4813449958468021
homosapiens_None_2023_None_sikkemalisa_001_d10_1101_2022_03_10_483747VUHD103__rep0000,Fibroblasts PLIN2+,0.4079298625316607
homosapiens_None_2023_None_sikkemalisa_001_d10_1101_2022_03_10_483747VUHD103__rep0001,Fibroblasts PLIN2+,0.4671972670940428
homosapiens_None_2023_None_sikkemalisa_001_d10_1101_2022_03_10_483747VUHD103__rep0002,Fibroblasts PLIN2+,0.3859569152856881
homosapiens_None_2023_None_sikkemalisa_001_d10_1101_2022_03_10_483747VUHD103__rep0003,Fibroblasts PLIN2+,0.3528487441912759
homosapiens_None_2023_None_sikkemalisa_001_d10_1101_2022_03_10_483747VUHD103__rep0004,Fibroblasts PLIN2+,0.4268008520725459
homosapiens_None_2023_None_sikkemalisa_001_d10_1101_2022_03_10_483747VUHD103__rep0005,Fibroblasts PLIN2+,0.3648596968865196
homosapiens_None_2023_None_sikkemalisa_001_d10_1101_2022_03_10_483747VUHD103__rep0006,Fibroblasts PLIN2+,0.4402194988098667
homosapiens_None_2023_None_sikkemalisa_001_d10_1101_2022_03_10_483747VUHD103__rep0007,Fibroblasts PLIN2+,0.4413150171908426
homosapiens_None_2023_None_sikkemalisa_001_d10_1101_2022_03_10_483747VUHD103__rep0009,Fibroblasts PLIN2+,0.4285179437040011
homosapiens_None_2023_None_sikkemalisa_001_d10_1101_2022_03_10_483747VUHD103__rep0010,Fibroblasts PLIN2+,0.4492585384837523
homosapiens_None_2023_None_sikkemalisa_001_d10_1101_2022_03_10_483747VUHD103__rep0011,Fibroblasts PLIN2+,0.4299526976926756
homosapiens_None_2023_None_sikkemalisa_001_d10_1101_2022_03_10_483747VUHD103__rep0012,Fibroblasts PLIN2+,0.4488020062937852
homosapiens_None_2023_None_sikkemalisa_001_d10_1101_2022_03_10_483747VUHD103__rep0013,Fibroblasts PLIN2+,0.4007370896761736
homosapiens_None_2023_None_sikkemalisa_001_d10_1101_2022_03_10_483747VUHD103__rep0014,Fibroblasts PLIN2+,0.4539307438473772
homosapiens_None_2023_None_sikkemalisa_001_d10_1101_2022_03_10_483747THD0014__rep0000,Goblet,0.5439201874208676
homosapiens_None_2023_None_sikkemalisa_001_d10_1101_2022_03_10_483747THD0014__rep0001,Goblet,0.5669713399315821
homosapiens_None_2023_None_sikkemalisa_001_d10_1101_2022_03_10_483747THD0014__rep0002,Goblet,0.582508578242066
homosapiens_None_2023_None_sikkemalisa_001_d10_1101_2022_03_10_483747THD0014__rep0003,Goblet,0.5537630526471156
homosapiens_None_2023_None_sikkemalisa_001_d10_1101_2022_03_10_483747THD0014__rep0005,Goblet,0.5731882861770559
homosapiens_None_2023_None_sikkemalisa_001_d10_1101_2022_03_10_483747THD0014__rep0006,Goblet,0.4901174022510214
homosapiens_None_2023_None_sikkemalisa_001_d10_1101_2022_03_10_483747THD0014__rep0007,Goblet,0.413595583436791
homosapiens_None_2023_None_sikkemalisa_001_d10_1101_2022_03_10_483747THD0014__rep0008,Goblet,0.4571624654817214
homosapiens_None_2023_None_sikkemalisa_001_d10_1101_2022_03_10_483747THD0014__rep0009,Goblet,0.4174768877847725
homosapiens_None_2023_None_sikkemalisa_001_d10_1101_2022_03_10_483747THD0014__rep0010,Goblet,0.4814510982059343
homosapiens_None_2023_None_sikkemalisa_001_d10_1101_2022_03_10_483747THD0014__rep0011,Goblet,0.4359846485317363
homosapiens_None_2023_None_sikkemalisa_001_d10_1101_2022_03_10_483747THD0014__rep0012,Goblet,0.5121540214344955
homosapiens_None_2023_None_sikkemalisa_001_d10_1101_2022_03_10_483747THD0014__rep0013,Goblet,0.6064177094467003
homosapiens_None_2023_None_sikkemalisa_001_d10_1101_2022_03_10_483747VUHD103__rep0000,Goblet,0.2677155501767807
homosapiens_None_2023_None_sikkemalisa_001_d10_1101_2022_03_10_483747VUHD103__rep0001,Goblet,0.3024752730804116
homosapiens_None_2023_None_sikkemalisa_001_d10_1101_2022_03_10_483747VUHD103__rep0002,Goblet,0.3004292904692984
homosapiens_None_2023_None_sikkemalisa_001_d10_1101_2022_03_10_483747VUHD103__rep0003,Goblet,0.3031517865389549
homosapiens_None_2023_None_sikkemalisa_001_d10_1101_2022_03_10_483747VUHD103__rep0004,Goblet,0.2586252344465585
homosapiens_None_2023_None_sikkemalisa_001_d10_1101_2022_03_10_483747VUHD103__rep0005,Goblet,0.259904000786993
homosapiens_None_2023_None_sikkemalisa_001_d10_1101_2022_03_10_483747VUHD103__rep0006,Goblet,0.3285949470709278
homosapiens_None_2023_None_sikkemalisa_001_d10_1101_2022_03_10_483747VUHD103__rep0007,Goblet,0.2562895488359382
homosapiens_None_2023_None_sikkemalisa_001_d10_1101_2022_03_10_483747VUHD103__rep0008,Goblet,0.3327315263749191
homosapiens_None_2023_None_sikkemalisa_001_d10_1101_2022_03_10_483747VUHD103__rep0009,Goblet,0.3639929405325574
homosapiens_None_2023_None_sikkemalisa_001_d10_1101_2022_03_10_483747VUHD103__rep0010,Goblet,0.2608927471059482
homosapiens_None_2023_None_sikkemalisa_001_d10_1101_2022_03_10_483747VUHD103__rep0011,Goblet,0.3165807199299191
homosapiens_None_2023_None_sikkemalisa_001_d10_1101_2022_03_10_483747VUHD103__rep0012,Goblet,0.3119645819302849
homosapiens_None_2023_None_sikkemalisa_001_d10_1101_2022_03_10_483747VUHD103__rep0013,Goblet,0.267058220323801
homosapiens_None_2023_None_sikkemalisa_001_d10_1101_2022_03_10_483747VUHD103__rep0014,Goblet,0.204645237303383
homosapiens_None_2023_None_sikkemalisa_001_d10_1101_2022_03_10_483747THD0007__rep0000,Macrophages MARCO-,0.5503161935608275
homosapiens_None_2023_None_sikkemalisa_001_d10_1101_2022_03_10_483747THD0007__rep0001,Macrophages MARCO-,0.5499829996584282
homosapiens_None_2023_None_sikkemalisa_001_d10_1101_2022_03_10_483747THD0007__rep0002,Macrophages MARCO-,0.5338874480661985
homosapiens_None_2023_None_sikkemalisa_001_d10_1101_2022_03_10_483747THD0007__rep0003,Macrophages MARCO-,0.5638295579896927
homosapiens_None_2023_None_sikkemalisa_001_d10_1101_2022_03_10_483747THD0007__rep0004,Macrophages MARCO-,0.5541832700638366
homosapiens_None_2023_None_sikkemalisa_001_d10_1101_2022_03_10_483747THD0007__rep0005,Macrophages MARCO-,0.5484628410757806
homosapiens_None_2023_None_sikkemalisa_001_d10_1101_2022_03_10_483747THD0007__rep0007,Macrophages MARCO-,0.5305721854522143
homosapiens_None_2023_None_sikkemalisa_001_d10_1101_2022_03_10_483747THD0007__rep0008,Macrophages MARCO-,0.5772500729039455
homosapiens_None_2023_None_sikkemalisa_001_d10_1101_2022_03_10_483747THD0007__rep0009,Macrophages MARCO-,0.5304740103746841
homosapiens_None_2023_None_sikkemalisa_001_d10_1101_2022_03_10_483747THD0007__rep0010,Macrophages MARCO-,0.6077353338326056
homosapiens_None_2023_None_sikkemalisa_001_d10_1101_2022_03_10_483747THD0007__rep0011,Macrophages MARCO-,0.3826269679187808
homosapiens_None_2023_None_sikkemalisa_001_d10_1101_2022_03_10_483747THD0007__rep0012,Macrophages MARCO-,0.5746510603810092
homosapiens_None_2023_None_sikkemalisa_001_d10_1101_2022_03_10_483747THD0007__rep0013,Macrophages MARCO-,0.6160537611625709
homosapiens_None_2023_None_sikkemalisa_001_d10_1101_2022_03_10_483747THD0007__rep0014,Macrophages MARCO-,0.6067759034578126
homosapiens_None_2023_None_sikkemalisa_001_d10_1101_2022_03_10_483747THD0014__rep0001,Macrophages MARCO-,0.641891954372279
homosapiens_None_2023_None_sikkemalisa_001_d10_1101_2022_03_10_483747THD0014__rep0003,Macrophages MARCO-,0.6146185452901728
homosapiens_None_2023_None_sikkemalisa_001_d10_1101_2022_03_10_483747THD0014__rep0004,Macrophages MARCO-,0.6708751983203449
homosapiens_None_2023_None_sikkemalisa_001_d10_1101_2022_03_10_483747THD0014__rep0005,Macrophages MARCO-,0.6632184945211661
homosapiens_None_2023_None_sikkemalisa_001_d10_1101_2022_03_10_483747THD0014__rep0007,Macrophages MARCO-,0.6118378500871244
homosapiens_None_2023_None_sikkemalisa_001_d10_1101_2022_03_10_483747THD0014__rep0008,Macrophages MARCO-,0.6836268621778316
homosapiens_None_2023_None_sikkemalisa_001_d10_1101_2022_03_10_483747THD0014__rep0009,Macrophages MARCO-,0.6707447682148703
homosapiens_None_2023_None_sikkemalisa_001_d10_1101_2022_03_10_483747THD0014__rep0010,Macrophages MARCO-,0.6235374761324944
homosapiens_None_2023_None_sikkemalisa_001_d10_1101_2022_03_10_483747THD0014__rep0011,Macrophages MARCO-,0.6555870423154433
homosapiens_None_2023_None_sikkemalisa_001_d10_1101_2022_03_10_483747THD0014__rep0012,Macrophages MARCO-,0.6644395781612562
homosapiens_None_2023_None_sikkemalisa_001_d10_1101_2022_03_10_483747THD0014__rep0013,Macrophages MARCO-,0.6796668379275562
homosapiens_None_2023_None_sikkemalisa_001_d10_1101_2022_03_10_483747THD0014__rep0014,Macrophages MARCO-,0.6626804464957822
homosapiens_None_2023_None_sikkemalisa_001_d10_1101_2022_03_10_483747VUHD071__rep0000,Macrophages MARCO-,0.6341868481072723
homosapiens_None_2023_None_sikkemalisa_001_d10_1101_2022_03_10_483747VUHD071__rep0001,Macrophages MARCO-,0.5749268003830569
homosapiens_None_2023_None_sikkemalisa_001_d10_1101_2022_03_10_483747VUHD071__rep0002,Macrophages MARCO-,0.5782084857341586
homosapiens_None_2023_None_sikkemalisa_001_d10_1101_2022_03_10_483747VUHD071__rep0003,Macrophages MARCO-,0.5844089518065569
homosapiens_None_2023_None_sikkemalisa_001_d10_1101_2022_03_10_483747VUHD071__rep0004,Macrophages MARCO-,0.6298739045759794
homosapiens_None_2023_None_sikkemalisa_001_d10_1101_2022_03_10_483747VUHD071__rep0005,Macrophages MARCO-,0.623255612531577
homosapiens_None_2023_None_sikkemalisa_001_d10_1101_2022_03_10_483747VUHD071__rep0006,Macrophages MARCO-,0.6456031248378677
homosapiens_None_2023_None_sikkemalisa_001_d10_1101_2022_03_10_483747VUHD071__rep0007,Macrophages MARCO-,0.6277832423182272
homosapiens_None_2023_None_sikkemalisa_001_d10_1101_2022_03_10_483747VUHD071__rep0008,Macrophages MARCO-,0.6657777204400877
homosapiens_None_2023_None_sikkemalisa_001_d10_1101_2022_03_10_483747VUHD071__rep0010,Macrophages MARCO-,0.6671763335246382
homosapiens_None_2023_None_sikkemalisa_001_d10_1101_2022_03_10_483747VUHD071__rep0011,Macrophages MARCO-,0.6978673004001393
homosapiens_None_2023_None_sikkemalisa_001_d10_1101_2022_03_10_483747VUHD071__rep0012,Macrophages MARCO-,0.6770340553852839
homosapiens_None_2023_None_sikkemalisa_001_d10_1101_2022_03_10_483747VUHD071__rep0013,Macrophages MARCO-,0.6925902106812825
homosapiens_None_2023_None_sikkemalisa_001_d10_1101_2022_03_10_483747VUHD071__rep0014,Macrophages MARCO-,0.6719238611632941
homosapiens_None_2023_None_sikkemalisa_001_d10_1101_2022_03_10_483747VUHD077__rep0000,Macrophages MARCO-,0.7686575787147745
homosapiens_None_2023_None_sikkemalisa_001_d10_1101_2022_03_10_483747VUHD077__rep0002,Macrophages MARCO-,0.6998865227518716
homosapiens_None_2023_None_sikkemalisa_001_d10_1101_2022_03_10_483747VUHD077__rep0003,Macrophages MARCO-,0.6869036432351763
homosapiens_None_2023_None_sikkemalisa_001_d10_1101_2022_03_10_483747VUHD077__rep0004,Macrophages MARCO-,0.7573281399871645
homosapiens_None_2023_None_sikkemalisa_001_d10_1101_2022_03_10_483747VUHD077__rep0005,Macrophages MARCO-,0.7711874303012145
homosapiens_None_2023_None_sikkemalisa_001_d10_1101_2022_03_10_483747VUHD077__rep0006,Macrophages MARCO-,0.7633282601550844
homosapiens_None_2023_None_sikkemalisa_001_d10_1101_2022_03_10_483747VUHD077__rep0007,Macrophages MARCO-,0.5053016542097897
homosapiens_None_2023_None_sikkemalisa_001_d10_1101_2022_03_10_483747VUHD077__rep0008,Macrophages MARCO-,0.7724576070440474
homosapiens_None_2023_None_sikkemalisa_001_d10_1101_2022_03_10_483747VUHD077__rep0009,Macrophages MARCO-,0.7741533989807696
homosapiens_None_2023_None_sikkemalisa_001_d10_1101_2022_03_10_483747VUHD077__rep0010,Macrophages MARCO-,0.7636706860697947
homosapiens_None_2023_None_sikkemalisa_001_d10_1101_2022_03_10_483747VUHD077__rep0011,Macrophages MARCO-,0.7721374011794928
homosapiens_None_2023_None_sikkemalisa_001_d10_1101_2022_03_10_483747VUHD077__rep0013,Macrophages MARCO-,0.7769211648853681
homosapiens_None_2023_None_sikkemalisa_001_d10_1101_2022_03_10_483747VUHD077__rep0014,Macrophages MARCO-,0.7475089119514338
homosapiens_None_2023_None_sikkemalisa_001_d10_1101_2022_03_10_483747VUHD103__rep0000,Macrophages MARCO-,0.7580088426919691
homosapiens_None_2023_None_sikkemalisa_001_d10_1101_2022_03_10_483747VUHD103__rep0001,Macrophages MARCO-,0.7830313531909409
homosapiens_None_2023_None_sikkemalisa_001_d10_1101_2022_03_10_483747VUHD103__rep0002,Macrophages MARCO-,0.7785836324050094
homosapiens_None_2023_None_sikkemalisa_001_d10_1101_2022_03_10_483747VUHD103__rep0003,Macrophages MARCO-,0.689994098320845
homosapiens_None_2023_None_sikkemalisa_001_d10_1101_2022_03_10_483747VUHD103__rep0004,Macrophages MARCO-,0.711703149153951
homosapiens_None_2023_None_sikkemalisa_001_d10_1101_2022_03_10_483747VUHD103__rep0005,Macrophages MARCO-,0.7643884714231954
homosapiens_None_2023_None_sikkemalisa_001_d10_1101_2022_03_10_483747VUHD103__rep0006,Macrophages MARCO-,0.7719600068284851
homosapiens_None_2023_None_sikkemalisa_001_d10_1101_2022_03_10_483747VUHD103__rep0007,Macrophages MARCO-,0.6170774682014822
homosapiens_None_2023_None_sikkemalisa_001_d10_1101_2022_03_10_483747VUHD103__rep0008,Macrophages MARCO-,0.7828800004780506
homosapiens_None_2023_None_sikkemalisa_001_d10_1101_2022_03_10_483747VUHD103__rep0009,Macrophages MARCO-,0.7662385389567948
homosapiens_None_2023_None_sikkemalisa_001_d10_1101_2022_03_10_483747VUHD103__rep0010,Macrophages MARCO-,0.7935414900882505
homosapiens_None_2023_None_sikkemalisa_001_d10_1101_2022_03_10_483747VUHD103__rep0011,Macrophages MARCO-,0.7883995426141205
homosapiens_None_2023_None_sikkemalisa_001_d10_1101_2022_03_10_483747VUHD103__rep0012,Macrophages MARCO-,0.787468780773739
homosapiens_None_2023_None_sikkemalisa_001_d10_1101_2022_03_10_483747VUHD103__rep0013,Macrophages MARCO-,0.7746217600457421
homosapiens_None_2023_None_sikkemalisa_001_d10_1101_2022_03_10_483747VUHD103__rep0014,Macrophages MARCO-,0.7767211358219117
homosapiens_None_2023_None_sikkemalisa_001_d10_1101_2022_03_10_483747VUHD69__rep0000,Macrophages MARCO-,0.692240171696559
homosapiens_None_2023_None_sikkemalisa_001_d10_1101_2022_03_10_483747VUHD69__rep0001,Macrophages MARCO-,0.7145983585602874
homosapiens_None_2023_None_sikkemalisa_001_d10_1101_2022_03_10_483747VUHD69__rep0002,Macrophages MARCO-,0.7273861699970137
homosapiens_None_2023_None_sikkemalisa_001_d10_1101_2022_03_10_483747VUHD69__rep0003,Macrophages MARCO-,0.7205792262997968
homosapiens_None_2023_None_sikkemalisa_001_d10_1101_2022_03_10_483747VUHD69__rep0004,Macrophages MARCO-,0.7290985981266452
homosapiens_None_2023_None_sikkemalisa_001_d10_1101_2022_03_10_483747VUHD69__rep0005,Macrophages MARCO-,0.7265346941568768
homosapiens_None_2023_None_sikkemalisa_001_d10_1101_2022_03_10_483747VUHD69__rep0006,Macrophages MARCO-,0.7294161316423087
homosapiens_None_2023_None_sikkemalisa_001_d10_1101_2022_03_10_483747VUHD69__rep0007,Macrophages MARCO-,0.6651013306883164
homosapiens_None_2023_None_sikkemalisa_001_d10_1101_2022_03_10_483747VUHD69__rep0008,Macrophages MARCO-,0.7180981278905838
homosapiens_None_2023_None_sikkemalisa_001_d10_1101_2022_03_10_483747VUHD69__rep0009,Macrophages MARCO-,0.6870104983453771
homosapiens_None_2023_None_sikkemalisa_001_d10_1101_2022_03_10_483747VUHD69__rep0010,Macrophages MARCO-,0.7324340790641167
homosapiens_None_2023_None_sikkemalisa_001_d10_1101_2022_03_10_483747VUHD69__rep0011,Macrophages MARCO-,0.7237409804710857
homosapiens_None_2023_None_sikkemalisa_001_d10_1101_2022_03_10_483747VUHD69__rep0012,Macrophages MARCO-,0.7260277702934287
homosapiens_None_2023_None_sikkemalisa_001_d10_1101_2022_03_10_483747VUHD69__rep0013,Macrophages MARCO-,0.7235380059092575
homosapiens_None_2023_None_sikkemalisa_001_d10_1101_2022_03_10_483747VUHD69__rep0014,Macrophages MARCO-,0.711705201765432
homosapiens_None_2023_None_sikkemalisa_001_d10_1101_2022_03_10_483747VUHD85__rep0000,Macrophages MARCO-,0.7355994808743425
homosapiens_None_2023_None_sikkemalisa_001_d10_1101_2022_03_10_483747VUHD85__rep0001,Macrophages MARCO-,0.7410502237574492
homosapiens_None_2023_None_sikkemalisa_001_d10_1101_2022_03_10_483747VUHD85__rep0002,Macrophages MARCO-,0.7291595250690932
homosapiens_None_2023_None_sikkemalisa_001_d10_1101_2022_03_10_483747VUHD85__rep0004,Macrophages MARCO-,0.7294864587993157
homosapiens_None_2023_None_sikkemalisa_001_d10_1101_2022_03_10_483747VUHD85__rep0005,Macrophages MARCO-,0.7329599262001296
homosapiens_None_2023_None_sikkemalisa_001_d10_1101_2022_03_10_483747VUHD85__rep0006,Macrophages MARCO-,0.6748899360055161
homosapiens_None_2023_None_sikkemalisa_001_d10_1101_2022_03_10_483747VUHD85__rep0007,Macrophages MARCO-,0.6335313384394148
homosapiens_None_2023_None_sikkemalisa_001_d10_1101_2022_03_10_483747VUHD85__rep0008,Macrophages MARCO-,0.7299308373744534
homosapiens_None_2023_None_sikkemalisa_001_d10_1101_2022_03_10_483747VUHD85__rep0009,Macrophages MARCO-,0.7261752950199569
homosapiens_None_2023_None_sikkemalisa_001_d10_1101_2022_03_10_483747VUHD85__rep0010,Macrophages MARCO-,0.7304090194574546
homosapiens_None_2023_None_sikkemalisa_001_d10_1101_2022_03_10_483747VUHD85__rep0011,Macrophages MARCO-,0.5964288536216854
homosapiens_None_2023_None_sikkemalisa_001_d10_1101_2022_03_10_483747VUHD85__rep0012,Macrophages MARCO-,0.6515131429647687
homosapiens_None_2023_None_sikkemalisa_001_d10_1101_2022_03_10_483747VUHD85__rep0013,Macrophages MARCO-,0.7203844003618436
homosapiens_None_2023_None_sikkemalisa_001_d10_1101_2022_03_10_483747VUHD85__rep0014,Macrophages MARCO-,0.726789833550477
homosapiens_None_2023_None_sikkemalisa_001_d10_1101_2022_03_10_483747THD0007__rep0000,Macrophages SPP1 high,0.7351316618905025
homosapiens_None_2023_None_sikkemalisa_001_d10_1101_2022_03_10_483747THD0007__rep0001,Macrophages SPP1 high,0.7305672984948542
homosapiens_None_2023_None_sikkemalisa_001_d10_1101_2022_03_10_483747THD0007__rep0002,Macrophages SPP1 high,0.7301787626434273
homosapiens_None_2023_None_sikkemalisa_001_d10_1101_2022_03_10_483747THD0007__rep0003,Macrophages SPP1 high,0.5422297525133225
homosapiens_None_2023_None_sikkemalisa_001_d10_1101_2022_03_10_483747THD0007__rep0004,Macrophages SPP1 high,0.7336721981403946
homosapiens_None_2023_None_sikkemalisa_001_d10_1101_2022_03_10_483747THD0007__rep0005,Macrophages SPP1 high,0.7084866802568043
homosapiens_None_2023_None_sikkemalisa_001_d10_1101_2022_03_10_483747THD0007__rep0006,Macrophages SPP1 high,0.7332671450560597
homosapiens_None_2023_None_sikkemalisa_001_d10_1101_2022_03_10_483747THD0007__rep0007,Macrophages SPP1 high,0.7158559352452616
homosapiens_None_2023_None_sikkemalisa_001_d10_1101_2022_03_10_483747THD0007__rep0008,Macrophages SPP1 high,0.7325236435792795
homosapiens_None_2023_None_sikkemalisa_001_d10_1101_2022_03_10_483747THD0007__rep0011,Macrophages SPP1 high,0.6927281903715712
homosapiens_None_2023_None_sikkemalisa_001_d10_1101_2022_03_10_483747THD0007__rep0012,Macrophages SPP1 high,0.7264831397772973
homosapiens_None_2023_None_sikkemalisa_001_d10_1101_2022_03_10_483747THD0007__rep0013,Macrophages SPP1 high,0.7242448653046761
homosapiens_None_2023_None_sikkemalisa_001_d10_1101_2022_03_10_483747THD0007__rep0014,Macrophages SPP1 high,0.7312684954751307
homosapiens_None_2023_None_sikkemalisa_001_d10_1101_2022_03_10_483747THD0014__rep0000,Macrophages SPP1 high,0.7006782594228572
homosapiens_None_2023_None_sikkemalisa_001_d10_1101_2022_03_10_483747THD0014__rep0001,Macrophages SPP1 high,0.6996037984393807
homosapiens_None_2023_None_sikkemalisa_001_d10_1101_2022_03_10_483747THD0014__rep0002,Macrophages SPP1 high,0.7001607899367158
homosapiens_None_2023_None_sikkemalisa_001_d10_1101_2022_03_10_483747THD0014__rep0003,Macrophages SPP1 high,0.664348416743835
homosapiens_None_2023_None_sikkemalisa_001_d10_1101_2022_03_10_483747THD0014__rep0004,Macrophages SPP1 high,0.6979340897873738
homosapiens_None_2023_None_sikkemalisa_001_d10_1101_2022_03_10_483747THD0014__rep0006,Macrophages SPP1 high,0.6948099513362644
homosapiens_None_2023_None_sikkemalisa_001_d10_1101_2022_03_10_483747THD0014__rep0007,Macrophages SPP1 high,0.6672241997412065
homosapiens_None_2023_None_sikkemalisa_001_d10_1101_2022_03_10_483747THD0014__rep0008,Macrophages SPP1 high,0.6985275553219877
homosapiens_None_2023_None_sikkemalisa_001_d10_1101_2022_03_10_483747THD0014__rep0009,Macrophages SPP1 high,0.6975243666381566
homosapiens_None_2023_None_sikkemalisa_001_d10_1101_2022_03_10_483747THD0014__rep0011,Macrophages SPP1 high,0.6105806287377512
homosapiens_None_2023_None_sikkemalisa_001_d10_1101_2022_03_10_483747THD0014__rep0012,Macrophages SPP1 high,0.698277023398002
homosapiens_None_2023_None_sikkemalisa_001_d10_1101_2022_03_10_483747THD0014__rep0013,Macrophages SPP1 high,0.6797879094677592
homosapiens_None_2023_None_sikkemalisa_001_d10_1101_2022_03_10_483747VUHD071__rep0000,Macrophages SPP1 high,0.6882105784759546
homosapiens_None_2023_None_sikkemalisa_001_d10_1101_2022_03_10_483747VUHD071__rep0001,Macrophages SPP1 high,0.6434658208852737
homosapiens_None_2023_None_sikkemalisa_001_d10_1101_2022_03_10_483747VUHD071__rep0002,Macrophages SPP1 high,0.7011738628981579
homosapiens_None_2023_None_sikkemalisa_001_d10_1101_2022_03_10_483747VUHD071__rep0003,Macrophages SPP1 high,0.6582813562730145
homosapiens_None_2023_None_sikkemalisa_001_d10_1101_2022_03_10_483747VUHD071__rep0004,Macrophages SPP1 high,0.7011102627113164
homosapiens_None_2023_None_sikkemalisa_001_d10_1101_2022_03_10_483747VUHD071__rep0005,Macrophages SPP1 high,0.6991031918306851
homosapiens_None_2023_None_sikkemalisa_001_d10_1101_2022_03_10_483747VUHD071__rep0006,Macrophages SPP1 high,0.6953578304929253
homosapiens_None_2023_None_sikkemalisa_001_d10_1101_2022_03_10_483747VUHD071__rep0007,Macrophages SPP1 high,0.6839971221495338
homosapiens_None_2023_None_sikkemalisa_001_d10_1101_2022_03_10_483747VUHD071__rep0008,Macrophages SPP1 high,0.6972483814978926
homosapiens_None_2023_None_sikkemalisa_001_d10_1101_2022_03_10_483747VUHD071__rep0010,Macrophages SPP1 high,0.6965765428049677
homosapiens_None_2023_None_sikkemalisa_001_d10_1101_2022_03_10_483747VUHD071__rep0011,Macrophages SPP1 high,0.699624488558236
homosapiens_None_2023_None_sikkemalisa_001_d10_1101_2022_03_10_483747VUHD071__rep0012,Macrophages SPP1 high,0.6385853980705988
homosapiens_None_2023_None_sikkemalisa_001_d10_1101_2022_03_10_483747VUHD071__rep0013,Macrophages SPP1 high,0.6284050743893398
homosapiens_None_2023_None_sikkemalisa_001_d10_1101_2022_03_10_483747VUHD071__rep0014,Macrophages SPP1 high,0.68492851347923
homosapiens_None_2023_None_sikkemalisa_001_d10_1101_2022_03_10_483747VUHD077__rep0000,Macrophages SPP1 high,0.6507755211909927
homosapiens_None_2023_None_sikkemalisa_001_d10_1101_2022_03_10_483747VUHD077__rep0001,Macrophages SPP1 high,0.6614306164233041
homosapiens_None_2023_None_sikkemalisa_001_d10_1101_2022_03_10_483747VUHD077__rep0002,Macrophages SPP1 high,0.6453031754319134
homosapiens_None_2023_None_sikkemalisa_001_d10_1101_2022_03_10_483747VUHD077__rep0003,Macrophages SPP1 high,0.475344163439544
homosapiens_None_2023_None_sikkemalisa_001_d10_1101_2022_03_10_483747VUHD077__rep0004,Macrophages SPP1 high,0.6583849346447772
homosapiens_None_2023_None_sikkemalisa_001_d10_1101_2022_03_10_483747VUHD077__rep0005,Macrophages SPP1 high,0.6609271914352806
homosapiens_None_2023_None_sikkemalisa_001_d10_1101_2022_03_10_483747VUHD077__rep0007,Macrophages SPP1 high,0.6622391454621744
homosapiens_None_2023_None_sikkemalisa_001_d10_1101_2022_03_10_483747VUHD077__rep0008,Macrophages SPP1 high,0.6547627856077622
homosapiens_None_2023_None_sikkemalisa_001_d10_1101_2022_03_10_483747VUHD077__rep0009,Macrophages SPP1 high,0.663786971528163
homosapiens_None_2023_None_sikkemalisa_001_d10_1101_2022_03_10_483747VUHD077__rep0010,Macrophages SPP1 high,0.6637739983947559
homosapiens_None_2023_None_sikkemalisa_001_d10_1101_2022_03_10_483747VUHD077__rep0011,Macrophages SPP1 high,0.6630993443484747
homosapiens_None_2023_None_sikkemalisa_001_d10_1101_2022_03_10_483747VUHD077__rep0012,Macrophages SPP1 high,0.6478184735632209
homosapiens_None_2023_None_sikkemalisa_001_d10_1101_2022_03_10_483747VUHD077__rep0013,Macrophages SPP1 high,0.6571943230732331
homosapiens_None_2023_None_sikkemalisa_001_d10_1101_2022_03_10_483747VUHD103__rep0000,Macrophages SPP1 high,0.7064331959296231
homosapiens_None_2023_None_sikkemalisa_001_d10_1101_2022_03_10_483747VUHD103__rep0001,Macrophages SPP1 high,0.6775130143821895
homosapiens_None_2023_None_sikkemalisa_001_d10_1101_2022_03_10_483747VUHD103__rep0002,Macrophages SPP1 high,0.6993859865556663
homosapiens_None_2023_None_sikkemalisa_001_d10_1101_2022_03_10_483747VUHD103__rep0004,Macrophages SPP1 high,0.6521159327464865
homosapiens_None_2023_None_sikkemalisa_001_d10_1101_2022_03_10_483747VUHD103__rep0005,Macrophages SPP1 high,0.6897885112715114
homosapiens_None_2023_None_sikkemalisa_001_d10_1101_2022_03_10_483747VUHD103__rep0006,Macrophages SPP1 high,0.6959563644708675
homosapiens_None_2023_None_sikkemalisa_001_d10_1101_2022_03_10_483747VUHD103__rep0007,Macrophages SPP1 high,0.7053739684882342
homosapiens_None_2023_None_sikkemalisa_001_d10_1101_2022_03_10_483747VUHD103__rep0008,Macrophages SPP1 high,0.7098689126792372
homosapiens_None_2023_None_sikkemalisa_001_d10_1101_2022_03_10_483747VUHD103__rep0009,Macrophages SPP1 high,0.6896584702907459
homosapiens_None_2023_None_sikkemalisa_001_d10_1101_2022_03_10_483747VUHD103__rep0010,Macrophages SPP1 high,0.6398365922910909
homosapiens_None_2023_None_sikkemalisa_001_d10_1101_2022_03_10_483747VUHD103__rep0011,Macrophages SPP1 high,0.7057374781285708
homosapiens_None_2023_None_sikkemalisa_001_d10_1101_2022_03_10_483747VUHD103__rep0012,Macrophages SPP1 high,0.5804021692448985
homosapiens_None_2023_None_sikkemalisa_001_d10_1101_2022_03_10_483747VUHD103__rep0013,Macrophages SPP1 high,0.5686410797857759
homosapiens_None_2023_None_sikkemalisa_001_d10_1101_2022_03_10_483747VUHD69__rep0000,Macrophages SPP1 high,0.6990463309296373
homosapiens_None_2023_None_sikkemalisa_001_d10_1101_2022_03_10_483747VUHD69__rep0001,Macrophages SPP1 high,0.6969304619613139
homosapiens_None_2023_None_sikkemalisa_001_d10_1101_2022_03_10_483747VUHD69__rep0002,Macrophages SPP1 high,0.6909961935458747
homosapiens_None_2023_None_sikkemalisa_001_d10_1101_2022_03_10_483747VUHD69__rep0003,Macrophages SPP1 high,0.6903600863659783
homosapiens_None_2023_None_sikkemalisa_001_d10_1101_2022_03_10_483747VUHD69__rep0005,Macrophages SPP1 high,0.6871647021082432
homosapiens_None_2023_None_sikkemalisa_001_d10_1101_2022_03_10_483747VUHD69__rep0006,Macrophages SPP1 high,0.6902547086190703
homosapiens_None_2023_None_sikkemalisa_001_d10_1101_2022_03_10_483747VUHD69__rep0007,Macrophages SPP1 high,0.6892299318234667
homosapiens_None_2023_None_sikkemalisa_001_d10_1101_2022_03_10_483747VUHD69__rep0008,Macrophages SPP1 high,0.6956841081187697
homosapiens_None_2023_None_sikkemalisa_001_d10_1101_2022_03_10_483747VUHD69__rep0009,Macrophages SPP1 high,0.6854256786274678
homosapiens_None_2023_None_sikkemalisa_001_d10_1101_2022_03_10_483747VUHD69__rep0010,Macrophages SPP1 high,0.684607954486682
homosapiens_None_2023_None_sikkemalisa_001_d10_1101_2022_03_10_483747VUHD69__rep0011,Macrophages SPP1 high,0.6930556399317608
homosapiens_None_2023_None_sikkemalisa_001_d10_1101_2022_03_10_483747VUHD69__rep0012,Macrophages SPP1 high,0.6853993891753509
homosapiens_None_2023_None_sikkemalisa_001_d10_1101_2022_03_10_483747VUHD69__rep0013,Macrophages SPP1 high,0.6912928312279933
homosapiens_None_2023_None_sikkemalisa_001_d10_1101_2022_03_10_483747VUHD69__rep0014,Macrophages SPP1 high,0.6740733166657253
homosapiens_None_2023_None_sikkemalisa_001_d10_1101_2022_03_10_483747VUHD071__rep0001,NK cells,0.7144322293180279
homosapiens_None_2023_None_sikkemalisa_001_d10_1101_2022_03_10_483747VUHD071__rep0002,NK cells,0.7470036238544531
homosapiens_None_2023_None_sikkemalisa_001_d10_1101_2022_03_10_483747VUHD071__rep0003,NK cells,0.7104403611903043
homosapiens_None_2023_None_sikkemalisa_001_d10_1101_2022_03_10_483747VUHD071__rep0004,NK cells,0.7262567994875566
homosapiens_None_2023_None_sikkemalisa_001_d10_1101_2022_03_10_483747VUHD071__rep0005,NK cells,0.7310424644565194
homosapiens_None_2023_None_sikkemalisa_001_d10_1101_2022_03_10_483747VUHD071__rep0008,NK cells,0.7447520834000287
homosapiens_None_2023_None_sikkemalisa_001_d10_1101_2022_03_10_483747VUHD071__rep0009,NK cells,0.7253422554565492
homosapiens_None_2023_None_sikkemalisa_001_d10_1101_2022_03_10_483747VUHD071__rep0010,NK cells,0.747880532410143
homosapiens_None_2023_None_sikkemalisa_001_d10_1101_2022_03_10_483747VUHD071__rep0011,NK cells,0.7414358635746978
homosapiens_None_2023_None_sikkemalisa_001_d10_1101_2022_03_10_483747VUHD071__rep0012,NK cells,0.7491464952427227
homosapiens_None_2023_None_sikkemalisa_001_d10_1101_2022_03_10_483747VUHD071__rep0013,NK cells,0.7372109211754655
homosapiens_None_2023_None_sikkemalisa_001_d10_1101_2022_03_10_483747VUHD071__rep0014,NK cells,0.7374442897071609
homosapiens_None_2023_None_sikkemalisa_001_d10_1101_2022_03_10_483747VUHD103__rep0001,NK cells,0.7024185920282987
homosapiens_None_2023_None_sikkemalisa_001_d10_1101_2022_03_10_483747VUHD103__rep0002,NK cells,0.7566183509009856
homosapiens_None_2023_None_sikkemalisa_001_d10_1101_2022_03_10_483747VUHD103__rep0003,NK cells,0.5692742480787039
homosapiens_None_2023_None_sikkemalisa_001_d10_1101_2022_03_10_483747VUHD103__rep0004,NK cells,0.7732658085853052
homosapiens_None_2023_None_sikkemalisa_001_d10_1101_2022_03_10_483747VUHD103__rep0005,NK cells,0.7840159679150976
homosapiens_None_2023_None_sikkemalisa_001_d10_1101_2022_03_10_483747VUHD103__rep0007,NK cells,0.7805556347680711
homosapiens_None_2023_None_sikkemalisa_001_d10_1101_2022_03_10_483747VUHD103__rep0008,NK cells,0.7731314113159407
homosapiens_None_2023_None_sikkemalisa_001_d10_1101_2022_03_10_483747VUHD103__rep0009,NK cells,0.5624038721608341
homosapiens_None_2023_None_sikkemalisa_001_d10_1101_2022_03_10_483747VUHD103__rep0011,NK cells,0.7773310468431704
homosapiens_None_2023_None_sikkemalisa_001_d10_1101_2022_03_10_483747VUHD103__rep0012,NK cells,0.7476815202500822
homosapiens_None_2023_None_sikkemalisa_001_d10_1101_2022_03_10_483747VUHD103__rep0013,NK cells,0.5683132102278946
homosapiens_None_2023_None_sikkemalisa_001_d10_1101_2022_03_10_483747VUHD103__rep0014,NK cells,0.757739451264046
homosapiens_None_2023_None_sikkemalisa_001_d10_1101_2022_03_10_483747VUHD69__rep0000,NK cells,0.7162980478963222
homosapiens_None_2023_None_sikkemalisa_001_d10_1101_2022_03_10_483747VUHD69__rep0001,NK cells,0.6520225951472799
homosapiens_None_2023_None_sikkemalisa_001_d10_1101_2022_03_10_483747VUHD69__rep0002,NK cells,0.7128399126677363
homosapiens_None_2023_None_sikkemalisa_001_d10_1101_2022_03_10_483747VUHD69__rep0003,NK cells,0.6802108663698885
homosapiens_None_2023_None_sikkemalisa_001_d10_1101_2022_03_10_483747VUHD69__rep0004,NK cells,0.6176832099301961
homosapiens_None_2023_None_sikkemalisa_001_d10_1101_2022_03_10_483747VUHD69__rep0005,NK cells,0.6378527119109529
homosapiens_None_2023_None_sikkemalisa_001_d10_1101_2022_03_10_483747VUHD69__rep0006,NK cells,0.6733181678500852
homosapiens_None_2023_None_sikkemalisa_001_d10_1101_2022_03_10_483747VUHD69__rep0007,NK cells,0.7285066453838331
homosapiens_None_2023_None_sikkemalisa_001_d10_1101_2022_03_10_483747VUHD69__rep0008,NK cells,0.6750971839913644
homosapiens_None_2023_None_sikkemalisa_001_d10_1101_2022_03_10_483747VUHD69__rep0009,NK cells,0.7052350717541708
homosapiens_None_2023_None_sikkemalisa_001_d10_1101_2022_03_10_483747VUHD69__rep0010,NK cells,0.7270862864640683
homosapiens_None_2023_None_sikkemalisa_001_d10_1101_2022_03_10_483747VUHD69__rep0011,NK cells,0.7165142919899612
homosapiens_None_2023_None_sikkemalisa_001_d10_1101_2022_03_10_483747VUHD69__rep0013,NK cells,0.7246988000727126
homosapiens_None_2023_None_sikkemalisa_001_d10_1101_2022_03_10_483747VUHD69__rep0014,NK cells,0.7229028879388362
homosapiens_None_2023_None_sikkemalisa_001_d10_1101_2022_03_10_483747THD0007__rep0000,,0.7519252122569273
homosapiens_None_2023_None_sikkemalisa_001_d10_1101_2022_03_10_483747THD0007__rep0001,,0.7919779153000204
homosapiens_None_2023_None_sikkemalisa_001_d10_1101_2022_03_10_483747THD0007__rep0002,,0.8262304871532126
homosapiens_None_2023_None_sikkemalisa_001_d10_1101_2022_03_10_483747THD0007__rep0003,,0.8324320059681573
homosapiens_None_2023_None_sikkemalisa_001_d10_1101_2022_03_10_483747THD0007__rep0004,,0.837882714773622
homosapiens_None_2023_None_sikkemalisa_001_d10_1101_2022_03_10_483747THD0007__rep0005,,0.8086308618532645
homosapiens_None_2023_None_sikkemalisa_001_d10_1101_2022_03_10_483747THD0007__rep0006,,0.4745562538881317
homosapiens_None_2023_None_sikkemalisa_001_d10_1101_2022_03_10_483747THD0007__rep0007,,0.8163473395004319
homosapiens_None_2023_None_sikkemalisa_001_d10_1101_2022_03_10_483747THD0007__rep0008,,0.7279309453375069
homosapiens_None_2023_None_sikkemalisa_001_d10_1101_2022_03_10_483747THD0007__rep0009,,0.8046731574213878
homosapiens_None_2023_None_sikkemalisa_001_d10_1101_2022_03_10_483747THD0007__rep0010,,0.670919961106419
homosapiens_None_2023_None_sikkemalisa_001_d10_1101_2022_03_10_483747THD0007__rep0011,,0.75959223348201
homosapiens_None_2023_None_sikkemalisa_001_d10_1101_2022_03_10_483747THD0007__rep0012,,0.780998084385834
homosapiens_None_2023_None_sikkemalisa_001_d10_1101_2022_03_10_483747THD0007__rep0013,,0.7875017898561002
homosapiens_None_2023_None_sikkemalisa_001_d10_1101_2022_03_10_483747THD0007__rep0014,,0.6703760815704847
homosapiens_None_2023_None_sikkemalisa_001_d10_1101_2022_03_10_483747THD0014__rep0001,,0.6127965154068811
homosapiens_None_2023_None_sikkemalisa_001_d10_1101_2022_03_10_483747THD0014__rep0002,,0.6868773501394475
homosapiens_None_2023_None_sikkemalisa_001_d10_1101_2022_03_10_483747THD0014__rep0003,,0.7341133916329801
homosapiens_None_2023_None_sikkemalisa_001_d10_1101_2022_03_10_483747THD0014__rep0004,,0.5258188960511518
homosapiens_None_2023_None_sikkemalisa_001_d10_1101_2022_03_10_483747THD0014__rep0005,,0.743598385840806
homosapiens_None_2023_None_sikkemalisa_001_d10_1101_2022_03_10_483747THD0014__rep0006,,0.5930615313323329
homosapiens_None_2023_None_sikkemalisa_001_d10_1101_2022_03_10_483747THD0014__rep0008,,0.7142563063418985
homosapiens_None_2023_None_sikkemalisa_001_d10_1101_2022_03_10_483747THD0014__rep0009,,0.6991650386578646
homosapiens_None_2023_None_sikkemalisa_001_d10_1101_2022_03_10_483747THD0014__rep0010,,0.7185636675874598
homosapiens_None_2023_None_sikkemalisa_001_d10_1101_2022_03_10_483747THD0014__rep0011,,0.7062863511802777
homosapiens_None_2023_None_sikkemalisa_001_d10_1101_2022_03_10_483747THD0014__rep0013,,0.6580311708434115
homosapiens_None_2023_None_sikkemalisa_001_d10_1101_2022_03_10_483747THD0014__rep0014,,0.7255668593503984
homosapiens_None_2023_None_sikkemalisa_001_d10_1101_2022_03_10_483747VUHD071__rep0000,,0.6437266076474926
homosapiens_None_2023_None_sikkemalisa_001_d10_1101_2022_03_10_483747VUHD071__rep0001,,0.4597487100153409
homosapiens_None_2023_None_sikkemalisa_001_d10_1101_2022_03_10_483747VUHD071__rep0002,,0.6986991160053592
homosapiens_None_2023_None_sikkemalisa_001_d10_1101_2022_03_10_483747VUHD071__rep0003,,0.689109952211886
homosapiens_None_2023_None_sikkemalisa_001_d10_1101_2022_03_10_483747VUHD071__rep0004,,0.6252575877905202
homosapiens_None_2023_None_sikkemalisa_001_d10_1101_2022_03_10_483747VUHD071__rep0005,,0.5340307534725334
homosapiens_None_2023_None_sikkemalisa_001_d10_1101_2022_03_10_483747VUHD071__rep0006,,0.7108567721353138
homosapiens_None_2023_None_sikkemalisa_001_d10_1101_2022_03_10_483747VUHD071__rep0008,,0.6887119033225484
homosapiens_None_2023_None_sikkemalisa_001_d10_1101_2022_03_10_483747VUHD071__rep0009,,0.6896605481461282
homosapiens_None_2023_None_sikkemalisa_001_d10_1101_2022_03_10_483747VUHD071__rep0010,,0.6815608983844954
homosapiens_None_2023_None_sikkemalisa_001_d10_1101_2022_03_10_483747VUHD071__rep0011,,0.6415326083664907
homosapiens_None_2023_None_sikkemalisa_001_d10_1101_2022_03_10_483747VUHD071__rep0012,,0.5074047462913799
homosapiens_None_2023_None_sikkemalisa_001_d10_1101_2022_03_10_483747VUHD071__rep0013,,0.7061379415877793
homosapiens_None_2023_None_sikkemalisa_001_d10_1101_2022_03_10_483747VUHD071__rep0014,,0.6653491683948214
homosapiens_None_2023_None_sikkemalisa_001_d10_1101_2022_03_10_483747VUHD077__rep0000,,0.5076944270120857
homosapiens_None_2023_None_sikkemalisa_001_d10_1101_2022_03_10_483747VUHD077__rep0001,,0.4207283347547905
homosapiens_None_2023_None_sikkemalisa_001_d10_1101_2022_03_10_483747VUHD077__rep0002,,0.5164852191664854
homosapiens_None_2023_None_sikkemalisa_001_d10_1101_2022_03_10_483747VUHD077__rep0003,,0.5916451859749451
homosapiens_None_2023_None_sikkemalisa_001_d10_1101_2022_03_10_483747VUHD077__rep0004,,0.5774496308757403
homosapiens_None_2023_None_sikkemalisa_001_d10_1101_2022_03_10_483747VUHD077__rep0005,,0.5913048419480558
homosapiens_None_2023_None_sikkemalisa_001_d10_1101_2022_03_10_483747VUHD077__rep0006,,0.585622083560113
homosapiens_None_2023_None_sikkemalisa_001_d10_1101_2022_03_10_483747VUHD077__rep0007,,0.5852810835519775
homosapiens_None_2023_None_sikkemalisa_001_d10_1101_2022_03_10_483747VUHD077__rep0008,,0.5034983648716591
homosapiens_None_2023_None_sikkemalisa_001_d10_1101_2022_03_10_483747VUHD077__rep0009,,0.5871877874017177
homosapiens_None_2023_None_sikkemalisa_001_d10_1101_2022_03_10_483747VUHD077__rep0010,,0.5420197537324363
homosapiens_None_2023_None_sikkemalisa_001_d10_1101_2022_03_10_483747VUHD077__rep0011,,0.5950589776566407
homosapiens_None_2023_None_sikkemalisa_001_d10_1101_2022_03_10_483747VUHD077__rep0012,,0.5815217397908248
homosapiens_None_2023_None_sikkemalisa_001_d10_1101_2022_03_10_483747VUHD077__rep0014,,0.590300186011873
homosapiens_None_2023_None_sikkemalisa_001_d10_1101_2022_03_10_483747VUHD103__rep0000,,0.6017671366594007
homosapiens_None_2023_None_sikkemalisa_001_d10_1101_2022_03_10_483747VUHD103__rep0001,,0.6280612295336501
homosapiens_None_2023_None_sikkemalisa_001_d10_1101_2022_03_10_483747VUHD103__rep0002,,0.6843583180553638
homosapiens_None_2023_None_sikkemalisa_001_d10_1101_2022_03_10_483747VUHD103__rep0003,,0.2767724127709509
homosapiens_None_2023_None_sikkemalisa_001_d10_1101_2022_03_10_483747VUHD103__rep0004,,0.7152787007332707
homosapiens_None_2023_None_sikkemalisa_001_d10_1101_2022_03_10_483747VUHD103__rep0005,,0.7539263686729456
homosapiens_None_2023_None_sikkemalisa_001_d10_1101_2022_03_10_483747VUHD103__rep0006,,0.5845134872321196
homosapiens_None_2023_None_sikkemalisa_001_d10_1101_2022_03_10_483747VUHD103__rep0007,,0.6925629438472373
homosapiens_None_2023_None_sikkemalisa_001_d10_1101_2022_03_10_483747VUHD103__rep0008,,0.645875297052487
homosapiens_None_2023_None_sikkemalisa_001_d10_1101_2022_03_10_483747VUHD103__rep0009,,0.7482067366086071
homosapiens_None_2023_None_sikkemalisa_001_d10_1101_2022_03_10_483747VUHD103__rep0010,,0.6709285374112276
homosapiens_None_2023_None_sikkemalisa_001_d10_1101_2022_03_10_483747VUHD103__rep0011,,0.5751613428667075
homosapiens_None_2023_None_sikkemalisa_001_d10_1101_2022_03_10_483747VUHD103__rep0012,,0.6742128409375597
homosapiens_None_2023_None_sikkemalisa_001_d10_1101_2022_03_10_483747VUHD103__rep0013,,0.6882488717492529
homosapiens_None_2023_None_sikkemalisa_001_d10_1101_2022_03_10_483747VUHD103__rep0014,,0.5427780851472692
homosapiens_None_2023_None_sikkemalisa_001_d10_1101_2022_03_10_483747VUHD69__rep0000,,0.5273758824676331
homosapiens_None_2023_None_sikkemalisa_001_d10_1101_2022_03_10_483747VUHD69__rep0001,,0.5060410605490958
homosapiens_None_2023_None_sikkemalisa_001_d10_1101_2022_03_10_483747VUHD69__rep0004,,0.2942370743395147
homosapiens_None_2023_None_sikkemalisa_001_d10_1101_2022_03_10_483747VUHD69__rep0005,,0.5454338694006722
homosapiens_None_2023_None_sikkemalisa_001_d10_1101_2022_03_10_483747VUHD69__rep0006,,0.5723621441251295
homosapiens_None_2023_None_sikkemalisa_001_d10_1101_2022_03_10_483747VUHD69__rep0007,,0.4944156155553695
homosapiens_None_2023_None_sikkemalisa_001_d10_1101_2022_03_10_483747VUHD69__rep0008,,0.4486633093048429
homosapiens_None_2023_None_sikkemalisa_001_d10_1101_2022_03_10_483747VUHD69__rep0009,,0.3217844242840686
homosapiens_None_2023_None_sikkemalisa_001_d10_1101_2022_03_10_483747VUHD69__rep0010,,0.5418016496124194
homosapiens_None_2023_None_sikkemalisa_001_d10_1101_2022_03_10_483747VUHD69__rep0011,,0.5579950346694734
homosapiens_None_2023_None_sikkemalisa_001_d10_1101_2022_03_10_483747VUHD69__rep0012,,0.5528715894610206
homosapiens_None_2023_None_sikkemalisa_001_d10_1101_2022_03_10_483747VUHD69__rep0014,,0.5594004980847473
homosapiens_None_2023_None_sikkemalisa_001_d10_1101_2022_03_10_483747VUHD85__rep0000,,0.4648712682787628
homosapiens_None_2023_None_sikkemalisa_001_d10_1101_2022_03_10_483747VUHD85__rep0001,,0.6192904783843323
homosapiens_None_2023_None_sikkemalisa_001_d10_1101_2022_03_10_483747VUHD85__rep0002,,0.6053343344419448
homosapiens_None_2023_None_sikkemalisa_001_d10_1101_2022_03_10_483747VUHD85__rep0003,,0.6095432506070421
homosapiens_None_2023_None_sikkemalisa_001_d10_1101_2022_03_10_483747VUHD85__rep0004,,0.6014181082844005
homosapiens_None_2023_None_sikkemalisa_001_d10_1101_2022_03_10_483747VUHD85__rep0005,,0.5761483103322613
homosapiens_None_2023_None_sikkemalisa_001_d10_1101_2022_03_10_483747VUHD85__rep0006,,0.5608272838292816
homosapiens_None_2023_None_sikkemalisa_001_d10_1101_2022_03_10_483747VUHD85__rep0007,,0.5978065407192963
homosapiens_None_2023_None_sikkemalisa_001_d10_1101_2022_03_10_483747VUHD85__rep0008,,0.5893552508567607
homosapiens_None_2023_None_sikkemalisa_001_d10_1101_2022_03_10_483747VUHD85__rep0009,,0.6476210814184002
homosapiens_None_2023_None_sikkemalisa_001_d10_1101_2022_03_10_483747VUHD85__rep0010,,0.5829068498972525
homosapiens_None_2023_None_sikkemalisa_001_d10_1101_2022_03_10_483747VUHD85__rep0011,,0.213717278956081
homosapiens_None_2023_None_sikkemalisa_001_d10_1101_2022_03_10_483747VUHD85__rep0012,,0.6010789555670364
homosapiens_None_2023_None_sikkemalisa_001_d10_1101_2022_03_10_483747VUHD85__rep0013,,0.5703214515182192
homosapiens_None_2023_None_sikkemalisa_001_d10_1101_2022_03_10_483747VUHD85__rep0014,,0.4374927169428645
homosapiens_None_2023_None_sikkemalisa_001_d10_1101_2022_03_10_483747VUHD103__rep0000,Pericytes,
homosapiens_None_2023_None_sikkemalisa_001_d10_1101_2022_03_10_483747VUHD103__rep0001,Pericytes,
homosapiens_None_2023_None_sikkemalisa_001_d10_1101_2022_03_10_483747VUHD103__rep0002,Pericytes,
homosapiens_None_2023_None_sikkemalisa_001_d10_1101_2022_03_10_483747VUHD103__rep0003,Pericytes,
homosapiens_None_2023_None_sikkemalisa_001_d10_1101_2022_03_10_483747VUHD103__rep0004,Pericytes,
homosapiens_None_2023_None_sikkemalisa_001_d10_1101_2022_03_10_483747VUHD103__rep0005,Pericytes,
homosapiens_None_2023_None_sikkemalisa_001_d10_1101_2022_03_10_483747VUHD103__rep0006,Pericytes,
homosapiens_None_2023_None_sikkemalisa_001_d10_1101_2022_03_10_483747VUHD103__rep0007,Pericytes,
homosapiens_None_2023_None_sikkemalisa_001_d10_1101_2022_03_10_483747VUHD103__rep0008,Pericytes,
homosapiens_None_2023_None_sikkemalisa_001_d10_1101_2022_03_10_483747VUHD103__rep0009,Pericytes,
homosapiens_None_2023_None_sikkemalisa_001_d10_1101_2022_03_10_483747VUHD103__rep0010,Pericytes,
homosapiens_None_2023_None_sikkemalisa_001_d10_1101_2022_03_10_483747VUHD103__rep0011,Pericytes,
homosapiens_None_2023_None_sikkemalisa_001_d10_1101_2022_03_10_483747VUHD103__rep0012,Pericytes,
homosapiens_None_2023_None_sikkemalisa_001_d10_1101_2022_03_10_483747VUHD103__rep0014,Pericytes,
homosapiens_None_2023_None_sikkemalisa_001_d10_1101_2022_03_10_483747VUHD85__rep0000,Pericytes,
homosapiens_None_2023_None_sikkemalisa_001_d10_1101_2022_03_10_483747VUHD85__rep0001,Pericytes,
homosapiens_None_2023_None_sikkemalisa_001_d10_1101_2022_03_10_483747VUHD85__rep0002,Pericytes,
homosapiens_None_2023_None_sikkemalisa_001_d10_1101_2022_03_10_483747VUHD85__rep0003,Pericytes,
homosapiens_None_2023_None_sikkemalisa_001_d10_1101_2022_03_10_483747VUHD85__rep0004,Pericytes,
homosapiens_None_2023_None_sikkemalisa_001_d10_1101_2022_03_10_483747VUHD85__rep0005,Pericytes,
homosapiens_None_2023_None_sikkemalisa_001_d10_1101_2022_03_10_483747VUHD85__rep0006,Pericytes,
homosapiens_None_2023_None_sikkemalisa_001_d10_1101_2022_03_10_483747VUHD85__rep0007,Pericytes,
homosapiens_None_2023_None_sikkemalisa_001_d10_1101_2022_03_10_483747VUHD85__rep0008,Pericytes,
homosapiens_None_2023_None_sikkemalisa_001_d10_1101_2022_03_10_483747VUHD85__rep0009,Pericytes,
homosapiens_None_2023_None_sikkemalisa_001_d10_1101_2022_03_10_483747VUHD85__rep0010,Pericytes,
homosapiens_None_2023_None_sikkemalisa_001_d10_1101_2022_03_10_483747VUHD85__rep0011,Pericytes,
homosapiens_None_2023_None_sikkemalisa_001_d10_1101_2022_03_10_483747VUHD85__rep0012,Pericytes,
homosapiens_None_2023_None_sikkemalisa_001_d10_1101_2022_03_10_483747VUHD85__rep0013,Pericytes,
homosapiens_None_2023_None_sikkemalisa_001_d10_1101_2022_03_10_483747VUHD85__rep0014,Pericytes,
homosapiens_None_2023_None_sikkemalisa_001_d10_1101_2022_03_10_483747THD0007__rep0000,Plasma cells,0.802455848049956
homosapiens_None_2023_None_sikkemalisa_001_d10_1101_2022_03_10_483747THD0007__rep0001,Plasma cells,0.7154761475193114
homosapiens_None_2023_None_sikkemalisa_001_d10_1101_2022_03_10_483747THD0007__rep0002,Plasma cells,0.7927834824012858
homosapiens_None_2023_None_sikkemalisa_001_d10_1101_2022_03_10_483747THD0007__rep0003,Plasma cells,0.8058597725773754
homosapiens_None_2023_None_sikkemalisa_001_d10_1101_2022_03_10_483747THD0007__rep0004,Plasma cells,0.7996209437813104
homosapiens_None_2023_None_sikkemalisa_001_d10_1101_2022_03_10_483747THD0007__rep0005,Plasma cells,0.778910045464499
homosapiens_None_2023_None_sikkemalisa_001_d10_1101_2022_03_10_483747THD0007__rep0006,Plasma cells,0.7991109808874639
homosapiens_None_2023_None_sikkemalisa_001_d10_1101_2022_03_10_483747THD0007__rep0007,Plasma cells,0.7947426468675612
homosapiens_None_2023_None_sikkemalisa_001_d10_1101_2022_03_10_483747THD0007__rep0008,Plasma cells,0.7898965069911654
homosapiens_None_2023_None_sikkemalisa_001_d10_1101_2022_03_10_483747THD0007__rep0009,Plasma cells,0.7849816802679253
homosapiens_None_2023_None_sikkemalisa_001_d10_1101_2022_03_10_483747THD0007__rep0010,Plasma cells,0.6134045935694876
homosapiens_None_2023_None_sikkemalisa_001_d10_1101_2022_03_10_483747THD0007__rep0011,Plasma cells,0.7998800246354368
homosapiens_None_2023_None_sikkemalisa_001_d10_1101_2022_03_10_483747THD0007__rep0012,Plasma cells,0.7575847935567407
homosapiens_None_2023_None_sikkemalisa_001_d10_1101_2022_03_10_483747THD0007__rep0013,Plasma cells,0.7956128550540883
homosapiens_None_2023_None_sikkemalisa_001_d10_1101_2022_03_10_483747THD0007__rep0014,Plasma cells,0.7949761138960525
homosapiens_None_2023_None_sikkemalisa_001_d10_1101_2022_03_10_483747THD0014__rep0001,Plasma cells,0.7330036521554932
homosapiens_None_2023_None_sikkemalisa_001_d10_1101_2022_03_10_483747THD0014__rep0003,Plasma cells,0.6973848935564473
homosapiens_None_2023_None_sikkemalisa_001_d10_1101_2022_03_10_483747THD0014__rep0004,Plasma cells,0.726502346204924
homosapiens_None_2023_None_sikkemalisa_001_d10_1101_2022_03_10_483747THD0014__rep0005,Plasma cells,0.5213315317857227
homosapiens_None_2023_None_sikkemalisa_001_d10_1101_2022_03_10_483747THD0014__rep0006,Plasma cells,0.7295192450993992
homosapiens_None_2023_None_sikkemalisa_001_d10_1101_2022_03_10_483747THD0014__rep0007,Plasma cells,0.5710906318700022
homosapiens_None_2023_None_sikkemalisa_001_d10_1101_2022_03_10_483747THD0014__rep0008,Plasma cells,0.7189136028317926
homosapiens_None_2023_None_sikkemalisa_001_d10_1101_2022_03_10_483747THD0014__rep0009,Plasma cells,0.6997234429257385
homosapiens_None_2023_None_sikkemalisa_001_d10_1101_2022_03_10_483747THD0014__rep0010,Plasma cells,0.7244456131896158
homosapiens_None_2023_None_sikkemalisa_001_d10_1101_2022_03_10_483747THD0014__rep0011,Plasma cells,0.6690977160000829
homosapiens_None_2023_None_sikkemalisa_001_d10_1101_2022_03_10_483747THD0014__rep0012,Plasma cells,0.7268013650991798
homosapiens_None_2023_None_sikkemalisa_001_d10_1101_2022_03_10_483747THD0014__rep0013,Plasma cells,0.7219056214667796
homosapiens_None_2023_None_sikkemalisa_001_d10_1101_2022_03_10_483747THD0014__rep0014,Plasma cells,0.7222754509219625
homosapiens_None_2023_None_sikkemalisa_001_d10_1101_2022_03_10_483747VUHD071__rep0000,Plasma cells,0.7400348952906564
homosapiens_None_2023_None_sikkemalisa_001_d10_1101_2022_03_10_483747VUHD071__rep0001,Plasma cells,0.774139346756372
homosapiens_None_2023_None_sikkemalisa_001_d10_1101_2022_03_10_483747VUHD071__rep0002,Plasma cells,0.7721400878413476
homosapiens_None_2023_None_sikkemalisa_001_d10_1101_2022_03_10_483747VUHD071__rep0003,Plasma cells,0.7690487061989242
homosapiens_None_2023_None_sikkemalisa_001_d10_1101_2022_03_10_483747VUHD071__rep0004,Plasma cells,0.6869724380824737
homosapiens_None_2023_None_sikkemalisa_001_d10_1101_2022_03_10_483747VUHD071__rep0006,Plasma cells,0.7523592341913172
homosapiens_None_2023_None_sikkemalisa_001_d10_1101_2022_03_10_483747VUHD071__rep0007,Plasma cells,0.778543551824243
homosapiens_None_2023_None_sikkemalisa_001_d10_1101_2022_03_10_483747VUHD071__rep0008,Plasma cells,0.640351518188174
homosapiens_None_2023_None_sikkemalisa_001_d10_1101_2022_03_10_483747VUHD071__rep0010,Plasma cells,0.7633313934913951
homosapiens_None_2023_None_sikkemalisa_001_d10_1101_2022_03_10_483747VUHD071__rep0011,Plasma cells,0.6129080097803234
homosapiens_None_2023_None_sikkemalisa_001_d10_1101_2022_03_10_483747VUHD071__rep0012,Plasma cells,0.7730372860366344
homosapiens_None_2023_None_sikkemalisa_001_d10_1101_2022_03_10_483747VUHD071__rep0013,Plasma cells,0.7006442254998966
homosapiens_None_2023_None_sikkemalisa_001_d10_1101_2022_03_10_483747VUHD071__rep0014,Plasma cells,0.7782996360703851
homosapiens_None_2023_None_sikkemalisa_001_d10_1101_2022_03_10_483747VUHD103__rep0000,Plasma cells,0.6283615285816981
homosapiens_None_2023_None_sikkemalisa_001_d10_1101_2022_03_10_483747VUHD103__rep0001,Plasma cells,0.6284002220849437
homosapiens_None_2023_None_sikkemalisa_001_d10_1101_2022_03_10_483747VUHD103__rep0002,Plasma cells,0.6295085248538193
homosapiens_None_2023_None_sikkemalisa_001_d10_1101_2022_03_10_483747VUHD103__rep0003,Plasma cells,0.6260165277797431
homosapiens_None_2023_None_sikkemalisa_001_d10_1101_2022_03_10_483747VUHD103__rep0004,Plasma cells,0.6228744746484496
homosapiens_None_2023_None_sikkemalisa_001_d10_1101_2022_03_10_483747VUHD103__rep0005,Plasma cells,0.5761510714480871
homosapiens_None_2023_None_sikkemalisa_001_d10_1101_2022_03_10_483747VUHD103__rep0006,Plasma cells,0.6290406259898069
homosapiens_None_2023_None_sikkemalisa_001_d10_1101_2022_03_10_483747VUHD103__rep0007,Plasma cells,0.6294761689634057
homosapiens_None_2023_None_sikkemalisa_001_d10_1101_2022_03_10_483747VUHD103__rep0010,Plasma cells,0.583220801042898
homosapiens_None_2023_None_sikkemalisa_001_d10_1101_2022_03_10_483747VUHD103__rep0012,Plasma cells,0.6316847907932958
homosapiens_None_2023_None_sikkemalisa_001_d10_1101_2022_03_10_483747VUHD103__rep0013,Plasma cells,0.6200463910601283
homosapiens_None_2023_None_sikkemalisa_001_d10_1101_2022_03_10_483747VUHD103__rep0014,Plasma cells,0.6248541766238395
homosapiens_None_2023_None_sikkemalisa_001_d10_1101_2022_03_10_483747THD0014__rep0000,Plasmacytoid DCs,0.6903269322281289
homosapiens_None_2023_None_sikkemalisa_001_d10_1101_2022_03_10_483747THD0014__rep0001,Plasmacytoid DCs,0.6225070533698933
homosapiens_None_2023_None_sikkemalisa_001_d10_1101_2022_03_10_483747THD0014__rep0002,Plasmacytoid DCs,0.6047721007164708
homosapiens_None_2023_None_sikkemalisa_001_d10_1101_2022_03_10_483747THD0014__rep0003,Plasmacytoid DCs,0.5783868283782436
homosapiens_None_2023_None_sikkemalisa_001_d10_1101_2022_03_10_483747THD0014__rep0004,Plasmacytoid DCs,0.5405628608644677
homosapiens_None_2023_None_sikkemalisa_001_d10_1101_2022_03_10_483747THD0014__rep0005,Plasmacytoid DCs,0.4329253110505875
homosapiens_None_2023_None_sikkemalisa_001_d10_1101_2022_03_10_483747THD0014__rep0006,Plasmacytoid DCs,0.3663917695534181
homosapiens_None_2023_None_sikkemalisa_001_d10_1101_2022_03_10_483747THD0014__rep0007,Plasmacytoid DCs,0.5015939017375871
homosapiens_None_2023_None_sikkemalisa_001_d10_1101_2022_03_10_483747THD0014__rep0008,Plasmacytoid DCs,0.5030517706736233
homosapiens_None_2023_None_sikkemalisa_001_d10_1101_2022_03_10_483747THD0014__rep0009,Plasmacytoid DCs,0.4947529625205219
homosapiens_None_2023_None_sikkemalisa_001_d10_1101_2022_03_10_483747THD0014__rep0010,Plasmacytoid DCs,0.4854865155959609
homosapiens_None_2023_None_sikkemalisa_001_d10_1101_2022_03_10_483747THD0014__rep0011,Plasmacytoid DCs,0.4803564362815558
homosapiens_None_2023_None_sikkemalisa_001_d10_1101_2022_03_10_483747THD0014__rep0012,Plasmacytoid DCs,0.4985702890952552
homosapiens_None_2023_None_sikkemalisa_001_d10_1101_2022_03_10_483747THD0014__rep0013,Plasmacytoid DCs,0.4846637239097842
homosapiens_None_2023_None_sikkemalisa_001_d10_1101_2022_03_10_483747THD0014__rep0014,Plasmacytoid DCs,0.4938014511343661
homosapiens_None_2023_None_sikkemalisa_001_d10_1101_2022_03_10_483747THD0007__rep0000,Transitional AT2,0.7195169601936684
homosapiens_None_2023_None_sikkemalisa_001_d10_1101_2022_03_10_483747THD0007__rep0001,Transitional AT2,0.722163790570544
homosapiens_None_2023_None_sikkemalisa_001_d10_1101_2022_03_10_483747THD0007__rep0002,Transitional AT2,0.70729106338859
homosapiens_None_2023_None_sikkemalisa_001_d10_1101_2022_03_10_483747THD0007__rep0003,Transitional AT2,0.4681850838718391
homosapiens_None_2023_None_sikkemalisa_001_d10_1101_2022_03_10_483747THD0007__rep0004,Transitional AT2,0.7077161289768135
homosapiens_None_2023_None_sikkemalisa_001_d10_1101_2022_03_10_483747THD0007__rep0006,Transitional AT2,0.7043297865929459
homosapiens_None_2023_None_sikkemalisa_001_d10_1101_2022_03_10_483747THD0007__rep0007,Transitional AT2,0.6982718510354344
homosapiens_None_2023_None_sikkemalisa_001_d10_1101_2022_03_10_483747THD0007__rep0008,Transitional AT2,0.6925892475407777
homosapiens_None_2023_None_sikkemalisa_001_d10_1101_2022_03_10_483747THD0007__rep0009,Transitional AT2,0.7068654850287812
homosapiens_None_2023_None_sikkemalisa_001_d10_1101_2022_03_10_483747THD0007__rep0010,Transitional AT2,0.6884978623438159
homosapiens_None_2023_None_sikkemalisa_001_d10_1101_2022_03_10_483747THD0007__rep0012,Transitional AT2,0.5879880272518049
homosapiens_None_2023_None_sikkemalisa_001_d10_1101_2022_03_10_483747THD0014__rep0000,Transitional AT2,0.7119126801724109
homosapiens_None_2023_None_sikkemalisa_001_d10_1101_2022_03_10_483747THD0014__rep0001,Transitional AT2,0.720050542295747
homosapiens_None_2023_None_sikkemalisa_001_d10_1101_2022_03_10_483747THD0014__rep0002,Transitional AT2,0.7146446818685955
homosapiens_None_2023_None_sikkemalisa_001_d10_1101_2022_03_10_483747THD0014__rep0003,Transitional AT2,0.7214163648260902
homosapiens_None_2023_None_sikkemalisa_001_d10_1101_2022_03_10_483747THD0014__rep0004,Transitional AT2,0.637138860695475
homosapiens_None_2023_None_sikkemalisa_001_d10_1101_2022_03_10_483747THD0014__rep0005,Transitional AT2,0.6411238739265575
homosapiens_None_2023_None_sikkemalisa_001_d10_1101_2022_03_10_483747THD0014__rep0006,Transitional AT2,0.7223957434265458
homosapiens_None_2023_None_sikkemalisa_001_d10_1101_2022_03_10_483747THD0014__rep0007,Transitional AT2,0.7213761154379019
homosapiens_None_2023_None_sikkemalisa_001_d10_1101_2022_03_10_483747THD0014__rep0008,Transitional AT2,0.7171195759463717
homosapiens_None_2023_None_sikkemalisa_001_d10_1101_2022_03_10_483747THD0014__rep0009,Transitional AT2,0.5507928043406971
homosapiens_None_2023_None_sikkemalisa_001_d10_1101_2022_03_10_483747THD0014__rep0010,Transitional AT2,0.6213018659973857
homosapiens_None_2023_None_sikkemalisa_001_d10_1101_2022_03_10_483747THD0014__rep0011,Transitional AT2,0.7045713274795491
homosapiens_None_2023_None_sikkemalisa_001_d10_1101_2022_03_10_483747THD0014__rep0012,Transitional AT2,0.7214539780385166
homosapiens_None_2023_None_sikkemalisa_001_d10_1101_2022_03_10_483747THD0014__rep0013,Transitional AT2,0.7154824263445472
homosapiens_None_2023_None_sikkemalisa_001_d10_1101_2022_03_10_483747THD0014__rep0014,Transitional AT2,0.7237507370671876
homosapiens_None_2023_None_sikkemalisa_001_d10_1101_2022_03_10_483747VUHD071__rep0000,Transitional AT2,0.6749353796752967
homosapiens_None_2023_None_sikkemalisa_001_d10_1101_2022_03_10_483747VUHD071__rep0001,Transitional AT2,0.674790233603976
homosapiens_None_2023_None_sikkemalisa_001_d10_1101_2022_03_10_483747VUHD071__rep0002,Transitional AT2,0.6672888711940751
homosapiens_None_2023_None_sikkemalisa_001_d10_1101_2022_03_10_483747VUHD071__rep0003,Transitional AT2,0.6691211482687456
homosapiens_None_2023_None_sikkemalisa_001_d10_1101_2022_03_10_483747VUHD071__rep0005,Transitional AT2,0.6320505422747884
homosapiens_None_2023_None_sikkemalisa_001_d10_1101_2022_03_10_483747VUHD071__rep0006,Transitional AT2,0.6767231508197324
homosapiens_None_2023_None_sikkemalisa_001_d10_1101_2022_03_10_483747VUHD071__rep0007,Transitional AT2,0.6368820936986088
homosapiens_None_2023_None_sikkemalisa_001_d10_1101_2022_03_10_483747VUHD071__rep0008,Transitional AT2,0.5174561296914956
homosapiens_None_2023_None_sikkemalisa_001_d10_1101_2022_03_10_483747VUHD071__rep0009,Transitional AT2,0.605347593697267
homosapiens_None_2023_None_sikkemalisa_001_d10_1101_2022_03_10_483747VUHD071__rep0010,Transitional AT2,0.6658927495063544
homosapiens_None_2023_None_sikkemalisa_001_d10_1101_2022_03_10_483747VUHD071__rep0011,Transitional AT2,0.6473395382757096
homosapiens_None_2023_None_sikkemalisa_001_d10_1101_2022_03_10_483747VUHD071__rep0012,Transitional AT2,0.615221013033399
homosapiens_None_2023_None_sikkemalisa_001_d10_1101_2022_03_10_483747VUHD071__rep0013,Transitional AT2,0.652904236855765
homosapiens_None_2023_None_sikkemalisa_001_d10_1101_2022_03_10_483747VUHD103__rep0000,Transitional AT2,0.6920653844123453
homosapiens_None_2023_None_sikkemalisa_001_d10_1101_2022_03_10_483747VUHD103__rep0002,Transitional AT2,0.7059450148371901
homosapiens_None_2023_None_sikkemalisa_001_d10_1101_2022_03_10_483747VUHD103__rep0003,Transitional AT2,0.6978094754446433
homosapiens_None_2023_None_sikkemalisa_001_d10_1101_2022_03_10_483747VUHD103__rep0004,Transitional AT2,0.701717432996238
homosapiens_None_2023_None_sikkemalisa_001_d10_1101_2022_03_10_483747VUHD103__rep0006,Transitional AT2,0.6369876068138145
homosapiens_None_2023_None_sikkemalisa_001_d10_1101_2022_03_10_483747VUHD103__rep0007,Transitional AT2,0.6813594826674688
homosapiens_None_2023_None_sikkemalisa_001_d10_1101_2022_03_10_483747VUHD103__rep0008,Transitional AT2,0.7098204046533627
homosapiens_None_2023_None_sikkemalisa_001_d10_1101_2022_03_10_483747VUHD103__rep0009,Transitional AT2,0.706457739745471
homosapiens_None_2023_None_sikkemalisa_001_d10_1101_2022_03_10_483747VUHD103__rep0010,Transitional AT2,0.7073729934699983
homosapiens_None_2023_None_sikkemalisa_001_d10_1101_2022_03_10_483747VUHD103__rep0011,Transitional AT2,0.7184092902085286
homosapiens_None_2023_None_sikkemalisa_001_d10_1101_2022_03_10_483747VUHD103__rep0012,Transitional AT2,0.7193566289080815
homosapiens_None_2023_None_sikkemalisa_001_d10_1101_2022_03_10_483747VUHD103__rep0014,Transitional AT2,0.6238856688245631
homosapiens_None_2023_None_sikkemalisa_001_d10_1101_2022_03_10_483747VUHD85__rep0000,Transitional AT2,0.6338780643178046
homosapiens_None_2023_None_sikkemalisa_001_d10_1101_2022_03_10_483747VUHD85__rep0001,Transitional AT2,0.5639528584027742
homosapiens_None_2023_None_sikkemalisa_001_d10_1101_2022_03_10_483747VUHD85__rep0002,Transitional AT2,0.6480311379039937
homosapiens_None_2023_None_sikkemalisa_001_d10_1101_2022_03_10_483747VUHD85__rep0003,Transitional AT2,0.5633796444416165
homosapiens_None_2023_None_sikkemalisa_001_d10_1101_2022_03_10_483747VUHD85__rep0004,Transitional AT2,0.6528187336436942
homosapiens_None_2023_None_sikkemalisa_001_d10_1101_2022_03_10_483747VUHD85__rep0005,Transitional AT2,0.6507814386182885
homosapiens_None_2023_None_sikkemalisa_001_d10_1101_2022_03_10_483747VUHD85__rep0006,Transitional AT2,0.6550807852210434
homosapiens_None_2023_None_sikkemalisa_001_d10_1101_2022_03_10_483747VUHD85__rep0007,Transitional AT2,0.6494918406788603
homosapiens_None_2023_None_sikkemalisa_001_d10_1101_2022_03_10_483747VUHD85__rep0008,Transitional AT2,0.6168608356364369
homosapiens_None_2023_None_sikkemalisa_001_d10_1101_2022_03_10_483747VUHD85__rep0009,Transitional AT2,0.639083396955886
homosapiens_None_2023_None_sikkemalisa_001_d10_1101_2022_03_10_483747VUHD85__rep0010,Transitional AT2,0.6096504842112002
homosapiens_None_2023_None_sikkemalisa_001_d10_1101_2022_03_10_483747VUHD85__rep0011,Transitional AT2,0.6437745015045157
homosapiens_None_2023_None_sikkemalisa_001_d10_1101_2022_03_10_483747VUHD85__rep0012,Transitional AT2,0.6462618370877409
homosapiens_None_2023_None_sikkemalisa_001_d10_1101_2022_03_10_483747VUHD85__rep0013,Transitional AT2,0.6456427984359135
homosapiens_None_2023_None_sikkemalisa_001_d10_1101_2022_03_10_483747VUHD85__rep0014,Transitional AT2,0.6381893716345451
