panel,cell_type,rank,gene,gt_within_donor_variance
celltype_specific,CD_IC,1,Malat1,4.52190474011713
celltype_specific,CD_IC,2,Atp6v1g3,3.572534429904832
celltype_specific,CD_IC,3,Klk1,2.9460128851202185
celltype_specific,CD_IC,4,S100g,2.82592429388669
celltype_specific,CD_IC,5,Defb1,2.7652899768656205
celltype_specific,CD_IC,6,Itm2b,2.6532848352569087
celltype_specific,CD_IC,7,Tmsb4x,2.2551266403533354
celltype_specific,CD_IC,8,Aldob,2.1693989654585697
celltype_specific,CD_IC,9,Tmem213,2.1516252688049047
celltype_specific,CD_IC,10,Miox,2.056628024770086
celltype_specific,CD_IC,11,Cst3,2.021214408371843
celltype_specific,CD_IC,12,Spp1,1.995922507513669
celltype_specific,CD_IC,13,Gpx3,1.9947606278024341
celltype_specific,CD_IC,14,S100a1,1.9424546606195094
celltype_specific,CD_IC,15,Car2,1.9229876628557376
celltype_specific,CD_IC,16,Atp1b1,1.8331966372220443
celltype_specific,CD_IC,17,Atp6v0b,1.8226369966699647
celltype_specific,CD_IC,18,Atp6v0e,1.7858274803329177
celltype_specific,CD_IC,19,Atp6v1f,1.7803750436093064
celltype_specific,CD_IC,20,Tfcp2l1,1.7434409101047768
celltype_specific,CD_IC,21,S100a11,1.7361682093160917
celltype_specific,CD_IC,22,Actg1,1.729756971054859
celltype_specific,CD_IC,23,Dbi,1.6906169483637217
celltype_specific,CD_IC,24,Mt1,1.6887467078548224
celltype_specific,CD_IC,25,Cox7b,1.6822849346289348
celltype_specific,CD_IC,26,Cycs,1.6759244100590227
celltype_specific,CD_IC,27,Spink8,1.6580480349360587
celltype_specific,CD_IC,28,Gpx1,1.6380557595025393
celltype_specific,CD_IC,29,Gng5,1.6226395569294474
celltype_specific,CD_IC,30,Cystm1,1.6216868544392844
celltype_specific,CD_IC,31,Wfdc2,1.6211127620490369
celltype_specific,CD_IC,32,Slc25a4,1.6176735471666819
celltype_specific,CD_IC,33,Atp6v1e1,1.6176334677119555
celltype_specific,CD_IC,34,Aldoa,1.6155045203548224
celltype_specific,CD_IC,35,Atp6v1a,1.6100210522139229
celltype_specific,CD_IC,36,Rps27a,1.5938499975693174
celltype_specific,CD_IC,37,Uqcrq,1.5825733726579658
celltype_specific,CD_IC,38,Hsp90ab1,1.5787755650622255
celltype_specific,CD_IC,39,Atp5g1,1.5712150696605052
celltype_specific,CD_IC,40,Uqcrb,1.568388149993137
celltype_specific,CD_IC,41,Mif,1.5638486714174598
celltype_specific,CD_IC,42,Atp5c1,1.5585126080938874
celltype_specific,CD_IC,43,Rps29,1.5555613393490346
celltype_specific,CD_IC,44,Rpl17,1.5541202215638725
celltype_specific,CD_IC,45,Atp5d,1.552405607298911
celltype_specific,CD_IC,46,Serf2,1.550485457368686
celltype_specific,CD_IC,47,2010107E04Rik,1.5502459636369876
celltype_specific,CD_IC,48,Rpl28,1.546359552296852
celltype_specific,CD_IC,49,Atp5g2,1.5461018731269445
celltype_specific,CD_IC,50,Atp5l,1.5458333809937774
celltype_specific,CD_IC,51,Ndufab1,1.545792184497392
celltype_specific,CD_IC,52,Rps16,1.5447966322891884
celltype_specific,CD_IC,53,H3f3a,1.5423350299259928
celltype_specific,CD_IC,54,Bsg,1.541550732636347
celltype_specific,CD_IC,55,Rps14,1.533596502390648
celltype_specific,CD_IC,56,Slc25a5,1.532753269983071
celltype_specific,CD_IC,57,Actb,1.5301176772110634
celltype_specific,CD_IC,58,Scand1,1.5253459433336383
celltype_specific,CD_IC,59,H3f3b,1.5233292363224058
celltype_specific,CD_IC,60,Gapdh,1.5220439681895133
celltype_specific,CD_IC,61,Ndufb10,1.518612148122941
celltype_specific,CD_IC,62,Atp5j2,1.5177661007703833
celltype_specific,CD_IC,63,Uqcr11,1.5168960593629897
celltype_specific,CD_IC,64,Slc25a3,1.5159748574476117
celltype_specific,CD_IC,65,Rpl37a,1.5123055543243273
celltype_specific,CD_IC,66,Atp5e,1.5115273337413067
celltype_specific,CD_IC,67,Uqcrh,1.5102089564936403
celltype_specific,CD_IC,68,Cox6a1,1.5097629887816846
celltype_specific,CD_IC,69,Rpl32,1.509089680751281
celltype_specific,CD_IC,70,Akr1a1,1.5090600568064834
celltype_specific,CD_IC,71,Ndufa13,1.5081614638142844
celltype_specific,CD_IC,72,Atpif1,1.5073266315599836
celltype_specific,CD_IC,73,Mdh1,1.5070240473153824
celltype_specific,CD_IC,74,Hrsp12,1.5056216685349562
celltype_specific,CD_IC,75,Mpc2,1.5049557776611686
celltype_specific,CD_IC,76,Atp5o,1.5048879955732979
celltype_specific,CD_IC,77,Ndufc1,1.5025921175106378
celltype_specific,CD_IC,78,Ndufb8,1.502475498361434
celltype_specific,CD_IC,79,Rps13,1.5004228226087801
celltype_specific,CD_IC,80,Rps20,1.4992351839168878
celltype_specific,CD_IC,81,Atp5g3,1.496811829060098
celltype_specific,CD_IC,82,Rpl18a,1.4965170641071102
celltype_specific,CD_IC,83,Pgrmc1,1.4945906364027612
celltype_specific,CD_IC,84,Gpx4,1.492274852657737
celltype_specific,CD_IC,85,Uqcrfs1,1.4903358470643073
celltype_specific,CD_IC,86,Rpl9,1.4870017011204018
celltype_specific,CD_IC,87,Rps15a,1.483870678031776
celltype_specific,CD_IC,88,Hspa8,1.48287791842772
celltype_specific,CD_IC,89,Rps10,1.4822360886312682
celltype_specific,CD_IC,90,Cox5a,1.4816397671120058
celltype_specific,CD_IC,91,Ndufb9,1.4813437957540263
celltype_specific,CD_IC,92,Rpl30,1.4805550749794107
celltype_specific,CD_IC,93,Cyb5a,1.480278093329635
celltype_specific,CD_IC,94,Fxyd2,1.4801902938552343
celltype_specific,CD_IC,95,Usmg5,1.4801511080338352
celltype_specific,CD_IC,96,Fau,1.4799833283766473
celltype_specific,CD_IC,97,Rps12,1.4789002894657073
celltype_specific,CD_IC,98,Gatm,1.4761659948927068
celltype_specific,CD_IC,99,Uqcr10,1.4761019213831441
celltype_specific,CD_IC,100,Rpl41,1.4747481562557192
celltype_specific,CD_IC,101,Rpl23,1.4742376235358712
celltype_specific,CD_IC,102,Rps7,1.4741671158663525
celltype_specific,CD_IC,103,Rps11,1.4737545700408354
celltype_specific,CD_IC,104,Ckmt1,1.472479690395372
celltype_specific,CD_IC,105,Atp6v1c2,1.4719195386850292
celltype_specific,CD_IC,106,Rps24,1.4705617522076317
celltype_specific,CD_IC,107,Rpl21,1.4688203736245196
celltype_specific,CD_IC,108,Gnas,1.4686356149341142
celltype_specific,CD_IC,109,Atp1a1,1.4622426291335904
celltype_specific,CD_IC,110,Ndufs5,1.462096810515419
celltype_specific,CD_IC,111,Ptma,1.4619028474017433
celltype_specific,CD_IC,112,Rps9,1.4604611040732522
celltype_specific,CD_IC,113,Rps23,1.4600622755193082
celltype_specific,CD_IC,114,Rps21,1.459130796820667
celltype_specific,CD_IC,115,Ndufa5,1.4576324865025623
celltype_specific,CD_IC,116,Prdx2,1.4575774386896048
celltype_specific,CD_IC,117,Rpl13,1.4566631624325128
celltype_specific,CD_IC,118,Eif1,1.456286495985084
celltype_specific,CD_IC,119,Nudt4,1.4562030306323206
celltype_specific,CD_IC,120,Ndufa6,1.4548653955864523
celltype_specific,CD_IC,121,Rpl18,1.4544925047398312
celltype_specific,CD_IC,122,Rpl10a,1.453746343252425
celltype_specific,CD_IC,123,Cox6b1,1.4529736185143667
celltype_specific,CD_IC,124,Rps3,1.452558034335537
celltype_specific,CD_IC,125,Sdhb,1.45253319132904
celltype_specific,CD_IC,126,Rpsa,1.4518230656055546
celltype_specific,CD_IC,127,Rps3a1,1.451384649095214
celltype_specific,CD_IC,128,Ndufb7,1.4495496624210744
celltype_specific,CD_IC,129,Rpl10,1.4487506648631954
celltype_specific,CD_IC,130,Cox7c,1.4462826283400438
celltype_specific,CD_IC,131,Oxct1,1.446161675069203
celltype_specific,CD_IC,132,Cox7a2,1.4447620218704247
celltype_specific,CD_IC,133,Ndufa12,1.4405401852609123
celltype_specific,CD_IC,134,Cyc1,1.4395245486436792
celltype_specific,CD_IC,135,Ndufa11,1.4394950810847136
celltype_specific,CD_IC,136,Rps2,1.4384208891437134
celltype_specific,CD_IC,137,Rpl39,1.4377166167185211
celltype_specific,CD_IC,138,Minos1,1.4372414942192648
celltype_specific,CD_IC,139,mt-Nd4l,1.4370057314067075
celltype_specific,CD_IC,140,Prdx1,1.4358831492210378
celltype_specific,CD_IC,141,Myl6,1.4351529167476895
celltype_specific,CD_IC,142,Mpc1,1.435026713381051
celltype_specific,CD_IC,143,Rpl13a,1.4338559866998766
celltype_specific,CD_IC,144,Rpl37,1.4304238091799735
celltype_specific,CD_IC,145,Ndufb11,1.429125695068002
celltype_specific,CD_IC,146,Rpl7,1.4274859002533629
celltype_specific,CD_IC,147,Atp5j,1.4261378096975659
celltype_specific,CD_IC,148,Rpl7a,1.4257759775633694
celltype_specific,CD_IC,149,Rpl11,1.4257059167105142
celltype_specific,CD_IC,150,Ndufa4,1.4226759635511987
celltype_specific,CD_IC,151,Hint1,1.4217729917556963
celltype_specific,CD_IC,152,Rps5,1.4208959353266837
celltype_specific,CD_IC,153,Ndufb4,1.4207926536548887
celltype_specific,CD_IC,154,Rpl14,1.4203926857184526
celltype_specific,CD_IC,155,Rpl8,1.4195530278441846
celltype_specific,CD_IC,156,Rpl24,1.419193519156639
celltype_specific,CD_IC,157,Rps19,1.4185594863109672
celltype_specific,CD_IC,158,Aes,1.4181761622952507
celltype_specific,CD_IC,159,Rps26,1.4179310386735908
celltype_specific,CD_IC,160,Rpl6,1.4178893953605418
celltype_specific,CD_IC,161,Rpl27a,1.4167228017335056
celltype_specific,CD_IC,162,Ndufb5,1.414772067202656
celltype_specific,CD_IC,163,Rpl3,1.4139711706739568
celltype_specific,CD_IC,164,Sod2,1.4128331062908928
celltype_specific,CD_IC,165,Rpl19,1.4124474364876922
celltype_specific,CD_IC,166,Atp5f1,1.4123718351082082
celltype_specific,CD_IC,167,Rps8,1.4064714423384883
celltype_specific,CD_IC,168,Rps4x,1.4056193182793055
celltype_specific,CD_IC,169,Atp5k,1.4036960629732682
celltype_specific,CD_IC,170,Naca,1.40334327887651
celltype_specific,CD_IC,171,Atp5a1,1.4025773457517388
celltype_specific,CD_IC,172,Rplp2,1.4023068876252516
celltype_specific,CD_IC,173,Mdh2,1.3944226288690749
celltype_specific,CD_IC,174,Hmx2,1.3874504122866718
celltype_specific,CD_IC,175,Ndufv2,1.383704189674746
celltype_specific,CD_IC,176,Rplp1,1.3783206520806643
celltype_specific,CD_IC,177,Rps17,1.3776096997463512
celltype_specific,CD_IC,178,Ndufa2,1.377499224326272
celltype_specific,CD_IC,179,Rps15,1.3764181960903183
celltype_specific,CD_IC,180,Oaz1,1.3704649449092927
celltype_specific,CD_IC,181,Rpl35a,1.3658183196976803
celltype_specific,CD_IC,182,Rpl34,1.3654262380753568
celltype_specific,CD_IC,183,Smdt1,1.362598983295491
celltype_specific,CD_IC,184,Hspe1,1.3621982334298934
celltype_specific,CD_IC,185,Atp6v0d2,1.3568703915329314
celltype_specific,CD_IC,186,Pebp1,1.356358317295594
celltype_specific,CD_IC,187,Rpl36,1.3552608462064193
celltype_specific,CD_IC,188,Atp6ap2,1.3509153530852511
celltype_specific,CD_IC,189,Gm8730,1.3507381009147945
celltype_specific,CD_IC,190,Rpl12,1.3480665840830321
celltype_specific,CD_IC,191,Cox5b,1.3478414108254027
celltype_specific,CD_IC,192,Pfdn5,1.3467518930728404
celltype_specific,CD_IC,193,2410015M20Rik,1.3439768264792848
celltype_specific,CD_IC,194,Hexb,1.3428823714025897
celltype_specific,CD_IC,195,Rpl38,1.341937354159041
celltype_specific,CD_IC,196,Ndufs7,1.340704162508293
celltype_specific,CD_IC,197,Calm2,1.3402087545325083
celltype_specific,CD_IC,198,Calb1,1.3374123077615987
celltype_specific,CD_IC,199,Etfb,1.3373004695506954
celltype_specific,CD_IC,200,Scp2,1.3356762016151171
celltype_specific,CD_IC,201,Tceb2,1.3321622789866054
celltype_specific,CD_IC,202,Atp5h,1.3280043595008235
celltype_specific,CD_IC,203,Ndufa8,1.3255259121494098
celltype_specific,CD_IC,204,Aldh1l1,1.3251409795937041
celltype_specific,CD_IC,205,Chchd10,1.3241860430202232
celltype_specific,CD_IC,206,Rpl36al,1.3235376673596495
celltype_specific,CD_IC,207,Rpl22,1.3219236538665011
celltype_specific,CD_IC,208,Atp6v1d,1.3208464682538548
celltype_specific,CD_IC,209,Prdx5,1.320046733448481
celltype_specific,CD_IC,210,Gnb2l1,1.318463259874291
celltype_specific,CD_IC,211,Tpi1,1.3169007196607911
celltype_specific,CD_IC,212,Ndrg1,1.3129265982095877
celltype_specific,CD_IC,213,Pfn1,1.30971534918901
celltype_specific,CD_IC,214,Cox6c,1.304873822548728
celltype_specific,CD_IC,215,Ndufa1,1.3041648138669015
celltype_specific,CD_IC,216,Eef2,1.3032284201849607
celltype_specific,CD_IC,217,Ppib,1.3020387931589152
celltype_specific,CD_IC,218,Tspo,1.3006677138857752
celltype_specific,CD_IC,219,Lgals3,1.2999402069940749
celltype_specific,CD_IC,220,Ubb,1.2984613778825036
celltype_specific,CD_IC,221,Mal,1.2932563658863698
celltype_specific,CD_IC,222,Rps6,1.2922357696041704
celltype_specific,CD_IC,223,Ttc36,1.291133026078365
celltype_specific,CD_IC,224,Chchd2,1.289807522104914
celltype_specific,CD_IC,225,Uqcrc2,1.2881341490180043
celltype_specific,CD_IC,226,Ybx1,1.287281466437992
celltype_specific,CD_IC,227,Cd63,1.2872616724597936
celltype_specific,CD_IC,228,Rpl26,1.2868246634219436
celltype_specific,CD_IC,229,Rpl5,1.2848932313709622
celltype_specific,CD_IC,230,Park7,1.2831019880481904
celltype_specific,CD_IC,231,Cisd1,1.282429551310281
celltype_specific,CD_IC,232,Idh2,1.2819639460059595
celltype_specific,CD_IC,233,Suclg1,1.2773120260168833
celltype_specific,CD_IC,234,Etfa,1.2754850820426884
celltype_specific,CD_IC,235,Rps27,1.2744732657079292
celltype_specific,CD_IC,236,Ndufs2,1.2733532750589083
celltype_specific,CD_IC,237,Ndufs6,1.2731353849128957
celltype_specific,CD_IC,238,Vdac2,1.2723845318505216
celltype_specific,CD_IC,239,Rps25,1.269293766943288
celltype_specific,CD_IC,240,Ndufa7,1.265201708233723
celltype_specific,CD_IC,241,Tpt1,1.2642879458157943
celltype_specific,CD_IC,242,H2afj,1.2582006719765166
celltype_specific,CD_IC,243,Ndufc2,1.2573449063615254
celltype_specific,CD_IC,244,Eef1a1,1.25209422970237
celltype_specific,CD_IC,245,Atox1,1.2440333443190656
celltype_specific,CD_IC,246,Igfbp7,1.242932254014916
celltype_specific,CD_IC,247,Jund,1.240708313435098
celltype_specific,CD_IC,248,Vdac1,1.238610888993583
celltype_specific,CD_IC,249,Iscu,1.2372266733105326
celltype_specific,CD_IC,250,Ddx5,1.2354445003660322
celltype_specific,CD_IC,251,Rplp0,1.2320579875091509
celltype_specific,CD_IC,252,Ndufb6,1.231662644125183
celltype_specific,CD_IC,253,Ndufs3,1.2279408400439238
celltype_specific,CD_IC,254,Pam,1.227493051554064
celltype_specific,CD_IC,255,Atp6v1g1,1.223658772548156
celltype_specific,CD_IC,256,Atp5b,1.2209990963579795
celltype_specific,CD_IC,257,Pkm,1.2179449704171623
celltype_specific,CD_IC,258,Rps18,1.2163941144594161
celltype_specific,CD_IC,259,S100a10,1.2147223052308291
celltype_specific,CD_IC,260,Ppia,1.211129988618686
celltype_specific,CD_IC,261,Txnip,1.2097659913896641
celltype_specific,CD_IC,262,Sdhd,1.209028475804699
celltype_specific,CD_IC,263,Atp6v1b1,1.2088728048790949
celltype_specific,CD_IC,264,Calm1,1.207508048061745
celltype_specific,CD_IC,265,Ndufb3,1.2073525335219735
celltype_specific,CD_IC,266,Ndufa10,1.2046574917928716
celltype_specific,CD_IC,267,Esd,1.2019006776600247
celltype_specific,CD_IC,268,Gabarap,1.2000771071516403
celltype_specific,CD_IC,269,Gm42418,1.1967367727969436
celltype_specific,CD_IC,270,Xist,1.1950992567472891
celltype_specific,CD_IC,271,Aco2,1.1898986458952918
celltype_specific,CD_IC,272,Bri3,1.1892886964677891
celltype_specific,CD_IC,273,Ndufb2,1.1837479017489476
celltype_specific,CD_IC,274,Pgam1,1.1832960360570324
celltype_specific,CD_IC,275,Dynll1,1.176557057773037
celltype_specific,CD_IC,276,Ndufv1,1.172180778983746
celltype_specific,CD_IC,277,Hsp90aa1,1.1687726402003455
celltype_specific,CD_IC,278,Timm8b,1.1621336818265007
celltype_specific,CD_IC,279,Ubl5,1.1602789681966623
celltype_specific,CD_IC,280,Txn1,1.156650437093933
celltype_specific,CD_IC,281,Ndufv3,1.1510163247148952
celltype_specific,CD_IC,282,Coa3,1.1471769408286054
celltype_specific,CD_IC,283,Btf3,1.145503746468361
celltype_specific,CD_IC,284,Ech1,1.1447838354599424
celltype_specific,CD_IC,285,Shfm1,1.1425415083744166
celltype_specific,CD_IC,286,Taldo1,1.1420020666164326
celltype_specific,CD_IC,287,Edf1,1.1390486308107612
celltype_specific,CD_IC,288,Rpl36a,1.1377091191349058
celltype_specific,CD_IC,289,Mrps14,1.132549213280964
celltype_specific,CD_IC,290,Rpl35,1.1325418854876808
celltype_specific,CD_IC,291,Fbp1,1.1319685750265944
celltype_specific,CD_IC,292,Anxa5,1.1296188778968017
celltype_specific,CD_IC,293,Nedd8,1.1292071363412792
celltype_specific,CD_IC,294,Eef1b2,1.1271552201769537
celltype_specific,CD_IC,295,H2afz,1.1239600118745996
celltype_specific,CD_IC,296,Hmgb1,1.1215476487077347
celltype_specific,CD_IC,297,Eif5a,1.119396740311585
celltype_specific,CD_IC,298,Mrpl42,1.1150441651462986
celltype_specific,CD_IC,299,Ftl1,1.114340205492771
celltype_specific,CD_IC,300,Acat1,1.1130613715198343
celltype_specific,CD_IC,301,Epcam,1.110954139452553
celltype_specific,CD_IC,302,Ldhb,1.1097749902772693
celltype_specific,CD_IC,303,Bag1,1.1081934380147327
celltype_specific,CD_IC,304,Uqcrc1,1.10579738365609
celltype_specific,CD_IC,305,1110001J03Rik,1.1046542702447268
celltype_specific,CD_IC,306,Hagh,1.1041968640261828
celltype_specific,CD_IC,307,Pdzk1ip1,1.1031492576766677
celltype_specific,CD_IC,308,Cox8a,1.0977116552662884
celltype_specific,CD_IC,309,Rps27l,1.0955188578079247
celltype_specific,CD_IC,310,Ociad2,1.0954727686690726
celltype_specific,CD_IC,311,Umod,1.0944009671972228
celltype_specific,CD_IC,312,Mrps24,1.091283393290172
celltype_specific,CD_IC,313,Clcnkb,1.0903161692584415
celltype_specific,CD_IC,314,Gsta2,1.0899762758224287
celltype_specific,CD_IC,315,Rbx1,1.08676902581099
celltype_specific,CD_IC,316,Cd9,1.083851424701741
celltype_specific,CD_IC,317,Krt7,1.082375455216817
celltype_specific,CD_IC,318,Pcbd1,1.081128456931163
celltype_specific,CD_IC,319,Glo1,1.0798198649684296
celltype_specific,CD_IC,320,Ctsl,1.075037764944409
celltype_specific,CD_IC,321,Nop10,1.071875576393496
celltype_specific,CD_IC,322,Tbca,1.0713889595355681
celltype_specific,CD_IC,323,Rpl4,1.0710606945032257
celltype_specific,CD_IC,324,Dstn,1.0694110697219872
celltype_specific,CD_IC,325,Ddt,1.0688078448852718
celltype_specific,CD_IC,326,Cdc42,1.067837225046898
celltype_specific,CD_IC,327,Sumo2,1.0667225738570072
celltype_specific,CD_IC,328,mt-Nd5,1.0661168021653094
celltype_specific,CD_IC,329,Ptms,1.0615201980791888
celltype_specific,CD_IC,330,App,1.060032332100596
celltype_specific,CD_IC,331,Cox7a2l,1.0570437429939148
celltype_specific,CD_IC,332,Myl12b,1.0494365552508464
celltype_specific,CD_IC,333,Npm1,1.0460228312591509
celltype_specific,CD_IC,334,Slc26a4,1.0459579534795937
celltype_specific,CD_IC,335,Ywhae,1.0458213169438597
celltype_specific,CD_IC,336,Cdh16,1.0449900145412014
celltype_specific,CD_IC,337,Gabarapl2,1.0411534009182262
celltype_specific,CD_IC,338,Ndufs8,1.040662751539909
celltype_specific,CD_IC,339,Pck1,1.040549840969013
celltype_specific,CD_IC,340,Swi5,1.0335799031515944
celltype_specific,CD_IC,341,Eno1,1.0332153901174164
celltype_specific,CD_IC,342,Cox4i1,1.0301710271206992
celltype_specific,CD_IC,343,Hnrnpa2b1,1.0293062134682696
celltype_specific,CD_IC,344,Cfl1,1.0279635740757687
celltype_specific,CD_IC,345,Clta,1.0258660826117543
celltype_specific,CD_IC,346,Timm13,1.023974082131337
celltype_specific,CD_IC,347,Tma7,1.0200725683879712
celltype_specific,CD_IC,348,Srp14,1.0197351547844413
celltype_specific,CD_IC,349,Mrpl51,1.0192539332377264
celltype_specific,CD_IC,350,Rpl31,1.0187485165686767
celltype_specific,CD_IC,351,Sdhc,1.0177624592145749
celltype_specific,CD_IC,352,Gabarapl1,1.0157356318059114
celltype_specific,CD_IC,353,Arpc3,1.014338302053784
celltype_specific,CD_IC,354,Sec61g,1.0138661508853404
celltype_specific,CD_IC,355,Ndufs4,1.0127460485321536
celltype_specific,CD_IC,356,Atp6v0a4,1.0119775462115665
celltype_specific,CD_IC,357,Phyh,1.009457343842938
celltype_specific,CD_IC,358,Rhoa,1.00761085163971
celltype_specific,CD_IC,359,Serpinb9,1.0049103364064789
celltype_specific,CD_IC,360,Kap,1.0039826556494784
celltype_specific,CD_IC,361,Fam13a,1.0034260114499451
celltype_specific,CD_IC,362,Aif1l,0.999821474402052
celltype_specific,CD_IC,363,Higd2a,0.9973173574333135
celltype_specific,CD_IC,364,Vamp8,0.9949449843578423
celltype_specific,CD_IC,365,Rpl22l1,0.9926398795310785
celltype_specific,CD_IC,366,Tmbim6,0.9923264041303017
celltype_specific,CD_IC,367,Lamp1,0.9884908516969024
celltype_specific,CD_IC,368,Psma7,0.9866755026151286
celltype_specific,CD_IC,369,Sdha,0.9855534230982053
celltype_specific,CD_IC,370,Psmb5,0.9802429065173751
celltype_specific,CD_IC,371,Dab2,0.9799631322634517
celltype_specific,CD_IC,372,Gpi1,0.9793915643873536
celltype_specific,CD_IC,373,Mrpl12,0.9789326836738196
celltype_specific,CD_IC,374,Cox14,0.9775665864064788
celltype_specific,CD_IC,375,Mrfap1,0.9773911438435098
celltype_specific,CD_IC,376,Wnk1,0.9773511090704498
celltype_specific,CD_IC,377,Immt,0.9770088475061196
celltype_specific,CD_IC,378,Myeov2,0.9703333842108575
celltype_specific,CD_IC,379,Psmb6,0.9697518076414944
celltype_specific,CD_IC,380,Hadhb,0.9680779430562546
celltype_specific,CD_IC,381,Dcxr,0.9667204693505216
celltype_specific,CD_IC,382,Efhd1,0.9659473313070496
celltype_specific,CD_IC,383,Eps8,0.9592451483753032
celltype_specific,CD_IC,384,Fis1,0.9578297113778825
celltype_specific,CD_IC,385,Hsbp1,0.9560592897116352
celltype_specific,CD_IC,386,Ldha,0.9553193836575197
celltype_specific,CD_IC,387,D8Ertd738e,0.9552753722161534
celltype_specific,CD_IC,388,Oat,0.9549830200731493
celltype_specific,CD_IC,389,Eif3k,0.9545472397811242
celltype_specific,CD_IC,390,Sri,0.9539755602008602
celltype_specific,CD_IC,391,Tmbim4,0.9511796719507801
celltype_specific,CD_IC,392,Sec62,0.9493463608391288
celltype_specific,CD_IC,393,Uqcc2,0.9492712174467252
celltype_specific,CD_IC,394,Gm10709,0.9449300696176107
celltype_specific,CD_IC,395,Calr,0.9441975248680282
celltype_specific,CD_IC,396,Foxi1,0.9429632496868708
celltype_specific,CD_IC,397,Mien1,0.9418168968546966
celltype_specific,CD_IC,398,Rbm39,0.9417611117942442
celltype_specific,CD_IC,399,Chpt1,0.939334517516643
celltype_specific,CD_IC,400,Hint2,0.9383788213548339
celltype_specific,CD_IC,401,Eef1d,0.9364419381405563
celltype_specific,CD_IC,402,Chmp2a,0.9354978145303349
celltype_specific,CD_IC,403,Anxa4,0.929976121223863
celltype_specific,CD_IC,404,Acadl,0.9298882100452965
celltype_specific,CD_IC,405,Mcee,0.9298522636447085
celltype_specific,CD_IC,406,Rabac1,0.9269465925403779
celltype_specific,CD_IC,407,Hsp90b1,0.9252603734743892
celltype_specific,CD_IC,408,Mgst3,0.9219643856735564
celltype_specific,CD_IC,409,Ghitm,0.9210384139902944
celltype_specific,CD_IC,410,Rpl23a,0.9199741525496431
celltype_specific,CD_IC,411,Tmem27,0.9168756577141288
celltype_specific,CD_IC,412,Hibadh,0.9135843838290972
celltype_specific,CD_IC,413,Tmem59,0.9124916936782234
celltype_specific,CD_IC,414,Hnrnpk,0.910234331211967
celltype_specific,CD_IC,415,Spink1,0.9097762547684274
celltype_specific,CD_IC,416,Guca2a,0.9090915529131016
celltype_specific,CD_IC,417,Id2,0.9060990429901972
celltype_specific,CD_IC,418,Pde1a,0.9052976326223349
celltype_specific,CD_IC,419,Tmem176b,0.9044723957558851
celltype_specific,CD_IC,420,Hist1h2bc,0.9026909712292963
celltype_specific,CD_IC,421,Ckb,0.9022095932967492
celltype_specific,CD_IC,422,Aldh2,0.9001701656581717
celltype_specific,CD_IC,423,Cstb,0.8976328502113264
celltype_specific,CD_IC,424,Bola3,0.8976033379706946
celltype_specific,CD_IC,425,Acaa2,0.8942614062464255
celltype_specific,CD_IC,426,Psmb1,0.8935152559294358
celltype_specific,CD_IC,427,Sub1,0.893354346078451
celltype_specific,CD_IC,428,Txndc17,0.8926838418226116
celltype_specific,CD_IC,429,Mrps6,0.8901489838674163
celltype_specific,CD_IC,430,Eif4g2,0.8886543597867862
celltype_specific,CD_IC,431,Lamtor2,0.8882594408786488
celltype_specific,CD_IC,432,Rps28,0.8854849774875893
celltype_specific,CD_IC,433,Mrpl14,0.8823354338482567
celltype_specific,CD_IC,434,Tuba4a,0.8814744628191343
celltype_specific,CD_IC,435,Ndufa3,0.8811370715564376
celltype_specific,CD_IC,436,Ubc,0.88078661090633
celltype_specific,CD_IC,437,Ncl,0.8796623308173385
celltype_specific,CD_IC,438,Eef1g,0.8791500555125022
celltype_specific,CD_IC,439,Idh3a,0.8786710903899387
celltype_specific,CD_IC,440,Higd1a,0.8770567976363756
celltype_specific,CD_IC,441,Ndufa9,0.8768994176370333
celltype_specific,CD_IC,442,Fam162a,0.8768402144291041
celltype_specific,CD_IC,443,Ctsd,0.875605168489202
celltype_specific,CD_IC,444,Arf1,0.8744801064710491
celltype_specific,CD_IC,445,mt-Nd3,0.8725619895566434
celltype_specific,CD_IC,446,Rab14,0.8711252840860347
celltype_specific,CD_IC,447,Sec61b,0.868280949739202
celltype_specific,CD_IC,448,Map1lc3b,0.867353313663868
celltype_specific,CD_IC,449,Rhbg,0.8669704364648152
celltype_specific,CD_IC,450,Hras,0.8669472243391403
celltype_specific,CD_IC,451,Pah,0.8655054474993995
celltype_specific,CD_IC,452,Ccs,0.8650374182146779
celltype_specific,CD_IC,453,Mrps21,0.8650325255722113
celltype_specific,CD_IC,454,Acadm,0.8638930090349904
celltype_specific,CD_IC,455,Cd2ap,0.8635097297009402
celltype_specific,CD_IC,456,Eif4a2,0.8611520233824522
celltype_specific,CD_IC,457,Got1,0.8605981159349835
celltype_specific,CD_IC,458,Hspa9,0.8583344533537701
celltype_specific,CD_IC,459,Ezr,0.8579402046706281
celltype_specific,CD_IC,460,Hsd17b10,0.8546296729873948
celltype_specific,CD_IC,461,Tax1bp1,0.8540983521222719
celltype_specific,CD_IC,462,Tomm7,0.8530977173745196
celltype_specific,CD_IC,463,Plscr2,0.8526830715106836
celltype_specific,CD_IC,464,Dnajc15,0.8513680900696605
celltype_specific,CD_IC,465,Mrps33,0.8511344161250057
celltype_specific,CD_IC,466,Hspd1,0.850248088250223
celltype_specific,CD_IC,467,Cox17,0.8501585908725007
celltype_specific,CD_IC,468,Prdx6,0.849603566383373
celltype_specific,CD_IC,469,Pcbp1,0.8494144959121637
celltype_specific,CD_IC,470,Cldn8,0.8490952007243434
celltype_specific,CD_IC,471,Gstt1,0.8467357183096175
celltype_specific,CD_IC,472,Cnn3,0.8458101375909362
celltype_specific,CD_IC,473,Acot13,0.8454282433885432
celltype_specific,CD_IC,474,Psmb4,0.84379003477306
celltype_specific,CD_IC,475,Timm17a,0.8425739785413616
celltype_specific,CD_IC,476,Psma3,0.838517285370722
celltype_specific,CD_IC,477,Marc2,0.8376407427808725
celltype_specific,CD_IC,478,Ost4,0.8358872778070096
celltype_specific,CD_IC,479,Slc25a39,0.8342769058696696
celltype_specific,CD_IC,480,Ube2d3,0.834245807429882
celltype_specific,CD_IC,481,Psmb3,0.8331604897539577
celltype_specific,CD_IC,482,Car12,0.8270456808377848
celltype_specific,CD_IC,483,Romo1,0.8265683912777098
celltype_specific,CD_IC,484,Ass1,0.8259186751671451
celltype_specific,CD_IC,485,2310036O22Rik,0.824344830492056
celltype_specific,CD_IC,486,Mrpl54,0.8211893218502643
celltype_specific,CD_IC,487,Spint2,0.8192709368458604
celltype_specific,CD_IC,488,Idh3g,0.8185385484821102
celltype_specific,CD_IC,489,Dad1,0.8182641807098165
celltype_specific,CD_IC,490,Arf5,0.8169659102120127
celltype_specific,CD_IC,491,Akr7a5,0.8156664779908835
celltype_specific,CD_IC,492,Sult1d1,0.8129394888703331
celltype_specific,CD_IC,493,Glod5,0.8123185812641551
celltype_specific,CD_IC,494,Echs1,0.8119956333501098
celltype_specific,CD_IC,495,0610012G03Rik,0.8095718763583226
celltype_specific,CD_IC,496,Mme,0.8067496817771722
celltype_specific,CD_IC,497,Aurkaip1,0.8058451349529305
celltype_specific,CD_IC,498,Serinc3,0.8049471786744773
celltype_specific,CD_IC,499,Itpr2,0.8046146800542471
celltype_specific,CD_IC,500,Mrpl20,0.8046004601139275
celltype_specific,CD_PC,1,Klk1,6.209232026755752
celltype_specific,CD_PC,2,S100g,5.231646383254434
celltype_specific,CD_PC,3,Fxyd4,2.759992561084312
celltype_specific,CD_PC,4,Aqp2,2.679968390460211
celltype_specific,CD_PC,5,Calb1,2.3507936794028645
celltype_specific,CD_PC,6,Tmsb4x,2.277406716278164
celltype_specific,CD_PC,7,Malat1,2.129499865172579
celltype_specific,CD_PC,8,Fxyd2,2.1162689296762642
celltype_specific,CD_PC,9,Npy,2.114472869258599
celltype_specific,CD_PC,10,Hsd11b2,2.0921456473214284
celltype_specific,CD_PC,11,Defb1,2.061406633883629
celltype_specific,CD_PC,12,Cryab,1.9366077046380632
celltype_specific,CD_PC,13,Aqp3,1.8592169405972854
celltype_specific,CD_PC,14,Wfdc2,1.794421187754674
celltype_specific,CD_PC,15,Clu,1.7529512224352828
celltype_specific,CD_PC,16,Kl,1.7482467168586708
celltype_specific,CD_PC,17,S100a11,1.6869704629636566
celltype_specific,CD_PC,18,Igfbp7,1.6597379572896693
celltype_specific,CD_PC,19,Spp1,1.6344281468158257
celltype_specific,CD_PC,20,Atp1a1,1.5633539069990412
celltype_specific,CD_PC,21,Car2,1.5330544286126258
celltype_specific,CD_PC,22,Mt1,1.5196526766051954
celltype_specific,CD_PC,23,Cst3,1.51295847174991
celltype_specific,CD_PC,24,Tmem52b,1.4543950930309204
celltype_specific,CD_PC,25,Gpx3,1.4029399107423748
celltype_specific,CD_PC,26,Cdh16,1.4023267795346956
celltype_specific,CD_PC,27,Serinc3,1.40085023201552
celltype_specific,CD_PC,28,Atp1b1,1.3962913798462968
celltype_specific,CD_PC,29,Itm2b,1.3879133537197388
celltype_specific,CD_PC,30,Lgals3,1.3737713383119607
celltype_specific,CD_PC,31,Pdzk1ip1,1.3691223671200863
celltype_specific,CD_PC,32,Tmem213,1.3571490016216743
celltype_specific,CD_PC,33,Cd9,1.3453139161560703
celltype_specific,CD_PC,34,Npnt,1.3189551553698766
celltype_specific,CD_PC,35,Mal,1.3011576432166827
celltype_specific,CD_PC,36,S100a1,1.2883655405456016
celltype_specific,CD_PC,37,Actb,1.285403258048448
celltype_specific,CD_PC,38,Epcam,1.2797053658036464
celltype_specific,CD_PC,39,Nudt4,1.2794326387224353
celltype_specific,CD_PC,40,Xist,1.2647245997779093
celltype_specific,CD_PC,41,H3f3b,1.2483486566881892
celltype_specific,CD_PC,42,Apela,1.2450504760157
celltype_specific,CD_PC,43,H2-D1,1.226691709611697
celltype_specific,CD_PC,44,Ndrg1,1.222201441529842
celltype_specific,CD_PC,45,Aplp2,1.2139941441361308
celltype_specific,CD_PC,46,Ldhb,1.2055514254254553
celltype_specific,CD_PC,47,Kcnj1,1.2021976518493829
celltype_specific,CD_PC,48,Slc25a5,1.186781388572627
celltype_specific,CD_PC,49,Tfcp2l1,1.1855980204712968
celltype_specific,CD_PC,50,Cox7b,1.1781128748951342
celltype_specific,CD_PC,51,Atp6v0e,1.1745315800462908
celltype_specific,CD_PC,52,Uqcr10,1.1715139387209372
celltype_specific,CD_PC,53,Cdo1,1.1665702958806479
celltype_specific,CD_PC,54,Txnip,1.1502012580147412
celltype_specific,CD_PC,55,Wnk1,1.148983539350881
celltype_specific,CD_PC,56,Krt7,1.1369002169410654
celltype_specific,CD_PC,57,Oat,1.1343930647677223
celltype_specific,CD_PC,58,Cd81,1.1298116828428362
celltype_specific,CD_PC,59,Mdh1,1.1268264902175216
celltype_specific,CD_PC,60,Hist1h2bc,1.1224082588349413
celltype_specific,CD_PC,61,Tspan1,1.1135136868558246
celltype_specific,CD_PC,62,Aif1l,1.1110101335915028
celltype_specific,CD_PC,63,Cox7a2,1.1106795021122962
celltype_specific,CD_PC,64,Rpl30,1.1057441982075444
celltype_specific,CD_PC,65,Slc25a3,1.1039847120685522
celltype_specific,CD_PC,66,Rps12,1.103578591278164
celltype_specific,CD_PC,67,Rpl10,1.1031023649104146
celltype_specific,CD_PC,68,Mpc2,1.099534939028044
celltype_specific,CD_PC,69,Rps23,1.0978003819173958
celltype_specific,CD_PC,70,Gstm2,1.0976661104255303
celltype_specific,CD_PC,71,Atp5g1,1.0957623460720278
celltype_specific,CD_PC,72,Rps21,1.0920871284755513
celltype_specific,CD_PC,73,Uqcrh,1.091324393838387
celltype_specific,CD_PC,74,Rpl18a,1.0900118746442053
celltype_specific,CD_PC,75,Rps19,1.0887190763010846
celltype_specific,CD_PC,76,Chchd10,1.087099099090664
celltype_specific,CD_PC,77,Atp5f1,1.0833987183904603
celltype_specific,CD_PC,78,H3f3a,1.080870704248562
celltype_specific,CD_PC,79,Pgam2,1.0807372227611158
celltype_specific,CD_PC,80,Smdt1,1.0798032619809144
celltype_specific,CD_PC,81,Rhcg,1.0797729199593271
celltype_specific,CD_PC,82,Cox7c,1.0777991085473095
celltype_specific,CD_PC,83,Rpl21,1.0763862880512944
celltype_specific,CD_PC,84,App,1.0705735525714586
celltype_specific,CD_PC,85,Id2,1.070110624611435
celltype_specific,CD_PC,86,Rpl14,1.0697057766059443
celltype_specific,CD_PC,87,Ptma,1.069668734176504
celltype_specific,CD_PC,88,Rpl9,1.0694643278478548
celltype_specific,CD_PC,89,Cystm1,1.0655077516404003
celltype_specific,CD_PC,90,Calm1,1.0653650826941514
celltype_specific,CD_PC,91,Atp5o,1.057345894130513
celltype_specific,CD_PC,92,Ndufb8,1.0572999568364994
celltype_specific,CD_PC,93,Rps13,1.055587227255363
celltype_specific,CD_PC,94,Gpx1,1.0548689962004885
celltype_specific,CD_PC,95,Tspo,1.0545422562245326
celltype_specific,CD_PC,96,Rps3,1.05296318368738
celltype_specific,CD_PC,97,Rps5,1.0506516307563818
celltype_specific,CD_PC,98,Rps11,1.0499406267789728
celltype_specific,CD_PC,99,Rps14,1.0485244707087429
celltype_specific,CD_PC,100,Rpl37,1.0481365492794223
celltype_specific,CD_PC,101,Rpl12,1.0481297025744547
celltype_specific,CD_PC,102,Atp5c1,1.0472910104753415
celltype_specific,CD_PC,103,2010107E04Rik,1.0465262861974174
celltype_specific,CD_PC,104,Aldoa,1.0461946598978307
celltype_specific,CD_PC,105,Atp5j2,1.0457656582387045
celltype_specific,CD_PC,106,Atpif1,1.0411578843143277
celltype_specific,CD_PC,107,Atp5j,1.039734764501438
celltype_specific,CD_PC,108,Scnn1b,1.0389629009243169
celltype_specific,CD_PC,109,Rps15a,1.0374984082873921
celltype_specific,CD_PC,110,Kcne1,1.0361633593375479
celltype_specific,CD_PC,111,Tspan8,1.035964483039834
celltype_specific,CD_PC,112,Ndufa5,1.0358216677964704
celltype_specific,CD_PC,113,Uqcr11,1.0356317741415988
celltype_specific,CD_PC,114,Cldn8,1.0349105293661613
celltype_specific,CD_PC,115,Rps27,1.0348356837622843
celltype_specific,CD_PC,116,Aes,1.0340479615779303
celltype_specific,CD_PC,117,Mif,1.0332682272160385
celltype_specific,CD_PC,118,Atp6v1f,1.0328878254584133
celltype_specific,CD_PC,119,Ndufa12,1.0322153561410146
celltype_specific,CD_PC,120,Rplp2,1.0312175220405382
celltype_specific,CD_PC,121,Rpl13a,1.0304018863667006
celltype_specific,CD_PC,122,Atp5g3,1.0292150071346178
celltype_specific,CD_PC,123,Ndufb9,1.0289014046395613
celltype_specific,CD_PC,124,Rpl8,1.0288535362236337
celltype_specific,CD_PC,125,Spint2,1.0288453728446338
celltype_specific,CD_PC,126,Rps24,1.0283838639666227
celltype_specific,CD_PC,127,Rps7,1.0281303603262824
celltype_specific,CD_PC,128,Hsp90ab1,1.0279907343600192
celltype_specific,CD_PC,129,Rpl39,1.0265423929245565
celltype_specific,CD_PC,130,Atp5l,1.026533146946908
celltype_specific,CD_PC,131,Tacstd2,1.0261866861198916
celltype_specific,CD_PC,132,Rpl17,1.0261806294193432
celltype_specific,CD_PC,133,Prdx1,1.025133083559294
celltype_specific,CD_PC,134,Ndufa6,1.0237081204027594
celltype_specific,CD_PC,135,Ndufb11,1.0235216501003714
celltype_specific,CD_PC,136,Uqcrq,1.0232532241543324
celltype_specific,CD_PC,137,Chpt1,1.0217148222150647
celltype_specific,CD_PC,138,Eif1,1.0214063693784456
celltype_specific,CD_PC,139,Cav2,1.021374681423403
celltype_specific,CD_PC,140,Atp5h,1.0213454512598874
celltype_specific,CD_PC,141,Neat1,1.0213385752954967
celltype_specific,CD_PC,142,Cox6a1,1.021273063447537
celltype_specific,CD_PC,143,Rpl35a,1.021081472746135
celltype_specific,CD_PC,144,Ptms,1.020051014389082
celltype_specific,CD_PC,145,Uqcrb,1.0199429300807465
celltype_specific,CD_PC,146,Cycs,1.0197593857206526
celltype_specific,CD_PC,147,Rpl28,1.0191533352933246
celltype_specific,CD_PC,148,Rps26,1.0191262995865293
celltype_specific,CD_PC,149,Rpl34,1.0190094374513123
celltype_specific,CD_PC,150,Serf2,1.0177906654482263
celltype_specific,CD_PC,151,Rpl36,1.0175617689825773
celltype_specific,CD_PC,152,Rps6,1.0173212857854446
celltype_specific,CD_PC,153,Cox5b,1.0162616850431447
celltype_specific,CD_PC,154,Tmbim6,1.0152457978787153
celltype_specific,CD_PC,155,Cox5a,1.0146459797084733
celltype_specific,CD_PC,156,Rps16,1.014104855940646
celltype_specific,CD_PC,157,Rpl24,1.0140760061496286
celltype_specific,CD_PC,158,Atp5e,1.0137859867494607
celltype_specific,CD_PC,159,Dbi,1.0136063924114633
celltype_specific,CD_PC,160,Atp5g2,1.013153632100911
celltype_specific,CD_PC,161,Rps20,1.0119026162137463
celltype_specific,CD_PC,162,Myl12b,1.0102145815855705
celltype_specific,CD_PC,163,Jund,1.009863322213192
celltype_specific,CD_PC,164,Sdc4,1.0097198925219468
celltype_specific,CD_PC,165,Ndufb10,1.0094447661680548
celltype_specific,CD_PC,166,Rpsa,1.0094311897958113
celltype_specific,CD_PC,167,Oaz1,1.0091450326394715
celltype_specific,CD_PC,168,Rpl32,1.0086451646579877
celltype_specific,CD_PC,169,Ndufs5,1.0076581858034217
celltype_specific,CD_PC,170,Ndufa13,1.006882108869397
celltype_specific,CD_PC,171,Rps15,1.005187578649329
celltype_specific,CD_PC,172,Rps4x,1.003795590862446
celltype_specific,CD_PC,173,Rpl36al,1.0034959158527086
celltype_specific,CD_PC,174,Ndufc1,1.003353188387614
celltype_specific,CD_PC,175,Gm8730,1.0026617589641509
celltype_specific,CD_PC,176,Hsp90b1,1.0009857499588026
celltype_specific,CD_PC,177,Slc25a4,1.0008322550260667
celltype_specific,CD_PC,178,Rpl10a,1.0004068230165388
celltype_specific,CD_PC,179,Oxct1,1.000126312928826
celltype_specific,CD_PC,180,Calm2,0.9997007931410294
celltype_specific,CD_PC,181,Rpl3,0.9995935280965365
celltype_specific,CD_PC,182,Myl6,0.9991396559279123
celltype_specific,CD_PC,183,Hspa8,0.9982163163182377
celltype_specific,CD_PC,184,Ivns1abp,0.997827985256996
celltype_specific,CD_PC,185,Aldh2,0.9978007301045287
celltype_specific,CD_PC,186,Gng5,0.9960151591899868
celltype_specific,CD_PC,187,Naca,0.995609740625749
celltype_specific,CD_PC,188,Rps10,0.9944522963731424
celltype_specific,CD_PC,189,Pfdn5,0.9937347968038411
celltype_specific,CD_PC,190,Cd63,0.9928824112947927
celltype_specific,CD_PC,191,Tpi1,0.9917949263224323
celltype_specific,CD_PC,192,Rpl18,0.9916861105285235
celltype_specific,CD_PC,193,Rps3a1,0.9915984492973994
celltype_specific,CD_PC,194,Atp5b,0.9913704598738614
celltype_specific,CD_PC,195,Rps25,0.989479511147606
celltype_specific,CD_PC,196,Miox,0.987864946930429
celltype_specific,CD_PC,197,2410015M20Rik,0.9875002282234989
celltype_specific,CD_PC,198,Hsp90aa1,0.986673854341443
celltype_specific,CD_PC,199,Ndufb5,0.9855944742292366
celltype_specific,CD_PC,200,Rpl27a,0.9844047275737057
celltype_specific,CD_PC,201,Pfn1,0.9834627789710421
celltype_specific,CD_PC,202,Usmg5,0.9829123799661433
celltype_specific,CD_PC,203,Rps2,0.9826685904542186
celltype_specific,CD_PC,204,Rpl19,0.9825681721146932
celltype_specific,CD_PC,205,Hoxd8,0.9805635212708983
celltype_specific,CD_PC,206,Cox6b1,0.9802115011535235
celltype_specific,CD_PC,207,Rpl22,0.9799410563073017
celltype_specific,CD_PC,208,Gnas,0.979801635156999
celltype_specific,CD_PC,209,Tceb2,0.9797496119030141
celltype_specific,CD_PC,210,Pkm,0.9795872513651276
celltype_specific,CD_PC,211,Ctnna1,0.978885639662482
celltype_specific,CD_PC,212,Rpl7a,0.9783374936331496
celltype_specific,CD_PC,213,Gapdh,0.9782958282148849
celltype_specific,CD_PC,214,Bsg,0.9778940963379374
celltype_specific,CD_PC,215,Rpl6,0.9767509306837249
celltype_specific,CD_PC,216,Ndufa2,0.9761820982423748
celltype_specific,CD_PC,217,Sh3bgrl3,0.9745047725629944
celltype_specific,CD_PC,218,Rpl37a,0.9739011799271932
celltype_specific,CD_PC,219,Gnb2l1,0.9738059112461049
celltype_specific,CD_PC,220,Rpl26,0.9722978513284246
celltype_specific,CD_PC,221,Txn1,0.9701057353618618
celltype_specific,CD_PC,222,Adgrg1,0.9687814538796591
celltype_specific,CD_PC,223,Rps8,0.9687456696054051
celltype_specific,CD_PC,224,Ybx1,0.9682303233891868
celltype_specific,CD_PC,225,Atp5d,0.9672625094566455
celltype_specific,CD_PC,226,Rpl38,0.9668824880715184
celltype_specific,CD_PC,227,Rhbg,0.9655309368071369
celltype_specific,CD_PC,228,Atp6v1a,0.9651117955735409
celltype_specific,CD_PC,229,Rps17,0.9649207608011745
celltype_specific,CD_PC,230,Gstt1,0.9646101427672579
celltype_specific,CD_PC,231,Atp5k,0.9643538887411613
celltype_specific,CD_PC,232,Krt18,0.9624868742228697
celltype_specific,CD_PC,233,Gpx4,0.961701843905426
celltype_specific,CD_PC,234,Ctsd,0.9604121178017138
celltype_specific,CD_PC,235,Spink8,0.9601528207956316
celltype_specific,CD_PC,236,Rpl41,0.958636773055489
celltype_specific,CD_PC,237,Etfb,0.9580033943271362
celltype_specific,CD_PC,238,Rpl7,0.9574754080402086
celltype_specific,CD_PC,239,Dstn,0.956404717976615
celltype_specific,CD_PC,240,Ndufab1,0.9529260944428631
celltype_specific,CD_PC,241,Ndufa11,0.9523583153407389
celltype_specific,CD_PC,242,Rps29,0.9514199949065196
celltype_specific,CD_PC,243,Tmem59,0.9502731133055938
celltype_specific,CD_PC,244,Mgst1,0.9500391549597765
celltype_specific,CD_PC,245,Bri3,0.9497203150280141
celltype_specific,CD_PC,246,Uqcrfs1,0.9494319926743768
celltype_specific,CD_PC,247,H2afj,0.9492830914710421
celltype_specific,CD_PC,248,Ubl5,0.9490348545268307
celltype_specific,CD_PC,249,Cnn3,0.9483597226019446
celltype_specific,CD_PC,250,Rpl13,0.9469976086858821
celltype_specific,CD_PC,251,Actg1,0.9468871251048657
celltype_specific,CD_PC,252,Ndufb7,0.9463689114651995
celltype_specific,CD_PC,253,Rps18,0.9462093013130692
celltype_specific,CD_PC,254,Tmem229a,0.9449276946992224
celltype_specific,CD_PC,255,Laptm4a,0.9437091714012315
celltype_specific,CD_PC,256,Rpl11,0.9436001215319392
celltype_specific,CD_PC,257,Gabarap,0.94149396974997
celltype_specific,CD_PC,258,Rabac1,0.9412387105442533
celltype_specific,CD_PC,259,Minos1,0.9388869259067144
celltype_specific,CD_PC,260,Myl12a,0.9379517947495956
celltype_specific,CD_PC,261,Park7,0.9359146366869158
celltype_specific,CD_PC,262,Cox6c,0.9355548335630393
celltype_specific,CD_PC,263,Eef2,0.9333326096502726
celltype_specific,CD_PC,264,Ndufa4,0.9322563602963208
celltype_specific,CD_PC,265,Atp5a1,0.9303350110296321
celltype_specific,CD_PC,266,Rpl5,0.9300453427425396
celltype_specific,CD_PC,267,Hint1,0.9290569594356723
celltype_specific,CD_PC,268,Ppib,0.9271854682256712
celltype_specific,CD_PC,269,Arhgap24,0.9271524782263079
celltype_specific,CD_PC,270,Aldob,0.9255069721693732
celltype_specific,CD_PC,271,Sod2,0.9253759192140311
celltype_specific,CD_PC,272,Vdac2,0.9237018998494427
celltype_specific,CD_PC,273,Hif1a,0.9217461707608011
celltype_specific,CD_PC,274,Rpl36a,0.9198023209978727
celltype_specific,CD_PC,275,Coa3,0.9196024498797789
celltype_specific,CD_PC,276,Rps9,0.9190148914077481
celltype_specific,CD_PC,277,Pebp1,0.9186248047811302
celltype_specific,CD_PC,278,Eno1,0.9173312456930129
celltype_specific,CD_PC,279,Hnrnpa2b1,0.917012669096057
celltype_specific,CD_PC,280,Ddx5,0.916628375835181
celltype_specific,CD_PC,281,Hist1h1c,0.9133615758937934
celltype_specific,CD_PC,282,Vamp8,0.9132303912710481
celltype_specific,CD_PC,283,Csrp2,0.9125557860157748
celltype_specific,CD_PC,284,Calr,0.9122922756527895
celltype_specific,CD_PC,285,Shfm1,0.9111911557893396
celltype_specific,CD_PC,286,Idh2,0.9106892981670961
celltype_specific,CD_PC,287,Sumo2,0.9093785930571369
celltype_specific,CD_PC,288,Atox1,0.9090372233697118
celltype_specific,CD_PC,289,Gm42418,0.9071352731004314
celltype_specific,CD_PC,290,Ndufa7,0.9071059844180699
celltype_specific,CD_PC,291,Fam162a,0.9070668938290238
celltype_specific,CD_PC,292,Fau,0.9069048258853667
celltype_specific,CD_PC,293,Sec62,0.9060921161538231
celltype_specific,CD_PC,294,Tbck,0.9058410703050096
celltype_specific,CD_PC,295,Akr1a1,0.9049340720830462
celltype_specific,CD_PC,296,Psap,0.904878610846866
celltype_specific,CD_PC,297,Mpc1,0.9048516629183395
celltype_specific,CD_PC,298,Cyc1,0.9045934924000405
celltype_specific,CD_PC,299,H1f0,0.9041616525768891
celltype_specific,CD_PC,300,Hmgb1,0.9033577060425155
celltype_specific,CD_PC,301,Prdx2,0.9032570243681837
celltype_specific,CD_PC,302,Ldha,0.901370025664025
celltype_specific,CD_PC,303,mt-Nd4l,0.900691528905501
celltype_specific,CD_PC,304,H2afz,0.9002556073928496
celltype_specific,CD_PC,305,Mdh2,0.896450273142565
celltype_specific,CD_PC,306,Chchd2,0.8962311054350431
celltype_specific,CD_PC,307,Ndufc2,0.895053852553107
celltype_specific,CD_PC,308,Ahnak,0.8942451367327945
celltype_specific,CD_PC,309,Atp6v1e1,0.8940768950508974
celltype_specific,CD_PC,310,Dynll1,0.8924933458220353
celltype_specific,CD_PC,311,Cdc42,0.8870892035538261
celltype_specific,CD_PC,312,Ndufb4,0.8869908918927523
celltype_specific,CD_PC,313,Cyb5a,0.8867027158362296
celltype_specific,CD_PC,314,Rbm39,0.8866738806749236
celltype_specific,CD_PC,315,Rps27a,0.8864666508119607
celltype_specific,CD_PC,316,Eef1b2,0.8842083500307107
celltype_specific,CD_PC,317,Btf3,0.8840448776347525
celltype_specific,CD_PC,318,Rpl22l1,0.882400278619929
celltype_specific,CD_PC,319,Rplp0,0.8819997610090334
celltype_specific,CD_PC,320,Tmem176b,0.8816454001378236
celltype_specific,CD_PC,321,Npm1,0.8809118664047519
celltype_specific,CD_PC,322,Ywhae,0.8791550428732472
celltype_specific,CD_PC,323,Ndufa1,0.8761180610693312
celltype_specific,CD_PC,324,Taldo1,0.8741228025002996
celltype_specific,CD_PC,325,H2-K1,0.8736026431090079
celltype_specific,CD_PC,326,Rpl23,0.8715768815915628
celltype_specific,CD_PC,327,Ndufv2,0.8699345648117285
celltype_specific,CD_PC,328,Ndufa8,0.8682965345373547
celltype_specific,CD_PC,329,Rpl31,0.866242859530426
celltype_specific,CD_PC,330,Edf1,0.8653914395823347
celltype_specific,CD_PC,331,Cd2ap,0.865319944182384
celltype_specific,CD_PC,332,Bag1,0.8627075312350192
celltype_specific,CD_PC,333,Ppia,0.862208365479686
celltype_specific,CD_PC,334,Scnn1a,0.860558236433927
celltype_specific,CD_PC,335,Eif4a2,0.854155777284763
celltype_specific,CD_PC,336,Esd,0.854022266537894
celltype_specific,CD_PC,337,Gls,0.8535197944677687
celltype_specific,CD_PC,338,Rhoa,0.8534816255505453
celltype_specific,CD_PC,339,Tma7,0.8533929402396183
celltype_specific,CD_PC,340,Rpl35,0.8530896809505708
celltype_specific,CD_PC,341,Ndufb3,0.8527282246692983
celltype_specific,CD_PC,342,Scp2,0.8526823751535535
celltype_specific,CD_PC,343,Prdx5,0.8526400660279841
celltype_specific,CD_PC,344,Nedd8,0.8516149328859061
celltype_specific,CD_PC,345,Rpl4,0.8515228242224953
celltype_specific,CD_PC,346,Atp6v0b,0.8514345631732008
celltype_specific,CD_PC,347,Ftl1,0.850296971439058
celltype_specific,CD_PC,348,Ndufs6,0.8496789246483252
celltype_specific,CD_PC,349,Eef1a1,0.844886787100012
celltype_specific,CD_PC,350,Cisd1,0.844110007939837
celltype_specific,CD_PC,351,Ubc,0.8433174579506981
celltype_specific,CD_PC,352,Fis1,0.8412655092497229
celltype_specific,CD_PC,353,Hes1,0.8411357729684129
celltype_specific,CD_PC,354,Gabarapl2,0.8404946258632701
celltype_specific,CD_PC,355,Rbx1,0.8372472980678481
celltype_specific,CD_PC,356,Vdac1,0.8350829492936541
celltype_specific,CD_PC,357,Cdkl1,0.8350199391263557
celltype_specific,CD_PC,358,Hnrnpk,0.8336463262570785
celltype_specific,CD_PC,359,Col4a4,0.8301102372166752
celltype_specific,CD_PC,360,Tmem176a,0.829057234474248
celltype_specific,CD_PC,361,Dad1,0.8286664456214795
celltype_specific,CD_PC,362,Kng2,0.8279991698516523
celltype_specific,CD_PC,363,1110001J03Rik,0.8276167345641329
celltype_specific,CD_PC,364,Lamp1,0.8275877092165778
celltype_specific,CD_PC,365,Ezr,0.8271894445812485
celltype_specific,CD_PC,366,Scand1,0.8269108363560268
celltype_specific,CD_PC,367,Scnn1g,0.8251147174195155
celltype_specific,CD_PC,368,Tax1bp1,0.8247002576935897
celltype_specific,CD_PC,369,Sri,0.8246161222229297
celltype_specific,CD_PC,370,Pgam1,0.8241566029856783
celltype_specific,CD_PC,371,Gnb2,0.8227220427384199
celltype_specific,CD_PC,372,Morf4l1,0.8226616512894744
celltype_specific,CD_PC,373,Ndufs7,0.8221297149804501
celltype_specific,CD_PC,374,Cav1,0.8213614503123502
celltype_specific,CD_PC,375,Cited2,0.8209353014469604
celltype_specific,CD_PC,376,Sdhb,0.8205788631567219
celltype_specific,CD_PC,377,Psma7,0.8180519169837608
celltype_specific,CD_PC,378,Krt8,0.8163597128878161
celltype_specific,CD_PC,379,Clta,0.8152129336948706
celltype_specific,CD_PC,380,Clcnkb,0.8147440807017018
celltype_specific,CD_PC,381,Cd24a,0.8138989954186766
celltype_specific,CD_PC,382,Ncl,0.813263905014082
celltype_specific,CD_PC,383,Wwc1,0.8130425574795511
celltype_specific,CD_PC,384,Rplp1,0.8114207954443312
celltype_specific,CD_PC,385,Btg1,0.8103852605773985
celltype_specific,CD_PC,386,Adh1,0.8094452138372259
celltype_specific,CD_PC,387,Rps27l,0.8081399802393561
celltype_specific,CD_PC,388,Calm3,0.8080150132439852
celltype_specific,CD_PC,389,Hrsp12,0.8079814526858746
celltype_specific,CD_PC,390,Psmb5,0.8076874832636101
celltype_specific,CD_PC,391,Ucp2,0.8076797441462428
celltype_specific,CD_PC,392,Sec61g,0.8075395329915208
celltype_specific,CD_PC,393,Wbp5,0.8058441688778988
celltype_specific,CD_PC,394,Ndufs2,0.8045917046492989
celltype_specific,CD_PC,395,Ech1,0.8042346519111787
celltype_specific,CD_PC,396,Kcnj16,0.8040693069121524
celltype_specific,CD_PC,397,Cox4i1,0.8039610470472794
celltype_specific,CD_PC,398,Ndufb6,0.8025540784358521
celltype_specific,CD_PC,399,Chmp2a,0.8024593364243768
celltype_specific,CD_PC,400,Aco2,0.8017527067306972
celltype_specific,CD_PC,401,Ubb,0.8011957975041947
celltype_specific,CD_PC,402,Scd2,0.7991557866477783
celltype_specific,CD_PC,403,Iqgap1,0.7956381310438264
celltype_specific,CD_PC,404,Id3,0.7929287084797084
celltype_specific,CD_PC,405,Lamtor2,0.7917666704977004
celltype_specific,CD_PC,406,Gm10709,0.7905637424721357
celltype_specific,CD_PC,407,Rsrp1,0.7899983041238465
celltype_specific,CD_PC,408,Atp6v1g1,0.7896407539755363
celltype_specific,CD_PC,409,Gpi1,0.7872261932460826
celltype_specific,CD_PC,410,Suclg1,0.7869429181429021
celltype_specific,CD_PC,411,Pea15a,0.7868036579194256
celltype_specific,CD_PC,412,Akr1b3,0.7859636637759917
celltype_specific,CD_PC,413,Eif4g2,0.785844782740592
celltype_specific,CD_PC,414,Glo1,0.7856945794929365
celltype_specific,CD_PC,415,Ndufb2,0.7856036119470203
celltype_specific,CD_PC,416,Tpt1,0.7851132971671261
celltype_specific,CD_PC,417,Dnaja1,0.7843529325432197
celltype_specific,CD_PC,418,Prkar1a,0.7840927284950263
celltype_specific,CD_PC,419,Aqp4,0.7837551332731604
celltype_specific,CD_PC,420,Hspe1,0.7836422504194631
celltype_specific,CD_PC,421,Bcam,0.7828377186966308
celltype_specific,CD_PC,422,Cfl1,0.7826104753883779
celltype_specific,CD_PC,423,Cox7a2l,0.7813812431415913
celltype_specific,CD_PC,424,Cldn7,0.7790427130226435
celltype_specific,CD_PC,425,Pgp,0.7778897308320349
celltype_specific,CD_PC,426,Arf1,0.7776799261398535
celltype_specific,CD_PC,427,Iscu,0.7747133278778164
celltype_specific,CD_PC,428,Cog7,0.7746654887213117
celltype_specific,CD_PC,429,Mrps14,0.7736186889765475
celltype_specific,CD_PC,430,Mal2,0.7703382395143591
celltype_specific,CD_PC,431,Mrpl42,0.7700642542779617
celltype_specific,CD_PC,432,Arf5,0.7699996055829788
celltype_specific,CD_PC,433,Rtn3,0.7699408380320065
celltype_specific,CD_PC,434,Uqcrc2,0.7686465620880273
celltype_specific,CD_PC,435,Timm8b,0.7667162009190736
celltype_specific,CD_PC,436,Tbca,0.7656407561992524
celltype_specific,CD_PC,437,Ost4,0.7644737294856334
celltype_specific,CD_PC,438,Timm13,0.7638647823754344
celltype_specific,CD_PC,439,Psmb6,0.7636068166730959
celltype_specific,CD_PC,440,Tomm7,0.7635733585229656
celltype_specific,CD_PC,441,Avpr2,0.7635170341338087
celltype_specific,CD_PC,442,Sec61b,0.7631800826192474
celltype_specific,CD_PC,443,D8Ertd738e,0.7621830385231904
celltype_specific,CD_PC,444,Nop10,0.760527876856686
celltype_specific,CD_PC,445,Umod,0.7603577479420093
celltype_specific,CD_PC,446,Eif3k,0.7599226018040658
celltype_specific,CD_PC,447,Cdh1,0.758091956748487
celltype_specific,CD_PC,448,Tpd52l1,0.7579370719931613
celltype_specific,CD_PC,449,Ndufv3,0.7572179046367524
celltype_specific,CD_PC,450,Rps28,0.7569719791869532
celltype_specific,CD_PC,451,Anxa5,0.7564555796315092
celltype_specific,CD_PC,452,Gipc2,0.7562722986062216
celltype_specific,CD_PC,453,Atxn7l3b,0.7562314963409336
celltype_specific,CD_PC,454,Cox8a,0.7560922800065916
celltype_specific,CD_PC,455,Psmb3,0.7548677000080521
celltype_specific,CD_PC,456,Ndufs3,0.7544538986191425
celltype_specific,CD_PC,457,Serbp1,0.7536758613037812
celltype_specific,CD_PC,458,Uqcrc1,0.7535392636877921
celltype_specific,CD_PC,459,Syne2,0.752741783485888
celltype_specific,CD_PC,460,Gabarapl1,0.7513070769415149
celltype_specific,CD_PC,461,Hoxd9,0.7510697245026366
celltype_specific,CD_PC,462,Mgst3,0.749309038727304
celltype_specific,CD_PC,463,Crip2,0.7491483167171021
celltype_specific,CD_PC,464,Plscr2,0.7487457948357352
celltype_specific,CD_PC,465,Col18a1,0.746662362995678
celltype_specific,CD_PC,466,Sepw1,0.7455507097399703
celltype_specific,CD_PC,467,Sub1,0.7454927468231289
celltype_specific,CD_PC,468,Ndufa3,0.7450603803303646
celltype_specific,CD_PC,469,Arpc3,0.7442857517377757
celltype_specific,CD_PC,470,Sdha,0.7430665408433456
celltype_specific,CD_PC,471,Ifitm2,0.74240087434178
celltype_specific,CD_PC,472,Snrpd2,0.742376808466413
celltype_specific,CD_PC,473,Ddt,0.7410621094452227
celltype_specific,CD_PC,474,Srrm2,0.740180698588619
celltype_specific,CD_PC,475,Chmp5,0.7391895795257071
celltype_specific,CD_PC,476,Eef1d,0.7376243320658932
celltype_specific,CD_PC,477,Acat1,0.7368935340888663
celltype_specific,CD_PC,478,Mrfap1,0.7365335846678751
celltype_specific,CD_PC,479,Stx7,0.7354766172736398
celltype_specific,CD_PC,480,Hint2,0.7350159569188938
celltype_specific,CD_PC,481,Anxa11,0.729639786659014
celltype_specific,CD_PC,482,Ccnd1,0.7288935397066755
celltype_specific,CD_PC,483,Ywhaq,0.7288007288171141
celltype_specific,CD_PC,484,Rpl23a,0.7283336606487446
celltype_specific,CD_PC,485,Ptp4a2,0.7280339563795841
celltype_specific,CD_PC,486,Hsbp1,0.7272820623586185
celltype_specific,CD_PC,487,1810037I17Rik,0.7238270365494667
celltype_specific,CD_PC,488,Eef1g,0.7235356565861323
celltype_specific,CD_PC,489,Arpc2,0.7232709173273835
celltype_specific,CD_PC,490,Wls,0.7226814423631501
celltype_specific,CD_PC,491,Psmb1,0.7223027815411898
celltype_specific,CD_PC,492,Higd2a,0.7199522989479716
celltype_specific,CD_PC,493,Arl6ip1,0.7191962793483716
celltype_specific,CD_PC,494,Rnf186,0.7179192518342147
celltype_specific,CD_PC,495,Kif5b,0.7178240270422609
celltype_specific,CD_PC,496,1110008P14Rik,0.715243594644168
celltype_specific,CD_PC,497,Eif3f,0.713097108747678
celltype_specific,CD_PC,498,Swi5,0.7126608800110859
celltype_specific,CD_PC,499,Erdr1,0.7125196301468495
celltype_specific,CD_PC,500,Eif5a,0.7112570714173359
celltype_specific,CNT,1,Klk1,5.512648404582163
celltype_specific,CNT,2,S100g,3.0380672840589886
celltype_specific,CNT,3,Tmsb4x,2.9118779557474546
celltype_specific,CNT,4,Malat1,2.8242626404494384
celltype_specific,CNT,5,Fxyd2,2.3089481653792134
celltype_specific,CNT,6,Spp1,2.2523596602879215
celltype_specific,CNT,7,Calb1,2.187968530547753
celltype_specific,CNT,8,Atp1a1,2.0987807370303724
celltype_specific,CNT,9,Clu,2.061297058791257
celltype_specific,CNT,10,Wfdc2,1.9718596383426967
celltype_specific,CNT,11,Wnk1,1.9210498595505618
celltype_specific,CNT,12,Atp1b1,1.8783512415510886
celltype_specific,CNT,13,Itm2b,1.8357176362798455
celltype_specific,CNT,14,Pgam2,1.7565268527255968
celltype_specific,CNT,15,Igfbp7,1.6670441702510534
celltype_specific,CNT,16,Hsd11b2,1.6470341028792135
celltype_specific,CNT,17,Mt1,1.6099871346120085
celltype_specific,CNT,18,Kl,1.5485914251777564
celltype_specific,CNT,19,Defb1,1.5279442262113765
celltype_specific,CNT,20,Gpx3,1.5171706296084972
celltype_specific,CNT,21,Actb,1.5126457985867274
celltype_specific,CNT,22,Id2,1.4883490401707338
celltype_specific,CNT,23,Cdo1,1.484614134370611
celltype_specific,CNT,24,Cystm1,1.4694034876448385
celltype_specific,CNT,25,Cst3,1.4688261224982444
celltype_specific,CNT,26,Dbi,1.4681590905350246
celltype_specific,CNT,27,Ndrg1,1.463279158345769
celltype_specific,CNT,28,Lgals3,1.4548628903506846
celltype_specific,CNT,29,H3f3a,1.4369911451018258
celltype_specific,CNT,30,Rps24,1.431246091006847
celltype_specific,CNT,31,Ndufb7,1.4273257823472612
celltype_specific,CNT,32,Atp5k,1.424723147274403
celltype_specific,CNT,33,Gpx1,1.423613301823648
celltype_specific,CNT,34,Ndufb10,1.4234325623244382
celltype_specific,CNT,35,Cox6a1,1.422236204683111
celltype_specific,CNT,36,Tmem52b,1.4205322951413273
celltype_specific,CNT,37,Rps4x,1.4184719814343398
celltype_specific,CNT,38,Myl6,1.4156690276070927
celltype_specific,CNT,39,Rpl10,1.4156073752413976
celltype_specific,CNT,40,Mpc2,1.4131850339053722
celltype_specific,CNT,41,Ndufs5,1.4091283219583919
celltype_specific,CNT,42,Usmg5,1.4085901153221558
celltype_specific,CNT,43,Rps12,1.4075975739554074
celltype_specific,CNT,44,H3f3b,1.406996892007549
celltype_specific,CNT,45,Atp5g2,1.404174530372191
celltype_specific,CNT,46,Ndufab1,1.3997514703300562
celltype_specific,CNT,47,Atp6v1e1,1.3996092721317592
celltype_specific,CNT,48,Hspa8,1.3977535290664502
celltype_specific,CNT,49,Rpl24,1.39664779834533
celltype_specific,CNT,50,Mal,1.3955134016744206
celltype_specific,CNT,51,Rps14,1.3954514407040028
celltype_specific,CNT,52,Sod2,1.3948539476716117
celltype_specific,CNT,53,Atp5g3,1.3940781496883778
celltype_specific,CNT,54,Mpc1,1.392294825864642
celltype_specific,CNT,55,Rpl27a,1.3918184087517556
celltype_specific,CNT,56,Aqp2,1.3898663124341644
celltype_specific,CNT,57,Mif,1.3886366940616222
celltype_specific,CNT,58,Ndufa5,1.3879360241836376
celltype_specific,CNT,59,Rps7,1.387427477890186
celltype_specific,CNT,60,Rpl18,1.3864401828037218
celltype_specific,CNT,61,Rpl21,1.3863246274798104
celltype_specific,CNT,62,Rpl13a,1.3862969902124298
celltype_specific,CNT,63,Cox7b,1.3862620150105338
celltype_specific,CNT,64,Uqcr11,1.3825596498639396
celltype_specific,CNT,65,Atp6v0e,1.3816904818074087
celltype_specific,CNT,66,Rpl10a,1.3799455278375174
celltype_specific,CNT,67,Rps15a,1.379660171337342
celltype_specific,CNT,68,Ndufc1,1.379273832514045
celltype_specific,CNT,69,Nudt4,1.3764095692152387
celltype_specific,CNT,70,Mdh2,1.3762402823801791
celltype_specific,CNT,71,Rpsa,1.3747911774710324
celltype_specific,CNT,72,Gng5,1.3747394690352879
celltype_specific,CNT,73,Rplp2,1.3737404126799508
celltype_specific,CNT,74,Rpl28,1.3730551730380969
celltype_specific,CNT,75,Rpl7,1.372437072068118
celltype_specific,CNT,76,Rpl36al,1.3721529842762465
celltype_specific,CNT,77,Ndufa13,1.3701666328344453
celltype_specific,CNT,78,Ndufb11,1.3692310804731391
celltype_specific,CNT,79,Cycs,1.3680838252721208
celltype_specific,CNT,80,Rps20,1.3663528270935745
celltype_specific,CNT,81,2010107E04Rik,1.3661226079705056
celltype_specific,CNT,82,Rpl3,1.364621383152651
celltype_specific,CNT,83,Ndufa12,1.3644604629345154
celltype_specific,CNT,84,Slc25a4,1.3610364935371313
celltype_specific,CNT,85,Aes,1.3597995029406602
celltype_specific,CNT,86,Rps3a1,1.3593939963351476
celltype_specific,CNT,87,Smdt1,1.358973642413536
celltype_specific,CNT,88,Sdhb,1.3575359901685393
celltype_specific,CNT,89,Actg1,1.3573016563158358
celltype_specific,CNT,90,Rps29,1.357076169131847
celltype_specific,CNT,91,Rpl35a,1.356997440638167
celltype_specific,CNT,92,Ndufa11,1.356618405459972
celltype_specific,CNT,93,Rps17,1.354185194379828
celltype_specific,CNT,94,Ptma,1.3527618408203126
celltype_specific,CNT,95,Rps27a,1.352263581350948
celltype_specific,CNT,96,Ndufb4,1.3494451972875703
celltype_specific,CNT,97,Fau,1.348956298828125
celltype_specific,CNT,98,Ndufa2,1.3478747421436095
celltype_specific,CNT,99,Ndufb8,1.3476268296831109
celltype_specific,CNT,100,Oaz1,1.3461171353800914
celltype_specific,CNT,101,Rpl39,1.345718418078476
celltype_specific,CNT,102,Aldob,1.3452017451939957
celltype_specific,CNT,103,Atpif1,1.3451139300057058
celltype_specific,CNT,104,Rps13,1.3434402294373244
celltype_specific,CNT,105,Eif1,1.3406694390800562
celltype_specific,CNT,106,Tceb2,1.340581829628248
celltype_specific,CNT,107,Rps3,1.3403237332119031
celltype_specific,CNT,108,Naca,1.3401759115497718
celltype_specific,CNT,109,Ndufb5,1.3393597892161166
celltype_specific,CNT,110,Rpl36,1.3389198217499123
celltype_specific,CNT,111,Rpl38,1.3385523421041081
celltype_specific,CNT,112,Prdx2,1.3384453591336025
celltype_specific,CNT,113,Rps19,1.3374554923411166
celltype_specific,CNT,114,Rps5,1.3373411714360954
celltype_specific,CNT,115,Rps16,1.3368745610955055
celltype_specific,CNT,116,Gpx4,1.3342567015229987
celltype_specific,CNT,117,Rpl6,1.3323965008339185
celltype_specific,CNT,118,Atp5f1,1.330876588285639
celltype_specific,CNT,119,Rpl18a,1.3308755596032302
celltype_specific,CNT,120,Rpl37,1.3307897332009304
celltype_specific,CNT,121,Rpl11,1.3306223665730337
celltype_specific,CNT,122,Uqcrfs1,1.330122495501229
celltype_specific,CNT,123,Pebp1,1.3300650607334095
celltype_specific,CNT,124,Tmem213,1.3298023009568118
celltype_specific,CNT,125,Cyc1,1.3294043380222964
celltype_specific,CNT,126,Rpl37a,1.3285533433549859
celltype_specific,CNT,127,Rps23,1.3280393793341818
celltype_specific,CNT,128,Rpl14,1.327840226419856
celltype_specific,CNT,129,Prdx1,1.3274337940001755
celltype_specific,CNT,130,2410015M20Rik,1.3269153037767731
celltype_specific,CNT,131,Tfcp2l1,1.3258730427602703
celltype_specific,CNT,132,Rpl41,1.3250637097305127
celltype_specific,CNT,133,Idh2,1.322647506199526
celltype_specific,CNT,134,Gapdh,1.3221658428063554
celltype_specific,CNT,135,Tspo,1.3216230756781076
celltype_specific,CNT,136,Ybx1,1.3206907808110955
celltype_specific,CNT,137,Uqcrb,1.3203695575842698
celltype_specific,CNT,138,Ndufa6,1.320368254586552
celltype_specific,CNT,139,Rps10,1.3202147065923455
celltype_specific,CNT,140,Atp5d,1.3199771495347612
celltype_specific,CNT,141,Oxct1,1.3193361775258954
celltype_specific,CNT,142,Rps11,1.318631015734726
celltype_specific,CNT,143,Minos1,1.3184508591555477
celltype_specific,CNT,144,Pkm,1.3175216160463483
celltype_specific,CNT,145,Gnas,1.317035735055302
celltype_specific,CNT,146,Miox,1.313748408971208
celltype_specific,CNT,147,Rpl26,1.3137159368965063
celltype_specific,CNT,148,Rps21,1.3134370610955055
celltype_specific,CNT,149,Rpl7a,1.3130940640910287
celltype_specific,CNT,150,Etfb,1.3115470629059867
celltype_specific,CNT,151,Cd9,1.310780625932672
celltype_specific,CNT,152,Atp5c1,1.310419524117802
celltype_specific,CNT,153,Txnip,1.3098749053612184
celltype_specific,CNT,154,Rpl19,1.309608853800913
celltype_specific,CNT,155,Ndufv2,1.3084636216752985
celltype_specific,CNT,156,Serf2,1.3073118059822681
celltype_specific,CNT,157,Atp5g1,1.3069267358672754
celltype_specific,CNT,158,Rpl32,1.3059296682979284
celltype_specific,CNT,159,Rpl17,1.3041852972480688
celltype_specific,CNT,160,Rps2,1.3029084966423805
celltype_specific,CNT,161,Aldoa,1.3022551461551966
celltype_specific,CNT,162,Hsp90ab1,1.301503385050913
celltype_specific,CNT,163,Akr1a1,1.300037786933813
celltype_specific,CNT,164,S100a1,1.2983582228757022
celltype_specific,CNT,165,Rpl12,1.2983382664369734
celltype_specific,CNT,166,Atp5l,1.2957275390625
celltype_specific,CNT,167,Rpl30,1.2952753302756321
celltype_specific,CNT,168,Rpl23,1.2916719929555829
celltype_specific,CNT,169,Rpl34,1.2906246913952775
celltype_specific,CNT,170,Rpl9,1.2882418171743328
celltype_specific,CNT,171,Ndufb3,1.285893300945839
celltype_specific,CNT,172,Rps26,1.2842130853888694
celltype_specific,CNT,173,Suclg1,1.2826741765054424
celltype_specific,CNT,174,Pfdn5,1.2810960748222437
celltype_specific,CNT,175,Rpl8,1.2795910781688904
celltype_specific,CNT,176,Ndufa8,1.2780341330538976
celltype_specific,CNT,177,Ndufs2,1.2777066348643784
celltype_specific,CNT,178,Ndufa7,1.2775502751382548
celltype_specific,CNT,179,Atp6v1f,1.276991391985604
celltype_specific,CNT,180,Rps15,1.2765710723534058
celltype_specific,CNT,181,Atp5j2,1.2751656864466292
celltype_specific,CNT,182,Gm8730,1.2744177657566713
celltype_specific,CNT,183,Atp5o,1.2734751497761587
celltype_specific,CNT,184,Bri3,1.272364755694786
celltype_specific,CNT,185,Mdh1,1.2719101123595506
celltype_specific,CNT,186,Ndufb9,1.271790922357795
celltype_specific,CNT,187,Vdac2,1.2697439129432935
celltype_specific,CNT,188,Uqcrq,1.2693906634041432
celltype_specific,CNT,189,Uqcr10,1.2662792420119382
celltype_specific,CNT,190,mt-Nd4l,1.2633003149139748
celltype_specific,CNT,191,Cd63,1.262883252776071
celltype_specific,CNT,192,Kng2,1.2601085019915292
celltype_specific,CNT,193,Rpl13,1.258345768960674
celltype_specific,CNT,194,Calm1,1.257140478927098
celltype_specific,CNT,195,Rps6,1.2550236734111657
celltype_specific,CNT,196,Aif1l,1.2546324483464273
celltype_specific,CNT,197,Rps9,1.2523029455977879
celltype_specific,CNT,198,Slc25a3,1.2511672802185745
celltype_specific,CNT,199,Ndufa1,1.2511422489466293
celltype_specific,CNT,200,Rps18,1.251031597008866
celltype_specific,CNT,201,Park7,1.2503973800144839
celltype_specific,CNT,202,Sumo2,1.2477918303414677
celltype_specific,CNT,203,Ndufs7,1.2468668562642644
celltype_specific,CNT,204,H2afj,1.2459569695290555
celltype_specific,CNT,205,Rpl22,1.2442862692843661
celltype_specific,CNT,206,Cox7a2,1.244078218267205
celltype_specific,CNT,207,Ndufs3,1.2417374514461903
celltype_specific,CNT,208,Uqcrh,1.2416354404406602
celltype_specific,CNT,209,Uqcrc2,1.24024814219957
celltype_specific,CNT,210,Tpi1,1.2382785068469102
celltype_specific,CNT,211,Pgam1,1.2375792256901774
celltype_specific,CNT,212,Hint1,1.23609382543671
celltype_specific,CNT,213,1110001J03Rik,1.235565014099807
celltype_specific,CNT,214,Mrpl42,1.2331737389725246
celltype_specific,CNT,215,Rps25,1.2297468549749824
celltype_specific,CNT,216,Ndufb6,1.2279831789852529
celltype_specific,CNT,217,Mgst3,1.2270411630694786
celltype_specific,CNT,218,Scp2,1.224222487546085
celltype_specific,CNT,219,Eef2,1.2211045854547051
celltype_specific,CNT,220,Rps27,1.2205165220110603
celltype_specific,CNT,221,Gabarap,1.2190580389472876
celltype_specific,CNT,222,Csrp2,1.2180326140328739
celltype_specific,CNT,223,Hspe1,1.2165622668319873
celltype_specific,CNT,224,Ppp1r1a,1.2157263423619646
celltype_specific,CNT,225,Hoxd8,1.2137608903177668
celltype_specific,CNT,226,Cyb5a,1.208480149172665
celltype_specific,CNT,227,Cox7c,1.207872437895014
celltype_specific,CNT,228,Acat1,1.207005121466819
celltype_specific,CNT,229,Rpl36a,1.2065302645222524
celltype_specific,CNT,230,Gnb2l1,1.2060719350750526
celltype_specific,CNT,231,Ndufc2,1.205657136038448
celltype_specific,CNT,232,Calm2,1.2054776823922488
celltype_specific,CNT,233,Ndufa4,1.2033701007285815
celltype_specific,CNT,234,Rpl5,1.1988790619239378
celltype_specific,CNT,235,Cdh16,1.1957619313443644
celltype_specific,CNT,236,Atp6v1a,1.1946045436216204
celltype_specific,CNT,237,Rpl22l1,1.1944467265954177
celltype_specific,CNT,238,Atp5a1,1.1926528759216994
celltype_specific,CNT,239,Gabarapl1,1.1899216726924595
celltype_specific,CNT,240,Bag1,1.1896443913491923
celltype_specific,CNT,241,Dstn,1.1884776254718223
celltype_specific,CNT,242,Cox5a,1.1874795635094804
celltype_specific,CNT,243,Ndufb2,1.1783225756012992
celltype_specific,CNT,244,Hsp90aa1,1.1773867832140976
celltype_specific,CNT,245,Ptms,1.1747033279933285
celltype_specific,CNT,246,Cisd1,1.1729432352473226
celltype_specific,CNT,247,Slc25a5,1.1728056146857444
celltype_specific,CNT,248,Vdac1,1.1717748234780987
celltype_specific,CNT,249,Atp5j,1.1709830637728231
celltype_specific,CNT,250,Rps8,1.1703775127282303
celltype_specific,CNT,251,Sh3bgrl3,1.1685474352890186
celltype_specific,CNT,252,Ndufa10,1.1670615035496401
celltype_specific,CNT,253,Cox6b1,1.1617490618416433
celltype_specific,CNT,254,Eno1,1.1617120292749297
celltype_specific,CNT,255,Ubl5,1.1580414504147647
celltype_specific,CNT,256,Ywhae,1.1511946260259394
celltype_specific,CNT,257,Timm8b,1.1501882660255003
celltype_specific,CNT,258,Shfm1,1.1474244707086112
celltype_specific,CNT,259,Pvalb,1.1473560461837253
celltype_specific,CNT,260,Txn1,1.1473537487930126
celltype_specific,CNT,261,Pfn1,1.1460283257988062
celltype_specific,CNT,262,Rplp1,1.1453324564387288
celltype_specific,CNT,263,Ndufs6,1.144744050100948
celltype_specific,CNT,264,Pdzk1ip1,1.144656423504433
celltype_specific,CNT,265,Atp5h,1.1444397658444523
celltype_specific,CNT,266,Atp6v1g1,1.1436645679259567
celltype_specific,CNT,267,Umod,1.1435683003972086
celltype_specific,CNT,268,Eef1b2,1.143248431602221
celltype_specific,CNT,269,Sec61g,1.1423947109265273
celltype_specific,CNT,270,Atox1,1.1407164327214274
celltype_specific,CNT,271,Gm42418,1.1318187927931882
celltype_specific,CNT,272,Cox5b,1.1312018576632725
celltype_specific,CNT,273,Krt7,1.128602445795295
celltype_specific,CNT,274,Sdha,1.1281460022658445
celltype_specific,CNT,275,Ubb,1.1274265932233145
celltype_specific,CNT,276,Ctnna1,1.1240936965085147
celltype_specific,CNT,277,Jund,1.1150417542189694
celltype_specific,CNT,278,Rpl31,1.111805656518829
celltype_specific,CNT,279,Psma7,1.1114081736361043
celltype_specific,CNT,280,Ddt,1.1095095002249387
celltype_specific,CNT,281,Timm13,1.1091643086979899
celltype_specific,CNT,282,Ndufv3,1.1060580307178283
celltype_specific,CNT,283,Psmb5,1.105994921052054
celltype_specific,CNT,284,Sec61b,1.1044328325250174
celltype_specific,CNT,285,Echs1,1.0953531500998508
celltype_specific,CNT,286,Hmgb1,1.0929968330297577
celltype_specific,CNT,287,Rpl35,1.087879429506452
celltype_specific,CNT,288,Rplp0,1.0811540067865608
celltype_specific,CNT,289,Edf1,1.0810773870918189
celltype_specific,CNT,290,Ech1,1.0809908749012465
celltype_specific,CNT,291,Uqcrc1,1.080263322122981
celltype_specific,CNT,292,Hadh,1.0790547231609902
celltype_specific,CNT,293,Eef1a1,1.0787866485252808
celltype_specific,CNT,294,Mrps14,1.0751645377512729
celltype_specific,CNT,295,Hagh,1.0740953424003687
celltype_specific,CNT,296,Hrsp12,1.0726195260380091
celltype_specific,CNT,297,Anxa5,1.0720434124550122
celltype_specific,CNT,298,Ndufv1,1.0702838340502108
celltype_specific,CNT,299,Rbx1,1.0700666449043188
celltype_specific,CNT,300,Taldo1,1.0676702263649929
celltype_specific,CNT,301,Swi5,1.0675852571980338
celltype_specific,CNT,302,Etfa,1.0674848920843574
celltype_specific,CNT,303,Phyh,1.060860897449965
celltype_specific,CNT,304,Rpl4,1.058643041032084
celltype_specific,CNT,305,Iscu,1.055634830774886
celltype_specific,CNT,306,Chchd10,1.0534115223402387
celltype_specific,CNT,307,Pcbd1,1.0521543009897296
celltype_specific,CNT,308,Rps27l,1.052113650889879
celltype_specific,CNT,309,Scand1,1.048077135407523
celltype_specific,CNT,310,Esd,1.0478740735000438
celltype_specific,CNT,311,Vdr,1.0472741287745786
celltype_specific,CNT,312,Rhoa,1.0448397347096647
celltype_specific,CNT,313,Sub1,1.04167598767227
celltype_specific,CNT,314,Ppia,1.0413505639922753
celltype_specific,CNT,315,Aco2,1.0386938373694259
celltype_specific,CNT,316,Gabarapl2,1.0379589980907655
celltype_specific,CNT,317,Sdhd,1.0370766971888168
celltype_specific,CNT,318,Ddx5,1.0370408476068733
celltype_specific,CNT,319,Tma7,1.0369033813476562
celltype_specific,CNT,320,Ppib,1.0344169016634481
celltype_specific,CNT,321,Myl12b,1.0307513633470857
celltype_specific,CNT,322,Tpt1,1.0290247542134832
celltype_specific,CNT,323,Ndufs4,1.0280290067865607
celltype_specific,CNT,324,Papss1,1.0273498363709181
celltype_specific,CNT,325,Oat,1.0270763611525633
celltype_specific,CNT,326,Atp5b,1.0251419581724017
celltype_specific,CNT,327,Clta,1.025032883547665
celltype_specific,CNT,328,Psmb4,1.0245244915565748
celltype_specific,CNT,329,Chpt1,1.0238732670130355
celltype_specific,CNT,330,Cox6c,1.0236982367011938
celltype_specific,CNT,331,Srp14,1.0233037884315748
celltype_specific,CNT,332,Cnn3,1.0224434670437588
celltype_specific,CNT,333,Ivns1abp,1.0196588409080933
celltype_specific,CNT,334,Chchd2,1.0196533203125
celltype_specific,CNT,335,Gstt1,1.0182675308056093
celltype_specific,CNT,336,Lamtor2,1.0152506281820577
celltype_specific,CNT,337,Cdc42,1.014889937840151
celltype_specific,CNT,338,Ndufs8,1.0144065599762992
celltype_specific,CNT,339,Cfl1,1.0131078141458918
celltype_specific,CNT,340,Ubc,1.0111678562807234
celltype_specific,CNT,341,Bsg,1.00875991649842
celltype_specific,CNT,342,Btf3,1.0063394096460234
celltype_specific,CNT,343,Vamp8,1.0046484443578827
celltype_specific,CNT,344,Nedd8,1.0046049996708217
celltype_specific,CNT,345,Nop10,1.002592348248771
celltype_specific,CNT,346,Higd1a,1.0019761331965413
celltype_specific,CNT,347,Immt,1.0015622599741045
celltype_specific,CNT,348,Npm1,1.0005611805433638
celltype_specific,CNT,349,Ghitm,0.9996228850289677
celltype_specific,CNT,350,Gm10709,0.9981025952971383
celltype_specific,CNT,351,Ftl1,0.9949619250351124
celltype_specific,CNT,352,Sri,0.9937944390800562
celltype_specific,CNT,353,Ttc36,0.9934257250153616
celltype_specific,CNT,354,Hoxd9,0.9929492050342346
celltype_specific,CNT,355,Rabac1,0.9888610154055477
celltype_specific,CNT,356,Mrps24,0.98738621058089
celltype_specific,CNT,357,Cav2,0.9873565502381056
celltype_specific,CNT,358,Eif5a,0.9862000883295295
celltype_specific,CNT,359,Tbca,0.9861866811688027
celltype_specific,CNT,360,Atp5e,0.9837245984023877
celltype_specific,CNT,361,Glo1,0.983383401592126
celltype_specific,CNT,362,Mcee,0.9829652593376931
celltype_specific,CNT,363,Hnrnpa2b1,0.9812442393785112
celltype_specific,CNT,364,Aldh2,0.9806817729821365
celltype_specific,CNT,365,Dynll1,0.9797687316208743
celltype_specific,CNT,366,Mrpl51,0.9769914262750176
celltype_specific,CNT,367,mt-Nd5,0.9743475410375703
celltype_specific,CNT,368,Ncl,0.9721435889769137
celltype_specific,CNT,369,Chmp2a,0.96946155676681
celltype_specific,CNT,370,Car2,0.968760475415862
celltype_specific,CNT,371,Rpl23a,0.9626067429446102
celltype_specific,CNT,372,Hadhb,0.9621932126163097
celltype_specific,CNT,373,Psmb3,0.961892288722349
celltype_specific,CNT,374,Bola3,0.9614661056004213
celltype_specific,CNT,375,Cox14,0.960890317766854
celltype_specific,CNT,376,Slc12a3,0.9581529252984551
celltype_specific,CNT,377,Psmb6,0.9573544963022297
celltype_specific,CNT,378,Ywhaq,0.9555939749385534
celltype_specific,CNT,379,D8Ertd738e,0.9553338554468048
celltype_specific,CNT,380,Tomm7,0.9547918598303634
celltype_specific,CNT,381,H2afz,0.9515116830890098
celltype_specific,CNT,382,Mrfap1,0.9448466097370962
celltype_specific,CNT,383,Hint2,0.9443324056903968
celltype_specific,CNT,384,Eif4a2,0.9423129649644487
celltype_specific,CNT,385,Gpi1,0.9419263689705495
celltype_specific,CNT,386,Hmgn1,0.941019088230776
celltype_specific,CNT,387,Psmb1,0.9338679281513342
celltype_specific,CNT,388,Emc6,0.9321255458874649
celltype_specific,CNT,389,Mrpl20,0.9293175858058287
celltype_specific,CNT,390,Aurkaip1,0.9291023168670998
celltype_specific,CNT,391,Uqcc2,0.9250286488050825
celltype_specific,CNT,392,Chmp5,0.9244295613149579
celltype_specific,CNT,393,Ckmt1,0.922315996148613
celltype_specific,CNT,394,Hnrnpk,0.9218375731050299
celltype_specific,CNT,395,Idh3a,0.9203406001744645
celltype_specific,CNT,396,Ezr,0.9197450444939431
celltype_specific,CNT,397,Hspa9,0.9195417425605689
celltype_specific,CNT,398,Higd2a,0.9193062943019225
celltype_specific,CNT,399,Eif3k,0.9188883063498507
celltype_specific,CNT,400,Kcnj1,0.9164422881737184
celltype_specific,CNT,401,Cstb,0.9147821490684253
celltype_specific,CNT,402,Mien1,0.9146121935897998
celltype_specific,CNT,403,Mrps21,0.9139505279198121
celltype_specific,CNT,404,Pomp,0.911955689848139
celltype_specific,CNT,405,Sdhc,0.9115879701764396
celltype_specific,CNT,406,Arpc3,0.9112226164742802
celltype_specific,CNT,407,Kap,0.9106587613566538
celltype_specific,CNT,408,Rps28,0.9094762909278441
celltype_specific,CNT,409,Ndufa3,0.9090236706680126
celltype_specific,CNT,410,Txndc17,0.9089508399534761
celltype_specific,CNT,411,Hspd1,0.9052029727550035
celltype_specific,CNT,412,Acadm,0.9049861093585411
celltype_specific,CNT,413,Plscr2,0.9044790203651686
celltype_specific,CNT,414,Arf1,0.9043224206131496
celltype_specific,CNT,415,0610012G03Rik,0.9042167920744821
celltype_specific,CNT,416,Myeov2,0.9039194342795382
celltype_specific,CNT,417,Prdx5,0.9038368482268259
celltype_specific,CNT,418,Mrpl12,0.9033157520079881
celltype_specific,CNT,419,Emx1,0.9010358488961552
celltype_specific,CNT,420,Dad1,0.8987391782610604
celltype_specific,CNT,421,Pth1r,0.8959694680203213
celltype_specific,CNT,422,Ost4,0.8953644656063465
celltype_specific,CNT,423,Arhgap24,0.8950167195180828
celltype_specific,CNT,424,Mrps16,0.8943021281381671
celltype_specific,CNT,425,Hibadh,0.8942566603757023
celltype_specific,CNT,426,Snrpd2,0.8935103512881847
celltype_specific,CNT,427,Fxyd4,0.8930597198143434
celltype_specific,CNT,428,Wfdc15b,0.8890452009908268
celltype_specific,CNT,429,Eef1g,0.8868146917793188
celltype_specific,CNT,430,Idh3g,0.8864426002073824
celltype_specific,CNT,431,Cited2,0.8860224691669593
celltype_specific,CNT,432,Churc1,0.884850165549289
celltype_specific,CNT,433,Morf4l1,0.8828610195202774
celltype_specific,CNT,434,Ldha,0.8827004764856917
celltype_specific,CNT,435,Tmem176b,0.8823372144377634
celltype_specific,CNT,436,Tmbim6,0.8816855955659674
celltype_specific,CNT,437,Hsbp1,0.8815606963768434
celltype_specific,CNT,438,Cd81,0.8797761895683375
celltype_specific,CNT,439,Rheb,0.8777357637212517
celltype_specific,CNT,440,Fis1,0.8768516969145014
celltype_specific,CNT,441,Hsp90b1,0.8754539232575491
celltype_specific,CNT,442,Idh3b,0.8730365881759129
celltype_specific,CNT,443,Cox8a,0.8699654911341292
celltype_specific,CNT,444,Gatm,0.8694029904483409
celltype_specific,CNT,445,Serbp1,0.8690243667431092
celltype_specific,CNT,446,Tesc,0.8651729626602002
celltype_specific,CNT,447,Zfp706,0.8628319043791696
celltype_specific,CNT,448,Cdkl1,0.8625953588592872
celltype_specific,CNT,449,Psma3,0.8618810417946805
celltype_specific,CNT,450,Mrpl14,0.8602282063344892
celltype_specific,CNT,451,Pdha1,0.8595360745204969
celltype_specific,CNT,452,Gng12,0.8556983690583304
celltype_specific,CNT,453,Crip2,0.8552193973841292
celltype_specific,CNT,454,Mrpl54,0.851747337084138
celltype_specific,CNT,455,Ndufa9,0.8509874665335323
celltype_specific,CNT,456,Myl12a,0.8507323704408796
celltype_specific,CNT,457,Arpc2,0.8506205012289326
celltype_specific,CNT,458,Hbb-bs,0.846850037306882
celltype_specific,CNT,459,Eif4g2,0.8461480644311797
celltype_specific,CNT,460,Romo1,0.8455894041597174
celltype_specific,CNT,461,Cox7a2l,0.8454697169614642
celltype_specific,CNT,462,Gsta4,0.841408890284849
celltype_specific,CNT,463,Acaa2,0.8410174251942152
celltype_specific,CNT,464,Nme1,0.8408111229371489
celltype_specific,CNT,465,Rnf7,0.8391955772142732
celltype_specific,CNT,466,Tax1bp1,0.8377635141436973
celltype_specific,CNT,467,Eif3h,0.8324127197265625
celltype_specific,CNT,468,Pnkd,0.8319992922665028
celltype_specific,CNT,469,mt-Atp8,0.8305762130222963
celltype_specific,CNT,470,2810428I15Rik,0.8278875286659498
celltype_specific,CNT,471,Calm3,0.8275910452510534
celltype_specific,CNT,472,Psma4,0.8271602502029933
celltype_specific,CNT,473,Ifitm2,0.8267259576347437
celltype_specific,CNT,474,Atp6v0b,0.8264700214514572
celltype_specific,CNT,475,Kif5b,0.8258953137344189
celltype_specific,CNT,476,Mrpl34,0.8250333121653354
celltype_specific,CNT,477,Cox4i1,0.8228025972173455
celltype_specific,CNT,478,Prkar1a,0.8223362440473578
celltype_specific,CNT,479,Tmem176a,0.8223137501920207
celltype_specific,CNT,480,Snx3,0.8211518534113852
celltype_specific,CNT,481,Prdx6,0.819765463839756
celltype_specific,CNT,482,Gm10260,0.8186235406425562
celltype_specific,CNT,483,Cox20,0.8182100788930828
celltype_specific,CNT,484,Eef1d,0.8169524460696103
celltype_specific,CNT,485,Vapa,0.8163394885116748
celltype_specific,CNT,486,Hnrnpa0,0.8160385303283005
celltype_specific,CNT,487,Got1,0.8147243028276422
celltype_specific,CNT,488,Wbp5,0.8144076915269487
celltype_specific,CNT,489,Sfrp1,0.8134849976957514
celltype_specific,CNT,490,Arf5,0.8103536884436446
celltype_specific,CNT,491,Eif3i,0.8092383909761236
celltype_specific,CNT,492,Hoxb5os,0.8090808825546436
celltype_specific,CNT,493,Smco4,0.8090318486931619
celltype_specific,CNT,494,Hadha,0.807960441675079
celltype_specific,CNT,495,Gnb2,0.8077556310075052
celltype_specific,CNT,496,Efhd1,0.8072662267792091
celltype_specific,CNT,497,Mrpl30,0.806291078717521
celltype_specific,CNT,498,Pkig,0.8058813545141327
celltype_specific,CNT,499,Lamp1,0.8056704231862272
celltype_specific,CNT,500,Psma2,0.8054613434866573
celltype_specific,DCT,1,S100g,5.241884363411758
celltype_specific,DCT,2,Klk1,4.607131043886809
celltype_specific,DCT,3,Malat1,4.1792082193260365
celltype_specific,DCT,4,Umod,2.661407962922127
celltype_specific,DCT,5,Egf,2.2478357833651352
celltype_specific,DCT,6,Calb1,2.2297046854748706
celltype_specific,DCT,7,Pvalb,2.2078465053013394
celltype_specific,DCT,8,Wfdc15b,1.9669546663486464
celltype_specific,DCT,9,Slc12a3,1.7583921933503743
celltype_specific,DCT,10,Ckb,1.4475946382443476
celltype_specific,DCT,11,Clu,1.4216255152829782
celltype_specific,DCT,12,Spp1,1.3475416332895305
celltype_specific,DCT,13,Gpx3,1.3439680530178932
celltype_specific,DCT,14,Sfrp1,1.33002440281178
celltype_specific,DCT,15,Kl,1.3264717066892282
celltype_specific,DCT,16,Mt1,1.267560827017929
celltype_specific,DCT,17,Wfdc2,1.235943350374424
celltype_specific,DCT,18,Pgam2,1.1594122961369528
celltype_specific,DCT,19,Defb1,1.1544991066928283
celltype_specific,DCT,20,Xist,1.147305413874613
celltype_specific,DCT,21,Miox,1.1179778982417374
celltype_specific,DCT,22,Aldob,1.1077117568336874
celltype_specific,DCT,23,Tmem213,1.0776954334452404
celltype_specific,DCT,24,Abca13,1.0762133268716698
celltype_specific,DCT,25,Ppp1r1a,1.0647183607250863
celltype_specific,DCT,26,Wnk1,1.0316946847098214
celltype_specific,DCT,27,Neat1,1.0277195592080393
celltype_specific,DCT,28,Ier3,1.003180174234276
celltype_specific,DCT,29,Oxct1,0.9958730952530962
celltype_specific,DCT,30,Dbi,0.9770242014238911
celltype_specific,DCT,31,Atp1a1,0.9760528423819125
celltype_specific,DCT,32,Gabarapl1,0.9511647729829709
celltype_specific,DCT,33,Fxyd2,0.9413027433755761
celltype_specific,DCT,34,Gpx1,0.9166924964447725
celltype_specific,DCT,35,Atp6v0e,0.9156818301996328
celltype_specific,DCT,36,Lpl,0.9128450841947635
celltype_specific,DCT,37,Ly6a,0.9055699291317144
celltype_specific,DCT,38,Cd63,0.904319095172091
celltype_specific,DCT,39,Cycs,0.8931313088412658
celltype_specific,DCT,40,Cdh16,0.8876254525602139
celltype_specific,DCT,41,Cd9,0.8872165943620391
celltype_specific,DCT,42,Actb,0.8801777923162082
celltype_specific,DCT,43,Id2,0.8761812201293383
celltype_specific,DCT,44,Kng2,0.8669921593731998
celltype_specific,DCT,45,Ndrg1,0.8646882931757632
celltype_specific,DCT,46,Igfbp7,0.8640454551591302
celltype_specific,DCT,47,Kcnj1,0.859827138311852
celltype_specific,DCT,48,Mgst3,0.8596473377421155
celltype_specific,DCT,49,Rps15a,0.8489845381354406
celltype_specific,DCT,50,2410015M20Rik,0.8485834851242979
celltype_specific,DCT,51,Ndufa1,0.8477383802563364
celltype_specific,DCT,52,Clcnkb,0.8469593733686456
celltype_specific,DCT,53,Mif,0.8468698949857791
celltype_specific,DCT,54,Ybx1,0.8438449279503888
celltype_specific,DCT,55,Slc16a7,0.8432712818620391
celltype_specific,DCT,56,Tmem52b,0.8407643401677707
celltype_specific,DCT,57,Idh2,0.8402385096396169
celltype_specific,DCT,58,Rpl18a,0.8395658220563617
celltype_specific,DCT,59,Pkm,0.8349436395179292
celltype_specific,DCT,60,Cst3,0.8345033847791259
celltype_specific,DCT,61,Akr1a1,0.832310303015643
celltype_specific,DCT,62,Rps2,0.8297358921595982
celltype_specific,DCT,63,Rps29,0.8282441873154882
celltype_specific,DCT,64,Rpl9,0.8269464870751728
celltype_specific,DCT,65,Itm2b,0.8258920133388536
celltype_specific,DCT,66,Sdhb,0.825788084812428
celltype_specific,DCT,67,Mal,0.8248402819655458
celltype_specific,DCT,68,Prdx2,0.8241768059093282
celltype_specific,DCT,69,Sgms2,0.8229365019204979
celltype_specific,DCT,70,Mpc1,0.8217744607529882
celltype_specific,DCT,71,Minos1,0.8211738129365279
celltype_specific,DCT,72,Sdc4,0.819326901765463
celltype_specific,DCT,73,Cystm1,0.8185689548193584
celltype_specific,DCT,74,Nudt4,0.817262218844506
celltype_specific,DCT,75,H3f3a,0.8160152171613984
celltype_specific,DCT,76,Ndufb4,0.8159811837332589
celltype_specific,DCT,77,Rps3a1,0.8159097416609663
celltype_specific,DCT,78,Aco2,0.8157860892159599
celltype_specific,DCT,79,Ndufc1,0.8137377198390697
celltype_specific,DCT,80,Hoxd8,0.8115291331770234
celltype_specific,DCT,81,H2afj,0.8114811418243267
celltype_specific,DCT,82,Rpl17,0.8107822963169643
celltype_specific,DCT,83,Cd81,0.8101123510967202
celltype_specific,DCT,84,Rpl21,0.8079293949812788
celltype_specific,DCT,85,Ndufb11,0.806995585217454
celltype_specific,DCT,86,Atpif1,0.8067396313364056
celltype_specific,DCT,87,Cox7b,0.8061413742979551
celltype_specific,DCT,88,Gng5,0.805878177765877
celltype_specific,DCT,89,Gm42418,0.8049215149769585
celltype_specific,DCT,90,Slc25a4,0.8048395605131229
celltype_specific,DCT,91,Rps21,0.8039630942630328
celltype_specific,DCT,92,Rpl30,0.8039362331689228
celltype_specific,DCT,93,Etfb,0.8018009168211766
celltype_specific,DCT,94,Cisd1,0.8013426960887997
celltype_specific,DCT,95,2010107E04Rik,0.8010683543121759
celltype_specific,DCT,96,Hsp90ab1,0.8001618275444629
celltype_specific,DCT,97,Ndufa11,0.8000046690488192
celltype_specific,DCT,98,Rps5,0.7996706984559512
celltype_specific,DCT,99,Ndufa12,0.7994576731035786
celltype_specific,DCT,100,Ndufab1,0.7986047982070853
celltype_specific,DCT,101,Hsp90aa1,0.7978855256111391
celltype_specific,DCT,102,Rpl39,0.7973090316842778
celltype_specific,DCT,103,Eif1,0.797026111233619
celltype_specific,DCT,104,Shfm1,0.7968953919300835
celltype_specific,DCT,105,Oaz1,0.7965594173027074
celltype_specific,DCT,106,Rps3,0.7947640133343534
celltype_specific,DCT,107,Aes,0.7941980317990351
celltype_specific,DCT,108,Ndufb2,0.7938211678359915
celltype_specific,DCT,109,Cox6a1,0.7936570831158194
celltype_specific,DCT,110,Gpx4,0.7928189044723862
celltype_specific,DCT,111,Rps20,0.7925697713403658
celltype_specific,DCT,112,Hspe1,0.7925387967017389
celltype_specific,DCT,113,Ndufs7,0.792433110250306
celltype_specific,DCT,114,Usmg5,0.7921948410948301
celltype_specific,DCT,115,Ndufc2,0.7921584168886808
celltype_specific,DCT,116,Atp6v1e1,0.7920351160286758
celltype_specific,DCT,117,Atp5g2,0.7919876872119815
celltype_specific,DCT,118,Hspa8,0.7902704054309476
celltype_specific,DCT,119,Rps7,0.790050313220046
celltype_specific,DCT,120,Ndufs6,0.7893203524400562
celltype_specific,DCT,121,Rpl24,0.7847643733573949
celltype_specific,DCT,122,Rps4x,0.7846093243717598
celltype_specific,DCT,123,Atp5k,0.7844243906610023
celltype_specific,DCT,124,Rpl13a,0.7842718730873776
celltype_specific,DCT,125,Rps23,0.7838531353506625
celltype_specific,DCT,126,Ndufv2,0.7832412368141561
celltype_specific,DCT,127,Ndufa7,0.7826000160885297
celltype_specific,DCT,128,Atp5g3,0.7821683400237616
celltype_specific,DCT,129,Pebp1,0.7818263884513609
celltype_specific,DCT,130,Rpl37,0.7817405313940092
celltype_specific,DCT,131,Ndufs3,0.781351572906916
celltype_specific,DCT,132,Rpl32,0.781062253609231
celltype_specific,DCT,133,Ppib,0.7806219637119276
celltype_specific,DCT,134,Rpl14,0.7804346040646601
celltype_specific,DCT,135,Tfcp2l1,0.7796105591382848
celltype_specific,DCT,136,Rps14,0.7794384934385801
celltype_specific,DCT,137,Rpl35a,0.77909425656367
celltype_specific,DCT,138,Hrsp12,0.7787305243004302
celltype_specific,DCT,139,Tmbim6,0.7785984162361391
celltype_specific,DCT,140,Mdh2,0.7773699079241071
celltype_specific,DCT,141,Ddx5,0.7758826857887655
celltype_specific,DCT,142,Ndufb9,0.7752494284634217
celltype_specific,DCT,143,Bag1,0.77512939734393
celltype_specific,DCT,144,Bsg,0.7749137702625468
celltype_specific,DCT,145,Rps27a,0.7748017201225879
celltype_specific,DCT,146,Rps12,0.7742612636583741
celltype_specific,DCT,147,Rpl10,0.7735773253550727
celltype_specific,DCT,148,Ptma,0.7730104296987507
celltype_specific,DCT,149,Rps13,0.7729964717741935
celltype_specific,DCT,150,Rps19,0.7726368003177203
celltype_specific,DCT,151,Serf2,0.7726138066586261
celltype_specific,DCT,152,Cyc1,0.7721369870796732
celltype_specific,DCT,153,Uqcrc1,0.7721112510575677
celltype_specific,DCT,154,Ndufa6,0.7720147761331725
celltype_specific,DCT,155,Spint2,0.7716273997785859
celltype_specific,DCT,156,Ddt,0.7714891213975195
celltype_specific,DCT,157,Rps24,0.7713790401335685
celltype_specific,DCT,158,Ndufa2,0.770070300124208
celltype_specific,DCT,159,Tceb2,0.7699065669890373
celltype_specific,DCT,160,Ndufs5,0.7680931267101094
celltype_specific,DCT,161,Rps9,0.7680827197940668
celltype_specific,DCT,162,Wnk4,0.7675280241372948
celltype_specific,DCT,163,Mpc2,0.7672851140597998
celltype_specific,DCT,164,Smdt1,0.7668314990909418
celltype_specific,DCT,165,Rps16,0.7657488985545075
celltype_specific,DCT,166,Ubc,0.7656887072022609
celltype_specific,DCT,167,Rpl18,0.7655285250756049
celltype_specific,DCT,168,Rpl10a,0.7651855539067001
celltype_specific,DCT,169,Gm8730,0.7651425550610239
celltype_specific,DCT,170,Rpl7a,0.7646851078156502
celltype_specific,DCT,171,Rplp2,0.7641740438575568
celltype_specific,DCT,172,Ndufb7,0.7638226346486175
celltype_specific,DCT,173,Pcbd1,0.7626221125027002
celltype_specific,DCT,174,Ndufb5,0.7625022220172091
celltype_specific,DCT,175,Rpl36al,0.762258538452711
celltype_specific,DCT,176,Ndufa13,0.7620024087791619
celltype_specific,DCT,177,Naca,0.7618246122439336
celltype_specific,DCT,178,Rps26,0.7614893407865604
celltype_specific,DCT,179,Atp6v1f,0.7610319638581869
celltype_specific,DCT,180,Ndufb6,0.7609572168868808
celltype_specific,DCT,181,Tspo,0.7601230814709642
celltype_specific,DCT,182,Myl6,0.7589270244545651
celltype_specific,DCT,183,Rps15,0.7587418094758065
celltype_specific,DCT,184,Atp5f1,0.7581576158374136
celltype_specific,DCT,185,Atox1,0.7579386662777667
celltype_specific,DCT,186,H3f3b,0.7577669697423135
celltype_specific,DCT,187,Fabp3,0.757551746983682
celltype_specific,DCT,188,Prdx1,0.757549092516921
celltype_specific,DCT,189,Tfrc,0.7567417302988642
celltype_specific,DCT,190,Rps17,0.7567057455739667
celltype_specific,DCT,191,Rpl34,0.756021736953665
celltype_specific,DCT,192,Atp1b1,0.7557406799035138
celltype_specific,DCT,193,Pth1r,0.7555289202571465
celltype_specific,DCT,194,Rpl38,0.7554107173796623
celltype_specific,DCT,195,Suclg1,0.755274900093606
celltype_specific,DCT,196,Mdh1,0.7550052343975014
celltype_specific,DCT,197,Hint1,0.7541971162716914
celltype_specific,DCT,198,Rpl37a,0.7540657289566532
celltype_specific,DCT,199,Kcnj16,0.753881586312149
celltype_specific,DCT,200,Rpl22,0.7532645018968714
celltype_specific,DCT,201,Rpl26,0.7532596148653514
celltype_specific,DCT,202,Ndufb3,0.7527140955771169
celltype_specific,DCT,203,S100a1,0.7525511007704493
celltype_specific,DCT,204,Rpl28,0.7523053428544427
celltype_specific,DCT,205,Aebp1,0.752112058999901
celltype_specific,DCT,206,Uqcrfs1,0.7515580840923819
celltype_specific,DCT,207,Rps27,0.7514188212733115
celltype_specific,DCT,208,Atp5o,0.7508177867133496
celltype_specific,DCT,209,Rps25,0.7505670011318224
celltype_specific,DCT,210,Fau,0.750239991921983
celltype_specific,DCT,211,Park7,0.7500826576338385
celltype_specific,DCT,212,Ndufs2,0.7497545585104947
celltype_specific,DCT,213,Gnas,0.7495105233609951
celltype_specific,DCT,214,Aldoa,0.7490447435510873
celltype_specific,DCT,215,Eef2,0.7485160300259217
celltype_specific,DCT,216,Uqcr10,0.7484219458795363
celltype_specific,DCT,217,Uqcr11,0.7479674167896745
celltype_specific,DCT,218,Rps11,0.7475711804930516
celltype_specific,DCT,219,Ndufb8,0.7473114998109879
celltype_specific,DCT,220,Cyb5a,0.7464154502763177
celltype_specific,DCT,221,Ndufb10,0.7458563598070277
celltype_specific,DCT,222,Ctsd,0.7457539782546083
celltype_specific,DCT,223,Lamp1,0.7457205776794715
celltype_specific,DCT,224,Atp6v1a,0.7454244200535084
celltype_specific,DCT,225,Sod2,0.744552963889689
celltype_specific,DCT,226,Acat1,0.7440512872511341
celltype_specific,DCT,227,Arl6ip1,0.7439645160727787
celltype_specific,DCT,228,Rpl36,0.7434297552855883
celltype_specific,DCT,229,1110001J03Rik,0.7431055939142606
celltype_specific,DCT,230,Rpl6,0.7423997518653693
celltype_specific,DCT,231,Rpl7,0.7422617547523042
celltype_specific,DCT,232,Bri3,0.7414577150125108
celltype_specific,DCT,233,Ndufs8,0.7406392602876584
celltype_specific,DCT,234,Rpsa,0.7403847830636161
celltype_specific,DCT,235,Rbm39,0.7403222360918599
celltype_specific,DCT,236,Edf1,0.7394166937621508
celltype_specific,DCT,237,Rpl3,0.7390326574650777
celltype_specific,DCT,238,Pfdn5,0.7363878944502448
celltype_specific,DCT,239,Atp5j2,0.7344322380382344
celltype_specific,DCT,240,Ndufa8,0.7341834213327153
celltype_specific,DCT,241,Gabarap,0.7332503850558936
celltype_specific,DCT,242,Timm13,0.7330025527883784
celltype_specific,DCT,243,Ndufv3,0.7328892721009145
celltype_specific,DCT,244,Mrpl42,0.73226074359384
celltype_specific,DCT,245,Rabac1,0.7321474277478759
celltype_specific,DCT,246,Uqcrc2,0.73105224046839
celltype_specific,DCT,247,Rpl41,0.7305864606584821
celltype_specific,DCT,248,Rpl5,0.729990488922541
celltype_specific,DCT,249,Ndufv1,0.7298689811460434
celltype_specific,DCT,250,Actg1,0.7294469033518145
celltype_specific,DCT,251,Hsp90b1,0.7287429598619312
celltype_specific,DCT,252,Ubl5,0.7281963506601923
celltype_specific,DCT,253,Tpi1,0.7273326821041547
celltype_specific,DCT,254,Rpl36a,0.7266572697371382
celltype_specific,DCT,255,Chpt1,0.7250838389594434
celltype_specific,DCT,256,Uqcrh,0.7243155905727967
celltype_specific,DCT,257,Rps6,0.7225549935195853
celltype_specific,DCT,258,Tecr,0.7223864964076451
celltype_specific,DCT,259,Atp5c1,0.7219564552131337
celltype_specific,DCT,260,Tmem59,0.7184603994343138
celltype_specific,DCT,261,Sdha,0.7179428487329439
celltype_specific,DCT,262,Sec62,0.7154618364325317
celltype_specific,DCT,263,Ptms,0.7152403027231243
celltype_specific,DCT,264,Ctnna1,0.7152394413398707
celltype_specific,DCT,265,Uqcrq,0.7142146941154234
celltype_specific,DCT,266,Rpl12,0.7136255431285102
celltype_specific,DCT,267,Gnb2l1,0.7114861835532474
celltype_specific,DCT,268,Tmem176a,0.7086486464821249
celltype_specific,DCT,269,Calr,0.70834714476414
celltype_specific,DCT,270,Ech1,0.7067515641313544
celltype_specific,DCT,271,Rpl11,0.7064681514616935
celltype_specific,DCT,272,Gapdh,0.7060459681919643
celltype_specific,DCT,273,Uqcrb,0.7057098529305875
celltype_specific,DCT,274,Cox5a,0.7052551832067252
celltype_specific,DCT,275,Gatm,0.7035401427800754
celltype_specific,DCT,276,Scp2,0.7033129573417699
celltype_specific,DCT,277,Slc25a5,0.7023021504626296
celltype_specific,DCT,278,Ndufa3,0.7017924049482916
celltype_specific,DCT,279,Eef1b2,0.7010313992126747
celltype_specific,DCT,280,Rps8,0.7009035453269009
celltype_specific,DCT,281,Ndufa5,0.7005358577323949
celltype_specific,DCT,282,Ubb,0.6993216940884217
celltype_specific,DCT,283,Sostdc1,0.6992878188735329
celltype_specific,DCT,284,Raly,0.6986547549199399
celltype_specific,DCT,285,Rps18,0.6984228318737399
celltype_specific,DCT,286,Ndufa10,0.6978429803101148
celltype_specific,DCT,287,Ppia,0.6974817794588853
celltype_specific,DCT,288,Dad1,0.6970763843729749
celltype_specific,DCT,289,mt-Atp8,0.6966180933235977
celltype_specific,DCT,290,Scand1,0.6960795002598916
celltype_specific,DCT,291,Dstn,0.694915033155872
celltype_specific,DCT,292,Sec61g,0.6942880164643037
celltype_specific,DCT,293,Tmsb4x,0.6926693630657987
celltype_specific,DCT,294,Ivns1abp,0.6924817485194052
celltype_specific,DCT,295,Atp5e,0.6914037185879897
celltype_specific,DCT,296,Rps27l,0.69024658203125
celltype_specific,DCT,297,Pgam1,0.6894807595811132
celltype_specific,DCT,298,Uqcc2,0.6891540316392749
celltype_specific,DCT,299,Psap,0.6889825108963223
celltype_specific,DCT,300,Atp5d,0.6888495238695277
celltype_specific,DCT,301,Vdr,0.6868714187551753
celltype_specific,DCT,302,Mrps24,0.6859976245510963
celltype_specific,DCT,303,Rpl8,0.6858296196581581
celltype_specific,DCT,304,Atp6v0b,0.6856201453143002
celltype_specific,DCT,305,Hnrnpa2b1,0.6852057320731026
celltype_specific,DCT,306,Higd1a,0.6849025251678608
celltype_specific,DCT,307,Phyh,0.6847766753165953
celltype_specific,DCT,308,App,0.6823763869325137
celltype_specific,DCT,309,Cox7a2,0.6819943195114487
celltype_specific,DCT,310,Rps10,0.6811177477858583
celltype_specific,DCT,311,Rpl13,0.6804663310951901
celltype_specific,DCT,312,Echs1,0.6799011582053751
celltype_specific,DCT,313,Atp5g1,0.6798246181505616
celltype_specific,DCT,314,Slc25a3,0.6798078827044931
celltype_specific,DCT,315,Eno1,0.6797040420743178
celltype_specific,DCT,316,Atp6v1g1,0.679301037766417
celltype_specific,DCT,317,Mrps6,0.6788388968612741
celltype_specific,DCT,318,Atp5j,0.6781862320438508
celltype_specific,DCT,319,Gls,0.6773080430272538
celltype_specific,DCT,320,Rpl27a,0.6772325928859447
celltype_specific,DCT,321,Hoxb5os,0.6771531170963692
celltype_specific,DCT,322,Hadhb,0.6760395770798081
celltype_specific,DCT,323,Bola3,0.6759785419235581
celltype_specific,DCT,324,Trpm7,0.6757361592235653
celltype_specific,DCT,325,Hadh,0.6753769448275939
celltype_specific,DCT,326,Vdac1,0.6742920062509
celltype_specific,DCT,327,Ndufs4,0.6739866370978993
celltype_specific,DCT,328,Epcam,0.6733229500906808
celltype_specific,DCT,329,Chka,0.6727576893046155
celltype_specific,DCT,330,Cox6b1,0.6723319198678716
celltype_specific,DCT,331,Sdhd,0.6721624910556776
celltype_specific,DCT,332,Pdzk1ip1,0.671219715874316
celltype_specific,DCT,333,Rpl31,0.6692875629196519
celltype_specific,DCT,334,Hmgb1,0.668677984844155
celltype_specific,DCT,335,Rbx1,0.6681952410579277
celltype_specific,DCT,336,Papss1,0.6680960413497714
celltype_specific,DCT,337,Ttc36,0.667583509524297
celltype_specific,DCT,338,Hint2,0.6674684269637007
celltype_specific,DCT,339,Sumo2,0.6665238762780819
celltype_specific,DCT,340,Timm8b,0.6653994547057261
celltype_specific,DCT,341,Ghitm,0.6646840495447959
celltype_specific,DCT,342,Tmem27,0.6642477852957589
celltype_specific,DCT,343,Hspa9,0.6638060011621993
celltype_specific,DCT,344,D8Ertd738e,0.6637983014506679
celltype_specific,DCT,345,Rpl35,0.6633219213529666
celltype_specific,DCT,346,Ywhaq,0.6630796089699741
celltype_specific,DCT,347,Csrp2,0.6622462646203107
celltype_specific,DCT,348,Higd2a,0.6613138260379914
celltype_specific,DCT,349,Myeov2,0.6604482061851958
celltype_specific,DCT,350,Etfa,0.6604454814014347
celltype_specific,DCT,351,mt-Nd6,0.6597973871890301
celltype_specific,DCT,352,Vdac2,0.6596129456972746
celltype_specific,DCT,353,Rplp1,0.6569149175547235
celltype_specific,DCT,354,Calm2,0.6565583752047631
celltype_specific,DCT,355,Ifitm2,0.6561988092237904
celltype_specific,DCT,356,Txnip,0.6560483044742988
celltype_specific,DCT,357,Romo1,0.6555798965665053
celltype_specific,DCT,358,Rpl23,0.6540835332211261
celltype_specific,DCT,359,Psma7,0.654038319389941
celltype_specific,DCT,360,Cstb,0.6537746130596108
celltype_specific,DCT,361,Fis1,0.6532840640863515
celltype_specific,DCT,362,Nop10,0.6528578375891056
celltype_specific,DCT,363,Mrpl12,0.652786606467814
celltype_specific,DCT,364,Lgals3,0.6525136007141957
celltype_specific,DCT,365,Tma7,0.6524501572006859
celltype_specific,DCT,366,Ptgfr,0.6517952422392533
celltype_specific,DCT,367,Eif4g2,0.6512866921139203
celltype_specific,DCT,368,Rplp0,0.65100584601477
celltype_specific,DCT,369,Immt,0.6505650638984645
celltype_specific,DCT,370,Aif1l,0.6504988956011934
celltype_specific,DCT,371,Iscu,0.6501077397078413
celltype_specific,DCT,372,Emx1,0.650019773140481
celltype_specific,DCT,373,Eef1a1,0.6497963057135656
celltype_specific,DCT,374,Txn1,0.6493607973722818
celltype_specific,DCT,375,0610012G03Rik,0.6493192576043617
celltype_specific,DCT,376,Aplp2,0.6489766555997084
celltype_specific,DCT,377,Tsc22d1,0.6489717861474384
celltype_specific,DCT,378,Cox7c,0.6487045639670939
celltype_specific,DCT,379,Selm,0.6485122469713062
celltype_specific,DCT,380,Jund,0.647989492811915
celltype_specific,DCT,381,Oat,0.6479296706239199
celltype_specific,DCT,382,Emc6,0.6472376458655854
celltype_specific,DCT,383,Sub1,0.6465335441624513
celltype_specific,DCT,384,Slc8a1,0.646145271266111
celltype_specific,DCT,385,Mrps14,0.6452242943548387
celltype_specific,DCT,386,Pnkd,0.6445290350144909
celltype_specific,DCT,387,Atp5l,0.6440539382020449
celltype_specific,DCT,388,Cox14,0.6438087428220406
celltype_specific,DCT,389,Ndufa9,0.6438002696235059
celltype_specific,DCT,390,Tmem176b,0.642817870812482
celltype_specific,DCT,391,Esd,0.6422637728502124
celltype_specific,DCT,392,Hagh,0.6416711763302851
celltype_specific,DCT,393,Rsrp1,0.6414894772015409
celltype_specific,DCT,394,Rpl4,0.6414380403158302
celltype_specific,DCT,395,Tomm7,0.6409815599292105
celltype_specific,DCT,396,Lamtor2,0.6389671536634595
celltype_specific,DCT,397,Rpl22l1,0.6389671536634595
celltype_specific,DCT,398,Tspan1,0.6384444170833183
celltype_specific,DCT,399,Gabarapl2,0.6382670248708417
celltype_specific,DCT,400,Mrps21,0.6364554655716715
celltype_specific,DCT,401,Psmb5,0.6353497483213926
celltype_specific,DCT,402,Ltc4s,0.6348484760055894
celltype_specific,DCT,403,Paqr5,0.6348030424337783
celltype_specific,DCT,404,Ywhae,0.6346027532480829
celltype_specific,DCT,405,Efhd1,0.634002685546875
celltype_specific,DCT,406,Psmb3,0.6337063345491611
celltype_specific,DCT,407,Swi5,0.6321720879198769
celltype_specific,DCT,408,Tmbim4,0.6319874882148707
celltype_specific,DCT,409,Acadm,0.6308141611688148
celltype_specific,DCT,410,Gm10709,0.6307870715444538
celltype_specific,DCT,411,Glo1,0.630395265218849
celltype_specific,DCT,412,Eif4a2,0.6293372756325155
celltype_specific,DCT,413,Laptm4a,0.6272406687934278
celltype_specific,DCT,414,mt-Nd4l,0.6270830708165323
celltype_specific,DCT,415,Mcee,0.6266441696799845
celltype_specific,DCT,416,Hibadh,0.6262519150835029
celltype_specific,DCT,417,Tubb2a,0.6254599874470091
celltype_specific,DCT,418,Pdha1,0.6254287579092562
celltype_specific,DCT,419,Sh3bgrl3,0.6250261930826073
celltype_specific,DCT,420,Rtn3,0.6244149625576036
celltype_specific,DCT,421,Eif5a,0.6241169591103831
celltype_specific,DCT,422,Rpl19,0.6237764138779882
celltype_specific,DCT,423,Taldo1,0.6233821288781232
celltype_specific,DCT,424,Nedd8,0.620157461561915
celltype_specific,DCT,425,Hcfc1r1,0.6196956019247731
celltype_specific,DCT,426,Tcn2,0.6189295421547604
celltype_specific,DCT,427,Tmem72,0.6178145166915683
celltype_specific,DCT,428,Gpi1,0.6166486256682928
celltype_specific,DCT,429,Mien1,0.6154370989118304
celltype_specific,DCT,430,Mrpl34,0.6153162239883353
celltype_specific,DCT,431,Psmb6,0.614558347359231
celltype_specific,DCT,432,Aurkaip1,0.6136649347120716
celltype_specific,DCT,433,Clta,0.6132974404893163
celltype_specific,DCT,434,Aldh2,0.6131642864596459
celltype_specific,DCT,435,Col4a4,0.6130311412196006
celltype_specific,DCT,436,Hsd11b2,0.6124697742374262
celltype_specific,DCT,437,Chchd2,0.6121177849132344
celltype_specific,DCT,438,Rps28,0.6113623693791402
celltype_specific,DCT,439,Mrpl51,0.6109464443224366
celltype_specific,DCT,440,Tmem256,0.6103122904553392
celltype_specific,DCT,441,Calm1,0.6101341774936095
celltype_specific,DCT,442,Acaa2,0.6100911259101832
celltype_specific,DCT,443,Hmgn1,0.6088157161589591
celltype_specific,DCT,444,Cfl1,0.6084384039250387
celltype_specific,DCT,445,Tns1,0.6078618836293023
celltype_specific,DCT,446,Hspd1,0.6072319927303472
celltype_specific,DCT,447,Tbca,0.6068499165196573
celltype_specific,DCT,448,Pfn1,0.605321523780647
celltype_specific,DCT,449,Morf4l1,0.6030888183875018
celltype_specific,DCT,450,Srp14,0.6020318483976724
celltype_specific,DCT,451,Sdhc,0.600614741101243
celltype_specific,DCT,452,Cdo1,0.6005953423987885
celltype_specific,DCT,453,Fkbp2,0.5992614201136998
celltype_specific,DCT,454,Pomp,0.5980214413409958
celltype_specific,DCT,455,Hnrnpa0,0.5978201589276714
celltype_specific,DCT,456,Eif3k,0.5966125259751
celltype_specific,DCT,457,Gas6,0.5963496546591481
celltype_specific,DCT,458,Hspa5,0.5946949022706203
celltype_specific,DCT,459,Ctsb,0.592756578999181
celltype_specific,DCT,460,Ezr,0.5918715516543058
celltype_specific,DCT,461,Mrpl54,0.5916794807680191
celltype_specific,DCT,462,Hadha,0.5915491306287353
celltype_specific,DCT,463,Lamtor4,0.5914409479237921
celltype_specific,DCT,464,Vamp8,0.5912320712744366
celltype_specific,DCT,465,Mrpl30,0.5908998761858258
celltype_specific,DCT,466,H2afz,0.5907819985244681
celltype_specific,DCT,467,Psmb4,0.5893465033324633
celltype_specific,DCT,468,Ndufa4,0.5891685661632344
celltype_specific,DCT,469,Fth1,0.5886736751152074
celltype_specific,DCT,470,Arhgap5,0.588606179584556
celltype_specific,DCT,471,Cldn8,0.588158682194723
celltype_specific,DCT,472,Plscr2,0.5876309531075614
celltype_specific,DCT,473,Reep5,0.5873226745886737
celltype_specific,DCT,474,Btf3,0.5867821653867098
celltype_specific,DCT,475,Cox7a2l,0.5864164818267119
celltype_specific,DCT,476,Pcbp2,0.5847040255498227
celltype_specific,DCT,477,Suclg2,0.5823562200168311
celltype_specific,DCT,478,Cox6c,0.5823347381732431
celltype_specific,DCT,479,Mrpl20,0.5821107697377007
celltype_specific,DCT,480,Pigr,0.5814007965650426
celltype_specific,DCT,481,Mrps16,0.5809317118561212
celltype_specific,DCT,482,Cnn3,0.5808114961545039
celltype_specific,DCT,483,Chchd10,0.5808037964429723
celltype_specific,DCT,484,Marc2,0.5770651558027838
celltype_specific,DCT,485,Pdia3,0.5760558607391498
celltype_specific,DCT,486,Mgst1,0.5758783015237975
celltype_specific,DCT,487,Itga6,0.5757763506630049
celltype_specific,DCT,488,Atp5h,0.5756398565758208
celltype_specific,DCT,489,Erdr1,0.575632306287915
celltype_specific,DCT,490,Coq7,0.574693354593444
celltype_specific,DCT,491,Sri,0.57338867539085
celltype_specific,DCT,492,Npm1,0.5733373527702648
celltype_specific,DCT,493,Nnt,0.5728653499058315
celltype_specific,DCT,494,4833439L19Rik,0.5728532729610321
celltype_specific,DCT,495,Atp5a1,0.572738295875936
celltype_specific,DCT,496,Hnrnpk,0.5720143559890958
celltype_specific,DCT,497,Rpl23a,0.5715928670997443
celltype_specific,DCT,498,Ube2d3,0.5708018096361293
celltype_specific,DCT,499,Idh3g,0.5702909742082868
celltype_specific,DCT,500,Rab14,0.5702825097993771
celltype_specific,Endo,1,Igfbp5,3.419215668792869
celltype_specific,Endo,2,Fabp4,2.636220536822966
celltype_specific,Endo,3,Plvap,2.3523140350601643
celltype_specific,Endo,4,Vim,2.2274693080357144
celltype_specific,Endo,5,Plpp3,2.1358014325996333
celltype_specific,Endo,6,Esm1,2.011930409758973
celltype_specific,Endo,7,Emcn,1.9854102301620151
celltype_specific,Endo,8,S100a6,1.968071279823498
celltype_specific,Endo,9,Plpp1,1.9431111923116722
celltype_specific,Endo,10,Aqp1,1.8833391231078525
celltype_specific,Endo,11,Crip1,1.876234965834171
celltype_specific,Endo,12,Tm4sf1,1.8413737287133396
celltype_specific,Endo,13,Malat1,1.7953246954824977
celltype_specific,Endo,14,Klf2,1.7910165489001892
celltype_specific,Endo,15,Igfbp3,1.79066428308117
celltype_specific,Endo,16,Apoe,1.778797997769705
celltype_specific,Endo,17,Timp3,1.7714364476776845
celltype_specific,Endo,18,Kdr,1.7669922567925143
celltype_specific,Endo,19,Igfbp7,1.7318697291494205
celltype_specific,Endo,20,Fxyd2,1.7185332299181055
celltype_specific,Endo,21,Ly6a,1.713334097090823
celltype_specific,Endo,22,Ctla2a,1.6979822250842598
celltype_specific,Endo,23,Gng11,1.6784717050947553
celltype_specific,Endo,24,Tspan8,1.6380586362494087
celltype_specific,Endo,25,Ly6c1,1.6335960828479779
celltype_specific,Endo,26,Nrp1,1.6233301081517562
celltype_specific,Endo,27,Gpx3,1.5956307720664322
celltype_specific,Endo,28,Ly6e,1.595130942064067
celltype_specific,Endo,29,Rsad2,1.5935100169258514
celltype_specific,Endo,30,Pbx1,1.577421103543342
celltype_specific,Endo,31,Id3,1.5759845542366366
celltype_specific,Endo,32,Plscr2,1.5735239193139487
celltype_specific,Endo,33,Flt1,1.5378412771811436
celltype_specific,Endo,34,1810011O10Rik,1.5338119463528117
celltype_specific,Endo,35,Gpihbp1,1.5310693486411275
celltype_specific,Endo,36,Cldn5,1.5074686358983267
celltype_specific,Endo,37,Tmsb4x,1.500919511663316
celltype_specific,Endo,38,Actg1,1.4852440436154801
celltype_specific,Endo,39,Sox17,1.4708933906952164
celltype_specific,Endo,40,H2-K1,1.4545240158615185
celltype_specific,Endo,41,Actb,1.452266812211743
celltype_specific,Endo,42,Xist,1.4466586803194477
celltype_specific,Endo,43,Slc9a3r2,1.4340748710235336
celltype_specific,Endo,44,Rgcc,1.4318995768999083
celltype_specific,Endo,45,Ramp2,1.4257264511700272
celltype_specific,Endo,46,Cst3,1.4246405797288908
celltype_specific,Endo,47,Meis2,1.4057989634763777
celltype_specific,Endo,48,Sparc,1.4021432636589404
celltype_specific,Endo,49,Calm1,1.3957389030348273
celltype_specific,Endo,50,Crip2,1.387460468620654
celltype_specific,Endo,51,Srgn,1.376763090279831
celltype_specific,Endo,52,Col4a1,1.3759820481573735
celltype_specific,Endo,53,Gimap4,1.3726754382520547
celltype_specific,Endo,54,Miox,1.3702521346713872
celltype_specific,Endo,55,Bst2,1.369551645096677
celltype_specific,Endo,56,Id1,1.3643747724895785
celltype_specific,Endo,57,S100a10,1.356787271057533
celltype_specific,Endo,58,Rpl12,1.3526995324141142
celltype_specific,Endo,59,Eng,1.3519208577858917
celltype_specific,Endo,60,Tspo,1.3380847595272587
celltype_specific,Endo,61,Sgk1,1.335707622084171
celltype_specific,Endo,62,Ehd4,1.3343388062100876
celltype_specific,Endo,63,Gpx1,1.3322261351961624
celltype_specific,Endo,64,Ptprb,1.3300336045596322
celltype_specific,Endo,65,Hsp90ab1,1.3277108617401845
celltype_specific,Endo,66,Prkcdbp,1.3247615124892829
celltype_specific,Endo,67,Rps3,1.3201063547702814
celltype_specific,Endo,68,Aldob,1.30999787618444
celltype_specific,Endo,69,Ifitm3,1.3084976643803217
celltype_specific,Endo,70,B2m,1.3082740805345316
celltype_specific,Endo,71,Rpl39,1.305556254896671
celltype_specific,Endo,72,Rps21,1.3023697808878312
celltype_specific,Endo,73,Dbi,1.3018945785998848
celltype_specific,Endo,74,Rps25,1.3010735489223628
celltype_specific,Endo,75,Rplp2,1.2966113419835028
celltype_specific,Endo,76,Cd9,1.2960919945896405
celltype_specific,Endo,77,Ifitm2,1.2949244157255204
celltype_specific,Endo,78,Rps7,1.294542729459851
celltype_specific,Endo,79,H2-T23,1.2923056206391912
celltype_specific,Endo,80,Sptbn1,1.2919317875251302
celltype_specific,Endo,81,Slc6a6,1.2890708439735838
celltype_specific,Endo,82,Tcf4,1.2873252789254672
celltype_specific,Endo,83,Txnip,1.2849654068671654
celltype_specific,Endo,84,Rps26,1.2842139295507629
celltype_specific,Endo,85,H3f3b,1.2810918975801207
celltype_specific,Endo,86,Gnai2,1.2809575855901136
celltype_specific,Endo,87,Pecam1,1.279964566117993
celltype_specific,Endo,88,Podxl,1.2770935462800084
celltype_specific,Endo,89,Sox18,1.2735405437429783
celltype_specific,Endo,90,Vamp5,1.272815513069492
celltype_specific,Endo,91,Rps27,1.2712851590217005
celltype_specific,Endo,92,Chchd10,1.2698454915518567
celltype_specific,Endo,93,Rpl3,1.2698288613484507
celltype_specific,Endo,94,Cd300lg,1.2663613773226852
celltype_specific,Endo,95,Cox6c,1.2657763463997458
celltype_specific,Endo,96,Fam167b,1.2652940127572139
celltype_specific,Endo,97,Atox1,1.2642144353861164
celltype_specific,Endo,98,Eef2,1.2638854691749941
celltype_specific,Endo,99,Plat,1.2627788099796002
celltype_specific,Endo,100,Rpl35a,1.26213935556114
celltype_specific,Endo,101,Rpl34,1.2615030193058183
celltype_specific,Endo,102,Ybx1,1.2589836012335915
celltype_specific,Endo,103,Gng5,1.2580571025750946
celltype_specific,Endo,104,Ifi27l2a,1.257151362798974
celltype_specific,Endo,105,App,1.254449965261353
celltype_specific,Endo,106,Rpl21,1.25407607440353
celltype_specific,Endo,107,Laptm4a,1.2534125408363883
celltype_specific,Endo,108,Myl6,1.2515516326240244
celltype_specific,Endo,109,Myl12b,1.2502136519187559
celltype_specific,Endo,110,Rpl30,1.2495155298382805
celltype_specific,Endo,111,Rpl37,1.248820756895991
celltype_specific,Endo,112,Rps5,1.248789921727176
celltype_specific,Endo,113,Hspa8,1.2482626634379435
celltype_specific,Endo,114,H3f3a,1.247931733938919
celltype_specific,Endo,115,Rpl10a,1.247778193276224
celltype_specific,Endo,116,Atp5b,1.2477700514058065
celltype_specific,Endo,117,Rpl5,1.2471202031102175
celltype_specific,Endo,118,Rpl14,1.2434591908666923
celltype_specific,Endo,119,Rpl13a,1.2426949521789261
celltype_specific,Endo,120,Cd81,1.2407075273844017
celltype_specific,Endo,121,Sepw1,1.2362268713136382
celltype_specific,Endo,122,Rps12,1.235305482978063
celltype_specific,Endo,123,Icam2,1.2349673932525722
celltype_specific,Endo,124,Psmb8,1.234501689813446
celltype_specific,Endo,125,Gimap6,1.2339899357242639
celltype_specific,Endo,126,Rpl6,1.23252402371467
celltype_specific,Endo,127,Gpx4,1.2286371756186436
celltype_specific,Endo,128,Clec2d,1.2283800715191135
celltype_specific,Endo,129,H2-D1,1.2275215083964048
celltype_specific,Endo,130,Rpl17,1.226552221610395
celltype_specific,Endo,131,Eif1,1.225720942415149
celltype_specific,Endo,132,Rpl26,1.2246357061553925
celltype_specific,Endo,133,Uqcrb,1.2242637497135909
celltype_specific,Endo,134,Naca,1.2241156080926265
celltype_specific,Endo,135,mt-Nd4l,1.2226077452400663
celltype_specific,Endo,136,Rpl36a,1.2218423516770636
celltype_specific,Endo,137,Rpl38,1.2212106926664499
celltype_specific,Endo,138,Atp5h,1.2209806415193354
celltype_specific,Endo,139,Ddx5,1.2207581548050201
celltype_specific,Endo,140,Pfn1,1.2206615494914854
celltype_specific,Endo,141,Rps14,1.220365439480842
celltype_specific,Endo,142,Marcks,1.2192995185094164
celltype_specific,Endo,143,Rpl37a,1.2192584915666391
celltype_specific,Endo,144,Rpl22,1.2188646791109863
celltype_specific,Endo,145,Fxyd5,1.2188295420319153
celltype_specific,Endo,146,Rpl7a,1.2176909216643508
celltype_specific,Endo,147,Clic1,1.2163784637018094
celltype_specific,Endo,148,Hmgb1,1.216202460715764
celltype_specific,Endo,149,Dynll1,1.2126324815127572
celltype_specific,Endo,150,Rpl36,1.2122885307954412
celltype_specific,Endo,151,Rps17,1.2120512039343365
celltype_specific,Endo,152,Cd74,1.2117104868676827
celltype_specific,Endo,153,Adgrl4,1.2102109391168254
celltype_specific,Endo,154,Ptma,1.2098960335117077
celltype_specific,Endo,155,Cox7c,1.2096819196428572
celltype_specific,Endo,156,Rpl18,1.2094393958431882
celltype_specific,Endo,157,Gnb2l1,1.2084295729363765
celltype_specific,Endo,158,Epas1,1.208171342833491
celltype_specific,Endo,159,Rhoa,1.2072997584924905
celltype_specific,Endo,160,Rpl10,1.2066336264560666
celltype_specific,Endo,161,Cox7a2,1.2055867897979244
celltype_specific,Endo,162,Ednrb,1.2050965741319033
celltype_specific,Endo,163,Rps6,1.2043036079226288
celltype_specific,Endo,164,Rps2,1.2021122899050969
celltype_specific,Endo,165,Rps15,1.2010308647336212
celltype_specific,Endo,166,Fabp5,1.200870625794554
celltype_specific,Endo,167,Tinagl1,1.2007206075013304
celltype_specific,Endo,168,Hsp90b1,1.2003312124434573
celltype_specific,Endo,169,Serf2,1.2002994245025722
celltype_specific,Endo,170,Selm,1.199946177039602
celltype_specific,Endo,171,Fkbp1a,1.1996058353074002
celltype_specific,Endo,172,Cox5b,1.199366718389679
celltype_specific,Endo,173,Prdx1,1.1956204474818177
celltype_specific,Endo,174,Rps15a,1.1938337977471618
celltype_specific,Endo,175,Cd34,1.193400835020991
celltype_specific,Endo,176,Rpl9,1.1931941123536542
celltype_specific,Endo,177,Gapdh,1.192080610522484
celltype_specific,Endo,178,Rpl7,1.1919660180271405
celltype_specific,Endo,179,Pfdn5,1.1912233755062973
celltype_specific,Endo,180,Ndufa4,1.1906261895214936
celltype_specific,Endo,181,Atp5j,1.1903733007165769
celltype_specific,Endo,182,Serinc3,1.189060005469489
celltype_specific,Endo,183,Prdx5,1.1883304419106995
celltype_specific,Endo,184,Cox8a,1.1879540391992371
celltype_specific,Endo,185,Ebf1,1.187143749861415
celltype_specific,Endo,186,Arpc3,1.1858657937965646
celltype_specific,Endo,187,AU021092,1.1857344556102916
celltype_specific,Endo,188,Egfl7,1.1852949967109154
celltype_specific,Endo,189,Rps29,1.1850301838191817
celltype_specific,Endo,190,Rpl35,1.1839305982346116
celltype_specific,Endo,191,Calm2,1.1838368512372872
celltype_specific,Endo,192,S100a13,1.1835790253407343
celltype_specific,Endo,193,Hint1,1.182319662767192
celltype_specific,Endo,194,Akr1a1,1.1821769201879582
celltype_specific,Endo,195,Txn1,1.1821399930522707
celltype_specific,Endo,196,Gm8730,1.1818483293112878
celltype_specific,Endo,197,Uqcrh,1.1817702308734184
celltype_specific,Endo,198,Rpl24,1.1812287964906576
celltype_specific,Endo,199,Itm2b,1.1758911941225165
celltype_specific,Endo,200,Aplp2,1.1749289520754493
celltype_specific,Endo,201,Gnas,1.1742254020813623
celltype_specific,Endo,202,Rpl4,1.174115082624394
celltype_specific,Endo,203,Cox6b1,1.1738087808397883
celltype_specific,Endo,204,Cfl1,1.1724441225165563
celltype_specific,Endo,205,Ifi203,1.16973749916849
celltype_specific,Endo,206,Rbm39,1.1691328064946487
celltype_specific,Endo,207,Rps19,1.16903481533083
celltype_specific,Endo,208,Rps16,1.167696083956658
celltype_specific,Endo,209,Atp5e,1.1676707344452164
celltype_specific,Endo,210,Ndufb9,1.1669107110520636
celltype_specific,Endo,211,Tmem176b,1.1665552115823823
celltype_specific,Endo,212,Atp5a1,1.165075874148164
celltype_specific,Endo,213,Chchd2,1.162415532425201
celltype_specific,Endo,214,Cox5a,1.161701992760318
celltype_specific,Endo,215,Anxa2,1.1616914545237849
celltype_specific,Endo,216,Lmo2,1.1601299188446075
celltype_specific,Endo,217,Oaz1,1.1586693481329824
celltype_specific,Endo,218,Atp5g2,1.1573063355069626
celltype_specific,Endo,219,Rpl32,1.1563423900189216
celltype_specific,Endo,220,Atp5l,1.1561661560578287
celltype_specific,Endo,221,Cd47,1.1561490927762093
celltype_specific,Endo,222,Rps11,1.153803974249054
celltype_specific,Endo,223,Cyb5a,1.1515083421257835
celltype_specific,Endo,224,Rps4x,1.1507593766630204
celltype_specific,Endo,225,Cald1,1.1505135037251655
celltype_specific,Endo,226,Zbtb20,1.1503135659498434
celltype_specific,Endo,227,Ldhb,1.1475710259819212
celltype_specific,Endo,228,Tceb2,1.1471577827504138
celltype_specific,Endo,229,Rps13,1.1463914075434603
celltype_specific,Endo,230,Rps18,1.144109605051147
celltype_specific,Endo,231,Hspb1,1.1420784682289202
celltype_specific,Endo,232,Myl12a,1.13633894040659
celltype_specific,Endo,233,Ehd3,1.1358345775189216
celltype_specific,Endo,234,Rpl28,1.1349763897306646
celltype_specific,Endo,235,Rpl18a,1.1308743883780747
celltype_specific,Endo,236,Rpsa,1.1291572043888956
celltype_specific,Endo,237,Rdx,1.128223891966503
celltype_specific,Endo,238,Gm10709,1.125294897391645
celltype_specific,Endo,239,Slc25a5,1.1247691981839818
celltype_specific,Endo,240,Anxa5,1.1247397199935696
celltype_specific,Endo,241,Gas6,1.123995547263038
celltype_specific,Endo,242,Rabac1,1.1232773303534473
celltype_specific,Endo,243,Eef1b2,1.1229295108040889
celltype_specific,Endo,244,Aldoa,1.1219437381740776
celltype_specific,Endo,245,Rpl8,1.1201117595863883
celltype_specific,Endo,246,Gnb2,1.119436504035596
celltype_specific,Endo,247,H2afz,1.1192914805777703
celltype_specific,Endo,248,Cdh5,1.1188249109822168
celltype_specific,Endo,249,Atp5d,1.1185619458908616
celltype_specific,Endo,250,Calr,1.116909810249379
celltype_specific,Endo,251,Rpl41,1.115084125731729
celltype_specific,Endo,252,Cox6a1,1.115071220000961
celltype_specific,Endo,253,Ppib,1.1130775588801591
celltype_specific,Endo,254,Slc25a3,1.1106407143873434
celltype_specific,Endo,255,S100a11,1.1102744745779625
celltype_specific,Endo,256,Shfm1,1.109922266502705
celltype_specific,Endo,257,Rps20,1.1089518537133396
celltype_specific,Endo,258,Rps28,1.1089027426439066
celltype_specific,Endo,259,Rps3a1,1.1071957504286898
celltype_specific,Endo,260,Sparcl1,1.1048679550300822
celltype_specific,Endo,261,Cdc42,1.1048407577182622
celltype_specific,Endo,262,Cox4i1,1.1043954089551797
celltype_specific,Endo,263,Tmem59,1.1039330257823587
celltype_specific,Endo,264,Atp5j2,1.1025713701347417
celltype_specific,Endo,265,Btf3,1.1013700689137151
celltype_specific,Endo,266,Sumo2,1.1008929033378667
celltype_specific,Endo,267,Rps9,1.0979208319166864
celltype_specific,Endo,268,Rpl11,1.0970545600017738
celltype_specific,Endo,269,Rps24,1.0928321051620151
celltype_specific,Endo,270,Tmbim6,1.0927148853255084
celltype_specific,Endo,271,Rpl23,1.0920666538552508
celltype_specific,Endo,272,Nfat5,1.0916048192481669
celltype_specific,Endo,273,Rps27a,1.091505269002779
celltype_specific,Endo,274,Rpl36al,1.0908635914494886
celltype_specific,Endo,275,Col4a2,1.0907391536427538
celltype_specific,Endo,276,Lamp1,1.0901647187001093
celltype_specific,Endo,277,Rps23,1.0882316596573438
celltype_specific,Endo,278,Uqcr10,1.0881892757361638
celltype_specific,Endo,279,Uqcr11,1.0861743649110098
celltype_specific,Endo,280,Selk,1.0848438042791362
celltype_specific,Endo,281,Psma7,1.0846969907646937
celltype_specific,Endo,282,Uqcrq,1.0842061976610542
celltype_specific,Endo,283,Atpif1,1.0812472340738086
celltype_specific,Endo,284,Scand1,1.080857694656531
celltype_specific,Endo,285,Pebp1,1.0748356843513482
celltype_specific,Endo,286,Atp5o,1.0738330794147646
celltype_specific,Endo,287,Arpc2,1.0730592263906547
celltype_specific,Endo,288,Btg1,1.0715865583609272
celltype_specific,Endo,289,Esam,1.0710999516800201
celltype_specific,Endo,290,Rplp0,1.0691137683763747
celltype_specific,Endo,291,Gabarap,1.067681723083092
celltype_specific,Endo,292,Tmem176a,1.0669690784465173
celltype_specific,Endo,293,Sh3bgrl3,1.0664160664395104
celltype_specific,Endo,294,Ndufa13,1.0658073894461033
celltype_specific,Endo,295,Bsg,1.0636693977926177
celltype_specific,Endo,296,Aes,1.0633877814661927
celltype_specific,Endo,297,Smdt1,1.0628580113233208
celltype_specific,Endo,298,Morf4l1,1.0611202128111696
celltype_specific,Endo,299,Mndal,1.0609334983573055
celltype_specific,Endo,300,Tek,1.059858194024583
celltype_specific,Endo,301,Srrm2,1.059036615781324
celltype_specific,Endo,302,Park7,1.0584449443257746
celltype_specific,Endo,303,Msn,1.0559372193653176
celltype_specific,Endo,304,Pi16,1.0547279206332782
celltype_specific,Endo,305,Atp1a1,1.0538492049376922
celltype_specific,Endo,306,Ndufb7,1.053714921819566
celltype_specific,Endo,307,Rsrp1,1.0527889717268064
celltype_specific,Endo,308,Adgrf5,1.051887216270252
celltype_specific,Endo,309,Rps10,1.0494062555434012
celltype_specific,Endo,310,Eva1b,1.0478562974884698
celltype_specific,Endo,311,Ndrg1,1.0454157285230161
celltype_specific,Endo,312,Pomp,1.044602407637698
celltype_specific,Endo,313,Map1lc3b,1.0433288400987464
celltype_specific,Endo,314,Psap,1.0432980626736932
celltype_specific,Endo,315,Erdr1,1.0412232426956451
celltype_specific,Endo,316,Rbx1,1.039044888152643
celltype_specific,Endo,317,S100a1,1.0372319361344755
celltype_specific,Endo,318,Tmsb10,1.036543110799654
celltype_specific,Endo,319,Klk1,1.0324815156444018
celltype_specific,Endo,320,Cd93,1.0324048174927567
celltype_specific,Endo,321,Hnrnpk,1.0323053538630114
celltype_specific,Endo,322,Ubb,1.0309446509874645
celltype_specific,Endo,323,Edf1,1.0278141884275958
celltype_specific,Endo,324,Bri3,1.0231779995343544
celltype_specific,Endo,325,Rps8,1.022535542440279
celltype_specific,Endo,326,Jund,1.0218108582293637
celltype_specific,Endo,327,Ndufa6,1.0206442898810755
celltype_specific,Endo,328,Cd200,1.0194471173390196
celltype_specific,Endo,329,Rpl31,1.0190169551852974
celltype_specific,Endo,330,Cox7b,1.0185803546021317
celltype_specific,Endo,331,S100a16,1.0184120026645282
celltype_specific,Endo,332,Hnrnpf,1.0158350429336418
celltype_specific,Endo,333,Arpc1b,1.0153671163596854
celltype_specific,Endo,334,Fau,1.0152261060933065
celltype_specific,Endo,335,Atp5g1,1.0146871546923042
celltype_specific,Endo,336,Atp6v1f,1.0129214659431913
celltype_specific,Endo,337,Rpl27a,1.0104442296889782
celltype_specific,Endo,338,Snx3,1.0097592154424373
celltype_specific,Endo,339,Itgb1,1.008572090314939
celltype_specific,Endo,340,Psmb10,1.0071034066047777
celltype_specific,Endo,341,Ndufb11,1.0062168088857024
celltype_specific,Endo,342,Ubc,1.005536298652584
celltype_specific,Endo,343,Hnrnpa2b1,1.0041537975069477
celltype_specific,Endo,344,Psme1,1.0010330647709467
celltype_specific,Endo,345,Gimap1,1.0006713722828096
celltype_specific,Endo,346,Atp5f1,1.00032509737908
celltype_specific,Endo,347,Ndufs5,0.998286367252173
celltype_specific,Endo,348,Tuba1a,0.9960993222730162
celltype_specific,Endo,349,Mdh1,0.995640981163523
celltype_specific,Endo,350,Cyba,0.9937316548068679
celltype_specific,Endo,351,Son,0.9934356025399864
celltype_specific,Endo,352,Mef2c,0.9933928432843543
celltype_specific,Endo,353,Clta,0.9928588001031072
celltype_specific,Endo,354,Snrpb,0.9926590933028323
celltype_specific,Endo,355,Psmb9,0.9921751139630883
celltype_specific,Endo,356,Rbms1,0.9909935899804873
celltype_specific,Endo,357,Rhoc,0.9885567743595524
celltype_specific,Endo,358,Klf7,0.986326161712098
celltype_specific,Endo,359,Scp2,0.9862052462748344
celltype_specific,Endo,360,Tubb5,0.985388720610735
celltype_specific,Endo,361,Tubb4b,0.9853555468195659
celltype_specific,Endo,362,Ets2,0.9844963052076559
celltype_specific,Endo,363,Rpl13,0.9842463468986519
celltype_specific,Endo,364,Arf5,0.9789363171767828
celltype_specific,Endo,365,Slc25a4,0.9788512606156132
celltype_specific,Endo,366,Rac1,0.9787319331318
celltype_specific,Endo,367,Ctsl,0.9770938003525603
celltype_specific,Endo,368,Eif3f,0.9707335559624822
celltype_specific,Endo,369,Dnaja1,0.9690295086791184
celltype_specific,Endo,370,Ptms,0.9687595854644631
celltype_specific,Endo,371,Sh3glb1,0.9681919354138334
celltype_specific,Endo,372,Rras,0.9677574424779742
celltype_specific,Endo,373,Nedd8,0.9665490820820645
celltype_specific,Endo,374,Ndufa7,0.9661704995435934
celltype_specific,Endo,375,Rpl19,0.9650578638688505
celltype_specific,Endo,376,Ifi27,0.9650526380584052
celltype_specific,Endo,377,Eif5a,0.9643627444639901
celltype_specific,Endo,378,D8Ertd738e,0.9629243473569064
celltype_specific,Endo,379,Anp32a,0.9624155670714581
celltype_specific,Endo,380,Ndufb8,0.9620076795738602
celltype_specific,Endo,381,Arf1,0.9614919556010525
celltype_specific,Endo,382,Ctnnb1,0.9605238236902791
celltype_specific,Endo,383,Mgll,0.9595145493492047
celltype_specific,Endo,384,Atp6v1g1,0.9590356225886205
celltype_specific,Endo,385,Clic4,0.9586912099212098
celltype_specific,Endo,386,Cnbp,0.9563138559390152
celltype_specific,Endo,387,Kitl,0.9544774455176058
celltype_specific,Endo,388,Atp5c1,0.9540572730346795
celltype_specific,Endo,389,Ostf1,0.9536405218696414
celltype_specific,Endo,390,Mal,0.9535875564041065
celltype_specific,Endo,391,Rpl23a,0.9531582604068117
celltype_specific,Endo,392,Gabarapl2,0.9530549856887861
celltype_specific,Endo,393,Fus,0.9528934186431971
celltype_specific,Endo,394,Npm1,0.9524390618532699
celltype_specific,Endo,395,Mmrn2,0.9520733417377454
celltype_specific,Endo,396,Sdpr,0.9518615376193679
celltype_specific,Endo,397,Clic5,0.9509357607578938
celltype_specific,Endo,398,Ecscr,0.9500538114116456
celltype_specific,Endo,399,Rasip1,0.9494729957833196
celltype_specific,Endo,400,Sepp1,0.9444367292362672
celltype_specific,Endo,401,Atp6v0e,0.9434945964542558
celltype_specific,Endo,402,AW112010,0.9412956562601629
celltype_specific,Endo,403,Psma3,0.9409498721784089
celltype_specific,Endo,404,Ywhae,0.939171321006349
celltype_specific,Endo,405,Chmp2a,0.9388297233473274
celltype_specific,Endo,406,Slc50a1,0.938567768771804
celltype_specific,Endo,407,Ndufb4,0.9381233006010895
celltype_specific,Endo,408,Srsf5,0.937496679733695
celltype_specific,Endo,409,Rpl22l1,0.9371254306529757
celltype_specific,Endo,410,Ppp1r2,0.935373066276904
celltype_specific,Endo,411,Serbp1,0.9344175946859109
celltype_specific,Endo,412,Ifi44,0.9331045737216916
celltype_specific,Endo,413,mt-Nd5,0.93308491197079
celltype_specific,Endo,414,Arhgap31,0.93267126453295
celltype_specific,Endo,415,Ndufb10,0.9318943510894631
celltype_specific,Endo,416,Psmb1,0.9310228533641054
celltype_specific,Endo,417,Csnk1a1,0.9308126083272972
celltype_specific,Endo,418,Atp5g3,0.9280673255306883
celltype_specific,Endo,419,Ndufa2,0.9271986861215409
celltype_specific,Endo,420,Eef1g,0.9249507214736578
celltype_specific,Endo,421,Hrsp12,0.9247896885578657
celltype_specific,Endo,422,Ndufc2,0.9236099257600003
celltype_specific,Endo,423,Rplp1,0.9223884575301561
celltype_specific,Endo,424,Arhgdia,0.9217798815883322
celltype_specific,Endo,425,Shisa5,0.9216808077289794
celltype_specific,Endo,426,Kank3,0.919340554113758
celltype_specific,Endo,427,Macf1,0.9185712484108917
celltype_specific,Endo,428,Nfib,0.9178974508900855
celltype_specific,Endo,429,Gimap5,0.9175905861038021
celltype_specific,Endo,430,Gnb1,0.9169506986071281
celltype_specific,Endo,431,Eif4g2,0.9149087925733207
celltype_specific,Endo,432,Gm10260,0.9141751003355606
celltype_specific,Endo,433,Ndufa8,0.9141414068505351
celltype_specific,Endo,434,Eef1d,0.9137745751675955
celltype_specific,Endo,435,Rps27l,0.9125300527408423
celltype_specific,Endo,436,Mgp,0.9093521536806336
celltype_specific,Endo,437,Ndufc1,0.9079534554098052
celltype_specific,Endo,438,Pdia3,0.907152910331791
celltype_specific,Endo,439,Mtdh,0.905766367122827
celltype_specific,Endo,440,Mif,0.9055310324215055
celltype_specific,Endo,441,2010107E04Rik,0.9052499357889369
celltype_specific,Endo,442,Isg15,0.905201301105539
celltype_specific,Endo,443,Hspg2,0.9050983295422629
celltype_specific,Endo,444,Ndufb5,0.9049415263570246
celltype_specific,Endo,445,Il10rb,0.9028655370677995
celltype_specific,Endo,446,Mtch1,0.9023166681757037
celltype_specific,Endo,447,Kcnq1ot1,0.9016535099430139
celltype_specific,Endo,448,Rhob,0.9014266491387403
celltype_specific,Endo,449,Fis1,0.9012251667177892
celltype_specific,Endo,450,Nedd4,0.8995022516602487
celltype_specific,Endo,451,Ubl5,0.8983844479188224
celltype_specific,Endo,452,Hspa5,0.897131855801354
celltype_specific,Endo,453,Prdx2,0.896852260506593
celltype_specific,Endo,454,Cox7a2l,0.8960047986220953
celltype_specific,Endo,455,Tmem50a,0.8944771874029904
celltype_specific,Endo,456,Dad1,0.8940662683578967
celltype_specific,Endo,457,Eif3k,0.8938981762672215
celltype_specific,Endo,458,Wasf2,0.8937507131354585
celltype_specific,Endo,459,Arglu1,0.8922894350627513
celltype_specific,Endo,460,Ctsd,0.8909916151438327
celltype_specific,Endo,461,Gm42418,0.8886358428926207
celltype_specific,Endo,462,Tmed10,0.8871383017374866
celltype_specific,Endo,463,Sec62,0.8866672425644513
celltype_specific,Endo,464,Ece1,0.8865095732227856
celltype_specific,Endo,465,Ndufa11,0.8860634882267399
celltype_specific,Endo,466,Ywhab,0.8857310573899081
celltype_specific,Endo,467,Exoc3l2,0.8850989653010806
celltype_specific,Endo,468,Ech1,0.8850974783992136
celltype_specific,Endo,469,Vdac2,0.8849399534169524
celltype_specific,Endo,470,Mapk3,0.8837057526876256
celltype_specific,Endo,471,Prex2,0.8819790987215069
celltype_specific,Endo,472,Psmb3,0.880597810194869
celltype_specific,Endo,473,Ube2d3,0.8788733071838783
celltype_specific,Endo,474,Mxd4,0.8787175000785316
celltype_specific,Endo,475,Rab2a,0.8781656862545826
celltype_specific,Endo,476,Anxa3,0.8779372519327991
celltype_specific,Endo,477,Psmb6,0.8776836413308597
celltype_specific,Endo,478,Pltp,0.8770493838509638
celltype_specific,Endo,479,Mrfap1,0.8765876502954633
celltype_specific,Endo,480,Kap,0.876314248019158
celltype_specific,Endo,481,Ppp1ca,0.8756466002089862
celltype_specific,Endo,482,1810037I17Rik,0.8753798384652909
celltype_specific,Endo,483,Eif3h,0.8749617447577903
celltype_specific,Endo,484,Dlc1,0.8734990375269779
celltype_specific,Endo,485,Ppia,0.8729997560903501
celltype_specific,Endo,486,Srp14,0.8721698771813283
celltype_specific,Endo,487,Tagln2,0.87132429196909
celltype_specific,Endo,488,S100g,0.8712125289180759
celltype_specific,Endo,489,Klf13,0.8703389668532329
celltype_specific,Endo,490,Ndufa12,0.8686994049158882
celltype_specific,Endo,491,Ywhaq,0.8682145161118954
celltype_specific,Endo,492,Txndc17,0.8681956483377188
celltype_specific,Endo,493,Etfb,0.8679410993996497
celltype_specific,Endo,494,Psmb4,0.8671559719060431
celltype_specific,Endo,495,Ndufab1,0.8668789317727428
celltype_specific,Endo,496,Gatm,0.8667201941714833
celltype_specific,Endo,497,Syf2,0.8643685650351821
celltype_specific,Endo,498,mt-Nd3,0.8639647051649716
celltype_specific,Endo,499,Luc7l2,0.8633057622268951
celltype_specific,Endo,500,Rap1b,0.8622654361778989
celltype_specific,Fib,1,Cd74,3.9318132496843434
celltype_specific,Fib,2,Lyz2,3.894979765920928
celltype_specific,Fib,3,H2-Ab1,3.6856088349313447
celltype_specific,Fib,4,H2-Eb1,3.439803923019255
celltype_specific,Fib,5,Apoe,3.1294658930614743
celltype_specific,Fib,6,H2-Aa,3.110555629537563
celltype_specific,Fib,7,Ifitm3,2.5136000508009784
celltype_specific,Fib,8,Malat1,2.1169353446575125
celltype_specific,Fib,9,Ifi27l2a,2.081559768830887
celltype_specific,Fib,10,Plac8,2.0430509201203932
celltype_specific,Fib,11,Irf8,1.9641296694977115
celltype_specific,Fib,12,Fcer1g,1.7525689096161814
celltype_specific,Fib,13,Naaa,1.7147587862881748
celltype_specific,Fib,14,Ifitm2,1.7142496590662484
celltype_specific,Fib,15,Cst3,1.6916429924242424
celltype_specific,Fib,16,Ly6e,1.6533123363148083
celltype_specific,Fib,17,Tyrobp,1.6489961412217882
celltype_specific,Fib,18,S100a6,1.6116142658272175
celltype_specific,Fib,19,H2-D1,1.5441922274502842
celltype_specific,Fib,20,Lst1,1.5340093554872456
celltype_specific,Fib,21,Crip1,1.515448445021504
celltype_specific,Fib,22,Fxyd2,1.5113764290857796
celltype_specific,Fib,23,Psap,1.472370956883286
celltype_specific,Fib,24,Ccr2,1.4578824284100773
celltype_specific,Fib,25,Vim,1.4269224995314473
celltype_specific,Fib,26,Ckb,1.410625843086628
celltype_specific,Fib,27,Ms4a6c,1.3919738615402069
celltype_specific,Fib,28,Actg1,1.3762709492384786
celltype_specific,Fib,29,Gpx3,1.3739321544916943
celltype_specific,Fib,30,Wfdc17,1.3707050554680102
celltype_specific,Fib,31,Aif1,1.3569611058090671
celltype_specific,Fib,32,Id2,1.3544388588028724
celltype_specific,Fib,33,Ctss,1.3375695739129576
celltype_specific,Fib,34,Ly6c2,1.314542202034382
celltype_specific,Fib,35,Lgals3,1.3119697185477825
celltype_specific,Fib,36,Tmsb10,1.2933933758976484
celltype_specific,Fib,37,Tmem176b,1.2804198216910314
celltype_specific,Fib,38,Cebpb,1.2667703339547822
celltype_specific,Fib,39,Cybb,1.261248964251894
celltype_specific,Fib,40,Xist,1.246550126509233
celltype_specific,Fib,41,Eef1b2,1.235655042860243
celltype_specific,Fib,42,Plbd1,1.1919309057370582
celltype_specific,Fib,43,F630028O10Rik,1.1820652701637961
celltype_specific,Fib,44,H2-K1,1.1662596114958175
celltype_specific,Fib,45,Ifi30,1.1648586928242384
celltype_specific,Fib,46,Prdx5,1.1607634419142598
celltype_specific,Fib,47,H2-DMa,1.1600110603101326
celltype_specific,Fib,48,Sat1,1.158094290531043
celltype_specific,Fib,49,Ppt1,1.1572590066929056
celltype_specific,Fib,50,Emp3,1.1557685389663235
celltype_specific,Fib,51,Mpeg1,1.1448627048068576
celltype_specific,Fib,52,Itm2b,1.1357043487857086
celltype_specific,Fib,53,Txn1,1.13398569280451
celltype_specific,Fib,54,Npc2,1.1285718667386757
celltype_specific,Fib,55,H2afz,1.1170994151722302
celltype_specific,Fib,56,Lsp1,1.115182279336332
celltype_specific,Fib,57,Psmb9,1.1147086403586648
celltype_specific,Fib,58,Rps28,1.1139873928493924
celltype_specific,Fib,59,Mbnl1,1.111265394422743
celltype_specific,Fib,60,H2-DMb1,1.1096457279089726
celltype_specific,Fib,61,S100a4,1.1038822212604562
celltype_specific,Fib,62,Cyba,1.1028420804726957
celltype_specific,Fib,63,Gm10709,1.102407359113597
celltype_specific,Fib,64,Msrb1,1.0989141078910443
celltype_specific,Fib,65,H3f3b,1.0971276639687895
celltype_specific,Fib,66,Fxyd5,1.0969048702355586
celltype_specific,Fib,67,Srgn,1.0837051699859928
celltype_specific,Fib,68,Rpl41,1.083682898319129
celltype_specific,Fib,69,Rps15a,1.0816872336647727
celltype_specific,Fib,70,Ptma,1.0777777469519414
celltype_specific,Fib,71,S100a11,1.0714152172358349
celltype_specific,Fib,72,Rpl3,1.0696210764875316
celltype_specific,Fib,73,Calm1,1.0574940382832227
celltype_specific,Fib,74,Naca,1.0531206227312184
celltype_specific,Fib,75,Btg1,1.042994489573469
celltype_specific,Fib,76,Tspo,1.041755907463305
celltype_specific,Fib,77,Sub1,1.0404811820598563
celltype_specific,Fib,78,Gm2a,1.038464478772096
celltype_specific,Fib,79,Rplp0,1.0346386842053346
celltype_specific,Fib,80,Pou2f2,1.028061760796441
celltype_specific,Fib,81,Ms4a4c,1.025055837149572
celltype_specific,Fib,82,Ccl6,1.0239867971401022
celltype_specific,Fib,83,Ptprc,1.0235107113616635
celltype_specific,Fib,84,Psmb8,1.0196726635248974
celltype_specific,Fib,85,Klf2,1.0188367246377348
celltype_specific,Fib,86,Ybx1,1.0172354958274148
celltype_specific,Fib,87,Gnas,1.0169404155076152
celltype_specific,Fib,88,Npm1,1.0151397242690579
celltype_specific,Fib,89,Atpif1,1.0127445567737927
celltype_specific,Fib,90,Rpl21,1.0039905586628
celltype_specific,Fib,91,Atp5h,1.0028362852154356
celltype_specific,Fib,92,Arpc2,1.0015108513109612
celltype_specific,Fib,93,Ccl5,0.9997389244310784
celltype_specific,Fib,94,Rps13,0.9965604531644571
celltype_specific,Fib,95,Rpl31,0.9964861628985164
celltype_specific,Fib,96,Rpl24,0.9946208915325127
celltype_specific,Fib,97,Ctsb,0.9923240777217981
celltype_specific,Fib,98,Eif3f,0.9868269640989978
celltype_specific,Fib,99,Eef2,0.9856239858299795
celltype_specific,Fib,100,Cd52,0.9846475003945707
celltype_specific,Fib,101,Actr3,0.9822086372760811
celltype_specific,Fib,102,Hsp90b1,0.9764250553015507
celltype_specific,Fib,103,Gngt2,0.970239292491566
celltype_specific,Fib,104,Shfm1,0.9698258987580887
celltype_specific,Fib,105,Hsp90ab1,0.9660441851375079
celltype_specific,Fib,106,Laptm5,0.9625543151238952
celltype_specific,Fib,107,Rpl35,0.9613285257358744
celltype_specific,Fib,108,Oaz1,0.9608387031940498
celltype_specific,Fib,109,Atp5l,0.9574980302290483
celltype_specific,Fib,110,Ly6c1,0.9569899915444731
celltype_specific,Fib,111,Rpl39,0.9549452656447285
celltype_specific,Fib,112,Ctsz,0.953765869140625
celltype_specific,Fib,113,Psme1,0.9493025962752525
celltype_specific,Fib,114,Rps12,0.9486749822443182
celltype_specific,Fib,115,Bst2,0.9486566216054589
celltype_specific,Fib,116,Ptms,0.9484726876923533
celltype_specific,Fib,117,Gnai2,0.9475205546677715
celltype_specific,Fib,118,Akr1a1,0.947332825323548
celltype_specific,Fib,119,Arhgdib,0.9449299899014559
celltype_specific,Fib,120,Gm10260,0.943807890920928
celltype_specific,Fib,121,Myl6,0.9427712180397727
celltype_specific,Fib,122,H3f3a,0.9396394671815814
celltype_specific,Fib,123,Ucp2,0.9391662135268702
celltype_specific,Fib,124,Arpc1b,0.9384407274650804
celltype_specific,Fib,125,Ptpn18,0.9373495699179293
celltype_specific,Fib,126,mt-Nd5,0.9366251627604166
celltype_specific,Fib,127,B2m,0.9352580369120896
celltype_specific,Fib,128,Pomp,0.9346178998850813
celltype_specific,Fib,129,Gdi2,0.9329849011970289
celltype_specific,Fib,130,Rpl37a,0.9314567488853378
celltype_specific,Fib,131,Rpl4,0.9293762361160433
celltype_specific,Fib,132,Rnase6,0.9293665645098446
celltype_specific,Fib,133,Miox,0.9259589031489208
celltype_specific,Fib,134,Cox8a,0.9258882156526199
celltype_specific,Fib,135,Tmem176a,0.9244366462784585
celltype_specific,Fib,136,Klk1,0.9216720889313053
celltype_specific,Fib,137,Hspa8,0.9201666321417298
celltype_specific,Fib,138,Calr,0.9190571910203106
celltype_specific,Fib,139,Atp5e,0.9170718722873263
celltype_specific,Fib,140,Rpl22l1,0.9169350441056069
celltype_specific,Fib,141,Rps3,0.916345153192077
celltype_specific,Fib,142,Rhoa,0.9151273014569523
celltype_specific,Fib,143,Rap1b,0.9086544923108033
celltype_specific,Fib,144,Serf2,0.9086003159031724
celltype_specific,Fib,145,Rpl26,0.9034413039082229
celltype_specific,Fib,146,Alox5ap,0.9027385519008444
celltype_specific,Fib,147,Mpc2,0.9023097259829743
celltype_specific,Fib,148,Atp5g1,0.9020327558421125
celltype_specific,Fib,149,S100a10,0.902008653891207
celltype_specific,Fib,150,Dynll1,0.9019596215450403
celltype_specific,Fib,151,Cdc42,0.9013620627046836
celltype_specific,Fib,152,Cox7a2l,0.9011714049059936
celltype_specific,Fib,153,Rgs10,0.8992074523309265
celltype_specific,Fib,154,Napsa,0.8963488183840357
celltype_specific,Fib,155,Cyb5a,0.8940348769679214
celltype_specific,Fib,156,Ctsh,0.8936094033597696
celltype_specific,Fib,157,Eif3h,0.8936038161769058
celltype_specific,Fib,158,Atp5g2,0.8925694552334872
celltype_specific,Fib,159,Psme2,0.8914573939159663
celltype_specific,Fib,160,Clta,0.8893930069123855
celltype_specific,Fib,161,Rpl35a,0.8878818088107638
celltype_specific,Fib,162,Cox7b,0.885641483345417
celltype_specific,Fib,163,Uqcrh,0.885175377431542
celltype_specific,Fib,164,Hspa5,0.8846875585690893
celltype_specific,Fib,165,Rpl12,0.8830435396444918
celltype_specific,Fib,166,Gapdh,0.882348378499349
celltype_specific,Fib,167,Coro1a,0.8819836703213778
celltype_specific,Fib,168,Gng5,0.8805415991580847
celltype_specific,Fib,169,Eif5a,0.8777261599145755
celltype_specific,Fib,170,Rps17,0.8753002436474117
celltype_specific,Fib,171,Mgl2,0.8746836113207268
celltype_specific,Fib,172,Rpl36al,0.8746491249161538
celltype_specific,Fib,173,Ubb,0.8735137322936395
celltype_specific,Fib,174,Gabarap,0.8733935885959201
celltype_specific,Fib,175,Gpx4,0.871694160230232
celltype_specific,Fib,176,Rpl36a,0.8697277030559502
celltype_specific,Fib,177,Anxa2,0.8694337787050189
celltype_specific,Fib,178,Txndc17,0.8691979417897234
celltype_specific,Fib,179,Pfn1,0.8688685869929766
celltype_specific,Fib,180,Lgals1,0.8687779012352529
celltype_specific,Fib,181,Ddx5,0.8685851819587477
celltype_specific,Fib,182,Taldo1,0.8681950424656724
celltype_specific,Fib,183,Rpl23a,0.8677000565962358
celltype_specific,Fib,184,Atox1,0.8673063335996686
celltype_specific,Fib,185,Cox6c,0.8654394824095447
celltype_specific,Fib,186,Erp29,0.8654222199411103
celltype_specific,Fib,187,Rps15,0.8639822295217803
celltype_specific,Fib,188,Tln1,0.8634719463309857
celltype_specific,Fib,189,Ostf1,0.8594147075306285
celltype_specific,Fib,190,Atp1a1,0.859188811947601
celltype_specific,Fib,191,Msn,0.8590640829067038
celltype_specific,Fib,192,Hint1,0.8561374779903528
celltype_specific,Fib,193,Bri3,0.8553885064943872
celltype_specific,Fib,194,Smdt1,0.855084852738814
celltype_specific,Fib,195,2700060E02Rik,0.8541896511809994
celltype_specific,Fib,196,Cox5a,0.8538234980419429
celltype_specific,Fib,197,Sec61b,0.8537266663830689
celltype_specific,Fib,198,Rpl27,0.8532609265260022
celltype_specific,Fib,199,Sec61g,0.8521958553429806
celltype_specific,Fib,200,Samhd1,0.8508512323552911
celltype_specific,Fib,201,Gpx1,0.8501409665502683
celltype_specific,Fib,202,Lamp1,0.8497546417544587
celltype_specific,Fib,203,Rpl14,0.8469934945154671
celltype_specific,Fib,204,Rps6,0.8464224458944918
celltype_specific,Fib,205,Atp5d,0.8454304704762469
celltype_specific,Fib,206,Cox7c,0.8428245698562776
celltype_specific,Fib,207,Prdx1,0.8427419180821891
celltype_specific,Fib,208,S100g,0.8406804402669271
celltype_specific,Fib,209,Clic1,0.839643536191998
celltype_specific,Fib,210,Fam46a,0.8388144367873066
celltype_specific,Fib,211,Rpl18,0.8357898442432133
celltype_specific,Fib,212,Rplp2,0.834811432193024
celltype_specific,Fib,213,Rpl7a,0.8319159613715278
celltype_specific,Fib,214,Slc25a5,0.8313209456626816
celltype_specific,Fib,215,Scand1,0.8312725490993924
celltype_specific,Fib,216,Wdfy4,0.8309534246271307
celltype_specific,Fib,217,Sepw1,0.8297203333690913
celltype_specific,Fib,218,Ppia,0.8286559750335385
celltype_specific,Fib,219,Rps25,0.8284761062776199
celltype_specific,Fib,220,Rps3a1,0.8276182232481061
celltype_specific,Fib,221,H2-T23,0.8270629728683317
celltype_specific,Fib,222,Ndufb9,0.8268523553405145
celltype_specific,Fib,223,Rps18,0.825378109710385
celltype_specific,Fib,224,Hp,0.8252373512345131
celltype_specific,Fib,225,Atp5j2,0.824544502027107
celltype_specific,Fib,226,Rpl10a,0.8243676387902462
celltype_specific,Fib,227,Basp1,0.8242985696503611
celltype_specific,Fib,228,Pdia3,0.8238804749768189
celltype_specific,Fib,229,Nsa2,0.8197317027082347
celltype_specific,Fib,230,Atp5b,0.8182334129256431
celltype_specific,Fib,231,Chchd2,0.8181201665088383
celltype_specific,Fib,232,Ahnak,0.8179763254493174
celltype_specific,Fib,233,Irf7,0.8161933783328894
celltype_specific,Fib,234,H2afj,0.8159674827498619
celltype_specific,Fib,235,Slc25a3,0.8155734514949298
celltype_specific,Fib,236,Btf3,0.8150814326122554
celltype_specific,Fib,237,Gnb2l1,0.8149833293876263
celltype_specific,Fib,238,Atp6v0e,0.8149424851542771
celltype_specific,Fib,239,Pfdn5,0.8135971685852668
celltype_specific,Fib,240,Lcp1,0.8135377132531368
celltype_specific,Fib,241,Myl12b,0.8130759036902225
celltype_specific,Fib,242,BC028528,0.8112081469911517
celltype_specific,Fib,243,Spi1,0.8111047263097282
celltype_specific,Fib,244,Eif1,0.8108702380247791
celltype_specific,Fib,245,Gm42418,0.8101281060112847
celltype_specific,Fib,246,Scp2,0.809612755823617
celltype_specific,Fib,247,Rps21,0.8089457810527146
celltype_specific,Fib,248,Ifngr1,0.8072410737625276
celltype_specific,Fib,249,Hnrnpf,0.8070408984868214
celltype_specific,Fib,250,Mcl1,0.8062403707793264
celltype_specific,Fib,251,Uqcrq,0.8048812981807825
celltype_specific,Fib,252,Ube2d3,0.8016904965795651
celltype_specific,Fib,253,Zeb2,0.8012755808204112
celltype_specific,Fib,254,mt-Nd3,0.8010255447541824
celltype_specific,Fib,255,Pabpc1,0.8007819821136166
celltype_specific,Fib,256,Rpl5,0.7993094704367898
celltype_specific,Fib,257,Psma7,0.7988720132847025
celltype_specific,Fib,258,Arhgdia,0.7975953034680299
celltype_specific,Fib,259,Atp5a1,0.797378289579141
celltype_specific,Fib,260,Cdk2ap2,0.7966872899219243
celltype_specific,Fib,261,Cd300a,0.7936717717334477
celltype_specific,Fib,262,Atp5f1,0.7935830318566525
celltype_specific,Fib,263,Sh3bgrl3,0.7926341355449021
celltype_specific,Fib,264,Adgre5,0.7913344797461924
celltype_specific,Fib,265,Ctsc,0.7901866411921954
celltype_specific,Fib,266,Rps2,0.7872611922447128
celltype_specific,Fib,267,Ywhae,0.7864152156945431
celltype_specific,Fib,268,Aldob,0.7863226225881865
celltype_specific,Fib,269,Eef1g,0.7855396078090475
celltype_specific,Fib,270,Cox6b1,0.7848144685379183
celltype_specific,Fib,271,Arpc3,0.7845285589044745
celltype_specific,Fib,272,Rpl8,0.7842974421953914
celltype_specific,Fib,273,Rpl15,0.7832872987997652
celltype_specific,Fib,274,Hn1,0.7818874782986112
celltype_specific,Fib,275,Ndufa2,0.7784370460895577
celltype_specific,Fib,276,Rpl9,0.7781251849550189
celltype_specific,Fib,277,Unc93b1,0.7777172435413707
celltype_specific,Fib,278,Ssr4,0.7764030032687717
celltype_specific,Fib,279,Arf5,0.774790407431246
celltype_specific,Fib,280,Rps27,0.7744094386245265
celltype_specific,Fib,281,Eif3k,0.7733482592033617
celltype_specific,Fib,282,Gpi1,0.7729288158994733
celltype_specific,Fib,283,Rsrp1,0.7724245822790897
celltype_specific,Fib,284,H2afy,0.7724044876869278
celltype_specific,Fib,285,Gm8730,0.7721739489622791
celltype_specific,Fib,286,Smpdl3a,0.7714918117330531
celltype_specific,Fib,287,Marcks,0.7702992757161459
celltype_specific,Fib,288,Sumo2,0.7699361088299992
celltype_specific,Fib,289,Slfn2,0.7681425845984257
celltype_specific,Fib,290,Atp5c1,0.7674624510485717
celltype_specific,Fib,291,Ly86,0.7669114006890191
celltype_specific,Fib,292,Dbi,0.7629679670237531
celltype_specific,Fib,293,Uqcr10,0.762788348727756
celltype_specific,Fib,294,Abracl,0.7621159023708768
celltype_specific,Fib,295,Cox5b,0.7614235926156092
celltype_specific,Fib,296,Eef1a1,0.7607690059777462
celltype_specific,Fib,297,Fyb,0.7606492090706873
celltype_specific,Fib,298,Pid1,0.7603638774216778
celltype_specific,Fib,299,Cfl1,0.7590699629350142
celltype_specific,Fib,300,Tmbim6,0.7587706247965494
celltype_specific,Fib,301,Psmb1,0.7576780608206084
celltype_specific,Fib,302,Tma7,0.7562593209623086
celltype_specific,Fib,303,Zfp706,0.7555942728061869
celltype_specific,Fib,304,Psmb3,0.7548539132782908
celltype_specific,Fib,305,Arpc5,0.7544709407921993
celltype_specific,Fib,306,Rbm39,0.7533716143983783
celltype_specific,Fib,307,Rps26,0.7521661315301452
celltype_specific,Fib,308,Ndufa6,0.7503541503289733
celltype_specific,Fib,309,Tpd52,0.7499085821286596
celltype_specific,Fib,310,Vdac2,0.7467253906558259
celltype_specific,Fib,311,Rpl22,0.7452841094045928
celltype_specific,Fib,312,Fn1,0.7434801236547605
celltype_specific,Fib,313,Efhd2,0.7423041565249665
celltype_specific,Fib,314,Hmgb2,0.7408655532682785
celltype_specific,Fib,315,Tubb5,0.740776639996153
celltype_specific,Fib,316,Cox6a1,0.739982084794478
celltype_specific,Fib,317,Rpl6,0.7399102413293087
celltype_specific,Fib,318,Aldoa,0.7395696351022432
celltype_specific,Fib,319,Ndufa4,0.7395268835202612
celltype_specific,Fib,320,Atp6v0b,0.7386812344946042
celltype_specific,Fib,321,Fam49b,0.738290401420208
celltype_specific,Fib,322,Slc25a4,0.7381061785148851
celltype_specific,Fib,323,Ppib,0.7380986839833886
celltype_specific,Fib,324,Anp32b,0.7376867544771445
celltype_specific,Fib,325,Ccdc12,0.7369860254152857
celltype_specific,Fib,326,Gnb2,0.7359682911574238
celltype_specific,Fib,327,Lamtor2,0.7336015026978772
celltype_specific,Fib,328,Itgb2,0.7333638547646879
celltype_specific,Fib,329,Cbfa2t3,0.7323185313831676
celltype_specific,Fib,330,Tmsb4x,0.7321413598879419
celltype_specific,Fib,331,Atp5j,0.7319960738673355
celltype_specific,Fib,332,Ndufa13,0.731754958027541
celltype_specific,Fib,333,AF251705,0.7307560275299381
celltype_specific,Fib,334,Ifitm6,0.7291243196737887
celltype_specific,Fib,335,Gmfg,0.729017026496656
celltype_specific,Fib,336,Mdh1,0.7287260883986347
celltype_specific,Fib,337,Rps27l,0.7265415191650391
celltype_specific,Fib,338,Ighm,0.7264710821286596
celltype_specific,Fib,339,Rpl19,0.7254971590909091
celltype_specific,Fib,340,Trf,0.7254861773866595
celltype_specific,Fib,341,Uqcr11,0.7253248041326349
celltype_specific,Fib,342,Cotl1,0.7211767061792239
celltype_specific,Fib,343,Sri,0.7203718628546204
celltype_specific,Fib,344,St8sia4,0.7203184956251972
celltype_specific,Fib,345,Ubl5,0.7199360240589489
celltype_specific,Fib,346,Eif4a1,0.7194444290315262
celltype_specific,Fib,347,H2-DMb2,0.7189844112203578
celltype_specific,Fib,348,mt-Nd4l,0.718756858748619
celltype_specific,Fib,349,Mndal,0.7180572856556285
celltype_specific,Fib,350,Uqcrb,0.7169467270976365
celltype_specific,Fib,351,Nedd8,0.7163259525491734
celltype_specific,Fib,352,Syngr2,0.7162780569057272
celltype_specific,Fib,353,Tpm3,0.7147707505659624
celltype_specific,Fib,354,Ptpn6,0.7138213533343691
celltype_specific,Fib,355,Ncl,0.7137812219484888
celltype_specific,Fib,356,Etfb,0.7135052921796086
celltype_specific,Fib,357,Ndufa7,0.7131999237368806
celltype_specific,Fib,358,Fis1,0.7128408412740688
celltype_specific,Fib,359,Neat1,0.7115610970391167
celltype_specific,Fib,360,Aes,0.7109894993329289
celltype_specific,Fib,361,Tceb2,0.7104335361056857
celltype_specific,Fib,362,Eif3e,0.7099766008781664
celltype_specific,Fib,363,Cox7a2,0.709679613209734
celltype_specific,Fib,364,Vamp8,0.7088875433411261
celltype_specific,Fib,365,Hspe1,0.707733154296875
celltype_specific,Fib,366,Atp5o,0.7062742252542515
celltype_specific,Fib,367,Cytip,0.7049623161855371
celltype_specific,Fib,368,Dock10,0.7040492163764106
celltype_specific,Fib,369,Sh3glb1,0.7038495998189906
celltype_specific,Fib,370,Map1lc3b,0.7038216446385239
celltype_specific,Fib,371,Ost4,0.7036563988887903
celltype_specific,Fib,372,Cap1,0.7024497600516888
celltype_specific,Fib,373,Iscu,0.7023453953290226
celltype_specific,Fib,374,Cox4i1,0.7022974804194286
celltype_specific,Fib,375,Actb,0.7018383295849117
celltype_specific,Fib,376,Rpl17,0.7017526337594697
celltype_specific,Fib,377,Rac1,0.7015391455756294
celltype_specific,Fib,378,Snrpe,0.7014841985220861
celltype_specific,Fib,379,2010107E04Rik,0.7013275069419784
celltype_specific,Fib,380,Srsf3,0.7007491564509845
celltype_specific,Fib,381,Klf13,0.7005684977830059
celltype_specific,Fib,382,Srrm2,0.6982417443786004
celltype_specific,Fib,383,Hmgb1,0.6978245552140053
celltype_specific,Fib,384,Psmb10,0.6971999659682765
celltype_specific,Fib,385,Spop,0.6967925062083234
celltype_specific,Fib,386,Rpl36,0.6965840657552084
celltype_specific,Fib,387,Anp32a,0.6965773611357717
celltype_specific,Fib,388,Stat1,0.695885282574278
celltype_specific,Fib,389,Calm2,0.6956941816541884
celltype_specific,Fib,390,Tagln2,0.6941714431300308
celltype_specific,Fib,391,Xlr,0.6927155966710563
celltype_specific,Fib,392,Pld4,0.6924407265403054
celltype_specific,Fib,393,Ncf4,0.6907521064835366
celltype_specific,Fib,394,Atp5k,0.6891261592055812
celltype_specific,Fib,395,Rbx1,0.6875301900536123
celltype_specific,Fib,396,Atp6v1f,0.686494711673621
celltype_specific,Fib,397,Ndufs5,0.6864540215694543
celltype_specific,Fib,398,Ndufb11,0.6862462746976602
celltype_specific,Fib,399,Eef1d,0.6861464567858764
celltype_specific,Fib,400,Iqgap1,0.684881557117809
celltype_specific,Fib,401,Ldha,0.6842845184634431
celltype_specific,Fib,402,Serinc3,0.6839378819321141
celltype_specific,Fib,403,Capza2,0.6837527727839923
celltype_specific,Fib,404,Ms4a6d,0.6837445750381007
celltype_specific,Fib,405,Jund,0.6828484776044133
celltype_specific,Fib,406,Rpl38,0.6826225820213857
celltype_specific,Fib,407,Serp1,0.6821746248187441
celltype_specific,Fib,408,Arf1,0.6811546556877367
celltype_specific,Fib,409,Snrpb,0.6798121327101582
celltype_specific,Fib,410,Hfe,0.6795089798744278
celltype_specific,Fib,411,Anxa1,0.6787343844018802
celltype_specific,Fib,412,Selplg,0.6765684840655086
celltype_specific,Fib,413,Gatm,0.673897213406033
celltype_specific,Fib,414,Pitpna,0.6734083541715988
celltype_specific,Fib,415,Anxa5,0.6722575871631352
celltype_specific,Fib,416,Mdh2,0.6721910996870561
celltype_specific,Fib,417,Minos1,0.6721098543417574
celltype_specific,Fib,418,Actr2,0.6719881886183613
celltype_specific,Fib,419,Tpm3-rs7,0.6706688813488892
celltype_specific,Fib,420,Srsf5,0.670645646374635
celltype_specific,Fib,421,Rap1a,0.6706026443327316
celltype_specific,Fib,422,Grn,0.6696510122279928
celltype_specific,Fib,423,Ptp4a2,0.6693651218606969
celltype_specific,Fib,424,Rpl13,0.6693543713502209
celltype_specific,Fib,425,AW112010,0.669138946918526
celltype_specific,Fib,426,Ppp1ca,0.6674805458145913
celltype_specific,Fib,427,Laptm4a,0.6671520387283479
celltype_specific,Fib,428,Rbm3,0.6667375082921501
celltype_specific,Fib,429,D8Ertd738e,0.6661874597722833
celltype_specific,Fib,430,Tmem59,0.6642170915699969
celltype_specific,Fib,431,Dnajc7,0.6639204121599294
celltype_specific,Fib,432,Pgls,0.6636248501864347
celltype_specific,Fib,433,Ywhaz,0.6623141934173276
celltype_specific,Fib,434,Prr13,0.6615623512653389
celltype_specific,Fib,435,Hnrnpa2b1,0.6610160981765901
celltype_specific,Fib,436,Cx3cr1,0.6600108869148024
celltype_specific,Fib,437,Chmp2a,0.6599611802534624
celltype_specific,Fib,438,C1qa,0.6571599497939601
celltype_specific,Fib,439,Set,0.6569965246951941
celltype_specific,Fib,440,Tmed10,0.656797235662287
celltype_specific,Fib,441,Clec12a,0.6562782538057578
celltype_specific,Fib,442,Erdr1,0.655470954047309
celltype_specific,Fib,443,Cd47,0.6544526032727174
celltype_specific,Fib,444,Snx3,0.6539549394087358
celltype_specific,Fib,445,Morf4l1,0.6538837317264441
celltype_specific,Fib,446,Eno1,0.6534855775158814
celltype_specific,Fib,447,Ier5,0.6534604929914378
celltype_specific,Fib,448,Sf3b1,0.653269122345279
celltype_specific,Fib,449,Tbca,0.6529671832768604
celltype_specific,Fib,450,Rps9,0.6529016976404671
celltype_specific,Fib,451,Rpl32,0.6527340050899622
celltype_specific,Fib,452,Rps7,0.652676360775726
celltype_specific,Fib,453,Dbnl,0.6520161291565558
celltype_specific,Fib,454,Rtn4,0.6512095518786498
celltype_specific,Fib,455,Mrpl33,0.650178793704871
celltype_specific,Fib,456,Reep5,0.6495600806342231
celltype_specific,Fib,457,Manf,0.6494179542618569
celltype_specific,Fib,458,Nap1l1,0.6488497570307568
celltype_specific,Fib,459,Ndufb8,0.6456037964483704
celltype_specific,Fib,460,Fth1,0.6452072605942235
celltype_specific,Fib,461,Tapbp,0.6449616750081381
celltype_specific,Fib,462,Stk38,0.6439396443993154
celltype_specific,Fib,463,Park7,0.6436426181985875
celltype_specific,Fib,464,Isg15,0.6414662948762527
celltype_specific,Fib,465,C1qb,0.6405552083795721
celltype_specific,Fib,466,Psmb5,0.6402227420999547
celltype_specific,Fib,467,Fabp4,0.6402058216056439
celltype_specific,Fib,468,Gpsm3,0.6400499825525765
celltype_specific,Fib,469,Ldhb,0.6398899290296767
celltype_specific,Fib,470,Metrnl,0.6398173004689843
celltype_specific,Fib,471,Cxx1a,0.6394064739497021
celltype_specific,Fib,472,Myl12a,0.6389159578265566
celltype_specific,Fib,473,Cd9,0.6388882145737157
celltype_specific,Fib,474,1110008F13Rik,0.6382830456049755
celltype_specific,Fib,475,Tgfb1,0.6359503774931936
celltype_specific,Fib,476,Snrpd2,0.6349947380297112
celltype_specific,Fib,477,Gsta2,0.6332962922375611
celltype_specific,Fib,478,Pcbp2,0.6323576069841481
celltype_specific,Fib,479,Klf6,0.6319669280389343
celltype_specific,Fib,480,Rps5,0.6316417347301136
celltype_specific,Fib,481,Brk1,0.6307022788307883
celltype_specific,Fib,482,Serbp1,0.6307014118541371
celltype_specific,Fib,483,Fuca1,0.6300095259541213
celltype_specific,Fib,484,Gltscr2,0.6287885338369043
celltype_specific,Fib,485,Chchd10,0.628763006191061
celltype_specific,Fib,486,Cd53,0.6278659165507615
celltype_specific,Fib,487,Tmem50a,0.6276549714984316
celltype_specific,Fib,488,Apbb1ip,0.627602548310251
celltype_specific,Fib,489,Aldh2,0.6273502388385811
celltype_specific,Fib,490,Nop10,0.6272324937762637
celltype_specific,Fib,491,Sec11c,0.6270313070277975
celltype_specific,Fib,492,Rps14,0.6268282803622159
celltype_specific,Fib,493,Btg2,0.6261670661695076
celltype_specific,Fib,494,Erh,0.6261165117976641
celltype_specific,Fib,495,Srsf9,0.6256842950377801
celltype_specific,Fib,496,Itgal,0.6253275293292422
celltype_specific,Fib,497,Pltp,0.6247662630948153
celltype_specific,Fib,498,Unc119,0.6246533056702277
celltype_specific,Fib,499,Esd,0.6239448123508029
celltype_specific,Fib,500,Skap2,0.623808330959744
celltype_specific,MC,1,Acta2,5.1845562013078865
celltype_specific,MC,2,Tagln,4.059250175454823
celltype_specific,MC,3,Tpm2,3.803285391549878
celltype_specific,MC,4,Rgs5,3.411891331579692
celltype_specific,MC,5,Myl9,3.186653413480371
celltype_specific,MC,6,Sparcl1,2.9876368105577558
celltype_specific,MC,7,Ren1,2.865336553632051
celltype_specific,MC,8,Crip1,2.739081167577037
celltype_specific,MC,9,Spp1,2.5110964549285124
celltype_specific,MC,10,Mgp,2.398436522417414
celltype_specific,MC,11,Myh11,2.373055205703778
celltype_specific,MC,12,Malat1,2.278648100191504
celltype_specific,MC,13,Tpm1,1.9644335903497128
celltype_specific,MC,14,Sncg,1.8798360160466356
celltype_specific,MC,15,Mustn1,1.8604402674937979
celltype_specific,MC,16,Gpx3,1.7971255161636055
celltype_specific,MC,17,Dstn,1.7400856974397196
celltype_specific,MC,18,Mylk,1.7380530907251044
celltype_specific,MC,19,Gng11,1.7347256971268932
celltype_specific,MC,20,H2-D1,1.6784718973058843
celltype_specific,MC,21,Apoe,1.6461119585382573
celltype_specific,MC,22,Myl6,1.601980565318158
celltype_specific,MC,23,Fxyd2,1.5855490171809714
celltype_specific,MC,24,S100a11,1.5366906296243907
celltype_specific,MC,25,Flna,1.506689937665934
celltype_specific,MC,26,Ppp1r14a,1.4995200919573686
celltype_specific,MC,27,Cald1,1.496316978858374
celltype_specific,MC,28,Tm4sf1,1.4892994660188892
celltype_specific,MC,29,Wtip,1.4881979429622214
celltype_specific,MC,30,Vim,1.4803830202575514
celltype_specific,MC,31,Ctsl,1.4756954267496518
celltype_specific,MC,32,Actb,1.4756143298985898
celltype_specific,MC,33,Cryab,1.454941433452298
celltype_specific,MC,34,Ckb,1.4429607338227934
celltype_specific,MC,35,Id3,1.4378314855038954
celltype_specific,MC,36,Pln,1.4328353159274896
celltype_specific,MC,37,Csrp1,1.4313657117753307
celltype_specific,MC,38,Hopx,1.4301503215991687
celltype_specific,MC,39,Igfbp5,1.4089182266617883
celltype_specific,MC,40,Gm13889,1.3911292200965137
celltype_specific,MC,41,Tmsb4x,1.3432431871844532
celltype_specific,MC,42,H2-K1,1.3411182201672398
celltype_specific,MC,43,Map3k7cl,1.3397890903823555
celltype_specific,MC,44,Akr1b7,1.2908910469756485
celltype_specific,MC,45,Mef2c,1.2766842855384424
celltype_specific,MC,46,Ebf1,1.2707562034840703
celltype_specific,MC,47,Itm2b,1.2622144268747824
celltype_specific,MC,48,Tmsb10,1.2573763919075884
celltype_specific,MC,49,Xist,1.2433706299508183
celltype_specific,MC,50,Tmem176b,1.2378798460893976
celltype_specific,MC,51,Id1,1.2318439536772066
celltype_specific,MC,52,Rarres2,1.2307410917574317
celltype_specific,MC,53,Ftl1,1.2180292241088526
celltype_specific,MC,54,B2m,1.2137094141713092
celltype_specific,MC,55,Fxyd1,1.2070907975305754
celltype_specific,MC,56,Ptp4a3,1.206289711104794
celltype_specific,MC,57,Prkcdbp,1.1985033508130767
celltype_specific,MC,58,Pfn1,1.1963798501697422
celltype_specific,MC,59,Cnn1,1.1773203475229588
celltype_specific,MC,60,Ndufa4l2,1.1766271989657686
celltype_specific,MC,61,Ifitm3,1.1721507207928925
celltype_specific,MC,62,Filip1l,1.1714378930732068
celltype_specific,MC,63,Col18a1,1.1675220797652985
celltype_specific,MC,64,Aldob,1.161737787358276
celltype_specific,MC,65,Dbi,1.1605823059932103
celltype_specific,MC,66,Gstm1,1.159756992520728
celltype_specific,MC,67,Chchd10,1.153893983463723
celltype_specific,MC,68,Col4a1,1.152336864418306
celltype_specific,MC,69,Cst3,1.1490916302609244
celltype_specific,MC,70,Pcp4l1,1.1451383287860157
celltype_specific,MC,71,Miox,1.1428799004939938
celltype_specific,MC,72,Zfhx3,1.1427587652604891
celltype_specific,MC,73,Slc6a6,1.1379297410545244
celltype_specific,MC,74,Bgn,1.137857867482645
celltype_specific,MC,75,Dynll1,1.1367012385206303
celltype_specific,MC,76,Cd9,1.1339049272882573
celltype_specific,MC,77,Cd63,1.13227950497258
celltype_specific,MC,78,Tmem176a,1.1301470573234027
celltype_specific,MC,79,Rasl11a,1.1291047417685847
celltype_specific,MC,80,Timp3,1.1254584862329169
celltype_specific,MC,81,Lgals1,1.12518854592836
celltype_specific,MC,82,Cdh16,1.1186815437168132
celltype_specific,MC,83,Sorbs2,1.1133698487348211
celltype_specific,MC,84,App,1.1126900250533165
celltype_specific,MC,85,Gpx1,1.1114745711217684
celltype_specific,MC,86,Ldhb,1.11146349893639
celltype_specific,MC,87,Hspb1,1.1025360659968555
celltype_specific,MC,88,Tinagl1,1.0994244631286452
celltype_specific,MC,89,Rock1,1.0847713289818723
celltype_specific,MC,90,Lbh,1.0779020261631702
celltype_specific,MC,91,Myl12a,1.0720711923243276
celltype_specific,MC,92,Rergl,1.0693320271696554
celltype_specific,MC,93,Jund,1.059776497418502
celltype_specific,MC,94,Tsc22d1,1.0588425660199774
celltype_specific,MC,95,Ppp1r12a,1.0571487341750632
celltype_specific,MC,96,Erdr1,1.055215777128852
celltype_specific,MC,97,Mpc2,1.0543418182968096
celltype_specific,MC,98,Prdx5,1.049628042577037
celltype_specific,MC,99,Sparc,1.0450408425503785
celltype_specific,MC,100,Hsp90b1,1.0379977425492906
celltype_specific,MC,101,Rpl6,1.0375730466709827
celltype_specific,MC,102,Rplp2,1.0367302429709262
celltype_specific,MC,103,Txnip,1.0317055109815678
celltype_specific,MC,104,Cd81,1.0300185859701427
celltype_specific,MC,105,Slc25a4,1.0233626936803621
celltype_specific,MC,106,Atpif1,1.02151157729805
celltype_specific,MC,107,Rps26,1.0210974648138276
celltype_specific,MC,108,Hrsp12,1.020668986115947
celltype_specific,MC,109,Rpl37a,1.0204542579757139
celltype_specific,MC,110,Gnb2l1,1.0184829839424834
celltype_specific,MC,111,Nr2f2,1.0164875678697336
celltype_specific,MC,112,Id2,1.0134653500527724
celltype_specific,MC,113,Bsg,1.0118832813996126
celltype_specific,MC,114,Ndufa4,1.0091914014895977
celltype_specific,MC,115,Rpl7,1.0083633465355153
celltype_specific,MC,116,Ctgf,1.006610158426184
celltype_specific,MC,117,Calm2,1.0047873494352804
celltype_specific,MC,118,Atp5e,1.0042093856088963
celltype_specific,MC,119,Atp5b,1.0017377168023154
celltype_specific,MC,120,Col4a2,1.0002811612525027
celltype_specific,MC,121,Actg1,0.9989043424388492
celltype_specific,MC,122,Rras,0.9971797379942657
celltype_specific,MC,123,Ddx5,0.9958112286325949
celltype_specific,MC,124,Rps2,0.9957842388524982
celltype_specific,MC,125,Uqcrh,0.9951505103151114
celltype_specific,MC,126,Tln1,0.9937790894574774
celltype_specific,MC,127,Ndufb8,0.9894030472694333
celltype_specific,MC,128,Rps19,0.9882524325655031
celltype_specific,MC,129,Gpi1,0.9871898427979195
celltype_specific,MC,130,Atp5l,0.986620252178904
celltype_specific,MC,131,Rps21,0.9865870568745647
celltype_specific,MC,132,Hmgb1,0.9852734409002872
celltype_specific,MC,133,Rps27,0.9851676919666174
celltype_specific,MC,134,Rpl26,0.9839718109385881
celltype_specific,MC,135,Itgb1,0.9835505578511272
celltype_specific,MC,136,Hnrnpk,0.9827027812309584
celltype_specific,MC,137,Timp2,0.9825117488425422
celltype_specific,MC,138,Arpc2,0.982375163553817
celltype_specific,MC,139,Rpl5,0.9812120952978107
celltype_specific,MC,140,Rpl22,0.9809971121360332
celltype_specific,MC,141,Rps18,0.9805471691248476
celltype_specific,MC,142,Ndufa13,0.9803769422440808
celltype_specific,MC,143,Sepw1,0.9798972892229936
celltype_specific,MC,144,Sept7,0.9796412475925966
celltype_specific,MC,145,Rps17,0.9791688626855197
celltype_specific,MC,146,Rpl36,0.9755354432342445
celltype_specific,MC,147,Laptm4a,0.9752694132600322
celltype_specific,MC,148,Aldoa,0.9748902387273677
celltype_specific,MC,149,Ifitm2,0.9744367041627676
celltype_specific,MC,150,Ndufb7,0.9737003082020369
celltype_specific,MC,151,Btf3,0.9732282633236856
celltype_specific,MC,152,Cox5a,0.9713950409530597
celltype_specific,MC,153,Atp5c1,0.9711260357274982
celltype_specific,MC,154,Ptrf,0.9700017094944181
celltype_specific,MC,155,Hsp90aa1,0.9694347753498216
celltype_specific,MC,156,Atp5g3,0.9690600636941809
celltype_specific,MC,157,Uba2,0.9690158812116447
celltype_specific,MC,158,Aplp2,0.9689251572972885
celltype_specific,MC,159,Rpl12,0.9684201296325513
celltype_specific,MC,160,Crip2,0.9684172393883835
celltype_specific,MC,161,Sumo2,0.9679091939687064
celltype_specific,MC,162,Cox7a2,0.9668993936607765
celltype_specific,MC,163,Hsp90ab1,0.9661191977498259
celltype_specific,MC,164,Gapdh,0.9660549323206824
celltype_specific,MC,165,Actn1,0.9657166462422746
celltype_specific,MC,166,Rpl36a,0.9655693287968967
celltype_specific,MC,167,Calm1,0.9637863031668915
celltype_specific,MC,168,Rps25,0.9628207916004744
celltype_specific,MC,169,Cyba,0.9625200999480437
celltype_specific,MC,170,Ccdc107,0.962204914571183
celltype_specific,MC,171,Ndrg1,0.961909047076297
celltype_specific,MC,172,Akap12,0.9603267446533883
celltype_specific,MC,173,Ndufb10,0.9597868427924791
celltype_specific,MC,174,Lmod1,0.9593061271816243
celltype_specific,MC,175,Myl12b,0.9570517792343097
celltype_specific,MC,176,Gm8730,0.9554648651718097
celltype_specific,MC,177,Zbtb20,0.9550783375179536
celltype_specific,MC,178,Selm,0.9547755419377829
celltype_specific,MC,179,Prdx2,0.9544083321659014
celltype_specific,MC,180,Aes,0.9542714068484506
celltype_specific,MC,181,Gsn,0.9541065566719077
celltype_specific,MC,182,Atp6v0e,0.9539046008606807
celltype_specific,MC,183,Ptms,0.9527793608004004
celltype_specific,MC,184,Rpl36al,0.9522334446814067
celltype_specific,MC,185,Uqcr10,0.951136767034079
celltype_specific,MC,186,Mdh1,0.9510623432467575
celltype_specific,MC,187,Cfh,0.9510073010967967
celltype_specific,MC,188,Atp5g1,0.9506581978545547
celltype_specific,MC,189,Ybx1,0.9484176423224234
celltype_specific,MC,190,Gng5,0.9483389681760315
celltype_specific,MC,191,Atp5h,0.9482934468303882
celltype_specific,MC,192,Hspa8,0.9475262995217836
celltype_specific,MC,193,Atp5o,0.9472557641669568
celltype_specific,MC,194,Aldh2,0.9472324721992514
celltype_specific,MC,195,Ywhaq,0.9465343932255397
celltype_specific,MC,196,Uqcrq,0.9444344183196597
celltype_specific,MC,197,Rpl30,0.9437647742481284
celltype_specific,MC,198,Akr1a1,0.9435960987484223
celltype_specific,MC,199,Pdzk1ip1,0.9432984035991361
celltype_specific,MC,200,Rpl35a,0.9430073602617949
celltype_specific,MC,201,Rpl34,0.9426419143889275
celltype_specific,MC,202,S100a10,0.9426238928664693
celltype_specific,MC,203,Cfl1,0.9418378739635924
celltype_specific,MC,204,Rps12,0.9408442675237204
celltype_specific,MC,205,Rps23,0.940617383356546
celltype_specific,MC,206,Slc25a5,0.9401998493332717
celltype_specific,MC,207,Pbxip1,0.9398321507700971
celltype_specific,MC,208,Rps15,0.939687234777594
celltype_specific,MC,209,Atp5d,0.9392635164818723
celltype_specific,MC,210,Pebp1,0.9386716114777376
celltype_specific,MC,211,Atp5a1,0.9385395528214223
celltype_specific,MC,212,Rps15a,0.9356927473232939
celltype_specific,MC,213,Cox6a1,0.9346535345305972
celltype_specific,MC,214,Rpl7a,0.9333644856317461
celltype_specific,MC,215,Cpe,0.9330115358145457
celltype_specific,MC,216,Hmgn1,0.9325148388535863
celltype_specific,MC,217,Rps3,0.9322672129341487
celltype_specific,MC,218,Rps13,0.9317252071454997
celltype_specific,MC,219,Rbpms,0.9315515374738857
celltype_specific,MC,220,Atp2a2,0.930184664500457
celltype_specific,MC,221,Des,0.9275471891865424
celltype_specific,MC,222,Rplp0,0.9271764303648372
celltype_specific,MC,223,Rpl14,0.9267529670906598
celltype_specific,MC,224,Nedd4,0.9260244980495952
celltype_specific,MC,225,Uqcr11,0.9259416160477237
celltype_specific,MC,226,Slc25a3,0.9249861778323033
celltype_specific,MC,227,Rbm39,0.9248962189825797
celltype_specific,MC,228,Cox7c,0.9238729237846013
celltype_specific,MC,229,Tceb2,0.9236572605653726
celltype_specific,MC,230,Rpl10,0.922658851219751
celltype_specific,MC,231,Eif1,0.9218501779030293
celltype_specific,MC,232,Cdc42,0.9210469237941221
celltype_specific,MC,233,Cox7b,0.9205205168232612
celltype_specific,MC,234,H3f3b,0.9190148483743906
celltype_specific,MC,235,Calr,0.919010938044046
celltype_specific,MC,236,Ncl,0.9186685503691352
celltype_specific,MC,237,Atp5j2,0.9185414858847275
celltype_specific,MC,238,Ptma,0.9180878450611508
celltype_specific,MC,239,Rps16,0.9171708725953168
celltype_specific,MC,240,Rpl21,0.9153084502578778
celltype_specific,MC,241,Edf1,0.9152656066384488
celltype_specific,MC,242,Rpl39,0.9147578587439067
celltype_specific,MC,243,Rps6,0.9143808093907774
celltype_specific,MC,244,Rpl4,0.9143037503808322
celltype_specific,MC,245,Eef1b2,0.9136591834278159
celltype_specific,MC,246,Ndufs7,0.9135892650211089
celltype_specific,MC,247,Ppib,0.9130774580336547
celltype_specific,MC,248,Atp5j,0.9123607412354195
celltype_specific,MC,249,Mfge8,0.9119026162830236
celltype_specific,MC,250,Bcam,0.9118408585657316
celltype_specific,MC,251,Rps7,0.9108958974854195
celltype_specific,MC,252,H2afz,0.910430058131311
celltype_specific,MC,253,Ndufa12,0.9102230443927903
celltype_specific,MC,254,Ndufa11,0.9098671405760359
celltype_specific,MC,255,Rpl41,0.9098417234287952
celltype_specific,MC,256,Ndufc1,0.9095423068840855
celltype_specific,MC,257,Palld,0.9092197683860332
celltype_specific,MC,258,Anxa5,0.9078627987492384
celltype_specific,MC,259,Rps4x,0.9068633268138492
celltype_specific,MC,260,Fis1,0.9066104942045504
celltype_specific,MC,261,H3f3a,0.9039315991414955
celltype_specific,MC,262,Tspo,0.9029372488887861
celltype_specific,MC,263,Uqcrb,0.9025673188870996
celltype_specific,MC,264,Sec62,0.9012919348926597
celltype_specific,MC,265,Rpl3,0.9006500669176533
celltype_specific,MC,266,Hint1,0.900560554355632
celltype_specific,MC,267,Pfdn5,0.8999450173550662
celltype_specific,MC,268,Igfbp7,0.8996517425792131
celltype_specific,MC,269,Morf4l1,0.8990569473309105
celltype_specific,MC,270,Rabac1,0.8988389889177838
celltype_specific,MC,271,Ndufs5,0.8987147721739532
celltype_specific,MC,272,Ndufa5,0.898030379356448
celltype_specific,MC,273,Gucy1a3,0.8971331710602912
celltype_specific,MC,274,Rpl17,0.8968960647795525
celltype_specific,MC,275,Nenf,0.8965098133990359
celltype_specific,MC,276,Rpl10a,0.8963588193930623
celltype_specific,MC,277,Atp5g2,0.8955659149084915
celltype_specific,MC,278,Cox5b,0.8950762310399982
celltype_specific,MC,279,Npm1,0.8947484008449034
celltype_specific,MC,280,Sptbn1,0.8944684934483265
celltype_specific,MC,281,Cenpa,0.894346996934301
celltype_specific,MC,282,Btg1,0.8931046807334284
celltype_specific,MC,283,Txn1,0.8924407321430514
celltype_specific,MC,284,Ech1,0.8908908812116447
celltype_specific,MC,285,Rps20,0.8904044063642497
celltype_specific,MC,286,Crim1,0.8894579151546723
celltype_specific,MC,287,Cox4i2,0.8889831075429252
celltype_specific,MC,288,Ppp1r12b,0.8886837335018062
celltype_specific,MC,289,Eef2,0.8874482391272415
celltype_specific,MC,290,Rpl38,0.8873416401217575
celltype_specific,MC,291,Rpl23a,0.8867368352778443
celltype_specific,MC,292,Shfm1,0.8865261449787278
celltype_specific,MC,293,Gpx4,0.8861168991556406
celltype_specific,MC,294,Rpl35,0.885409936931472
celltype_specific,MC,295,Rps29,0.8851104141277855
celltype_specific,MC,296,Ifi27,0.8843115803923115
celltype_specific,MC,297,Naca,0.8840649958108461
celltype_specific,MC,298,Csrp2,0.8838488438003242
celltype_specific,MC,299,Rpl31,0.8828704111423333
celltype_specific,MC,300,Map1lc3a,0.8826625048284079
celltype_specific,MC,301,Rbx1,0.8821871871735725
celltype_specific,MC,302,2010107E04Rik,0.8809981492236464
celltype_specific,MC,303,Dag1,0.8772499913292675
celltype_specific,MC,304,Fhl2,0.8770419150009793
celltype_specific,MC,305,Park7,0.8770225758672092
celltype_specific,MC,306,Rpl11,0.876779200306842
celltype_specific,MC,307,Ppp1cb,0.8761490208192788
celltype_specific,MC,308,Cyb5a,0.8758778266587961
celltype_specific,MC,309,Rpl19,0.8751542880342531
celltype_specific,MC,310,Clic1,0.873061559990588
celltype_specific,MC,311,Ndufa7,0.871782605694529
celltype_specific,MC,312,Oaz1,0.8716732439556494
celltype_specific,MC,313,Rhoa,0.871218540542305
celltype_specific,MC,314,Rpsa,0.8701528905161908
celltype_specific,MC,315,Rpl37,0.8701250931678708
celltype_specific,MC,316,Prdx1,0.8671828246050226
celltype_specific,MC,317,Ndufb9,0.8666669160210655
celltype_specific,MC,318,Eif4g2,0.866188091819997
celltype_specific,MC,319,Etfb,0.8660577120555144
celltype_specific,MC,320,Tbx2,0.8654403474005484
celltype_specific,MC,321,Actn4,0.8648692266522676
celltype_specific,MC,322,Serf2,0.8642451464299704
celltype_specific,MC,323,Atp6v1g1,0.8638393008941395
celltype_specific,MC,324,Clta,0.863129087145282
celltype_specific,MC,325,Rps28,0.8623064513990142
celltype_specific,MC,326,Srrm2,0.8622523868316395
celltype_specific,MC,327,Epas1,0.861728721342379
celltype_specific,MC,328,S100a1,0.8614380711632519
celltype_specific,MC,329,Atox1,0.8608883828505832
celltype_specific,MC,330,Lamb2,0.8596382247372258
celltype_specific,MC,331,Serbp1,0.8590370539503177
celltype_specific,MC,332,2810428I15Rik,0.8590121680979609
celltype_specific,MC,333,Gpc6,0.8564995683335328
celltype_specific,MC,334,Notch3,0.8562109477008618
celltype_specific,MC,335,Chpt1,0.8556849657659079
celltype_specific,MC,336,Vdac2,0.8541922184086111
celltype_specific,MC,337,Reep5,0.854091293632486
celltype_specific,MC,338,Rpl32,0.8537090163377002
celltype_specific,MC,339,Gm10709,0.8535024701386773
celltype_specific,MC,340,Tmem59,0.8523194251950404
celltype_specific,MC,341,Rpl22l1,0.8520716505130354
celltype_specific,MC,342,Ndufb11,0.8520447457401201
celltype_specific,MC,343,Lamp1,0.8520151844927859
celltype_specific,MC,344,Ptgis,0.851893602971579
celltype_specific,MC,345,Ndufa2,0.8512468258318463
celltype_specific,MC,346,Hnrnpa2b1,0.8506931528075492
celltype_specific,MC,347,Bri3,0.848921008096764
celltype_specific,MC,348,Chchd2,0.8488145578538475
celltype_specific,MC,349,Atp6v1f,0.8476904441387209
celltype_specific,MC,350,Cox6b1,0.8467170056526375
celltype_specific,MC,351,Son,0.8459461817834371
celltype_specific,MC,352,Hcfc1r1,0.8453042288012491
celltype_specific,MC,353,Atp5f1,0.8448148424578908
celltype_specific,MC,354,Rpl24,0.8447700011696988
celltype_specific,MC,355,Ost4,0.843386445536919
celltype_specific,MC,356,Ubl5,0.8433154857922397
celltype_specific,MC,357,Dad1,0.8431043279536256
celltype_specific,MC,358,Minos1,0.8426564463665891
celltype_specific,MC,359,Ubb,0.8422654345839137
celltype_specific,MC,360,Eif4a2,0.8391203601380245
celltype_specific,MC,361,Sec61g,0.8389515996311369
celltype_specific,MC,362,Mif,0.8388198916294448
celltype_specific,MC,363,Atp1a1,0.8374165824528856
celltype_specific,MC,364,Ndufa6,0.8371341673444572
celltype_specific,MC,365,Gnas,0.8370325625108809
celltype_specific,MC,366,Nedd8,0.8363177371224321
celltype_specific,MC,367,Rps5,0.8340052017594446
celltype_specific,MC,368,Map1lc3b,0.8338294706636816
celltype_specific,MC,369,Rpl28,0.8332737999706216
celltype_specific,MC,370,Ywhae,0.8324674218477977
celltype_specific,MC,371,Smdt1,0.8309151269599255
celltype_specific,MC,372,Tmbim6,0.8307859160441874
celltype_specific,MC,373,Gm42418,0.8306672247671484
celltype_specific,MC,374,Comt,0.8304569382521435
celltype_specific,MC,375,Rps3a1,0.8298892390429143
celltype_specific,MC,376,Rps27l,0.829880037015527
celltype_specific,MC,377,Ndufs6,0.8293240900491273
celltype_specific,MC,378,Oxct1,0.827981295359832
celltype_specific,MC,379,Rpl18a,0.827323807315242
celltype_specific,MC,380,Atp5k,0.8272516893477161
celltype_specific,MC,381,Eif5a,0.8270612626354674
celltype_specific,MC,382,Rpl18,0.8255359362758966
celltype_specific,MC,383,S1pr3,0.8246971279133661
celltype_specific,MC,384,Ndufv3,0.8246584921494168
celltype_specific,MC,385,S100g,0.8245565791648078
celltype_specific,MC,386,Klk1,0.8238812714898155
celltype_specific,MC,387,Vdac1,0.8233743949188828
celltype_specific,MC,388,Rps9,0.8224885138296484
celltype_specific,MC,389,Lpp,0.821316923603706
celltype_specific,MC,390,Ndufb5,0.8210707853099429
celltype_specific,MC,391,Spint2,0.82034180622579
celltype_specific,MC,392,Mcam,0.819057113944986
celltype_specific,MC,393,Psmb6,0.8190503983776549
celltype_specific,MC,394,Gnb2,0.8186834436273176
celltype_specific,MC,395,Cycs,0.8182632106260337
celltype_specific,MC,396,Gabarap,0.815537465980126
celltype_specific,MC,397,Kcnq1ot1,0.81432954581003
celltype_specific,MC,398,Gnai2,0.8142678730999194
celltype_specific,MC,399,Ndufab1,0.8132971123400505
celltype_specific,MC,400,Ndufc2,0.8127948474087091
celltype_specific,MC,401,Prkar1a,0.8123896606785341
celltype_specific,MC,402,Hspa5,0.8123561572231622
celltype_specific,MC,403,Olfr558,0.811976483273307
celltype_specific,MC,404,Rps24,0.8112196218336525
celltype_specific,MC,405,Timm13,0.8102565329719055
celltype_specific,MC,406,Ndufv2,0.8087518421056211
celltype_specific,MC,407,Selk,0.8065346635483766
celltype_specific,MC,408,D8Ertd738e,0.8052721581419199
celltype_specific,MC,409,Cox7a2l,0.8044900389434899
celltype_specific,MC,410,Scand1,0.8043428171311913
celltype_specific,MC,411,Rsrp1,0.8035308710379853
celltype_specific,MC,412,Spink1,0.80343657682201
celltype_specific,MC,413,Rps14,0.8024863240446553
celltype_specific,MC,414,Usmg5,0.8024765482187936
celltype_specific,MC,415,Ndufb3,0.8017643793047636
celltype_specific,MC,416,Eef1d,0.8008158479228326
celltype_specific,MC,417,Emp3,0.8003666274726889
celltype_specific,MC,418,Ndufb4,0.8002379266000391
celltype_specific,MC,419,Rbm3,0.8002138589418034
celltype_specific,MC,420,Psma7,0.7999236337985833
celltype_specific,MC,421,Eef1a1,0.7972270997453865
celltype_specific,MC,422,Sh3bgrl,0.7961450114555678
celltype_specific,MC,423,Mrfap1,0.7956779288714311
celltype_specific,MC,424,Pkm,0.7937177163976813
celltype_specific,MC,425,Suclg1,0.7931504741020522
celltype_specific,MC,426,Psap,0.7930202643519324
celltype_specific,MC,427,2410015M20Rik,0.792680650036315
celltype_specific,MC,428,Thra,0.7916346897985942
celltype_specific,MC,429,Fus,0.7910974019085132
celltype_specific,MC,430,Eef1g,0.7909866375511403
celltype_specific,MC,431,Rpl13,0.7904292454626567
celltype_specific,MC,432,Pnrc1,0.7898173850226867
celltype_specific,MC,433,Cox6c,0.78934531889254
celltype_specific,MC,434,Ubxn1,0.788409272940378
celltype_specific,MC,435,Rps11,0.7875227649231807
celltype_specific,MC,436,Ndufa1,0.7873639502565176
celltype_specific,MC,437,Nexn,0.7871632270494211
celltype_specific,MC,438,Pnisr,0.7868218382088918
celltype_specific,MC,439,Rpl23,0.786092689110376
celltype_specific,MC,440,Capns1,0.7860054079868667
celltype_specific,MC,441,Vamp8,0.7841841822547169
celltype_specific,MC,442,Rpl8,0.7823623189687064
celltype_specific,MC,443,Eif4a1,0.7809955097506638
celltype_specific,MC,444,Uqcrfs1,0.7807853082428403
celltype_specific,MC,445,Oat,0.7804823320224092
celltype_specific,MC,446,Rps27a,0.7796582405281598
celltype_specific,MC,447,Tns1,0.7780527311447271
celltype_specific,MC,448,Scp2,0.7774278433542066
celltype_specific,MC,449,Tpi1,0.7769645223378471
celltype_specific,MC,450,Msrb1,0.7766945501555972
celltype_specific,MC,451,Lmna,0.7763873554537888
celltype_specific,MC,452,Kif5b,0.7761337790316526
celltype_specific,MC,453,Srsf5,0.7745279933748803
celltype_specific,MC,454,Snrpd2,0.7733825322313229
celltype_specific,MC,455,Cisd1,0.7732655517238096
celltype_specific,MC,456,Smim14,0.7729102535832227
celltype_specific,MC,457,Swi5,0.7724175519597896
celltype_specific,MC,458,Clu,0.770467200319083
celltype_specific,MC,459,Idh2,0.7690088171148699
celltype_specific,MC,460,Gm10260,0.7685890835307767
celltype_specific,MC,461,Psmb5,0.7681144459333924
celltype_specific,MC,462,Tomm20,0.7673439089634292
celltype_specific,MC,463,Cox8a,0.766565604462265
celltype_specific,MC,464,Rnf7,0.7662546481926793
celltype_specific,MC,465,Pde3a,0.7661036966902964
celltype_specific,MC,466,Srsf3,0.7618878080320225
celltype_specific,MC,467,C3,0.7609086103093989
celltype_specific,MC,468,Psmb3,0.7608464806856883
celltype_specific,MC,469,Rps10,0.7606071960959262
celltype_specific,MC,470,Srp14,0.7599193817393693
celltype_specific,MC,471,Higd1a,0.7598373391834142
celltype_specific,MC,472,Rps8,0.7595990109244429
celltype_specific,MC,473,mt-Nd4l,0.7588079340942723
celltype_specific,MC,474,Psma3,0.7587688307908252
celltype_specific,MC,475,Esd,0.7570615359335556
celltype_specific,MC,476,Eif3k,0.7560325558803208
celltype_specific,MC,477,Mdh2,0.7556553365128286
celltype_specific,MC,478,Tax1bp1,0.7550964249209773
celltype_specific,MC,479,Nrip2,0.7545740876689263
celltype_specific,MC,480,Nrp1,0.7542169087444507
celltype_specific,MC,481,Snrpb,0.7535056430317233
celltype_specific,MC,482,Ubc,0.7533703859802076
celltype_specific,MC,483,Plscr2,0.7527067986703516
celltype_specific,MC,484,Mpc1,0.7520839616780826
celltype_specific,MC,485,Ndufb6,0.7520028860788159
celltype_specific,MC,486,Chmp2a,0.7519044265109517
celltype_specific,MC,487,Cystm1,0.750674011315476
celltype_specific,MC,488,Atp6v0b,0.7466899159891027
celltype_specific,MC,489,Cyc1,0.7464405049188555
celltype_specific,MC,490,Rap1a,0.7463616607581008
celltype_specific,MC,491,Arf1,0.7463125903626339
celltype_specific,MC,492,Cstb,0.7446295650556559
celltype_specific,MC,493,Psma2,0.7431832103676118
celltype_specific,MC,494,Rsu1,0.7431413337048713
celltype_specific,MC,495,1810037I17Rik,0.7430343840447641
celltype_specific,MC,496,Gucy1b3,0.7420233936362944
celltype_specific,MC,497,Arpc3,0.7419686915150592
celltype_specific,MC,498,Rpl27a,0.7408003528138057
celltype_specific,MC,499,Iqgap1,0.740797196922196
celltype_specific,MC,500,Atp1b2,0.7400423118995093
celltype_specific,PT,1,Malat1,4.141997749475348
celltype_specific,PT,2,Spp2,1.956861225809558
celltype_specific,PT,3,Slc34a1,1.9562102360269897
celltype_specific,PT,4,Spp1,1.9191596975945702
celltype_specific,PT,5,Tmem27,1.7845042744195623
celltype_specific,PT,6,Gatm,1.7825153493916692
celltype_specific,PT,7,Igfbp7,1.768822305679524
celltype_specific,PT,8,Cd63,1.6832917845473383
celltype_specific,PT,9,Napsa,1.570822572571326
celltype_specific,PT,10,Cyba,1.5656987065501806
celltype_specific,PT,11,Apoe,1.5531148410935343
celltype_specific,PT,12,Pck1,1.5464093402169004
celltype_specific,PT,13,Lrp2,1.5436755670724418
celltype_specific,PT,14,Kap,1.533100135064685
celltype_specific,PT,15,Hao2,1.520551758331341
celltype_specific,PT,16,BC089597,1.5123270391695889
celltype_specific,PT,17,Timp3,1.5080051975414408
celltype_specific,PT,18,Slc27a2,1.5068673533215784
celltype_specific,PT,19,Cml1,1.4751515119441345
celltype_specific,PT,20,Pdzk1ip1,1.4583395594251407
celltype_specific,PT,21,Acsm2,1.433054570449474
celltype_specific,PT,22,Spink1,1.4326384599803421
celltype_specific,PT,23,Gsta2,1.4315684023350335
celltype_specific,PT,24,Itm2b,1.4061227283066358
celltype_specific,PT,25,Tcn2,1.36125310059372
celltype_specific,PT,26,Chpt1,1.3387852625086336
celltype_specific,PT,27,Slc4a4,1.3373294725338036
celltype_specific,PT,28,Ttc36,1.334018618504941
celltype_specific,PT,29,Atp1a1,1.3288369017140846
celltype_specific,PT,30,Tmbim6,1.3207769664488365
celltype_specific,PT,31,Dnase1,1.3056358375504729
celltype_specific,PT,32,Xist,1.2713679730252496
celltype_specific,PT,33,Ass1,1.2626851432167145
celltype_specific,PT,34,Actb,1.2432566237315377
celltype_specific,PT,35,Keg1,1.2383205781465838
celltype_specific,PT,36,Ech1,1.237006509586521
celltype_specific,PT,37,Tmem176a,1.234058558883886
celltype_specific,PT,38,Cyb5a,1.2288600316451492
celltype_specific,PT,39,Etfb,1.2186737303753585
celltype_specific,PT,40,Tmem176b,1.2160848435756695
celltype_specific,PT,41,Esd,1.211773041520561
celltype_specific,PT,42,Rpl30,1.2101908359399904
celltype_specific,PT,43,Cox6a1,1.2100328488603762
celltype_specific,PT,44,Aldh2,1.208641576761901
celltype_specific,PT,45,Sult1d1,1.206674546823531
celltype_specific,PT,46,Ndufa13,1.1909397081872277
celltype_specific,PT,47,Ybx1,1.189642553843242
celltype_specific,PT,48,Oxct1,1.1893995287263575
celltype_specific,PT,49,Actg1,1.188678599179152
celltype_specific,PT,50,Atp1b1,1.1885711212693257
celltype_specific,PT,51,Txn1,1.1882388814452503
celltype_specific,PT,52,Rps7,1.1868943050353309
celltype_specific,PT,53,Ndrg1,1.1866722410941983
celltype_specific,PT,54,Hspa8,1.1826808492887313
celltype_specific,PT,55,Idh1,1.1814463709356073
celltype_specific,PT,56,Rpl39,1.180624319280629
celltype_specific,PT,57,Cox7b,1.1777097300532622
celltype_specific,PT,58,Ndufb8,1.1771496930951812
celltype_specific,PT,59,Rpl37,1.1762336274539102
celltype_specific,PT,60,Uqcr11,1.1761634282687812
celltype_specific,PT,61,Lamp1,1.1736941343158935
celltype_specific,PT,62,Rpl37a,1.1734072411938157
celltype_specific,PT,63,Gm42418,1.1731839320343216
celltype_specific,PT,64,Rps13,1.1726150747795134
celltype_specific,PT,65,Suclg1,1.1725938541832697
celltype_specific,PT,66,Khk,1.1725371967478218
celltype_specific,PT,67,Rpl18,1.17226594668141
celltype_specific,PT,68,Mif,1.1713643567035916
celltype_specific,PT,69,Uqcrb,1.1708540247117734
celltype_specific,PT,70,Hsp90ab1,1.170383384055228
celltype_specific,PT,71,Naca,1.1701064786220912
celltype_specific,PT,72,Rps5,1.1700989035437255
celltype_specific,PT,73,Rpl34,1.170080744109287
celltype_specific,PT,74,Acaa2,1.1692839600102274
celltype_specific,PT,75,Ndufb9,1.1692434385293806
celltype_specific,PT,76,Mpc2,1.168940331626554
celltype_specific,PT,77,Aldoa,1.1686407528424185
celltype_specific,PT,78,Hspe1,1.168170631026857
celltype_specific,PT,79,Rpl10,1.1665139198809904
celltype_specific,PT,80,Rps26,1.1651688765141854
celltype_specific,PT,81,Atp5c1,1.164723295877165
celltype_specific,PT,82,Ddt,1.1645272258693284
celltype_specific,PT,83,Rpl24,1.1636676620112103
celltype_specific,PT,84,Rps3a1,1.1623792760798535
celltype_specific,PT,85,Rps15a,1.162007578398948
celltype_specific,PT,86,Rpl21,1.161930841817421
celltype_specific,PT,87,Rpl14,1.1609551613470939
celltype_specific,PT,88,Slc25a4,1.1604571777706938
celltype_specific,PT,89,Hint2,1.1599500107088778
celltype_specific,PT,90,Park7,1.1592584475613643
celltype_specific,PT,91,Rpl38,1.1587485825264319
celltype_specific,PT,92,Rps12,1.1586718459449048
celltype_specific,PT,93,Glyat,1.1581444959688132
celltype_specific,PT,94,Rpl6,1.1579955367223196
celltype_specific,PT,95,Ndufb4,1.1578275878958133
celltype_specific,PT,96,Ndufb11,1.157375573630592
celltype_specific,PT,97,Rpl35a,1.1573719936278026
celltype_specific,PT,98,Rps16,1.157105880087132
celltype_specific,PT,99,Cisd1,1.1568073389849645
celltype_specific,PT,100,Pebp1,1.1563520041374455
celltype_specific,PT,101,Uqcr10,1.1562800927770693
celltype_specific,PT,102,Ndufab1,1.1560319830185422
celltype_specific,PT,103,Atp5g1,1.155667134038625
celltype_specific,PT,104,Rpl7,1.155260051402614
celltype_specific,PT,105,Rpl22,1.155084527497742
celltype_specific,PT,106,Rps23,1.15501183787589
celltype_specific,PT,107,Rpl10a,1.1544840209429126
celltype_specific,PT,108,Pah,1.154460724982733
celltype_specific,PT,109,Rps2,1.1544307359738604
celltype_specific,PT,110,Atox1,1.1543314298095313
celltype_specific,PT,111,Myl6,1.1542874320940921
celltype_specific,PT,112,Atp5o,1.1531766973156412
celltype_specific,PT,113,Rpl27a,1.152249424709117
celltype_specific,PT,114,Rps11,1.1518057118996388
celltype_specific,PT,115,Lgmn,1.1517416609801694
celltype_specific,PT,116,Atp5g3,1.1515429189412656
celltype_specific,PT,117,Slc25a5,1.15144511741579
celltype_specific,PT,118,Rpl3,1.1513671356159016
celltype_specific,PT,119,Rps21,1.1503854884742588
celltype_specific,PT,120,Eif1,1.149335094902242
celltype_specific,PT,121,Usmg5,1.1473875733848689
celltype_specific,PT,122,Mpc1,1.1471180354937043
celltype_specific,PT,123,Uqcrfs1,1.1461874423048826
celltype_specific,PT,124,Plscr2,1.1458429318915364
celltype_specific,PT,125,Rpl17,1.1456849448119222
celltype_specific,PT,126,Rps4x,1.1455836670518542
celltype_specific,PT,127,Atp6v1g1,1.145016106899506
celltype_specific,PT,128,Ndufa2,1.1448960470958187
celltype_specific,PT,129,Ndufc1,1.1447300179809532
celltype_specific,PT,130,Atpif1,1.1444182464336947
celltype_specific,PT,131,Pcbd1,1.1444122278782807
celltype_specific,PT,132,Atp5f1,1.1442888474922963
celltype_specific,PT,133,2010107E04Rik,1.1441043476384019
celltype_specific,PT,134,Fbp1,1.1437652331712889
celltype_specific,PT,135,Rps29,1.1435966098515036
celltype_specific,PT,136,Atp5j2,1.143558111850494
celltype_specific,PT,137,Rps3,1.1434071291241632
celltype_specific,PT,138,Rpl36,1.1431717828538412
celltype_specific,PT,139,Oaz1,1.1430794291586972
celltype_specific,PT,140,H3f3b,1.1428124854724524
celltype_specific,PT,141,Rpl13a,1.142207516885161
celltype_specific,PT,142,Atp5g2,1.1416969254728508
celltype_specific,PT,143,Ndufb10,1.1381522557545691
celltype_specific,PT,144,Rpl18a,1.1381393366140686
celltype_specific,PT,145,Cela1,1.1366279528278078
celltype_specific,PT,146,Cox7a2,1.1354108556476463
celltype_specific,PT,147,Sod2,1.1347476731019552
celltype_specific,PT,148,Akr7a5,1.1346345138833547
celltype_specific,PT,149,Rpl7a,1.1341048810069334
celltype_specific,PT,150,Rps20,1.1319707323876316
celltype_specific,PT,151,Ndufa6,1.1306318632285357
celltype_specific,PT,152,Aes,1.130500855880087
celltype_specific,PT,153,Cox6b1,1.1292457795399
celltype_specific,PT,154,RP24-64C6.3,1.1284231312177904
celltype_specific,PT,155,Acadm,1.1280373729462199
celltype_specific,PT,156,Rps14,1.1278966892134206
celltype_specific,PT,157,Bphl,1.1274307959518781
celltype_specific,PT,158,Uqcrq,1.1273005409228563
celltype_specific,PT,159,Rpl9,1.1256913037270215
celltype_specific,PT,160,Rps19,1.1255658479771014
celltype_specific,PT,161,Sdhb,1.1253328364912072
celltype_specific,PT,162,Serf2,1.1246091052026883
celltype_specific,PT,163,Maf,1.124144249623114
celltype_specific,PT,164,Rplp2,1.1240659824606842
celltype_specific,PT,165,Gm8730,1.1238415837351239
celltype_specific,PT,166,Cat,1.1236110108018542
celltype_specific,PT,167,Rps9,1.1235168411632663
celltype_specific,PT,168,Rps27a,1.1231020796806928
celltype_specific,PT,169,Cycs,1.1229632378333865
celltype_specific,PT,170,Atp5j,1.1225720317314845
celltype_specific,PT,171,Ndufb7,1.1211883865954735
celltype_specific,PT,172,Rps17,1.1208946707144565
celltype_specific,PT,173,Rpl36al,1.1203937816285463
celltype_specific,PT,174,Tmbim4,1.1203301457818644
celltype_specific,PT,175,Rps6,1.118864342176044
celltype_specific,PT,176,Gng5,1.1172402661280683
celltype_specific,PT,177,H3f3a,1.1160424698325098
celltype_specific,PT,178,Rpl26,1.115964436148523
celltype_specific,PT,179,Ndufa12,1.115912085093242
celltype_specific,PT,180,Cda,1.1141870425897886
celltype_specific,PT,181,Calml4,1.1137595695031082
celltype_specific,PT,182,Rpl12,1.1133324596051164
celltype_specific,PT,183,Atp5l,1.1123659107361066
celltype_specific,PT,184,Rps15,1.1119372443151632
celltype_specific,PT,185,Uqcrh,1.1107182793074593
celltype_specific,PT,186,Hpd,1.1094938405273749
celltype_specific,PT,187,Ptma,1.1068115104664753
celltype_specific,PT,188,Slc25a3,1.10601685361545
celltype_specific,PT,189,Cox7c,1.104965785550154
celltype_specific,PT,190,Rpl8,1.1042634823942727
celltype_specific,PT,191,Atp5k,1.1042416910729465
celltype_specific,PT,192,Eef2,1.1032481624727712
celltype_specific,PT,193,Ndufb5,1.1027359107693124
celltype_specific,PT,194,Gnb2l1,1.1026015828385665
celltype_specific,PT,195,Pfdn5,1.1021974575961642
celltype_specific,PT,196,2410015M20Rik,1.1019739927843746
celltype_specific,PT,197,Rps25,1.1016420383228402
celltype_specific,PT,198,Rpl11,1.100186222405961
celltype_specific,PT,199,Ndufa5,1.1000019300884603
celltype_specific,PT,200,Ndufs7,1.099784380063888
celltype_specific,PT,201,Hrsp12,1.0997204069705664
celltype_specific,PT,202,Hibadh,1.0997035965226862
celltype_specific,PT,203,Rpl5,1.0994471334243172
celltype_specific,PT,204,Atp5d,1.0991681526272448
celltype_specific,PT,205,Cox5b,1.0985958710219423
celltype_specific,PT,206,Folr1,1.0967306376846244
celltype_specific,PT,207,Cox5a,1.0963199231617256
celltype_specific,PT,208,Rps18,1.0959946617488843
celltype_specific,PT,209,Gabarap,1.0956268553753585
celltype_specific,PT,210,Rps27,1.0943385991542476
celltype_specific,PT,211,Atp5h,1.0935367563555944
celltype_specific,PT,212,Acy3,1.0921562242654872
celltype_specific,PT,213,Rpsa,1.0911254947667623
celltype_specific,PT,214,Atp6v1f,1.0906726762980157
celltype_specific,PT,215,Tpi1,1.0893176452422697
celltype_specific,PT,216,Mdh1,1.0875692548945384
celltype_specific,PT,217,Car2,1.085695720101477
celltype_specific,PT,218,Ndufs6,1.084475924948199
celltype_specific,PT,219,Hspd1,1.0833147588261078
celltype_specific,PT,220,Pter,1.0829521408624216
celltype_specific,PT,221,mt-Nd4l,1.0826495009164807
celltype_specific,PT,222,Atp5a1,1.082300839775263
celltype_specific,PT,223,Comt,1.0796320514640447
celltype_specific,PT,224,Ethe1,1.0786936237763654
celltype_specific,PT,225,Hint1,1.0784574733025183
celltype_specific,PT,226,Mdk,1.0770913390497157
celltype_specific,PT,227,Txndc17,1.0769106267350042
celltype_specific,PT,228,Rpl32,1.0762585214443205
celltype_specific,PT,229,Atp5e,1.0743634028663267
celltype_specific,PT,230,Prdx1,1.0734255459037296
celltype_specific,PT,231,Mdh2,1.0724670390699713
celltype_specific,PT,232,S100a1,1.0706587744726914
celltype_specific,PT,233,Fut9,1.0699829322069918
celltype_specific,PT,234,Cyc1,1.066502806307114
celltype_specific,PT,235,Ndufs5,1.0637437656067368
celltype_specific,PT,236,Scand1,1.0636314365337105
celltype_specific,PT,237,Rpl36a,1.0605392220954866
celltype_specific,PT,238,Rps10,1.059532540876368
celltype_specific,PT,239,Fau,1.0587121495125384
celltype_specific,PT,240,Smdt1,1.0586008840635295
celltype_specific,PT,241,Rps27l,1.0569075686862448
celltype_specific,PT,242,Minos1,1.05411999173175
celltype_specific,PT,243,Rps8,1.054078795757624
celltype_specific,PT,244,Rpl41,1.0524971609021359
celltype_specific,PT,245,Slc5a2,1.0519752328143264
celltype_specific,PT,246,Tceb2,1.0515997216521888
celltype_specific,PT,247,H2afj,1.051428400359287
celltype_specific,PT,248,Stard10,1.0509278225779672
celltype_specific,PT,249,Rpl13,1.047960311570237
celltype_specific,PT,250,Id2,1.0469204245281452
celltype_specific,PT,251,Scp2,1.0466588508460843
celltype_specific,PT,252,Rpl28,1.0463652906173626
celltype_specific,PT,253,Rpl19,1.0456658929709914
celltype_specific,PT,254,Akr1a1,1.0455040145839976
celltype_specific,PT,255,Acat1,1.0435635752460553
celltype_specific,PT,256,Ndufa11,1.0427284487982813
celltype_specific,PT,257,0610011F06Rik,1.0421386822518197
celltype_specific,PT,258,Ndufv3,1.0415051255263124
celltype_specific,PT,259,Vdac1,1.0409415863915896
celltype_specific,PT,260,Wfdc2,1.0405652450838778
celltype_specific,PT,261,Eef1b2,1.0383916126656971
celltype_specific,PT,262,Pdzk1,1.0354441289199474
celltype_specific,PT,263,Ggt1,1.031059377822495
celltype_specific,PT,264,Ppia,1.0305543380087132
celltype_specific,PT,265,Pgam1,1.0296879254496067
celltype_specific,PT,266,Ldha,1.029311558199846
celltype_specific,PT,267,Dcxr,1.0280272711122622
celltype_specific,PT,268,Hadh,1.0234598879884576
celltype_specific,PT,269,Rps24,1.0225310848010307
celltype_specific,PT,270,Aldh7a1,1.0223069454959621
celltype_specific,PT,271,Selenbp1,1.0216545029586388
celltype_specific,PT,272,Bsg,1.0206861122041362
celltype_specific,PT,273,Ptms,1.0203847693606551
celltype_specific,PT,274,Hist1h2bc,1.0196537483563117
celltype_specific,PT,275,Gnas,1.0144397855983025
celltype_specific,PT,276,Ndufv2,1.0137689242060488
celltype_specific,PT,277,Cyp2d26,1.0129050539677638
celltype_specific,PT,278,Ndufb3,1.0106153568214722
celltype_specific,PT,279,Edf1,1.0090123976015435
celltype_specific,PT,280,Mrpl12,1.0060806606796568
celltype_specific,PT,281,Ndufb6,1.0054287369833175
celltype_specific,PT,282,Acaa1b,1.004007268339576
celltype_specific,PT,283,Chchd10,1.0038361026989693
celltype_specific,PT,284,Rpl35,1.003764710179577
celltype_specific,PT,285,Gapdh,1.001216370802784
celltype_specific,PT,286,Ndufa4,1.0006473060115821
celltype_specific,PT,287,Acot13,1.0006261632414861
celltype_specific,PT,288,Uqcrc2,0.9988123989297764
celltype_specific,PT,289,Ndufa8,0.9969281760124455
celltype_specific,PT,290,Ndufa7,0.9966725171176017
celltype_specific,PT,291,Btf3,0.9950487523742163
celltype_specific,PT,292,Lamp2,0.9933258630608464
celltype_specific,PT,293,Gpx3,0.9908625876633727
celltype_specific,PT,294,Ldhb,0.987629378187759
celltype_specific,PT,295,Oat,0.9875004980873446
celltype_specific,PT,296,Slc13a1,0.9867764814362847
celltype_specific,PT,297,Ctsl,0.9864008146218521
celltype_specific,PT,298,Mt1,0.9849011566418288
celltype_specific,PT,299,Rplp0,0.9811288973259351
celltype_specific,PT,300,Timm13,0.9795547078385666
celltype_specific,PT,301,Fmo1,0.9777513981726835
celltype_specific,PT,302,Prdx2,0.9777040798749469
celltype_specific,PT,303,Bdh2,0.9773189442125572
celltype_specific,PT,304,S100g,0.9765841356690309
celltype_specific,PT,305,Iscu,0.9760244618996388
celltype_specific,PT,306,Gpx4,0.9734951121028583
celltype_specific,PT,307,Ndufs2,0.9720787799848581
celltype_specific,PT,308,Rpl4,0.9720448218424583
celltype_specific,PT,309,Etfa,0.9714403461541016
celltype_specific,PT,310,Ubb,0.9711893827701625
celltype_specific,PT,311,Apom,0.9704806459860801
celltype_specific,PT,312,Clta,0.9672191596768409
celltype_specific,PT,313,Pfn1,0.9658154872788492
celltype_specific,PT,314,Ndufa1,0.96480688634809
celltype_specific,PT,315,Dab2,0.9647181385977845
celltype_specific,PT,316,Mgst3,0.9645762096466236
celltype_specific,PT,317,Rplp1,0.9635821362634152
celltype_specific,PT,318,Rpl23,0.9621850012618213
celltype_specific,PT,319,Idh2,0.9609139446193284
celltype_specific,PT,320,Ndufc2,0.9608620086368346
celltype_specific,PT,321,Eif5a,0.960736916075603
celltype_specific,PT,322,4833439L19Rik,0.9593040588722639
celltype_specific,PT,323,Uqcrc1,0.9591069771245085
celltype_specific,PT,324,Klk1,0.9585196750727207
celltype_specific,PT,325,Slc22a1,0.9573625559103044
celltype_specific,PT,326,Ttr,0.9571860202655138
celltype_specific,PT,327,Gstm5,0.953956598329083
celltype_specific,PT,328,Bri3,0.9535422519192965
celltype_specific,PT,329,Marc2,0.9498287513448358
celltype_specific,PT,330,Abcg2,0.9482692709993624
celltype_specific,PT,331,Swi5,0.9467255893618505
celltype_specific,PT,332,Nme1,0.9459616997811736
celltype_specific,PT,333,Cystm1,0.9457270280041308
celltype_specific,PT,334,Rps28,0.9429434720672617
celltype_specific,PT,335,Sord,0.9419531083970886
celltype_specific,PT,336,Npm1,0.940466291731418
celltype_specific,PT,337,Hspa9,0.9327285826592552
celltype_specific,PT,338,Ndufs3,0.9307012633985495
celltype_specific,PT,339,Cox8a,0.9289208605621082
celltype_specific,PT,340,Vdac2,0.9280401539338938
celltype_specific,PT,341,Slc22a8,0.9272687152169005
celltype_specific,PT,342,Gabarapl1,0.9271928606650462
celltype_specific,PT,343,Lrpap1,0.926622096669622
celltype_specific,PT,344,Sdha,0.9265891113540671
celltype_specific,PT,345,Gstm1,0.9260900511826254
celltype_specific,PT,346,Psma4,0.9183233778125333
celltype_specific,PT,347,Higd2a,0.9149015436972028
celltype_specific,PT,348,Ubl5,0.9147164212341277
celltype_specific,PT,349,Hmgb1,0.9128885703897035
celltype_specific,PT,350,Pecr,0.9109987180476968
celltype_specific,PT,351,Qdpr,0.9106532737205797
celltype_specific,PT,352,Ndufv1,0.9103931009091755
celltype_specific,PT,353,Ppa2,0.9101164548965307
celltype_specific,PT,354,Pth1r,0.9092776446777707
celltype_specific,PT,355,Hagh,0.9084181456747755
celltype_specific,PT,356,Shfm1,0.9082580962022501
celltype_specific,PT,357,Timm8b,0.9076166271517373
celltype_specific,PT,358,Msra,0.9073556760788571
celltype_specific,PT,359,Sepp1,0.9059044908177598
celltype_specific,PT,360,Atp5b,0.9053650648177665
celltype_specific,PT,361,4931406C07Rik,0.9025182621649532
celltype_specific,PT,362,Mrps21,0.902342297245245
celltype_specific,PT,363,Eif4g2,0.9001050160093574
celltype_specific,PT,364,Miox,0.8999253284055893
celltype_specific,PT,365,Ndufs8,0.8975326413239826
celltype_specific,PT,366,Psmb5,0.8968177951873141
celltype_specific,PT,367,Taldo1,0.8940360681649134
celltype_specific,PT,368,Aco2,0.8924990536340452
celltype_specific,PT,369,Zfp706,0.8907547751011118
celltype_specific,PT,370,Gm10709,0.8906362069652535
celltype_specific,PT,371,Fmo2,0.8905970344709648
celltype_specific,PT,372,Tmem256,0.8887838149422883
celltype_specific,PT,373,Gsta1,0.888176511570569
celltype_specific,PT,374,Cox6c,0.8872915504462863
celltype_specific,PT,375,Cbr1,0.8872011553758568
celltype_specific,PT,376,Sdhc,0.8868125045658006
celltype_specific,PT,377,Vamp8,0.8865957328027043
celltype_specific,PT,378,Sdhd,0.8864799793791839
celltype_specific,PT,379,Mrpl42,0.8842073002171661
celltype_specific,PT,380,Acadl,0.8826759669950722
celltype_specific,PT,381,Cryz,0.8823812912582351
celltype_specific,PT,382,Atp6v1e1,0.881657858303282
celltype_specific,PT,383,Phyh,0.8804845123890925
celltype_specific,PT,384,Eno1,0.8803758152029539
celltype_specific,PT,385,Ndufb2,0.8798788433664727
celltype_specific,PT,386,Hnrnpa2b1,0.8794271663478908
celltype_specific,PT,387,Rpl31,0.8787740882303621
celltype_specific,PT,388,Ccdc107,0.8780614341968508
celltype_specific,PT,389,Chchd2,0.8776091475401127
celltype_specific,PT,390,Nop10,0.8773191802852048
celltype_specific,PT,391,Ddx5,0.8772854945343216
celltype_specific,PT,392,Gclm,0.876199132311092
celltype_specific,PT,393,Gcdh,0.873997599218999
celltype_specific,PT,394,Lamtor2,0.8729057502523643
celltype_specific,PT,395,mt-Nd5,0.8715604993491659
celltype_specific,PT,396,Grhpr,0.8706612311847506
celltype_specific,PT,397,D8Ertd738e,0.8680790244627298
celltype_specific,PT,398,Sephs2,0.8679806262701227
celltype_specific,PT,399,Rhoa,0.867832354487933
celltype_specific,PT,400,Ndufa10,0.8661594165902933
celltype_specific,PT,401,Sfxn1,0.8651008123597054
celltype_specific,PT,402,Cst3,0.8599072141103163
celltype_specific,PT,403,Msrb1,0.8579911213855461
celltype_specific,PT,404,Calm3,0.8575117512294456
celltype_specific,PT,405,H2afz,0.8573369407309266
celltype_specific,PT,406,Lactb2,0.8572296703574939
celltype_specific,PT,407,Hsp90aa1,0.8565294036524745
celltype_specific,PT,408,Dnajc12,0.8537777823781678
celltype_specific,PT,409,Dhrs4,0.8537333177058429
celltype_specific,PT,410,Hgd,0.8518963352601012
celltype_specific,PT,411,Asl,0.8513264792363989
celltype_specific,PT,412,Slc25a39,0.8491536121086694
celltype_specific,PT,413,Bag1,0.8486184795178182
celltype_specific,PT,414,Odc1,0.8463159540281984
celltype_specific,PT,415,Glo1,0.8451694062508301
celltype_specific,PT,416,Arl6ip1,0.8449072618436869
celltype_specific,PT,417,Lamtor4,0.8436789317562228
celltype_specific,PT,418,Cldn10,0.8432518478002803
celltype_specific,PT,419,Tomm20,0.8427021746908537
celltype_specific,PT,420,Aldh6a1,0.842359272684558
celltype_specific,PT,421,Fah,0.8398019962718162
celltype_specific,PT,422,Mrps14,0.8374868499752617
celltype_specific,PT,423,Nox4,0.835272501510865
celltype_specific,PT,424,Gm10639,0.8337808077399452
celltype_specific,PT,425,Calr,0.8337570318518556
celltype_specific,PT,426,Gpi1,0.8328763771077397
celltype_specific,PT,427,Ddah1,0.8323714540331792
celltype_specific,PT,428,Cdh16,0.8308124925286898
celltype_specific,PT,429,Prdx5,0.8305091780894698
celltype_specific,PT,430,Gsta3,0.8304191462077289
celltype_specific,PT,431,Tnfaip8,0.8294217133291494
celltype_specific,PT,432,Nedd8,0.8291874177118199
celltype_specific,PT,433,Cndp2,0.8286810159404553
celltype_specific,PT,434,Sult1c2,0.8284095583376501
celltype_specific,PT,435,Sec61g,0.8280801332259125
celltype_specific,PT,436,Kcnj16,0.8278849063346748
celltype_specific,PT,437,Idh3g,0.8259493311309571
celltype_specific,PT,438,Cd81,0.8253309505042304
celltype_specific,PT,439,Hsp90b1,0.8240307609404885
celltype_specific,PT,440,Gpx1,0.8221711959409203
celltype_specific,PT,441,Cmbl,0.8199811422055971
celltype_specific,PT,442,Lap3,0.8163811510674012
celltype_specific,PT,443,Glud1,0.8161282031166985
celltype_specific,PT,444,mt-Atp8,0.8148850990322163
celltype_specific,PT,445,Calm1,0.8145958322126368
celltype_specific,PT,446,Mrpl51,0.8137042688368332
celltype_specific,PT,447,Tubb4b,0.8135850262076958
celltype_specific,PT,448,Rpl23a,0.8115780973976596
celltype_specific,PT,449,Eci1,0.8104907623475853
celltype_specific,PT,450,Cfl1,0.8099305178531108
celltype_specific,PT,451,Rab3ip,0.8098000034035968
celltype_specific,PT,452,Romo1,0.8089418793292091
celltype_specific,PT,453,Cdc42,0.8084839632477951
celltype_specific,PT,454,Psmb6,0.8082308855868465
celltype_specific,PT,455,Ndufa3,0.8049991288659879
celltype_specific,PT,456,Echs1,0.8046428407623061
celltype_specific,PT,457,Bola3,0.8034677048467219
celltype_specific,PT,458,Immt,0.8025757263981311
celltype_specific,PT,459,Tomm7,0.8012054284464324
celltype_specific,PT,460,Tbca,0.7996116137988457
celltype_specific,PT,461,Sec62,0.7991344746589762
celltype_specific,PT,462,Prelid1,0.7989874351241234
celltype_specific,PT,463,Ywhae,0.7984971433653105
celltype_specific,PT,464,Mrps24,0.7982639113719981
celltype_specific,PT,465,Psmb4,0.7982104966927001
celltype_specific,PT,466,Myl12b,0.797639499218833
celltype_specific,PT,467,Fis1,0.7968166952444281
celltype_specific,PT,468,Rbx1,0.7965929061570237
celltype_specific,PT,469,Fdx1,0.7962630530014744
celltype_specific,PT,470,Mrpl14,0.7950224912378134
celltype_specific,PT,471,Gsta4,0.7941509162109167
celltype_specific,PT,472,Glul,0.7936866443274493
celltype_specific,PT,473,Vps29,0.7925322361091741
celltype_specific,PT,474,Guca2b,0.7899033336985973
celltype_specific,PT,475,Tax1bp1,0.7883921833907794
celltype_specific,PT,476,Eef1d,0.788088233371354
celltype_specific,PT,477,Tma7,0.787715783371022
celltype_specific,PT,478,Grpel1,0.7862412632366712
celltype_specific,PT,479,Dnajc19,0.7856013896221842
celltype_specific,PT,480,Eif3k,0.7852076411994607
celltype_specific,PT,481,Fam213b,0.7851188026519831
celltype_specific,PT,482,Tkt,0.7844088076785145
celltype_specific,PT,483,Suclg2,0.7843696870683243
celltype_specific,PT,484,Eef1g,0.784113301796103
celltype_specific,PT,485,Ost4,0.7832356693007185
celltype_specific,PT,486,Pmpcb,0.7830996551367748
celltype_specific,PT,487,Hsd17b10,0.7821643664370485
celltype_specific,PT,488,Ubc,0.7803048403505539
celltype_specific,PT,489,Gstt2,0.7796956950933416
celltype_specific,PT,490,Cyp4b1,0.7788338872479678
celltype_specific,PT,491,Cryl1,0.7780062061683137
celltype_specific,PT,492,Ghitm,0.7776555993734061
celltype_specific,PT,493,Mrfap1,0.777021095763103
celltype_specific,PT,494,Dad1,0.7761371593497636
celltype_specific,PT,495,App,0.7761008404808867
celltype_specific,PT,496,Gk,0.7753594815699381
celltype_specific,PT,497,Ugp2,0.7747376765927173
celltype_specific,PT,498,Tuba4a,0.774396888863431
celltype_specific,PT,499,Spr,0.7737322276209356
celltype_specific,PT,500,Pepd,0.7725848886110669
celltype_specific,Podo,1,Rasl11a,1.7108763889293765
celltype_specific,Podo,2,Tmsb4x,1.4787955972092661
celltype_specific,Podo,3,Malat1,1.4275782950481966
celltype_specific,Podo,4,Sparc,1.4245922790831
celltype_specific,Podo,5,Fgfbp1,1.4175342161263993
celltype_specific,Podo,6,Vim,1.4063525603185245
celltype_specific,Podo,7,Fxyd2,1.4035691977733404
celltype_specific,Podo,8,Igfbp7,1.3325037410603233
celltype_specific,Podo,9,Cdkn1c,1.3319893452658582
celltype_specific,Podo,10,Itm2b,1.3209356051772387
celltype_specific,Podo,11,Kcnq1ot1,1.2968061456632851
celltype_specific,Podo,12,Podxl,1.2943314130033428
celltype_specific,Podo,13,Tm4sf1,1.2673456751885106
celltype_specific,Podo,14,Gpx3,1.257257565930115
celltype_specific,Podo,15,Nupr1,1.2383602009483832
celltype_specific,Podo,16,Sema3g,1.2088335331399642
celltype_specific,Podo,17,Nes,1.1958334244305815
celltype_specific,Podo,18,Xist,1.1918119364116915
celltype_specific,Podo,19,H2-D1,1.1802333243450716
celltype_specific,Podo,20,H2-Q6,1.1780631601513916
celltype_specific,Podo,21,Col4a3,1.1670275635980254
celltype_specific,Podo,22,H2-Q7,1.165720166258551
celltype_specific,Podo,23,Ctsl,1.1546926925431436
celltype_specific,Podo,24,Magi2,1.1459327811625466
celltype_specific,Podo,25,Calm2,1.1353878192047575
celltype_specific,Podo,26,Tcf21,1.1214479664664956
celltype_specific,Podo,27,Plat,1.114451849638526
celltype_specific,Podo,28,Ptpro,1.1084167328640002
celltype_specific,Podo,29,Sdc4,1.1069469546797264
celltype_specific,Podo,30,Anxa2,1.1067154158407182
celltype_specific,Podo,31,Neat1,1.097428393008104
celltype_specific,Podo,32,Thsd7a,1.0947261070137593
celltype_specific,Podo,33,Miox,1.0929883700698169
celltype_specific,Podo,34,Enpep,1.0921609603350435
celltype_specific,Podo,35,Tmsb10,1.090552107018618
celltype_specific,Podo,36,Cryab,1.0867395353554494
celltype_specific,Podo,37,Hsp90ab1,1.086542233898865
celltype_specific,Podo,38,Itgb5,1.0833952794620647
celltype_specific,Podo,39,Actb,1.0801484217098103
celltype_specific,Podo,40,H3f3a,1.0730344857742538
celltype_specific,Podo,41,Kif5b,1.073026514765042
celltype_specific,Podo,42,Gadd45a,1.0711024649700716
celltype_specific,Podo,43,Lrrfip1,1.0678313905326882
celltype_specific,Podo,44,Ptma,1.0562703906007074
celltype_specific,Podo,45,Hsp90b1,1.0555848838084967
celltype_specific,Podo,46,Hspa5,1.053652521389634
celltype_specific,Podo,47,Rps23,1.0436284459052394
celltype_specific,Podo,48,S100a10,1.0397461848472482
celltype_specific,Podo,49,Pfdn5,1.0389855987396999
celltype_specific,Podo,50,Rps19,1.0388625415403452
celltype_specific,Podo,51,Col4a4,1.0382653231644512
celltype_specific,Podo,52,Arpc2,1.0340580726737407
celltype_specific,Podo,53,Nphs2,1.0340263404656405
celltype_specific,Podo,54,Actg1,1.0297027132404384
celltype_specific,Podo,55,Nphs1,1.0289809193777208
celltype_specific,Podo,56,Ybx1,1.0269086847257851
celltype_specific,Podo,57,Myl12a,1.0237779000505287
celltype_specific,Podo,58,Rpl30,1.0219256652528375
celltype_specific,Podo,59,Timp3,1.0184742941785214
celltype_specific,Podo,60,Synpo,1.0178454954232743
celltype_specific,Podo,61,Laptm4a,1.017277200423663
celltype_specific,Podo,62,Atp5e,1.0169013483607354
celltype_specific,Podo,63,Sept11,1.016899222758279
celltype_specific,Podo,64,H3f3b,1.0168520799323695
celltype_specific,Podo,65,Rpl41,1.0166345093380753
celltype_specific,Podo,66,Vegfa,1.0073220931475435
celltype_specific,Podo,67,Nap1l1,1.0073050883278918
celltype_specific,Podo,68,Aldob,1.0064453960058108
celltype_specific,Podo,69,Mapt,1.004811377074588
celltype_specific,Podo,70,Cst3,1.0035380652887904
celltype_specific,Podo,71,S100a11,1.002786816649176
celltype_specific,Podo,72,Rps27a,1.000288474619092
celltype_specific,Podo,73,Cox7c,0.9969646396921642
celltype_specific,Podo,74,Npnt,0.9956926184507152
celltype_specific,Podo,75,Rps27,0.9920092530511505
celltype_specific,Podo,76,Hs3st6,0.9913970036293144
celltype_specific,Podo,77,Tmem59,0.991389791763837
celltype_specific,Podo,78,Rps12,0.9890124572450248
celltype_specific,Podo,79,Rps21,0.9882324370578747
celltype_specific,Podo,80,Cd59a,0.9831090519084266
celltype_specific,Podo,81,Rps29,0.9819483211384484
celltype_specific,Podo,82,Golim4,0.9818882728690532
celltype_specific,Podo,83,Itgb1,0.9817891666545203
celltype_specific,Podo,84,Rps9,0.98069482300412
celltype_specific,Podo,85,Gng5,0.9798087504372668
celltype_specific,Podo,86,Smdt1,0.9798069284923041
celltype_specific,Podo,87,Cd81,0.9796180535311723
celltype_specific,Podo,88,Ppia,0.9791947549848414
celltype_specific,Podo,89,Dpp4,0.9782102973900031
celltype_specific,Podo,90,Eif3m,0.9771078688588308
celltype_specific,Podo,91,Arhgap24,0.9763399949714319
celltype_specific,Podo,92,Serf2,0.9761981110074627
celltype_specific,Podo,93,Vamp8,0.9754131563860385
celltype_specific,Podo,94,Mafb,0.9742786919892724
celltype_specific,Podo,95,Cd59b,0.9722299148787313
celltype_specific,Podo,96,Ifitm2,0.9695827806766947
celltype_specific,Podo,97,Gpx1,0.969196680173352
celltype_specific,Podo,98,Wt1,0.9684142307262515
celltype_specific,Podo,99,Dad1,0.9668415126515858
celltype_specific,Podo,100,Cmtm7,0.9665396771027674
celltype_specific,Podo,101,Hist1h2bc,0.9656254023461792
celltype_specific,Podo,102,Cd2ap,0.9652326593351601
celltype_specific,Podo,103,Clic5,0.9641206655929337
celltype_specific,Podo,104,Cox7a2,0.963328271362912
celltype_specific,Podo,105,Rpl37,0.9633101278276586
celltype_specific,Podo,106,Tmod3,0.9624969330593128
celltype_specific,Podo,107,Htra1,0.9589496821313355
celltype_specific,Podo,108,H2-K1,0.9579213460286459
celltype_specific,Podo,109,Rps16,0.9564866402849036
celltype_specific,Podo,110,Cldn5,0.9548734598491916
celltype_specific,Podo,111,Rps5,0.9546593054017024
celltype_specific,Podo,112,Rpl34,0.953591114252954
celltype_specific,Podo,113,Rps14,0.952788623411264
celltype_specific,Podo,114,Calr,0.9516573474181825
celltype_specific,Podo,115,Cystm1,0.9515784723841729
celltype_specific,Podo,116,Ezr,0.9513082172147077
celltype_specific,Podo,117,Rps3,0.9504857608928016
celltype_specific,Podo,118,Oaz1,0.9495225593225279
celltype_specific,Podo,119,Dbi,0.9494820590042949
celltype_specific,Podo,120,Rpl10,0.9491470868314676
celltype_specific,Podo,121,Morf4l1,0.9487220802117343
celltype_specific,Podo,122,Gpx4,0.9486594128964553
celltype_specific,Podo,123,Rps13,0.9481057693709188
celltype_specific,Podo,124,Jund,0.9476959076686878
celltype_specific,Podo,125,Rpl9,0.9471881923390858
celltype_specific,Podo,126,Mmp23,0.9456935521975085
celltype_specific,Podo,127,Sepp1,0.945470553725513
celltype_specific,Podo,128,Bsg,0.9453641976883163
celltype_specific,Podo,129,Rhoa,0.9450071723900031
celltype_specific,Podo,130,Uqcr11,0.9437587225615088
celltype_specific,Podo,131,Vdac2,0.9436259862795398
celltype_specific,Podo,132,Rpl32,0.9419561737212375
celltype_specific,Podo,133,Atpif1,0.9418031683015586
celltype_specific,Podo,134,Metrnl,0.9412589002011428
celltype_specific,Podo,135,Pdia6,0.940051558005869
celltype_specific,Podo,136,Tomm20,0.9393420622716495
celltype_specific,Podo,137,Cox5a,0.9387854201283621
celltype_specific,Podo,138,Rps11,0.9385252995277519
celltype_specific,Podo,139,Rplp2,0.9383258724687111
celltype_specific,Podo,140,Csnk1a1,0.9380485572625156
celltype_specific,Podo,141,Gpsm3,0.9376464008691892
celltype_specific,Podo,142,App,0.9375655141042832
celltype_specific,Podo,143,Myl6,0.9370194620160914
celltype_specific,Podo,144,Ndufs5,0.9369232025905628
celltype_specific,Podo,145,Cyb5a,0.9368935200705457
celltype_specific,Podo,146,Rps6,0.9364498385149448
celltype_specific,Podo,147,Col18a1,0.9359374164941892
celltype_specific,Podo,148,Slc9a3r2,0.9345328867138915
celltype_specific,Podo,149,Chchd10,0.9339266345275575
celltype_specific,Podo,150,Rpl36al,0.9337822453892646
celltype_specific,Podo,151,Dag1,0.9337518796398865
celltype_specific,Podo,152,Anxa1,0.9336371730216106
celltype_specific,Podo,153,mt-Nd4l,0.9309278649477223
celltype_specific,Podo,154,Angptl2,0.9298416061780939
celltype_specific,Podo,155,Rpl14,0.9297831521105411
celltype_specific,Podo,156,Rpl8,0.929047314088736
celltype_specific,Podo,157,Rpl11,0.9260027681417133
celltype_specific,Podo,158,Rpl39,0.9254960396989661
celltype_specific,Podo,159,Uqcr10,0.9252778997468711
celltype_specific,Podo,160,Rpl21,0.9248720994636194
celltype_specific,Podo,161,Rpl22,0.9247557606863145
celltype_specific,Podo,162,Clic3,0.9246680416277985
celltype_specific,Podo,163,Atp6v0e,0.9246489112056903
celltype_specific,Podo,164,Pfn1,0.923831958675859
celltype_specific,Podo,165,Ptms,0.9236681734151508
celltype_specific,Podo,166,Rps25,0.9229603857543338
celltype_specific,Podo,167,Bri3,0.921277781624106
celltype_specific,Podo,168,Sh3glb1,0.9211036720086093
celltype_specific,Podo,169,Tpt1,0.92097754027713
celltype_specific,Podo,170,Tmem150c,0.916926369738223
celltype_specific,Podo,171,Rpl17,0.9166990061897543
celltype_specific,Podo,172,Rpl7,0.9166757763914801
celltype_specific,Podo,173,Pmepa1,0.9165085370267801
celltype_specific,Podo,174,Atp5g2,0.916431787595227
celltype_specific,Podo,175,Bcam,0.9159356112503887
celltype_specific,Podo,176,Uqcrq,0.9158566223448189
celltype_specific,Podo,177,Ddn,0.9154845280433769
celltype_specific,Podo,178,Rbm39,0.9154601215723142
celltype_specific,Podo,179,Srgap1,0.9149651219002644
celltype_specific,Podo,180,Cd63,0.9147749943519706
celltype_specific,Podo,181,Tdrd5,0.9147636071959538
celltype_specific,Podo,182,Rps7,0.9142285247347248
celltype_specific,Podo,183,Tubb2a,0.912506312280152
celltype_specific,Podo,184,Cd151,0.912194361141072
celltype_specific,Podo,185,Pdlim2,0.911863450387224
celltype_specific,Podo,186,Rpsa,0.9117827913654384
celltype_specific,Podo,187,Rhpn1,0.9115224430217078
celltype_specific,Podo,188,Rpl13a,0.9110274433496579
celltype_specific,Podo,189,Cox7b,0.9099957290573499
celltype_specific,Podo,190,Slc25a3,0.9099714364578475
celltype_specific,Podo,191,Sumo2,0.9090493045636078
celltype_specific,Podo,192,Efnb1,0.908791043865147
celltype_specific,Podo,193,Tmbim6,0.9079351093045515
celltype_specific,Podo,194,Rpl7a,0.9078120900623834
celltype_specific,Podo,195,Aldoa,0.9074862276143696
celltype_specific,Podo,196,Gnas,0.907416652091107
celltype_specific,Podo,197,2010111I01Rik,0.9073217970814871
celltype_specific,Podo,198,Rpl12,0.907225879270639
celltype_specific,Podo,199,Rpl3,0.9070135467681125
celltype_specific,Podo,200,Atp5b,0.9069416558564599
celltype_specific,Podo,201,Top1mt,0.9065932658181262
celltype_specific,Podo,202,Gsta4,0.9057917808418843
celltype_specific,Podo,203,Rpl35a,0.9054335409135961
celltype_specific,Podo,204,Atp5l,0.9046428927141635
celltype_specific,Podo,205,Hspa8,0.9042233139721315
celltype_specific,Podo,206,Cox6c,0.9041252326016402
celltype_specific,Podo,207,Selk,0.9036508436819807
celltype_specific,Podo,208,Ppib,0.9028875626141752
celltype_specific,Podo,209,Qk,0.9027840913231693
celltype_specific,Podo,210,Cdc42,0.902609791921739
celltype_specific,Podo,211,Rpl37a,0.9022045989534748
celltype_specific,Podo,212,Rps24,0.9018913003342661
celltype_specific,Podo,213,Pak1,0.9015920838313316
celltype_specific,Podo,214,Mgat5,0.9014777757635164
celltype_specific,Podo,215,Aplp2,0.8982376554119054
celltype_specific,Podo,216,Gabarap,0.8981724449651158
celltype_specific,Podo,217,Hint1,0.8974131873591029
celltype_specific,Podo,218,Rpl26,0.8949037997876826
celltype_specific,Podo,219,Rps15a,0.894230856824277
celltype_specific,Podo,220,Fam65a,0.8936142043687811
celltype_specific,Podo,221,Park7,0.8911103205894356
celltype_specific,Podo,222,Rps3a1,0.8910514869500156
celltype_specific,Podo,223,Rplp1,0.8899249176480877
celltype_specific,Podo,224,Tspan15,0.888906716114253
celltype_specific,Podo,225,Dynll1,0.8885553843939482
celltype_specific,Podo,226,Srp14,0.8880484282080807
celltype_specific,Podo,227,Zbtb20,0.8873003300149642
celltype_specific,Podo,228,Aes,0.8872955094522504
celltype_specific,Podo,229,Gsn,0.8864781014361784
celltype_specific,Podo,230,Ubl5,0.8862738917716106
celltype_specific,Podo,231,Akr1a1,0.88586877471772
celltype_specific,Podo,232,1810037I17Rik,0.8858528706564832
celltype_specific,Podo,233,Rpl19,0.8855598411749844
celltype_specific,Podo,234,Shfm1,0.885326708134134
celltype_specific,Podo,235,Rpl28,0.8849674054046175
celltype_specific,Podo,236,Cox5b,0.8842209393705301
celltype_specific,Podo,237,Hmgb1,0.8830421030224852
celltype_specific,Podo,238,Naca,0.8829371514011971
celltype_specific,Podo,239,Robo2,0.8827942046359997
celltype_specific,Podo,240,Rps26,0.8822622726212687
celltype_specific,Podo,241,Rpl24,0.8819576282406327
celltype_specific,Podo,242,Pard3b,0.881367564794436
celltype_specific,Podo,243,Timp2,0.8811024907809585
celltype_specific,Podo,244,Sec62,0.8810750856921448
celltype_specific,Podo,245,Pebp1,0.8807789437213347
celltype_specific,Podo,246,Ndufb7,0.8807223495559313
celltype_specific,Podo,247,Cox4i1,0.8787778028801306
celltype_specific,Podo,248,Mpp5,0.8787438122194204
celltype_specific,Podo,249,Calm1,0.8782371027552667
celltype_specific,Podo,250,Dynll2,0.8781951410853448
celltype_specific,Podo,251,Gnb2l1,0.8781881759415812
celltype_specific,Podo,252,Ndufa5,0.878135225666103
celltype_specific,Podo,253,Rpl13,0.877709080330768
celltype_specific,Podo,254,Gapdh,0.8735804391737602
celltype_specific,Podo,255,Atp5a1,0.8735599802501166
celltype_specific,Podo,256,Ost4,0.8734912018277752
celltype_specific,Podo,257,Mtch1,0.8734213226470188
celltype_specific,Podo,258,Col1a2,0.8730444457400498
celltype_specific,Podo,259,Scp2,0.8726351533956196
celltype_specific,Podo,260,Tspan13,0.8724418754008278
celltype_specific,Podo,261,Pcolce,0.8716186219780007
celltype_specific,Podo,262,Uqcrb,0.8709492849473336
celltype_specific,Podo,263,Uqcrh,0.8705883500587881
celltype_specific,Podo,264,Ddx5,0.8702966490788246
celltype_specific,Podo,265,Ndufa7,0.8695330643535253
celltype_specific,Podo,266,Arf1,0.8686064155540656
celltype_specific,Podo,267,Sepw1,0.8678117818500272
celltype_specific,Podo,268,Rpl38,0.8676385832070118
celltype_specific,Podo,269,Atp5g1,0.8676358502895678
celltype_specific,Podo,270,Atp5j,0.8668771620413557
celltype_specific,Podo,271,Ndufb11,0.8666449779301734
celltype_specific,Podo,272,Hnrnpk,0.8660852612547614
celltype_specific,Podo,273,Atp5k,0.8658638380060149
celltype_specific,Podo,274,Atp5g3,0.8653682689761641
celltype_specific,Podo,275,Ndufb4,0.8651850306572606
celltype_specific,Podo,276,Rabac1,0.864235493674207
celltype_specific,Podo,277,Vdac1,0.8635878301971588
celltype_specific,Podo,278,Ldhb,0.863574184588532
celltype_specific,Podo,279,Ndufab1,0.8635506321541706
celltype_specific,Podo,280,Ndufb10,0.8634284479701104
celltype_specific,Podo,281,Ndufb8,0.8628671750500427
celltype_specific,Podo,282,Rpl35,0.8623829362404287
celltype_specific,Podo,283,Wsb2,0.8618436595100668
celltype_specific,Podo,284,St3gal6,0.8614037357159515
celltype_specific,Podo,285,Pros1,0.860985181817961
celltype_specific,Podo,286,Sec61b,0.8608113379027713
celltype_specific,Podo,287,Minos1,0.860461600384309
celltype_specific,Podo,288,Rpl10a,0.8599294026692709
celltype_specific,Podo,289,Son,0.8592195463417774
celltype_specific,Podo,290,Rpl23,0.8590736199374223
celltype_specific,Podo,291,Hnrnpa2b1,0.8590367445305213
celltype_specific,Podo,292,Cox6a1,0.8584624712740011
celltype_specific,Podo,293,Pdia3,0.8575955481078494
celltype_specific,Podo,294,Actn4,0.857041012588425
celltype_specific,Podo,295,Npr3,0.8564773863227806
celltype_specific,Podo,296,Prdx5,0.8559089774516091
celltype_specific,Podo,297,Atp5o,0.8551223147567825
celltype_specific,Podo,298,Rps20,0.8546347546933303
celltype_specific,Podo,299,Slc25a5,0.8546101394577406
celltype_specific,Podo,300,Atp5j2,0.8543886402946207
celltype_specific,Podo,301,Ildr2,0.8543463180314249
celltype_specific,Podo,302,Glo1,0.8532129164358869
celltype_specific,Podo,303,Prdx1,0.8506848539285992
celltype_specific,Podo,304,Ifngr1,0.8494303499288227
celltype_specific,Podo,305,Rps17,0.8488091615895134
celltype_specific,Podo,306,Ywhae,0.8486735026041666
celltype_specific,Podo,307,Psma7,0.8485862010747046
celltype_specific,Podo,308,Tjp1,0.8477296402205282
celltype_specific,Podo,309,Btf3,0.8470755809575171
celltype_specific,Podo,310,Tsc22d1,0.8469997424984452
celltype_specific,Podo,311,Cox6b1,0.8465686247716495
celltype_specific,Podo,312,Nedd8,0.8462248465315027
celltype_specific,Podo,313,Etfb,0.8452201767347345
celltype_specific,Podo,314,Rps8,0.8440882744480721
celltype_specific,Podo,315,Eif5a,0.8431282992386699
celltype_specific,Podo,316,Mylk,0.842000989771601
celltype_specific,Podo,317,Mpc2,0.8416101256413246
celltype_specific,Podo,318,Psma2,0.8415933106076064
celltype_specific,Podo,319,Rsrp1,0.8411389630825366
celltype_specific,Podo,320,Slc31a2,0.8407495223467623
celltype_specific,Podo,321,Mrfap1,0.8394888123469566
celltype_specific,Podo,322,Emp3,0.8390952912136097
celltype_specific,Podo,323,Rpl6,0.8389714558919271
celltype_specific,Podo,324,Mdh1,0.8384163130575152
celltype_specific,Podo,325,Lamp1,0.8381045137471821
celltype_specific,Podo,326,Klk1,0.8363308882831935
celltype_specific,Podo,327,Psap,0.8357416409165112
celltype_specific,Podo,328,Ackr3,0.8354192705296758
celltype_specific,Podo,329,Rpl22l1,0.8353000849633667
celltype_specific,Podo,330,Rps15,0.8350634978185245
celltype_specific,Podo,331,Rpl27a,0.8347546022329757
celltype_specific,Podo,332,Ndufa6,0.834646044678949
celltype_specific,Podo,333,Rps18,0.8344947852898593
celltype_specific,Podo,334,Foxd1,0.8344807031735852
celltype_specific,Podo,335,Rpl36,0.8338664420208528
celltype_specific,Podo,336,Rpl18a,0.8332908971985774
celltype_specific,Podo,337,Chmp2a,0.8330674811975279
celltype_specific,Podo,338,Sec61g,0.8318195248124611
celltype_specific,Podo,339,Arhgef18,0.8310836867906561
celltype_specific,Podo,340,Aplp1,0.8301224589940921
celltype_specific,Podo,341,Erdr1,0.8295037948076998
celltype_specific,Podo,342,Rps4x,0.8290437157474347
celltype_specific,Podo,343,Eif1,0.8288138470246424
celltype_specific,Podo,344,Pomp,0.8270989413285137
celltype_specific,Podo,345,Eml2,0.8266116849225552
celltype_specific,Podo,346,Nedd4,0.8254712992046603
celltype_specific,Podo,347,Rpl5,0.8252804125126322
celltype_specific,Podo,348,Atp6v1g1,0.8251491565609452
celltype_specific,Podo,349,Ubb,0.8246062169620647
celltype_specific,Podo,350,Scand1,0.8244483909796719
celltype_specific,Podo,351,Serbp1,0.8240687811552588
celltype_specific,Podo,352,Eif4a2,0.8238611743224794
celltype_specific,Podo,353,Ndufa11,0.8235591110305407
celltype_specific,Podo,354,Rab3b,0.8229929795905725
celltype_specific,Podo,355,Ndufa2,0.8219533132676461
celltype_specific,Podo,356,Fau,0.8208631828649721
celltype_specific,Podo,357,Srrm2,0.8203565872723784
celltype_specific,Podo,358,Rps2,0.8195762824063277
celltype_specific,Podo,359,Tshz2,0.8192529820684177
celltype_specific,Podo,360,Atp5c1,0.8186858827201882
celltype_specific,Podo,361,Pth1r,0.8181923633784204
celltype_specific,Podo,362,Psmb6,0.8181436643078552
celltype_specific,Podo,363,Mat2a,0.8172154402851466
celltype_specific,Podo,364,Atp5d,0.8171373813306514
celltype_specific,Podo,365,Txn1,0.8170050435991429
celltype_specific,Podo,366,Pcbp1,0.8169392068587725
celltype_specific,Podo,367,Hsp90aa1,0.8168762358859997
celltype_specific,Podo,368,Cfl1,0.816490135382657
celltype_specific,Podo,369,Chchd2,0.8164613638351212
celltype_specific,Podo,370,Tuba1b,0.8163552355410447
celltype_specific,Podo,371,Aif1l,0.8157118612260961
celltype_specific,Podo,372,Ech1,0.8155885762836209
celltype_specific,Podo,373,Mocs2,0.8148624932588037
celltype_specific,Podo,374,H2-T23,0.8132806085235443
celltype_specific,Podo,375,Zfp36l1,0.8131346441620025
celltype_specific,Podo,376,Atp5f1,0.8130094613601913
celltype_specific,Podo,377,Ndufb3,0.8129876359778258
celltype_specific,Podo,378,Cers6,0.8126584522759737
celltype_specific,Podo,379,Rbx1,0.8119575918017335
celltype_specific,Podo,380,Gm8730,0.8119243602847579
celltype_specific,Podo,381,Slc25a4,0.8118895155873465
celltype_specific,Podo,382,Siva1,0.8113821608510183
celltype_specific,Podo,383,Tceb2,0.8107865366769668
celltype_specific,Podo,384,Dach1,0.8102840784177259
celltype_specific,Podo,385,Oxct1,0.8101051482395153
celltype_specific,Podo,386,Chmp5,0.8095034319369947
celltype_specific,Podo,387,Degs1,0.8094381076186451
celltype_specific,Podo,388,Ppp1ca,0.8087194642024254
celltype_specific,Podo,389,Edf1,0.8077196719041512
celltype_specific,Podo,390,Dpysl2,0.80695477765591
celltype_specific,Podo,391,Ift20,0.8066949796913868
celltype_specific,Podo,392,Krcc1,0.8057455755584869
celltype_specific,Podo,393,Rpl4,0.8047258747157766
celltype_specific,Podo,394,Ndufs6,0.8044157075644726
celltype_specific,Podo,395,Arhgef12,0.8039660097947762
celltype_specific,Podo,396,Lamb2,0.8037004233592778
celltype_specific,Podo,397,Myom2,0.8035660738968731
celltype_specific,Podo,398,Nop10,0.8032896317059721
celltype_specific,Podo,399,Psmb3,0.802913646792891
celltype_specific,Podo,400,Txndc17,0.8027407897645561
celltype_specific,Podo,401,Rps27l,0.8011282546010183
celltype_specific,Podo,402,Ctsb,0.80091235412294
celltype_specific,Podo,403,Marveld1,0.8009110445999981
celltype_specific,Podo,404,Tubb2b,0.7993343030635397
celltype_specific,Podo,405,Fis1,0.79869702087706
celltype_specific,Podo,406,Rps10,0.797225876234064
celltype_specific,Podo,407,Wls,0.7972191578120141
celltype_specific,Podo,408,Mpc1,0.7971211523558963
celltype_specific,Podo,409,Eif4a1,0.7971118528451493
celltype_specific,Podo,410,Mrps14,0.7963882370374689
celltype_specific,Podo,411,Arhgdia,0.7956740725692825
celltype_specific,Podo,412,Parva,0.7935241015989389
celltype_specific,Podo,413,Psmb5,0.7934427593477923
celltype_specific,Podo,414,Anxa3,0.7933669019101272
celltype_specific,Podo,415,Rpl18,0.7930224214620258
celltype_specific,Podo,416,Ndufc1,0.7925729324568563
celltype_specific,Podo,417,Cnbp,0.7912008560712065
celltype_specific,Podo,418,Ndufa1,0.7908542879778354
celltype_specific,Podo,419,Tax1bp1,0.7908346641122999
celltype_specific,Podo,420,Atp1a1,0.7908314851979118
celltype_specific,Podo,421,H2afj,0.7904255615538033
celltype_specific,Podo,422,Man1a2,0.7902362121278373
celltype_specific,Podo,423,Eef1b2,0.7897645940828086
celltype_specific,Podo,424,Luc7l2,0.7883044190667755
celltype_specific,Podo,425,Ndufs7,0.7863610300851699
celltype_specific,Podo,426,Tmed9,0.7863426398282027
celltype_specific,Podo,427,Sema3e,0.7850123163479478
celltype_specific,Podo,428,Eef2,0.784558348394745
celltype_specific,Podo,429,Alcam,0.7843853585162566
celltype_specific,Podo,430,Ndufc2,0.7843723961369908
celltype_specific,Podo,431,Ndufa13,0.7839669754256063
celltype_specific,Podo,432,Plce1,0.7837220756568719
celltype_specific,Podo,433,Eef1d,0.7818951583027247
celltype_specific,Podo,434,Ptbp3,0.7812670807340252
celltype_specific,Podo,435,Myl12b,0.7812632850153529
celltype_specific,Podo,436,Ssr4,0.7811267719933049
celltype_specific,Podo,437,Gabarapl2,0.7804306751459985
celltype_specific,Podo,438,Gnb2,0.7801820555729653
celltype_specific,Podo,439,Pttg1ip,0.7796089589892335
celltype_specific,Podo,440,2010107E04Rik,0.7786353002140178
celltype_specific,Podo,441,Serinc3,0.7785134956018248
celltype_specific,Podo,442,Atp5h,0.7775816656463775
celltype_specific,Podo,443,Mtss1,0.7768681464503654
celltype_specific,Podo,444,Psmb1,0.7745365882987407
celltype_specific,Podo,445,Ndufb9,0.7742339176918144
celltype_specific,Podo,446,Rpl36a,0.7735251811013293
celltype_specific,Podo,447,Fermt2,0.7733940200426093
celltype_specific,Podo,448,Tob1,0.7730909508852223
celltype_specific,Podo,449,Ndufa4,0.7714790609938589
celltype_specific,Podo,450,Atxn7l3b,0.7712109314268502
celltype_specific,Podo,451,Tmed10,0.7707799275716146
celltype_specific,Podo,452,Mrpl33,0.7707377761157591
celltype_specific,Podo,453,Nebl,0.770398400909272
celltype_specific,Podo,454,Srsf5,0.7703356387010262
celltype_specific,Podo,455,Lpin2,0.7699311194728263
celltype_specific,Podo,456,Ctsd,0.7695841812968847
celltype_specific,Podo,457,Hoxc8,0.7694270575224463
celltype_specific,Podo,458,Eif3c,0.7691279169338853
celltype_specific,Podo,459,Gnai2,0.7691232861571051
celltype_specific,Podo,460,2810428I15Rik,0.7686232192006277
celltype_specific,Podo,461,Atp6v1f,0.7686204673045903
celltype_specific,Podo,462,Hrsp12,0.7685276714723501
celltype_specific,Podo,463,Gatm,0.7682132151589465
celltype_specific,Podo,464,Tmbim4,0.767033059798663
celltype_specific,Podo,465,BC031181,0.7670184462817747
celltype_specific,Podo,466,Ostf1,0.7667210137666162
celltype_specific,Podo,467,Fkbp2,0.7664848251722345
celltype_specific,Podo,468,Sema5a,0.7662515403026372
celltype_specific,Podo,469,Ndufb5,0.765213354309993
celltype_specific,Podo,470,Spcs1,0.7650079679726368
celltype_specific,Podo,471,Eif3k,0.7648202317271067
celltype_specific,Podo,472,D8Ertd738e,0.7637624788047069
celltype_specific,Podo,473,Ubxn1,0.7636302549447587
celltype_specific,Podo,474,Psmc3,0.761207618523593
celltype_specific,Podo,475,Myo6,0.7606387541661808
celltype_specific,Podo,476,Cyc1,0.7601355367632054
celltype_specific,Podo,477,Tuba1a,0.759235325144298
celltype_specific,Podo,478,Atox1,0.7590938017736026
celltype_specific,Podo,479,Suclg1,0.7584546027491935
celltype_specific,Podo,480,Lamp2,0.7582338817084013
celltype_specific,Podo,481,C1qtnf1,0.7580544580867634
celltype_specific,Podo,482,Nenf,0.7575999397543532
celltype_specific,Podo,483,Canx,0.7569808200817203
celltype_specific,Podo,484,Emc7,0.7561599010258765
celltype_specific,Podo,485,Cpq,0.7558049823514265
celltype_specific,Podo,486,Calm3,0.7557041490848978
celltype_specific,Podo,487,Pdpn,0.755526623322596
celltype_specific,Podo,488,Plekho1,0.7538893400733151
celltype_specific,Podo,489,Hmgn1,0.7532387349142957
celltype_specific,Podo,490,Fat1,0.7531915161740127
celltype_specific,Podo,491,Nfic,0.7525676898102263
celltype_specific,Podo,492,Ptov1,0.7521959181448713
celltype_specific,Podo,493,Btg2,0.7520548502604166
celltype_specific,Podo,494,Ppp2cb,0.7508982852916812
celltype_specific,Podo,495,Cdc14a,0.748686852146737
celltype_specific,Podo,496,Hnrnpa3,0.7486731875595168
celltype_specific,Podo,497,Sumo1,0.7471158421454738
celltype_specific,Podo,498,Rpl31,0.7469280299855702
celltype_specific,Podo,499,Ndufa12,0.7467074607735249
celltype_specific,Podo,500,P3h2,0.7463137213863543
celltype_specific,aLOH,1,Malat1,3.8999808866135104
celltype_specific,aLOH,2,Umod,2.8549166284914818
celltype_specific,aLOH,3,Klk1,2.8218465040300615
celltype_specific,aLOH,4,Egf,2.5349363880187696
celltype_specific,aLOH,5,Slc12a1,2.0077476924648376
celltype_specific,aLOH,6,Cldn10,1.9325484624944285
celltype_specific,aLOH,7,Wfdc15b,1.9302332374826665
celltype_specific,aLOH,8,Spp1,1.8571471684330427
celltype_specific,aLOH,9,Ly6a,1.7733661149836568
celltype_specific,aLOH,10,Sfrp1,1.671068242914892
celltype_specific,aLOH,11,Wfdc2,1.522552925508865
celltype_specific,aLOH,12,Ckb,1.4824919058290411
celltype_specific,aLOH,13,Gpx3,1.4647281846229323
celltype_specific,aLOH,14,Wnk1,1.3984766021583424
celltype_specific,aLOH,15,Neat1,1.343292913421776
celltype_specific,aLOH,16,Kng2,1.3406839264931656
celltype_specific,aLOH,17,Atp1a1,1.252425349457706
celltype_specific,aLOH,18,Mt1,1.247164428517482
celltype_specific,aLOH,19,Lpl,1.2321480389820225
celltype_specific,aLOH,20,Atp1b1,1.225260545636886
celltype_specific,aLOH,21,Sostdc1,1.2213693851525356
celltype_specific,aLOH,22,Igfbp7,1.2182871581257428
celltype_specific,aLOH,23,Plau,1.191458773121781
celltype_specific,aLOH,24,Slc5a3,1.1870987252841472
celltype_specific,aLOH,25,Xist,1.1782845135913975
celltype_specific,aLOH,26,Fxyd2,1.16064453125
celltype_specific,aLOH,27,Mrps6,1.152075524186559
celltype_specific,aLOH,28,Itm2b,1.1494422102503468
celltype_specific,aLOH,29,Atp6v1f,1.115687979382305
celltype_specific,aLOH,30,Nudt4,1.1015033993970385
celltype_specific,aLOH,31,Tmem213,1.0915698309896864
celltype_specific,aLOH,32,Epcam,1.0802110288109152
celltype_specific,aLOH,33,Cd63,1.0769864186620939
celltype_specific,aLOH,34,H3f3b,1.0571332106310667
celltype_specific,aLOH,35,Defb1,1.053065933251721
celltype_specific,aLOH,36,Mal,1.0521996161072456
celltype_specific,aLOH,37,Gabarapl1,1.0520493013167342
celltype_specific,aLOH,38,Cd81,1.0486007666247772
celltype_specific,aLOH,39,Cryab,1.0422413337816339
celltype_specific,aLOH,40,Pth1r,1.0335937113089342
celltype_specific,aLOH,41,Cystm1,1.0189477887282092
celltype_specific,aLOH,42,Miox,1.0154284493858954
celltype_specific,aLOH,43,Mpc1,1.0102416218366184
celltype_specific,aLOH,44,Actg1,1.0071157706331715
celltype_specific,aLOH,45,Gm42418,1.0068325520317452
celltype_specific,aLOH,46,Ndufb4,1.0037344616679873
celltype_specific,aLOH,47,Mgst3,1.0009262157506686
celltype_specific,aLOH,48,Ybx1,0.9971145170426406
celltype_specific,aLOH,49,Ppp1r1a,0.996152947330626
celltype_specific,aLOH,50,Ndufb10,0.9931855360415016
celltype_specific,aLOH,51,Ndufs6,0.9884522161468651
celltype_specific,aLOH,52,Cox6a1,0.9882388832829834
celltype_specific,aLOH,53,Cox7b,0.9878329172754061
celltype_specific,aLOH,54,Cycs,0.9871180514714986
celltype_specific,aLOH,55,Bag1,0.9859608500581913
celltype_specific,aLOH,56,Mif,0.9837978743902288
celltype_specific,aLOH,57,Rpl10,0.9833733850349148
celltype_specific,aLOH,58,Aldob,0.9829612284568146
celltype_specific,aLOH,59,Npy,0.9790891233223554
celltype_specific,aLOH,60,Atp5f1,0.9772425922085479
celltype_specific,aLOH,61,Cdh16,0.9747387966149961
celltype_specific,aLOH,62,Idh2,0.9728748061577605
celltype_specific,aLOH,63,Actb,0.9688028616686064
celltype_specific,aLOH,64,Ndufab1,0.9665537016516442
celltype_specific,aLOH,65,Atpif1,0.9648198582668879
celltype_specific,aLOH,66,App,0.9618053406051902
celltype_specific,aLOH,67,2010107E04Rik,0.9607527017971226
celltype_specific,aLOH,68,Naca,0.9602230694705824
celltype_specific,aLOH,69,Ndufc1,0.9566587517643126
celltype_specific,aLOH,70,Etnk1,0.9523902566610539
celltype_specific,aLOH,71,Usmg5,0.951819176530309
celltype_specific,aLOH,72,Sec62,0.9501367922630249
celltype_specific,aLOH,73,Rps2,0.9501149801746979
celltype_specific,aLOH,74,Prdx1,0.9494383701620691
celltype_specific,aLOH,75,S100a1,0.9492117372443294
celltype_specific,aLOH,76,H3f3a,0.9488343542615888
celltype_specific,aLOH,77,Rpl18a,0.9487879249826664
celltype_specific,aLOH,78,Clcnkb,0.9479641438286203
celltype_specific,aLOH,79,Ptma,0.9478484575419721
celltype_specific,aLOH,80,Atp5g3,0.9476062998340927
celltype_specific,aLOH,81,Pkm,0.9445515918278279
celltype_specific,aLOH,82,Rps7,0.9445352932163729
celltype_specific,aLOH,83,Cst3,0.944326071278229
celltype_specific,aLOH,84,Rps15a,0.9439446740974148
celltype_specific,aLOH,85,Bri3,0.9439064183061361
celltype_specific,aLOH,86,Rpl10a,0.9435261334934627
celltype_specific,aLOH,87,Rpl34,0.9431687731372573
celltype_specific,aLOH,88,Oxct1,0.9403444704276446
celltype_specific,aLOH,89,Txnip,0.9396408492147261
celltype_specific,aLOH,90,Oaz1,0.9387575080013124
celltype_specific,aLOH,91,Slc25a5,0.9386827858805468
celltype_specific,aLOH,92,Minos1,0.9373874573624456
celltype_specific,aLOH,93,Ndufa11,0.9369996277919473
celltype_specific,aLOH,94,Rpl37,0.9367135557244206
celltype_specific,aLOH,95,Gm8730,0.9363335127309083
celltype_specific,aLOH,96,Uqcr11,0.9346282523709885
celltype_specific,aLOH,97,Cyc1,0.9345600593675714
celltype_specific,aLOH,98,Rps3a1,0.9343899154058538
celltype_specific,aLOH,99,Rps17,0.9340406318096276
celltype_specific,aLOH,100,Dst,0.9317885215989006
celltype_specific,aLOH,101,Uqcrb,0.9296270452097365
celltype_specific,aLOH,102,Uqcrq,0.9295374753924822
celltype_specific,aLOH,103,Rps19,0.928820143033132
celltype_specific,aLOH,104,Mpc2,0.9284628310407587
celltype_specific,aLOH,105,Pebp1,0.9281419370140402
celltype_specific,aLOH,106,Ndufa12,0.9274658106397335
celltype_specific,aLOH,107,Uqcrfs1,0.9270401121886143
celltype_specific,aLOH,108,Rpl26,0.9245400406101426
celltype_specific,aLOH,109,Mdh1,0.9229981049115986
celltype_specific,aLOH,110,Ndufa13,0.9221133369651348
celltype_specific,aLOH,111,Dbi,0.9220900255980091
celltype_specific,aLOH,112,Hsp90ab1,0.9217238146605091
celltype_specific,aLOH,113,Rpl36,0.9215268771357469
celltype_specific,aLOH,114,Atp5c1,0.9214903140785955
celltype_specific,aLOH,115,Ndufb11,0.9202697076812599
celltype_specific,aLOH,116,Rpl3,0.9198189084012233
celltype_specific,aLOH,117,Atp5j2,0.9191922582272682
celltype_specific,aLOH,118,Rpl13a,0.9185424417776842
celltype_specific,aLOH,119,Gpx1,0.9184240471164322
celltype_specific,aLOH,120,Ndufa2,0.91690271441041
celltype_specific,aLOH,121,Rpl35a,0.9162803202536896
celltype_specific,aLOH,122,Sdhb,0.9160340999839045
celltype_specific,aLOH,123,Ndufc2,0.9133271279312352
celltype_specific,aLOH,124,Ndufb8,0.9128354128491482
celltype_specific,aLOH,125,Ndufa8,0.9127254334947009
celltype_specific,aLOH,126,Rpl22,0.9127195331071711
celltype_specific,aLOH,127,Rps26,0.9125118104478259
celltype_specific,aLOH,128,Ndufa5,0.9114616865590333
celltype_specific,aLOH,129,Rps12,0.9112579780977615
celltype_specific,aLOH,130,Uqcr10,0.9097565712906102
celltype_specific,aLOH,131,Rpl30,0.9088826852063936
celltype_specific,aLOH,132,Atp5k,0.9085102353345385
celltype_specific,aLOH,133,Rpl12,0.9083094287031993
celltype_specific,aLOH,134,Ivns1abp,0.9072252083126982
celltype_specific,aLOH,135,2410015M20Rik,0.907009263801877
celltype_specific,aLOH,136,Mdh2,0.9064821947584439
celltype_specific,aLOH,137,Hspa8,0.9061230449404467
celltype_specific,aLOH,138,Rplp2,0.9049487227305368
celltype_specific,aLOH,139,Rps27,0.9039859922865491
celltype_specific,aLOH,140,Sdc4,0.903812051764003
celltype_specific,aLOH,141,Rps27a,0.9038088839329933
celltype_specific,aLOH,142,Slc25a4,0.9032982102286796
celltype_specific,aLOH,143,Ndufb5,0.9028136529937599
celltype_specific,aLOH,144,Ndufv2,0.9000281380775802
celltype_specific,aLOH,145,Aes,0.8997948793148276
celltype_specific,aLOH,146,Rplp0,0.8997388981790437
celltype_specific,aLOH,147,Tmbim6,0.8996261862680764
celltype_specific,aLOH,148,Rps23,0.8994655216174723
celltype_specific,aLOH,149,Sod2,0.8990756607660212
celltype_specific,aLOH,150,Ndufs7,0.8985721449088748
celltype_specific,aLOH,151,Rpl39,0.8971380121923287
celltype_specific,aLOH,152,Gnb2l1,0.8957474552886044
celltype_specific,aLOH,153,Gng5,0.894950467697603
celltype_specific,aLOH,154,Hsp90b1,0.8948010234560717
celltype_specific,aLOH,155,Bsg,0.8939595411394364
celltype_specific,aLOH,156,Gpx4,0.8939391799660756
celltype_specific,aLOH,157,Akr1a1,0.8934064886271481
celltype_specific,aLOH,158,Ndufa6,0.8932919267995989
celltype_specific,aLOH,159,Rps5,0.8931670997486628
celltype_specific,aLOH,160,Cisd1,0.8930013085318443
celltype_specific,aLOH,161,Ndufs5,0.8926483009205378
celltype_specific,aLOH,162,Rpl14,0.892033161338649
celltype_specific,aLOH,163,Rps21,0.8895753113856973
celltype_specific,aLOH,164,Tceb2,0.8881041803375099
celltype_specific,aLOH,165,Gapdh,0.8878537524143225
celltype_specific,aLOH,166,Pfdn5,0.8873651809813292
celltype_specific,aLOH,167,Rpl27a,0.8865975502364798
celltype_specific,aLOH,168,Rpl18,0.8865644693752476
celltype_specific,aLOH,169,Ndufa1,0.8862174105153031
celltype_specific,aLOH,170,Rpl36al,0.884860611566462
celltype_specific,aLOH,171,Rpl6,0.8845158258066314
celltype_specific,aLOH,172,Rps25,0.8843479549450277
celltype_specific,aLOH,173,Eif1,0.8843373149019413
celltype_specific,aLOH,174,Rps15,0.8810909893924574
celltype_specific,aLOH,175,Etfb,0.8809090930195127
celltype_specific,aLOH,176,Gnas,0.8804641941270057
celltype_specific,aLOH,177,Edf1,0.8796214059869008
celltype_specific,aLOH,178,Hint1,0.8794660129940075
celltype_specific,aLOH,179,Rps4x,0.8785425539817749
celltype_specific,aLOH,180,Rpl21,0.8781634782649069
celltype_specific,aLOH,181,Rpl7a,0.8780264151644216
celltype_specific,aLOH,182,Aldoa,0.8772379879717215
celltype_specific,aLOH,183,Atp5g1,0.8768709064852417
celltype_specific,aLOH,184,Smdt1,0.8768414045475931
celltype_specific,aLOH,185,Rpsa,0.8751928749628566
celltype_specific,aLOH,186,Rps11,0.8747359334761292
celltype_specific,aLOH,187,Ndufa7,0.8744914543043036
celltype_specific,aLOH,188,Rpl38,0.8735785869713253
celltype_specific,aLOH,189,Cyb5a,0.8727649380401272
celltype_specific,aLOH,190,Ndufb2,0.8727446494125148
celltype_specific,aLOH,191,Rps13,0.8721938337274663
celltype_specific,aLOH,192,Suclg1,0.8715788392370741
celltype_specific,aLOH,193,Eef2,0.8712331829282637
celltype_specific,aLOH,194,Rps16,0.8710282653711866
celltype_specific,aLOH,195,Rps29,0.8704964566721969
celltype_specific,aLOH,196,Ptger3,0.8701260622632107
celltype_specific,aLOH,197,Acat1,0.8687862148375595
celltype_specific,aLOH,198,Rps14,0.8668863867806557
celltype_specific,aLOH,199,Atp5g2,0.866786176920315
celltype_specific,aLOH,200,Apoe,0.8664503747423175
celltype_specific,aLOH,201,Ubc,0.8662580680544893
celltype_specific,aLOH,202,Scand1,0.8656347066211247
celltype_specific,aLOH,203,Esd,0.8652482554198445
celltype_specific,aLOH,204,Ndufs2,0.8648834953973108
celltype_specific,aLOH,205,Tpi1,0.8645452629367447
celltype_specific,aLOH,206,Spint2,0.8634859015559999
celltype_specific,aLOH,207,Rps6,0.8634807991717016
celltype_specific,aLOH,208,Fabp3,0.8631239466357344
celltype_specific,aLOH,209,Tmem176b,0.8630977092567601
celltype_specific,aLOH,210,Hrsp12,0.8625195559155544
celltype_specific,aLOH,211,Eef1b2,0.8623714779522831
celltype_specific,aLOH,212,1110001J03Rik,0.8620688412722242
celltype_specific,aLOH,213,Vdac2,0.8619940224237941
celltype_specific,aLOH,214,Prdx2,0.8611589483149267
celltype_specific,aLOH,215,Park7,0.8608165323828744
celltype_specific,aLOH,216,Rabac1,0.8601324985220012
celltype_specific,aLOH,217,Rpl37a,0.8598832071488708
celltype_specific,aLOH,218,Rpl36a,0.8598730991079387
celltype_specific,aLOH,219,Aco2,0.8596969580310272
celltype_specific,aLOH,220,Atp6v0e,0.8594377037084613
celltype_specific,aLOH,221,Rpl5,0.8591732260920166
celltype_specific,aLOH,222,Slc25a3,0.8583566511489699
celltype_specific,aLOH,223,Rps3,0.8568431533837658
celltype_specific,aLOH,224,Ndufb6,0.8551975014470459
celltype_specific,aLOH,225,Atp5o,0.8549284292665412
celltype_specific,aLOH,226,Ndufs3,0.8539588553402957
celltype_specific,aLOH,227,Tmem52b,0.8532065559302571
celltype_specific,aLOH,228,Rps9,0.8530696137393522
celltype_specific,aLOH,229,Rpl35,0.851324090489117
celltype_specific,aLOH,230,Uqcrc2,0.8499327355821612
celltype_specific,aLOH,231,Rps18,0.8498328159048137
celltype_specific,aLOH,232,Kcnj1,0.8491691190353853
celltype_specific,aLOH,233,Ndufs8,0.8487411233022361
celltype_specific,aLOH,234,Tspo,0.8475848408017408
celltype_specific,aLOH,235,Cox7a2,0.8470318729261589
celltype_specific,aLOH,236,Tspan8,0.8466589152340654
celltype_specific,aLOH,237,Myl6,0.8466527972092908
celltype_specific,aLOH,238,Atp5j,0.8453734771196514
celltype_specific,aLOH,239,Ech1,0.8450547111015502
celltype_specific,aLOH,240,Rpl7,0.8444557250396196
celltype_specific,aLOH,241,Rpl8,0.8433309757577259
celltype_specific,aLOH,242,Uqcrh,0.8427969423224544
celltype_specific,aLOH,243,Mrpl42,0.8413623985133345
celltype_specific,aLOH,244,Rpl9,0.8403596953620246
celltype_specific,aLOH,245,Rpl31,0.8400239536388173
celltype_specific,aLOH,246,Etfa,0.8385316392321216
celltype_specific,aLOH,247,Uqcrc1,0.8382324363841497
celltype_specific,aLOH,248,Cox7a2l,0.8381733599631042
celltype_specific,aLOH,249,Arl6ip1,0.8374733660376015
celltype_specific,aLOH,250,Rpl24,0.837410372146147
celltype_specific,aLOH,251,Rps10,0.8369014879036252
celltype_specific,aLOH,252,Ndufa4,0.8368970384310618
celltype_specific,aLOH,253,Ndufb9,0.8363335030581418
celltype_specific,aLOH,254,Atp5l,0.8357962776099446
celltype_specific,aLOH,255,Rpl17,0.8356096899452754
celltype_specific,aLOH,256,Gabarap,0.8351673785177917
celltype_specific,aLOH,257,Fis1,0.8349596558584464
celltype_specific,aLOH,258,Tmem176a,0.8346547460782736
celltype_specific,aLOH,259,Ddx5,0.8346124277250891
celltype_specific,aLOH,260,Serf2,0.8345039960132726
celltype_specific,aLOH,261,Calm1,0.8327354757608211
celltype_specific,aLOH,262,Ndufb7,0.8324494036932943
celltype_specific,aLOH,263,Calr,0.8313941774202035
celltype_specific,aLOH,264,Ubb,0.8310094189530507
celltype_specific,aLOH,265,Ppib,0.8296818075769488
celltype_specific,aLOH,266,Ndufb3,0.827522217377241
celltype_specific,aLOH,267,Hsp90aa1,0.8238695631314382
celltype_specific,aLOH,268,Ptms,0.8237160321460851
celltype_specific,aLOH,269,Eno1,0.8223964008022979
celltype_specific,aLOH,270,Paqr5,0.8197351083891516
celltype_specific,aLOH,271,Rpl41,0.8180153146976525
celltype_specific,aLOH,272,Pdzk1ip1,0.8179143551979126
celltype_specific,aLOH,273,Car2,0.8173647486086693
celltype_specific,aLOH,274,Mrps24,0.8165257086655606
celltype_specific,aLOH,275,Atp6v1e1,0.8162067733740467
celltype_specific,aLOH,276,Shfm1,0.8155578516553585
celltype_specific,aLOH,277,Atp5d,0.8153641061435222
celltype_specific,aLOH,278,Cyfip2,0.8151940105456369
celltype_specific,aLOH,279,Cox5a,0.8150226574881141
celltype_specific,aLOH,280,Rpl28,0.8127837022397484
celltype_specific,aLOH,281,H2afj,0.8126136791876114
celltype_specific,aLOH,282,Hspe1,0.8111919034301951
celltype_specific,aLOH,283,Atox1,0.8108545657005249
celltype_specific,aLOH,284,Chchd10,0.810749035818641
celltype_specific,aLOH,285,Ndufv1,0.8105717098278402
celltype_specific,aLOH,286,Tns1,0.8087313934664718
celltype_specific,aLOH,287,Rpl11,0.8085062114636985
celltype_specific,aLOH,288,Cox7c,0.8065854902312797
celltype_specific,aLOH,289,Ndufv3,0.8063546980239699
celltype_specific,aLOH,290,Ldhb,0.8049016550490293
celltype_specific,aLOH,291,Fau,0.8046392328954537
celltype_specific,aLOH,292,Cox6b1,0.7989463262059231
celltype_specific,aLOH,293,Mgst1,0.7982596806981106
celltype_specific,aLOH,294,Mt2,0.7979226815152659
celltype_specific,aLOH,295,Rpl32,0.7971104351352021
celltype_specific,aLOH,296,Rps20,0.7958623580811708
celltype_specific,aLOH,297,Rpl4,0.7957112694693443
celltype_specific,aLOH,298,Pfn1,0.7923844423611455
celltype_specific,aLOH,299,Gabarapl2,0.7920280734635003
celltype_specific,aLOH,300,Ubl5,0.7915309416322058
celltype_specific,aLOH,301,Eif4a2,0.7911327138377823
celltype_specific,aLOH,302,Tmsb4x,0.7894746082142681
celltype_specific,aLOH,303,Pcbd1,0.789296992040474
celltype_specific,aLOH,304,Hint2,0.7891601223953174
celltype_specific,aLOH,305,Timm13,0.7884812392825747
celltype_specific,aLOH,306,Rps28,0.7874558293120419
celltype_specific,aLOH,307,H1f0,0.7843022898146543
celltype_specific,aLOH,308,Slc16a7,0.7839545054972267
celltype_specific,aLOH,309,Ndufs4,0.7820813500937871
celltype_specific,aLOH,310,Btf3,0.7797256929182969
celltype_specific,aLOH,311,Glo1,0.7789025163121533
celltype_specific,aLOH,312,Vamp8,0.7787749083408652
celltype_specific,aLOH,313,Scp2,0.7774586866472489
celltype_specific,aLOH,314,Rpl13,0.7770340280185222
celltype_specific,aLOH,315,Mrpl12,0.7746073243735143
celltype_specific,aLOH,316,Ccnd1,0.7743621681080378
celltype_specific,aLOH,317,Rps27l,0.7722865375210479
celltype_specific,aLOH,318,Chchd2,0.7699067467932845
celltype_specific,aLOH,319,Ndufa10,0.7697875057649688
celltype_specific,aLOH,320,Tmem59,0.767992288677137
celltype_specific,aLOH,321,Npm1,0.7678515015615714
celltype_specific,aLOH,322,Plscr2,0.7677773960796664
celltype_specific,aLOH,323,mt-Atp8,0.7676141076911648
celltype_specific,aLOH,324,Rps8,0.7666532150728012
celltype_specific,aLOH,325,Psma7,0.766162854178016
celltype_specific,aLOH,326,Chpt1,0.7656260156404764
celltype_specific,aLOH,327,Hmgb1,0.7655302673436571
celltype_specific,aLOH,328,Calm2,0.7653984396280086
celltype_specific,aLOH,329,Hnrnpa2b1,0.7636246718997622
celltype_specific,aLOH,330,Pgam1,0.7626466343028798
celltype_specific,aLOH,331,Atp5e,0.7613312589763273
celltype_specific,aLOH,332,Rbm39,0.7580251920431049
celltype_specific,aLOH,333,Acadm,0.7567146168268992
celltype_specific,aLOH,334,mt-Nd4l,0.7555904720929081
celltype_specific,aLOH,335,Gm10709,0.7546505451958078
celltype_specific,aLOH,336,Coa3,0.7545265282390613
celltype_specific,aLOH,337,Atp6v1a,0.753114642885332
celltype_specific,aLOH,338,Atp5h,0.7526503380051506
celltype_specific,aLOH,339,Sdhd,0.75192238978463
celltype_specific,aLOH,340,Ttc36,0.7513285061069979
celltype_specific,aLOH,341,Clta,0.7511028162839862
celltype_specific,aLOH,342,Erdr1,0.7502933024604422
celltype_specific,aLOH,343,Vdac1,0.7498686921955477
celltype_specific,aLOH,344,Hspa9,0.7490694677773067
celltype_specific,aLOH,345,Sdha,0.7473431812413333
celltype_specific,aLOH,346,Rpl22l1,0.7470165561004978
celltype_specific,aLOH,347,Sec61g,0.746948230096542
celltype_specific,aLOH,348,Hadhb,0.7456932974692948
celltype_specific,aLOH,349,Immt,0.7445432418121967
celltype_specific,aLOH,350,Atp6v0b,0.7423621417981131
celltype_specific,aLOH,351,Tbca,0.741632911936039
celltype_specific,aLOH,352,Rpl23,0.7404219299413134
celltype_specific,aLOH,353,Sumo2,0.7401628448921602
celltype_specific,aLOH,354,Gpi1,0.7398413704994552
celltype_specific,aLOH,355,Rpl23a,0.7392324698519216
celltype_specific,aLOH,356,Ppia,0.7382924704090729
celltype_specific,aLOH,357,Lamp1,0.7382832570990367
celltype_specific,aLOH,358,Ddt,0.7380461896844975
celltype_specific,aLOH,359,Ghitm,0.737050438834068
celltype_specific,aLOH,360,Rpl19,0.7367364124715233
celltype_specific,aLOH,361,Bckdhb,0.7365096586442031
celltype_specific,aLOH,362,Fkbp2,0.7360821223674598
celltype_specific,aLOH,363,Pkp4,0.733204099531219
celltype_specific,aLOH,364,Rps24,0.7331683223863411
celltype_specific,aLOH,365,Iscu,0.733074206368859
celltype_specific,aLOH,366,Atp5a1,0.7323584216521395
celltype_specific,aLOH,367,Psmb5,0.7316313197986827
celltype_specific,aLOH,368,Eif4g2,0.730357464822083
celltype_specific,aLOH,369,Phyh,0.7297844622290077
celltype_specific,aLOH,370,Selm,0.7296541458831158
celltype_specific,aLOH,371,Cgnl1,0.7241893230262914
celltype_specific,aLOH,372,Atp6v1g1,0.7238224591770565
celltype_specific,aLOH,373,Pde1a,0.7236798221449089
celltype_specific,aLOH,374,Ndufa3,0.723263844824064
celltype_specific,aLOH,375,Cox5b,0.7231892194309627
celltype_specific,aLOH,376,Eef1g,0.723161059589658
celltype_specific,aLOH,377,Sult1d1,0.7229690914486554
celltype_specific,aLOH,378,Timm8b,0.7184904071306086
celltype_specific,aLOH,379,S100g,0.7175188623782005
celltype_specific,aLOH,380,Prdx5,0.7170303755819136
celltype_specific,aLOH,381,Cox14,0.7155139518048609
celltype_specific,aLOH,382,Id2,0.712039119279139
celltype_specific,aLOH,383,Acadl,0.7112325919222341
celltype_specific,aLOH,384,Tmem27,0.7107708624161178
celltype_specific,aLOH,385,Hadha,0.709605741425286
celltype_specific,aLOH,386,Eef1d,0.708624584361226
celltype_specific,aLOH,387,Oat,0.7078423235571327
celltype_specific,aLOH,388,Dstn,0.7063754122533058
celltype_specific,aLOH,389,Higd2a,0.7061317431756698
celltype_specific,aLOH,390,H2afz,0.706033794324485
celltype_specific,aLOH,391,Ppp1r1b,0.7055075232842833
celltype_specific,aLOH,392,Acaa2,0.7054272755956876
celltype_specific,aLOH,393,D8Ertd738e,0.7042975811119503
celltype_specific,aLOH,394,Txn1,0.7039853321202395
celltype_specific,aLOH,395,Rplp1,0.7014051821265848
celltype_specific,aLOH,396,Cd24a,0.7013701667120642
celltype_specific,aLOH,397,S100a11,0.7011330388427347
celltype_specific,aLOH,398,Dad1,0.6997163654696167
celltype_specific,aLOH,399,0610012G03Rik,0.6966532905203794
celltype_specific,aLOH,400,Eif5,0.696248219243698
celltype_specific,aLOH,401,Atp5b,0.6956462104422544
celltype_specific,aLOH,402,Mcee,0.6952809184175663
celltype_specific,aLOH,403,Mrps14,0.6948651829158825
celltype_specific,aLOH,404,Ndrg1,0.6946164960906547
celltype_specific,aLOH,405,Tax1bp1,0.6942699208690323
celltype_specific,aLOH,406,Ywhae,0.69417394284401
celltype_specific,aLOH,407,Ctsd,0.6913282633205601
celltype_specific,aLOH,408,Aurkaip1,0.690678870054508
celltype_specific,aLOH,409,Sub1,0.690501507790833
celltype_specific,aLOH,410,Taldo1,0.689736053418433
celltype_specific,aLOH,411,Lamtor2,0.688152355550775
celltype_specific,aLOH,412,Ppargc1a,0.6878541320704054
celltype_specific,aLOH,413,Myl12b,0.6875170361598962
celltype_specific,aLOH,414,Hspa5,0.685703815635524
celltype_specific,aLOH,415,Laptm4a,0.6843312742592982
celltype_specific,aLOH,416,Rbx1,0.6837465434369119
celltype_specific,aLOH,417,Hoxd8,0.6835076019238746
celltype_specific,aLOH,418,Rhoa,0.6831127595977058
celltype_specific,aLOH,419,Pnkd,0.6828449448768386
celltype_specific,aLOH,420,Abca13,0.6828000269676728
celltype_specific,aLOH,421,Pdha1,0.6824435250694891
celltype_specific,aLOH,422,Tma7,0.6821285314303004
celltype_specific,aLOH,423,Psap,0.681809499411122
celltype_specific,aLOH,424,Eef1a1,0.6812850541055864
celltype_specific,aLOH,425,Emc6,0.6803228314818369
celltype_specific,aLOH,426,Eif3k,0.6799301050733273
celltype_specific,aLOH,427,Gas6,0.6788716626053944
celltype_specific,aLOH,428,Nop10,0.6776324844964899
celltype_specific,aLOH,429,Psmb4,0.6773225327868091
celltype_specific,aLOH,430,Tomm7,0.6758707472715061
celltype_specific,aLOH,431,Hcfc1r1,0.6757699207723046
celltype_specific,aLOH,432,Psmb6,0.6754230311857728
celltype_specific,aLOH,433,Jund,0.6740234907002154
celltype_specific,aLOH,434,Sptbn1,0.6739562045186522
celltype_specific,aLOH,435,Hspd1,0.6735242066783875
celltype_specific,aLOH,436,Camk2n1,0.6726737165980029
celltype_specific,aLOH,437,Ftl1,0.6718423060494255
celltype_specific,aLOH,438,Mrpl34,0.6707534427310321
celltype_specific,aLOH,439,Efhd1,0.6707009317002093
celltype_specific,aLOH,440,Wnk4,0.6683299915537403
celltype_specific,aLOH,441,Zfp706,0.6664418433623155
celltype_specific,aLOH,442,Gm10260,0.6663676532437042
celltype_specific,aLOH,443,Mrpl30,0.6659964003766962
celltype_specific,aLOH,444,Timp3,0.6654494537982245
celltype_specific,aLOH,445,H2-D1,0.664800870626362
celltype_specific,aLOH,446,Arhgap5,0.6622970145780197
celltype_specific,aLOH,447,Ezr,0.6611031412889387
celltype_specific,aLOH,448,Swi5,0.6608306715492213
celltype_specific,aLOH,449,Rsrp1,0.6579591415574547
celltype_specific,aLOH,450,Eif5a,0.6574802670728197
celltype_specific,aLOH,451,Snrpd2,0.6574758659640885
celltype_specific,aLOH,452,Kcnj16,0.6572792065313614
celltype_specific,aLOH,453,Mrps21,0.6557101387229473
celltype_specific,aLOH,454,Krt7,0.6548211147592488
celltype_specific,aLOH,455,Tomm20,0.6540624192324002
celltype_specific,aLOH,456,Gatm,0.6526563979933265
celltype_specific,aLOH,457,Tfcp2l1,0.652371510839689
celltype_specific,aLOH,458,Cfl1,0.6517596116345582
celltype_specific,aLOH,459,mt-Nd6,0.6510121727896568
celltype_specific,aLOH,460,Mfsd4,0.6509622371328991
celltype_specific,aLOH,461,Hibadh,0.65086835084362
celltype_specific,aLOH,462,Bola3,0.6506761167015402
celltype_specific,aLOH,463,Cstb,0.6502943809739006
celltype_specific,aLOH,464,Myl12a,0.6485760623792839
celltype_specific,aLOH,465,Myeov2,0.6482076146145441
celltype_specific,aLOH,466,Ctnna1,0.6471390278328051
celltype_specific,aLOH,467,Nedd8,0.6470902891808946
celltype_specific,aLOH,468,Mrpl51,0.6469339047294411
celltype_specific,aLOH,469,Me3,0.6461298318370209
celltype_specific,aLOH,470,Eif3f,0.6460802105451726
celltype_specific,aLOH,471,Mrfap1,0.6460734516996212
celltype_specific,aLOH,472,Ctsl,0.6416727419700562
celltype_specific,aLOH,473,1700011H14Rik,0.6407583995401954
celltype_specific,aLOH,474,Acot13,0.6407076296073321
celltype_specific,aLOH,475,Cox6c,0.640680521679378
celltype_specific,aLOH,476,Idh3g,0.6404492821066202
celltype_specific,aLOH,477,S100a10,0.6399370123958437
celltype_specific,aLOH,478,Hagh,0.6397560953905012
celltype_specific,aLOH,479,Mrpl20,0.6393319324910546
celltype_specific,aLOH,480,Aplp2,0.6390259828884892
celltype_specific,aLOH,481,Echs1,0.6385288510571947
celltype_specific,aLOH,482,Mrps16,0.6372654910321848
celltype_specific,aLOH,483,Srp14,0.6362982022970112
celltype_specific,aLOH,484,Polr1d,0.6362765111182647
celltype_specific,aLOH,485,Tfap2b,0.6356154138048175
celltype_specific,aLOH,486,Ndufa9,0.6348125258262864
celltype_specific,aLOH,487,Hnrnpk,0.6345095143265278
celltype_specific,aLOH,488,Serbp1,0.634457486934027
celltype_specific,aLOH,489,Ggt1,0.6338727319297246
celltype_specific,aLOH,490,Pcbp2,0.6314759896787713
celltype_specific,aLOH,491,Tecr,0.6305886463582421
celltype_specific,aLOH,492,Eif3h,0.6288060885034915
celltype_specific,aLOH,493,2700060E02Rik,0.6285374395065186
celltype_specific,aLOH,494,Aif1l,0.6270800316957211
celltype_specific,aLOH,495,Idh3b,0.6258050885328967
celltype_specific,aLOH,496,Fdx1,0.6248717995717673
celltype_specific,aLOH,497,Rab3ip,0.6248450664635128
celltype_specific,aLOH,498,Hmgn1,0.6244243615780692
celltype_specific,aLOH,499,Zbtb20,0.6239859434390786
celltype_specific,aLOH,500,Tmem72,0.6233948527727565
shared_global_gt_hvg,ALL_PRIMARY,1,Ren1,
shared_global_gt_hvg,ALL_PRIMARY,2,Hbb-bt,
shared_global_gt_hvg,ALL_PRIMARY,3,Mgp,
shared_global_gt_hvg,ALL_PRIMARY,4,Hba-a2,
shared_global_gt_hvg,ALL_PRIMARY,5,Akr1b3,
shared_global_gt_hvg,ALL_PRIMARY,6,Myl9,
shared_global_gt_hvg,ALL_PRIMARY,7,Hba-a1,
shared_global_gt_hvg,ALL_PRIMARY,8,S100a9,
shared_global_gt_hvg,ALL_PRIMARY,9,Sparcl1,
shared_global_gt_hvg,ALL_PRIMARY,10,Ccl2,
shared_global_gt_hvg,ALL_PRIMARY,11,Cd74,
shared_global_gt_hvg,ALL_PRIMARY,12,Tagln,
shared_global_gt_hvg,ALL_PRIMARY,13,Npy,
shared_global_gt_hvg,ALL_PRIMARY,14,Tpm2,
shared_global_gt_hvg,ALL_PRIMARY,15,Myh11,
shared_global_gt_hvg,ALL_PRIMARY,16,Fxyd4,
shared_global_gt_hvg,ALL_PRIMARY,17,Acta2,
shared_global_gt_hvg,ALL_PRIMARY,18,Ly6d,
shared_global_gt_hvg,ALL_PRIMARY,19,Cald1,
shared_global_gt_hvg,ALL_PRIMARY,20,Hbb-bs,
shared_global_gt_hvg,ALL_PRIMARY,21,S100a6,
shared_global_gt_hvg,ALL_PRIMARY,22,Kap,
shared_global_gt_hvg,ALL_PRIMARY,23,Rgs5,
shared_global_gt_hvg,ALL_PRIMARY,24,Lypd2,
shared_global_gt_hvg,ALL_PRIMARY,25,Slc12a1,
shared_global_gt_hvg,ALL_PRIMARY,26,Tpm1,
shared_global_gt_hvg,ALL_PRIMARY,27,Fst,
shared_global_gt_hvg,ALL_PRIMARY,28,RP23-306P12.3,
shared_global_gt_hvg,ALL_PRIMARY,29,Mpeg1,
shared_global_gt_hvg,ALL_PRIMARY,30,RP24-350A15.6,
shared_global_gt_hvg,ALL_PRIMARY,31,Atp6v1g3,
shared_global_gt_hvg,ALL_PRIMARY,32,Cryab,
shared_global_gt_hvg,ALL_PRIMARY,33,Aqp2,
shared_global_gt_hvg,ALL_PRIMARY,34,Crip1,
shared_global_gt_hvg,ALL_PRIMARY,35,Napsa,
shared_global_gt_hvg,ALL_PRIMARY,36,C3,
shared_global_gt_hvg,ALL_PRIMARY,37,Mylk,
shared_global_gt_hvg,ALL_PRIMARY,38,Aadat,
shared_global_gt_hvg,ALL_PRIMARY,39,Nupr1,
shared_global_gt_hvg,ALL_PRIMARY,40,Ubd,
shared_global_gt_hvg,ALL_PRIMARY,41,H2-Eb1,
shared_global_gt_hvg,ALL_PRIMARY,42,Gng11,
shared_global_gt_hvg,ALL_PRIMARY,43,Cxcl10,
shared_global_gt_hvg,ALL_PRIMARY,44,F13a1,
shared_global_gt_hvg,ALL_PRIMARY,45,Mustn1,
shared_global_gt_hvg,ALL_PRIMARY,46,Sncg,
shared_global_gt_hvg,ALL_PRIMARY,47,Crispld2,
shared_global_gt_hvg,ALL_PRIMARY,48,Akr1b7,
shared_global_gt_hvg,ALL_PRIMARY,49,Umod,
shared_global_gt_hvg,ALL_PRIMARY,50,She,
shared_global_gt_hvg,ALL_PRIMARY,51,Gpr18,
shared_global_gt_hvg,ALL_PRIMARY,52,Angpt2,
shared_global_gt_hvg,ALL_PRIMARY,53,Pecam1,
shared_global_gt_hvg,ALL_PRIMARY,54,Clnk,
shared_global_gt_hvg,ALL_PRIMARY,55,Slamf7,
shared_global_gt_hvg,ALL_PRIMARY,56,Bin2,
shared_global_gt_hvg,ALL_PRIMARY,57,BC094916,
shared_global_gt_hvg,ALL_PRIMARY,58,Ccl5,
shared_global_gt_hvg,ALL_PRIMARY,59,Fcgr4,
shared_global_gt_hvg,ALL_PRIMARY,60,Mpv17l,
shared_global_gt_hvg,ALL_PRIMARY,61,Lyz2,
shared_global_gt_hvg,ALL_PRIMARY,62,Ptn,
shared_global_gt_hvg,ALL_PRIMARY,63,Hopx,
shared_global_gt_hvg,ALL_PRIMARY,64,Dcn,
shared_global_gt_hvg,ALL_PRIMARY,65,Trpc5,
shared_global_gt_hvg,ALL_PRIMARY,66,Bst1,
shared_global_gt_hvg,ALL_PRIMARY,67,Rasal3,
shared_global_gt_hvg,ALL_PRIMARY,68,Krt19,
shared_global_gt_hvg,ALL_PRIMARY,69,Ttr,
shared_global_gt_hvg,ALL_PRIMARY,70,Gm12840,
shared_global_gt_hvg,ALL_PRIMARY,71,Smoc2,
shared_global_gt_hvg,ALL_PRIMARY,72,4930556M19Rik,
shared_global_gt_hvg,ALL_PRIMARY,73,Tm4sf1,
shared_global_gt_hvg,ALL_PRIMARY,74,Sfrp2,
shared_global_gt_hvg,ALL_PRIMARY,75,Aqp3,
shared_global_gt_hvg,ALL_PRIMARY,76,Rgcc,
shared_global_gt_hvg,ALL_PRIMARY,77,H2-Aa,
shared_global_gt_hvg,ALL_PRIMARY,78,Igfbp3,
shared_global_gt_hvg,ALL_PRIMARY,79,Cd300ld,
shared_global_gt_hvg,ALL_PRIMARY,80,Slc7a12,
shared_global_gt_hvg,ALL_PRIMARY,81,Flna,
shared_global_gt_hvg,ALL_PRIMARY,82,Ppp1r14a,
shared_global_gt_hvg,ALL_PRIMARY,83,Hsd11b2,
shared_global_gt_hvg,ALL_PRIMARY,84,Oas1a,
shared_global_gt_hvg,ALL_PRIMARY,85,Pla2r1,
shared_global_gt_hvg,ALL_PRIMARY,86,H2-T24,
shared_global_gt_hvg,ALL_PRIMARY,87,Bgn,
shared_global_gt_hvg,ALL_PRIMARY,88,Tifab,
shared_global_gt_hvg,ALL_PRIMARY,89,Wfdc17,
shared_global_gt_hvg,ALL_PRIMARY,90,Siglece,
shared_global_gt_hvg,ALL_PRIMARY,91,Ccl9,
shared_global_gt_hvg,ALL_PRIMARY,92,Ccr2,
shared_global_gt_hvg,ALL_PRIMARY,93,Aif1,
shared_global_gt_hvg,ALL_PRIMARY,94,Egf,
shared_global_gt_hvg,ALL_PRIMARY,95,Vim,
shared_global_gt_hvg,ALL_PRIMARY,96,Ctla2a,
shared_global_gt_hvg,ALL_PRIMARY,97,Ndufa4l2,
shared_global_gt_hvg,ALL_PRIMARY,98,BC030343,
shared_global_gt_hvg,ALL_PRIMARY,99,Ptgds,
shared_global_gt_hvg,ALL_PRIMARY,100,Tyrobp,
shared_global_gt_hvg,ALL_PRIMARY,101,Gm13889,
shared_global_gt_hvg,ALL_PRIMARY,102,Lrrc25,
shared_global_gt_hvg,ALL_PRIMARY,103,Klk1b21,
shared_global_gt_hvg,ALL_PRIMARY,104,Ecm1,
shared_global_gt_hvg,ALL_PRIMARY,105,Fabp4,
shared_global_gt_hvg,ALL_PRIMARY,106,Fam78b,
shared_global_gt_hvg,ALL_PRIMARY,107,Slpi,
shared_global_gt_hvg,ALL_PRIMARY,108,Stac3,
shared_global_gt_hvg,ALL_PRIMARY,109,Wnk1,
shared_global_gt_hvg,ALL_PRIMARY,110,Clec4a3,
shared_global_gt_hvg,ALL_PRIMARY,111,Slc12a3,
shared_global_gt_hvg,ALL_PRIMARY,112,Coro2b,
shared_global_gt_hvg,ALL_PRIMARY,113,Mest,
shared_global_gt_hvg,ALL_PRIMARY,114,Cbfa2t3,
shared_global_gt_hvg,ALL_PRIMARY,115,Ttbk1,
shared_global_gt_hvg,ALL_PRIMARY,116,Klkb1,
shared_global_gt_hvg,ALL_PRIMARY,117,Syt15,
shared_global_gt_hvg,ALL_PRIMARY,118,Serpina1b,
shared_global_gt_hvg,ALL_PRIMARY,119,Stx1a,
shared_global_gt_hvg,ALL_PRIMARY,120,AI607873,
shared_global_gt_hvg,ALL_PRIMARY,121,Ddx60,
shared_global_gt_hvg,ALL_PRIMARY,122,Ccl4,
shared_global_gt_hvg,ALL_PRIMARY,123,Fetub,
shared_global_gt_hvg,ALL_PRIMARY,124,Gbp2b,
shared_global_gt_hvg,ALL_PRIMARY,125,Was,
shared_global_gt_hvg,ALL_PRIMARY,126,Ctgf,
shared_global_gt_hvg,ALL_PRIMARY,127,Iigp1,
shared_global_gt_hvg,ALL_PRIMARY,128,Pvalb,
shared_global_gt_hvg,ALL_PRIMARY,129,Ifi27l2a,
shared_global_gt_hvg,ALL_PRIMARY,130,Mndal,
shared_global_gt_hvg,ALL_PRIMARY,131,Lbp,
shared_global_gt_hvg,ALL_PRIMARY,132,Aqp1,
shared_global_gt_hvg,ALL_PRIMARY,133,Gzma,
shared_global_gt_hvg,ALL_PRIMARY,134,Myct1,
shared_global_gt_hvg,ALL_PRIMARY,135,Ube2c,
shared_global_gt_hvg,ALL_PRIMARY,136,Zc3h12d,
shared_global_gt_hvg,ALL_PRIMARY,137,Cnn1,
shared_global_gt_hvg,ALL_PRIMARY,138,Adcy7,
shared_global_gt_hvg,ALL_PRIMARY,139,AI839979,
shared_global_gt_hvg,ALL_PRIMARY,140,Clu,
shared_global_gt_hvg,ALL_PRIMARY,141,Cfh,
shared_global_gt_hvg,ALL_PRIMARY,142,Dchs1,
shared_global_gt_hvg,ALL_PRIMARY,143,Stat4,
shared_global_gt_hvg,ALL_PRIMARY,144,Sfrp1,
shared_global_gt_hvg,ALL_PRIMARY,145,Aqp6,
shared_global_gt_hvg,ALL_PRIMARY,146,Kcng2,
shared_global_gt_hvg,ALL_PRIMARY,147,Scd1,
shared_global_gt_hvg,ALL_PRIMARY,148,Ankrd1,
shared_global_gt_hvg,ALL_PRIMARY,149,Pot1b,
shared_global_gt_hvg,ALL_PRIMARY,150,Zfp583,
shared_global_gt_hvg,ALL_PRIMARY,151,Defb1,
shared_global_gt_hvg,ALL_PRIMARY,152,Lrrc8e,
shared_global_gt_hvg,ALL_PRIMARY,153,C1qb,
shared_global_gt_hvg,ALL_PRIMARY,154,Tenm3,
shared_global_gt_hvg,ALL_PRIMARY,155,Csf2rb,
shared_global_gt_hvg,ALL_PRIMARY,156,Ifit1,
shared_global_gt_hvg,ALL_PRIMARY,157,Hist1h4c,
shared_global_gt_hvg,ALL_PRIMARY,158,Sox17,
shared_global_gt_hvg,ALL_PRIMARY,159,Calb1,
shared_global_gt_hvg,ALL_PRIMARY,160,Ebf1,
shared_global_gt_hvg,ALL_PRIMARY,161,B3gnt5,
shared_global_gt_hvg,ALL_PRIMARY,162,Cd79a,
shared_global_gt_hvg,ALL_PRIMARY,163,Wfdc15b,
shared_global_gt_hvg,ALL_PRIMARY,164,Sobp,
shared_global_gt_hvg,ALL_PRIMARY,165,Clmp,
shared_global_gt_hvg,ALL_PRIMARY,166,Pf4,
shared_global_gt_hvg,ALL_PRIMARY,167,P2rx7,
shared_global_gt_hvg,ALL_PRIMARY,168,Fbln5,
shared_global_gt_hvg,ALL_PRIMARY,169,Gm9885,
shared_global_gt_hvg,ALL_PRIMARY,170,C1qa,
shared_global_gt_hvg,ALL_PRIMARY,171,Fcgr1,
shared_global_gt_hvg,ALL_PRIMARY,172,Snhg11,
shared_global_gt_hvg,ALL_PRIMARY,173,Nxph3,
shared_global_gt_hvg,ALL_PRIMARY,174,Ifit3b,
shared_global_gt_hvg,ALL_PRIMARY,175,Apela,
shared_global_gt_hvg,ALL_PRIMARY,176,Ch25h,
shared_global_gt_hvg,ALL_PRIMARY,177,Pln,
shared_global_gt_hvg,ALL_PRIMARY,178,Stab1,
shared_global_gt_hvg,ALL_PRIMARY,179,Abi3bp,
shared_global_gt_hvg,ALL_PRIMARY,180,B3galt2,
shared_global_gt_hvg,ALL_PRIMARY,181,Bend4,
shared_global_gt_hvg,ALL_PRIMARY,182,Arl5c,
shared_global_gt_hvg,ALL_PRIMARY,183,Sult2a3,
shared_global_gt_hvg,ALL_PRIMARY,184,C1qc,
shared_global_gt_hvg,ALL_PRIMARY,185,Slfn8,
shared_global_gt_hvg,ALL_PRIMARY,186,Atp8a2,
shared_global_gt_hvg,ALL_PRIMARY,187,Arap3,
shared_global_gt_hvg,ALL_PRIMARY,188,Tmsb4x,
shared_global_gt_hvg,ALL_PRIMARY,189,Layn,
shared_global_gt_hvg,ALL_PRIMARY,190,Phf11b,
shared_global_gt_hvg,ALL_PRIMARY,191,Pirb,
shared_global_gt_hvg,ALL_PRIMARY,192,Ptp4a3,
shared_global_gt_hvg,ALL_PRIMARY,193,Cdc20,
shared_global_gt_hvg,ALL_PRIMARY,194,Lepr,
shared_global_gt_hvg,ALL_PRIMARY,195,Sema3d,
shared_global_gt_hvg,ALL_PRIMARY,196,H2-Ab1,
shared_global_gt_hvg,ALL_PRIMARY,197,Trim62,
shared_global_gt_hvg,ALL_PRIMARY,198,Ptprcap,
shared_global_gt_hvg,ALL_PRIMARY,199,Mmp2,
shared_global_gt_hvg,ALL_PRIMARY,200,Aqp4,
shared_global_gt_hvg,ALL_PRIMARY,201,Pgam2,
shared_global_gt_hvg,ALL_PRIMARY,202,Rab30,
shared_global_gt_hvg,ALL_PRIMARY,203,Elmo1,
shared_global_gt_hvg,ALL_PRIMARY,204,Tnfaip8l2,
shared_global_gt_hvg,ALL_PRIMARY,205,Gpihbp1,
shared_global_gt_hvg,ALL_PRIMARY,206,Plvap,
shared_global_gt_hvg,ALL_PRIMARY,207,4930404N11Rik,
shared_global_gt_hvg,ALL_PRIMARY,208,Cdk1,
shared_global_gt_hvg,ALL_PRIMARY,209,Themis2,
shared_global_gt_hvg,ALL_PRIMARY,210,H2-Oa,
shared_global_gt_hvg,ALL_PRIMARY,211,Csrp1,
shared_global_gt_hvg,ALL_PRIMARY,212,Lsp1,
shared_global_gt_hvg,ALL_PRIMARY,213,Gja5,
shared_global_gt_hvg,ALL_PRIMARY,214,Eya2,
shared_global_gt_hvg,ALL_PRIMARY,215,Ier3,
shared_global_gt_hvg,ALL_PRIMARY,216,1810011H11Rik,
shared_global_gt_hvg,ALL_PRIMARY,217,Cercam,
shared_global_gt_hvg,ALL_PRIMARY,218,Olfml3,
shared_global_gt_hvg,ALL_PRIMARY,219,Nrgn,
shared_global_gt_hvg,ALL_PRIMARY,220,F630028O10Rik,
shared_global_gt_hvg,ALL_PRIMARY,221,Col1a2,
shared_global_gt_hvg,ALL_PRIMARY,222,Tyro3,
shared_global_gt_hvg,ALL_PRIMARY,223,Pcp4,
shared_global_gt_hvg,ALL_PRIMARY,224,Crkl,
shared_global_gt_hvg,ALL_PRIMARY,225,Rab3b,
shared_global_gt_hvg,ALL_PRIMARY,226,Sostdc1,
shared_global_gt_hvg,ALL_PRIMARY,227,Slc7a5,
shared_global_gt_hvg,ALL_PRIMARY,228,Erg,
shared_global_gt_hvg,ALL_PRIMARY,229,Sox18,
shared_global_gt_hvg,ALL_PRIMARY,230,Mir155hg,
shared_global_gt_hvg,ALL_PRIMARY,231,Kdr,
shared_global_gt_hvg,ALL_PRIMARY,232,Naalad2,
shared_global_gt_hvg,ALL_PRIMARY,233,Slc15a3,
shared_global_gt_hvg,ALL_PRIMARY,234,Bglap3,
shared_global_gt_hvg,ALL_PRIMARY,235,Mctp2,
shared_global_gt_hvg,ALL_PRIMARY,236,Cx3cr1,
shared_global_gt_hvg,ALL_PRIMARY,237,Hck,
shared_global_gt_hvg,ALL_PRIMARY,238,Dennd2a,
shared_global_gt_hvg,ALL_PRIMARY,239,Gm42418,
shared_global_gt_hvg,ALL_PRIMARY,240,Ifi204,
shared_global_gt_hvg,ALL_PRIMARY,241,Laptm5,
shared_global_gt_hvg,ALL_PRIMARY,242,Rph3a,
shared_global_gt_hvg,ALL_PRIMARY,243,Evi2a,
shared_global_gt_hvg,ALL_PRIMARY,244,Il1b,
shared_global_gt_hvg,ALL_PRIMARY,245,Xist,
shared_global_gt_hvg,ALL_PRIMARY,246,Mettl7a2,
shared_global_gt_hvg,ALL_PRIMARY,247,Kctd14,
shared_global_gt_hvg,ALL_PRIMARY,248,Rsad2,
shared_global_gt_hvg,ALL_PRIMARY,249,S1pr1,
shared_global_gt_hvg,ALL_PRIMARY,250,Ephb1,
shared_global_gt_hvg,ALL_PRIMARY,251,Lypd1,
shared_global_gt_hvg,ALL_PRIMARY,252,Slc22a7,
shared_global_gt_hvg,ALL_PRIMARY,253,Hepacam2,
shared_global_gt_hvg,ALL_PRIMARY,254,Hhex,
shared_global_gt_hvg,ALL_PRIMARY,255,Ly9,
shared_global_gt_hvg,ALL_PRIMARY,256,Gm17435,
shared_global_gt_hvg,ALL_PRIMARY,257,Ttc9,
shared_global_gt_hvg,ALL_PRIMARY,258,Pik3cd,
shared_global_gt_hvg,ALL_PRIMARY,259,Mef2c,
shared_global_gt_hvg,ALL_PRIMARY,260,Cytl1,
shared_global_gt_hvg,ALL_PRIMARY,261,Hdc,
shared_global_gt_hvg,ALL_PRIMARY,262,Nes,
shared_global_gt_hvg,ALL_PRIMARY,263,5830473C10Rik,
shared_global_gt_hvg,ALL_PRIMARY,264,Hspb1,
shared_global_gt_hvg,ALL_PRIMARY,265,Col14a1,
shared_global_gt_hvg,ALL_PRIMARY,266,Igfbp5,
shared_global_gt_hvg,ALL_PRIMARY,267,Wtip,
shared_global_gt_hvg,ALL_PRIMARY,268,Ifitm3,
shared_global_gt_hvg,ALL_PRIMARY,269,Sash3,
shared_global_gt_hvg,ALL_PRIMARY,270,C3ar1,
shared_global_gt_hvg,ALL_PRIMARY,271,Igf1,
shared_global_gt_hvg,ALL_PRIMARY,272,Plcl2,
shared_global_gt_hvg,ALL_PRIMARY,273,D030055H07Rik,
shared_global_gt_hvg,ALL_PRIMARY,274,Clec4b1,
shared_global_gt_hvg,ALL_PRIMARY,275,Slamf8,
shared_global_gt_hvg,ALL_PRIMARY,276,Icam2,
shared_global_gt_hvg,ALL_PRIMARY,277,Slco1a6,
shared_global_gt_hvg,ALL_PRIMARY,278,Tmsb10,
shared_global_gt_hvg,ALL_PRIMARY,279,Adamts5,
shared_global_gt_hvg,ALL_PRIMARY,280,Btk,
shared_global_gt_hvg,ALL_PRIMARY,281,Sema3e,
shared_global_gt_hvg,ALL_PRIMARY,282,Rac2,
shared_global_gt_hvg,ALL_PRIMARY,283,Ckb,
shared_global_gt_hvg,ALL_PRIMARY,284,Kcnj8,
shared_global_gt_hvg,ALL_PRIMARY,285,Scimp,
shared_global_gt_hvg,ALL_PRIMARY,286,Cldn5,
shared_global_gt_hvg,ALL_PRIMARY,287,Egr1,
shared_global_gt_hvg,ALL_PRIMARY,288,Tmem54,
shared_global_gt_hvg,ALL_PRIMARY,289,Sla,
shared_global_gt_hvg,ALL_PRIMARY,290,Pdzd4,
shared_global_gt_hvg,ALL_PRIMARY,291,Steap3,
shared_global_gt_hvg,ALL_PRIMARY,292,Ccdc17,
shared_global_gt_hvg,ALL_PRIMARY,293,Krt18,
shared_global_gt_hvg,ALL_PRIMARY,294,Apoc1,
shared_global_gt_hvg,ALL_PRIMARY,295,Msx1,
shared_global_gt_hvg,ALL_PRIMARY,296,Ighd,
shared_global_gt_hvg,ALL_PRIMARY,297,Hcls1,
shared_global_gt_hvg,ALL_PRIMARY,298,Il33,
shared_global_gt_hvg,ALL_PRIMARY,299,Vcam1,
shared_global_gt_hvg,ALL_PRIMARY,300,Fbln2,
shared_global_gt_hvg,ALL_PRIMARY,301,Akap12,
shared_global_gt_hvg,ALL_PRIMARY,302,Tcf21,
shared_global_gt_hvg,ALL_PRIMARY,303,Pmp22,
shared_global_gt_hvg,ALL_PRIMARY,304,Sp140,
shared_global_gt_hvg,ALL_PRIMARY,305,Isg15,
shared_global_gt_hvg,ALL_PRIMARY,306,Clspn,
shared_global_gt_hvg,ALL_PRIMARY,307,Dmrt2,
shared_global_gt_hvg,ALL_PRIMARY,308,Fxyd1,
shared_global_gt_hvg,ALL_PRIMARY,309,Gm7120,
shared_global_gt_hvg,ALL_PRIMARY,310,Ccl6,
shared_global_gt_hvg,ALL_PRIMARY,311,Sptssb,
shared_global_gt_hvg,ALL_PRIMARY,312,Cyth4,
shared_global_gt_hvg,ALL_PRIMARY,313,Spdl1,
shared_global_gt_hvg,ALL_PRIMARY,314,Cyp2f2,
shared_global_gt_hvg,ALL_PRIMARY,315,Hsd11b1,
shared_global_gt_hvg,ALL_PRIMARY,316,Ccdc96,
shared_global_gt_hvg,ALL_PRIMARY,317,Npnt,
shared_global_gt_hvg,ALL_PRIMARY,318,Foxd1,
shared_global_gt_hvg,ALL_PRIMARY,319,Itih5,
shared_global_gt_hvg,ALL_PRIMARY,320,9530077C05Rik,
shared_global_gt_hvg,ALL_PRIMARY,321,AU020206,
shared_global_gt_hvg,ALL_PRIMARY,322,Slc5a3,
shared_global_gt_hvg,ALL_PRIMARY,323,Hmha1,
shared_global_gt_hvg,ALL_PRIMARY,324,Sparc,
shared_global_gt_hvg,ALL_PRIMARY,325,Colec12,
shared_global_gt_hvg,ALL_PRIMARY,326,Sfmbt2,
shared_global_gt_hvg,ALL_PRIMARY,327,Sp110,
shared_global_gt_hvg,ALL_PRIMARY,328,Nphs2,
shared_global_gt_hvg,ALL_PRIMARY,329,Filip1l,
shared_global_gt_hvg,ALL_PRIMARY,330,Mmd2,
shared_global_gt_hvg,ALL_PRIMARY,331,Ccl12,
shared_global_gt_hvg,ALL_PRIMARY,332,Igfn1,
shared_global_gt_hvg,ALL_PRIMARY,333,Dnase1l3,
shared_global_gt_hvg,ALL_PRIMARY,334,4930427A07Rik,
shared_global_gt_hvg,ALL_PRIMARY,335,Nccrp1,
shared_global_gt_hvg,ALL_PRIMARY,336,Snap91,
shared_global_gt_hvg,ALL_PRIMARY,337,Meg3,
shared_global_gt_hvg,ALL_PRIMARY,338,Lcp2,
shared_global_gt_hvg,ALL_PRIMARY,339,St3gal5,
shared_global_gt_hvg,ALL_PRIMARY,340,Plat,
shared_global_gt_hvg,ALL_PRIMARY,341,Socs3,
shared_global_gt_hvg,ALL_PRIMARY,342,Gm16104,
shared_global_gt_hvg,ALL_PRIMARY,343,Cyp1a1,
shared_global_gt_hvg,ALL_PRIMARY,344,Tie1,
shared_global_gt_hvg,ALL_PRIMARY,345,Gm26534,
shared_global_gt_hvg,ALL_PRIMARY,346,Meox1,
shared_global_gt_hvg,ALL_PRIMARY,347,Spink12,
shared_global_gt_hvg,ALL_PRIMARY,348,Rarres2,
shared_global_gt_hvg,ALL_PRIMARY,349,St8sia4,
shared_global_gt_hvg,ALL_PRIMARY,350,Gm43403,
shared_global_gt_hvg,ALL_PRIMARY,351,Serpina1d,
shared_global_gt_hvg,ALL_PRIMARY,352,Slc43a3,
shared_global_gt_hvg,ALL_PRIMARY,353,Traf1,
shared_global_gt_hvg,ALL_PRIMARY,354,Pi16,
shared_global_gt_hvg,ALL_PRIMARY,355,Sema3g,
shared_global_gt_hvg,ALL_PRIMARY,356,Egfl7,
shared_global_gt_hvg,ALL_PRIMARY,357,Emcn,
shared_global_gt_hvg,ALL_PRIMARY,358,Pkn3,
shared_global_gt_hvg,ALL_PRIMARY,359,Dnm1,
shared_global_gt_hvg,ALL_PRIMARY,360,Slc4a11,
shared_global_gt_hvg,ALL_PRIMARY,361,Rergl,
shared_global_gt_hvg,ALL_PRIMARY,362,Gpx1,
shared_global_gt_hvg,ALL_PRIMARY,363,Rgs10,
shared_global_gt_hvg,ALL_PRIMARY,364,Gata5,
shared_global_gt_hvg,ALL_PRIMARY,365,Mfng,
shared_global_gt_hvg,ALL_PRIMARY,366,Flt4,
shared_global_gt_hvg,ALL_PRIMARY,367,Aim2,
shared_global_gt_hvg,ALL_PRIMARY,368,Prkcdbp,
shared_global_gt_hvg,ALL_PRIMARY,369,Robo4,
shared_global_gt_hvg,ALL_PRIMARY,370,Tgfbi,
shared_global_gt_hvg,ALL_PRIMARY,371,Klk1b27,
shared_global_gt_hvg,ALL_PRIMARY,372,Ubxn11,
shared_global_gt_hvg,ALL_PRIMARY,373,Nlgn2,
shared_global_gt_hvg,ALL_PRIMARY,374,Fam181b,
shared_global_gt_hvg,ALL_PRIMARY,375,Spink6,
shared_global_gt_hvg,ALL_PRIMARY,376,Acy1,
shared_global_gt_hvg,ALL_PRIMARY,377,Hapln3,
shared_global_gt_hvg,ALL_PRIMARY,378,Egfros,
shared_global_gt_hvg,ALL_PRIMARY,379,Mob3a,
shared_global_gt_hvg,ALL_PRIMARY,380,Arhgef15,
shared_global_gt_hvg,ALL_PRIMARY,381,Fut10,
shared_global_gt_hvg,ALL_PRIMARY,382,Emp3,
shared_global_gt_hvg,ALL_PRIMARY,383,Tmem100,
shared_global_gt_hvg,ALL_PRIMARY,384,Gm26917,
shared_global_gt_hvg,ALL_PRIMARY,385,Rasl11a,
shared_global_gt_hvg,ALL_PRIMARY,386,Alas2,
shared_global_gt_hvg,ALL_PRIMARY,387,Pdgfrb,
shared_global_gt_hvg,ALL_PRIMARY,388,Ushbp1,
shared_global_gt_hvg,ALL_PRIMARY,389,Clic3,
shared_global_gt_hvg,ALL_PRIMARY,390,Akr1c18,
shared_global_gt_hvg,ALL_PRIMARY,391,Thsd7a,
shared_global_gt_hvg,ALL_PRIMARY,392,Ccdc85a,
shared_global_gt_hvg,ALL_PRIMARY,393,Gm11707,
shared_global_gt_hvg,ALL_PRIMARY,394,Tmem204,
shared_global_gt_hvg,ALL_PRIMARY,395,Gm28523,
shared_global_gt_hvg,ALL_PRIMARY,396,Cd72,
shared_global_gt_hvg,ALL_PRIMARY,397,Palmd,
shared_global_gt_hvg,ALL_PRIMARY,398,Nipa1,
shared_global_gt_hvg,ALL_PRIMARY,399,Basp1,
shared_global_gt_hvg,ALL_PRIMARY,400,Kcne1,
shared_global_gt_hvg,ALL_PRIMARY,401,Dlgap5,
shared_global_gt_hvg,ALL_PRIMARY,402,Ssu2,
shared_global_gt_hvg,ALL_PRIMARY,403,Cct6b,
shared_global_gt_hvg,ALL_PRIMARY,404,Pltp,
shared_global_gt_hvg,ALL_PRIMARY,405,Fn1,
shared_global_gt_hvg,ALL_PRIMARY,406,Serpina1f,
shared_global_gt_hvg,ALL_PRIMARY,407,1700003E16Rik,
shared_global_gt_hvg,ALL_PRIMARY,408,Gbp5,
shared_global_gt_hvg,ALL_PRIMARY,409,Ifitm1,
shared_global_gt_hvg,ALL_PRIMARY,410,Dll4,
shared_global_gt_hvg,ALL_PRIMARY,411,Shisa3,
shared_global_gt_hvg,ALL_PRIMARY,412,Hist2h3c2,
shared_global_gt_hvg,ALL_PRIMARY,413,Uncx,
shared_global_gt_hvg,ALL_PRIMARY,414,Col6a2,
shared_global_gt_hvg,ALL_PRIMARY,415,Lgals3,
shared_global_gt_hvg,ALL_PRIMARY,416,Ighm,
shared_global_gt_hvg,ALL_PRIMARY,417,Cenpp,
shared_global_gt_hvg,ALL_PRIMARY,418,Tdrd5,
shared_global_gt_hvg,ALL_PRIMARY,419,Synpo,
shared_global_gt_hvg,ALL_PRIMARY,420,Corin,
shared_global_gt_hvg,ALL_PRIMARY,421,Smim10l2a,
shared_global_gt_hvg,ALL_PRIMARY,422,Krt7,
shared_global_gt_hvg,ALL_PRIMARY,423,Calml3,
shared_global_gt_hvg,ALL_PRIMARY,424,Tldc1,
shared_global_gt_hvg,ALL_PRIMARY,425,Calcr,
shared_global_gt_hvg,ALL_PRIMARY,426,Syt7,
shared_global_gt_hvg,ALL_PRIMARY,427,Gm17115,
shared_global_gt_hvg,ALL_PRIMARY,428,Wnt9a,
shared_global_gt_hvg,ALL_PRIMARY,429,Podxl,
shared_global_gt_hvg,ALL_PRIMARY,430,S100g,
shared_global_gt_hvg,ALL_PRIMARY,431,Itpr3,
shared_global_gt_hvg,ALL_PRIMARY,432,Micall2,
shared_global_gt_hvg,ALL_PRIMARY,433,Serpinb6b,
shared_global_gt_hvg,ALL_PRIMARY,434,Fam111a,
shared_global_gt_hvg,ALL_PRIMARY,435,Chst13,
shared_global_gt_hvg,ALL_PRIMARY,436,Oas2,
shared_global_gt_hvg,ALL_PRIMARY,437,Plet1,
shared_global_gt_hvg,ALL_PRIMARY,438,H1fx,
shared_global_gt_hvg,ALL_PRIMARY,439,Pcdh18,
shared_global_gt_hvg,ALL_PRIMARY,440,Fos,
shared_global_gt_hvg,ALL_PRIMARY,441,Slc6a18,
shared_global_gt_hvg,ALL_PRIMARY,442,Kcnq1ot1,
shared_global_gt_hvg,ALL_PRIMARY,443,Spidr,
shared_global_gt_hvg,ALL_PRIMARY,444,Serpine2,
shared_global_gt_hvg,ALL_PRIMARY,445,Des,
shared_global_gt_hvg,ALL_PRIMARY,446,Cd248,
shared_global_gt_hvg,ALL_PRIMARY,447,Fxyd5,
shared_global_gt_hvg,ALL_PRIMARY,448,Tmem74b,
shared_global_gt_hvg,ALL_PRIMARY,449,Ovca2,
shared_global_gt_hvg,ALL_PRIMARY,450,Slc26a10,
shared_global_gt_hvg,ALL_PRIMARY,451,Pcp4l1,
shared_global_gt_hvg,ALL_PRIMARY,452,Cd48,
shared_global_gt_hvg,ALL_PRIMARY,453,Tbck,
shared_global_gt_hvg,ALL_PRIMARY,454,Ltc4s,
shared_global_gt_hvg,ALL_PRIMARY,455,Marcks,
shared_global_gt_hvg,ALL_PRIMARY,456,Sh2d1b1,
shared_global_gt_hvg,ALL_PRIMARY,457,Ecscr,
shared_global_gt_hvg,ALL_PRIMARY,458,Wt1,
shared_global_gt_hvg,ALL_PRIMARY,459,Lockd,
shared_global_gt_hvg,ALL_PRIMARY,460,Robo2,
shared_global_gt_hvg,ALL_PRIMARY,461,P2ry14,
shared_global_gt_hvg,ALL_PRIMARY,462,Piezo2,
shared_global_gt_hvg,ALL_PRIMARY,463,Cd8b1,
shared_global_gt_hvg,ALL_PRIMARY,464,Npr3,
shared_global_gt_hvg,ALL_PRIMARY,465,Polh,
shared_global_gt_hvg,ALL_PRIMARY,466,Arl11,
shared_global_gt_hvg,ALL_PRIMARY,467,Ly6c1,
shared_global_gt_hvg,ALL_PRIMARY,468,BC021614,
shared_global_gt_hvg,ALL_PRIMARY,469,Kif13b,
shared_global_gt_hvg,ALL_PRIMARY,470,Zfp114,
shared_global_gt_hvg,ALL_PRIMARY,471,Hspa1b,
shared_global_gt_hvg,ALL_PRIMARY,472,Zfp109,
shared_global_gt_hvg,ALL_PRIMARY,473,Lrp11,
shared_global_gt_hvg,ALL_PRIMARY,474,Flt1,
shared_global_gt_hvg,ALL_PRIMARY,475,Slamf9,
shared_global_gt_hvg,ALL_PRIMARY,476,Lbh,
shared_global_gt_hvg,ALL_PRIMARY,477,Rasd1,
shared_global_gt_hvg,ALL_PRIMARY,478,Eng,
shared_global_gt_hvg,ALL_PRIMARY,479,A930011G23Rik,
shared_global_gt_hvg,ALL_PRIMARY,480,Anks1b,
shared_global_gt_hvg,ALL_PRIMARY,481,Inhbb,
shared_global_gt_hvg,ALL_PRIMARY,482,Tshz2,
shared_global_gt_hvg,ALL_PRIMARY,483,Spata17,
shared_global_gt_hvg,ALL_PRIMARY,484,Slc22a19,
shared_global_gt_hvg,ALL_PRIMARY,485,AA467197,
shared_global_gt_hvg,ALL_PRIMARY,486,Mep1b,
shared_global_gt_hvg,ALL_PRIMARY,487,Tubg2,
shared_global_gt_hvg,ALL_PRIMARY,488,Ppp1r1a,
shared_global_gt_hvg,ALL_PRIMARY,489,Ctss,
shared_global_gt_hvg,ALL_PRIMARY,490,Gm15420,
shared_global_gt_hvg,ALL_PRIMARY,491,Ptprr,
shared_global_gt_hvg,ALL_PRIMARY,492,Spink8,
shared_global_gt_hvg,ALL_PRIMARY,493,Nckap1l,
shared_global_gt_hvg,ALL_PRIMARY,494,Lmo2,
shared_global_gt_hvg,ALL_PRIMARY,495,Apol10b,
shared_global_gt_hvg,ALL_PRIMARY,496,Serpinf1,
shared_global_gt_hvg,ALL_PRIMARY,497,Zfhx3,
shared_global_gt_hvg,ALL_PRIMARY,498,Emilin2,
shared_global_gt_hvg,ALL_PRIMARY,499,Jag2,
shared_global_gt_hvg,ALL_PRIMARY,500,Sgk1,
