setting,cell_type,method,seed,deconv_source,threshold,donors,n_donors,n_cells_matched_per_method,correlation_mode,expression_scale,panel,linkage,n_modules,constant_gene_fraction_gt,constant_gene_fraction_method,module_l2_mean,module_l2_median,module_rmse_mean,module_edge_mae_mean,hub_jaccard_mean,hub_jaccard_median,mi_fidelity_error_mean,mi_fidelity_error_median,mi_rank10_error_mean,mi_rank10_error_median,network_pcc,per_gene_network_fidelity_mean,per_gene_network_fidelity_median,per_gene_coexpression_edge_mae_mean,per_gene_coexpression_edge_mae_median
P0_primary,CD_PC,DeconvSC,2024,DeconvSC,100,LDK1;LDK2;LDK3,3,358,pooled_centered,cellwise_log1p_cp10k,celltype_specific,average,4,0.0,0.024,0.011827532108664784,0.004730653230893724,0.28627905632476436,0.2452950983330601,0.11820101787594048,0.1111111111111111,0.13039953139668772,0.10260999545919952,0.1307290795457191,0.10624126043409779,0.3615416362556819,0.3282253606326513,0.3706167863703209,0.29377584753865005,0.3310975363168115
P0_primary,CD_PC,BaseVAE,2024,DeconvSC,100,LDK1;LDK2;LDK3,3,358,pooled_centered,cellwise_log1p_cp10k,celltype_specific,average,4,0.0,0.02,0.029486357932616787,0.015256539061776549,0.728221779929819,0.7021978573508921,0.10480612842841942,0.1111111111111111,0.7658865326309269,0.806785490531605,0.7664373130419997,0.8015752610431933,0.21529863661842563,0.19129360797099035,0.21777105880709893,0.764769194125629,0.7924997820748039
P0_primary,CD_PC,DeconvSC,2025,DeconvSC,100,LDK1;LDK2;LDK3,3,358,pooled_centered,cellwise_log1p_cp10k,celltype_specific,average,4,0.0,0.024,0.01201257845962891,0.004831178251010376,0.2901312155389339,0.24855312198255958,0.1248361759212653,0.1111111111111111,0.13252356612830596,0.10494905519232028,0.12361532069915998,0.09837351646739992,0.3575128798213146,0.3286112599780533,0.35676694842395873,0.29747553177349295,0.3370432257058766
P0_primary,CD_PC,BaseVAE,2025,DeconvSC,100,LDK1;LDK2;LDK3,3,358,pooled_centered,cellwise_log1p_cp10k,celltype_specific,average,4,0.0,0.02,0.0296194957272153,0.01530365307845793,0.7330008670098606,0.707040012036188,0.1262265477435756,0.1111111111111111,0.8120046816002057,0.8747515524529026,0.827498142478137,0.8866943052276682,0.20417019839741926,0.18272252235109995,0.20582313123210091,0.7715089521269775,0.8012405838197666
P0_primary,CD_PC,DeconvSC,2026,DeconvSC,100,LDK1;LDK2;LDK3,3,358,pooled_centered,cellwise_log1p_cp10k,celltype_specific,average,4,0.0,0.024,0.011868686904430891,0.004681480179999074,0.2842377753472418,0.2444892077819339,0.12982602810776184,0.1111111111111111,0.12284595997034606,0.09581146892123812,0.12996869290791538,0.1062491800990596,0.3764155631348009,0.33863434092339956,0.38870548416016315,0.2893660516833775,0.32536129369069555
P0_primary,CD_PC,BaseVAE,2026,DeconvSC,100,LDK1;LDK2;LDK3,3,358,pooled_centered,cellwise_log1p_cp10k,celltype_specific,average,4,0.0,0.02,0.029628269608274516,0.0155242527477197,0.7331005422218347,0.7093258551002695,0.12008722160424945,0.1111111111111111,0.7971700734145735,0.8590779568079504,0.7853863520153543,0.8314832672426871,0.217833795370392,0.19346354364131702,0.22450689079829705,0.7668215246926539,0.7939457036228449
P0_primary,CD_PC,DeconvSC,2027,DeconvSC,100,LDK1;LDK2;LDK3,3,358,pooled_centered,cellwise_log1p_cp10k,celltype_specific,average,4,0.0,0.024,0.011798378051426044,0.004779747070733719,0.2858332101792382,0.24727592406013538,0.1217055789856149,0.1111111111111111,0.13041015745209536,0.10041884033679313,0.12936923977003228,0.10442329303095106,0.3440565420100737,0.31583513771295335,0.3526189589823133,0.2890340636908343,0.32150189858192463
P0_primary,CD_PC,BaseVAE,2027,DeconvSC,100,LDK1;LDK2;LDK3,3,358,pooled_centered,cellwise_log1p_cp10k,celltype_specific,average,4,0.0,0.02,0.030304452953640607,0.015519353440164427,0.739406136123356,0.7156213669539625,0.10086133309043524,0.1111111111111111,0.81530540642202,0.873512334946972,0.8032683818639634,0.8521048918603652,0.19718513471554708,0.1764200123784087,0.2058074857112143,0.7671545585481702,0.7920000913626565
P0_primary,CD_PC,DeconvSC,2028,DeconvSC,100,LDK1;LDK2;LDK3,3,358,pooled_centered,cellwise_log1p_cp10k,celltype_specific,average,4,0.0,0.024,0.011801712653584292,0.0047058570781509,0.2883717024370016,0.24762802890333666,0.10467440396532575,0.1111111111111111,0.13131687115816926,0.10342322120810554,0.1299658194217727,0.10560861781503852,0.2933561055400361,0.28184187550145556,0.30692020262168074,0.29449831870719173,0.3297970780066177
P0_primary,CD_PC,BaseVAE,2028,DeconvSC,100,LDK1;LDK2;LDK3,3,358,pooled_centered,cellwise_log1p_cp10k,celltype_specific,average,4,0.0,0.02,0.030118091883731234,0.015435813910134887,0.7394285627280823,0.7168551054520103,0.097338565823036,0.08108108108108109,0.8249459560760278,0.883711932858875,0.799924906466352,0.8413693529629487,0.16727068952688423,0.15685164541361057,0.17543396387363766,0.7736109838030422,0.7993965010933812
P0_primary,CD_PC,DeconvSC,2029,DeconvSC,100,LDK1;LDK2;LDK3,3,358,pooled_centered,cellwise_log1p_cp10k,celltype_specific,average,4,0.0,0.024,0.01165662945998068,0.004669211886882359,0.2838954256128319,0.24585044263309883,0.11226356022171462,0.1111111111111111,0.1300235800309079,0.10154040918020771,0.12501524701429934,0.10119170657510945,0.34402127717517517,0.31228065900218427,0.3472853122722893,0.2918441617965555,0.3267743297310909
P0_primary,CD_PC,BaseVAE,2029,DeconvSC,100,LDK1;LDK2;LDK3,3,358,pooled_centered,cellwise_log1p_cp10k,celltype_specific,average,4,0.0,0.02,0.030183829492191876,0.015485594988657175,0.7406416927603627,0.7178315908025386,0.09207659659672043,0.1111111111111111,0.8353880360647084,0.8932224994887571,0.812947643992718,0.8672605096889262,0.18673759022262837,0.16601478912097536,0.19100926662087078,0.7716994236823206,0.7970840995503088
P0_primary,CD_PC,DeconvSC,2030,DeconvSC,100,LDK1;LDK2;LDK3,3,358,pooled_centered,cellwise_log1p_cp10k,celltype_specific,average,4,0.0,0.024,0.011789968349079328,0.00473462527576664,0.2822145130367206,0.24323174414733645,0.12724856410614924,0.1111111111111111,0.12877648206841863,0.09921234610199783,0.12246173706650483,0.09802730063289422,0.3895477474429721,0.3444694903837546,0.3838732529423752,0.28623053256963626,0.3216937568209027
P0_primary,CD_PC,BaseVAE,2030,DeconvSC,100,LDK1;LDK2;LDK3,3,358,pooled_centered,cellwise_log1p_cp10k,celltype_specific,average,4,0.0,0.02,0.029724776317223926,0.015349246037502132,0.729310673999838,0.703221360054865,0.10708845287792658,0.1111111111111111,0.8122612481341689,0.8735764435939621,0.8132590861041875,0.8622092350747579,0.23411437776002275,0.20337391143978087,0.23668522460948532,0.7619246952448828,0.7878710158818621
P0_primary,CD_PC,DeconvSC,2031,DeconvSC,100,LDK1;LDK2;LDK3,3,358,pooled_centered,cellwise_log1p_cp10k,celltype_specific,average,4,0.0,0.024,0.011542892331309425,0.00463530621081093,0.2818546987716083,0.2414191137306022,0.1278940691354553,0.1111111111111111,0.13043126230732696,0.10306107278261958,0.12347961085637334,0.09907458819321752,0.3674349703306909,0.32842914875923984,0.3719360517990673,0.2939907075802509,0.32861493191132995
P0_primary,CD_PC,BaseVAE,2031,DeconvSC,100,LDK1;LDK2;LDK3,3,358,pooled_centered,cellwise_log1p_cp10k,celltype_specific,average,4,0.0,0.02,0.029463029776220288,0.015293682926046366,0.7288780406984443,0.703520838547999,0.10694404703692628,0.1111111111111111,0.8231517039315536,0.8750318636875373,0.7914322270010861,0.8336535630686811,0.22022706971532635,0.1936652742919589,0.22760793928290884,0.766926238918427,0.7959606068738616
P0_primary,CD_PC,DeconvSC,2032,DeconvSC,100,LDK1;LDK2;LDK3,3,358,pooled_centered,cellwise_log1p_cp10k,celltype_specific,average,4,0.0,0.024,0.011930173318745062,0.004832862234587458,0.28646284855360477,0.24459956142538786,0.11460013364038132,0.1111111111111111,0.13398337869054974,0.10748886559784418,0.1253660302214564,0.10078113012248635,0.37326664600535153,0.33301708170266936,0.374607060958815,0.2915836919730689,0.32547018126772714
P0_primary,CD_PC,BaseVAE,2032,DeconvSC,100,LDK1;LDK2;LDK3,3,358,pooled_centered,cellwise_log1p_cp10k,celltype_specific,average,4,0.0,0.02,0.02926660906789063,0.015508649598723064,0.731236955193107,0.7057052771835828,0.10746340579157916,0.1111111111111111,0.8160967919127131,0.8751173386177225,0.8115440141769856,0.8624532791986306,0.20155604380046513,0.17845134890835726,0.20499074986125976,0.7716132732983187,0.7961411963285066
P0_primary,CD_PC,DeconvSC,2033,DeconvSC,100,LDK1;LDK2;LDK3,3,358,pooled_centered,cellwise_log1p_cp10k,celltype_specific,average,4,0.0,0.024,0.01155122339436828,0.0047148940703777295,0.2827586540428302,0.24302752062478133,0.12688300315385106,0.1111111111111111,0.13051186478145288,0.10276820409580853,0.12884266378633438,0.1059936735606812,0.3768379203389333,0.33788961209648927,0.3862729666584003,0.2918485051915351,0.3264560630481773
P0_primary,CD_PC,BaseVAE,2033,DeconvSC,100,LDK1;LDK2;LDK3,3,358,pooled_centered,cellwise_log1p_cp10k,celltype_specific,average,4,0.0,0.02,0.030194013210802808,0.015419530720034692,0.7381873787979442,0.714814557794113,0.1198192233036935,0.1111111111111111,0.8132830385484507,0.8728992944611922,0.7860526327703313,0.8348160519542744,0.2452920586497245,0.2137473759165555,0.2540704555575173,0.7690309248709623,0.7958310915948086
P0_primary,CNT,DeconvSC,2024,DeconvSC,100,LDK1;LDK2;LDK3,3,151,pooled_centered,cellwise_log1p_cp10k,celltype_specific,average,6,0.0,0.01,0.02225192241956894,0.02088496208817446,0.22329362245555742,0.2063087307176343,0.06207348504562127,0.05263157894736842,0.16330507022020946,0.15477820567174094,0.10400890812671401,0.08889977507798377,0.1531467603540663,0.12092361452052197,0.12004684449866797,0.18456676762299581,0.18471278369674293
P0_primary,CNT,BaseVAE,2024,DeconvSC,100,LDK1;LDK2;LDK3,3,151,pooled_centered,cellwise_log1p_cp10k,celltype_specific,average,6,0.0,0.008,0.08119027629060259,0.1097952836912647,0.7741717856603952,0.8031795263491855,0.07045408147575331,0.05263157894736842,0.8364691962028901,0.8865259159908891,0.7304510121305218,0.7869605861008866,0.09366358132314148,0.07499549805190989,0.07748752567378539,0.7979734046324518,0.83227042595467
P0_primary,CNT,DeconvSC,2025,DeconvSC,100,LDK1;LDK2;LDK3,3,151,pooled_centered,cellwise_log1p_cp10k,celltype_specific,average,6,0.0,0.01,0.0240170963345249,0.023445816811323315,0.23619171299722988,0.21333302745150198,0.04625278290912965,0.05263157894736842,0.166746819906632,0.1545576458862863,0.11810654634750105,0.1027654266477103,0.15118916899762394,0.11480658485848319,0.1198591540957533,0.18224427138467744,0.18226737243519747
P0_primary,CNT,BaseVAE,2025,DeconvSC,100,LDK1;LDK2;LDK3,3,151,pooled_centered,cellwise_log1p_cp10k,celltype_specific,average,6,0.0,0.008,0.08306324418277146,0.11297747027119928,0.7879701699204636,0.8174491606860114,0.05909844857213278,0.05263157894736842,0.8899571930575314,0.9503541337175416,0.7784879806228895,0.8461144032549917,0.09613172755537201,0.07695917184679878,0.07957526916111805,0.7986303554369488,0.8335579002759775
P0_primary,CNT,DeconvSC,2026,DeconvSC,100,LDK1;LDK2;LDK3,3,151,pooled_centered,cellwise_log1p_cp10k,celltype_specific,average,6,0.0,0.01,0.022297502887457948,0.01904021279135317,0.2210026127187861,0.20153792849539875,0.07987581492225455,0.08108108108108109,0.15396084589082668,0.14390436031283294,0.13327660764388918,0.11881761441865629,0.16852425288652775,0.12974666555017478,0.132018722452249,0.1761744920216181,0.17463932027306756
P0_primary,CNT,BaseVAE,2026,DeconvSC,100,LDK1;LDK2;LDK3,3,151,pooled_centered,cellwise_log1p_cp10k,celltype_specific,average,6,0.0,0.008,0.08102190178658676,0.10770268561189776,0.7706779957489762,0.7993509532480466,0.08093875977776906,0.05263157894736842,0.8483390393420529,0.8954247072450806,0.7182847178337677,0.7724355479836431,0.1003781942012535,0.08194049396423983,0.08401208578697875,0.7849314969107205,0.8169870523103109
P0_primary,CNT,DeconvSC,2027,DeconvSC,100,LDK1;LDK2;LDK3,3,151,pooled_centered,cellwise_log1p_cp10k,celltype_specific,average,6,0.0,0.01,0.02190676974397512,0.019257294335626937,0.22308885965292002,0.20305263384912006,0.06356658022292697,0.05263157894736842,0.16070239928348762,0.1493276318929781,0.11153124153299697,0.09658159405754194,0.14258319563741267,0.11286456155528173,0.11794586671926575,0.18456496907423486,0.18447823633644073
P0_primary,CNT,BaseVAE,2027,DeconvSC,100,LDK1;LDK2;LDK3,3,151,pooled_centered,cellwise_log1p_cp10k,celltype_specific,average,6,0.0,0.008,0.08133049741170814,0.11080087977512465,0.7757748203221241,0.80509872384182,0.06742780197888557,0.05263157894736842,0.8290464954278124,0.8886364954454746,0.7354134402511638,0.7882705116510598,0.0775509625414689,0.06383557236454629,0.0688881124939845,0.798959931506078,0.8330888811094385
P0_primary,CNT,DeconvSC,2028,DeconvSC,100,LDK1;LDK2;LDK3,3,151,pooled_centered,cellwise_log1p_cp10k,celltype_specific,average,6,0.0,0.01,0.023675807550735936,0.02442355820277791,0.234573313865353,0.21529702682556998,0.06636057756800791,0.05263157894736842,0.18613939944089278,0.18184753079879318,0.12165376172914304,0.10821314103912863,0.1489621476573542,0.1157652506446868,0.12179037080795765,0.18383886366795885,0.1844137370204229
P0_primary,CNT,BaseVAE,2028,DeconvSC,100,LDK1;LDK2;LDK3,3,151,pooled_centered,cellwise_log1p_cp10k,celltype_specific,average,6,0.0,0.008,0.08319305407313564,0.11636252231290331,0.7930895040448153,0.8237596327462074,0.0678600668848347,0.05263157894736842,0.86532253553244,0.9127273250805098,0.7439141439215881,0.798372098581547,0.07938189273050564,0.06550188858648306,0.06714989445358902,0.8083656326772559,0.8413693684562722
P0_primary,CNT,DeconvSC,2029,DeconvSC,100,LDK1;LDK2;LDK3,3,151,pooled_centered,cellwise_log1p_cp10k,celltype_specific,average,6,0.0,0.01,0.02224715922921046,0.02379027742728873,0.22751452210430045,0.20071467062867698,0.07403119923243762,0.05263157894736842,0.18356321599055772,0.17864554844383163,0.10428710613537286,0.08892166123828002,0.14697220820258297,0.11813453786302532,0.12505612649075448,0.18999723037108868,0.1921146594578757
P0_primary,CNT,BaseVAE,2029,DeconvSC,100,LDK1;LDK2;LDK3,3,151,pooled_centered,cellwise_log1p_cp10k,celltype_specific,average,6,0.0,0.008,0.0814660636325453,0.11375130437659847,0.7834202578145056,0.8108481105426554,0.07368917971085154,0.05263157894736842,0.8761706730927213,0.9416206075315571,0.7762844990681794,0.8372038013944986,0.07358601322251551,0.06141122446606669,0.05921679061760614,0.8135207062920157,0.8493553998281358
P0_primary,CNT,DeconvSC,2030,DeconvSC,100,LDK1;LDK2;LDK3,3,151,pooled_centered,cellwise_log1p_cp10k,celltype_specific,average,6,0.0,0.01,0.02356821048163475,0.024513557053890002,0.23370313195930761,0.21211677349918612,0.057647034303381056,0.05263157894736842,0.16885394747224705,0.15972921829014564,0.12044541016994624,0.10493155989795963,0.1332401653473762,0.10988667520577891,0.10870869394340077,0.18566730570948978,0.18507405601401736
P0_primary,CNT,BaseVAE,2030,DeconvSC,100,LDK1;LDK2;LDK3,3,151,pooled_centered,cellwise_log1p_cp10k,celltype_specific,average,6,0.0,0.008,0.08200300746556972,0.11320350382326608,0.7844594033777978,0.8145786967731922,0.060272501139374206,0.039136302294197026,0.8079299580163823,0.8488938439323088,0.7352512940418604,0.7890042964465471,0.060194143859029645,0.05060805493233575,0.0504874942379241,0.8098486323624517,0.8438596075573781
P0_primary,CNT,DeconvSC,2031,DeconvSC,100,LDK1;LDK2;LDK3,3,151,pooled_centered,cellwise_log1p_cp10k,celltype_specific,average,6,0.0,0.01,0.022384587604766703,0.023673866074012145,0.226597482426942,0.2057200227932582,0.061368778025124776,0.05263157894736842,0.18587296491592234,0.18131561887893938,0.10673764396343688,0.09162635820271334,0.14337216852083315,0.11419378336831618,0.11952443454425161,0.18561610195891587,0.1860108136997184
P0_primary,CNT,BaseVAE,2031,DeconvSC,100,LDK1;LDK2;LDK3,3,151,pooled_centered,cellwise_log1p_cp10k,celltype_specific,average,6,0.0,0.008,0.08188643526206976,0.11425405022500207,0.785399466965229,0.8149924874076167,0.07829368555374748,0.05263157894736842,0.9336441136110128,0.9806753001499136,0.7930497195377139,0.8494852660448458,0.08949940382515557,0.07338423939501777,0.07649016201895023,0.810834182140076,0.8434507813145743
P0_primary,CNT,DeconvSC,2032,DeconvSC,100,LDK1;LDK2;LDK3,3,151,pooled_centered,cellwise_log1p_cp10k,celltype_specific,average,6,0.0,0.01,0.02274912618349764,0.02589245901446418,0.23037227430755414,0.20610001124608368,0.06721975947982138,0.05263157894736842,0.15296264473205073,0.14171612524853172,0.11003104525090451,0.09527554446290726,0.12207636977547796,0.09939709052466202,0.09733207661996722,0.1881678516267972,0.18822369716980603
P0_primary,CNT,BaseVAE,2032,DeconvSC,100,LDK1;LDK2;LDK3,3,151,pooled_centered,cellwise_log1p_cp10k,celltype_specific,average,6,0.0,0.008,0.08063142343899786,0.1092164751663945,0.7721910551377711,0.8001662277266886,0.07020178475286834,0.05263157894736842,0.7989893755860771,0.841151434198171,0.7379148907119889,0.7961348249107083,0.05827626443088393,0.05078929011493481,0.04911572789416126,0.8037244752974589,0.8404766171590792
P0_primary,CNT,DeconvSC,2033,DeconvSC,100,LDK1;LDK2;LDK3,3,151,pooled_centered,cellwise_log1p_cp10k,celltype_specific,average,6,0.0,0.01,0.02199441378369418,0.021537628400640094,0.22507148119229994,0.20212664769442779,0.059157804420962315,0.05263157894736842,0.17659707248061793,0.17033733446060367,0.10703252642465401,0.09131018382296116,0.1509422381682679,0.11670035221106106,0.11982026949644364,0.18441897150445413,0.18480100508713457
P0_primary,CNT,BaseVAE,2033,DeconvSC,100,LDK1;LDK2;LDK3,3,151,pooled_centered,cellwise_log1p_cp10k,celltype_specific,average,6,0.0,0.008,0.08118077976060943,0.11218811920777838,0.7814150240356746,0.8100812643619327,0.05459178090757038,0.05263157894736842,0.8891950708431402,0.9451356422867359,0.8122526805913727,0.879273241434815,0.07844430282143539,0.06332542730945223,0.0685531159692747,0.8122396893191929,0.8442426596585512
P0_primary,DCT,DeconvSC,2024,DeconvSC,100,LDK1;LDK2;LDK3,3,245,pooled_centered,cellwise_log1p_cp10k,celltype_specific,average,4,0.0,0.018,0.01795314986900807,0.017892533550910594,0.32303083431526486,0.2963885015477858,0.1233968307203102,0.1111111111111111,0.14432643796507313,0.12506079817458948,0.10306658270278857,0.08222077547593303,0.18995271599271088,0.16985849861991517,0.18350166287551595,0.3223776893633475,0.3533410303452482
P0_primary,DCT,BaseVAE,2024,DeconvSC,100,LDK1;LDK2;LDK3,3,245,pooled_centered,cellwise_log1p_cp10k,celltype_specific,average,4,0.0,0.014,0.04633607778425489,0.03578245668139664,0.7805897781348632,0.7859105314574768,0.1241621461620463,0.1111111111111111,1.109184288005323,1.25897865954465,1.0794771863744215,1.218383521149171,0.10943824374514617,0.10346122533670334,0.10990899931627274,0.8225529528762908,0.8471699816562943
P0_primary,DCT,DeconvSC,2025,DeconvSC,100,LDK1;LDK2;LDK3,3,245,pooled_centered,cellwise_log1p_cp10k,celltype_specific,average,4,0.0,0.018,0.017954216909560304,0.017155121539757127,0.3137874390981814,0.2851891289238012,0.12384355341011688,0.1111111111111111,0.1367884634288821,0.11456628009541345,0.10222021726286001,0.08218765262845348,0.2005194947018511,0.17923306276031065,0.19489923534019146,0.311553176706449,0.34195959823697025
P0_primary,DCT,BaseVAE,2025,DeconvSC,100,LDK1;LDK2;LDK3,3,245,pooled_centered,cellwise_log1p_cp10k,celltype_specific,average,4,0.0,0.014,0.046089880464742904,0.03399547098121759,0.7684106210598389,0.7723282199436113,0.11136658528299394,0.1111111111111111,1.138520799713813,1.283927340435704,1.0918348669915543,1.234256428426749,0.12681760950437992,0.11733249262855834,0.13158653233106193,0.8077268460235717,0.8318056788191057
P0_primary,DCT,DeconvSC,2026,DeconvSC,100,LDK1;LDK2;LDK3,3,245,pooled_centered,cellwise_log1p_cp10k,celltype_specific,average,4,0.0,0.018,0.01890274129029087,0.018467452909876548,0.31780389559676797,0.28991411506405007,0.11384211837922015,0.0960960960960961,0.13512342818211415,0.11559082023508921,0.10110619646843191,0.08213465160316656,0.25165467999373925,0.2141900247789443,0.23891170988841554,0.2991985772907528,0.32402708215074094
P0_primary,DCT,BaseVAE,2026,DeconvSC,100,LDK1;LDK2;LDK3,3,245,pooled_centered,cellwise_log1p_cp10k,celltype_specific,average,4,0.0,0.014,0.046708696438437086,0.035385026692015716,0.7709994089010778,0.7764424795068556,0.11460451717417662,0.1111111111111111,1.157106522471531,1.29726946136764,1.0878364267477358,1.2273271669596642,0.18840776511609195,0.16404605617139503,0.1808896413395975,0.7958993926660345,0.8166621101432898
P0_primary,DCT,DeconvSC,2027,DeconvSC,100,LDK1;LDK2;LDK3,3,245,pooled_centered,cellwise_log1p_cp10k,celltype_specific,average,4,0.0,0.018,0.017727414101584547,0.01778494583067246,0.31673022911532045,0.2898442658258844,0.15968691611395752,0.14285714285714285,0.14738421477971103,0.12781201048518342,0.10178851417981158,0.08159038876285728,0.260005331911696,0.21563415556325952,0.2417326861996712,0.31570491505361453,0.3443649470337875
P0_primary,DCT,BaseVAE,2027,DeconvSC,100,LDK1;LDK2;LDK3,3,245,pooled_centered,cellwise_log1p_cp10k,celltype_specific,average,4,0.0,0.014,0.04582219248522024,0.03575218956672112,0.7742384658381662,0.7808482473276652,0.1456722211780636,0.14285714285714285,1.1644638300467625,1.307177495943507,1.119844092091476,1.2584666239487396,0.19666396214789433,0.16906588803033087,0.18862717502053788,0.8164788811360066,0.8393297413828283
P0_primary,DCT,DeconvSC,2028,DeconvSC,100,LDK1;LDK2;LDK3,3,245,pooled_centered,cellwise_log1p_cp10k,celltype_specific,average,4,0.0,0.018,0.01789063397578575,0.01823530371802751,0.31566526210972906,0.2892338244473004,0.14990374330227352,0.14285714285714285,0.14443578232701854,0.12202850146322469,0.1012543382186483,0.08143281965184763,0.24197551886467844,0.20515045088049014,0.22306845665364033,0.31030736347998594,0.3393311287419621
P0_primary,DCT,BaseVAE,2028,DeconvSC,100,LDK1;LDK2;LDK3,3,245,pooled_centered,cellwise_log1p_cp10k,celltype_specific,average,4,0.0,0.014,0.04558191188214371,0.035134799712032636,0.7644426908220597,0.7697253441149204,0.13953927579913797,0.14285714285714285,1.1199513986921625,1.2660565563177677,1.0966679582301073,1.2448767436858872,0.18789640334195565,0.1641972816815184,0.1803466561926405,0.8042214271149075,0.8259722717573517
P0_primary,DCT,DeconvSC,2029,DeconvSC,100,LDK1;LDK2;LDK3,3,245,pooled_centered,cellwise_log1p_cp10k,celltype_specific,average,4,0.0,0.018,0.0184255406694442,0.01858519149279766,0.3178113675937673,0.2908830128414538,0.1350517802869745,0.1111111111111111,0.14485555047110452,0.1250581979776121,0.10129505468120406,0.08130168093055053,0.23857360046665632,0.20175439847540275,0.21886918321238236,0.3033629338044383,0.33073718048452805
P0_primary,DCT,BaseVAE,2029,DeconvSC,100,LDK1;LDK2;LDK3,3,245,pooled_centered,cellwise_log1p_cp10k,celltype_specific,average,4,0.0,0.014,0.04538571936667706,0.03523505851609544,0.7607042508755256,0.7635038611773854,0.12995371994273422,0.12698412698412698,1.076258227334356,1.2228057810230846,1.0586045787988245,1.207944961148577,0.16766173765199238,0.14685171427036808,0.15323098521561312,0.7940438270890907,0.8176224189714922
P0_primary,DCT,DeconvSC,2030,DeconvSC,100,LDK1;LDK2;LDK3,3,245,pooled_centered,cellwise_log1p_cp10k,celltype_specific,average,4,0.0,0.018,0.01753427385179663,0.016968048540532927,0.31269047891866475,0.286764289696627,0.13221656480619826,0.12698412698412698,0.14741017256427588,0.12774177388750652,0.10323411012877183,0.08217978456387204,0.21589898273390665,0.1909977360114887,0.20543212447962866,0.31502020110867274,0.3443662520301848
P0_primary,DCT,BaseVAE,2030,DeconvSC,100,LDK1;LDK2;LDK3,3,245,pooled_centered,cellwise_log1p_cp10k,celltype_specific,average,4,0.0,0.014,0.04542387022428608,0.03359242065524546,0.7642826249335715,0.7677566021764575,0.1414826639693795,0.1111111111111111,1.1657503434487677,1.3051950216378083,1.1322338135737327,1.2708903214775225,0.1566191375563098,0.13970204155627028,0.14375559808966548,0.8086408593507226,0.8348243705872732
P0_primary,DCT,DeconvSC,2031,DeconvSC,100,LDK1;LDK2;LDK3,3,245,pooled_centered,cellwise_log1p_cp10k,celltype_specific,average,4,0.0,0.018,0.01924356853518623,0.019454185116656492,0.3353498760980228,0.3105238453340407,0.11970643498956691,0.1111111111111111,0.1496102679181124,0.13091053065481253,0.10608843753080408,0.08574218059630356,0.18519028399725132,0.1599749175152606,0.17095255347581162,0.3253529850104536,0.3571613811838258
P0_primary,DCT,BaseVAE,2031,DeconvSC,100,LDK1;LDK2;LDK3,3,245,pooled_centered,cellwise_log1p_cp10k,celltype_specific,average,4,0.0,0.014,0.04786472521877559,0.036386644573702956,0.7951227661093514,0.8005400496071,0.11197171653828,0.1111111111111111,1.12679554091526,1.2773777325729756,1.1105413678523388,1.2573417583823878,0.10978459833923634,0.10044969037625541,0.10511298456430505,0.8233169228201515,0.8487160965089371
P0_primary,DCT,DeconvSC,2032,DeconvSC,100,LDK1;LDK2;LDK3,3,245,pooled_centered,cellwise_log1p_cp10k,celltype_specific,average,4,0.0,0.018,0.018936449056978867,0.018478287685825757,0.3276640503397531,0.3010972611137602,0.12055296654817278,0.1111111111111111,0.14310621314821267,0.12383423104922428,0.10459213260319197,0.08354489504026108,0.14470434915612468,0.1384036109409862,0.14294864779523714,0.31994647858936853,0.34976339862251793
P0_primary,DCT,BaseVAE,2032,DeconvSC,100,LDK1;LDK2;LDK3,3,245,pooled_centered,cellwise_log1p_cp10k,celltype_specific,average,4,0.0,0.014,0.04691638295355732,0.03568011456500292,0.7843309961798193,0.79064099203463,0.1224312928043079,0.1111111111111111,1.1652665391457717,1.313483404494808,1.107494156677897,1.2483489781220363,0.06060842184770248,0.0629290964102974,0.06454798469603554,0.8205963323670215,0.8428708476693333
P0_primary,DCT,DeconvSC,2033,DeconvSC,100,LDK1;LDK2;LDK3,3,245,pooled_centered,cellwise_log1p_cp10k,celltype_specific,average,4,0.0,0.018,0.019276524227303173,0.019655731925352266,0.3301621418052481,0.3052926486249505,0.14990164579148899,0.14285714285714285,0.14432766060727767,0.12415935009463736,0.10139395218409002,0.08035177432623329,0.23183788193809582,0.1964764237215677,0.21215550337963723,0.3135657410770359,0.3413878705434055
P0_primary,DCT,BaseVAE,2033,DeconvSC,100,LDK1;LDK2;LDK3,3,245,pooled_centered,cellwise_log1p_cp10k,celltype_specific,average,4,0.0,0.014,0.04740023951274399,0.03644044012760276,0.7841752487627804,0.7882717151050552,0.14688193808382388,0.14285714285714285,1.1470295078647486,1.2918861229318517,1.0860708815683888,1.231287337663706,0.15251151951069844,0.13440273073937323,0.14946470783742583,0.8065386239971352,0.8328186820363167
P0_primary,MC,DeconvSC,2024,DeconvSC,100,LDK1;LDK2;LDK3,3,196,pooled_centered,cellwise_log1p_cp10k,celltype_specific,average,6,0.0,0.072,0.018978969584986072,0.020986887217398963,0.2831998480395741,0.2552835100382982,0.21854461047628893,0.17748917748917747,0.2074748507182147,0.14041178492035766,0.1947534172631594,0.15030323634358192,0.25842307465580044,0.2548994180652683,0.27257839287480645,0.2334008364832517,0.23711359736463583
P0_primary,MC,BaseVAE,2024,DeconvSC,100,LDK1;LDK2;LDK3,3,196,pooled_centered,cellwise_log1p_cp10k,celltype_specific,average,6,0.0,0.078,0.05668745279586899,0.05716004410008656,0.7300424166365045,0.7301295907776114,0.21093195404290976,0.17647058823529413,0.41874075537069394,0.42153395545575045,0.40513471068004575,0.38264644736991105,0.1722589078101353,0.17431829221438744,0.19732170353304856,0.6376313564746869,0.7087905063449913
P0_primary,MC,DeconvSC,2025,DeconvSC,100,LDK1;LDK2;LDK3,3,196,pooled_centered,cellwise_log1p_cp10k,celltype_specific,average,6,0.0,0.072,0.019067753662547135,0.02111696307985608,0.2873198573390539,0.2534962431624185,0.21314707322500637,0.17647058823529413,0.20738870245453334,0.1506872802316483,0.19143493537482859,0.14484116039719303,0.22313838018131293,0.2311312964297926,0.21978432661820055,0.23888184442950752,0.2437231317215341
P0_primary,MC,BaseVAE,2025,DeconvSC,100,LDK1;LDK2;LDK3,3,196,pooled_centered,cellwise_log1p_cp10k,celltype_specific,average,6,0.0,0.078,0.056709915601557755,0.056094747418365384,0.729709919052777,0.7281098375785802,0.19590603026420944,0.15966386554621848,0.42334495665343685,0.42696694691241116,0.4154077451505855,0.382340633115801,0.13313161848980226,0.14529694739734503,0.1481575221760538,0.6389003340878728,0.7127326444130508
P0_primary,MC,DeconvSC,2026,DeconvSC,100,LDK1;LDK2;LDK3,3,196,pooled_centered,cellwise_log1p_cp10k,celltype_specific,average,6,0.0,0.072,0.019959839879095744,0.02256764633149221,0.2909636233539154,0.2618554821200564,0.22550669620542924,0.19429590017825313,0.2303457117349377,0.14834188167764217,0.19395256741918254,0.14903093692034605,0.23205195927117028,0.2338112134914007,0.23238833886752489,0.23604882771263352,0.24016905645586722
P0_primary,MC,BaseVAE,2026,DeconvSC,100,LDK1;LDK2;LDK3,3,196,pooled_centered,cellwise_log1p_cp10k,celltype_specific,average,6,0.0,0.078,0.05647712611471834,0.05574279137299272,0.7301919361978406,0.7294633004788923,0.20842431516789334,0.19429590017825313,0.4670690639221749,0.45572656577613646,0.4250044957374768,0.39249752905061996,0.1500368731091223,0.1519561763873133,0.15660236729883453,0.6428259764164268,0.7166940670829083
P0_primary,MC,DeconvSC,2027,DeconvSC,100,LDK1;LDK2;LDK3,3,196,pooled_centered,cellwise_log1p_cp10k,celltype_specific,average,6,0.0,0.072,0.018685110944058215,0.020287765467536883,0.2832485730628144,0.2545008671072018,0.22114302191680907,0.15966386554621848,0.22338496637522406,0.15751371032012687,0.18825053937042532,0.14081116304608435,0.2680736558670967,0.2622592643025455,0.2687075623991344,0.23713573102004376,0.2424566067048627
P0_primary,MC,BaseVAE,2027,DeconvSC,100,LDK1;LDK2;LDK3,3,196,pooled_centered,cellwise_log1p_cp10k,celltype_specific,average,6,0.0,0.078,0.05735184393206322,0.057798111534639394,0.7373110446787212,0.7378065347479409,0.2087082201831992,0.19429590017825313,0.44926883448344324,0.44075676909622374,0.4314635008268326,0.3893105519954552,0.17368496137081071,0.17354944655666607,0.1989621605158319,0.6420153345513365,0.7154031698159352
P0_primary,MC,DeconvSC,2028,DeconvSC,100,LDK1;LDK2;LDK3,3,196,pooled_centered,cellwise_log1p_cp10k,celltype_specific,average,6,0.0,0.072,0.01833368292153099,0.020376438576361292,0.2800822356922441,0.2499161605645467,0.22133643956148835,0.15966386554621848,0.21746261561290073,0.14538664634767445,0.18706583227010407,0.1409411516787529,0.25171403415819615,0.24685405540001393,0.2607897358728849,0.2392673496217822,0.24479574691247963
P0_primary,MC,BaseVAE,2028,DeconvSC,100,LDK1;LDK2;LDK3,3,196,pooled_centered,cellwise_log1p_cp10k,celltype_specific,average,6,0.0,0.078,0.05687021013768223,0.05700515056447952,0.737496827058393,0.7353079310147258,0.1971963029198106,0.17647058823529413,0.46299210966364407,0.45231518478097366,0.43938457562851213,0.3964226579259458,0.15042390009131168,0.15078974347529123,0.17301360583376546,0.6519000135495722,0.7261043555129378
P0_primary,MC,DeconvSC,2029,DeconvSC,100,LDK1;LDK2;LDK3,3,196,pooled_centered,cellwise_log1p_cp10k,celltype_specific,average,6,0.0,0.072,0.019745171369927053,0.02240438544867039,0.2882426449761193,0.2574085081661556,0.22475052068454782,0.21212121212121213,0.21065721591785935,0.15182604194275062,0.1901527163595771,0.14540776674664505,0.25304969527714893,0.25486613236796496,0.25981120948448,0.23557880984806984,0.24038028113613275
P0_primary,MC,BaseVAE,2029,DeconvSC,100,LDK1;LDK2;LDK3,3,196,pooled_centered,cellwise_log1p_cp10k,celltype_specific,average,6,0.0,0.078,0.05764619200848161,0.056975969206395055,0.7391966995117351,0.7366428557043184,0.2099084403773308,0.21212121212121213,0.4414234255783707,0.4374540023887419,0.43415428923264715,0.39319739035543233,0.15462307763335975,0.15970520668992072,0.18777167605352552,0.6464387612574388,0.7181404125178487
P0_primary,MC,DeconvSC,2030,DeconvSC,100,LDK1;LDK2;LDK3,3,196,pooled_centered,cellwise_log1p_cp10k,celltype_specific,average,6,0.0,0.072,0.01880866152578165,0.021431841669729307,0.2771411271334503,0.24865632511628946,0.22841155789912063,0.19429590017825313,0.2111008952092333,0.14693061610873015,0.20339316098249155,0.16303208917826778,0.275533345753845,0.26249303031752425,0.2723050325511017,0.2266201349994776,0.23046462797991685
P0_primary,MC,BaseVAE,2030,DeconvSC,100,LDK1;LDK2;LDK3,3,196,pooled_centered,cellwise_log1p_cp10k,celltype_specific,average,6,0.0,0.078,0.05620086650386028,0.056217850111481005,0.7201111799887613,0.7183136537982421,0.21201075431460414,0.19429590017825313,0.412035540559502,0.40558004400094005,0.39516957095825855,0.37077263949833195,0.1926631430046747,0.18451890371149784,0.2069742000814442,0.6258789341891833,0.696904221900384
P0_primary,MC,DeconvSC,2031,DeconvSC,100,LDK1;LDK2;LDK3,3,196,pooled_centered,cellwise_log1p_cp10k,celltype_specific,average,6,0.0,0.072,0.0197595047775537,0.02190103333530191,0.28630533258670804,0.256033926402416,0.22540246321659793,0.17647058823529413,0.21902884871339276,0.1494564661972998,0.19553780007900204,0.1513952826550656,0.2611511652147292,0.2589595797647163,0.2646866916088154,0.23204419138132937,0.23526086812691843
P0_primary,MC,BaseVAE,2031,DeconvSC,100,LDK1;LDK2;LDK3,3,196,pooled_centered,cellwise_log1p_cp10k,celltype_specific,average,6,0.0,0.078,0.05683976378825547,0.05624404020155799,0.7240614832001689,0.7243270648126129,0.208027970218123,0.21212121212121213,0.4330865367911542,0.4218498258021727,0.41804466334371937,0.38854270873460883,0.18013689696105364,0.1811753026210542,0.2047995164519522,0.6288171836113285,0.6991421730457641
P0_primary,MC,DeconvSC,2032,DeconvSC,100,LDK1;LDK2;LDK3,3,196,pooled_centered,cellwise_log1p_cp10k,celltype_specific,average,6,0.0,0.072,0.019069084044852986,0.021512768478320936,0.28259647873391014,0.25368297766431325,0.2190900296145374,0.17647058823529413,0.21642489524956363,0.13921902408988895,0.19948680896927762,0.15286468411377083,0.2701716558170567,0.264444205199691,0.2747211024544568,0.23204802392354607,0.23478099449879547
P0_primary,MC,BaseVAE,2032,DeconvSC,100,LDK1;LDK2;LDK3,3,196,pooled_centered,cellwise_log1p_cp10k,celltype_specific,average,6,0.0,0.078,0.05609390142151902,0.05603254606943587,0.7237336652381862,0.7233256231539773,0.20140818315880388,0.17647058823529413,0.44018847985265974,0.43301699127366755,0.4105408237296071,0.3778512089478376,0.17557880137436727,0.1757602118272585,0.20044744740484582,0.6368045511167602,0.7040893268935202
P0_primary,MC,DeconvSC,2033,DeconvSC,100,LDK1;LDK2;LDK3,3,196,pooled_centered,cellwise_log1p_cp10k,celltype_specific,average,6,0.0,0.072,0.019338925079311158,0.021153579879908308,0.28313978090431474,0.2540570780079423,0.22213873434744918,0.15966386554621848,0.21441232923184708,0.14449379754644157,0.19859256326774236,0.15437326341605603,0.24646342565295484,0.2372327707376506,0.22077372690809208,0.22955390327389347,0.2313469230750974
P0_primary,MC,BaseVAE,2033,DeconvSC,100,LDK1;LDK2;LDK3,3,196,pooled_centered,cellwise_log1p_cp10k,celltype_specific,average,6,0.0,0.078,0.05782457751092151,0.05807917783620371,0.74132322896101,0.7387424190012619,0.2095413287687297,0.21212121212121213,0.4455323271504078,0.44520472278166073,0.43183505705008796,0.398892496426988,0.17144860336011195,0.16564848548310043,0.18083893678085877,0.6472291741761057,0.7131439352479749
P0_primary,PT,DeconvSC,2024,DeconvSC,100,LDK1;LDK2;LDK3,3,600,pooled_centered,cellwise_log1p_cp10k,celltype_specific,average,4,0.0,0.012,0.0036377440142924553,0.003606172552335465,0.14330920410420186,0.12051575738218061,0.050175027884006206,0.05263157894736842,0.06749017414629188,0.05708790241801849,0.159050379207879,0.1456603289442958,0.19151280726631514,0.16763042256855343,0.16634702305475252,0.09019450360752594,0.08550859798471439
P0_primary,PT,BaseVAE,2024,DeconvSC,100,LDK1;LDK2;LDK3,3,600,pooled_centered,cellwise_log1p_cp10k,celltype_specific,average,4,0.0,0.01,0.017445449472654806,0.017726475409853816,0.6480488801040107,0.5997037775601979,0.042790969106758586,0.02564102564102564,0.4336562904295803,0.4042105723087258,0.6305366849472447,0.603931105973592,0.14360649581516488,0.14171276504185426,0.16445384920440742,0.6835064197809388,0.7447262085487156
P0_primary,PT,DeconvSC,2025,DeconvSC,100,LDK1;LDK2;LDK3,3,600,pooled_centered,cellwise_log1p_cp10k,celltype_specific,average,4,0.0,0.014,0.0038358727468330123,0.00368730419322396,0.14813866797505199,0.12485600262995394,0.06079908711487659,0.05263157894736842,0.059181449028377145,0.04983389769395817,0.16751389935000077,0.15304472362603794,0.22266691092999277,0.19340714997281522,0.1951355435577204,0.09395546835609858,0.08922389766303543
P0_primary,PT,BaseVAE,2025,DeconvSC,100,LDK1;LDK2;LDK3,3,600,pooled_centered,cellwise_log1p_cp10k,celltype_specific,average,4,0.0,0.01,0.01743548787831833,0.017737707570047896,0.646857393951321,0.600512664076801,0.05597877842459886,0.05263157894736842,0.4193074875846777,0.38078398800079866,0.6072610871034688,0.5781472966742924,0.179182818819755,0.16844175928535737,0.20514301202977486,0.6830597822160639,0.7401340883406118
P0_primary,PT,DeconvSC,2026,DeconvSC,100,LDK1;LDK2;LDK3,3,600,pooled_centered,cellwise_log1p_cp10k,celltype_specific,average,4,0.0,0.012,0.003928101621828631,0.0037469760921711314,0.14942580519436083,0.1262780043637636,0.058710393447235554,0.05263157894736842,0.07040906820557166,0.06086700504560873,0.15740087095515967,0.1436721715267526,0.21532350061085925,0.18740324799154964,0.18860879856169063,0.09031856960356607,0.08573216710465864
P0_primary,PT,BaseVAE,2026,DeconvSC,100,LDK1;LDK2;LDK3,3,600,pooled_centered,cellwise_log1p_cp10k,celltype_specific,average,4,0.0,0.01,0.017531322087560863,0.017945678536351033,0.6519411342748409,0.6075709366804972,0.054674950464424145,0.05263157894736842,0.4249756126219877,0.39044899146670164,0.6435493115444961,0.6292972402629543,0.16425806997314718,0.15970987347766322,0.19643679003506842,0.6937496677365654,0.7525873037657811
P0_primary,PT,DeconvSC,2027,DeconvSC,100,LDK1;LDK2;LDK3,3,600,pooled_centered,cellwise_log1p_cp10k,celltype_specific,average,4,0.0,0.012,0.003907335493131268,0.003931164773715249,0.15140666299538313,0.12685240381390217,0.05386668947040464,0.05263157894736842,0.07380356603002024,0.06537439914397034,0.17523335212406033,0.1618435899999037,0.22206781311884632,0.1924567288970241,0.1949301424486204,0.09505191203598176,0.08943840269670589
P0_primary,PT,BaseVAE,2027,DeconvSC,100,LDK1;LDK2;LDK3,3,600,pooled_centered,cellwise_log1p_cp10k,celltype_specific,average,4,0.0,0.01,0.01746708249531114,0.01780615561372071,0.6490736223241168,0.6036373226201764,0.056731358991420906,0.039136302294197026,0.47041016916154804,0.45184384032725,0.6509760792690387,0.6345877699475693,0.1686480595955517,0.16233356719506184,0.19709230586718773,0.687180997634489,0.7438845153865392
P0_primary,PT,DeconvSC,2028,DeconvSC,100,LDK1;LDK2;LDK3,3,600,pooled_centered,cellwise_log1p_cp10k,celltype_specific,average,4,0.0,0.014,0.003689023728477572,0.0037264479152532034,0.14556900822057417,0.1221921509476227,0.049754607463585794,0.05263157894736842,0.06536896750222275,0.05652710935327143,0.18302588385188878,0.16925912475340754,0.19604856720482444,0.1643706339908016,0.16641779585942829,0.09688962022978893,0.09111912004579582
P0_primary,PT,BaseVAE,2028,DeconvSC,100,LDK1;LDK2;LDK3,3,600,pooled_centered,cellwise_log1p_cp10k,celltype_specific,average,4,0.0,0.01,0.017658433316609767,0.018060371522462877,0.6511440539894511,0.6047533422121422,0.04736022314969683,0.039136302294197026,0.4288997893411051,0.3915335252479522,0.6018185886654088,0.5705829765166124,0.15287355628527297,0.14730664020224932,0.18005505734948832,0.6825197815176043,0.737650525413972
P0_primary,PT,DeconvSC,2029,DeconvSC,100,LDK1;LDK2;LDK3,3,600,pooled_centered,cellwise_log1p_cp10k,celltype_specific,average,4,0.0,0.012,0.0036714583597158637,0.0036319645010006946,0.14163268902022097,0.11844209706439608,0.05388896528215414,0.039136302294197026,0.07201341212505055,0.060414819525752006,0.18404365283894206,0.17157607601143515,0.22776582798674344,0.1933847969916239,0.1996400603379448,0.08863602273139347,0.08317645808090786
P0_primary,PT,BaseVAE,2029,DeconvSC,100,LDK1;LDK2;LDK3,3,600,pooled_centered,cellwise_log1p_cp10k,celltype_specific,average,4,0.0,0.01,0.017562887871653013,0.017977595377891488,0.6518999594919261,0.6056652364807926,0.049119901379963304,0.05263157894736842,0.43557939825028397,0.4039666066734936,0.6147738875580956,0.5908350943969475,0.1822520931378615,0.1706856889967786,0.20733650185808783,0.6892685020862432,0.7476565951114553
P0_primary,PT,DeconvSC,2030,DeconvSC,100,LDK1;LDK2;LDK3,3,600,pooled_centered,cellwise_log1p_cp10k,celltype_specific,average,4,0.0,0.014,0.0035227092008530457,0.0035026949990869163,0.14096701561438615,0.11864429124131605,0.056648140672908465,0.05263157894736842,0.06901244702382592,0.05947186278425487,0.17720550141773864,0.1637622947999672,0.19595062076590491,0.16724348895044822,0.1706741175155099,0.09151561562951471,0.08671626166139204
P0_primary,PT,BaseVAE,2030,DeconvSC,100,LDK1;LDK2;LDK3,3,600,pooled_centered,cellwise_log1p_cp10k,celltype_specific,average,4,0.0,0.01,0.01759345610523717,0.018055663918114695,0.6529709089340936,0.6068878069049382,0.05116565748144694,0.05263157894736842,0.4534826517672428,0.4328247250583064,0.6293000558068221,0.6142922566834492,0.16751395699085836,0.1595847156798971,0.1952529327033524,0.690459718883675,0.7500426672016349
P0_primary,PT,DeconvSC,2031,DeconvSC,100,LDK1;LDK2;LDK3,3,600,pooled_centered,cellwise_log1p_cp10k,celltype_specific,average,4,0.0,0.012,0.003762365460130221,0.003867791196979418,0.14640628706525702,0.12378238027649838,0.060114805377963265,0.05263157894736842,0.07347759863824103,0.06290994570482239,0.1796379982335081,0.16503234187145224,0.1818867190967117,0.16094611210525656,0.16696129240906027,0.09330653931462979,0.08851221671722567
P0_primary,PT,BaseVAE,2031,DeconvSC,100,LDK1;LDK2;LDK3,3,600,pooled_centered,cellwise_log1p_cp10k,celltype_specific,average,4,0.0,0.01,0.017887065438437717,0.017990631824951576,0.6609926650214345,0.6181815835557541,0.05125290704238073,0.05263157894736842,0.4398704295693569,0.402573973787423,0.6491450536431611,0.6259910216793407,0.11798128350891941,0.12113645649456656,0.1436641608846343,0.7032131998717737,0.7592805738662901
P0_primary,PT,DeconvSC,2032,DeconvSC,100,LDK1;LDK2;LDK3,3,600,pooled_centered,cellwise_log1p_cp10k,celltype_specific,average,4,0.0,0.012,0.003756316455500605,0.0038842818105987685,0.1454998051245382,0.12323320981523152,0.06134359378941423,0.05263157894736842,0.059215513953397775,0.04967199250879907,0.14482240355175696,0.1312644044567533,0.20474422965642547,0.17526778352765363,0.18272821925816962,0.09134017786332992,0.0871880188961301
P0_primary,PT,BaseVAE,2032,DeconvSC,100,LDK1;LDK2;LDK3,3,600,pooled_centered,cellwise_log1p_cp10k,celltype_specific,average,4,0.0,0.01,0.017189108461190348,0.01761058066869313,0.6426594790806988,0.5933394066820868,0.048733024522498204,0.05263157894736842,0.4249520245185757,0.3884780700971623,0.6319039970089051,0.601777449501418,0.16675200410770158,0.1586871800516817,0.19167113230807858,0.6799261228304692,0.7386870035899156
P0_primary,PT,DeconvSC,2033,DeconvSC,100,LDK1;LDK2;LDK3,3,600,pooled_centered,cellwise_log1p_cp10k,celltype_specific,average,4,0.0,0.012,0.0037790217941124403,0.003732214453068808,0.14562114581665106,0.123187280504786,0.059147673512998586,0.05263157894736842,0.08104082262646309,0.07065995169174655,0.20145004706986583,0.18772852839206128,0.20365383521831423,0.17642565860186477,0.17931756661987286,0.09354802368928718,0.08786221212381043
P0_primary,PT,BaseVAE,2033,DeconvSC,100,LDK1;LDK2;LDK3,3,600,pooled_centered,cellwise_log1p_cp10k,celltype_specific,average,4,0.0,0.01,0.017440071911581336,0.017824179908703292,0.6487209461099499,0.6031415139506984,0.049130414393572276,0.039136302294197026,0.45056998782077357,0.42273939540884886,0.6160477390261341,0.5992186252709949,0.17213539260830255,0.1603951500506883,0.1953638733585657,0.6844996919735772,0.7433622168189634
P0_primary,aLOH,DeconvSC,2024,DeconvSC,100,LDK1;LDK2;LDK3,3,600,pooled_centered,cellwise_log1p_cp10k,celltype_specific,average,4,0.0,0.014,0.020166828362766155,0.01960804729855458,0.30867043177497344,0.2913428714396994,0.1419440390491989,0.12698412698412698,0.07931574935720805,0.060482153632168134,0.09695745858226244,0.07796517206608215,0.3113370968643913,0.2860010362971019,0.3306371711547179,0.28661068230813636,0.310043583370744
P0_primary,aLOH,BaseVAE,2024,DeconvSC,100,LDK1;LDK2;LDK3,3,600,pooled_centered,cellwise_log1p_cp10k,celltype_specific,average,4,0.0,0.008,0.05080643648498587,0.03783720223323369,0.7384273751455244,0.7436194020648346,0.12075450802300727,0.1111111111111111,1.0043552104810278,1.1694452387494847,0.9641822701399788,1.115508921216089,0.21082174303105902,0.19879038446752986,0.25017097690531465,0.7669344664977018,0.8040972459584563
P0_primary,aLOH,DeconvSC,2025,DeconvSC,100,LDK1;LDK2;LDK3,3,600,pooled_centered,cellwise_log1p_cp10k,celltype_specific,average,4,0.0,0.014,0.02248841745447859,0.02217848758162685,0.3261084530964245,0.3103870433663688,0.16627733290166954,0.15966386554621848,0.07850909508910875,0.061415375793843166,0.09263531624404149,0.07473695345615514,0.34463343378539346,0.3044192289869677,0.3526023066380436,0.28517473500890833,0.31188874155923146
P0_primary,aLOH,BaseVAE,2025,DeconvSC,100,LDK1;LDK2;LDK3,3,600,pooled_centered,cellwise_log1p_cp10k,celltype_specific,average,4,0.0,0.008,0.05173780221267493,0.03887624136876648,0.7415454538463231,0.7464995122248467,0.15395048498903147,0.14285714285714285,0.9706883201414069,1.1335915369356164,0.9383967910218528,1.095473269998643,0.24016256706215044,0.21838798138132853,0.2676986205755121,0.7573329508914116,0.7963712616284165
P0_primary,aLOH,DeconvSC,2026,DeconvSC,100,LDK1;LDK2;LDK3,3,600,pooled_centered,cellwise_log1p_cp10k,celltype_specific,average,4,0.0,0.014,0.02134301479804851,0.021404894395672728,0.3174067540679982,0.30230664199714363,0.1287841236308229,0.12698412698412698,0.08375081796012822,0.06506139598885749,0.09357864167426291,0.07632907063278833,0.29640250523180733,0.27350876006067393,0.30377525933005606,0.2872812425990206,0.31351301940567655
P0_primary,aLOH,BaseVAE,2026,DeconvSC,100,LDK1;LDK2;LDK3,3,600,pooled_centered,cellwise_log1p_cp10k,celltype_specific,average,4,0.0,0.008,0.0511550144307931,0.037726079815335274,0.7366631122743732,0.7417217871801305,0.1278351438767897,0.12698412698412698,0.8683224927070319,1.0324607250720028,0.9451366905766707,1.0990587631965925,0.20750228832608344,0.19454275458623932,0.2398598698691026,0.7570638057961335,0.7999118836577441
P0_primary,aLOH,DeconvSC,2027,DeconvSC,100,LDK1;LDK2;LDK3,3,600,pooled_centered,cellwise_log1p_cp10k,celltype_specific,average,4,0.0,0.014,0.019581038524084982,0.019129685911898998,0.29398566223135764,0.2752133521932281,0.142820363103495,0.14285714285714285,0.0716796243809126,0.0549490259225984,0.09073292187472466,0.07308991310822789,0.3335256627754909,0.30588196617460617,0.35631200322452655,0.26393824621753104,0.2851611986522797
P0_primary,aLOH,BaseVAE,2027,DeconvSC,100,LDK1;LDK2;LDK3,3,600,pooled_centered,cellwise_log1p_cp10k,celltype_specific,average,4,0.0,0.008,0.04984013311579915,0.03723667371857492,0.7275970494798153,0.7333022577862149,0.13719479314206168,0.14285714285714285,0.8541608301782193,1.0101643157361724,0.9376828696465688,1.092260187441135,0.22494071515497244,0.20890764893237154,0.26347126854210556,0.757818862172358,0.796887236169072
P0_primary,aLOH,DeconvSC,2028,DeconvSC,100,LDK1;LDK2;LDK3,3,600,pooled_centered,cellwise_log1p_cp10k,celltype_specific,average,4,0.0,0.014,0.021593343513875218,0.02117016586360026,0.32248109158391325,0.30552620933436714,0.14388508692513485,0.1111111111111111,0.08323727435746847,0.06463480343091492,0.09568939046362725,0.07684283371388359,0.2994479268774356,0.27845384969737746,0.3257832922714058,0.2921206998858653,0.31950782829895585
P0_primary,aLOH,BaseVAE,2028,DeconvSC,100,LDK1;LDK2;LDK3,3,600,pooled_centered,cellwise_log1p_cp10k,celltype_specific,average,4,0.0,0.008,0.05165614433371391,0.03845120176230435,0.7437404003033369,0.7495401592468331,0.13451515837114558,0.1111111111111111,0.9686293950880152,1.1361117212345833,0.9605343110911118,1.1268410374709008,0.19318558216374385,0.18462699620825718,0.23917784763939115,0.7642694884702613,0.8054193478010909
P0_primary,aLOH,DeconvSC,2029,DeconvSC,100,LDK1;LDK2;LDK3,3,600,pooled_centered,cellwise_log1p_cp10k,celltype_specific,average,4,0.0,0.014,0.021786927933107735,0.021498735187391337,0.31874370336617724,0.30259862298365375,0.15839727970647427,0.14285714285714285,0.08210401520392922,0.06386272190117123,0.09439109879877854,0.07561114005382198,0.32091570592757585,0.2943952725861955,0.3414614588261738,0.28714706340751195,0.31219103937844106
P0_primary,aLOH,BaseVAE,2029,DeconvSC,100,LDK1;LDK2;LDK3,3,600,pooled_centered,cellwise_log1p_cp10k,celltype_specific,average,4,0.0,0.008,0.051238035801527505,0.03776154300643539,0.7400872264210201,0.7451945882717151,0.14631710100495507,0.14285714285714285,0.8550404962488006,1.0129896533965965,0.9433422508872503,1.0984905334462454,0.2087742055019141,0.195521898474664,0.253202217114757,0.7654751553710182,0.8068921473476363
P0_primary,aLOH,DeconvSC,2030,DeconvSC,100,LDK1;LDK2;LDK3,3,600,pooled_centered,cellwise_log1p_cp10k,celltype_specific,average,4,0.0,0.014,0.021638208250222717,0.02161574286061218,0.3241266590903224,0.3073051091654082,0.15501368826041578,0.14285714285714285,0.08401608038718165,0.06474978548719493,0.1010495504336346,0.08184170059634815,0.31022030073748774,0.2878419623241978,0.3376165253878195,0.2986256859057399,0.3298293606185285
P0_primary,aLOH,BaseVAE,2030,DeconvSC,100,LDK1;LDK2;LDK3,3,600,pooled_centered,cellwise_log1p_cp10k,celltype_specific,average,4,0.0,0.008,0.05133863259187152,0.03819505957136751,0.7405827737497348,0.7463139898952005,0.1318899143557088,0.1111111111111111,1.0098069683813844,1.1779188403238408,0.9521611582840197,1.110106920714411,0.21651456912237643,0.20336312201877318,0.257775808798546,0.7641425432054741,0.8045246463169642
P0_primary,aLOH,DeconvSC,2031,DeconvSC,100,LDK1;LDK2;LDK3,3,600,pooled_centered,cellwise_log1p_cp10k,celltype_specific,average,4,0.0,0.014,0.020444263491126456,0.02022879497057183,0.30519645138198476,0.2889326481194472,0.15324518565599987,0.14285714285714285,0.07404410071717843,0.057988539603322065,0.09473598565996036,0.07506894895010302,0.2964905147399832,0.27683176272690335,0.3151884835768846,0.27680554757103687,0.298204095707122
P0_primary,aLOH,BaseVAE,2031,DeconvSC,100,LDK1;LDK2;LDK3,3,600,pooled_centered,cellwise_log1p_cp10k,celltype_specific,average,4,0.0,0.008,0.049924199826509585,0.0362249262224435,0.7259526773095804,0.7305505801820498,0.13782010461726832,0.14285714285714285,0.9018485508385449,1.0568108889471317,0.9085657395649454,1.0524792232180236,0.19459271126696395,0.18453643676072307,0.23139156401799332,0.757187259483641,0.7992043561312654
P0_primary,aLOH,DeconvSC,2032,DeconvSC,100,LDK1;LDK2;LDK3,3,600,pooled_centered,cellwise_log1p_cp10k,celltype_specific,average,4,0.0,0.014,0.02078318236803836,0.020066028017915565,0.31477728708474495,0.29966694552861506,0.14844313398088319,0.14285714285714285,0.08121007435933451,0.06297722758128525,0.09631271510489631,0.07767105156648049,0.296185549098615,0.27536751866142906,0.32602704159348983,0.2893171050114661,0.31795040449783424
P0_primary,aLOH,BaseVAE,2032,DeconvSC,100,LDK1;LDK2;LDK3,3,600,pooled_centered,cellwise_log1p_cp10k,celltype_specific,average,4,0.0,0.008,0.050432331483961354,0.03721658006861732,0.7313739952354091,0.7369626372111621,0.1263544228024886,0.12698412698412698,0.7929679906206453,0.9395896234153753,0.9141817381915885,1.0561974184422942,0.1953575236093251,0.18367926844315935,0.23382651947510313,0.7597136925663445,0.8007738399642971
P0_primary,aLOH,DeconvSC,2033,DeconvSC,100,LDK1;LDK2;LDK3,3,600,pooled_centered,cellwise_log1p_cp10k,celltype_specific,average,4,0.0,0.014,0.02006768625318913,0.01919538352217482,0.30127143602839745,0.2865779625357911,0.1436934777676813,0.14285714285714285,0.07512262130921718,0.056965691583503536,0.09339396770159059,0.07600824178232068,0.32529499553060365,0.2931888165643627,0.3316949389940167,0.268608740711948,0.29114202651644217
P0_primary,aLOH,BaseVAE,2033,DeconvSC,100,LDK1;LDK2;LDK3,3,600,pooled_centered,cellwise_log1p_cp10k,celltype_specific,average,4,0.0,0.008,0.050641345699379364,0.03710274205752425,0.733787214313834,0.7386999560629055,0.1278837624293015,0.14285714285714285,0.8801178380179072,1.0354785775221411,0.9337350504646214,1.0820237393257846,0.2409484289398324,0.21525931239903545,0.2620657973520063,0.7593905601567174,0.8001013992740112
S1_current,CD_PC,DeconvSC,2024,DeconvSC_current,100,LDK1;LDK2;LDK3,3,222,pooled_centered,cellwise_log1p_cp10k,celltype_specific,average,4,0.0,0.0,0.008940227730277408,0.004078631862134842,0.206422676939378,0.16984826358558341,0.10143892306431006,0.0960960960960961,0.08979700814181289,0.0787930008695168,0.09506786002418414,0.07759714466775758,0.2730468629104776,0.24398517822433757,0.245321242713893,0.1414646995939781,0.13982631616693547
S1_current,CD_PC,BaseVAE,2024,DeconvSC_current,100,LDK1;LDK2;LDK3,3,222,pooled_centered,cellwise_log1p_cp10k,celltype_specific,average,4,0.0,0.02,0.02934735671057974,0.015251080661462394,0.7315654133142634,0.703054054815465,0.1014812910478545,0.08108108108108109,0.7468335250820528,0.7658182317635107,0.7669539986469054,0.8080249216443542,0.14487354769745006,0.1323325115860242,0.15305777390800146,0.7725370065202132,0.8017004958337066
S1_current,CD_PC,DeconvSC,2025,DeconvSC_current,100,LDK1;LDK2;LDK3,3,222,pooled_centered,cellwise_log1p_cp10k,celltype_specific,average,4,0.0,0.0,0.009338739128630653,0.004371386617781695,0.2137857871893502,0.17641898310803392,0.10775193303057079,0.1111111111111111,0.0920061328348234,0.08077014150334827,0.10534766745553222,0.08887883007535409,0.26705372497843455,0.23617288923362248,0.23546470127817654,0.14634208913999838,0.14405588572162892
S1_current,CD_PC,BaseVAE,2025,DeconvSC_current,100,LDK1;LDK2;LDK3,3,222,pooled_centered,cellwise_log1p_cp10k,celltype_specific,average,4,0.0,0.02,0.03008107478623021,0.015470097664628125,0.7379166693517046,0.7133775787832172,0.09878683788900508,0.0960960960960961,0.7388457237420818,0.7623517751263555,0.7601465564222922,0.7978298081023827,0.15722257261838554,0.136641119343556,0.15553322949596887,0.7652019944230103,0.7893271623808154
S1_current,CD_PC,DeconvSC,2026,DeconvSC_current,100,LDK1;LDK2;LDK3,3,222,pooled_centered,cellwise_log1p_cp10k,celltype_specific,average,4,0.0,0.0,0.009546381255693884,0.0043246528946015075,0.2151336054258957,0.17963742320370008,0.09385835192486545,0.08108108108108109,0.09642669798974793,0.08577074591455941,0.11243369141667083,0.09516661492976534,0.27012453771726014,0.23370668432361338,0.23102565408138853,0.14443649723326804,0.14204946743434108
S1_current,CD_PC,BaseVAE,2026,DeconvSC_current,100,LDK1;LDK2;LDK3,3,222,pooled_centered,cellwise_log1p_cp10k,celltype_specific,average,4,0.0,0.02,0.029525860155514474,0.01563097702176246,0.7372072808622776,0.7128492690968378,0.09788814761100789,0.1111111111111111,0.749772960300484,0.7947181353014732,0.7845343448191113,0.8277483103394354,0.17201463490865548,0.14860037618717603,0.17565350224196494,0.7762389410624855,0.80242224236231
S1_current,CD_PC,DeconvSC,2027,DeconvSC_current,100,LDK1;LDK2;LDK3,3,222,pooled_centered,cellwise_log1p_cp10k,celltype_specific,average,4,0.0,0.0,0.009363323930779616,0.004223554745849805,0.21183196382828268,0.17510608481995754,0.10246397045158653,0.1111111111111111,0.08851901028215907,0.07671337018525903,0.1192689697154796,0.10214997453696761,0.2912169253469856,0.2602006812005869,0.2574005602124732,0.13930067961137105,0.13794993662342284
S1_current,CD_PC,BaseVAE,2027,DeconvSC_current,100,LDK1;LDK2;LDK3,3,222,pooled_centered,cellwise_log1p_cp10k,celltype_specific,average,4,0.0,0.02,0.029815749347594605,0.01533357780775437,0.7383730708664281,0.7123617487005807,0.10615416347764295,0.1111111111111111,0.6655776156329088,0.690536696246991,0.7353162304580082,0.7679106452872415,0.1346998686071222,0.12655549954425296,0.14358100421000924,0.7808218275222422,0.8112903220318681
S1_current,CD_PC,DeconvSC,2028,DeconvSC_current,100,LDK1;LDK2;LDK3,3,222,pooled_centered,cellwise_log1p_cp10k,celltype_specific,average,4,0.0,0.0,0.009339280156349982,0.004055175242573263,0.2137327421882683,0.17722620800238553,0.08911493103443568,0.08108108108108109,0.08669738829666532,0.07540290455285575,0.12637637691911086,0.11130590650553725,0.25641215478796064,0.22704126178491793,0.2352678550071474,0.14437385813395812,0.14322531535661837
S1_current,CD_PC,BaseVAE,2028,DeconvSC_current,100,LDK1;LDK2;LDK3,3,222,pooled_centered,cellwise_log1p_cp10k,celltype_specific,average,4,0.0,0.02,0.030404574896485327,0.015830528171303815,0.7467955726800224,0.7224048073527576,0.08631303504368519,0.08108108108108109,0.7049791681654995,0.7344625235897031,0.7356462392285535,0.7745348236912458,0.1596737827768694,0.14238773915929834,0.17001631539098072,0.7764726176447098,0.8026182028568813
S1_current,CD_PC,DeconvSC,2029,DeconvSC_current,100,LDK1;LDK2;LDK3,3,222,pooled_centered,cellwise_log1p_cp10k,celltype_specific,average,4,0.0,0.0,0.009538259029496248,0.004279151552535112,0.21442073519755583,0.17650401529385307,0.11001308563228067,0.0960960960960961,0.08992242581863104,0.07834161616157545,0.11451787921363205,0.09927797020332886,0.28956861971823594,0.25301209197705316,0.25706933565655843,0.14225446263188082,0.1408979104364254
S1_current,CD_PC,BaseVAE,2029,DeconvSC_current,100,LDK1;LDK2;LDK3,3,222,pooled_centered,cellwise_log1p_cp10k,celltype_specific,average,4,0.0,0.02,0.03008773864507421,0.015582024521922684,0.7401365565437844,0.7145213015824714,0.09563127465604244,0.08108108108108109,0.773949772837722,0.8004590788666447,0.7691992432936657,0.8054556776600312,0.20801887503292982,0.17922223023830688,0.21178683709283166,0.7707317338549967,0.7959693440030944
S1_current,CD_PC,DeconvSC,2030,DeconvSC_current,100,LDK1;LDK2;LDK3,3,222,pooled_centered,cellwise_log1p_cp10k,celltype_specific,average,4,0.0,0.0,0.009095506348887025,0.004254343158069411,0.21016351866948002,0.1737532317732594,0.10193903656751954,0.1111111111111111,0.0897110714648983,0.07839283026596366,0.10521641328146578,0.08798151721664328,0.267932304103894,0.2387135905173913,0.24193182500654967,0.14170295463049354,0.1393247801711333
S1_current,CD_PC,BaseVAE,2030,DeconvSC_current,100,LDK1;LDK2;LDK3,3,222,pooled_centered,cellwise_log1p_cp10k,celltype_specific,average,4,0.0,0.02,0.03038949715645488,0.016053682183808655,0.7565340491217685,0.7333757326216179,0.09208052799384067,0.08108108108108109,0.7661221070050359,0.793341746219711,0.7914067020829518,0.8282256641430954,0.13052399321059444,0.12013573278460035,0.14165040146276453,0.7934967097200533,0.821289996580099
S1_current,CD_PC,DeconvSC,2031,DeconvSC_current,100,LDK1;LDK2;LDK3,3,222,pooled_centered,cellwise_log1p_cp10k,celltype_specific,average,4,0.0,0.0,0.009515026768794978,0.004162268715834921,0.21293935879624923,0.17609539397347287,0.09724911650608245,0.1111111111111111,0.08341133468757045,0.07160319815409921,0.1253318302630271,0.11050706175813793,0.2718443802375372,0.23918594313080366,0.24185320275996428,0.14177997660520986,0.14039275373052817
S1_current,CD_PC,BaseVAE,2031,DeconvSC_current,100,LDK1;LDK2;LDK3,3,222,pooled_centered,cellwise_log1p_cp10k,celltype_specific,average,4,0.0,0.02,0.030197132553467978,0.015724672932976295,0.7459754658704869,0.720258437443086,0.09033096153839187,0.08108108108108109,0.710366549159027,0.7340396914538228,0.7534598255774446,0.7995346094079008,0.13723826543557244,0.12471342354134757,0.14387283320050576,0.7802124880913307,0.8086485953215656
S1_current,CD_PC,DeconvSC,2032,DeconvSC_current,100,LDK1;LDK2;LDK3,3,222,pooled_centered,cellwise_log1p_cp10k,celltype_specific,average,4,0.0,0.0,0.009267544549903207,0.004206208361863094,0.21022754035376667,0.17286309807642358,0.11877073785892321,0.1111111111111111,0.08551327424785324,0.07348352144027576,0.10525299302993067,0.08943517645384441,0.30287492379070463,0.26198262718830545,0.26791398014094714,0.14065861009291059,0.1388511588572347
S1_current,CD_PC,BaseVAE,2032,DeconvSC_current,100,LDK1;LDK2;LDK3,3,222,pooled_centered,cellwise_log1p_cp10k,celltype_specific,average,4,0.0,0.02,0.029703804127350384,0.015736626910980923,0.7405412601846673,0.7143381345586629,0.10391105468654654,0.1111111111111111,0.6910885621012535,0.7271420106307562,0.7872521556291218,0.831819612329324,0.19403221828591935,0.16795381770123333,0.19715963476564458,0.7784006844576999,0.8060040081047928
S1_current,CD_PC,DeconvSC,2033,DeconvSC_current,100,LDK1;LDK2;LDK3,3,222,pooled_centered,cellwise_log1p_cp10k,celltype_specific,average,4,0.0,0.0,0.009248703350090669,0.004093184599619398,0.207791777925095,0.1691984635162408,0.09709293240252989,0.08108108108108109,0.08728015779731783,0.07554350005000698,0.11538316655455703,0.10008557113632605,0.2809068010425379,0.24636690518195126,0.2514693390529783,0.1408342597370467,0.1399030712292323
S1_current,CD_PC,BaseVAE,2033,DeconvSC_current,100,LDK1;LDK2;LDK3,3,222,pooled_centered,cellwise_log1p_cp10k,celltype_specific,average,4,0.0,0.02,0.029112954290482718,0.015199534612234283,0.7287742050371508,0.7013338654039457,0.09545192783582875,0.08108108108108109,0.6503829003949184,0.6620175174209713,0.6966676345744575,0.7152352596253592,0.17036517123682443,0.14808701829444565,0.17074325485569397,0.770071893194352,0.798915768446932
S1_current,DCT,DeconvSC,2024,DeconvSC_current,100,LDK1;LDK2;LDK3,3,337,pooled_centered,cellwise_log1p_cp10k,celltype_specific,average,4,0.0,0.0,0.010533984551592206,0.009866534195539617,0.19164708992171126,0.15795401461280587,0.09329990731069328,0.08108108108108109,0.060139883928743004,0.04884693806670387,0.09757878324560244,0.08796845389562663,0.16034526339721925,0.16320611091772147,0.1593163540892535,0.1443838976487969,0.13616582342243397
S1_current,DCT,BaseVAE,2024,DeconvSC_current,100,LDK1;LDK2;LDK3,3,337,pooled_centered,cellwise_log1p_cp10k,celltype_specific,average,4,0.0,0.014,0.04695122827833712,0.03569956156718325,0.7820799344772719,0.7879484535416479,0.11910652573191273,0.1111111111111111,1.1941546139351193,1.346202096245853,1.124095793340338,1.2720405110497537,0.0849291195438715,0.0889228070347138,0.09424651536774815,0.8179395600649485,0.8414293117524003
S1_current,DCT,DeconvSC,2025,DeconvSC_current,100,LDK1;LDK2;LDK3,3,337,pooled_centered,cellwise_log1p_cp10k,celltype_specific,average,4,0.0,0.0,0.00963285062297333,0.00962281364007654,0.18350037549960727,0.15145456078923764,0.11885753769804504,0.1111111111111111,0.05890615073576055,0.04838443475840823,0.07686379952237661,0.06783909648852507,0.2034733553634247,0.19569674360461295,0.201694418641865,0.1413156836978195,0.13301942305974587
S1_current,DCT,BaseVAE,2025,DeconvSC_current,100,LDK1;LDK2;LDK3,3,337,pooled_centered,cellwise_log1p_cp10k,celltype_specific,average,4,0.0,0.014,0.04720262517238804,0.035327302998649945,0.7823939650598472,0.7880451212050856,0.14198955276504463,0.14285714285714285,1.2059433839941052,1.3643613282717482,1.1336836075934433,1.2820425297343658,0.13311757611565084,0.1279661984504325,0.14391672973560607,0.8165544222305428,0.8416570634308911
S1_current,DCT,DeconvSC,2026,DeconvSC_current,100,LDK1;LDK2;LDK3,3,337,pooled_centered,cellwise_log1p_cp10k,celltype_specific,average,4,0.0,0.0,0.009769474101093072,0.009798009196292081,0.1835646815509468,0.15249943397589266,0.1121935554752892,0.1111111111111111,0.0585601204111944,0.04750104147333753,0.08643978024291123,0.07652467066309593,0.21548095423952265,0.20071048378833903,0.2103513219967505,0.14317134548472937,0.13395680664868034
S1_current,DCT,BaseVAE,2026,DeconvSC_current,100,LDK1;LDK2;LDK3,3,337,pooled_centered,cellwise_log1p_cp10k,celltype_specific,average,4,0.0,0.014,0.04733165810989946,0.03572159988859862,0.7809232568477498,0.7863491979064616,0.1484883368294417,0.14285714285714285,1.2316345725561701,1.3886183710991609,1.1476788404072233,1.2976281204153794,0.1739198757887205,0.15765145576432943,0.17701689246177316,0.8060941203400573,0.8301539743651101
S1_current,DCT,DeconvSC,2027,DeconvSC_current,100,LDK1;LDK2;LDK3,3,337,pooled_centered,cellwise_log1p_cp10k,celltype_specific,average,4,0.0,0.0,0.010287737735891011,0.009576079004267686,0.18583663914168358,0.15117032112089618,0.10676732192212068,0.1111111111111111,0.05944229978152543,0.04881267453939811,0.07811790218158433,0.06850629424134765,0.20205902152576571,0.18874662250791988,0.18552404778639686,0.14252062181551128,0.13421116998500354
S1_current,DCT,BaseVAE,2027,DeconvSC_current,100,LDK1;LDK2;LDK3,3,337,pooled_centered,cellwise_log1p_cp10k,celltype_specific,average,4,0.0,0.014,0.04612641990339418,0.035006230963851026,0.7732498487204789,0.7781295222246283,0.13604398460885028,0.12698412698412698,1.210706887923128,1.372096816400155,1.1368192842584375,1.290568142717445,0.14335658744479415,0.13292323435621628,0.14978995730049222,0.8114556777542781,0.8360654588611854
S1_current,DCT,DeconvSC,2028,DeconvSC_current,100,LDK1;LDK2;LDK3,3,337,pooled_centered,cellwise_log1p_cp10k,celltype_specific,average,4,0.0,0.0,0.010495532410727076,0.010102226878368816,0.19230080455276732,0.15848989991495474,0.1187624915688433,0.0960960960960961,0.06940247568635348,0.05654145434740615,0.09055794015358733,0.08200539392428172,0.19163657072808737,0.18216706180525266,0.17843519665938218,0.14569218434771658,0.1372178214869673
S1_current,DCT,BaseVAE,2028,DeconvSC_current,100,LDK1;LDK2;LDK3,3,337,pooled_centered,cellwise_log1p_cp10k,celltype_specific,average,4,0.0,0.014,0.046266060676560306,0.035546024507986086,0.772700839833691,0.7786899067893659,0.1402575303633411,0.1111111111111111,1.1708369755736734,1.3243803280045932,1.1231238034446742,1.2766614212441851,0.13613783248002917,0.1280675936933505,0.13653524624342678,0.8062195534107485,0.8281492066995016
S1_current,DCT,DeconvSC,2029,DeconvSC_current,100,LDK1;LDK2;LDK3,3,337,pooled_centered,cellwise_log1p_cp10k,celltype_specific,average,4,0.0,0.0,0.010146728109855617,0.00871545373242201,0.18289734324259393,0.15107857056099144,0.11556252136747494,0.12698412698412698,0.05926544241121383,0.0486471206404577,0.08126999438422979,0.07018870557090941,0.21947548068150716,0.20629733554901833,0.21189266760366082,0.13990923997751298,0.13103296173374418
S1_current,DCT,BaseVAE,2029,DeconvSC_current,100,LDK1;LDK2;LDK3,3,337,pooled_centered,cellwise_log1p_cp10k,celltype_specific,average,4,0.0,0.014,0.04634559235757924,0.03398483484577325,0.7738301454926226,0.7776937548343755,0.1323548002045955,0.1111111111111111,1.231448686994529,1.3949969548408117,1.1506520399877016,1.303508219610753,0.13365128269631438,0.1283521854224468,0.13784524131032816,0.8174518647425871,0.8434676762975909
S1_current,DCT,DeconvSC,2030,DeconvSC_current,100,LDK1;LDK2;LDK3,3,337,pooled_centered,cellwise_log1p_cp10k,celltype_specific,average,4,0.0,0.0,0.009411521445372743,0.008673511429364972,0.17817791067969227,0.14641140832087254,0.10300400809688735,0.08108108108108109,0.06338248669650916,0.051763111632600306,0.0967290447198882,0.0879619803242836,0.20786322623401884,0.19398995490424617,0.2039867684111481,0.1409897795657742,0.13201571235521642
S1_current,DCT,BaseVAE,2030,DeconvSC_current,100,LDK1;LDK2;LDK3,3,337,pooled_centered,cellwise_log1p_cp10k,celltype_specific,average,4,0.0,0.014,0.046812205530930164,0.034712148420184906,0.7777727087787764,0.7836153951488931,0.12099964604908177,0.1111111111111111,1.199354170543875,1.3513948508788096,1.1060798741121702,1.2526303557788476,0.1276911916462644,0.11984970944769664,0.13780465841130257,0.8125938575965992,0.8363905679667603
S1_current,DCT,DeconvSC,2031,DeconvSC_current,100,LDK1;LDK2;LDK3,3,337,pooled_centered,cellwise_log1p_cp10k,celltype_specific,average,4,0.0,0.0,0.00921916469300475,0.008733658096592666,0.1782590819128947,0.14456722359701207,0.09353525963433083,0.08108108108108109,0.059622179849783005,0.04876289435152392,0.0797488866045471,0.07039347596479575,0.18608753960844357,0.18077749104359672,0.17597688731810318,0.14202558601462514,0.13446955011568423
S1_current,DCT,BaseVAE,2031,DeconvSC_current,100,LDK1;LDK2;LDK3,3,337,pooled_centered,cellwise_log1p_cp10k,celltype_specific,average,4,0.0,0.014,0.04704213660222389,0.03438013558003948,0.7790613504255834,0.7857832122185582,0.12659344198043887,0.14285714285714285,1.1667288995856635,1.3252343307505114,1.1288831295809625,1.282100357645191,0.11952170195891115,0.11514189156132831,0.1265590064819339,0.8177888428572305,0.8420353127122568
S1_current,DCT,DeconvSC,2032,DeconvSC_current,100,LDK1;LDK2;LDK3,3,337,pooled_centered,cellwise_log1p_cp10k,celltype_specific,average,4,0.0,0.0,0.010159333762238171,0.010082307116314153,0.18611852279821323,0.15370413697664778,0.11396332219007567,0.1111111111111111,0.059614758676713855,0.04922896481657707,0.08029702486913497,0.07084495558358858,0.18688033393073059,0.17537453490294533,0.18039406459748553,0.14207912161250455,0.13367245862769933
S1_current,DCT,BaseVAE,2032,DeconvSC_current,100,LDK1;LDK2;LDK3,3,337,pooled_centered,cellwise_log1p_cp10k,celltype_specific,average,4,0.0,0.014,0.04756414067722501,0.0362249236185451,0.7898124191549272,0.7978662352488693,0.1280162202917621,0.12698412698412698,1.176890920748265,1.345641555099649,1.1294534066447486,1.2816781679567635,0.12128138323790538,0.11377907460249131,0.1273957454994903,0.8197640283419487,0.8450020376795524
S1_current,DCT,DeconvSC,2033,DeconvSC_current,100,LDK1;LDK2;LDK3,3,337,pooled_centered,cellwise_log1p_cp10k,celltype_specific,average,4,0.0,0.0,0.011036790637917019,0.00929388689331876,0.19376739588109598,0.15858906982053958,0.10013703247449376,0.1111111111111111,0.06631607503667777,0.05345366994550929,0.09434837380181722,0.08654980128506864,0.1790738424542276,0.1764989973767189,0.17576235789546213,0.14519978280740706,0.13731703839666082
S1_current,DCT,BaseVAE,2033,DeconvSC_current,100,LDK1;LDK2;LDK3,3,337,pooled_centered,cellwise_log1p_cp10k,celltype_specific,average,4,0.0,0.014,0.04604497548063705,0.034747408209091946,0.7723275208935352,0.7780530954374619,0.13067310403523327,0.14285714285714285,1.1933825513171832,1.347356405826555,1.1246646979761832,1.2694808664996153,0.13468237876274808,0.12522599766096168,0.14142285224953907,0.8114377465633779,0.8346017074719927
S1_current,Endo,DeconvSC,2024,DeconvSC_current,100,LDK1;LDK2;LDK3,3,166,pooled_centered,cellwise_log1p_cp10k,celltype_specific,average,7,0.0,0.004,0.01599629416702367,0.015970256528924563,0.2084454165027733,0.1812942828787732,0.10972370116332965,0.0960960960960961,0.18057560166238473,0.17327268287148173,0.10842362735715409,0.09311628711471345,0.21466007284561706,0.1677794357398489,0.13846893959198125,0.1339984973795257,0.1305320838977343
S1_current,Endo,BaseVAE,2024,DeconvSC_current,100,LDK1;LDK2;LDK3,3,166,pooled_centered,cellwise_log1p_cp10k,celltype_specific,average,7,0.0,0.074,0.038470975872263655,0.0439136467576741,0.48553081361603895,0.46222171441358967,0.14005377719149814,0.14285714285714285,0.2100743324389197,0.1397521363511644,0.17289610158299443,0.11460964027218803,0.24403474791280141,0.19132842555773136,0.16991877760935303,0.28965109955300056,0.30593852675771105
S1_current,Endo,DeconvSC,2025,DeconvSC_current,100,LDK1;LDK2;LDK3,3,166,pooled_centered,cellwise_log1p_cp10k,celltype_specific,average,7,0.0,0.004,0.015078509340323277,0.01513124387385327,0.1979212242266318,0.17438493518707518,0.10781706012356168,0.08108108108108109,0.1783442458608072,0.16789428374036264,0.12317389544911254,0.11066082088487603,0.206496385186358,0.1737262459530853,0.15463860632119594,0.1330998694415514,0.12958597805464367
S1_current,Endo,BaseVAE,2025,DeconvSC_current,100,LDK1;LDK2;LDK3,3,166,pooled_centered,cellwise_log1p_cp10k,celltype_specific,average,7,0.0,0.074,0.03656195165415747,0.042618761268303655,0.467510415503981,0.445775210165318,0.1324047132181041,0.1111111111111111,0.20999537065782675,0.14379180989834142,0.1788726070710371,0.1236977298806281,0.23905574395921145,0.19511992701641515,0.17600499038571998,0.29031597694636596,0.30943408122546934
S1_current,Endo,DeconvSC,2026,DeconvSC_current,100,LDK1;LDK2;LDK3,3,166,pooled_centered,cellwise_log1p_cp10k,celltype_specific,average,7,0.0,0.004,0.015783683595446137,0.016607807108468788,0.20836931785465057,0.18243485509464524,0.11132842380670206,0.1111111111111111,0.17713247923657238,0.16721636774026166,0.11722876271286566,0.1012407314990483,0.21411156391486352,0.1746792369024053,0.152144229178241,0.13420839201108042,0.13081476159251973
S1_current,Endo,BaseVAE,2026,DeconvSC_current,100,LDK1;LDK2;LDK3,3,166,pooled_centered,cellwise_log1p_cp10k,celltype_specific,average,7,0.0,0.074,0.037163294597840624,0.044289177470123044,0.47123434841253603,0.4492349463704962,0.11916462315843121,0.1111111111111111,0.21158325257134375,0.142481290065038,0.1769200951509123,0.12094547617398865,0.24169712234206125,0.19223192053188456,0.16656117973562717,0.28852766778718864,0.3045608526896574
S1_current,Endo,DeconvSC,2027,DeconvSC_current,100,LDK1;LDK2;LDK3,3,166,pooled_centered,cellwise_log1p_cp10k,celltype_specific,average,7,0.0,0.004,0.015294002766629818,0.013654880377613598,0.19718104473367967,0.17131371000869905,0.10818025613841051,0.0960960960960961,0.1739404393341321,0.16096996855523515,0.11200084157208993,0.09683232090779695,0.2106518711263325,0.17745125113051996,0.1639343902528209,0.13592698139455114,0.1308020984159427
S1_current,Endo,BaseVAE,2027,DeconvSC_current,100,LDK1;LDK2;LDK3,3,166,pooled_centered,cellwise_log1p_cp10k,celltype_specific,average,7,0.0,0.074,0.03755333733354183,0.04262341196326301,0.47322678649526934,0.4518049975574071,0.10476313490395184,0.1111111111111111,0.21324552495302343,0.14215366924391543,0.17417571831653,0.11603498609111476,0.22544914390327286,0.19070669265922752,0.17456220317087268,0.2927116893663064,0.30933822155916935
S1_current,Endo,DeconvSC,2028,DeconvSC_current,100,LDK1;LDK2;LDK3,3,166,pooled_centered,cellwise_log1p_cp10k,celltype_specific,average,7,0.0,0.004,0.01467747521737267,0.015301612037495138,0.19410525501309914,0.1714526196062271,0.10546803961664641,0.1111111111111111,0.17644653022785453,0.16878435533605918,0.1000245140804099,0.08192568394325937,0.19702568014935135,0.16034975950351715,0.1369770110687149,0.13218287215710137,0.12752344458258102
S1_current,Endo,BaseVAE,2028,DeconvSC_current,100,LDK1;LDK2;LDK3,3,166,pooled_centered,cellwise_log1p_cp10k,celltype_specific,average,7,0.0,0.074,0.03742898210228005,0.04291000542509325,0.47707219683968244,0.45583629766971084,0.12122800850355031,0.1111111111111111,0.20517817279844514,0.135181508251087,0.17052211798420822,0.11378114825372068,0.23007561857332387,0.18665785194413553,0.15435227612850103,0.295736864361539,0.3178588844356959
S1_current,Endo,DeconvSC,2029,DeconvSC_current,100,LDK1;LDK2;LDK3,3,166,pooled_centered,cellwise_log1p_cp10k,celltype_specific,average,7,0.0,0.004,0.01659507158183806,0.017715491200744168,0.21518749654892602,0.19388452112226048,0.1250738136821229,0.14285714285714285,0.16803141537040336,0.15287032147159374,0.12741045323442285,0.11465630599658083,0.24030323506038348,0.19704492624842987,0.17591220519370435,0.1331853022722237,0.1296469407039551
S1_current,Endo,BaseVAE,2029,DeconvSC_current,100,LDK1;LDK2;LDK3,3,166,pooled_centered,cellwise_log1p_cp10k,celltype_specific,average,7,0.0,0.074,0.037958666142126576,0.04381701335521647,0.480298987760258,0.4606255114141752,0.12949098842287696,0.14285714285714285,0.20781133487792944,0.14178377715125517,0.1795246970628316,0.12428382020300394,0.2646455071996634,0.21228044255057993,0.18994613179400005,0.2893182975398007,0.3062678452683078
S1_current,Endo,DeconvSC,2030,DeconvSC_current,100,LDK1;LDK2;LDK3,3,166,pooled_centered,cellwise_log1p_cp10k,celltype_specific,average,7,0.0,0.004,0.014261529362696868,0.01428191159026904,0.1883532002596307,0.16355461085550646,0.11621741213072481,0.1111111111111111,0.16853050775698544,0.15471094787545775,0.12651166819664836,0.11483982245844665,0.22215186784592664,0.18168094938598353,0.1667398277055464,0.1359845956655959,0.13277605967842085
S1_current,Endo,BaseVAE,2030,DeconvSC_current,100,LDK1;LDK2;LDK3,3,166,pooled_centered,cellwise_log1p_cp10k,celltype_specific,average,7,0.0,0.074,0.03556287100895462,0.04183634480909968,0.4522273058784399,0.4321614283586803,0.1376710603095785,0.14285714285714285,0.20084379207206096,0.1308176237830826,0.18019522175455446,0.12455813904327828,0.2622404950192531,0.21514200221984306,0.21102885035499308,0.2875646760240418,0.3050327237009715
S1_current,Endo,DeconvSC,2031,DeconvSC_current,100,LDK1;LDK2;LDK3,3,166,pooled_centered,cellwise_log1p_cp10k,celltype_specific,average,7,0.0,0.004,0.014142697772437306,0.01426378823766611,0.189009962153129,0.16609284892313086,0.10968316424972771,0.1111111111111111,0.1836167580276011,0.1694098837435804,0.13889727259459037,0.1284310554975389,0.2576488315588575,0.20767943211938236,0.18936660922473453,0.13298561605042572,0.12911679223049616
S1_current,Endo,BaseVAE,2031,DeconvSC_current,100,LDK1;LDK2;LDK3,3,166,pooled_centered,cellwise_log1p_cp10k,celltype_specific,average,7,0.0,0.074,0.036614249883507324,0.04198537424693448,0.4638750079137206,0.44324312074738303,0.11281184861680217,0.1111111111111111,0.21248032393860136,0.14631021896781077,0.1879448164897014,0.13452896940814613,0.25091748961048016,0.2065144506491664,0.19460785620735202,0.2878023522289883,0.3025867250219741
S1_current,Endo,DeconvSC,2032,DeconvSC_current,100,LDK1;LDK2;LDK3,3,166,pooled_centered,cellwise_log1p_cp10k,celltype_specific,average,7,0.0,0.004,0.01586692881937859,0.016448635513643766,0.20677661275842513,0.18584546933837148,0.11800707799159812,0.1111111111111111,0.16283399334444495,0.15194959803980995,0.12830450863508605,0.11598156882136226,0.19250436319750247,0.1647039049394954,0.1319672493468691,0.13246751508292096,0.13000664067772894
S1_current,Endo,BaseVAE,2032,DeconvSC_current,100,LDK1;LDK2;LDK3,3,166,pooled_centered,cellwise_log1p_cp10k,celltype_specific,average,7,0.0,0.074,0.03794595897942855,0.04514731289827702,0.48100127073514287,0.4609149187138213,0.11555636783190963,0.1111111111111111,0.21214985128172933,0.13595090368001672,0.18171353276142385,0.12853371935391572,0.21143417211168053,0.17470994397434422,0.14605732772174973,0.2924281275131244,0.3071739023284371
S1_current,Endo,DeconvSC,2033,DeconvSC_current,100,LDK1;LDK2;LDK3,3,166,pooled_centered,cellwise_log1p_cp10k,celltype_specific,average,7,0.0,0.004,0.01374264179067497,0.016244858898568304,0.18247780710060416,0.1567643541850135,0.09972255206001336,0.08108108108108109,0.1517393212426713,0.13973355763883843,0.11014533200849717,0.09459804477458122,0.2144781814809752,0.18280017008099844,0.16151983024238203,0.1329085120421541,0.12867696159911446
S1_current,Endo,BaseVAE,2033,DeconvSC_current,100,LDK1;LDK2;LDK3,3,166,pooled_centered,cellwise_log1p_cp10k,celltype_specific,average,7,0.0,0.074,0.0353045681341522,0.0398958470199549,0.44869956085238355,0.42905516180183617,0.11716742234219515,0.1111111111111111,0.19855349814199777,0.12104790504389046,0.17242388931794925,0.11730362530435065,0.26104785071398967,0.21295236913321328,0.19437772729893385,0.2876641945090201,0.30379248480787546
S1_current,MC,DeconvSC,2024,DeconvSC_current,100,LDK1;LDK2;LDK3,3,242,pooled_centered,cellwise_log1p_cp10k,celltype_specific,average,6,0.0,0.034,0.011427529847171665,0.010971876323324515,0.18483836813898633,0.1544225847460924,0.21511607544328798,0.17647058823529413,0.13774833750530366,0.09378565628696417,0.18716110222453822,0.1623351139514277,0.22770541334024164,0.21789939028839128,0.22241352092637073,0.1501612398717263,0.14652188846267994
S1_current,MC,BaseVAE,2024,DeconvSC_current,100,LDK1;LDK2;LDK3,3,242,pooled_centered,cellwise_log1p_cp10k,celltype_specific,average,6,0.0,0.078,0.05657050256708641,0.05667101811015923,0.728881886407681,0.7277744307772801,0.21257604841635255,0.19429590017825313,0.4438562842040969,0.42450401932562076,0.42019375678717485,0.37510401045142105,0.17765635519352263,0.1790293405359449,0.21218278726347223,0.640412088677535,0.7107049675019406
S1_current,MC,DeconvSC,2025,DeconvSC_current,100,LDK1;LDK2;LDK3,3,242,pooled_centered,cellwise_log1p_cp10k,celltype_specific,average,6,0.0,0.034,0.011349045779829287,0.010713565464613873,0.18571137644870472,0.15535651642959902,0.2197590564607787,0.15966386554621848,0.13568997233416707,0.09277502058244197,0.18951757580029066,0.1642617822320601,0.23463778723855325,0.22423904638897785,0.21838240765054,0.15037592441280548,0.14648266273397512
S1_current,MC,BaseVAE,2025,DeconvSC_current,100,LDK1;LDK2;LDK3,3,242,pooled_centered,cellwise_log1p_cp10k,celltype_specific,average,6,0.0,0.078,0.05677002356248306,0.056541953270361864,0.7303121481034918,0.730008238399258,0.2078581735637563,0.21212121212121213,0.4628281385582516,0.4299568544045418,0.4347794596473748,0.383586692038949,0.16638417022032229,0.1741812036684193,0.20822865679533065,0.6412865015461876,0.713750893914478
S1_current,MC,DeconvSC,2026,DeconvSC_current,100,LDK1;LDK2;LDK3,3,242,pooled_centered,cellwise_log1p_cp10k,celltype_specific,average,6,0.0,0.034,0.01120822987211413,0.011460837314139887,0.18607242306834793,0.15667958008382224,0.22221560726578343,0.19429590017825313,0.1358660295308537,0.09633458262928007,0.19659992720662275,0.17196509091478174,0.22126485237870966,0.215391003088243,0.21360552186960252,0.1517517161096667,0.14736463654960166
S1_current,MC,BaseVAE,2026,DeconvSC_current,100,LDK1;LDK2;LDK3,3,242,pooled_centered,cellwise_log1p_cp10k,celltype_specific,average,6,0.0,0.078,0.05618481662352614,0.055679072011973724,0.7252378672893919,0.7238610074500942,0.21034344966972202,0.21212121212121213,0.43290110720913355,0.4105628108762569,0.4075587351689106,0.3689454745163437,0.1685209594228586,0.17837174300921024,0.21590668318422818,0.6362886906914534,0.7064002448518605
S1_current,MC,DeconvSC,2027,DeconvSC_current,100,LDK1;LDK2;LDK3,3,242,pooled_centered,cellwise_log1p_cp10k,celltype_specific,average,6,0.0,0.034,0.01213932558196558,0.011447341034098696,0.1919177041892857,0.16268764193830285,0.2158072409123973,0.17647058823529413,0.13423389267987304,0.09482321294063525,0.19490244310277585,0.17108594591401852,0.22069134656541603,0.21449339832659098,0.19923207324532757,0.15194294244263432,0.1472056902148779
S1_current,MC,BaseVAE,2027,DeconvSC_current,100,LDK1;LDK2;LDK3,3,242,pooled_centered,cellwise_log1p_cp10k,celltype_specific,average,6,0.0,0.078,0.05590957600722887,0.05617891013709059,0.7218219351139421,0.7207420247677812,0.20893760564488617,0.15966386554621848,0.4160640604152075,0.4006723791431569,0.4019443486875726,0.36062582216124006,0.16680517772105216,0.17575355592673708,0.20167127133080293,0.6340657371400115,0.7041523456740268
S1_current,MC,DeconvSC,2028,DeconvSC_current,100,LDK1;LDK2;LDK3,3,242,pooled_centered,cellwise_log1p_cp10k,celltype_specific,average,6,0.0,0.034,0.011623912781999902,0.011586639428935255,0.18741649970006957,0.15845834958710367,0.22429472472655987,0.17647058823529413,0.138906480826782,0.09914090900624631,0.19098080797145756,0.1664849838800594,0.22278427457151193,0.2168876043721665,0.217782466922669,0.14973826902975187,0.14590016510529003
S1_current,MC,BaseVAE,2028,DeconvSC_current,100,LDK1;LDK2;LDK3,3,242,pooled_centered,cellwise_log1p_cp10k,celltype_specific,average,6,0.0,0.078,0.0558113657240256,0.056157590599815954,0.7238540630025234,0.7219887764921569,0.1971171594196145,0.17647058823529413,0.44628657572668123,0.4141955867514871,0.42545689996650965,0.3763778012056406,0.17191191627503316,0.17589382354086078,0.1995002666374809,0.6392099807353774,0.7103865704913734
S1_current,MC,DeconvSC,2029,DeconvSC_current,100,LDK1;LDK2;LDK3,3,242,pooled_centered,cellwise_log1p_cp10k,celltype_specific,average,6,0.0,0.034,0.011621586834065611,0.01098966705281946,0.18671070690625835,0.15520160153983645,0.21101024548446345,0.15966386554621848,0.13844543217609495,0.09436924339846803,0.19744846896092985,0.17610109709330624,0.22620668161331434,0.21423529198316174,0.20584984537574041,0.15096970740122667,0.14791940485819335
S1_current,MC,BaseVAE,2029,DeconvSC_current,100,LDK1;LDK2;LDK3,3,242,pooled_centered,cellwise_log1p_cp10k,celltype_specific,average,6,0.0,0.078,0.05740925317915493,0.05719859797560932,0.734760833050636,0.7343486938198925,0.20311864813457567,0.21212121212121213,0.46367622024158867,0.43144819025391346,0.4210927103911245,0.3802733777071102,0.17890991860824,0.17996571413819515,0.19501868922888294,0.6399633211926484,0.7107845463320001
S1_current,MC,DeconvSC,2030,DeconvSC_current,100,LDK1;LDK2;LDK3,3,242,pooled_centered,cellwise_log1p_cp10k,celltype_specific,average,6,0.0,0.034,0.011449492999622578,0.011161353362452688,0.18721119903996875,0.15607326121415496,0.22001146469866442,0.15966386554621848,0.13924334904886815,0.09752989266268136,0.19826599263356148,0.1728773924876046,0.21164586092246496,0.20697469307741317,0.18899003764387448,0.15177571488040695,0.14687071921549877
S1_current,MC,BaseVAE,2030,DeconvSC_current,100,LDK1;LDK2;LDK3,3,242,pooled_centered,cellwise_log1p_cp10k,celltype_specific,average,6,0.0,0.078,0.056125326102715124,0.05608597402709663,0.7222338144684416,0.721712383504768,0.20072495266582607,0.15966386554621848,0.4190435447386621,0.4002955074152744,0.4067786723459159,0.3617437000642248,0.15047558106014372,0.1609235980091325,0.17845713617950065,0.6329574072670698,0.705226514783341
S1_current,MC,DeconvSC,2031,DeconvSC_current,100,LDK1;LDK2;LDK3,3,242,pooled_centered,cellwise_log1p_cp10k,celltype_specific,average,6,0.0,0.034,0.011655441780136973,0.011011524369071275,0.187735532827312,0.1585472597527703,0.20966500569031069,0.17647058823529413,0.13762149245521643,0.09696922338134834,0.18499920502258715,0.16152829518675055,0.22732999133885617,0.2173754829484248,0.21016222341568963,0.15119629733510712,0.14765158104231169
S1_current,MC,BaseVAE,2031,DeconvSC_current,100,LDK1;LDK2;LDK3,3,242,pooled_centered,cellwise_log1p_cp10k,celltype_specific,average,6,0.0,0.078,0.05743602412730935,0.05731192152455058,0.7351303081806789,0.7343776746944908,0.20510988081236411,0.21323529411764708,0.42451401521492976,0.40403748286204033,0.40591867087191064,0.36311535699332853,0.17008599671214003,0.17297177094397675,0.1997477165780662,0.6408624602276866,0.7113848819317422
S1_current,MC,DeconvSC,2032,DeconvSC_current,100,LDK1;LDK2;LDK3,3,242,pooled_centered,cellwise_log1p_cp10k,celltype_specific,average,6,0.0,0.034,0.010977701083996178,0.010610853466041351,0.18055652996868166,0.15188791939316681,0.21471004287701198,0.17748917748917747,0.14116284309967028,0.09753865774595866,0.1832656863145968,0.1577093497221163,0.23938057817214234,0.22314871504072425,0.23075459287785985,0.14815495386584093,0.14419099814051273
S1_current,MC,BaseVAE,2032,DeconvSC_current,100,LDK1;LDK2;LDK3,3,242,pooled_centered,cellwise_log1p_cp10k,celltype_specific,average,6,0.0,0.078,0.05668458041939945,0.056415048350026954,0.7289340662531941,0.7300853203378254,0.2102636637950213,0.19429590017825313,0.45234613076628855,0.4246234189854798,0.42744407938915824,0.377347749472014,0.19495338811894286,0.1932405074007968,0.22580362934205772,0.6395662931449919,0.7113615152676882
S1_current,MC,DeconvSC,2033,DeconvSC_current,100,LDK1;LDK2;LDK3,3,242,pooled_centered,cellwise_log1p_cp10k,celltype_specific,average,6,0.0,0.034,0.010976182765198171,0.010832129388283259,0.18265922849857,0.15424398316591495,0.22146981503542112,0.17647058823529413,0.13922794952299425,0.09580252460835528,0.18598212247941512,0.16119688620197203,0.23640486605131297,0.22245913626564406,0.21474516403680516,0.14984172129658893,0.1469287593932665
S1_current,MC,BaseVAE,2033,DeconvSC_current,100,LDK1;LDK2;LDK3,3,242,pooled_centered,cellwise_log1p_cp10k,celltype_specific,average,6,0.0,0.078,0.057102971748204945,0.05690122026638828,0.7344914247650007,0.7348738219544796,0.20410058574734152,0.17647058823529413,0.4774712030167227,0.4412837051233046,0.43767036797017017,0.3826821735706001,0.180142594642831,0.17870146546968532,0.2143531756438203,0.6442978463005921,0.7158767051040963
S1_current,PT,DeconvSC,2024,DeconvSC_current,100,LDK1;LDK2;LDK3,3,600,pooled_centered,cellwise_log1p_cp10k,celltype_specific,average,4,0.0,0.002,0.0036716586888711194,0.003261183190283107,0.14026111106154696,0.11367836499019286,0.0690074553232448,0.06685633001422475,0.06454625240576695,0.05783910049520634,0.1748997449314875,0.1599095498586366,0.1564123009172476,0.13987135296119718,0.13906086650716773,0.08802859221501373,0.08332258435009643
S1_current,PT,BaseVAE,2024,DeconvSC_current,100,LDK1;LDK2;LDK3,3,600,pooled_centered,cellwise_log1p_cp10k,celltype_specific,average,4,0.0,0.01,0.01747527898084807,0.017952806144175097,0.6513774842338683,0.606787029829053,0.05069419911525174,0.05263157894736842,0.41930898928975213,0.3914517154128623,0.6001175555746221,0.5698352951932464,0.14341870778251736,0.143036503450492,0.16965592283822772,0.6933328451390462,0.752030109916469
S1_current,PT,DeconvSC,2025,DeconvSC_current,100,LDK1;LDK2;LDK3,3,600,pooled_centered,cellwise_log1p_cp10k,celltype_specific,average,4,0.0,0.002,0.0036147560630894015,0.0031770311496603747,0.139960931580291,0.11338037852541336,0.06588805796236136,0.05263157894736842,0.0579291953471685,0.05286379258178417,0.16735272725399966,0.15386300251244095,0.15745671305017586,0.13876376514284744,0.13171199127226796,0.09477078671478902,0.0909126105667746
S1_current,PT,BaseVAE,2025,DeconvSC_current,100,LDK1;LDK2;LDK3,3,600,pooled_centered,cellwise_log1p_cp10k,celltype_specific,average,4,0.0,0.01,0.017673168182300556,0.01793718234675106,0.6547261256860912,0.6107723692000517,0.054273521641942685,0.05263157894736842,0.4571281493354614,0.42174668082832545,0.6477565604847685,0.6264686338392618,0.17753000636348665,0.1666734529678942,0.20337333934940388,0.6907240596797698,0.7461365639741048
S1_current,PT,DeconvSC,2026,DeconvSC_current,100,LDK1;LDK2;LDK3,3,600,pooled_centered,cellwise_log1p_cp10k,celltype_specific,average,4,0.0,0.004,0.0037032295255645443,0.0031035098022516305,0.142875970074417,0.1157910130339529,0.07589218909652345,0.08108108108108109,0.06411957708762822,0.057863288037767274,0.18317004424635971,0.17037974072311135,0.17007909877442276,0.15418749581922622,0.15771713817967253,0.09446962916012981,0.09037352318403058
S1_current,PT,BaseVAE,2026,DeconvSC_current,100,LDK1;LDK2;LDK3,3,600,pooled_centered,cellwise_log1p_cp10k,celltype_specific,average,4,0.0,0.01,0.017030134037263528,0.01757400211971112,0.6338014636097528,0.582926310561733,0.048306711093088796,0.05263157894736842,0.4808371626311916,0.4604391486613191,0.6312425653547967,0.6084886693912068,0.1736503801775895,0.16386875703668238,0.20107856080390868,0.6593729671110412,0.7176824843042131
S1_current,PT,DeconvSC,2027,DeconvSC_current,100,LDK1;LDK2;LDK3,3,600,pooled_centered,cellwise_log1p_cp10k,celltype_specific,average,4,0.0,0.004,0.003582314051538856,0.0032127538980785087,0.13647439621030685,0.10812039534621977,0.06643164921802694,0.05263157894736842,0.05975462992531333,0.05341504617899483,0.18158747132084385,0.16700491353380376,0.148663025445503,0.1351469528412509,0.13096606874627836,0.08777329860217876,0.08279023879030598
S1_current,PT,BaseVAE,2027,DeconvSC_current,100,LDK1;LDK2;LDK3,3,600,pooled_centered,cellwise_log1p_cp10k,celltype_specific,average,4,0.0,0.01,0.017438093514753707,0.017837420587517937,0.6466392213408435,0.5989062126453207,0.05768136381139476,0.05263157894736842,0.42232122744166684,0.394437718504966,0.6400116009276,0.6152950500085437,0.14018096084484738,0.13951653105476605,0.16774581433769015,0.679913818687902,0.7401951679852953
S1_current,PT,DeconvSC,2028,DeconvSC_current,100,LDK1;LDK2;LDK3,3,600,pooled_centered,cellwise_log1p_cp10k,celltype_specific,average,4,0.0,0.004,0.0037542446707760214,0.0032254203458475243,0.1404062449085227,0.11279289382880706,0.05432354274459537,0.05263157894736842,0.06459832242763132,0.05775717504947915,0.170486905698868,0.15856627523492678,0.15651343090876435,0.13876264379592385,0.13932874384752011,0.09069028026183222,0.08752791811651237
S1_current,PT,BaseVAE,2028,DeconvSC_current,100,LDK1;LDK2;LDK3,3,600,pooled_centered,cellwise_log1p_cp10k,celltype_specific,average,4,0.0,0.01,0.017229080254284504,0.017776753307832467,0.6457025170065186,0.5991171388383307,0.05227727506365277,0.05263157894736842,0.4284962245066789,0.39417857118007904,0.6329950656999432,0.607251904135078,0.14738453332776186,0.14336719495661143,0.17426401318124168,0.6852552407072854,0.74414608394874
S1_current,PT,DeconvSC,2029,DeconvSC_current,100,LDK1;LDK2;LDK3,3,600,pooled_centered,cellwise_log1p_cp10k,celltype_specific,average,4,0.0,0.002,0.0036058389581428455,0.00317284113373617,0.139632333818544,0.11287109877228096,0.056915166388850594,0.05263157894736842,0.07387590934393572,0.06670579633068693,0.1899134321100721,0.17703906304996414,0.1332578784624394,0.12122123909651426,0.1153859979432742,0.09121677781706895,0.08703300137757829
S1_current,PT,BaseVAE,2029,DeconvSC_current,100,LDK1;LDK2;LDK3,3,600,pooled_centered,cellwise_log1p_cp10k,celltype_specific,average,4,0.0,0.01,0.01741910532749206,0.01788080537343408,0.6497660693111101,0.6023099822788766,0.04709674393884919,0.05263157894736842,0.4292226318650252,0.38754649230639987,0.6150094735367431,0.5809753727219381,0.13904313008269906,0.13881732114092463,0.16544381999034288,0.6872217533746341,0.7474733460865928
S1_current,PT,DeconvSC,2030,DeconvSC_current,100,LDK1;LDK2;LDK3,3,600,pooled_centered,cellwise_log1p_cp10k,celltype_specific,average,4,0.0,0.002,0.0036068229902278736,0.003130121505856144,0.1378824915631253,0.11181136290102332,0.06823926155195506,0.05263157894736842,0.059608149045068295,0.05292154737190731,0.17334809993041433,0.16175517075619064,0.15697853457849753,0.1433099052521326,0.14491966371616455,0.09255772307287789,0.08876379972039561
S1_current,PT,BaseVAE,2030,DeconvSC_current,100,LDK1;LDK2;LDK3,3,600,pooled_centered,cellwise_log1p_cp10k,celltype_specific,average,4,0.0,0.01,0.017084773414237326,0.017573291424019408,0.6352094183563588,0.5865955689803093,0.04862031283083914,0.02564102564102564,0.37161382290086986,0.3320754672146443,0.5927092758890786,0.5512544367224219,0.20897870284049455,0.19102107476035393,0.2397295521877061,0.6629918564446823,0.7219663188342603
S1_current,PT,DeconvSC,2031,DeconvSC_current,100,LDK1;LDK2;LDK3,3,600,pooled_centered,cellwise_log1p_cp10k,celltype_specific,average,4,0.0,0.004,0.0036375041534109235,0.0031352910047719217,0.14169887500701775,0.1144281562675658,0.05630118261697209,0.05263157894736842,0.061906997121496124,0.056512183797463186,0.18938639904807578,0.1768385272424745,0.14828548738681827,0.1358533948366179,0.13496072382246121,0.09297768616139325,0.09003137992433936
S1_current,PT,BaseVAE,2031,DeconvSC_current,100,LDK1;LDK2;LDK3,3,600,pooled_centered,cellwise_log1p_cp10k,celltype_specific,average,4,0.0,0.01,0.017590419619892,0.01802922080403141,0.6499855100640073,0.6029534821880336,0.04341908131381816,0.05263157894736842,0.430673973846945,0.3952016582685053,0.5893798107489551,0.5597770446229393,0.17914184472519404,0.17536907319181744,0.20985068716246483,0.6825689195286305,0.7418071786240413
S1_current,PT,DeconvSC,2032,DeconvSC_current,100,LDK1;LDK2;LDK3,3,600,pooled_centered,cellwise_log1p_cp10k,celltype_specific,average,4,0.0,0.004,0.0036209119099233004,0.003141311000489856,0.1391631651418946,0.11279731601830799,0.05795170532012637,0.05263157894736842,0.06556576292656986,0.059552513788040856,0.17400520237387956,0.15867338016436297,0.14679346755244793,0.13372649715898752,0.1299295372440213,0.08814715707761975,0.08473686700615929
S1_current,PT,BaseVAE,2032,DeconvSC_current,100,LDK1;LDK2;LDK3,3,600,pooled_centered,cellwise_log1p_cp10k,celltype_specific,average,4,0.0,0.01,0.017556005794475613,0.01794998076882041,0.6539409985303374,0.6075992871943672,0.05190604540449742,0.05263157894736842,0.46044712439014723,0.43421111193202255,0.6749817163508688,0.654479210083434,0.14432241730890616,0.14587847288785233,0.16945455041326069,0.6964210688647561,0.7568136192857218
S1_current,PT,DeconvSC,2033,DeconvSC_current,100,LDK1;LDK2;LDK3,3,600,pooled_centered,cellwise_log1p_cp10k,celltype_specific,average,4,0.0,0.004,0.0034937710211587264,0.0031479154898304837,0.1365082569349349,0.1102801318312518,0.052186391133759565,0.05263157894736842,0.06268757556286222,0.05770278661245218,0.16997141952419256,0.15706105024344758,0.14199282101114938,0.12624273426706925,0.11833900993640938,0.09060076712886252,0.08734713499621186
S1_current,PT,BaseVAE,2033,DeconvSC_current,100,LDK1;LDK2;LDK3,3,600,pooled_centered,cellwise_log1p_cp10k,celltype_specific,average,4,0.0,0.01,0.017375030411136208,0.017936936627138425,0.6458963860961855,0.5964520825098358,0.051295917425948384,0.05263157894736842,0.43950496226132874,0.41465316409338604,0.6396963318725152,0.6166736474907502,0.15301010618703842,0.1476901115110736,0.17923299384796348,0.6768856111517978,0.7349641915379843
S1_current,aLOH,DeconvSC,2024,DeconvSC_current,100,LDK1;LDK2;LDK3,3,600,pooled_centered,cellwise_log1p_cp10k,celltype_specific,average,4,0.0,0.0,0.01128588391278299,0.009264952560975698,0.1851101460644118,0.16125678216124206,0.10414395834050282,0.08108108108108109,0.07122237741545857,0.06000971440933482,0.12079881330780363,0.10843777930444619,0.27852015893801063,0.2641766995801779,0.27831937655977534,0.13160467028643832,0.12442754182381657
S1_current,aLOH,BaseVAE,2024,DeconvSC_current,100,LDK1;LDK2;LDK3,3,600,pooled_centered,cellwise_log1p_cp10k,celltype_specific,average,4,0.0,0.008,0.05060520110681692,0.03786947980691721,0.7328828812242536,0.7380148341785475,0.14428573767478017,0.1111111111111111,0.9489884923606127,1.1104679774094417,0.9179439725999696,1.064533700872138,0.19400234061283353,0.18453439867012997,0.23019829983669843,0.7564178268397665,0.7955070631156786
S1_current,aLOH,DeconvSC,2025,DeconvSC_current,100,LDK1;LDK2;LDK3,3,600,pooled_centered,cellwise_log1p_cp10k,celltype_specific,average,4,0.0,0.0,0.011596631224801156,0.009217106827746414,0.18694252665261854,0.1610270616049102,0.11203512536329872,0.1111111111111111,0.06503222183202227,0.05528419160920908,0.1028134575511916,0.09102328317004013,0.31191621977948836,0.2848081544464779,0.3098188070120402,0.13025618542645834,0.12440720290448593
S1_current,aLOH,BaseVAE,2025,DeconvSC_current,100,LDK1;LDK2;LDK3,3,600,pooled_centered,cellwise_log1p_cp10k,celltype_specific,average,4,0.0,0.008,0.0510179537928461,0.03832512771126551,0.7360358100775792,0.74211880917206,0.12085004602032466,0.14285714285714285,0.8822307306811303,1.0411131360203125,0.958971332536713,1.1129114035118657,0.2379386345043802,0.21513263783343728,0.2643348570223465,0.7570103092144576,0.7950752316413976
S1_current,aLOH,DeconvSC,2026,DeconvSC_current,100,LDK1;LDK2;LDK3,3,600,pooled_centered,cellwise_log1p_cp10k,celltype_specific,average,4,0.0,0.0,0.010359000513326017,0.008721797937051884,0.17468904793627513,0.15353540894599882,0.10349958407233949,0.1111111111111111,0.05965284238402713,0.04952425749156142,0.10513694826459123,0.0920269132472896,0.28843986503942654,0.2727605460926755,0.28858111954927845,0.12985135937838982,0.1239052306409604
S1_current,aLOH,BaseVAE,2026,DeconvSC_current,100,LDK1;LDK2;LDK3,3,600,pooled_centered,cellwise_log1p_cp10k,celltype_specific,average,4,0.0,0.008,0.050520292655556694,0.0372222988585907,0.7341686227673547,0.7400295625084914,0.11933808658416666,0.1111111111111111,0.9809698072979617,1.1401346546429352,0.9287947952176707,1.0759047593607503,0.21264559104752087,0.19816644587203586,0.23954715260861498,0.7640754709530195,0.8045367548014342
S1_current,aLOH,DeconvSC,2027,DeconvSC_current,100,LDK1;LDK2;LDK3,3,600,pooled_centered,cellwise_log1p_cp10k,celltype_specific,average,4,0.0,0.0,0.011580991134140324,0.00882614838551649,0.1899066999539505,0.1670885130125016,0.12476947833134791,0.1111111111111111,0.06304339560678261,0.05248371408963938,0.10573438658251871,0.09196236418218343,0.2895198104325704,0.27529804390749846,0.29979518940314376,0.13381891321812497,0.12804748049304576
S1_current,aLOH,BaseVAE,2027,DeconvSC_current,100,LDK1;LDK2;LDK3,3,600,pooled_centered,cellwise_log1p_cp10k,celltype_specific,average,4,0.0,0.008,0.05114893708295913,0.038750066868564345,0.743776013382625,0.7494756274091007,0.11840017423908365,0.1111111111111111,0.9137433949063273,1.0752902423765227,0.9427570495830717,1.0906396549151447,0.1839088303304411,0.17339869991205592,0.21394298178745225,0.7695962322358542,0.8125050910402831
S1_current,aLOH,DeconvSC,2028,DeconvSC_current,100,LDK1;LDK2;LDK3,3,600,pooled_centered,cellwise_log1p_cp10k,celltype_specific,average,4,0.0,0.0,0.011672360237682634,0.010018638205532374,0.18846446829335184,0.16501458005284822,0.13007300551637738,0.14285714285714285,0.06218158640654871,0.05331813990190186,0.10680707604014424,0.09391216645381584,0.2871394854555285,0.27609833007687073,0.3021265979848631,0.1326944455877246,0.12763298226533273
S1_current,aLOH,BaseVAE,2028,DeconvSC_current,100,LDK1;LDK2;LDK3,3,600,pooled_centered,cellwise_log1p_cp10k,celltype_specific,average,4,0.0,0.008,0.05096192617243638,0.03777050344520307,0.7378714985626511,0.74262922173985,0.14436421164424756,0.14285714285714285,0.8847220343740518,1.048266161236327,0.9579860823347268,1.116010887050455,0.1899130121064461,0.18316522361621568,0.23210375652325196,0.7627008105938692,0.801972820929028
S1_current,aLOH,DeconvSC,2029,DeconvSC_current,100,LDK1;LDK2;LDK3,3,600,pooled_centered,cellwise_log1p_cp10k,celltype_specific,average,4,0.0,0.0,0.011054146708816966,0.008960278923250074,0.182953576187398,0.15921209606156717,0.11992057933534013,0.0960960960960961,0.06471113446370745,0.05357865491794092,0.10537749551407875,0.09236456560342868,0.28339816851863336,0.2680264653335269,0.2888920371124646,0.13079320731528923,0.12576244779692558
S1_current,aLOH,BaseVAE,2029,DeconvSC_current,100,LDK1;LDK2;LDK3,3,600,pooled_centered,cellwise_log1p_cp10k,celltype_specific,average,4,0.0,0.008,0.05083207360244226,0.037323351213434525,0.7361017819709279,0.7412652012593021,0.138341692730935,0.12698412698412698,0.9848161743337555,1.149161254047522,0.952918116993047,1.1045052017825663,0.21760076994849858,0.20535552082628994,0.2586255468036155,0.7645401993028947,0.8049961094746967
S1_current,aLOH,DeconvSC,2030,DeconvSC_current,100,LDK1;LDK2;LDK3,3,600,pooled_centered,cellwise_log1p_cp10k,celltype_specific,average,4,0.0,0.0,0.012204034061154053,0.01048887183601039,0.19246917068060124,0.16760633691915905,0.11030063369072655,0.1111111111111111,0.060785403959641014,0.050952862983129885,0.10286869524613698,0.08815917233792564,0.28125581386133475,0.26593947052357736,0.2821965976566734,0.13381127726500533,0.12844643366199068
S1_current,aLOH,BaseVAE,2030,DeconvSC_current,100,LDK1;LDK2;LDK3,3,600,pooled_centered,cellwise_log1p_cp10k,celltype_specific,average,4,0.0,0.008,0.0509002060812243,0.03789509792586649,0.739155322106262,0.7454115359627357,0.127099321874063,0.14285714285714285,0.9783648228024956,1.149617977443413,0.9575845749758791,1.1100190086203945,0.1921041355244313,0.18036859031859404,0.2212868714793841,0.7664688287571986,0.8075394770036746
S1_current,aLOH,DeconvSC,2031,DeconvSC_current,100,LDK1;LDK2;LDK3,3,600,pooled_centered,cellwise_log1p_cp10k,celltype_specific,average,4,0.0,0.0,0.011094312129381152,0.008648753805406053,0.18292968887059924,0.15939842734655907,0.11889404388305815,0.1111111111111111,0.06296657052003775,0.0527096505971881,0.10863022254790741,0.09498852342072878,0.3019054155333718,0.2823972003091669,0.307939844806435,0.129878163578106,0.1231729573303188
S1_current,aLOH,BaseVAE,2031,DeconvSC_current,100,LDK1;LDK2;LDK3,3,600,pooled_centered,cellwise_log1p_cp10k,celltype_specific,average,4,0.0,0.008,0.050941063077389354,0.038114131453978614,0.7407845358133648,0.7461919885225483,0.15533741616928298,0.15966386554621848,0.970217353738116,1.1452065088142973,0.9418736069694479,1.0947279623835426,0.21872108969419293,0.2029578735271097,0.2554680986574607,0.7675997227749124,0.8073550557825373
S1_current,aLOH,DeconvSC,2032,DeconvSC_current,100,LDK1;LDK2;LDK3,3,600,pooled_centered,cellwise_log1p_cp10k,celltype_specific,average,4,0.0,0.0,0.012136923107188663,0.00976427378004206,0.19134001617810836,0.16796404683127264,0.12579991367212806,0.14285714285714285,0.05693295543651146,0.04713563885296625,0.10779340391180718,0.09633221411539994,0.3173440090424616,0.29061861994749927,0.31430452963694144,0.12910007027980708,0.1239306216295088
S1_current,aLOH,BaseVAE,2032,DeconvSC_current,100,LDK1;LDK2;LDK3,3,600,pooled_centered,cellwise_log1p_cp10k,celltype_specific,average,4,0.0,0.008,0.05147414997486498,0.03867882407990886,0.7410924380525077,0.7470226679331611,0.13014629335906502,0.14285714285714285,0.9611571752332375,1.1285399555215005,0.9373546348506431,1.0863866636762354,0.22282111480555697,0.20623252663543234,0.26121015017281246,0.7598272655117346,0.7989686455792574
S1_current,aLOH,DeconvSC,2033,DeconvSC_current,100,LDK1;LDK2;LDK3,3,600,pooled_centered,cellwise_log1p_cp10k,celltype_specific,average,4,0.0,0.0,0.011526207965600421,0.009030748929598681,0.1866991638841211,0.16188713200447927,0.11635648971861894,0.1111111111111111,0.05359705116482904,0.044591287393814336,0.09452469091511144,0.08127588321037262,0.2851629290556098,0.2723838512822349,0.2921708389065306,0.1298930495634382,0.1246711627256481
S1_current,aLOH,BaseVAE,2033,DeconvSC_current,100,LDK1;LDK2;LDK3,3,600,pooled_centered,cellwise_log1p_cp10k,celltype_specific,average,4,0.0,0.008,0.051041996485508036,0.03831804360029786,0.7393224752864402,0.743329231629064,0.13406596211539437,0.1111111111111111,0.9937117654870338,1.162274243466509,0.9517713492548803,1.1116821013039275,0.1984309010684001,0.18561363535406178,0.23692293663956254,0.7636687096385567,0.8036574043629335
S2a_threshold50,CD_IC,DeconvSC,2024,DeconvSC,50,LDK1;LDK2;LDK3,3,63,pooled_centered,cellwise_log1p_cp10k,celltype_specific,average,7,0.0,0.02,0.019803066261412754,0.02014179036430925,0.19082796760571083,0.16085970337829286,,,,,,,,,,,
S2a_threshold50,CD_IC,BaseVAE,2024,DeconvSC,50,LDK1;LDK2;LDK3,3,63,pooled_centered,cellwise_log1p_cp10k,celltype_specific,average,7,0.0,0.02,0.03773917807472376,0.038212679525544184,0.3691096146913395,0.33167259563936513,,,,,,,,,,,
S2a_threshold50,CD_IC,DeconvSC,2025,DeconvSC,50,LDK1;LDK2;LDK3,3,63,pooled_centered,cellwise_log1p_cp10k,celltype_specific,average,7,0.0,0.02,0.02182358552558022,0.026561379213206525,0.20382643457684407,0.17321691964530772,,,,,,,,,,,
S2a_threshold50,CD_IC,BaseVAE,2025,DeconvSC,50,LDK1;LDK2;LDK3,3,63,pooled_centered,cellwise_log1p_cp10k,celltype_specific,average,7,0.0,0.02,0.038399038151775776,0.04341433989617718,0.37698328845188955,0.3355316722232996,,,,,,,,,,,
S2a_threshold50,CD_IC,DeconvSC,2026,DeconvSC,50,LDK1;LDK2;LDK3,3,63,pooled_centered,cellwise_log1p_cp10k,celltype_specific,average,7,0.0,0.02,0.020266414175754806,0.025075294720456928,0.19177209484644145,0.1639808681778698,,,,,,,,,,,
S2a_threshold50,CD_IC,BaseVAE,2026,DeconvSC,50,LDK1;LDK2;LDK3,3,63,pooled_centered,cellwise_log1p_cp10k,celltype_specific,average,7,0.0,0.02,0.036169454717546054,0.042728177693394376,0.358879363837509,0.31453428436148023,,,,,,,,,,,
S2a_threshold50,CD_IC,DeconvSC,2027,DeconvSC,50,LDK1;LDK2;LDK3,3,63,pooled_centered,cellwise_log1p_cp10k,celltype_specific,average,7,0.0,0.02,0.02004187083583057,0.025917946817763864,0.19005293584327781,0.164300922127299,,,,,,,,,,,
S2a_threshold50,CD_IC,BaseVAE,2027,DeconvSC,50,LDK1;LDK2;LDK3,3,63,pooled_centered,cellwise_log1p_cp10k,celltype_specific,average,7,0.0,0.02,0.037628910264897564,0.048209845113252214,0.36981389424719857,0.328857731313302,,,,,,,,,,,
S2a_threshold50,CD_IC,DeconvSC,2028,DeconvSC,50,LDK1;LDK2;LDK3,3,63,pooled_centered,cellwise_log1p_cp10k,celltype_specific,average,7,0.0,0.02,0.021848122258197825,0.023176950004936202,0.20607674614970475,0.18320451328367712,,,,,,,,,,,
S2a_threshold50,CD_IC,BaseVAE,2028,DeconvSC,50,LDK1;LDK2;LDK3,3,63,pooled_centered,cellwise_log1p_cp10k,celltype_specific,average,7,0.0,0.02,0.03540700598819473,0.04140678909627798,0.35410401667881825,0.307569411437183,,,,,,,,,,,
S2a_threshold50,CD_IC,DeconvSC,2029,DeconvSC,50,LDK1;LDK2;LDK3,3,63,pooled_centered,cellwise_log1p_cp10k,celltype_specific,average,7,0.0,0.02,0.021785503553865656,0.02499797843692148,0.2040223879662084,0.17852100020252573,,,,,,,,,,,
S2a_threshold50,CD_IC,BaseVAE,2029,DeconvSC,50,LDK1;LDK2;LDK3,3,63,pooled_centered,cellwise_log1p_cp10k,celltype_specific,average,7,0.0,0.02,0.041883123386660746,0.049861179994709265,0.3989053106107338,0.35390088500496625,,,,,,,,,,,
S2a_threshold50,CD_IC,DeconvSC,2030,DeconvSC,50,LDK1;LDK2;LDK3,3,63,pooled_centered,cellwise_log1p_cp10k,celltype_specific,average,7,0.0,0.02,0.02182541997193649,0.026742909300513068,0.20716071913965087,0.1731909058932815,,,,,,,,,,,
S2a_threshold50,CD_IC,BaseVAE,2030,DeconvSC,50,LDK1;LDK2;LDK3,3,63,pooled_centered,cellwise_log1p_cp10k,celltype_specific,average,7,0.0,0.02,0.03948765383657822,0.04531726172217964,0.3790680954319381,0.3343119489620504,,,,,,,,,,,
S2a_threshold50,CD_IC,DeconvSC,2031,DeconvSC,50,LDK1;LDK2;LDK3,3,63,pooled_centered,cellwise_log1p_cp10k,celltype_specific,average,7,0.0,0.02,0.017788428094598154,0.0204628956098549,0.1788346614318773,0.15458146071217518,,,,,,,,,,,
S2a_threshold50,CD_IC,BaseVAE,2031,DeconvSC,50,LDK1;LDK2;LDK3,3,63,pooled_centered,cellwise_log1p_cp10k,celltype_specific,average,7,0.0,0.02,0.0345115843622586,0.04262516786579185,0.3514493117957271,0.31140786486965116,,,,,,,,,,,
S2a_threshold50,CD_IC,DeconvSC,2032,DeconvSC,50,LDK1;LDK2;LDK3,3,63,pooled_centered,cellwise_log1p_cp10k,celltype_specific,average,7,0.0,0.02,0.021524335854002322,0.025637411466543095,0.20087890043112896,0.17136081616354018,,,,,,,,,,,
S2a_threshold50,CD_IC,BaseVAE,2032,DeconvSC,50,LDK1;LDK2;LDK3,3,63,pooled_centered,cellwise_log1p_cp10k,celltype_specific,average,7,0.0,0.02,0.04025862381881863,0.05105963408445294,0.38583554242310164,0.3444631900842366,,,,,,,,,,,
S2a_threshold50,CD_IC,DeconvSC,2033,DeconvSC,50,LDK1;LDK2;LDK3,3,63,pooled_centered,cellwise_log1p_cp10k,celltype_specific,average,7,0.0,0.02,0.02144323563527695,0.02611473694820421,0.19974950313279574,0.1726298405546239,,,,,,,,,,,
S2a_threshold50,CD_IC,BaseVAE,2033,DeconvSC,50,LDK1;LDK2;LDK3,3,63,pooled_centered,cellwise_log1p_cp10k,celltype_specific,average,7,0.0,0.02,0.03292293395367595,0.03908623155328491,0.33580943233632377,0.29361991004552535,,,,,,,,,,,
S2a_threshold50,CD_PC,DeconvSC,2024,DeconvSC,50,LDK1;LDK2;LDK3,3,358,pooled_centered,cellwise_log1p_cp10k,celltype_specific,average,4,0.0,0.024,0.011827532108664784,0.004730653230893724,0.28627905632476436,0.2452950983330601,,,,,,,,,,,
S2a_threshold50,CD_PC,BaseVAE,2024,DeconvSC,50,LDK1;LDK2;LDK3,3,358,pooled_centered,cellwise_log1p_cp10k,celltype_specific,average,4,0.0,0.02,0.029486357932616787,0.015256539061776549,0.728221779929819,0.7021978573508921,,,,,,,,,,,
S2a_threshold50,CD_PC,DeconvSC,2025,DeconvSC,50,LDK1;LDK2;LDK3,3,358,pooled_centered,cellwise_log1p_cp10k,celltype_specific,average,4,0.0,0.024,0.01201257845962891,0.004831178251010376,0.2901312155389339,0.24855312198255958,,,,,,,,,,,
S2a_threshold50,CD_PC,BaseVAE,2025,DeconvSC,50,LDK1;LDK2;LDK3,3,358,pooled_centered,cellwise_log1p_cp10k,celltype_specific,average,4,0.0,0.02,0.0296194957272153,0.01530365307845793,0.7330008670098606,0.707040012036188,,,,,,,,,,,
S2a_threshold50,CD_PC,DeconvSC,2026,DeconvSC,50,LDK1;LDK2;LDK3,3,358,pooled_centered,cellwise_log1p_cp10k,celltype_specific,average,4,0.0,0.024,0.011868686904430891,0.004681480179999074,0.2842377753472418,0.2444892077819339,,,,,,,,,,,
S2a_threshold50,CD_PC,BaseVAE,2026,DeconvSC,50,LDK1;LDK2;LDK3,3,358,pooled_centered,cellwise_log1p_cp10k,celltype_specific,average,4,0.0,0.02,0.029628269608274516,0.0155242527477197,0.7331005422218347,0.7093258551002695,,,,,,,,,,,
S2a_threshold50,CD_PC,DeconvSC,2027,DeconvSC,50,LDK1;LDK2;LDK3,3,358,pooled_centered,cellwise_log1p_cp10k,celltype_specific,average,4,0.0,0.024,0.011798378051426044,0.004779747070733719,0.2858332101792382,0.24727592406013538,,,,,,,,,,,
S2a_threshold50,CD_PC,BaseVAE,2027,DeconvSC,50,LDK1;LDK2;LDK3,3,358,pooled_centered,cellwise_log1p_cp10k,celltype_specific,average,4,0.0,0.02,0.030304452953640607,0.015519353440164427,0.739406136123356,0.7156213669539625,,,,,,,,,,,
S2a_threshold50,CD_PC,DeconvSC,2028,DeconvSC,50,LDK1;LDK2;LDK3,3,358,pooled_centered,cellwise_log1p_cp10k,celltype_specific,average,4,0.0,0.024,0.011801712653584292,0.0047058570781509,0.2883717024370016,0.24762802890333666,,,,,,,,,,,
S2a_threshold50,CD_PC,BaseVAE,2028,DeconvSC,50,LDK1;LDK2;LDK3,3,358,pooled_centered,cellwise_log1p_cp10k,celltype_specific,average,4,0.0,0.02,0.030118091883731234,0.015435813910134887,0.7394285627280823,0.7168551054520103,,,,,,,,,,,
S2a_threshold50,CD_PC,DeconvSC,2029,DeconvSC,50,LDK1;LDK2;LDK3,3,358,pooled_centered,cellwise_log1p_cp10k,celltype_specific,average,4,0.0,0.024,0.01165662945998068,0.004669211886882359,0.2838954256128319,0.24585044263309883,,,,,,,,,,,
S2a_threshold50,CD_PC,BaseVAE,2029,DeconvSC,50,LDK1;LDK2;LDK3,3,358,pooled_centered,cellwise_log1p_cp10k,celltype_specific,average,4,0.0,0.02,0.030183829492191876,0.015485594988657175,0.7406416927603627,0.7178315908025386,,,,,,,,,,,
S2a_threshold50,CD_PC,DeconvSC,2030,DeconvSC,50,LDK1;LDK2;LDK3,3,358,pooled_centered,cellwise_log1p_cp10k,celltype_specific,average,4,0.0,0.024,0.011789968349079328,0.00473462527576664,0.2822145130367206,0.24323174414733645,,,,,,,,,,,
S2a_threshold50,CD_PC,BaseVAE,2030,DeconvSC,50,LDK1;LDK2;LDK3,3,358,pooled_centered,cellwise_log1p_cp10k,celltype_specific,average,4,0.0,0.02,0.029724776317223926,0.015349246037502132,0.729310673999838,0.703221360054865,,,,,,,,,,,
S2a_threshold50,CD_PC,DeconvSC,2031,DeconvSC,50,LDK1;LDK2;LDK3,3,358,pooled_centered,cellwise_log1p_cp10k,celltype_specific,average,4,0.0,0.024,0.011542892331309425,0.00463530621081093,0.2818546987716083,0.2414191137306022,,,,,,,,,,,
S2a_threshold50,CD_PC,BaseVAE,2031,DeconvSC,50,LDK1;LDK2;LDK3,3,358,pooled_centered,cellwise_log1p_cp10k,celltype_specific,average,4,0.0,0.02,0.029463029776220288,0.015293682926046366,0.7288780406984443,0.703520838547999,,,,,,,,,,,
S2a_threshold50,CD_PC,DeconvSC,2032,DeconvSC,50,LDK1;LDK2;LDK3,3,358,pooled_centered,cellwise_log1p_cp10k,celltype_specific,average,4,0.0,0.024,0.011930173318745062,0.004832862234587458,0.28646284855360477,0.24459956142538786,,,,,,,,,,,
S2a_threshold50,CD_PC,BaseVAE,2032,DeconvSC,50,LDK1;LDK2;LDK3,3,358,pooled_centered,cellwise_log1p_cp10k,celltype_specific,average,4,0.0,0.02,0.02926660906789063,0.015508649598723064,0.731236955193107,0.7057052771835828,,,,,,,,,,,
S2a_threshold50,CD_PC,DeconvSC,2033,DeconvSC,50,LDK1;LDK2;LDK3,3,358,pooled_centered,cellwise_log1p_cp10k,celltype_specific,average,4,0.0,0.024,0.01155122339436828,0.0047148940703777295,0.2827586540428302,0.24302752062478133,,,,,,,,,,,
S2a_threshold50,CD_PC,BaseVAE,2033,DeconvSC,50,LDK1;LDK2;LDK3,3,358,pooled_centered,cellwise_log1p_cp10k,celltype_specific,average,4,0.0,0.02,0.030194013210802808,0.015419530720034692,0.7381873787979442,0.714814557794113,,,,,,,,,,,
S2a_threshold50,CNT,DeconvSC,2024,DeconvSC,50,LDK1;LDK2;LDK3,3,151,pooled_centered,cellwise_log1p_cp10k,celltype_specific,average,6,0.0,0.01,0.02225192241956894,0.02088496208817446,0.22329362245555742,0.2063087307176343,,,,,,,,,,,
S2a_threshold50,CNT,BaseVAE,2024,DeconvSC,50,LDK1;LDK2;LDK3,3,151,pooled_centered,cellwise_log1p_cp10k,celltype_specific,average,6,0.0,0.008,0.08119027629060259,0.1097952836912647,0.7741717856603952,0.8031795263491855,,,,,,,,,,,
S2a_threshold50,CNT,DeconvSC,2025,DeconvSC,50,LDK1;LDK2;LDK3,3,151,pooled_centered,cellwise_log1p_cp10k,celltype_specific,average,6,0.0,0.01,0.0240170963345249,0.023445816811323315,0.23619171299722988,0.21333302745150198,,,,,,,,,,,
S2a_threshold50,CNT,BaseVAE,2025,DeconvSC,50,LDK1;LDK2;LDK3,3,151,pooled_centered,cellwise_log1p_cp10k,celltype_specific,average,6,0.0,0.008,0.08306324418277146,0.11297747027119928,0.7879701699204636,0.8174491606860114,,,,,,,,,,,
S2a_threshold50,CNT,DeconvSC,2026,DeconvSC,50,LDK1;LDK2;LDK3,3,151,pooled_centered,cellwise_log1p_cp10k,celltype_specific,average,6,0.0,0.01,0.022297502887457948,0.01904021279135317,0.2210026127187861,0.20153792849539875,,,,,,,,,,,
S2a_threshold50,CNT,BaseVAE,2026,DeconvSC,50,LDK1;LDK2;LDK3,3,151,pooled_centered,cellwise_log1p_cp10k,celltype_specific,average,6,0.0,0.008,0.08102190178658676,0.10770268561189776,0.7706779957489762,0.7993509532480466,,,,,,,,,,,
S2a_threshold50,CNT,DeconvSC,2027,DeconvSC,50,LDK1;LDK2;LDK3,3,151,pooled_centered,cellwise_log1p_cp10k,celltype_specific,average,6,0.0,0.01,0.02190676974397512,0.019257294335626937,0.22308885965292002,0.20305263384912006,,,,,,,,,,,
S2a_threshold50,CNT,BaseVAE,2027,DeconvSC,50,LDK1;LDK2;LDK3,3,151,pooled_centered,cellwise_log1p_cp10k,celltype_specific,average,6,0.0,0.008,0.08133049741170814,0.11080087977512465,0.7757748203221241,0.80509872384182,,,,,,,,,,,
S2a_threshold50,CNT,DeconvSC,2028,DeconvSC,50,LDK1;LDK2;LDK3,3,151,pooled_centered,cellwise_log1p_cp10k,celltype_specific,average,6,0.0,0.01,0.023675807550735936,0.02442355820277791,0.234573313865353,0.21529702682556998,,,,,,,,,,,
S2a_threshold50,CNT,BaseVAE,2028,DeconvSC,50,LDK1;LDK2;LDK3,3,151,pooled_centered,cellwise_log1p_cp10k,celltype_specific,average,6,0.0,0.008,0.08319305407313564,0.11636252231290331,0.7930895040448153,0.8237596327462074,,,,,,,,,,,
S2a_threshold50,CNT,DeconvSC,2029,DeconvSC,50,LDK1;LDK2;LDK3,3,151,pooled_centered,cellwise_log1p_cp10k,celltype_specific,average,6,0.0,0.01,0.02224715922921046,0.02379027742728873,0.22751452210430045,0.20071467062867698,,,,,,,,,,,
S2a_threshold50,CNT,BaseVAE,2029,DeconvSC,50,LDK1;LDK2;LDK3,3,151,pooled_centered,cellwise_log1p_cp10k,celltype_specific,average,6,0.0,0.008,0.0814660636325453,0.11375130437659847,0.7834202578145056,0.8108481105426554,,,,,,,,,,,
S2a_threshold50,CNT,DeconvSC,2030,DeconvSC,50,LDK1;LDK2;LDK3,3,151,pooled_centered,cellwise_log1p_cp10k,celltype_specific,average,6,0.0,0.01,0.02356821048163475,0.024513557053890002,0.23370313195930761,0.21211677349918612,,,,,,,,,,,
S2a_threshold50,CNT,BaseVAE,2030,DeconvSC,50,LDK1;LDK2;LDK3,3,151,pooled_centered,cellwise_log1p_cp10k,celltype_specific,average,6,0.0,0.008,0.08200300746556972,0.11320350382326608,0.7844594033777978,0.8145786967731922,,,,,,,,,,,
S2a_threshold50,CNT,DeconvSC,2031,DeconvSC,50,LDK1;LDK2;LDK3,3,151,pooled_centered,cellwise_log1p_cp10k,celltype_specific,average,6,0.0,0.01,0.022384587604766703,0.023673866074012145,0.226597482426942,0.2057200227932582,,,,,,,,,,,
S2a_threshold50,CNT,BaseVAE,2031,DeconvSC,50,LDK1;LDK2;LDK3,3,151,pooled_centered,cellwise_log1p_cp10k,celltype_specific,average,6,0.0,0.008,0.08188643526206976,0.11425405022500207,0.785399466965229,0.8149924874076167,,,,,,,,,,,
S2a_threshold50,CNT,DeconvSC,2032,DeconvSC,50,LDK1;LDK2;LDK3,3,151,pooled_centered,cellwise_log1p_cp10k,celltype_specific,average,6,0.0,0.01,0.02274912618349764,0.02589245901446418,0.23037227430755414,0.20610001124608368,,,,,,,,,,,
S2a_threshold50,CNT,BaseVAE,2032,DeconvSC,50,LDK1;LDK2;LDK3,3,151,pooled_centered,cellwise_log1p_cp10k,celltype_specific,average,6,0.0,0.008,0.08063142343899786,0.1092164751663945,0.7721910551377711,0.8001662277266886,,,,,,,,,,,
S2a_threshold50,CNT,DeconvSC,2033,DeconvSC,50,LDK1;LDK2;LDK3,3,151,pooled_centered,cellwise_log1p_cp10k,celltype_specific,average,6,0.0,0.01,0.02199441378369418,0.021537628400640094,0.22507148119229994,0.20212664769442779,,,,,,,,,,,
S2a_threshold50,CNT,BaseVAE,2033,DeconvSC,50,LDK1;LDK2;LDK3,3,151,pooled_centered,cellwise_log1p_cp10k,celltype_specific,average,6,0.0,0.008,0.08118077976060943,0.11218811920777838,0.7814150240356746,0.8100812643619327,,,,,,,,,,,
S2a_threshold50,DCT,DeconvSC,2024,DeconvSC,50,LDK1;LDK2;LDK3,3,245,pooled_centered,cellwise_log1p_cp10k,celltype_specific,average,4,0.0,0.018,0.01795314986900807,0.017892533550910594,0.32303083431526486,0.2963885015477858,,,,,,,,,,,
S2a_threshold50,DCT,BaseVAE,2024,DeconvSC,50,LDK1;LDK2;LDK3,3,245,pooled_centered,cellwise_log1p_cp10k,celltype_specific,average,4,0.0,0.014,0.04633607778425489,0.03578245668139664,0.7805897781348632,0.7859105314574768,,,,,,,,,,,
S2a_threshold50,DCT,DeconvSC,2025,DeconvSC,50,LDK1;LDK2;LDK3,3,245,pooled_centered,cellwise_log1p_cp10k,celltype_specific,average,4,0.0,0.018,0.017954216909560304,0.017155121539757127,0.3137874390981814,0.2851891289238012,,,,,,,,,,,
S2a_threshold50,DCT,BaseVAE,2025,DeconvSC,50,LDK1;LDK2;LDK3,3,245,pooled_centered,cellwise_log1p_cp10k,celltype_specific,average,4,0.0,0.014,0.046089880464742904,0.03399547098121759,0.7684106210598389,0.7723282199436113,,,,,,,,,,,
S2a_threshold50,DCT,DeconvSC,2026,DeconvSC,50,LDK1;LDK2;LDK3,3,245,pooled_centered,cellwise_log1p_cp10k,celltype_specific,average,4,0.0,0.018,0.01890274129029087,0.018467452909876548,0.31780389559676797,0.28991411506405007,,,,,,,,,,,
S2a_threshold50,DCT,BaseVAE,2026,DeconvSC,50,LDK1;LDK2;LDK3,3,245,pooled_centered,cellwise_log1p_cp10k,celltype_specific,average,4,0.0,0.014,0.046708696438437086,0.035385026692015716,0.7709994089010778,0.7764424795068556,,,,,,,,,,,
S2a_threshold50,DCT,DeconvSC,2027,DeconvSC,50,LDK1;LDK2;LDK3,3,245,pooled_centered,cellwise_log1p_cp10k,celltype_specific,average,4,0.0,0.018,0.017727414101584547,0.01778494583067246,0.31673022911532045,0.2898442658258844,,,,,,,,,,,
S2a_threshold50,DCT,BaseVAE,2027,DeconvSC,50,LDK1;LDK2;LDK3,3,245,pooled_centered,cellwise_log1p_cp10k,celltype_specific,average,4,0.0,0.014,0.04582219248522024,0.03575218956672112,0.7742384658381662,0.7808482473276652,,,,,,,,,,,
S2a_threshold50,DCT,DeconvSC,2028,DeconvSC,50,LDK1;LDK2;LDK3,3,245,pooled_centered,cellwise_log1p_cp10k,celltype_specific,average,4,0.0,0.018,0.01789063397578575,0.01823530371802751,0.31566526210972906,0.2892338244473004,,,,,,,,,,,
S2a_threshold50,DCT,BaseVAE,2028,DeconvSC,50,LDK1;LDK2;LDK3,3,245,pooled_centered,cellwise_log1p_cp10k,celltype_specific,average,4,0.0,0.014,0.04558191188214371,0.035134799712032636,0.7644426908220597,0.7697253441149204,,,,,,,,,,,
S2a_threshold50,DCT,DeconvSC,2029,DeconvSC,50,LDK1;LDK2;LDK3,3,245,pooled_centered,cellwise_log1p_cp10k,celltype_specific,average,4,0.0,0.018,0.0184255406694442,0.01858519149279766,0.3178113675937673,0.2908830128414538,,,,,,,,,,,
S2a_threshold50,DCT,BaseVAE,2029,DeconvSC,50,LDK1;LDK2;LDK3,3,245,pooled_centered,cellwise_log1p_cp10k,celltype_specific,average,4,0.0,0.014,0.04538571936667706,0.03523505851609544,0.7607042508755256,0.7635038611773854,,,,,,,,,,,
S2a_threshold50,DCT,DeconvSC,2030,DeconvSC,50,LDK1;LDK2;LDK3,3,245,pooled_centered,cellwise_log1p_cp10k,celltype_specific,average,4,0.0,0.018,0.01753427385179663,0.016968048540532927,0.31269047891866475,0.286764289696627,,,,,,,,,,,
S2a_threshold50,DCT,BaseVAE,2030,DeconvSC,50,LDK1;LDK2;LDK3,3,245,pooled_centered,cellwise_log1p_cp10k,celltype_specific,average,4,0.0,0.014,0.04542387022428608,0.03359242065524546,0.7642826249335715,0.7677566021764575,,,,,,,,,,,
S2a_threshold50,DCT,DeconvSC,2031,DeconvSC,50,LDK1;LDK2;LDK3,3,245,pooled_centered,cellwise_log1p_cp10k,celltype_specific,average,4,0.0,0.018,0.01924356853518623,0.019454185116656492,0.3353498760980228,0.3105238453340407,,,,,,,,,,,
S2a_threshold50,DCT,BaseVAE,2031,DeconvSC,50,LDK1;LDK2;LDK3,3,245,pooled_centered,cellwise_log1p_cp10k,celltype_specific,average,4,0.0,0.014,0.04786472521877559,0.036386644573702956,0.7951227661093514,0.8005400496071,,,,,,,,,,,
S2a_threshold50,DCT,DeconvSC,2032,DeconvSC,50,LDK1;LDK2;LDK3,3,245,pooled_centered,cellwise_log1p_cp10k,celltype_specific,average,4,0.0,0.018,0.018936449056978867,0.018478287685825757,0.3276640503397531,0.3010972611137602,,,,,,,,,,,
S2a_threshold50,DCT,BaseVAE,2032,DeconvSC,50,LDK1;LDK2;LDK3,3,245,pooled_centered,cellwise_log1p_cp10k,celltype_specific,average,4,0.0,0.014,0.04691638295355732,0.03568011456500292,0.7843309961798193,0.79064099203463,,,,,,,,,,,
S2a_threshold50,DCT,DeconvSC,2033,DeconvSC,50,LDK1;LDK2;LDK3,3,245,pooled_centered,cellwise_log1p_cp10k,celltype_specific,average,4,0.0,0.018,0.019276524227303173,0.019655731925352266,0.3301621418052481,0.3052926486249505,,,,,,,,,,,
S2a_threshold50,DCT,BaseVAE,2033,DeconvSC,50,LDK1;LDK2;LDK3,3,245,pooled_centered,cellwise_log1p_cp10k,celltype_specific,average,4,0.0,0.014,0.04740023951274399,0.03644044012760276,0.7841752487627804,0.7882717151050552,,,,,,,,,,,
S2a_threshold50,Endo,DeconvSC,2024,DeconvSC,50,LDK1;LDK2;LDK3,3,76,pooled_centered,cellwise_log1p_cp10k,celltype_specific,average,7,0.0,0.02,0.026259964062374856,0.0258929455750475,0.33076144812025493,0.30244887802779286,,,,,,,,,,,
S2a_threshold50,Endo,BaseVAE,2024,DeconvSC,50,LDK1;LDK2;LDK3,3,76,pooled_centered,cellwise_log1p_cp10k,celltype_specific,average,7,0.0,0.074,0.04213544049357009,0.050334849291780975,0.5323117970655894,0.5070128021596292,,,,,,,,,,,
S2a_threshold50,Endo,DeconvSC,2025,DeconvSC,50,LDK1;LDK2;LDK3,3,76,pooled_centered,cellwise_log1p_cp10k,celltype_specific,average,7,0.0,0.02,0.02582617931476732,0.02840396794790696,0.3346111176214056,0.3102510391673488,,,,,,,,,,,
S2a_threshold50,Endo,BaseVAE,2025,DeconvSC,50,LDK1;LDK2;LDK3,3,76,pooled_centered,cellwise_log1p_cp10k,celltype_specific,average,7,0.0,0.074,0.03959370455601773,0.04932074382321907,0.5082406851760692,0.48111241630138607,,,,,,,,,,,
S2a_threshold50,Endo,DeconvSC,2026,DeconvSC,50,LDK1;LDK2;LDK3,3,76,pooled_centered,cellwise_log1p_cp10k,celltype_specific,average,7,0.0,0.02,0.02481317210756742,0.02871638638204329,0.3208736847881565,0.2905601524237472,,,,,,,,,,,
S2a_threshold50,Endo,BaseVAE,2026,DeconvSC,50,LDK1;LDK2;LDK3,3,76,pooled_centered,cellwise_log1p_cp10k,celltype_specific,average,7,0.0,0.074,0.036612972640178765,0.041673984031706614,0.46135610009128797,0.431594935736162,,,,,,,,,,,
S2a_threshold50,Endo,DeconvSC,2027,DeconvSC,50,LDK1;LDK2;LDK3,3,76,pooled_centered,cellwise_log1p_cp10k,celltype_specific,average,7,0.0,0.02,0.024221238990785966,0.02541185517490967,0.31453173459490646,0.287452613380304,,,,,,,,,,,
S2a_threshold50,Endo,BaseVAE,2027,DeconvSC,50,LDK1;LDK2;LDK3,3,76,pooled_centered,cellwise_log1p_cp10k,celltype_specific,average,7,0.0,0.074,0.03775311705566956,0.04454752679418486,0.48758323198296416,0.45786973652512974,,,,,,,,,,,
S2a_threshold50,Endo,DeconvSC,2028,DeconvSC,50,LDK1;LDK2;LDK3,3,76,pooled_centered,cellwise_log1p_cp10k,celltype_specific,average,7,0.0,0.02,0.025100221308250077,0.02393208666178838,0.3207485086601252,0.29310145373415075,,,,,,,,,,,
S2a_threshold50,Endo,BaseVAE,2028,DeconvSC,50,LDK1;LDK2;LDK3,3,76,pooled_centered,cellwise_log1p_cp10k,celltype_specific,average,7,0.0,0.074,0.038583479331580635,0.04208655362141431,0.48664023288087727,0.4572636520026866,,,,,,,,,,,
S2a_threshold50,Endo,DeconvSC,2029,DeconvSC,50,LDK1;LDK2;LDK3,3,76,pooled_centered,cellwise_log1p_cp10k,celltype_specific,average,7,0.0,0.02,0.025093786091349515,0.029110449134796764,0.3252010358152209,0.2988194954557582,,,,,,,,,,,
S2a_threshold50,Endo,BaseVAE,2029,DeconvSC,50,LDK1;LDK2;LDK3,3,76,pooled_centered,cellwise_log1p_cp10k,celltype_specific,average,7,0.0,0.074,0.04013223782393305,0.049581649431113976,0.5091422745456231,0.4862147210371656,,,,,,,,,,,
S2a_threshold50,Endo,DeconvSC,2030,DeconvSC,50,LDK1;LDK2;LDK3,3,76,pooled_centered,cellwise_log1p_cp10k,celltype_specific,average,7,0.0,0.02,0.025172481611707247,0.028309640079362146,0.31888913281071124,0.29377025320003997,,,,,,,,,,,
S2a_threshold50,Endo,BaseVAE,2030,DeconvSC,50,LDK1;LDK2;LDK3,3,76,pooled_centered,cellwise_log1p_cp10k,celltype_specific,average,7,0.0,0.074,0.03814298650923636,0.04252314764628563,0.47329478316288304,0.4422553276545621,,,,,,,,,,,
S2a_threshold50,Endo,DeconvSC,2031,DeconvSC,50,LDK1;LDK2;LDK3,3,76,pooled_centered,cellwise_log1p_cp10k,celltype_specific,average,7,0.0,0.02,0.021168900233046347,0.02126100367383861,0.2810227179264537,0.2536476022257689,,,,,,,,,,,
S2a_threshold50,Endo,BaseVAE,2031,DeconvSC,50,LDK1;LDK2;LDK3,3,76,pooled_centered,cellwise_log1p_cp10k,celltype_specific,average,7,0.0,0.074,0.03406985077256678,0.04014265117530265,0.43837877834239786,0.41205843696707556,,,,,,,,,,,
S2a_threshold50,Endo,DeconvSC,2032,DeconvSC,50,LDK1;LDK2;LDK3,3,76,pooled_centered,cellwise_log1p_cp10k,celltype_specific,average,7,0.0,0.02,0.025106167233996914,0.027648323858095302,0.32519719653228824,0.30110124060595356,,,,,,,,,,,
S2a_threshold50,Endo,BaseVAE,2032,DeconvSC,50,LDK1;LDK2;LDK3,3,76,pooled_centered,cellwise_log1p_cp10k,celltype_specific,average,7,0.0,0.074,0.03832236625365819,0.04542581245725433,0.48637331361874897,0.4575795822544303,,,,,,,,,,,
S2a_threshold50,Endo,DeconvSC,2033,DeconvSC,50,LDK1;LDK2;LDK3,3,76,pooled_centered,cellwise_log1p_cp10k,celltype_specific,average,7,0.0,0.02,0.02287138812862002,0.02318318624502314,0.2954105191545523,0.26603314190054655,,,,,,,,,,,
S2a_threshold50,Endo,BaseVAE,2033,DeconvSC,50,LDK1;LDK2;LDK3,3,76,pooled_centered,cellwise_log1p_cp10k,celltype_specific,average,7,0.0,0.074,0.036554235249830085,0.039455255473437145,0.46370921732158793,0.4375161613441242,,,,,,,,,,,
S2a_threshold50,Fib,DeconvSC,2024,DeconvSC,50,LDK1;LDK2;LDK3,3,66,pooled_centered,cellwise_log1p_cp10k,celltype_specific,average,10,0.0,0.058,0.017515872934151792,0.018254108211707233,0.22349619481789093,0.19085520065422035,,,,,,,,,,,
S2a_threshold50,Fib,BaseVAE,2024,DeconvSC,50,LDK1;LDK2;LDK3,3,66,pooled_centered,cellwise_log1p_cp10k,celltype_specific,average,10,0.0,0.142,0.0268378871693571,0.02641410766346522,0.3327166002166346,0.28759617609202615,,,,,,,,,,,
S2a_threshold50,Fib,DeconvSC,2025,DeconvSC,50,LDK1;LDK2;LDK3,3,66,pooled_centered,cellwise_log1p_cp10k,celltype_specific,average,10,0.0,0.058,0.01812599431636108,0.018872525784327653,0.23185629770281319,0.1896534350802627,,,,,,,,,,,
S2a_threshold50,Fib,BaseVAE,2025,DeconvSC,50,LDK1;LDK2;LDK3,3,66,pooled_centered,cellwise_log1p_cp10k,celltype_specific,average,10,0.0,0.142,0.02760955451610438,0.02648924978373981,0.3402295132082717,0.29170219786697366,,,,,,,,,,,
S2a_threshold50,Fib,DeconvSC,2026,DeconvSC,50,LDK1;LDK2;LDK3,3,66,pooled_centered,cellwise_log1p_cp10k,celltype_specific,average,10,0.0,0.058,0.01867520594040574,0.021175728394644017,0.24069595935172589,0.20532427794879907,,,,,,,,,,,
S2a_threshold50,Fib,BaseVAE,2026,DeconvSC,50,LDK1;LDK2;LDK3,3,66,pooled_centered,cellwise_log1p_cp10k,celltype_specific,average,10,0.0,0.142,0.02848621043190443,0.028884778890570895,0.35047050357090603,0.3005291063243627,,,,,,,,,,,
S2a_threshold50,Fib,DeconvSC,2027,DeconvSC,50,LDK1;LDK2;LDK3,3,66,pooled_centered,cellwise_log1p_cp10k,celltype_specific,average,10,0.0,0.058,0.018653468894451252,0.021308823447851687,0.23833479459894896,0.19978554383045938,,,,,,,,,,,
S2a_threshold50,Fib,BaseVAE,2027,DeconvSC,50,LDK1;LDK2;LDK3,3,66,pooled_centered,cellwise_log1p_cp10k,celltype_specific,average,10,0.0,0.142,0.02632365244488174,0.027286236675415472,0.3253856603162251,0.2774412657262527,,,,,,,,,,,
S2a_threshold50,Fib,DeconvSC,2028,DeconvSC,50,LDK1;LDK2;LDK3,3,66,pooled_centered,cellwise_log1p_cp10k,celltype_specific,average,10,0.0,0.058,0.017780899341769043,0.01985378774358741,0.22873189799476573,0.1935453888326838,,,,,,,,,,,
S2a_threshold50,Fib,BaseVAE,2028,DeconvSC,50,LDK1;LDK2;LDK3,3,66,pooled_centered,cellwise_log1p_cp10k,celltype_specific,average,10,0.0,0.142,0.02702307647752934,0.024255146675860713,0.33150561990448885,0.2821780988463981,,,,,,,,,,,
S2a_threshold50,Fib,DeconvSC,2029,DeconvSC,50,LDK1;LDK2;LDK3,3,66,pooled_centered,cellwise_log1p_cp10k,celltype_specific,average,10,0.0,0.058,0.017684171127382624,0.020841217392729292,0.22969938950149213,0.19596279808943867,,,,,,,,,,,
S2a_threshold50,Fib,BaseVAE,2029,DeconvSC,50,LDK1;LDK2;LDK3,3,66,pooled_centered,cellwise_log1p_cp10k,celltype_specific,average,10,0.0,0.142,0.027495225862135937,0.028384652341172142,0.3417894263831376,0.2903094375861674,,,,,,,,,,,
S2a_threshold50,Fib,DeconvSC,2030,DeconvSC,50,LDK1;LDK2;LDK3,3,66,pooled_centered,cellwise_log1p_cp10k,celltype_specific,average,10,0.0,0.058,0.01940787011872109,0.020720300146511994,0.24306140449149458,0.2058496581151267,,,,,,,,,,,
S2a_threshold50,Fib,BaseVAE,2030,DeconvSC,50,LDK1;LDK2;LDK3,3,66,pooled_centered,cellwise_log1p_cp10k,celltype_specific,average,10,0.0,0.142,0.028959255906340242,0.02835223780528829,0.34769542097711553,0.2972268293956863,,,,,,,,,,,
S2a_threshold50,Fib,DeconvSC,2031,DeconvSC,50,LDK1;LDK2;LDK3,3,66,pooled_centered,cellwise_log1p_cp10k,celltype_specific,average,10,0.0,0.058,0.018422814525254343,0.020558379077747435,0.23389527403671334,0.1974113767891513,,,,,,,,,,,
S2a_threshold50,Fib,BaseVAE,2031,DeconvSC,50,LDK1;LDK2;LDK3,3,66,pooled_centered,cellwise_log1p_cp10k,celltype_specific,average,10,0.0,0.142,0.02733932064718504,0.026715787896915817,0.334990910860098,0.28457873026391173,,,,,,,,,,,
S2a_threshold50,Fib,DeconvSC,2032,DeconvSC,50,LDK1;LDK2;LDK3,3,66,pooled_centered,cellwise_log1p_cp10k,celltype_specific,average,10,0.0,0.058,0.018177464431715792,0.020194685224036564,0.23324582132518096,0.19800873252493278,,,,,,,,,,,
S2a_threshold50,Fib,BaseVAE,2032,DeconvSC,50,LDK1;LDK2;LDK3,3,66,pooled_centered,cellwise_log1p_cp10k,celltype_specific,average,10,0.0,0.142,0.03027714787836345,0.029734001115986324,0.36594000982554403,0.3182540128229383,,,,,,,,,,,
S2a_threshold50,Fib,DeconvSC,2033,DeconvSC,50,LDK1;LDK2;LDK3,3,66,pooled_centered,cellwise_log1p_cp10k,celltype_specific,average,10,0.0,0.058,0.01988822132640641,0.02258450423088865,0.2475566037073745,0.20879560358699828,,,,,,,,,,,
S2a_threshold50,Fib,BaseVAE,2033,DeconvSC,50,LDK1;LDK2;LDK3,3,66,pooled_centered,cellwise_log1p_cp10k,celltype_specific,average,10,0.0,0.142,0.028945585406205065,0.029167744401260513,0.34919489248121016,0.3011877455145901,,,,,,,,,,,
S2a_threshold50,MC,DeconvSC,2024,DeconvSC,50,LDK1;LDK2;LDK3,3,196,pooled_centered,cellwise_log1p_cp10k,celltype_specific,average,6,0.0,0.072,0.018978969584986072,0.020986887217398963,0.2831998480395741,0.2552835100382982,,,,,,,,,,,
S2a_threshold50,MC,BaseVAE,2024,DeconvSC,50,LDK1;LDK2;LDK3,3,196,pooled_centered,cellwise_log1p_cp10k,celltype_specific,average,6,0.0,0.078,0.05668745279586899,0.05716004410008656,0.7300424166365045,0.7301295907776114,,,,,,,,,,,
S2a_threshold50,MC,DeconvSC,2025,DeconvSC,50,LDK1;LDK2;LDK3,3,196,pooled_centered,cellwise_log1p_cp10k,celltype_specific,average,6,0.0,0.072,0.019067753662547135,0.02111696307985608,0.2873198573390539,0.2534962431624185,,,,,,,,,,,
S2a_threshold50,MC,BaseVAE,2025,DeconvSC,50,LDK1;LDK2;LDK3,3,196,pooled_centered,cellwise_log1p_cp10k,celltype_specific,average,6,0.0,0.078,0.056709915601557755,0.056094747418365384,0.729709919052777,0.7281098375785802,,,,,,,,,,,
S2a_threshold50,MC,DeconvSC,2026,DeconvSC,50,LDK1;LDK2;LDK3,3,196,pooled_centered,cellwise_log1p_cp10k,celltype_specific,average,6,0.0,0.072,0.019959839879095744,0.02256764633149221,0.2909636233539154,0.2618554821200564,,,,,,,,,,,
S2a_threshold50,MC,BaseVAE,2026,DeconvSC,50,LDK1;LDK2;LDK3,3,196,pooled_centered,cellwise_log1p_cp10k,celltype_specific,average,6,0.0,0.078,0.05647712611471834,0.05574279137299272,0.7301919361978406,0.7294633004788923,,,,,,,,,,,
S2a_threshold50,MC,DeconvSC,2027,DeconvSC,50,LDK1;LDK2;LDK3,3,196,pooled_centered,cellwise_log1p_cp10k,celltype_specific,average,6,0.0,0.072,0.018685110944058215,0.020287765467536883,0.2832485730628144,0.2545008671072018,,,,,,,,,,,
S2a_threshold50,MC,BaseVAE,2027,DeconvSC,50,LDK1;LDK2;LDK3,3,196,pooled_centered,cellwise_log1p_cp10k,celltype_specific,average,6,0.0,0.078,0.05735184393206322,0.057798111534639394,0.7373110446787212,0.7378065347479409,,,,,,,,,,,
S2a_threshold50,MC,DeconvSC,2028,DeconvSC,50,LDK1;LDK2;LDK3,3,196,pooled_centered,cellwise_log1p_cp10k,celltype_specific,average,6,0.0,0.072,0.01833368292153099,0.020376438576361292,0.2800822356922441,0.2499161605645467,,,,,,,,,,,
S2a_threshold50,MC,BaseVAE,2028,DeconvSC,50,LDK1;LDK2;LDK3,3,196,pooled_centered,cellwise_log1p_cp10k,celltype_specific,average,6,0.0,0.078,0.05687021013768223,0.05700515056447952,0.737496827058393,0.7353079310147258,,,,,,,,,,,
S2a_threshold50,MC,DeconvSC,2029,DeconvSC,50,LDK1;LDK2;LDK3,3,196,pooled_centered,cellwise_log1p_cp10k,celltype_specific,average,6,0.0,0.072,0.019745171369927053,0.02240438544867039,0.2882426449761193,0.2574085081661556,,,,,,,,,,,
S2a_threshold50,MC,BaseVAE,2029,DeconvSC,50,LDK1;LDK2;LDK3,3,196,pooled_centered,cellwise_log1p_cp10k,celltype_specific,average,6,0.0,0.078,0.05764619200848161,0.056975969206395055,0.7391966995117351,0.7366428557043184,,,,,,,,,,,
S2a_threshold50,MC,DeconvSC,2030,DeconvSC,50,LDK1;LDK2;LDK3,3,196,pooled_centered,cellwise_log1p_cp10k,celltype_specific,average,6,0.0,0.072,0.01880866152578165,0.021431841669729307,0.2771411271334503,0.24865632511628946,,,,,,,,,,,
S2a_threshold50,MC,BaseVAE,2030,DeconvSC,50,LDK1;LDK2;LDK3,3,196,pooled_centered,cellwise_log1p_cp10k,celltype_specific,average,6,0.0,0.078,0.05620086650386028,0.056217850111481005,0.7201111799887613,0.7183136537982421,,,,,,,,,,,
S2a_threshold50,MC,DeconvSC,2031,DeconvSC,50,LDK1;LDK2;LDK3,3,196,pooled_centered,cellwise_log1p_cp10k,celltype_specific,average,6,0.0,0.072,0.0197595047775537,0.02190103333530191,0.28630533258670804,0.256033926402416,,,,,,,,,,,
S2a_threshold50,MC,BaseVAE,2031,DeconvSC,50,LDK1;LDK2;LDK3,3,196,pooled_centered,cellwise_log1p_cp10k,celltype_specific,average,6,0.0,0.078,0.05683976378825547,0.05624404020155799,0.7240614832001689,0.7243270648126129,,,,,,,,,,,
S2a_threshold50,MC,DeconvSC,2032,DeconvSC,50,LDK1;LDK2;LDK3,3,196,pooled_centered,cellwise_log1p_cp10k,celltype_specific,average,6,0.0,0.072,0.019069084044852986,0.021512768478320936,0.28259647873391014,0.25368297766431325,,,,,,,,,,,
S2a_threshold50,MC,BaseVAE,2032,DeconvSC,50,LDK1;LDK2;LDK3,3,196,pooled_centered,cellwise_log1p_cp10k,celltype_specific,average,6,0.0,0.078,0.05609390142151902,0.05603254606943587,0.7237336652381862,0.7233256231539773,,,,,,,,,,,
S2a_threshold50,MC,DeconvSC,2033,DeconvSC,50,LDK1;LDK2;LDK3,3,196,pooled_centered,cellwise_log1p_cp10k,celltype_specific,average,6,0.0,0.072,0.019338925079311158,0.021153579879908308,0.28313978090431474,0.2540570780079423,,,,,,,,,,,
S2a_threshold50,MC,BaseVAE,2033,DeconvSC,50,LDK1;LDK2;LDK3,3,196,pooled_centered,cellwise_log1p_cp10k,celltype_specific,average,6,0.0,0.078,0.05782457751092151,0.05807917783620371,0.74132322896101,0.7387424190012619,,,,,,,,,,,
S2a_threshold50,PT,DeconvSC,2024,DeconvSC,50,LDK1;LDK2;LDK3,3,600,pooled_centered,cellwise_log1p_cp10k,celltype_specific,average,4,0.0,0.012,0.0036377440142924553,0.003606172552335465,0.14330920410420186,0.12051575738218061,,,,,,,,,,,
S2a_threshold50,PT,BaseVAE,2024,DeconvSC,50,LDK1;LDK2;LDK3,3,600,pooled_centered,cellwise_log1p_cp10k,celltype_specific,average,4,0.0,0.01,0.017445449472654806,0.017726475409853816,0.6480488801040107,0.5997037775601979,,,,,,,,,,,
S2a_threshold50,PT,DeconvSC,2025,DeconvSC,50,LDK1;LDK2;LDK3,3,600,pooled_centered,cellwise_log1p_cp10k,celltype_specific,average,4,0.0,0.014,0.0038358727468330123,0.00368730419322396,0.14813866797505199,0.12485600262995394,,,,,,,,,,,
S2a_threshold50,PT,BaseVAE,2025,DeconvSC,50,LDK1;LDK2;LDK3,3,600,pooled_centered,cellwise_log1p_cp10k,celltype_specific,average,4,0.0,0.01,0.01743548787831833,0.017737707570047896,0.646857393951321,0.600512664076801,,,,,,,,,,,
S2a_threshold50,PT,DeconvSC,2026,DeconvSC,50,LDK1;LDK2;LDK3,3,600,pooled_centered,cellwise_log1p_cp10k,celltype_specific,average,4,0.0,0.012,0.003928101621828631,0.0037469760921711314,0.14942580519436083,0.1262780043637636,,,,,,,,,,,
S2a_threshold50,PT,BaseVAE,2026,DeconvSC,50,LDK1;LDK2;LDK3,3,600,pooled_centered,cellwise_log1p_cp10k,celltype_specific,average,4,0.0,0.01,0.017531322087560863,0.017945678536351033,0.6519411342748409,0.6075709366804972,,,,,,,,,,,
S2a_threshold50,PT,DeconvSC,2027,DeconvSC,50,LDK1;LDK2;LDK3,3,600,pooled_centered,cellwise_log1p_cp10k,celltype_specific,average,4,0.0,0.012,0.003907335493131268,0.003931164773715249,0.15140666299538313,0.12685240381390217,,,,,,,,,,,
S2a_threshold50,PT,BaseVAE,2027,DeconvSC,50,LDK1;LDK2;LDK3,3,600,pooled_centered,cellwise_log1p_cp10k,celltype_specific,average,4,0.0,0.01,0.01746708249531114,0.01780615561372071,0.6490736223241168,0.6036373226201764,,,,,,,,,,,
S2a_threshold50,PT,DeconvSC,2028,DeconvSC,50,LDK1;LDK2;LDK3,3,600,pooled_centered,cellwise_log1p_cp10k,celltype_specific,average,4,0.0,0.014,0.003689023728477572,0.0037264479152532034,0.14556900822057417,0.1221921509476227,,,,,,,,,,,
S2a_threshold50,PT,BaseVAE,2028,DeconvSC,50,LDK1;LDK2;LDK3,3,600,pooled_centered,cellwise_log1p_cp10k,celltype_specific,average,4,0.0,0.01,0.017658433316609767,0.018060371522462877,0.6511440539894511,0.6047533422121422,,,,,,,,,,,
S2a_threshold50,PT,DeconvSC,2029,DeconvSC,50,LDK1;LDK2;LDK3,3,600,pooled_centered,cellwise_log1p_cp10k,celltype_specific,average,4,0.0,0.012,0.0036714583597158637,0.0036319645010006946,0.14163268902022097,0.11844209706439608,,,,,,,,,,,
S2a_threshold50,PT,BaseVAE,2029,DeconvSC,50,LDK1;LDK2;LDK3,3,600,pooled_centered,cellwise_log1p_cp10k,celltype_specific,average,4,0.0,0.01,0.017562887871653013,0.017977595377891488,0.6518999594919261,0.6056652364807926,,,,,,,,,,,
S2a_threshold50,PT,DeconvSC,2030,DeconvSC,50,LDK1;LDK2;LDK3,3,600,pooled_centered,cellwise_log1p_cp10k,celltype_specific,average,4,0.0,0.014,0.0035227092008530457,0.0035026949990869163,0.14096701561438615,0.11864429124131605,,,,,,,,,,,
S2a_threshold50,PT,BaseVAE,2030,DeconvSC,50,LDK1;LDK2;LDK3,3,600,pooled_centered,cellwise_log1p_cp10k,celltype_specific,average,4,0.0,0.01,0.01759345610523717,0.018055663918114695,0.6529709089340936,0.6068878069049382,,,,,,,,,,,
S2a_threshold50,PT,DeconvSC,2031,DeconvSC,50,LDK1;LDK2;LDK3,3,600,pooled_centered,cellwise_log1p_cp10k,celltype_specific,average,4,0.0,0.012,0.003762365460130221,0.003867791196979418,0.14640628706525702,0.12378238027649838,,,,,,,,,,,
S2a_threshold50,PT,BaseVAE,2031,DeconvSC,50,LDK1;LDK2;LDK3,3,600,pooled_centered,cellwise_log1p_cp10k,celltype_specific,average,4,0.0,0.01,0.017887065438437717,0.017990631824951576,0.6609926650214345,0.6181815835557541,,,,,,,,,,,
S2a_threshold50,PT,DeconvSC,2032,DeconvSC,50,LDK1;LDK2;LDK3,3,600,pooled_centered,cellwise_log1p_cp10k,celltype_specific,average,4,0.0,0.012,0.003756316455500605,0.0038842818105987685,0.1454998051245382,0.12323320981523152,,,,,,,,,,,
S2a_threshold50,PT,BaseVAE,2032,DeconvSC,50,LDK1;LDK2;LDK3,3,600,pooled_centered,cellwise_log1p_cp10k,celltype_specific,average,4,0.0,0.01,0.017189108461190348,0.01761058066869313,0.6426594790806988,0.5933394066820868,,,,,,,,,,,
S2a_threshold50,PT,DeconvSC,2033,DeconvSC,50,LDK1;LDK2;LDK3,3,600,pooled_centered,cellwise_log1p_cp10k,celltype_specific,average,4,0.0,0.012,0.0037790217941124403,0.003732214453068808,0.14562114581665106,0.123187280504786,,,,,,,,,,,
S2a_threshold50,PT,BaseVAE,2033,DeconvSC,50,LDK1;LDK2;LDK3,3,600,pooled_centered,cellwise_log1p_cp10k,celltype_specific,average,4,0.0,0.01,0.017440071911581336,0.017824179908703292,0.6487209461099499,0.6031415139506984,,,,,,,,,,,
S2a_threshold50,Podo,DeconvSC,2024,DeconvSC,50,LDK1;LDK2;LDK3,3,73,pooled_centered,cellwise_log1p_cp10k,celltype_specific,average,2,0.0,0.046,0.01397798853786718,0.01397798853786718,0.22675868699759383,0.18059093922226443,,,,,,,,,,,
S2a_threshold50,Podo,BaseVAE,2024,DeconvSC,50,LDK1;LDK2;LDK3,3,73,pooled_centered,cellwise_log1p_cp10k,celltype_specific,average,2,0.0,0.086,0.029424784880033632,0.029424784880033632,0.38291013478290636,0.31928739016133567,,,,,,,,,,,
S2a_threshold50,Podo,DeconvSC,2025,DeconvSC,50,LDK1;LDK2;LDK3,3,73,pooled_centered,cellwise_log1p_cp10k,celltype_specific,average,2,0.0,0.046,0.011282753796534104,0.011282753796534104,0.21334091508234232,0.17080096992939708,,,,,,,,,,,
S2a_threshold50,Podo,BaseVAE,2025,DeconvSC,50,LDK1;LDK2;LDK3,3,73,pooled_centered,cellwise_log1p_cp10k,celltype_specific,average,2,0.0,0.086,0.025530840739633597,0.025530840739633597,0.3560620905246119,0.30549687135090187,,,,,,,,,,,
S2a_threshold50,Podo,DeconvSC,2026,DeconvSC,50,LDK1;LDK2;LDK3,3,73,pooled_centered,cellwise_log1p_cp10k,celltype_specific,average,2,0.0,0.046,0.013896023642536367,0.013896023642536367,0.23511065331091446,0.19652412822161291,,,,,,,,,,,
S2a_threshold50,Podo,BaseVAE,2026,DeconvSC,50,LDK1;LDK2;LDK3,3,73,pooled_centered,cellwise_log1p_cp10k,celltype_specific,average,2,0.0,0.086,0.026897539189591278,0.026897539189591278,0.37558407588941156,0.33571541124437376,,,,,,,,,,,
S2a_threshold50,Podo,DeconvSC,2027,DeconvSC,50,LDK1;LDK2;LDK3,3,73,pooled_centered,cellwise_log1p_cp10k,celltype_specific,average,2,0.0,0.046,0.008862663532963999,0.008862663532963999,0.19221830157382752,0.15400254920555495,,,,,,,,,,,
S2a_threshold50,Podo,BaseVAE,2027,DeconvSC,50,LDK1;LDK2;LDK3,3,73,pooled_centered,cellwise_log1p_cp10k,celltype_specific,average,2,0.0,0.086,0.019766658481857737,0.019766658481857737,0.3105562435932386,0.2660474592085489,,,,,,,,,,,
S2a_threshold50,Podo,DeconvSC,2028,DeconvSC,50,LDK1;LDK2;LDK3,3,73,pooled_centered,cellwise_log1p_cp10k,celltype_specific,average,2,0.0,0.046,0.012194670599714212,0.012194670599714212,0.21589447135893952,0.1684286439775383,,,,,,,,,,,
S2a_threshold50,Podo,BaseVAE,2028,DeconvSC,50,LDK1;LDK2;LDK3,3,73,pooled_centered,cellwise_log1p_cp10k,celltype_specific,average,2,0.0,0.086,0.02471273324813763,0.02471273324813763,0.3576107901595596,0.2988264938276276,,,,,,,,,,,
S2a_threshold50,Podo,DeconvSC,2029,DeconvSC,50,LDK1;LDK2;LDK3,3,73,pooled_centered,cellwise_log1p_cp10k,celltype_specific,average,2,0.0,0.046,0.0097036884281038,0.0097036884281038,0.19126917749362055,0.16062040614672252,,,,,,,,,,,
S2a_threshold50,Podo,BaseVAE,2029,DeconvSC,50,LDK1;LDK2;LDK3,3,73,pooled_centered,cellwise_log1p_cp10k,celltype_specific,average,2,0.0,0.086,0.022775809584753587,0.022775809584753587,0.3339913187056241,0.28560415582072035,,,,,,,,,,,
S2a_threshold50,Podo,DeconvSC,2030,DeconvSC,50,LDK1;LDK2;LDK3,3,73,pooled_centered,cellwise_log1p_cp10k,celltype_specific,average,2,0.0,0.046,0.00983468588726467,0.00983468588726467,0.1975404395032408,0.16213756461376816,,,,,,,,,,,
S2a_threshold50,Podo,BaseVAE,2030,DeconvSC,50,LDK1;LDK2;LDK3,3,73,pooled_centered,cellwise_log1p_cp10k,celltype_specific,average,2,0.0,0.086,0.023371312037246413,0.023371312037246413,0.34590761098654715,0.3005634999834986,,,,,,,,,,,
S2a_threshold50,Podo,DeconvSC,2031,DeconvSC,50,LDK1;LDK2;LDK3,3,73,pooled_centered,cellwise_log1p_cp10k,celltype_specific,average,2,0.0,0.046,0.012380922403852978,0.012380922403852978,0.21834156400139598,0.187790156800496,,,,,,,,,,,
S2a_threshold50,Podo,BaseVAE,2031,DeconvSC,50,LDK1;LDK2;LDK3,3,73,pooled_centered,cellwise_log1p_cp10k,celltype_specific,average,2,0.0,0.086,0.0229110164536745,0.0229110164536745,0.34494258283421164,0.2962343289085204,,,,,,,,,,,
S2a_threshold50,Podo,DeconvSC,2032,DeconvSC,50,LDK1;LDK2;LDK3,3,73,pooled_centered,cellwise_log1p_cp10k,celltype_specific,average,2,0.0,0.046,0.010063621966587931,0.010063621966587931,0.20164314369900493,0.16892915556291027,,,,,,,,,,,
S2a_threshold50,Podo,BaseVAE,2032,DeconvSC,50,LDK1;LDK2;LDK3,3,73,pooled_centered,cellwise_log1p_cp10k,celltype_specific,average,2,0.0,0.086,0.02154548487101198,0.02154548487101198,0.31524788936518366,0.2815224349312741,,,,,,,,,,,
S2a_threshold50,Podo,DeconvSC,2033,DeconvSC,50,LDK1;LDK2;LDK3,3,73,pooled_centered,cellwise_log1p_cp10k,celltype_specific,average,2,0.0,0.046,0.019724720043624504,0.019724720043624504,0.2673047463763162,0.22323459153195013,,,,,,,,,,,
S2a_threshold50,Podo,BaseVAE,2033,DeconvSC,50,LDK1;LDK2;LDK3,3,73,pooled_centered,cellwise_log1p_cp10k,celltype_specific,average,2,0.0,0.086,0.03308825295692251,0.03308825295692251,0.4401109828774817,0.3782672011476868,,,,,,,,,,,
S2a_threshold50,aLOH,DeconvSC,2024,DeconvSC,50,LDK1;LDK2;LDK3,3,600,pooled_centered,cellwise_log1p_cp10k,celltype_specific,average,4,0.0,0.014,0.020166828362766155,0.01960804729855458,0.30867043177497344,0.2913428714396994,,,,,,,,,,,
S2a_threshold50,aLOH,BaseVAE,2024,DeconvSC,50,LDK1;LDK2;LDK3,3,600,pooled_centered,cellwise_log1p_cp10k,celltype_specific,average,4,0.0,0.008,0.05080643648498587,0.03783720223323369,0.7384273751455244,0.7436194020648346,,,,,,,,,,,
S2a_threshold50,aLOH,DeconvSC,2025,DeconvSC,50,LDK1;LDK2;LDK3,3,600,pooled_centered,cellwise_log1p_cp10k,celltype_specific,average,4,0.0,0.014,0.02248841745447859,0.02217848758162685,0.3261084530964245,0.3103870433663688,,,,,,,,,,,
S2a_threshold50,aLOH,BaseVAE,2025,DeconvSC,50,LDK1;LDK2;LDK3,3,600,pooled_centered,cellwise_log1p_cp10k,celltype_specific,average,4,0.0,0.008,0.05173780221267493,0.03887624136876648,0.7415454538463231,0.7464995122248467,,,,,,,,,,,
S2a_threshold50,aLOH,DeconvSC,2026,DeconvSC,50,LDK1;LDK2;LDK3,3,600,pooled_centered,cellwise_log1p_cp10k,celltype_specific,average,4,0.0,0.014,0.02134301479804851,0.021404894395672728,0.3174067540679982,0.30230664199714363,,,,,,,,,,,
S2a_threshold50,aLOH,BaseVAE,2026,DeconvSC,50,LDK1;LDK2;LDK3,3,600,pooled_centered,cellwise_log1p_cp10k,celltype_specific,average,4,0.0,0.008,0.0511550144307931,0.037726079815335274,0.7366631122743732,0.7417217871801305,,,,,,,,,,,
S2a_threshold50,aLOH,DeconvSC,2027,DeconvSC,50,LDK1;LDK2;LDK3,3,600,pooled_centered,cellwise_log1p_cp10k,celltype_specific,average,4,0.0,0.014,0.019581038524084982,0.019129685911898998,0.29398566223135764,0.2752133521932281,,,,,,,,,,,
S2a_threshold50,aLOH,BaseVAE,2027,DeconvSC,50,LDK1;LDK2;LDK3,3,600,pooled_centered,cellwise_log1p_cp10k,celltype_specific,average,4,0.0,0.008,0.04984013311579915,0.03723667371857492,0.7275970494798153,0.7333022577862149,,,,,,,,,,,
S2a_threshold50,aLOH,DeconvSC,2028,DeconvSC,50,LDK1;LDK2;LDK3,3,600,pooled_centered,cellwise_log1p_cp10k,celltype_specific,average,4,0.0,0.014,0.021593343513875218,0.02117016586360026,0.32248109158391325,0.30552620933436714,,,,,,,,,,,
S2a_threshold50,aLOH,BaseVAE,2028,DeconvSC,50,LDK1;LDK2;LDK3,3,600,pooled_centered,cellwise_log1p_cp10k,celltype_specific,average,4,0.0,0.008,0.05165614433371391,0.03845120176230435,0.7437404003033369,0.7495401592468331,,,,,,,,,,,
S2a_threshold50,aLOH,DeconvSC,2029,DeconvSC,50,LDK1;LDK2;LDK3,3,600,pooled_centered,cellwise_log1p_cp10k,celltype_specific,average,4,0.0,0.014,0.021786927933107735,0.021498735187391337,0.31874370336617724,0.30259862298365375,,,,,,,,,,,
S2a_threshold50,aLOH,BaseVAE,2029,DeconvSC,50,LDK1;LDK2;LDK3,3,600,pooled_centered,cellwise_log1p_cp10k,celltype_specific,average,4,0.0,0.008,0.051238035801527505,0.03776154300643539,0.7400872264210201,0.7451945882717151,,,,,,,,,,,
S2a_threshold50,aLOH,DeconvSC,2030,DeconvSC,50,LDK1;LDK2;LDK3,3,600,pooled_centered,cellwise_log1p_cp10k,celltype_specific,average,4,0.0,0.014,0.021638208250222717,0.02161574286061218,0.3241266590903224,0.3073051091654082,,,,,,,,,,,
S2a_threshold50,aLOH,BaseVAE,2030,DeconvSC,50,LDK1;LDK2;LDK3,3,600,pooled_centered,cellwise_log1p_cp10k,celltype_specific,average,4,0.0,0.008,0.05133863259187152,0.03819505957136751,0.7405827737497348,0.7463139898952005,,,,,,,,,,,
S2a_threshold50,aLOH,DeconvSC,2031,DeconvSC,50,LDK1;LDK2;LDK3,3,600,pooled_centered,cellwise_log1p_cp10k,celltype_specific,average,4,0.0,0.014,0.020444263491126456,0.02022879497057183,0.30519645138198476,0.2889326481194472,,,,,,,,,,,
S2a_threshold50,aLOH,BaseVAE,2031,DeconvSC,50,LDK1;LDK2;LDK3,3,600,pooled_centered,cellwise_log1p_cp10k,celltype_specific,average,4,0.0,0.008,0.049924199826509585,0.0362249262224435,0.7259526773095804,0.7305505801820498,,,,,,,,,,,
S2a_threshold50,aLOH,DeconvSC,2032,DeconvSC,50,LDK1;LDK2;LDK3,3,600,pooled_centered,cellwise_log1p_cp10k,celltype_specific,average,4,0.0,0.014,0.02078318236803836,0.020066028017915565,0.31477728708474495,0.29966694552861506,,,,,,,,,,,
S2a_threshold50,aLOH,BaseVAE,2032,DeconvSC,50,LDK1;LDK2;LDK3,3,600,pooled_centered,cellwise_log1p_cp10k,celltype_specific,average,4,0.0,0.008,0.050432331483961354,0.03721658006861732,0.7313739952354091,0.7369626372111621,,,,,,,,,,,
S2a_threshold50,aLOH,DeconvSC,2033,DeconvSC,50,LDK1;LDK2;LDK3,3,600,pooled_centered,cellwise_log1p_cp10k,celltype_specific,average,4,0.0,0.014,0.02006768625318913,0.01919538352217482,0.30127143602839745,0.2865779625357911,,,,,,,,,,,
S2a_threshold50,aLOH,BaseVAE,2033,DeconvSC,50,LDK1;LDK2;LDK3,3,600,pooled_centered,cellwise_log1p_cp10k,celltype_specific,average,4,0.0,0.008,0.050641345699379364,0.03710274205752425,0.733787214313834,0.7386999560629055,,,,,,,,,,,
S2b_threshold200,CD_PC,DeconvSC,2024,DeconvSC,200,LDK1;LDK2;LDK3,3,358,pooled_centered,cellwise_log1p_cp10k,celltype_specific,average,4,0.0,0.024,0.011827532108664784,0.004730653230893724,0.28627905632476436,0.2452950983330601,,,,,,,,,,,
S2b_threshold200,CD_PC,BaseVAE,2024,DeconvSC,200,LDK1;LDK2;LDK3,3,358,pooled_centered,cellwise_log1p_cp10k,celltype_specific,average,4,0.0,0.02,0.029486357932616787,0.015256539061776549,0.728221779929819,0.7021978573508921,,,,,,,,,,,
S2b_threshold200,CD_PC,DeconvSC,2025,DeconvSC,200,LDK1;LDK2;LDK3,3,358,pooled_centered,cellwise_log1p_cp10k,celltype_specific,average,4,0.0,0.024,0.01201257845962891,0.004831178251010376,0.2901312155389339,0.24855312198255958,,,,,,,,,,,
S2b_threshold200,CD_PC,BaseVAE,2025,DeconvSC,200,LDK1;LDK2;LDK3,3,358,pooled_centered,cellwise_log1p_cp10k,celltype_specific,average,4,0.0,0.02,0.0296194957272153,0.01530365307845793,0.7330008670098606,0.707040012036188,,,,,,,,,,,
S2b_threshold200,CD_PC,DeconvSC,2026,DeconvSC,200,LDK1;LDK2;LDK3,3,358,pooled_centered,cellwise_log1p_cp10k,celltype_specific,average,4,0.0,0.024,0.011868686904430891,0.004681480179999074,0.2842377753472418,0.2444892077819339,,,,,,,,,,,
S2b_threshold200,CD_PC,BaseVAE,2026,DeconvSC,200,LDK1;LDK2;LDK3,3,358,pooled_centered,cellwise_log1p_cp10k,celltype_specific,average,4,0.0,0.02,0.029628269608274516,0.0155242527477197,0.7331005422218347,0.7093258551002695,,,,,,,,,,,
S2b_threshold200,CD_PC,DeconvSC,2027,DeconvSC,200,LDK1;LDK2;LDK3,3,358,pooled_centered,cellwise_log1p_cp10k,celltype_specific,average,4,0.0,0.024,0.011798378051426044,0.004779747070733719,0.2858332101792382,0.24727592406013538,,,,,,,,,,,
S2b_threshold200,CD_PC,BaseVAE,2027,DeconvSC,200,LDK1;LDK2;LDK3,3,358,pooled_centered,cellwise_log1p_cp10k,celltype_specific,average,4,0.0,0.02,0.030304452953640607,0.015519353440164427,0.739406136123356,0.7156213669539625,,,,,,,,,,,
S2b_threshold200,CD_PC,DeconvSC,2028,DeconvSC,200,LDK1;LDK2;LDK3,3,358,pooled_centered,cellwise_log1p_cp10k,celltype_specific,average,4,0.0,0.024,0.011801712653584292,0.0047058570781509,0.2883717024370016,0.24762802890333666,,,,,,,,,,,
S2b_threshold200,CD_PC,BaseVAE,2028,DeconvSC,200,LDK1;LDK2;LDK3,3,358,pooled_centered,cellwise_log1p_cp10k,celltype_specific,average,4,0.0,0.02,0.030118091883731234,0.015435813910134887,0.7394285627280823,0.7168551054520103,,,,,,,,,,,
S2b_threshold200,CD_PC,DeconvSC,2029,DeconvSC,200,LDK1;LDK2;LDK3,3,358,pooled_centered,cellwise_log1p_cp10k,celltype_specific,average,4,0.0,0.024,0.01165662945998068,0.004669211886882359,0.2838954256128319,0.24585044263309883,,,,,,,,,,,
S2b_threshold200,CD_PC,BaseVAE,2029,DeconvSC,200,LDK1;LDK2;LDK3,3,358,pooled_centered,cellwise_log1p_cp10k,celltype_specific,average,4,0.0,0.02,0.030183829492191876,0.015485594988657175,0.7406416927603627,0.7178315908025386,,,,,,,,,,,
S2b_threshold200,CD_PC,DeconvSC,2030,DeconvSC,200,LDK1;LDK2;LDK3,3,358,pooled_centered,cellwise_log1p_cp10k,celltype_specific,average,4,0.0,0.024,0.011789968349079328,0.00473462527576664,0.2822145130367206,0.24323174414733645,,,,,,,,,,,
S2b_threshold200,CD_PC,BaseVAE,2030,DeconvSC,200,LDK1;LDK2;LDK3,3,358,pooled_centered,cellwise_log1p_cp10k,celltype_specific,average,4,0.0,0.02,0.029724776317223926,0.015349246037502132,0.729310673999838,0.703221360054865,,,,,,,,,,,
S2b_threshold200,CD_PC,DeconvSC,2031,DeconvSC,200,LDK1;LDK2;LDK3,3,358,pooled_centered,cellwise_log1p_cp10k,celltype_specific,average,4,0.0,0.024,0.011542892331309425,0.00463530621081093,0.2818546987716083,0.2414191137306022,,,,,,,,,,,
S2b_threshold200,CD_PC,BaseVAE,2031,DeconvSC,200,LDK1;LDK2;LDK3,3,358,pooled_centered,cellwise_log1p_cp10k,celltype_specific,average,4,0.0,0.02,0.029463029776220288,0.015293682926046366,0.7288780406984443,0.703520838547999,,,,,,,,,,,
S2b_threshold200,CD_PC,DeconvSC,2032,DeconvSC,200,LDK1;LDK2;LDK3,3,358,pooled_centered,cellwise_log1p_cp10k,celltype_specific,average,4,0.0,0.024,0.011930173318745062,0.004832862234587458,0.28646284855360477,0.24459956142538786,,,,,,,,,,,
S2b_threshold200,CD_PC,BaseVAE,2032,DeconvSC,200,LDK1;LDK2;LDK3,3,358,pooled_centered,cellwise_log1p_cp10k,celltype_specific,average,4,0.0,0.02,0.02926660906789063,0.015508649598723064,0.731236955193107,0.7057052771835828,,,,,,,,,,,
S2b_threshold200,CD_PC,DeconvSC,2033,DeconvSC,200,LDK1;LDK2;LDK3,3,358,pooled_centered,cellwise_log1p_cp10k,celltype_specific,average,4,0.0,0.024,0.01155122339436828,0.0047148940703777295,0.2827586540428302,0.24302752062478133,,,,,,,,,,,
S2b_threshold200,CD_PC,BaseVAE,2033,DeconvSC,200,LDK1;LDK2;LDK3,3,358,pooled_centered,cellwise_log1p_cp10k,celltype_specific,average,4,0.0,0.02,0.030194013210802808,0.015419530720034692,0.7381873787979442,0.714814557794113,,,,,,,,,,,
S2b_threshold200,DCT,DeconvSC,2024,DeconvSC,200,LDK1;LDK2;LDK3,3,245,pooled_centered,cellwise_log1p_cp10k,celltype_specific,average,4,0.0,0.018,0.01795314986900807,0.017892533550910594,0.32303083431526486,0.2963885015477858,,,,,,,,,,,
S2b_threshold200,DCT,BaseVAE,2024,DeconvSC,200,LDK1;LDK2;LDK3,3,245,pooled_centered,cellwise_log1p_cp10k,celltype_specific,average,4,0.0,0.014,0.04633607778425489,0.03578245668139664,0.7805897781348632,0.7859105314574768,,,,,,,,,,,
S2b_threshold200,DCT,DeconvSC,2025,DeconvSC,200,LDK1;LDK2;LDK3,3,245,pooled_centered,cellwise_log1p_cp10k,celltype_specific,average,4,0.0,0.018,0.017954216909560304,0.017155121539757127,0.3137874390981814,0.2851891289238012,,,,,,,,,,,
S2b_threshold200,DCT,BaseVAE,2025,DeconvSC,200,LDK1;LDK2;LDK3,3,245,pooled_centered,cellwise_log1p_cp10k,celltype_specific,average,4,0.0,0.014,0.046089880464742904,0.03399547098121759,0.7684106210598389,0.7723282199436113,,,,,,,,,,,
S2b_threshold200,DCT,DeconvSC,2026,DeconvSC,200,LDK1;LDK2;LDK3,3,245,pooled_centered,cellwise_log1p_cp10k,celltype_specific,average,4,0.0,0.018,0.01890274129029087,0.018467452909876548,0.31780389559676797,0.28991411506405007,,,,,,,,,,,
S2b_threshold200,DCT,BaseVAE,2026,DeconvSC,200,LDK1;LDK2;LDK3,3,245,pooled_centered,cellwise_log1p_cp10k,celltype_specific,average,4,0.0,0.014,0.046708696438437086,0.035385026692015716,0.7709994089010778,0.7764424795068556,,,,,,,,,,,
S2b_threshold200,DCT,DeconvSC,2027,DeconvSC,200,LDK1;LDK2;LDK3,3,245,pooled_centered,cellwise_log1p_cp10k,celltype_specific,average,4,0.0,0.018,0.017727414101584547,0.01778494583067246,0.31673022911532045,0.2898442658258844,,,,,,,,,,,
S2b_threshold200,DCT,BaseVAE,2027,DeconvSC,200,LDK1;LDK2;LDK3,3,245,pooled_centered,cellwise_log1p_cp10k,celltype_specific,average,4,0.0,0.014,0.04582219248522024,0.03575218956672112,0.7742384658381662,0.7808482473276652,,,,,,,,,,,
S2b_threshold200,DCT,DeconvSC,2028,DeconvSC,200,LDK1;LDK2;LDK3,3,245,pooled_centered,cellwise_log1p_cp10k,celltype_specific,average,4,0.0,0.018,0.01789063397578575,0.01823530371802751,0.31566526210972906,0.2892338244473004,,,,,,,,,,,
S2b_threshold200,DCT,BaseVAE,2028,DeconvSC,200,LDK1;LDK2;LDK3,3,245,pooled_centered,cellwise_log1p_cp10k,celltype_specific,average,4,0.0,0.014,0.04558191188214371,0.035134799712032636,0.7644426908220597,0.7697253441149204,,,,,,,,,,,
S2b_threshold200,DCT,DeconvSC,2029,DeconvSC,200,LDK1;LDK2;LDK3,3,245,pooled_centered,cellwise_log1p_cp10k,celltype_specific,average,4,0.0,0.018,0.0184255406694442,0.01858519149279766,0.3178113675937673,0.2908830128414538,,,,,,,,,,,
S2b_threshold200,DCT,BaseVAE,2029,DeconvSC,200,LDK1;LDK2;LDK3,3,245,pooled_centered,cellwise_log1p_cp10k,celltype_specific,average,4,0.0,0.014,0.04538571936667706,0.03523505851609544,0.7607042508755256,0.7635038611773854,,,,,,,,,,,
S2b_threshold200,DCT,DeconvSC,2030,DeconvSC,200,LDK1;LDK2;LDK3,3,245,pooled_centered,cellwise_log1p_cp10k,celltype_specific,average,4,0.0,0.018,0.01753427385179663,0.016968048540532927,0.31269047891866475,0.286764289696627,,,,,,,,,,,
S2b_threshold200,DCT,BaseVAE,2030,DeconvSC,200,LDK1;LDK2;LDK3,3,245,pooled_centered,cellwise_log1p_cp10k,celltype_specific,average,4,0.0,0.014,0.04542387022428608,0.03359242065524546,0.7642826249335715,0.7677566021764575,,,,,,,,,,,
S2b_threshold200,DCT,DeconvSC,2031,DeconvSC,200,LDK1;LDK2;LDK3,3,245,pooled_centered,cellwise_log1p_cp10k,celltype_specific,average,4,0.0,0.018,0.01924356853518623,0.019454185116656492,0.3353498760980228,0.3105238453340407,,,,,,,,,,,
S2b_threshold200,DCT,BaseVAE,2031,DeconvSC,200,LDK1;LDK2;LDK3,3,245,pooled_centered,cellwise_log1p_cp10k,celltype_specific,average,4,0.0,0.014,0.04786472521877559,0.036386644573702956,0.7951227661093514,0.8005400496071,,,,,,,,,,,
S2b_threshold200,DCT,DeconvSC,2032,DeconvSC,200,LDK1;LDK2;LDK3,3,245,pooled_centered,cellwise_log1p_cp10k,celltype_specific,average,4,0.0,0.018,0.018936449056978867,0.018478287685825757,0.3276640503397531,0.3010972611137602,,,,,,,,,,,
S2b_threshold200,DCT,BaseVAE,2032,DeconvSC,200,LDK1;LDK2;LDK3,3,245,pooled_centered,cellwise_log1p_cp10k,celltype_specific,average,4,0.0,0.014,0.04691638295355732,0.03568011456500292,0.7843309961798193,0.79064099203463,,,,,,,,,,,
S2b_threshold200,DCT,DeconvSC,2033,DeconvSC,200,LDK1;LDK2;LDK3,3,245,pooled_centered,cellwise_log1p_cp10k,celltype_specific,average,4,0.0,0.018,0.019276524227303173,0.019655731925352266,0.3301621418052481,0.3052926486249505,,,,,,,,,,,
S2b_threshold200,DCT,BaseVAE,2033,DeconvSC,200,LDK1;LDK2;LDK3,3,245,pooled_centered,cellwise_log1p_cp10k,celltype_specific,average,4,0.0,0.014,0.04740023951274399,0.03644044012760276,0.7841752487627804,0.7882717151050552,,,,,,,,,,,
S2b_threshold200,PT,DeconvSC,2024,DeconvSC,200,LDK1;LDK2;LDK3,3,600,pooled_centered,cellwise_log1p_cp10k,celltype_specific,average,4,0.0,0.012,0.0036377440142924553,0.003606172552335465,0.14330920410420186,0.12051575738218061,,,,,,,,,,,
S2b_threshold200,PT,BaseVAE,2024,DeconvSC,200,LDK1;LDK2;LDK3,3,600,pooled_centered,cellwise_log1p_cp10k,celltype_specific,average,4,0.0,0.01,0.017445449472654806,0.017726475409853816,0.6480488801040107,0.5997037775601979,,,,,,,,,,,
S2b_threshold200,PT,DeconvSC,2025,DeconvSC,200,LDK1;LDK2;LDK3,3,600,pooled_centered,cellwise_log1p_cp10k,celltype_specific,average,4,0.0,0.014,0.0038358727468330123,0.00368730419322396,0.14813866797505199,0.12485600262995394,,,,,,,,,,,
S2b_threshold200,PT,BaseVAE,2025,DeconvSC,200,LDK1;LDK2;LDK3,3,600,pooled_centered,cellwise_log1p_cp10k,celltype_specific,average,4,0.0,0.01,0.01743548787831833,0.017737707570047896,0.646857393951321,0.600512664076801,,,,,,,,,,,
S2b_threshold200,PT,DeconvSC,2026,DeconvSC,200,LDK1;LDK2;LDK3,3,600,pooled_centered,cellwise_log1p_cp10k,celltype_specific,average,4,0.0,0.012,0.003928101621828631,0.0037469760921711314,0.14942580519436083,0.1262780043637636,,,,,,,,,,,
S2b_threshold200,PT,BaseVAE,2026,DeconvSC,200,LDK1;LDK2;LDK3,3,600,pooled_centered,cellwise_log1p_cp10k,celltype_specific,average,4,0.0,0.01,0.017531322087560863,0.017945678536351033,0.6519411342748409,0.6075709366804972,,,,,,,,,,,
S2b_threshold200,PT,DeconvSC,2027,DeconvSC,200,LDK1;LDK2;LDK3,3,600,pooled_centered,cellwise_log1p_cp10k,celltype_specific,average,4,0.0,0.012,0.003907335493131268,0.003931164773715249,0.15140666299538313,0.12685240381390217,,,,,,,,,,,
S2b_threshold200,PT,BaseVAE,2027,DeconvSC,200,LDK1;LDK2;LDK3,3,600,pooled_centered,cellwise_log1p_cp10k,celltype_specific,average,4,0.0,0.01,0.01746708249531114,0.01780615561372071,0.6490736223241168,0.6036373226201764,,,,,,,,,,,
S2b_threshold200,PT,DeconvSC,2028,DeconvSC,200,LDK1;LDK2;LDK3,3,600,pooled_centered,cellwise_log1p_cp10k,celltype_specific,average,4,0.0,0.014,0.003689023728477572,0.0037264479152532034,0.14556900822057417,0.1221921509476227,,,,,,,,,,,
S2b_threshold200,PT,BaseVAE,2028,DeconvSC,200,LDK1;LDK2;LDK3,3,600,pooled_centered,cellwise_log1p_cp10k,celltype_specific,average,4,0.0,0.01,0.017658433316609767,0.018060371522462877,0.6511440539894511,0.6047533422121422,,,,,,,,,,,
S2b_threshold200,PT,DeconvSC,2029,DeconvSC,200,LDK1;LDK2;LDK3,3,600,pooled_centered,cellwise_log1p_cp10k,celltype_specific,average,4,0.0,0.012,0.0036714583597158637,0.0036319645010006946,0.14163268902022097,0.11844209706439608,,,,,,,,,,,
S2b_threshold200,PT,BaseVAE,2029,DeconvSC,200,LDK1;LDK2;LDK3,3,600,pooled_centered,cellwise_log1p_cp10k,celltype_specific,average,4,0.0,0.01,0.017562887871653013,0.017977595377891488,0.6518999594919261,0.6056652364807926,,,,,,,,,,,
S2b_threshold200,PT,DeconvSC,2030,DeconvSC,200,LDK1;LDK2;LDK3,3,600,pooled_centered,cellwise_log1p_cp10k,celltype_specific,average,4,0.0,0.014,0.0035227092008530457,0.0035026949990869163,0.14096701561438615,0.11864429124131605,,,,,,,,,,,
S2b_threshold200,PT,BaseVAE,2030,DeconvSC,200,LDK1;LDK2;LDK3,3,600,pooled_centered,cellwise_log1p_cp10k,celltype_specific,average,4,0.0,0.01,0.01759345610523717,0.018055663918114695,0.6529709089340936,0.6068878069049382,,,,,,,,,,,
S2b_threshold200,PT,DeconvSC,2031,DeconvSC,200,LDK1;LDK2;LDK3,3,600,pooled_centered,cellwise_log1p_cp10k,celltype_specific,average,4,0.0,0.012,0.003762365460130221,0.003867791196979418,0.14640628706525702,0.12378238027649838,,,,,,,,,,,
S2b_threshold200,PT,BaseVAE,2031,DeconvSC,200,LDK1;LDK2;LDK3,3,600,pooled_centered,cellwise_log1p_cp10k,celltype_specific,average,4,0.0,0.01,0.017887065438437717,0.017990631824951576,0.6609926650214345,0.6181815835557541,,,,,,,,,,,
S2b_threshold200,PT,DeconvSC,2032,DeconvSC,200,LDK1;LDK2;LDK3,3,600,pooled_centered,cellwise_log1p_cp10k,celltype_specific,average,4,0.0,0.012,0.003756316455500605,0.0038842818105987685,0.1454998051245382,0.12323320981523152,,,,,,,,,,,
S2b_threshold200,PT,BaseVAE,2032,DeconvSC,200,LDK1;LDK2;LDK3,3,600,pooled_centered,cellwise_log1p_cp10k,celltype_specific,average,4,0.0,0.01,0.017189108461190348,0.01761058066869313,0.6426594790806988,0.5933394066820868,,,,,,,,,,,
S2b_threshold200,PT,DeconvSC,2033,DeconvSC,200,LDK1;LDK2;LDK3,3,600,pooled_centered,cellwise_log1p_cp10k,celltype_specific,average,4,0.0,0.012,0.0037790217941124403,0.003732214453068808,0.14562114581665106,0.123187280504786,,,,,,,,,,,
S2b_threshold200,PT,BaseVAE,2033,DeconvSC,200,LDK1;LDK2;LDK3,3,600,pooled_centered,cellwise_log1p_cp10k,celltype_specific,average,4,0.0,0.01,0.017440071911581336,0.017824179908703292,0.6487209461099499,0.6031415139506984,,,,,,,,,,,
S2b_threshold200,aLOH,DeconvSC,2024,DeconvSC,200,LDK1;LDK2;LDK3,3,600,pooled_centered,cellwise_log1p_cp10k,celltype_specific,average,4,0.0,0.014,0.020166828362766155,0.01960804729855458,0.30867043177497344,0.2913428714396994,,,,,,,,,,,
S2b_threshold200,aLOH,BaseVAE,2024,DeconvSC,200,LDK1;LDK2;LDK3,3,600,pooled_centered,cellwise_log1p_cp10k,celltype_specific,average,4,0.0,0.008,0.05080643648498587,0.03783720223323369,0.7384273751455244,0.7436194020648346,,,,,,,,,,,
S2b_threshold200,aLOH,DeconvSC,2025,DeconvSC,200,LDK1;LDK2;LDK3,3,600,pooled_centered,cellwise_log1p_cp10k,celltype_specific,average,4,0.0,0.014,0.02248841745447859,0.02217848758162685,0.3261084530964245,0.3103870433663688,,,,,,,,,,,
S2b_threshold200,aLOH,BaseVAE,2025,DeconvSC,200,LDK1;LDK2;LDK3,3,600,pooled_centered,cellwise_log1p_cp10k,celltype_specific,average,4,0.0,0.008,0.05173780221267493,0.03887624136876648,0.7415454538463231,0.7464995122248467,,,,,,,,,,,
S2b_threshold200,aLOH,DeconvSC,2026,DeconvSC,200,LDK1;LDK2;LDK3,3,600,pooled_centered,cellwise_log1p_cp10k,celltype_specific,average,4,0.0,0.014,0.02134301479804851,0.021404894395672728,0.3174067540679982,0.30230664199714363,,,,,,,,,,,
S2b_threshold200,aLOH,BaseVAE,2026,DeconvSC,200,LDK1;LDK2;LDK3,3,600,pooled_centered,cellwise_log1p_cp10k,celltype_specific,average,4,0.0,0.008,0.0511550144307931,0.037726079815335274,0.7366631122743732,0.7417217871801305,,,,,,,,,,,
S2b_threshold200,aLOH,DeconvSC,2027,DeconvSC,200,LDK1;LDK2;LDK3,3,600,pooled_centered,cellwise_log1p_cp10k,celltype_specific,average,4,0.0,0.014,0.019581038524084982,0.019129685911898998,0.29398566223135764,0.2752133521932281,,,,,,,,,,,
S2b_threshold200,aLOH,BaseVAE,2027,DeconvSC,200,LDK1;LDK2;LDK3,3,600,pooled_centered,cellwise_log1p_cp10k,celltype_specific,average,4,0.0,0.008,0.04984013311579915,0.03723667371857492,0.7275970494798153,0.7333022577862149,,,,,,,,,,,
S2b_threshold200,aLOH,DeconvSC,2028,DeconvSC,200,LDK1;LDK2;LDK3,3,600,pooled_centered,cellwise_log1p_cp10k,celltype_specific,average,4,0.0,0.014,0.021593343513875218,0.02117016586360026,0.32248109158391325,0.30552620933436714,,,,,,,,,,,
S2b_threshold200,aLOH,BaseVAE,2028,DeconvSC,200,LDK1;LDK2;LDK3,3,600,pooled_centered,cellwise_log1p_cp10k,celltype_specific,average,4,0.0,0.008,0.05165614433371391,0.03845120176230435,0.7437404003033369,0.7495401592468331,,,,,,,,,,,
S2b_threshold200,aLOH,DeconvSC,2029,DeconvSC,200,LDK1;LDK2;LDK3,3,600,pooled_centered,cellwise_log1p_cp10k,celltype_specific,average,4,0.0,0.014,0.021786927933107735,0.021498735187391337,0.31874370336617724,0.30259862298365375,,,,,,,,,,,
S2b_threshold200,aLOH,BaseVAE,2029,DeconvSC,200,LDK1;LDK2;LDK3,3,600,pooled_centered,cellwise_log1p_cp10k,celltype_specific,average,4,0.0,0.008,0.051238035801527505,0.03776154300643539,0.7400872264210201,0.7451945882717151,,,,,,,,,,,
S2b_threshold200,aLOH,DeconvSC,2030,DeconvSC,200,LDK1;LDK2;LDK3,3,600,pooled_centered,cellwise_log1p_cp10k,celltype_specific,average,4,0.0,0.014,0.021638208250222717,0.02161574286061218,0.3241266590903224,0.3073051091654082,,,,,,,,,,,
S2b_threshold200,aLOH,BaseVAE,2030,DeconvSC,200,LDK1;LDK2;LDK3,3,600,pooled_centered,cellwise_log1p_cp10k,celltype_specific,average,4,0.0,0.008,0.05133863259187152,0.03819505957136751,0.7405827737497348,0.7463139898952005,,,,,,,,,,,
S2b_threshold200,aLOH,DeconvSC,2031,DeconvSC,200,LDK1;LDK2;LDK3,3,600,pooled_centered,cellwise_log1p_cp10k,celltype_specific,average,4,0.0,0.014,0.020444263491126456,0.02022879497057183,0.30519645138198476,0.2889326481194472,,,,,,,,,,,
S2b_threshold200,aLOH,BaseVAE,2031,DeconvSC,200,LDK1;LDK2;LDK3,3,600,pooled_centered,cellwise_log1p_cp10k,celltype_specific,average,4,0.0,0.008,0.049924199826509585,0.0362249262224435,0.7259526773095804,0.7305505801820498,,,,,,,,,,,
S2b_threshold200,aLOH,DeconvSC,2032,DeconvSC,200,LDK1;LDK2;LDK3,3,600,pooled_centered,cellwise_log1p_cp10k,celltype_specific,average,4,0.0,0.014,0.02078318236803836,0.020066028017915565,0.31477728708474495,0.29966694552861506,,,,,,,,,,,
S2b_threshold200,aLOH,BaseVAE,2032,DeconvSC,200,LDK1;LDK2;LDK3,3,600,pooled_centered,cellwise_log1p_cp10k,celltype_specific,average,4,0.0,0.008,0.050432331483961354,0.03721658006861732,0.7313739952354091,0.7369626372111621,,,,,,,,,,,
S2b_threshold200,aLOH,DeconvSC,2033,DeconvSC,200,LDK1;LDK2;LDK3,3,600,pooled_centered,cellwise_log1p_cp10k,celltype_specific,average,4,0.0,0.014,0.02006768625318913,0.01919538352217482,0.30127143602839745,0.2865779625357911,,,,,,,,,,,
S2b_threshold200,aLOH,BaseVAE,2033,DeconvSC,200,LDK1;LDK2;LDK3,3,600,pooled_centered,cellwise_log1p_cp10k,celltype_specific,average,4,0.0,0.008,0.050641345699379364,0.03710274205752425,0.733787214313834,0.7386999560629055,,,,,,,,,,,
S3_no_donor_centering,CD_PC,DeconvSC,2024,DeconvSC,100,LDK1;LDK2;LDK3,3,358,pooled_uncentered,cellwise_log1p_cp10k,celltype_specific,average,4,0.0,0.024,0.01181488054766931,0.004723966391067845,0.286037995607221,0.24568808549676446,,,,,,,,,,,
S3_no_donor_centering,CD_PC,BaseVAE,2024,DeconvSC,100,LDK1;LDK2;LDK3,3,358,pooled_uncentered,cellwise_log1p_cp10k,celltype_specific,average,4,0.0,0.02,0.029530147390698,0.015245675263329497,0.7286130280422114,0.7026824187849471,,,,,,,,,,,
S3_no_donor_centering,CD_PC,DeconvSC,2025,DeconvSC,100,LDK1;LDK2;LDK3,3,358,pooled_uncentered,cellwise_log1p_cp10k,celltype_specific,average,4,0.0,0.024,0.012010416374817654,0.004830664826644799,0.2900227928593914,0.24851604441837621,,,,,,,,,,,
S3_no_donor_centering,CD_PC,BaseVAE,2025,DeconvSC,100,LDK1;LDK2;LDK3,3,358,pooled_uncentered,cellwise_log1p_cp10k,celltype_specific,average,4,0.0,0.02,0.029634644872338405,0.015291712070223392,0.73307187150432,0.7071664179843302,,,,,,,,,,,
S3_no_donor_centering,CD_PC,DeconvSC,2026,DeconvSC,100,LDK1;LDK2;LDK3,3,358,pooled_uncentered,cellwise_log1p_cp10k,celltype_specific,average,4,0.0,0.024,0.01187925087039961,0.00467322442752847,0.2836576019746257,0.24452266273334686,,,,,,,,,,,
S3_no_donor_centering,CD_PC,BaseVAE,2026,DeconvSC,100,LDK1;LDK2;LDK3,3,358,pooled_uncentered,cellwise_log1p_cp10k,celltype_specific,average,4,0.0,0.02,0.029691069118389507,0.015518205509619843,0.7331635544693457,0.7093247345464667,,,,,,,,,,,
S3_no_donor_centering,CD_PC,DeconvSC,2027,DeconvSC,100,LDK1;LDK2;LDK3,3,358,pooled_uncentered,cellwise_log1p_cp10k,celltype_specific,average,4,0.0,0.024,0.011784203290462555,0.0047605604813792885,0.28537029909126216,0.24713496727357598,,,,,,,,,,,
S3_no_donor_centering,CD_PC,BaseVAE,2027,DeconvSC,100,LDK1;LDK2;LDK3,3,358,pooled_uncentered,cellwise_log1p_cp10k,celltype_specific,average,4,0.0,0.02,0.030328385462749304,0.015512556301884018,0.7396987579612229,0.7159921162350467,,,,,,,,,,,
S3_no_donor_centering,CD_PC,DeconvSC,2028,DeconvSC,100,LDK1;LDK2;LDK3,3,358,pooled_uncentered,cellwise_log1p_cp10k,celltype_specific,average,4,0.0,0.024,0.011800838583446846,0.004691708631120794,0.28803152055447184,0.2474074106164177,,,,,,,,,,,
S3_no_donor_centering,CD_PC,BaseVAE,2028,DeconvSC,100,LDK1;LDK2;LDK3,3,358,pooled_uncentered,cellwise_log1p_cp10k,celltype_specific,average,4,0.0,0.02,0.030130385179554447,0.015449031326646882,0.7398630005675023,0.7172543459756586,,,,,,,,,,,
S3_no_donor_centering,CD_PC,DeconvSC,2029,DeconvSC,100,LDK1;LDK2;LDK3,3,358,pooled_uncentered,cellwise_log1p_cp10k,celltype_specific,average,4,0.0,0.024,0.011648539500062019,0.004664944137236313,0.28367823379991475,0.24554207186661658,,,,,,,,,,,
S3_no_donor_centering,CD_PC,BaseVAE,2029,DeconvSC,100,LDK1;LDK2;LDK3,3,358,pooled_uncentered,cellwise_log1p_cp10k,celltype_specific,average,4,0.0,0.02,0.030179847688821728,0.015488047845182575,0.7407598368785268,0.7179251927840252,,,,,,,,,,,
S3_no_donor_centering,CD_PC,DeconvSC,2030,DeconvSC,100,LDK1;LDK2;LDK3,3,358,pooled_uncentered,cellwise_log1p_cp10k,celltype_specific,average,4,0.0,0.024,0.01181700695694778,0.004734870124956605,0.2821301435536401,0.24369132210766584,,,,,,,,,,,
S3_no_donor_centering,CD_PC,BaseVAE,2030,DeconvSC,100,LDK1;LDK2;LDK3,3,358,pooled_uncentered,cellwise_log1p_cp10k,celltype_specific,average,4,0.0,0.02,0.029751782040254502,0.01533238670121749,0.7292444653392731,0.7031153829360061,,,,,,,,,,,
S3_no_donor_centering,CD_PC,DeconvSC,2031,DeconvSC,100,LDK1;LDK2;LDK3,3,358,pooled_uncentered,cellwise_log1p_cp10k,celltype_specific,average,4,0.0,0.024,0.011535759953703404,0.00461709690884833,0.28140322306587073,0.24068660918302306,,,,,,,,,,,
S3_no_donor_centering,CD_PC,BaseVAE,2031,DeconvSC,100,LDK1;LDK2;LDK3,3,358,pooled_uncentered,cellwise_log1p_cp10k,celltype_specific,average,4,0.0,0.02,0.029454532769405684,0.015278008601400201,0.7287444783171815,0.7032839855728192,,,,,,,,,,,
S3_no_donor_centering,CD_PC,DeconvSC,2032,DeconvSC,100,LDK1;LDK2;LDK3,3,358,pooled_uncentered,cellwise_log1p_cp10k,celltype_specific,average,4,0.0,0.024,0.011877092566766863,0.004830764380124536,0.28585834751371314,0.24400953013653193,,,,,,,,,,,
S3_no_donor_centering,CD_PC,BaseVAE,2032,DeconvSC,100,LDK1;LDK2;LDK3,3,358,pooled_uncentered,cellwise_log1p_cp10k,celltype_specific,average,4,0.0,0.02,0.029237494868739423,0.01549352258057667,0.7308074514787439,0.7052262407147583,,,,,,,,,,,
S3_no_donor_centering,CD_PC,DeconvSC,2033,DeconvSC,100,LDK1;LDK2;LDK3,3,358,pooled_uncentered,cellwise_log1p_cp10k,celltype_specific,average,4,0.0,0.024,0.011491808932611598,0.004714143150316203,0.28191893536577756,0.2426179788547673,,,,,,,,,,,
S3_no_donor_centering,CD_PC,BaseVAE,2033,DeconvSC,100,LDK1;LDK2;LDK3,3,358,pooled_uncentered,cellwise_log1p_cp10k,celltype_specific,average,4,0.0,0.02,0.030184267278142406,0.015401236403558097,0.7378991964901944,0.7147048645167461,,,,,,,,,,,
S3_no_donor_centering,CNT,DeconvSC,2024,DeconvSC,100,LDK1;LDK2;LDK3,3,151,pooled_uncentered,cellwise_log1p_cp10k,celltype_specific,average,6,0.0,0.01,0.02201129446623569,0.020368124378952652,0.2220557052295681,0.20459595108360004,,,,,,,,,,,
S3_no_donor_centering,CNT,BaseVAE,2024,DeconvSC,100,LDK1;LDK2;LDK3,3,151,pooled_uncentered,cellwise_log1p_cp10k,celltype_specific,average,6,0.0,0.008,0.08118066282214352,0.10982230054220254,0.7740541832794658,0.8031654879720694,,,,,,,,,,,
S3_no_donor_centering,CNT,DeconvSC,2025,DeconvSC,100,LDK1;LDK2;LDK3,3,151,pooled_uncentered,cellwise_log1p_cp10k,celltype_specific,average,6,0.0,0.01,0.023686326062188456,0.023110768029249395,0.23361672189627328,0.21022708723789452,,,,,,,,,,,
S3_no_donor_centering,CNT,BaseVAE,2025,DeconvSC,100,LDK1;LDK2;LDK3,3,151,pooled_uncentered,cellwise_log1p_cp10k,celltype_specific,average,6,0.0,0.008,0.08287995432935452,0.11295275775337404,0.7862012959635,0.8155419695519425,,,,,,,,,,,
S3_no_donor_centering,CNT,DeconvSC,2026,DeconvSC,100,LDK1;LDK2;LDK3,3,151,pooled_uncentered,cellwise_log1p_cp10k,celltype_specific,average,6,0.0,0.01,0.021860668134292993,0.018743451145035665,0.21748952304183403,0.19740437800075553,,,,,,,,,,,
S3_no_donor_centering,CNT,BaseVAE,2026,DeconvSC,100,LDK1;LDK2;LDK3,3,151,pooled_uncentered,cellwise_log1p_cp10k,celltype_specific,average,6,0.0,0.008,0.08077204552633944,0.10783032294096256,0.7685282966388609,0.7970997445596795,,,,,,,,,,,
S3_no_donor_centering,CNT,DeconvSC,2027,DeconvSC,100,LDK1;LDK2;LDK3,3,151,pooled_uncentered,cellwise_log1p_cp10k,celltype_specific,average,6,0.0,0.01,0.02203753538084202,0.019996862886672115,0.22355679485305335,0.2034600269570764,,,,,,,,,,,
S3_no_donor_centering,CNT,BaseVAE,2027,DeconvSC,100,LDK1;LDK2;LDK3,3,151,pooled_uncentered,cellwise_log1p_cp10k,celltype_specific,average,6,0.0,0.008,0.08135187986424584,0.11070187551701324,0.7755096358397472,0.8046908336544604,,,,,,,,,,,
S3_no_donor_centering,CNT,DeconvSC,2028,DeconvSC,100,LDK1;LDK2;LDK3,3,151,pooled_uncentered,cellwise_log1p_cp10k,celltype_specific,average,6,0.0,0.01,0.023268030903632594,0.024004462775828524,0.2312257778956143,0.21188717878182353,,,,,,,,,,,
S3_no_donor_centering,CNT,BaseVAE,2028,DeconvSC,100,LDK1;LDK2;LDK3,3,151,pooled_uncentered,cellwise_log1p_cp10k,celltype_specific,average,6,0.0,0.008,0.08292303403887512,0.11570127423915696,0.7907449020811242,0.8211276449324433,,,,,,,,,,,
S3_no_donor_centering,CNT,DeconvSC,2029,DeconvSC,100,LDK1;LDK2;LDK3,3,151,pooled_uncentered,cellwise_log1p_cp10k,celltype_specific,average,6,0.0,0.01,0.021841321603734,0.023289075760083953,0.2244817898250493,0.19747361210615813,,,,,,,,,,,
S3_no_donor_centering,CNT,BaseVAE,2029,DeconvSC,100,LDK1;LDK2;LDK3,3,151,pooled_uncentered,cellwise_log1p_cp10k,celltype_specific,average,6,0.0,0.008,0.08128335223243384,0.11329696960280498,0.7820052893662003,0.8093178929301862,,,,,,,,,,,
S3_no_donor_centering,CNT,DeconvSC,2030,DeconvSC,100,LDK1;LDK2;LDK3,3,151,pooled_uncentered,cellwise_log1p_cp10k,celltype_specific,average,6,0.0,0.01,0.023263393253233827,0.023968966322765278,0.23132317939908145,0.20956291908965,,,,,,,,,,,
S3_no_donor_centering,CNT,BaseVAE,2030,DeconvSC,100,LDK1;LDK2;LDK3,3,151,pooled_uncentered,cellwise_log1p_cp10k,celltype_specific,average,6,0.0,0.008,0.08183884179976932,0.11246324941151797,0.7824864978258984,0.812269904552823,,,,,,,,,,,
S3_no_donor_centering,CNT,DeconvSC,2031,DeconvSC,100,LDK1;LDK2;LDK3,3,151,pooled_uncentered,cellwise_log1p_cp10k,celltype_specific,average,6,0.0,0.01,0.02223220479733451,0.023785616508891806,0.22488864376765016,0.20418420070942542,,,,,,,,,,,
S3_no_donor_centering,CNT,BaseVAE,2031,DeconvSC,100,LDK1;LDK2;LDK3,3,151,pooled_uncentered,cellwise_log1p_cp10k,celltype_specific,average,6,0.0,0.008,0.0819243521601579,0.11400805490031946,0.7851422666773115,0.8147252907166123,,,,,,,,,,,
S3_no_donor_centering,CNT,DeconvSC,2032,DeconvSC,100,LDK1;LDK2;LDK3,3,151,pooled_uncentered,cellwise_log1p_cp10k,celltype_specific,average,6,0.0,0.01,0.022723771263438317,0.02587866254289979,0.22870512137078616,0.2043836587050494,,,,,,,,,,,
S3_no_donor_centering,CNT,BaseVAE,2032,DeconvSC,100,LDK1;LDK2;LDK3,3,151,pooled_uncentered,cellwise_log1p_cp10k,celltype_specific,average,6,0.0,0.008,0.08068378448892292,0.10901362443737767,0.7710333258786237,0.7990078269720869,,,,,,,,,,,
S3_no_donor_centering,CNT,DeconvSC,2033,DeconvSC,100,LDK1;LDK2;LDK3,3,151,pooled_uncentered,cellwise_log1p_cp10k,celltype_specific,average,6,0.0,0.01,0.021666398950375074,0.020881146119254835,0.22245631756413473,0.19880625905865865,,,,,,,,,,,
S3_no_donor_centering,CNT,BaseVAE,2033,DeconvSC,100,LDK1;LDK2;LDK3,3,151,pooled_uncentered,cellwise_log1p_cp10k,celltype_specific,average,6,0.0,0.008,0.08107815876621623,0.1118452160097892,0.7805589589631828,0.8092954961843647,,,,,,,,,,,
S3_no_donor_centering,DCT,DeconvSC,2024,DeconvSC,100,LDK1;LDK2;LDK3,3,245,pooled_uncentered,cellwise_log1p_cp10k,celltype_specific,average,4,0.0,0.018,0.018024074742959632,0.017986443211916517,0.32356173419625617,0.2973301642791424,,,,,,,,,,,
S3_no_donor_centering,DCT,BaseVAE,2024,DeconvSC,100,LDK1;LDK2;LDK3,3,245,pooled_uncentered,cellwise_log1p_cp10k,celltype_specific,average,4,0.0,0.014,0.04624042290413407,0.03584664220839787,0.7800188481109401,0.7853560115590079,,,,,,,,,,,
S3_no_donor_centering,DCT,DeconvSC,2025,DeconvSC,100,LDK1;LDK2;LDK3,3,245,pooled_uncentered,cellwise_log1p_cp10k,celltype_specific,average,4,0.0,0.018,0.017986257301728585,0.01716581829083758,0.31397926268431053,0.2854902976179584,,,,,,,,,,,
S3_no_donor_centering,DCT,BaseVAE,2025,DeconvSC,100,LDK1;LDK2;LDK3,3,245,pooled_uncentered,cellwise_log1p_cp10k,celltype_specific,average,4,0.0,0.014,0.0461585286907586,0.03403039636530536,0.7691177243013907,0.7732267791101526,,,,,,,,,,,
S3_no_donor_centering,DCT,DeconvSC,2026,DeconvSC,100,LDK1;LDK2;LDK3,3,245,pooled_uncentered,cellwise_log1p_cp10k,celltype_specific,average,4,0.0,0.018,0.018948342993788364,0.01849971593578577,0.31838031602534733,0.2904848906341978,,,,,,,,,,,
S3_no_donor_centering,DCT,BaseVAE,2026,DeconvSC,100,LDK1;LDK2;LDK3,3,245,pooled_uncentered,cellwise_log1p_cp10k,celltype_specific,average,4,0.0,0.014,0.04680713004403249,0.03542642896073518,0.7720314570988591,0.7775479707838047,,,,,,,,,,,
S3_no_donor_centering,DCT,DeconvSC,2027,DeconvSC,100,LDK1;LDK2;LDK3,3,245,pooled_uncentered,cellwise_log1p_cp10k,celltype_specific,average,4,0.0,0.018,0.01780513237834342,0.017879398670538935,0.31710441735457173,0.2903628719817327,,,,,,,,,,,
S3_no_donor_centering,DCT,BaseVAE,2027,DeconvSC,100,LDK1;LDK2;LDK3,3,245,pooled_uncentered,cellwise_log1p_cp10k,celltype_specific,average,4,0.0,0.014,0.04592964469723691,0.035822064589862895,0.7748475087700198,0.7815544835011409,,,,,,,,,,,
S3_no_donor_centering,DCT,DeconvSC,2028,DeconvSC,100,LDK1;LDK2;LDK3,3,245,pooled_uncentered,cellwise_log1p_cp10k,celltype_specific,average,4,0.0,0.018,0.017953796482399698,0.018351327887141604,0.31622524952498376,0.2897408836381353,,,,,,,,,,,
S3_no_donor_centering,DCT,BaseVAE,2028,DeconvSC,100,LDK1;LDK2;LDK3,3,245,pooled_uncentered,cellwise_log1p_cp10k,celltype_specific,average,4,0.0,0.014,0.04554632941544915,0.03515016992185304,0.7642535672071611,0.7695648917168507,,,,,,,,,,,
S3_no_donor_centering,DCT,DeconvSC,2029,DeconvSC,100,LDK1;LDK2;LDK3,3,245,pooled_uncentered,cellwise_log1p_cp10k,celltype_specific,average,4,0.0,0.018,0.018312218944565504,0.018450264447597724,0.3166528660074551,0.2897372650035533,,,,,,,,,,,
S3_no_donor_centering,DCT,BaseVAE,2029,DeconvSC,100,LDK1;LDK2;LDK3,3,245,pooled_uncentered,cellwise_log1p_cp10k,celltype_specific,average,4,0.0,0.014,0.04535334581706606,0.03512641386524658,0.760482117721703,0.7634294054339028,,,,,,,,,,,
S3_no_donor_centering,DCT,DeconvSC,2030,DeconvSC,100,LDK1;LDK2;LDK3,3,245,pooled_uncentered,cellwise_log1p_cp10k,celltype_specific,average,4,0.0,0.018,0.01759983058567076,0.016981067860502883,0.3133411280719365,0.2876886571643264,,,,,,,,,,,
S3_no_donor_centering,DCT,BaseVAE,2030,DeconvSC,100,LDK1;LDK2;LDK3,3,245,pooled_uncentered,cellwise_log1p_cp10k,celltype_specific,average,4,0.0,0.014,0.04542239422586572,0.03361763225147321,0.7644933394019084,0.7680702973227618,,,,,,,,,,,
S3_no_donor_centering,DCT,DeconvSC,2031,DeconvSC,100,LDK1;LDK2;LDK3,3,245,pooled_uncentered,cellwise_log1p_cp10k,celltype_specific,average,4,0.0,0.018,0.0193147586615314,0.01950411800625683,0.33615589702384496,0.3114247370194262,,,,,,,,,,,
S3_no_donor_centering,DCT,BaseVAE,2031,DeconvSC,100,LDK1;LDK2;LDK3,3,245,pooled_uncentered,cellwise_log1p_cp10k,celltype_specific,average,4,0.0,0.014,0.04797263984498218,0.03648139762217692,0.7966386892033499,0.8024079555910377,,,,,,,,,,,
S3_no_donor_centering,DCT,DeconvSC,2032,DeconvSC,100,LDK1;LDK2;LDK3,3,245,pooled_uncentered,cellwise_log1p_cp10k,celltype_specific,average,4,0.0,0.018,0.018890561229776594,0.0183233614590435,0.3270166549438286,0.30042479231831487,,,,,,,,,,,
S3_no_donor_centering,DCT,BaseVAE,2032,DeconvSC,100,LDK1;LDK2;LDK3,3,245,pooled_uncentered,cellwise_log1p_cp10k,celltype_specific,average,4,0.0,0.014,0.046841040105354954,0.03552929919023045,0.7837072506500501,0.7899298287464407,,,,,,,,,,,
S3_no_donor_centering,DCT,DeconvSC,2033,DeconvSC,100,LDK1;LDK2;LDK3,3,245,pooled_uncentered,cellwise_log1p_cp10k,celltype_specific,average,4,0.0,0.018,0.01917734311702249,0.019621444557028682,0.32925406608220276,0.3048442858656458,,,,,,,,,,,
S3_no_donor_centering,DCT,BaseVAE,2033,DeconvSC,100,LDK1;LDK2;LDK3,3,245,pooled_uncentered,cellwise_log1p_cp10k,celltype_specific,average,4,0.0,0.014,0.04712233244379726,0.03645750186808045,0.7825995696617802,0.7866760288001899,,,,,,,,,,,
S3_no_donor_centering,MC,DeconvSC,2024,DeconvSC,100,LDK1;LDK2;LDK3,3,196,pooled_uncentered,cellwise_log1p_cp10k,celltype_specific,average,6,0.0,0.072,0.018881230386490696,0.020804159827465942,0.2828062208922644,0.2548832197795169,,,,,,,,,,,
S3_no_donor_centering,MC,BaseVAE,2024,DeconvSC,100,LDK1;LDK2;LDK3,3,196,pooled_uncentered,cellwise_log1p_cp10k,celltype_specific,average,6,0.0,0.078,0.05664765146944814,0.05688915482972702,0.7297370786925833,0.7298973959138761,,,,,,,,,,,
S3_no_donor_centering,MC,DeconvSC,2025,DeconvSC,100,LDK1;LDK2;LDK3,3,196,pooled_uncentered,cellwise_log1p_cp10k,celltype_specific,average,6,0.0,0.072,0.018898253626095988,0.021028517610281853,0.2860219138396953,0.25248004020580433,,,,,,,,,,,
S3_no_donor_centering,MC,BaseVAE,2025,DeconvSC,100,LDK1;LDK2;LDK3,3,196,pooled_uncentered,cellwise_log1p_cp10k,celltype_specific,average,6,0.0,0.078,0.05652143781164031,0.05606379444905605,0.7282357915736407,0.7267198823504398,,,,,,,,,,,
S3_no_donor_centering,MC,DeconvSC,2026,DeconvSC,100,LDK1;LDK2;LDK3,3,196,pooled_uncentered,cellwise_log1p_cp10k,celltype_specific,average,6,0.0,0.072,0.019865237518706575,0.0225107786076487,0.2918564118020038,0.26274599840700635,,,,,,,,,,,
S3_no_donor_centering,MC,BaseVAE,2026,DeconvSC,100,LDK1;LDK2;LDK3,3,196,pooled_uncentered,cellwise_log1p_cp10k,celltype_specific,average,6,0.0,0.078,0.05637236654222305,0.055309186057197327,0.7305180379068857,0.729916175941522,,,,,,,,,,,
S3_no_donor_centering,MC,DeconvSC,2027,DeconvSC,100,LDK1;LDK2;LDK3,3,196,pooled_uncentered,cellwise_log1p_cp10k,celltype_specific,average,6,0.0,0.072,0.018636873675950665,0.020386741103989806,0.2834098482834772,0.2543506798581717,,,,,,,,,,,
S3_no_donor_centering,MC,BaseVAE,2027,DeconvSC,100,LDK1;LDK2;LDK3,3,196,pooled_uncentered,cellwise_log1p_cp10k,celltype_specific,average,6,0.0,0.078,0.05734370576943696,0.05784904194800019,0.7374337254727701,0.738083184919422,,,,,,,,,,,
S3_no_donor_centering,MC,DeconvSC,2028,DeconvSC,100,LDK1;LDK2;LDK3,3,196,pooled_uncentered,cellwise_log1p_cp10k,celltype_specific,average,6,0.0,0.072,0.01817825188467909,0.020175007168775315,0.2793861313025608,0.24883263113420762,,,,,,,,,,,
S3_no_donor_centering,MC,BaseVAE,2028,DeconvSC,100,LDK1;LDK2;LDK3,3,196,pooled_uncentered,cellwise_log1p_cp10k,celltype_specific,average,6,0.0,0.078,0.05682073594324275,0.05702593546073459,0.7371339108762665,0.7352863116002505,,,,,,,,,,,
S3_no_donor_centering,MC,DeconvSC,2029,DeconvSC,100,LDK1;LDK2;LDK3,3,196,pooled_uncentered,cellwise_log1p_cp10k,celltype_specific,average,6,0.0,0.072,0.01957968681582987,0.0221387174890648,0.28702170322429027,0.25613318073505026,,,,,,,,,,,
S3_no_donor_centering,MC,BaseVAE,2029,DeconvSC,100,LDK1;LDK2;LDK3,3,196,pooled_uncentered,cellwise_log1p_cp10k,celltype_specific,average,6,0.0,0.078,0.057536914212920454,0.0566304488039149,0.7382851625624939,0.7356333912128381,,,,,,,,,,,
S3_no_donor_centering,MC,DeconvSC,2030,DeconvSC,100,LDK1;LDK2;LDK3,3,196,pooled_uncentered,cellwise_log1p_cp10k,celltype_specific,average,6,0.0,0.072,0.018681378911960384,0.02118924262932745,0.27688953805003097,0.24804163941522753,,,,,,,,,,,
S3_no_donor_centering,MC,BaseVAE,2030,DeconvSC,100,LDK1;LDK2;LDK3,3,196,pooled_uncentered,cellwise_log1p_cp10k,celltype_specific,average,6,0.0,0.078,0.0561161732190078,0.056303710819059494,0.719745041355754,0.7181124172117263,,,,,,,,,,,
S3_no_donor_centering,MC,DeconvSC,2031,DeconvSC,100,LDK1;LDK2;LDK3,3,196,pooled_uncentered,cellwise_log1p_cp10k,celltype_specific,average,6,0.0,0.072,0.019532429894991654,0.021606464308370783,0.28492231739158774,0.25451198363900945,,,,,,,,,,,
S3_no_donor_centering,MC,BaseVAE,2031,DeconvSC,100,LDK1;LDK2;LDK3,3,196,pooled_uncentered,cellwise_log1p_cp10k,celltype_specific,average,6,0.0,0.078,0.05667239618427691,0.0561764238092773,0.7225215673375257,0.7228194381536955,,,,,,,,,,,
S3_no_donor_centering,MC,DeconvSC,2032,DeconvSC,100,LDK1;LDK2;LDK3,3,196,pooled_uncentered,cellwise_log1p_cp10k,celltype_specific,average,6,0.0,0.072,0.018970423458527477,0.021332480978732724,0.2822920985497417,0.2529517415877014,,,,,,,,,,,
S3_no_donor_centering,MC,BaseVAE,2032,DeconvSC,100,LDK1;LDK2;LDK3,3,196,pooled_uncentered,cellwise_log1p_cp10k,celltype_specific,average,6,0.0,0.078,0.05604192731078992,0.05606502287293563,0.7236407155246116,0.7230684874234347,,,,,,,,,,,
S3_no_donor_centering,MC,DeconvSC,2033,DeconvSC,100,LDK1;LDK2;LDK3,3,196,pooled_uncentered,cellwise_log1p_cp10k,celltype_specific,average,6,0.0,0.072,0.01925211145978167,0.021006199780093694,0.28308371649525116,0.25336333151635415,,,,,,,,,,,
S3_no_donor_centering,MC,BaseVAE,2033,DeconvSC,100,LDK1;LDK2;LDK3,3,196,pooled_uncentered,cellwise_log1p_cp10k,celltype_specific,average,6,0.0,0.078,0.05766992305053962,0.058175059518351585,0.7404516133371873,0.7377668110298714,,,,,,,,,,,
S3_no_donor_centering,PT,DeconvSC,2024,DeconvSC,100,LDK1;LDK2;LDK3,3,600,pooled_uncentered,cellwise_log1p_cp10k,celltype_specific,average,4,0.0,0.012,0.0036429375907998784,0.003612707873148117,0.14351232276113673,0.12077659873402541,,,,,,,,,,,
S3_no_donor_centering,PT,BaseVAE,2024,DeconvSC,100,LDK1;LDK2;LDK3,3,600,pooled_uncentered,cellwise_log1p_cp10k,celltype_specific,average,4,0.0,0.01,0.017448341747764915,0.017728801895552895,0.6479755513634508,0.5996847203125438,,,,,,,,,,,
S3_no_donor_centering,PT,DeconvSC,2025,DeconvSC,100,LDK1;LDK2;LDK3,3,600,pooled_uncentered,cellwise_log1p_cp10k,celltype_specific,average,4,0.0,0.014,0.003837792556685031,0.0036949764909533713,0.14828548195805272,0.12493638248698935,,,,,,,,,,,
S3_no_donor_centering,PT,BaseVAE,2025,DeconvSC,100,LDK1;LDK2;LDK3,3,600,pooled_uncentered,cellwise_log1p_cp10k,celltype_specific,average,4,0.0,0.01,0.017445394133395548,0.01773890449280284,0.6471169403922205,0.6007365514516071,,,,,,,,,,,
S3_no_donor_centering,PT,DeconvSC,2026,DeconvSC,100,LDK1;LDK2;LDK3,3,600,pooled_uncentered,cellwise_log1p_cp10k,celltype_specific,average,4,0.0,0.012,0.003919964892372391,0.0037348249022023713,0.14932589331247703,0.12615716947697125,,,,,,,,,,,
S3_no_donor_centering,PT,BaseVAE,2026,DeconvSC,100,LDK1;LDK2;LDK3,3,600,pooled_uncentered,cellwise_log1p_cp10k,celltype_specific,average,4,0.0,0.01,0.017537333851544358,0.01794819510727599,0.6519231247672883,0.6074898475242119,,,,,,,,,,,
S3_no_donor_centering,PT,DeconvSC,2027,DeconvSC,100,LDK1;LDK2;LDK3,3,600,pooled_uncentered,cellwise_log1p_cp10k,celltype_specific,average,4,0.0,0.012,0.003950228732453313,0.003954884593952173,0.15235447780084704,0.12764378415191133,,,,,,,,,,,
S3_no_donor_centering,PT,BaseVAE,2027,DeconvSC,100,LDK1;LDK2;LDK3,3,600,pooled_uncentered,cellwise_log1p_cp10k,celltype_specific,average,4,0.0,0.01,0.017453802990281576,0.017797424383539293,0.6488193831581175,0.603611672104903,,,,,,,,,,,
S3_no_donor_centering,PT,DeconvSC,2028,DeconvSC,100,LDK1;LDK2;LDK3,3,600,pooled_uncentered,cellwise_log1p_cp10k,celltype_specific,average,4,0.0,0.014,0.0037091726651303425,0.003727944885858104,0.1458119205621141,0.12244616320435867,,,,,,,,,,,
S3_no_donor_centering,PT,BaseVAE,2028,DeconvSC,100,LDK1;LDK2;LDK3,3,600,pooled_uncentered,cellwise_log1p_cp10k,celltype_specific,average,4,0.0,0.01,0.017644373115785414,0.01805740867050184,0.6509481827409261,0.6046452213759097,,,,,,,,,,,
S3_no_donor_centering,PT,DeconvSC,2029,DeconvSC,100,LDK1;LDK2;LDK3,3,600,pooled_uncentered,cellwise_log1p_cp10k,celltype_specific,average,4,0.0,0.012,0.0036918341852811964,0.003637772357759349,0.14216889210659392,0.11892062665422923,,,,,,,,,,,
S3_no_donor_centering,PT,BaseVAE,2029,DeconvSC,100,LDK1;LDK2;LDK3,3,600,pooled_uncentered,cellwise_log1p_cp10k,celltype_specific,average,4,0.0,0.01,0.01757027867732203,0.017981317275306268,0.6519871859452395,0.6059409748273419,,,,,,,,,,,
S3_no_donor_centering,PT,DeconvSC,2030,DeconvSC,100,LDK1;LDK2;LDK3,3,600,pooled_uncentered,cellwise_log1p_cp10k,celltype_specific,average,4,0.0,0.014,0.003550752729316299,0.003505906278592451,0.14148341970936035,0.11917794379282348,,,,,,,,,,,
S3_no_donor_centering,PT,BaseVAE,2030,DeconvSC,100,LDK1;LDK2;LDK3,3,600,pooled_uncentered,cellwise_log1p_cp10k,celltype_specific,average,4,0.0,0.01,0.01757118026934465,0.018046048025633955,0.6525191389973255,0.6065352219451021,,,,,,,,,,,
S3_no_donor_centering,PT,DeconvSC,2031,DeconvSC,100,LDK1;LDK2;LDK3,3,600,pooled_uncentered,cellwise_log1p_cp10k,celltype_specific,average,4,0.0,0.012,0.003807645619801903,0.00388214861049148,0.1472570719538329,0.12466689792698193,,,,,,,,,,,
S3_no_donor_centering,PT,BaseVAE,2031,DeconvSC,100,LDK1;LDK2;LDK3,3,600,pooled_uncentered,cellwise_log1p_cp10k,celltype_specific,average,4,0.0,0.01,0.017860906210534017,0.01796909716619799,0.6603589322523851,0.6178060841433386,,,,,,,,,,,
S3_no_donor_centering,PT,DeconvSC,2032,DeconvSC,100,LDK1;LDK2;LDK3,3,600,pooled_uncentered,cellwise_log1p_cp10k,celltype_specific,average,4,0.0,0.012,0.003774742863666303,0.0038878584066759916,0.1456778963284487,0.12336128551739806,,,,,,,,,,,
S3_no_donor_centering,PT,BaseVAE,2032,DeconvSC,100,LDK1;LDK2;LDK3,3,600,pooled_uncentered,cellwise_log1p_cp10k,celltype_specific,average,4,0.0,0.01,0.01718432979078968,0.0176079788270388,0.6427154081918833,0.5934552059437909,,,,,,,,,,,
S3_no_donor_centering,PT,DeconvSC,2033,DeconvSC,100,LDK1;LDK2;LDK3,3,600,pooled_uncentered,cellwise_log1p_cp10k,celltype_specific,average,4,0.0,0.012,0.003803089196265315,0.0037478341998087826,0.14646477957795562,0.12398601955773211,,,,,,,,,,,
S3_no_donor_centering,PT,BaseVAE,2033,DeconvSC,100,LDK1;LDK2;LDK3,3,600,pooled_uncentered,cellwise_log1p_cp10k,celltype_specific,average,4,0.0,0.01,0.01744211314767708,0.01782147440261654,0.6485531375215507,0.6030381392036959,,,,,,,,,,,
S3_no_donor_centering,aLOH,DeconvSC,2024,DeconvSC,100,LDK1;LDK2;LDK3,3,600,pooled_uncentered,cellwise_log1p_cp10k,celltype_specific,average,4,0.0,0.014,0.01997166438387534,0.01930583856025091,0.30669117093749865,0.2891056735151048,,,,,,,,,,,
S3_no_donor_centering,aLOH,BaseVAE,2024,DeconvSC,100,LDK1;LDK2;LDK3,3,600,pooled_uncentered,cellwise_log1p_cp10k,celltype_specific,average,4,0.0,0.008,0.05063112684313573,0.03778345482370911,0.7365327325871734,0.7416832470148963,,,,,,,,,,,
S3_no_donor_centering,aLOH,DeconvSC,2025,DeconvSC,100,LDK1;LDK2;LDK3,3,600,pooled_uncentered,cellwise_log1p_cp10k,celltype_specific,average,4,0.0,0.014,0.022350945234927044,0.021885094662667994,0.3238443401537581,0.30782132950193053,,,,,,,,,,,
S3_no_donor_centering,aLOH,BaseVAE,2025,DeconvSC,100,LDK1;LDK2;LDK3,3,600,pooled_uncentered,cellwise_log1p_cp10k,celltype_specific,average,4,0.0,0.008,0.051523628759955774,0.038898081705469,0.7386527797272334,0.7433986054392621,,,,,,,,,,,
S3_no_donor_centering,aLOH,DeconvSC,2026,DeconvSC,100,LDK1;LDK2;LDK3,3,600,pooled_uncentered,cellwise_log1p_cp10k,celltype_specific,average,4,0.0,0.014,0.02135998483709762,0.021360595486728046,0.3178921803195545,0.30250775709628475,,,,,,,,,,,
S3_no_donor_centering,aLOH,BaseVAE,2026,DeconvSC,100,LDK1;LDK2;LDK3,3,600,pooled_uncentered,cellwise_log1p_cp10k,celltype_specific,average,4,0.0,0.008,0.051060160249202936,0.037688813336950636,0.7356133571441466,0.7405766783935747,,,,,,,,,,,
S3_no_donor_centering,aLOH,DeconvSC,2027,DeconvSC,100,LDK1;LDK2;LDK3,3,600,pooled_uncentered,cellwise_log1p_cp10k,celltype_specific,average,4,0.0,0.014,0.01942218509491974,0.018840532756444747,0.29280495126384326,0.273932069902337,,,,,,,,,,,
S3_no_donor_centering,aLOH,BaseVAE,2027,DeconvSC,100,LDK1;LDK2;LDK3,3,600,pooled_uncentered,cellwise_log1p_cp10k,celltype_specific,average,4,0.0,0.008,0.04960604272939202,0.03719916693553415,0.7256066248358454,0.7311533067308442,,,,,,,,,,,
S3_no_donor_centering,aLOH,DeconvSC,2028,DeconvSC,100,LDK1;LDK2;LDK3,3,600,pooled_uncentered,cellwise_log1p_cp10k,celltype_specific,average,4,0.0,0.014,0.021381862128326958,0.02078240807373332,0.3201427239305229,0.3026661424466232,,,,,,,,,,,
S3_no_donor_centering,aLOH,BaseVAE,2028,DeconvSC,100,LDK1;LDK2;LDK3,3,600,pooled_uncentered,cellwise_log1p_cp10k,celltype_specific,average,4,0.0,0.008,0.05145697507701701,0.03843324863931564,0.7414749978563758,0.7471264509313427,,,,,,,,,,,
S3_no_donor_centering,aLOH,DeconvSC,2029,DeconvSC,100,LDK1;LDK2;LDK3,3,600,pooled_uncentered,cellwise_log1p_cp10k,celltype_specific,average,4,0.0,0.014,0.021480566092366173,0.02145082484568775,0.31594506689531987,0.2996703428375611,,,,,,,,,,,
S3_no_donor_centering,aLOH,BaseVAE,2029,DeconvSC,100,LDK1;LDK2;LDK3,3,600,pooled_uncentered,cellwise_log1p_cp10k,celltype_specific,average,4,0.0,0.008,0.0509047785718278,0.03769905211601044,0.7370058396029542,0.741864531008032,,,,,,,,,,,
S3_no_donor_centering,aLOH,DeconvSC,2030,DeconvSC,100,LDK1;LDK2;LDK3,3,600,pooled_uncentered,cellwise_log1p_cp10k,celltype_specific,average,4,0.0,0.014,0.02142658607781278,0.021261542094385404,0.32183197888347637,0.3042893863599442,,,,,,,,,,,
S3_no_donor_centering,aLOH,BaseVAE,2030,DeconvSC,100,LDK1;LDK2;LDK3,3,600,pooled_uncentered,cellwise_log1p_cp10k,celltype_specific,average,4,0.0,0.008,0.05117632668315643,0.03822761409632579,0.7391537821414066,0.7448389669725468,,,,,,,,,,,
S3_no_donor_centering,aLOH,DeconvSC,2031,DeconvSC,100,LDK1;LDK2;LDK3,3,600,pooled_uncentered,cellwise_log1p_cp10k,celltype_specific,average,4,0.0,0.014,0.020420766342348552,0.02026101043769946,0.3048671949753593,0.2886841960626627,,,,,,,,,,,
S3_no_donor_centering,aLOH,BaseVAE,2031,DeconvSC,100,LDK1;LDK2;LDK3,3,600,pooled_uncentered,cellwise_log1p_cp10k,celltype_specific,average,4,0.0,0.008,0.04990128436706103,0.03625083630532541,0.7250405750872603,0.7296444850697877,,,,,,,,,,,
S3_no_donor_centering,aLOH,DeconvSC,2032,DeconvSC,100,LDK1;LDK2;LDK3,3,600,pooled_uncentered,cellwise_log1p_cp10k,celltype_specific,average,4,0.0,0.014,0.020571935287039086,0.019656889522707107,0.3121171748614402,0.29694350286647153,,,,,,,,,,,
S3_no_donor_centering,aLOH,BaseVAE,2032,DeconvSC,100,LDK1;LDK2;LDK3,3,600,pooled_uncentered,cellwise_log1p_cp10k,celltype_specific,average,4,0.0,0.008,0.05018343344739766,0.03723208593144586,0.7287203458675728,0.7340937326258962,,,,,,,,,,,
S3_no_donor_centering,aLOH,DeconvSC,2033,DeconvSC,100,LDK1;LDK2;LDK3,3,600,pooled_uncentered,cellwise_log1p_cp10k,celltype_specific,average,4,0.0,0.014,0.019730577359176275,0.01861579706624661,0.2980756246977837,0.28316170649664213,,,,,,,,,,,
S3_no_donor_centering,aLOH,BaseVAE,2033,DeconvSC,100,LDK1;LDK2;LDK3,3,600,pooled_uncentered,cellwise_log1p_cp10k,celltype_specific,average,4,0.0,0.008,0.05031186487405859,0.0370900849002632,0.7306101462526485,0.7352827723573834,,,,,,,,,,,
S4_shared_global_panel,CD_PC,DeconvSC,2024,DeconvSC,100,LDK1;LDK2;LDK3,3,358,pooled_centered,cellwise_log1p_cp10k,shared_global_gt_hvg,average,1,0.35,0.632,0.0001557891464384578,0.0001557891464384578,0.07477879029045975,0.02223970443358851,,,,,,,,,,,
S4_shared_global_panel,CD_PC,BaseVAE,2024,DeconvSC,100,LDK1;LDK2;LDK3,3,358,pooled_centered,cellwise_log1p_cp10k,shared_global_gt_hvg,average,1,0.35,0.832,0.00026731654609035417,0.00026731654609035417,0.12831194212337,0.0318386288320755,,,,,,,,,,,
S4_shared_global_panel,CD_PC,DeconvSC,2025,DeconvSC,100,LDK1;LDK2;LDK3,3,358,pooled_centered,cellwise_log1p_cp10k,shared_global_gt_hvg,average,1,0.348,0.632,0.00015096537099443748,0.00015096537099443748,0.07246337807733,0.022670882745210244,,,,,,,,,,,
S4_shared_global_panel,CD_PC,BaseVAE,2025,DeconvSC,100,LDK1;LDK2;LDK3,3,358,pooled_centered,cellwise_log1p_cp10k,shared_global_gt_hvg,average,1,0.348,0.83,0.00026510004583661206,0.00026510004583661206,0.12724802200157379,0.03236592132576057,,,,,,,,,,,
S4_shared_global_panel,CD_PC,DeconvSC,2026,DeconvSC,100,LDK1;LDK2;LDK3,3,358,pooled_centered,cellwise_log1p_cp10k,shared_global_gt_hvg,average,1,0.344,0.632,0.00015558693066585372,0.00015558693066585372,0.07468172671960979,0.022723057931456205,,,,,,,,,,,
S4_shared_global_panel,CD_PC,BaseVAE,2026,DeconvSC,100,LDK1;LDK2;LDK3,3,358,pooled_centered,cellwise_log1p_cp10k,shared_global_gt_hvg,average,1,0.344,0.83,0.00027022433657394786,0.00027022433657394786,0.12970768155549497,0.032827950437633785,,,,,,,,,,,
S4_shared_global_panel,CD_PC,DeconvSC,2027,DeconvSC,100,LDK1;LDK2;LDK3,3,358,pooled_centered,cellwise_log1p_cp10k,shared_global_gt_hvg,average,1,0.39,0.632,0.00012769325750246598,0.00012769325750246598,0.061292763601183665,0.019439465606531668,,,,,,,,,,,
S4_shared_global_panel,CD_PC,BaseVAE,2027,DeconvSC,100,LDK1;LDK2;LDK3,3,358,pooled_centered,cellwise_log1p_cp10k,shared_global_gt_hvg,average,1,0.39,0.83,0.00025491969730840496,0.00025491969730840496,0.12236145470803438,0.029240812059735454,,,,,,,,,,,
S4_shared_global_panel,CD_PC,DeconvSC,2028,DeconvSC,100,LDK1;LDK2;LDK3,3,358,pooled_centered,cellwise_log1p_cp10k,shared_global_gt_hvg,average,1,0.424,0.632,0.00011150309823473859,0.00011150309823473859,0.053521487152674525,0.017424443841947263,,,,,,,,,,,
S4_shared_global_panel,CD_PC,BaseVAE,2028,DeconvSC,100,LDK1;LDK2;LDK3,3,358,pooled_centered,cellwise_log1p_cp10k,shared_global_gt_hvg,average,1,0.424,0.832,0.00024607367876642455,0.00024607367876642455,0.11811536580788377,0.026652274995876097,,,,,,,,,,,
S4_shared_global_panel,CD_PC,DeconvSC,2029,DeconvSC,100,LDK1;LDK2;LDK3,3,358,pooled_centered,cellwise_log1p_cp10k,shared_global_gt_hvg,average,1,0.384,0.632,0.00013838800354393492,0.00013838800354393492,0.06642624170108875,0.020246967105940726,,,,,,,,,,,
S4_shared_global_panel,CD_PC,BaseVAE,2029,DeconvSC,100,LDK1;LDK2;LDK3,3,358,pooled_centered,cellwise_log1p_cp10k,shared_global_gt_hvg,average,1,0.384,0.83,0.0002611497714396817,0.0002611497714396817,0.1253518902910472,0.030202583155430757,,,,,,,,,,,
S4_shared_global_panel,CD_PC,DeconvSC,2030,DeconvSC,100,LDK1;LDK2;LDK3,3,358,pooled_centered,cellwise_log1p_cp10k,shared_global_gt_hvg,average,1,0.392,0.632,0.00013492490265864428,0.00013492490265864428,0.06476395327614926,0.02001198725136988,,,,,,,,,,,
S4_shared_global_panel,CD_PC,BaseVAE,2030,DeconvSC,100,LDK1;LDK2;LDK3,3,358,pooled_centered,cellwise_log1p_cp10k,shared_global_gt_hvg,average,1,0.392,0.83,0.0002557442725385191,0.0002557442725385191,0.12275725081848918,0.02963076322302329,,,,,,,,,,,
S4_shared_global_panel,CD_PC,DeconvSC,2031,DeconvSC,100,LDK1;LDK2;LDK3,3,358,pooled_centered,cellwise_log1p_cp10k,shared_global_gt_hvg,average,1,0.372,0.632,0.00013942799182784947,0.00013942799182784947,0.06692543607736774,0.021037909807827687,,,,,,,,,,,
S4_shared_global_panel,CD_PC,BaseVAE,2031,DeconvSC,100,LDK1;LDK2;LDK3,3,358,pooled_centered,cellwise_log1p_cp10k,shared_global_gt_hvg,average,1,0.372,0.834,0.00025739285137986494,0.00025739285137986494,0.12354856866233518,0.030444045037775005,,,,,,,,,,,
S4_shared_global_panel,CD_PC,DeconvSC,2032,DeconvSC,100,LDK1;LDK2;LDK3,3,358,pooled_centered,cellwise_log1p_cp10k,shared_global_gt_hvg,average,1,0.426,0.632,0.00010977272607970178,0.00010977272607970178,0.052690908518256856,0.017547543819099322,,,,,,,,,,,
S4_shared_global_panel,CD_PC,BaseVAE,2032,DeconvSC,100,LDK1;LDK2;LDK3,3,358,pooled_centered,cellwise_log1p_cp10k,shared_global_gt_hvg,average,1,0.426,0.832,0.0002462030758404064,0.0002462030758404064,0.11817747640339508,0.02700100338041377,,,,,,,,,,,
S4_shared_global_panel,CD_PC,DeconvSC,2033,DeconvSC,100,LDK1;LDK2;LDK3,3,358,pooled_centered,cellwise_log1p_cp10k,shared_global_gt_hvg,average,1,0.382,0.632,0.00015942162746700685,0.00015942162746700685,0.0765223811841633,0.02161314767939024,,,,,,,,,,,
S4_shared_global_panel,CD_PC,BaseVAE,2033,DeconvSC,100,LDK1;LDK2;LDK3,3,358,pooled_centered,cellwise_log1p_cp10k,shared_global_gt_hvg,average,1,0.382,0.832,0.00027216619296958466,0.00027216619296958466,0.13063977262540064,0.03142384862536941,,,,,,,,,,,
S4_shared_global_panel,CNT,DeconvSC,2024,DeconvSC,100,LDK1;LDK2;LDK3,3,151,pooled_centered,cellwise_log1p_cp10k,shared_global_gt_hvg,average,1,0.652,0.65,0.00011123775464230942,0.00011123775464230942,0.05339412222830852,0.014647496232068865,,,,,,,,,,,
S4_shared_global_panel,CNT,BaseVAE,2024,DeconvSC,100,LDK1;LDK2;LDK3,3,151,pooled_centered,cellwise_log1p_cp10k,shared_global_gt_hvg,average,1,0.652,0.858,0.00017615024805925128,0.00017615024805925128,0.08455211906844061,0.014515359183245265,,,,,,,,,,,
S4_shared_global_panel,CNT,DeconvSC,2025,DeconvSC,100,LDK1;LDK2;LDK3,3,151,pooled_centered,cellwise_log1p_cp10k,shared_global_gt_hvg,average,1,0.642,0.65,0.00011968348909915286,0.00011968348909915286,0.05744807476759337,0.015201323998884334,,,,,,,,,,,
S4_shared_global_panel,CNT,BaseVAE,2025,DeconvSC,100,LDK1;LDK2;LDK3,3,151,pooled_centered,cellwise_log1p_cp10k,shared_global_gt_hvg,average,1,0.642,0.856,0.00018688637562821198,0.00018688637562821198,0.08970546030154175,0.015980448552489215,,,,,,,,,,,
S4_shared_global_panel,CNT,DeconvSC,2026,DeconvSC,100,LDK1;LDK2;LDK3,3,151,pooled_centered,cellwise_log1p_cp10k,shared_global_gt_hvg,average,1,0.636,0.65,0.00010753672022015985,0.00010753672022015985,0.051617625705676726,0.01435032989908552,,,,,,,,,,,
S4_shared_global_panel,CNT,BaseVAE,2026,DeconvSC,100,LDK1;LDK2;LDK3,3,151,pooled_centered,cellwise_log1p_cp10k,shared_global_gt_hvg,average,1,0.636,0.856,0.00017937767298595146,0.00017937767298595146,0.08610128303325669,0.014814169882302568,,,,,,,,,,,
S4_shared_global_panel,CNT,DeconvSC,2027,DeconvSC,100,LDK1;LDK2;LDK3,3,151,pooled_centered,cellwise_log1p_cp10k,shared_global_gt_hvg,average,1,0.6,0.65,0.00013300350590496205,0.00013300350590496205,0.06384168283438178,0.01673740389469295,,,,,,,,,,,
S4_shared_global_panel,CNT,BaseVAE,2027,DeconvSC,100,LDK1;LDK2;LDK3,3,151,pooled_centered,cellwise_log1p_cp10k,shared_global_gt_hvg,average,1,0.6,0.856,0.00019365789005826702,0.00019365789005826702,0.09295578722796817,0.01737733954687592,,,,,,,,,,,
S4_shared_global_panel,CNT,DeconvSC,2028,DeconvSC,100,LDK1;LDK2;LDK3,3,151,pooled_centered,cellwise_log1p_cp10k,shared_global_gt_hvg,average,1,0.648,0.65,0.0001106363772470097,0.0001106363772470097,0.053105461078564654,0.01438309212961743,,,,,,,,,,,
S4_shared_global_panel,CNT,BaseVAE,2028,DeconvSC,100,LDK1;LDK2;LDK3,3,151,pooled_centered,cellwise_log1p_cp10k,shared_global_gt_hvg,average,1,0.648,0.858,0.00018193667426709512,0.00018193667426709512,0.08732960364820566,0.01495678422590927,,,,,,,,,,,
S4_shared_global_panel,CNT,DeconvSC,2029,DeconvSC,100,LDK1;LDK2;LDK3,3,151,pooled_centered,cellwise_log1p_cp10k,shared_global_gt_hvg,average,1,0.688,0.65,0.00010124896657093343,0.00010124896657093343,0.048599503954048044,0.013392506148516314,,,,,,,,,,,
S4_shared_global_panel,CNT,BaseVAE,2029,DeconvSC,100,LDK1;LDK2;LDK3,3,151,pooled_centered,cellwise_log1p_cp10k,shared_global_gt_hvg,average,1,0.688,0.856,0.0001757128106366701,0.0001757128106366701,0.08434214910560164,0.013768509797108083,,,,,,,,,,,
S4_shared_global_panel,CNT,DeconvSC,2030,DeconvSC,100,LDK1;LDK2;LDK3,3,151,pooled_centered,cellwise_log1p_cp10k,shared_global_gt_hvg,average,1,0.664,0.65,0.00011167437401492317,0.00011167437401492317,0.05360369952716312,0.014444551263412493,,,,,,,,,,,
S4_shared_global_panel,CNT,BaseVAE,2030,DeconvSC,100,LDK1;LDK2;LDK3,3,151,pooled_centered,cellwise_log1p_cp10k,shared_global_gt_hvg,average,1,0.664,0.858,0.0001818405246865151,0.0001818405246865151,0.08728345184952725,0.014469072111653686,,,,,,,,,,,
S4_shared_global_panel,CNT,DeconvSC,2031,DeconvSC,100,LDK1;LDK2;LDK3,3,151,pooled_centered,cellwise_log1p_cp10k,shared_global_gt_hvg,average,1,0.654,0.65,0.00010992924315325782,0.00010992924315325782,0.05276603671356375,0.014205490905270474,,,,,,,,,,,
S4_shared_global_panel,CNT,BaseVAE,2031,DeconvSC,100,LDK1;LDK2;LDK3,3,151,pooled_centered,cellwise_log1p_cp10k,shared_global_gt_hvg,average,1,0.654,0.856,0.0001847873736947693,0.0001847873736947693,0.08869793937348927,0.015041866266456367,,,,,,,,,,,
S4_shared_global_panel,CNT,DeconvSC,2032,DeconvSC,100,LDK1;LDK2;LDK3,3,151,pooled_centered,cellwise_log1p_cp10k,shared_global_gt_hvg,average,1,0.646,0.65,0.0001227357267048648,0.0001227357267048648,0.0589131488183351,0.015579612454732071,,,,,,,,,,,
S4_shared_global_panel,CNT,BaseVAE,2032,DeconvSC,100,LDK1;LDK2;LDK3,3,151,pooled_centered,cellwise_log1p_cp10k,shared_global_gt_hvg,average,1,0.646,0.856,0.00018502702955065914,0.00018502702955065914,0.08881297418431638,0.015865018537488555,,,,,,,,,,,
S4_shared_global_panel,CNT,DeconvSC,2033,DeconvSC,100,LDK1;LDK2;LDK3,3,151,pooled_centered,cellwise_log1p_cp10k,shared_global_gt_hvg,average,1,0.636,0.65,0.00011881225627728718,0.00011881225627728718,0.057029883013097846,0.015198644842533608,,,,,,,,,,,
S4_shared_global_panel,CNT,BaseVAE,2033,DeconvSC,100,LDK1;LDK2;LDK3,3,151,pooled_centered,cellwise_log1p_cp10k,shared_global_gt_hvg,average,1,0.636,0.856,0.0001884183335234493,0.0001884183335234493,0.09044080009125567,0.01569798456750334,,,,,,,,,,,
S4_shared_global_panel,DCT,DeconvSC,2024,DeconvSC,100,LDK1;LDK2;LDK3,3,245,pooled_centered,cellwise_log1p_cp10k,shared_global_gt_hvg,average,1,0.516,0.656,0.00015552272503896821,0.00015552272503896821,0.07465090801870475,0.017801279808377587,,,,,,,,,,,
S4_shared_global_panel,DCT,BaseVAE,2024,DeconvSC,100,LDK1;LDK2;LDK3,3,245,pooled_centered,cellwise_log1p_cp10k,shared_global_gt_hvg,average,1,0.516,0.848,0.00024845158089963835,0.00024845158089963835,0.11925675883182639,0.02424993470439341,,,,,,,,,,,
S4_shared_global_panel,DCT,DeconvSC,2025,DeconvSC,100,LDK1;LDK2;LDK3,3,245,pooled_centered,cellwise_log1p_cp10k,shared_global_gt_hvg,average,1,0.528,0.656,0.0001250988765058915,0.0001250988765058915,0.060047460722827926,0.015356094341039812,,,,,,,,,,,
S4_shared_global_panel,DCT,BaseVAE,2025,DeconvSC,100,LDK1;LDK2;LDK3,3,245,pooled_centered,cellwise_log1p_cp10k,shared_global_gt_hvg,average,1,0.528,0.844,0.00023070173910230267,0.00023070173910230267,0.11073683476910529,0.02186361325988425,,,,,,,,,,,
S4_shared_global_panel,DCT,DeconvSC,2026,DeconvSC,100,LDK1;LDK2;LDK3,3,245,pooled_centered,cellwise_log1p_cp10k,shared_global_gt_hvg,average,1,0.57,0.656,0.00010044327725782381,0.00010044327725782381,0.04821277308375543,0.013420944934145473,,,,,,,,,,,
S4_shared_global_panel,DCT,BaseVAE,2026,DeconvSC,100,LDK1;LDK2;LDK3,3,245,pooled_centered,cellwise_log1p_cp10k,shared_global_gt_hvg,average,1,0.57,0.848,0.00021762885713348462,0.00021762885713348462,0.10446185142407262,0.01936505149297083,,,,,,,,,,,
S4_shared_global_panel,DCT,DeconvSC,2027,DeconvSC,100,LDK1;LDK2;LDK3,3,245,pooled_centered,cellwise_log1p_cp10k,shared_global_gt_hvg,average,1,0.478,0.656,0.0001747588305107189,0.0001747588305107189,0.08388423864514508,0.020354574175113938,,,,,,,,,,,
S4_shared_global_panel,DCT,BaseVAE,2027,DeconvSC,100,LDK1;LDK2;LDK3,3,245,pooled_centered,cellwise_log1p_cp10k,shared_global_gt_hvg,average,1,0.478,0.846,0.0002623158901957847,0.0002623158901957847,0.12591162729397665,0.027350690762907356,,,,,,,,,,,
S4_shared_global_panel,DCT,DeconvSC,2028,DeconvSC,100,LDK1;LDK2;LDK3,3,245,pooled_centered,cellwise_log1p_cp10k,shared_global_gt_hvg,average,1,0.556,0.656,0.0001091989585564946,0.0001091989585564946,0.05241550010711741,0.014077115982910216,,,,,,,,,,,
S4_shared_global_panel,DCT,BaseVAE,2028,DeconvSC,100,LDK1;LDK2;LDK3,3,245,pooled_centered,cellwise_log1p_cp10k,shared_global_gt_hvg,average,1,0.556,0.848,0.00021986342790325197,0.00021986342790325197,0.10553444539356094,0.020109407656557193,,,,,,,,,,,
S4_shared_global_panel,DCT,DeconvSC,2029,DeconvSC,100,LDK1;LDK2;LDK3,3,245,pooled_centered,cellwise_log1p_cp10k,shared_global_gt_hvg,average,1,0.532,0.656,0.0001222915297278414,0.0001222915297278414,0.05869993426936388,0.015485348089606554,,,,,,,,,,,
S4_shared_global_panel,DCT,BaseVAE,2029,DeconvSC,100,LDK1;LDK2;LDK3,3,245,pooled_centered,cellwise_log1p_cp10k,shared_global_gt_hvg,average,1,0.532,0.846,0.00022425625416838273,0.00022425625416838273,0.1076430020008237,0.02145803157489267,,,,,,,,,,,
S4_shared_global_panel,DCT,DeconvSC,2030,DeconvSC,100,LDK1;LDK2;LDK3,3,245,pooled_centered,cellwise_log1p_cp10k,shared_global_gt_hvg,average,1,0.536,0.656,0.00010202395965883713,0.00010202395965883713,0.048971500636241824,0.014020335277211074,,,,,,,,,,,
S4_shared_global_panel,DCT,BaseVAE,2030,DeconvSC,100,LDK1;LDK2;LDK3,3,245,pooled_centered,cellwise_log1p_cp10k,shared_global_gt_hvg,average,1,0.536,0.846,0.00021932736231029145,0.00021932736231029145,0.1052771339089399,0.020440881542137773,,,,,,,,,,,
S4_shared_global_panel,DCT,DeconvSC,2031,DeconvSC,100,LDK1;LDK2;LDK3,3,245,pooled_centered,cellwise_log1p_cp10k,shared_global_gt_hvg,average,1,0.524,0.656,0.00015238073983217006,0.00015238073983217006,0.07314275511944163,0.017427743394818923,,,,,,,,,,,
S4_shared_global_panel,DCT,BaseVAE,2031,DeconvSC,100,LDK1;LDK2;LDK3,3,245,pooled_centered,cellwise_log1p_cp10k,shared_global_gt_hvg,average,1,0.524,0.844,0.000246253246168407,0.000246253246168407,0.11820155816083536,0.023727305660012726,,,,,,,,,,,
S4_shared_global_panel,DCT,DeconvSC,2032,DeconvSC,100,LDK1;LDK2;LDK3,3,245,pooled_centered,cellwise_log1p_cp10k,shared_global_gt_hvg,average,1,0.526,0.656,0.00016037490256192358,0.00016037490256192358,0.07697995322972331,0.01798229060957254,,,,,,,,,,,
S4_shared_global_panel,DCT,BaseVAE,2032,DeconvSC,100,LDK1;LDK2;LDK3,3,245,pooled_centered,cellwise_log1p_cp10k,shared_global_gt_hvg,average,1,0.526,0.846,0.00025322119566709064,0.00025322119566709064,0.1215461739202035,0.024636067714948327,,,,,,,,,,,
S4_shared_global_panel,DCT,DeconvSC,2033,DeconvSC,100,LDK1;LDK2;LDK3,3,245,pooled_centered,cellwise_log1p_cp10k,shared_global_gt_hvg,average,1,0.524,0.656,0.00013188481890624983,0.00013188481890624983,0.06330471307499992,0.01667358602055354,,,,,,,,,,,
S4_shared_global_panel,DCT,BaseVAE,2033,DeconvSC,100,LDK1;LDK2;LDK3,3,245,pooled_centered,cellwise_log1p_cp10k,shared_global_gt_hvg,average,1,0.524,0.846,0.00023329562313224124,0.00023329562313224124,0.1119818991034758,0.02323517843411222,,,,,,,,,,,
S4_shared_global_panel,MC,DeconvSC,2024,DeconvSC,100,LDK1;LDK2;LDK3,3,196,pooled_centered,cellwise_log1p_cp10k,shared_global_gt_hvg,average,1,0.334,0.628,0.00018083816426512898,0.00018083816426512898,0.08680231884726192,0.035894060186312526,,,,,,,,,,,
S4_shared_global_panel,MC,BaseVAE,2024,DeconvSC,100,LDK1;LDK2;LDK3,3,196,pooled_centered,cellwise_log1p_cp10k,shared_global_gt_hvg,average,1,0.334,0.736,0.00037797183711890924,0.00037797183711890924,0.18142648181707643,0.06461015036149216,,,,,,,,,,,
S4_shared_global_panel,MC,DeconvSC,2025,DeconvSC,100,LDK1;LDK2;LDK3,3,196,pooled_centered,cellwise_log1p_cp10k,shared_global_gt_hvg,average,1,0.358,0.628,0.00017968817004557368,0.00017968817004557368,0.08625032162187536,0.03534006981962721,,,,,,,,,,,
S4_shared_global_panel,MC,BaseVAE,2025,DeconvSC,100,LDK1;LDK2;LDK3,3,196,pooled_centered,cellwise_log1p_cp10k,shared_global_gt_hvg,average,1,0.358,0.732,0.0003741046668882133,0.0003741046668882133,0.1795702401063424,0.06319559009153226,,,,,,,,,,,
S4_shared_global_panel,MC,DeconvSC,2026,DeconvSC,100,LDK1;LDK2;LDK3,3,196,pooled_centered,cellwise_log1p_cp10k,shared_global_gt_hvg,average,1,0.356,0.628,0.00017336248739338993,0.00017336248739338993,0.08321399394882717,0.03480548836221871,,,,,,,,,,,
S4_shared_global_panel,MC,BaseVAE,2026,DeconvSC,100,LDK1;LDK2;LDK3,3,196,pooled_centered,cellwise_log1p_cp10k,shared_global_gt_hvg,average,1,0.356,0.736,0.0003779257040692065,0.0003779257040692065,0.18140433795321914,0.06383976514664809,,,,,,,,,,,
S4_shared_global_panel,MC,DeconvSC,2027,DeconvSC,100,LDK1;LDK2;LDK3,3,196,pooled_centered,cellwise_log1p_cp10k,shared_global_gt_hvg,average,1,0.356,0.628,0.00017888157865941608,0.00017888157865941608,0.08586315775651972,0.03501391268182846,,,,,,,,,,,
S4_shared_global_panel,MC,BaseVAE,2027,DeconvSC,100,LDK1;LDK2;LDK3,3,196,pooled_centered,cellwise_log1p_cp10k,shared_global_gt_hvg,average,1,0.356,0.738,0.00038209879173962497,0.00038209879173962497,0.18340742003501997,0.06428616370128389,,,,,,,,,,,
S4_shared_global_panel,MC,DeconvSC,2028,DeconvSC,100,LDK1;LDK2;LDK3,3,196,pooled_centered,cellwise_log1p_cp10k,shared_global_gt_hvg,average,1,0.356,0.628,0.00017806637655107773,0.00017806637655107773,0.0854718607445173,0.0353086041257355,,,,,,,,,,,
S4_shared_global_panel,MC,BaseVAE,2028,DeconvSC,100,LDK1;LDK2;LDK3,3,196,pooled_centered,cellwise_log1p_cp10k,shared_global_gt_hvg,average,1,0.356,0.732,0.0003885139020301138,0.0003885139020301138,0.18648667297445462,0.06567927451603167,,,,,,,,,,,
S4_shared_global_panel,MC,DeconvSC,2029,DeconvSC,100,LDK1;LDK2;LDK3,3,196,pooled_centered,cellwise_log1p_cp10k,shared_global_gt_hvg,average,1,0.366,0.628,0.00017574619234742063,0.00017574619234742063,0.0843581723267619,0.03475680546348701,,,,,,,,,,,
S4_shared_global_panel,MC,BaseVAE,2029,DeconvSC,100,LDK1;LDK2;LDK3,3,196,pooled_centered,cellwise_log1p_cp10k,shared_global_gt_hvg,average,1,0.366,0.734,0.00038425702153614834,0.00038425702153614834,0.18444337033735123,0.06480037955772452,,,,,,,,,,,
S4_shared_global_panel,MC,DeconvSC,2030,DeconvSC,100,LDK1;LDK2;LDK3,3,196,pooled_centered,cellwise_log1p_cp10k,shared_global_gt_hvg,average,1,0.344,0.628,0.000176573061045757,0.000176573061045757,0.08475506930196337,0.03540052658382643,,,,,,,,,,,
S4_shared_global_panel,MC,BaseVAE,2030,DeconvSC,100,LDK1;LDK2;LDK3,3,196,pooled_centered,cellwise_log1p_cp10k,shared_global_gt_hvg,average,1,0.344,0.736,0.00037232683510085617,0.00037232683510085617,0.17871688084841095,0.06310849536902335,,,,,,,,,,,
S4_shared_global_panel,MC,DeconvSC,2031,DeconvSC,100,LDK1;LDK2;LDK3,3,196,pooled_centered,cellwise_log1p_cp10k,shared_global_gt_hvg,average,1,0.354,0.628,0.00018302506942018237,0.00018302506942018237,0.08785203332168753,0.035636351547125696,,,,,,,,,,,
S4_shared_global_panel,MC,BaseVAE,2031,DeconvSC,100,LDK1;LDK2;LDK3,3,196,pooled_centered,cellwise_log1p_cp10k,shared_global_gt_hvg,average,1,0.354,0.734,0.00037112594374862925,0.00037112594374862925,0.17814045299934203,0.06300866567898673,,,,,,,,,,,
S4_shared_global_panel,MC,DeconvSC,2032,DeconvSC,100,LDK1;LDK2;LDK3,3,196,pooled_centered,cellwise_log1p_cp10k,shared_global_gt_hvg,average,1,0.33,0.628,0.00018466507128595978,0.00018466507128595978,0.08863923421726069,0.03715359822789624,,,,,,,,,,,
S4_shared_global_panel,MC,BaseVAE,2032,DeconvSC,100,LDK1;LDK2;LDK3,3,196,pooled_centered,cellwise_log1p_cp10k,shared_global_gt_hvg,average,1,0.33,0.736,0.00038413545862587563,0.00038413545862587563,0.1843850201404203,0.06635219364088699,,,,,,,,,,,
S4_shared_global_panel,MC,DeconvSC,2033,DeconvSC,100,LDK1;LDK2;LDK3,3,196,pooled_centered,cellwise_log1p_cp10k,shared_global_gt_hvg,average,1,0.354,0.628,0.00017487206106033484,0.00017487206106033484,0.08393858930896073,0.03452424352233465,,,,,,,,,,,
S4_shared_global_panel,MC,BaseVAE,2033,DeconvSC,100,LDK1;LDK2;LDK3,3,196,pooled_centered,cellwise_log1p_cp10k,shared_global_gt_hvg,average,1,0.354,0.734,0.00039138059972103676,0.00039138059972103676,0.18786268786609767,0.06540268420061222,,,,,,,,,,,
S4_shared_global_panel,PT,DeconvSC,2024,DeconvSC,100,LDK1;LDK2;LDK3,3,600,pooled_centered,cellwise_log1p_cp10k,shared_global_gt_hvg,average,1,0.422,0.668,9.654972629976794e-05,9.654972629976794e-05,0.04634386862388861,0.01189935805820894,,,,,,,,,,,
S4_shared_global_panel,PT,BaseVAE,2024,DeconvSC,100,LDK1;LDK2;LDK3,3,600,pooled_centered,cellwise_log1p_cp10k,shared_global_gt_hvg,average,1,0.422,0.848,0.00019364020695496857,0.00019364020695496857,0.09294729933838491,0.017907021561209092,,,,,,,,,,,
S4_shared_global_panel,PT,DeconvSC,2025,DeconvSC,100,LDK1;LDK2;LDK3,3,600,pooled_centered,cellwise_log1p_cp10k,shared_global_gt_hvg,average,1,0.42,0.666,0.00010436915834316093,0.00010436915834316093,0.05009719600471725,0.012123071754550503,,,,,,,,,,,
S4_shared_global_panel,PT,BaseVAE,2025,DeconvSC,100,LDK1;LDK2;LDK3,3,600,pooled_centered,cellwise_log1p_cp10k,shared_global_gt_hvg,average,1,0.42,0.844,0.00019947287989805748,0.00019947287989805748,0.09574698235106759,0.018483391080885713,,,,,,,,,,,
S4_shared_global_panel,PT,DeconvSC,2026,DeconvSC,100,LDK1;LDK2;LDK3,3,600,pooled_centered,cellwise_log1p_cp10k,shared_global_gt_hvg,average,1,0.438,0.662,9.440284011543116e-05,9.440284011543116e-05,0.045313363255406955,0.011892844716284484,,,,,,,,,,,
S4_shared_global_panel,PT,BaseVAE,2026,DeconvSC,100,LDK1;LDK2;LDK3,3,600,pooled_centered,cellwise_log1p_cp10k,shared_global_gt_hvg,average,1,0.438,0.844,0.00019603862209168147,0.00019603862209168147,0.0940985386040071,0.018468421068757096,,,,,,,,,,,
S4_shared_global_panel,PT,DeconvSC,2027,DeconvSC,100,LDK1;LDK2;LDK3,3,600,pooled_centered,cellwise_log1p_cp10k,shared_global_gt_hvg,average,1,0.408,0.662,0.00011087627942291544,0.00011087627942291544,0.05322061412299941,0.013167264590187758,,,,,,,,,,,
S4_shared_global_panel,PT,BaseVAE,2027,DeconvSC,100,LDK1;LDK2;LDK3,3,600,pooled_centered,cellwise_log1p_cp10k,shared_global_gt_hvg,average,1,0.408,0.848,0.0002080490226327303,0.0002080490226327303,0.09986353086371054,0.02031513491704314,,,,,,,,,,,
S4_shared_global_panel,PT,DeconvSC,2028,DeconvSC,100,LDK1;LDK2;LDK3,3,600,pooled_centered,cellwise_log1p_cp10k,shared_global_gt_hvg,average,1,0.412,0.666,0.0001161284819108406,0.0001161284819108406,0.05574167131720349,0.013439380462451196,,,,,,,,,,,
S4_shared_global_panel,PT,BaseVAE,2028,DeconvSC,100,LDK1;LDK2;LDK3,3,600,pooled_centered,cellwise_log1p_cp10k,shared_global_gt_hvg,average,1,0.412,0.846,0.00020564270309647706,0.00020564270309647706,0.09870849748630899,0.01956049177006436,,,,,,,,,,,
S4_shared_global_panel,PT,DeconvSC,2029,DeconvSC,100,LDK1;LDK2;LDK3,3,600,pooled_centered,cellwise_log1p_cp10k,shared_global_gt_hvg,average,1,0.442,0.668,9.592818027852618e-05,9.592818027852618e-05,0.046045526533692566,0.011512271550347434,,,,,,,,,,,
S4_shared_global_panel,PT,BaseVAE,2029,DeconvSC,100,LDK1;LDK2;LDK3,3,600,pooled_centered,cellwise_log1p_cp10k,shared_global_gt_hvg,average,1,0.442,0.844,0.0001942803416355937,0.0001942803416355937,0.09325456398508497,0.01786616586354899,,,,,,,,,,,
S4_shared_global_panel,PT,DeconvSC,2030,DeconvSC,100,LDK1;LDK2;LDK3,3,600,pooled_centered,cellwise_log1p_cp10k,shared_global_gt_hvg,average,1,0.436,0.67,9.619288387269959e-05,9.619288387269959e-05,0.0461725842588958,0.011773830191778818,,,,,,,,,,,
S4_shared_global_panel,PT,BaseVAE,2030,DeconvSC,100,LDK1;LDK2;LDK3,3,600,pooled_centered,cellwise_log1p_cp10k,shared_global_gt_hvg,average,1,0.436,0.846,0.00019495562907994335,0.00019495562907994335,0.0935787019583728,0.018213939951337074,,,,,,,,,,,
S4_shared_global_panel,PT,DeconvSC,2031,DeconvSC,100,LDK1;LDK2;LDK3,3,600,pooled_centered,cellwise_log1p_cp10k,shared_global_gt_hvg,average,1,0.446,0.666,0.0001151592475251635,0.0001151592475251635,0.05527643881207848,0.012989905491835891,,,,,,,,,,,
S4_shared_global_panel,PT,BaseVAE,2031,DeconvSC,100,LDK1;LDK2;LDK3,3,600,pooled_centered,cellwise_log1p_cp10k,shared_global_gt_hvg,average,1,0.446,0.846,0.0002061089070415334,0.0002061089070415334,0.09893227537993603,0.019365421764120396,,,,,,,,,,,
S4_shared_global_panel,PT,DeconvSC,2032,DeconvSC,100,LDK1;LDK2;LDK3,3,600,pooled_centered,cellwise_log1p_cp10k,shared_global_gt_hvg,average,1,0.402,0.664,0.0001159603087435854,0.0001159603087435854,0.055660948196920995,0.013596667151231546,,,,,,,,,,,
S4_shared_global_panel,PT,BaseVAE,2032,DeconvSC,100,LDK1;LDK2;LDK3,3,600,pooled_centered,cellwise_log1p_cp10k,shared_global_gt_hvg,average,1,0.402,0.848,0.00020487784068141363,0.00020487784068141363,0.09834136352707853,0.01982711164837268,,,,,,,,,,,
S4_shared_global_panel,PT,DeconvSC,2033,DeconvSC,100,LDK1;LDK2;LDK3,3,600,pooled_centered,cellwise_log1p_cp10k,shared_global_gt_hvg,average,1,0.412,0.67,0.00010096804346073646,0.00010096804346073646,0.0484646608611535,0.01249289608004413,,,,,,,,,,,
S4_shared_global_panel,PT,BaseVAE,2033,DeconvSC,100,LDK1;LDK2;LDK3,3,600,pooled_centered,cellwise_log1p_cp10k,shared_global_gt_hvg,average,1,0.412,0.848,0.00020014128389940063,0.00020014128389940063,0.0960678162717123,0.019125614881597988,,,,,,,,,,,
S4_shared_global_panel,aLOH,DeconvSC,2024,DeconvSC,100,LDK1;LDK2;LDK3,3,600,pooled_centered,cellwise_log1p_cp10k,shared_global_gt_hvg,average,1,0.308,0.652,0.00013992627752660672,0.00013992627752660672,0.06716461321277123,0.018933313941902383,,,,,,,,,,,
S4_shared_global_panel,aLOH,BaseVAE,2024,DeconvSC,100,LDK1;LDK2;LDK3,3,600,pooled_centered,cellwise_log1p_cp10k,shared_global_gt_hvg,average,1,0.308,0.826,0.0002478365118856153,0.0002478365118856153,0.11896152570509534,0.02887012875734477,,,,,,,,,,,
S4_shared_global_panel,aLOH,DeconvSC,2025,DeconvSC,100,LDK1;LDK2;LDK3,3,600,pooled_centered,cellwise_log1p_cp10k,shared_global_gt_hvg,average,1,0.354,0.65,0.0001378168981868332,0.0001378168981868332,0.06615211112967993,0.017860332388428785,,,,,,,,,,,
S4_shared_global_panel,aLOH,BaseVAE,2025,DeconvSC,100,LDK1;LDK2;LDK3,3,600,pooled_centered,cellwise_log1p_cp10k,shared_global_gt_hvg,average,1,0.354,0.824,0.00024398736215455047,0.00024398736215455047,0.11711393383418423,0.027364878109790682,,,,,,,,,,,
S4_shared_global_panel,aLOH,DeconvSC,2026,DeconvSC,100,LDK1;LDK2;LDK3,3,600,pooled_centered,cellwise_log1p_cp10k,shared_global_gt_hvg,average,1,0.344,0.65,0.00012644973430060862,0.00012644973430060862,0.06069587246429214,0.017631144206440214,,,,,,,,,,,
S4_shared_global_panel,aLOH,BaseVAE,2026,DeconvSC,100,LDK1;LDK2;LDK3,3,600,pooled_centered,cellwise_log1p_cp10k,shared_global_gt_hvg,average,1,0.344,0.822,0.00024090227931393445,0.00024090227931393445,0.11563309407068853,0.027869914634616376,,,,,,,,,,,
S4_shared_global_panel,aLOH,DeconvSC,2027,DeconvSC,100,LDK1;LDK2;LDK3,3,600,pooled_centered,cellwise_log1p_cp10k,shared_global_gt_hvg,average,1,0.36,0.654,0.00012172669137933523,0.00012172669137933523,0.05842881186208091,0.016754740183209042,,,,,,,,,,,
S4_shared_global_panel,aLOH,BaseVAE,2027,DeconvSC,100,LDK1;LDK2;LDK3,3,600,pooled_centered,cellwise_log1p_cp10k,shared_global_gt_hvg,average,1,0.36,0.822,0.00023768651469312783,0.00023768651469312783,0.11408952705270135,0.02693275309540981,,,,,,,,,,,
S4_shared_global_panel,aLOH,DeconvSC,2028,DeconvSC,100,LDK1;LDK2;LDK3,3,600,pooled_centered,cellwise_log1p_cp10k,shared_global_gt_hvg,average,1,0.348,0.652,0.00011371497547412541,0.00011371497547412541,0.0545831882275802,0.01609069561499762,,,,,,,,,,,
S4_shared_global_panel,aLOH,BaseVAE,2028,DeconvSC,100,LDK1;LDK2;LDK3,3,600,pooled_centered,cellwise_log1p_cp10k,shared_global_gt_hvg,average,1,0.348,0.824,0.00023205392315310216,0.00023205392315310216,0.11138588311348904,0.025834126450525862,,,,,,,,,,,
S4_shared_global_panel,aLOH,DeconvSC,2029,DeconvSC,100,LDK1;LDK2;LDK3,3,600,pooled_centered,cellwise_log1p_cp10k,shared_global_gt_hvg,average,1,0.376,0.656,0.00011429475306810061,0.00011429475306810061,0.054861481472688295,0.015879683954032175,,,,,,,,,,,
S4_shared_global_panel,aLOH,BaseVAE,2029,DeconvSC,100,LDK1;LDK2;LDK3,3,600,pooled_centered,cellwise_log1p_cp10k,shared_global_gt_hvg,average,1,0.376,0.822,0.00023341359091383584,0.00023341359091383584,0.11203852363864121,0.025835902037003672,,,,,,,,,,,
S4_shared_global_panel,aLOH,DeconvSC,2030,DeconvSC,100,LDK1;LDK2;LDK3,3,600,pooled_centered,cellwise_log1p_cp10k,shared_global_gt_hvg,average,1,0.334,0.65,0.0001370450534380275,0.0001370450534380275,0.0657816256502532,0.0189101438194717,,,,,,,,,,,
S4_shared_global_panel,aLOH,BaseVAE,2030,DeconvSC,100,LDK1;LDK2;LDK3,3,600,pooled_centered,cellwise_log1p_cp10k,shared_global_gt_hvg,average,1,0.334,0.826,0.00024496180344975315,0.00024496180344975315,0.1175816656558815,0.028662655448968545,,,,,,,,,,,
S4_shared_global_panel,aLOH,DeconvSC,2031,DeconvSC,100,LDK1;LDK2;LDK3,3,600,pooled_centered,cellwise_log1p_cp10k,shared_global_gt_hvg,average,1,0.318,0.654,0.00014164312405754332,0.00014164312405754332,0.0679886995476208,0.01906193252664575,,,,,,,,,,,
S4_shared_global_panel,aLOH,BaseVAE,2031,DeconvSC,100,LDK1;LDK2;LDK3,3,600,pooled_centered,cellwise_log1p_cp10k,shared_global_gt_hvg,average,1,0.318,0.822,0.0002459102646082659,0.0002459102646082659,0.11803692701196765,0.0290711473569628,,,,,,,,,,,
S4_shared_global_panel,aLOH,DeconvSC,2032,DeconvSC,100,LDK1;LDK2;LDK3,3,600,pooled_centered,cellwise_log1p_cp10k,shared_global_gt_hvg,average,1,0.336,0.66,0.00012004242337028367,0.00012004242337028367,0.057620363217736156,0.016960576865834326,,,,,,,,,,,
S4_shared_global_panel,aLOH,BaseVAE,2032,DeconvSC,100,LDK1;LDK2;LDK3,3,600,pooled_centered,cellwise_log1p_cp10k,shared_global_gt_hvg,average,1,0.336,0.822,0.0002328837577710848,0.0002328837577710848,0.11178420373012071,0.026641443743231377,,,,,,,,,,,
S4_shared_global_panel,aLOH,DeconvSC,2033,DeconvSC,100,LDK1;LDK2;LDK3,3,600,pooled_centered,cellwise_log1p_cp10k,shared_global_gt_hvg,average,1,0.354,0.654,0.0001182192387503374,0.0001182192387503374,0.056745234600161946,0.01666414115999679,,,,,,,,,,,
S4_shared_global_panel,aLOH,BaseVAE,2033,DeconvSC,100,LDK1;LDK2;LDK3,3,600,pooled_centered,cellwise_log1p_cp10k,shared_global_gt_hvg,average,1,0.354,0.826,0.00023569302416018956,0.00023569302416018956,0.11313265159689098,0.026588761447646977,,,,,,,,,,,
S5_legacy_ward,CD_PC,DeconvSC,2024,DeconvSC,100,LDK1;LDK2;LDK3,3,358,pooled_centered,cellwise_log1p_cp10k,celltype_specific,ward,10,0.0,0.024,0.01902678254764439,0.01677165670207545,0.29185688671322885,0.2652899676902279,,,,,,,,,,,
S5_legacy_ward,CD_PC,BaseVAE,2024,DeconvSC,100,LDK1;LDK2;LDK3,3,358,pooled_centered,cellwise_log1p_cp10k,celltype_specific,ward,10,0.0,0.02,0.042447336049029324,0.03252019120954275,0.6037879943506053,0.5855681889268732,,,,,,,,,,,
S5_legacy_ward,CD_PC,DeconvSC,2025,DeconvSC,100,LDK1;LDK2;LDK3,3,358,pooled_centered,cellwise_log1p_cp10k,celltype_specific,ward,10,0.0,0.024,0.01914366072873717,0.016275060018649524,0.2923691663710623,0.26604016510291756,,,,,,,,,,,
S5_legacy_ward,CD_PC,BaseVAE,2025,DeconvSC,100,LDK1;LDK2;LDK3,3,358,pooled_centered,cellwise_log1p_cp10k,celltype_specific,ward,10,0.0,0.02,0.04370528407743595,0.03300157347669572,0.616371647255159,0.5977037296981149,,,,,,,,,,,
S5_legacy_ward,CD_PC,DeconvSC,2026,DeconvSC,100,LDK1;LDK2;LDK3,3,358,pooled_centered,cellwise_log1p_cp10k,celltype_specific,ward,10,0.0,0.024,0.018243103857597844,0.015946291745652194,0.2844874470288149,0.25987538389748716,,,,,,,,,,,
S5_legacy_ward,CD_PC,BaseVAE,2026,DeconvSC,100,LDK1;LDK2;LDK3,3,358,pooled_centered,cellwise_log1p_cp10k,celltype_specific,ward,10,0.0,0.02,0.043941005316408335,0.03305324378160123,0.6201330288055067,0.6031208524543902,,,,,,,,,,,
S5_legacy_ward,CD_PC,DeconvSC,2027,DeconvSC,100,LDK1;LDK2;LDK3,3,358,pooled_centered,cellwise_log1p_cp10k,celltype_specific,ward,10,0.0,0.024,0.01908190376673833,0.016149074758259573,0.292385324814819,0.26643931145090416,,,,,,,,,,,
S5_legacy_ward,CD_PC,BaseVAE,2027,DeconvSC,100,LDK1;LDK2;LDK3,3,358,pooled_centered,cellwise_log1p_cp10k,celltype_specific,ward,10,0.0,0.02,0.04388575052948558,0.033194755545549195,0.6205445574399209,0.600844177150911,,,,,,,,,,,
S5_legacy_ward,CD_PC,DeconvSC,2028,DeconvSC,100,LDK1;LDK2;LDK3,3,358,pooled_centered,cellwise_log1p_cp10k,celltype_specific,ward,10,0.0,0.024,0.018563059026432863,0.016699046329648942,0.29366072450522296,0.266941285456617,,,,,,,,,,,
S5_legacy_ward,CD_PC,BaseVAE,2028,DeconvSC,100,LDK1;LDK2;LDK3,3,358,pooled_centered,cellwise_log1p_cp10k,celltype_specific,ward,10,0.0,0.02,0.044614390686695614,0.033395743366280206,0.6302626767594958,0.612945400803503,,,,,,,,,,,
S5_legacy_ward,CD_PC,DeconvSC,2029,DeconvSC,100,LDK1;LDK2;LDK3,3,358,pooled_centered,cellwise_log1p_cp10k,celltype_specific,ward,10,0.0,0.024,0.018430922157396425,0.01562607552561794,0.2870000777495853,0.261510524489315,,,,,,,,,,,
S5_legacy_ward,CD_PC,BaseVAE,2029,DeconvSC,100,LDK1;LDK2;LDK3,3,358,pooled_centered,cellwise_log1p_cp10k,celltype_specific,ward,10,0.0,0.02,0.04367790921156974,0.03364726887060166,0.6217318683414783,0.6025256793237195,,,,,,,,,,,
S5_legacy_ward,CD_PC,DeconvSC,2030,DeconvSC,100,LDK1;LDK2;LDK3,3,358,pooled_centered,cellwise_log1p_cp10k,celltype_specific,ward,10,0.0,0.024,0.01807897119307887,0.015386324464707703,0.2793649979827345,0.2534081697669538,,,,,,,,,,,
S5_legacy_ward,CD_PC,BaseVAE,2030,DeconvSC,100,LDK1;LDK2;LDK3,3,358,pooled_centered,cellwise_log1p_cp10k,celltype_specific,ward,10,0.0,0.02,0.04331128079272216,0.03239118346804272,0.611173557693924,0.5910366465052195,,,,,,,,,,,
S5_legacy_ward,CD_PC,DeconvSC,2031,DeconvSC,100,LDK1;LDK2;LDK3,3,358,pooled_centered,cellwise_log1p_cp10k,celltype_specific,ward,10,0.0,0.024,0.0187384751483932,0.015976348941772717,0.2880159174338176,0.26229790953694343,,,,,,,,,,,
S5_legacy_ward,CD_PC,BaseVAE,2031,DeconvSC,100,LDK1;LDK2;LDK3,3,358,pooled_centered,cellwise_log1p_cp10k,celltype_specific,ward,10,0.0,0.02,0.04289990288250153,0.03257579221832978,0.61150562020509,0.5926959438449265,,,,,,,,,,,
S5_legacy_ward,CD_PC,DeconvSC,2032,DeconvSC,100,LDK1;LDK2;LDK3,3,358,pooled_centered,cellwise_log1p_cp10k,celltype_specific,ward,10,0.0,0.024,0.018754092155537493,0.01624374856190906,0.28736060223090604,0.2606318332572198,,,,,,,,,,,
S5_legacy_ward,CD_PC,BaseVAE,2032,DeconvSC,100,LDK1;LDK2;LDK3,3,358,pooled_centered,cellwise_log1p_cp10k,celltype_specific,ward,10,0.0,0.02,0.04342256296469676,0.03343879277211989,0.6166784824992237,0.597814554664476,,,,,,,,,,,
S5_legacy_ward,CD_PC,DeconvSC,2033,DeconvSC,100,LDK1;LDK2;LDK3,3,358,pooled_centered,cellwise_log1p_cp10k,celltype_specific,ward,10,0.0,0.024,0.018200420100517273,0.01583872056183153,0.2837914499750815,0.25726736148827395,,,,,,,,,,,
S5_legacy_ward,CD_PC,BaseVAE,2033,DeconvSC,100,LDK1;LDK2;LDK3,3,358,pooled_centered,cellwise_log1p_cp10k,celltype_specific,ward,10,0.0,0.02,0.043999853939111724,0.03346819815495533,0.6213291927361227,0.6033793815243893,,,,,,,,,,,
S5_legacy_ward,CNT,DeconvSC,2024,DeconvSC,100,LDK1;LDK2;LDK3,3,151,pooled_centered,cellwise_log1p_cp10k,celltype_specific,ward,10,0.0,0.01,0.020801642936789048,0.00954198759582928,0.25625963113043726,0.22719815807134042,,,,,,,,,,,
S5_legacy_ward,CNT,BaseVAE,2024,DeconvSC,100,LDK1;LDK2;LDK3,3,151,pooled_centered,cellwise_log1p_cp10k,celltype_specific,ward,10,0.0,0.008,0.048824293680067306,0.033211493231419864,0.6930965025514669,0.6869365572146415,,,,,,,,,,,
S5_legacy_ward,CNT,DeconvSC,2025,DeconvSC,100,LDK1;LDK2;LDK3,3,151,pooled_centered,cellwise_log1p_cp10k,celltype_specific,ward,10,0.0,0.01,0.0215588046228145,0.010259193576846532,0.2682004372297991,0.24015738597714456,,,,,,,,,,,
S5_legacy_ward,CNT,BaseVAE,2025,DeconvSC,100,LDK1;LDK2;LDK3,3,151,pooled_centered,cellwise_log1p_cp10k,celltype_specific,ward,10,0.0,0.008,0.049012339063923036,0.03372148236661837,0.7003268768725303,0.6958055384614501,,,,,,,,,,,
S5_legacy_ward,CNT,DeconvSC,2026,DeconvSC,100,LDK1;LDK2;LDK3,3,151,pooled_centered,cellwise_log1p_cp10k,celltype_specific,ward,10,0.0,0.01,0.020414929969262634,0.010242338761727244,0.24909960101436873,0.2196920277855429,,,,,,,,,,,
S5_legacy_ward,CNT,BaseVAE,2026,DeconvSC,100,LDK1;LDK2;LDK3,3,151,pooled_centered,cellwise_log1p_cp10k,celltype_specific,ward,10,0.0,0.008,0.04947956591213287,0.03286883130641315,0.6912601494776083,0.6854417877303801,,,,,,,,,,,
S5_legacy_ward,CNT,DeconvSC,2027,DeconvSC,100,LDK1;LDK2;LDK3,3,151,pooled_centered,cellwise_log1p_cp10k,celltype_specific,ward,10,0.0,0.01,0.021117020463236765,0.010539752977431913,0.2659564267564344,0.2346492509225016,,,,,,,,,,,
S5_legacy_ward,CNT,BaseVAE,2027,DeconvSC,100,LDK1;LDK2;LDK3,3,151,pooled_centered,cellwise_log1p_cp10k,celltype_specific,ward,10,0.0,0.008,0.04914880874925008,0.033461508241569675,0.6966052731024724,0.6913951416963261,,,,,,,,,,,
S5_legacy_ward,CNT,DeconvSC,2028,DeconvSC,100,LDK1;LDK2;LDK3,3,151,pooled_centered,cellwise_log1p_cp10k,celltype_specific,ward,10,0.0,0.01,0.021595938066561456,0.009978433432025945,0.2633987628824812,0.23322974804634528,,,,,,,,,,,
S5_legacy_ward,CNT,BaseVAE,2028,DeconvSC,100,LDK1;LDK2;LDK3,3,151,pooled_centered,cellwise_log1p_cp10k,celltype_specific,ward,10,0.0,0.008,0.05069007951802586,0.03388354961800611,0.7128376562232864,0.7074398713954533,,,,,,,,,,,
S5_legacy_ward,CNT,DeconvSC,2029,DeconvSC,100,LDK1;LDK2;LDK3,3,151,pooled_centered,cellwise_log1p_cp10k,celltype_specific,ward,10,0.0,0.01,0.020295515126269783,0.010296691412249752,0.2601488768626733,0.2269133680230359,,,,,,,,,,,
S5_legacy_ward,CNT,BaseVAE,2029,DeconvSC,100,LDK1;LDK2;LDK3,3,151,pooled_centered,cellwise_log1p_cp10k,celltype_specific,ward,10,0.0,0.008,0.04937868094782657,0.034049297740040334,0.7065486097153308,0.6982455819096558,,,,,,,,,,,
S5_legacy_ward,CNT,DeconvSC,2030,DeconvSC,100,LDK1;LDK2;LDK3,3,151,pooled_centered,cellwise_log1p_cp10k,celltype_specific,ward,10,0.0,0.01,0.021626848855933817,0.010010858476034045,0.26783544398639686,0.23690911575297502,,,,,,,,,,,
S5_legacy_ward,CNT,BaseVAE,2030,DeconvSC,100,LDK1;LDK2;LDK3,3,151,pooled_centered,cellwise_log1p_cp10k,celltype_specific,ward,10,0.0,0.008,0.050964665341449555,0.0338033202300263,0.717591564291333,0.7111638499273056,,,,,,,,,,,
S5_legacy_ward,CNT,DeconvSC,2031,DeconvSC,100,LDK1;LDK2;LDK3,3,151,pooled_centered,cellwise_log1p_cp10k,celltype_specific,ward,10,0.0,0.01,0.02047113488724205,0.009653684197392882,0.25788968290311287,0.2263167449790405,,,,,,,,,,,
S5_legacy_ward,CNT,BaseVAE,2031,DeconvSC,100,LDK1;LDK2;LDK3,3,151,pooled_centered,cellwise_log1p_cp10k,celltype_specific,ward,10,0.0,0.008,0.049728512431851245,0.03390391969039238,0.7068162494664402,0.7005581399464522,,,,,,,,,,,
S5_legacy_ward,CNT,DeconvSC,2032,DeconvSC,100,LDK1;LDK2;LDK3,3,151,pooled_centered,cellwise_log1p_cp10k,celltype_specific,ward,10,0.0,0.01,0.02102017037573267,0.010456839678232755,0.26404598129460466,0.23424177581612987,,,,,,,,,,,
S5_legacy_ward,CNT,BaseVAE,2032,DeconvSC,100,LDK1;LDK2;LDK3,3,151,pooled_centered,cellwise_log1p_cp10k,celltype_specific,ward,10,0.0,0.008,0.048434622419930004,0.03350768757783862,0.6918898204702051,0.6845678336721367,,,,,,,,,,,
S5_legacy_ward,CNT,DeconvSC,2033,DeconvSC,100,LDK1;LDK2;LDK3,3,151,pooled_centered,cellwise_log1p_cp10k,celltype_specific,ward,10,0.0,0.01,0.02158125562358041,0.010279751470980633,0.268821597694789,0.2372551518591275,,,,,,,,,,,
S5_legacy_ward,CNT,BaseVAE,2033,DeconvSC,100,LDK1;LDK2;LDK3,3,151,pooled_centered,cellwise_log1p_cp10k,celltype_specific,ward,10,0.0,0.008,0.04995244061613966,0.033867257352138906,0.7118237589384394,0.7065367528079408,,,,,,,,,,,
S5_legacy_ward,DCT,DeconvSC,2024,DeconvSC,100,LDK1;LDK2;LDK3,3,245,pooled_centered,cellwise_log1p_cp10k,celltype_specific,ward,10,0.0,0.018,0.019734765095009543,0.019030285114750068,0.3636060475940437,0.3349433212775028,,,,,,,,,,,
S5_legacy_ward,DCT,BaseVAE,2024,DeconvSC,100,LDK1;LDK2;LDK3,3,245,pooled_centered,cellwise_log1p_cp10k,celltype_specific,ward,10,0.0,0.014,0.0398529434587382,0.03805436364323552,0.7462304459177475,0.7363287976575805,,,,,,,,,,,
S5_legacy_ward,DCT,DeconvSC,2025,DeconvSC,100,LDK1;LDK2;LDK3,3,245,pooled_centered,cellwise_log1p_cp10k,celltype_specific,ward,10,0.0,0.018,0.019159654677440845,0.018350438787992848,0.3510229490369509,0.3228669989126138,,,,,,,,,,,
S5_legacy_ward,DCT,BaseVAE,2025,DeconvSC,100,LDK1;LDK2;LDK3,3,245,pooled_centered,cellwise_log1p_cp10k,celltype_specific,ward,10,0.0,0.014,0.0390230024537846,0.037120675123503706,0.7284580056718347,0.7163737013544287,,,,,,,,,,,
S5_legacy_ward,DCT,DeconvSC,2026,DeconvSC,100,LDK1;LDK2;LDK3,3,245,pooled_centered,cellwise_log1p_cp10k,celltype_specific,ward,10,0.0,0.018,0.019355490624805703,0.016658842643303994,0.3466063503433868,0.3197539019066884,,,,,,,,,,,
S5_legacy_ward,DCT,BaseVAE,2026,DeconvSC,100,LDK1;LDK2;LDK3,3,245,pooled_centered,cellwise_log1p_cp10k,celltype_specific,ward,10,0.0,0.014,0.03927595417578004,0.03537306766160571,0.724484276053867,0.7113192638439422,,,,,,,,,,,
S5_legacy_ward,DCT,DeconvSC,2027,DeconvSC,100,LDK1;LDK2;LDK3,3,245,pooled_centered,cellwise_log1p_cp10k,celltype_specific,ward,10,0.0,0.018,0.019747865798794305,0.018745435545598127,0.3596073252744052,0.33380897388780356,,,,,,,,,,,
S5_legacy_ward,DCT,BaseVAE,2027,DeconvSC,100,LDK1;LDK2;LDK3,3,245,pooled_centered,cellwise_log1p_cp10k,celltype_specific,ward,10,0.0,0.014,0.0399427198751867,0.03751845232862617,0.7436698421503382,0.7339568143964943,,,,,,,,,,,
S5_legacy_ward,DCT,DeconvSC,2028,DeconvSC,100,LDK1;LDK2;LDK3,3,245,pooled_centered,cellwise_log1p_cp10k,celltype_specific,ward,10,0.0,0.018,0.0193383001973543,0.01693566629959603,0.34811807334292044,0.319609567217495,,,,,,,,,,,
S5_legacy_ward,DCT,BaseVAE,2028,DeconvSC,100,LDK1;LDK2;LDK3,3,245,pooled_centered,cellwise_log1p_cp10k,celltype_specific,ward,10,0.0,0.014,0.03904475540562467,0.035800404111987025,0.7238371032120574,0.7120538305269266,,,,,,,,,,,
S5_legacy_ward,DCT,DeconvSC,2029,DeconvSC,100,LDK1;LDK2;LDK3,3,245,pooled_centered,cellwise_log1p_cp10k,celltype_specific,ward,10,0.0,0.018,0.019561757678100592,0.017791789544460177,0.3530181638515221,0.3244298238648785,,,,,,,,,,,
S5_legacy_ward,DCT,BaseVAE,2029,DeconvSC,100,LDK1;LDK2;LDK3,3,245,pooled_centered,cellwise_log1p_cp10k,celltype_specific,ward,10,0.0,0.014,0.03859992449580536,0.036513129059508764,0.7203407401011879,0.7064780873796577,,,,,,,,,,,
S5_legacy_ward,DCT,DeconvSC,2030,DeconvSC,100,LDK1;LDK2;LDK3,3,245,pooled_centered,cellwise_log1p_cp10k,celltype_specific,ward,10,0.0,0.018,0.01938193218460048,0.01856867092645645,0.35492605773645225,0.3274128272532889,,,,,,,,,,,
S5_legacy_ward,DCT,BaseVAE,2030,DeconvSC,100,LDK1;LDK2;LDK3,3,245,pooled_centered,cellwise_log1p_cp10k,celltype_specific,ward,10,0.0,0.014,0.03891923224603855,0.037524522207493666,0.7299665120103453,0.7165419452161237,,,,,,,,,,,
S5_legacy_ward,DCT,DeconvSC,2031,DeconvSC,100,LDK1;LDK2;LDK3,3,245,pooled_centered,cellwise_log1p_cp10k,celltype_specific,ward,10,0.0,0.018,0.020195465362263375,0.0192582200036785,0.36924864261289253,0.34150714537493093,,,,,,,,,,,
S5_legacy_ward,DCT,BaseVAE,2031,DeconvSC,100,LDK1;LDK2;LDK3,3,245,pooled_centered,cellwise_log1p_cp10k,celltype_specific,ward,10,0.0,0.014,0.04009573018991974,0.038296293973368326,0.750340285597552,0.7371142578362845,,,,,,,,,,,
S5_legacy_ward,DCT,DeconvSC,2032,DeconvSC,100,LDK1;LDK2;LDK3,3,245,pooled_centered,cellwise_log1p_cp10k,celltype_specific,ward,10,0.0,0.018,0.019814763984463444,0.018524830312465032,0.3612855103300388,0.33431315550828355,,,,,,,,,,,
S5_legacy_ward,DCT,BaseVAE,2032,DeconvSC,100,LDK1;LDK2;LDK3,3,245,pooled_centered,cellwise_log1p_cp10k,celltype_specific,ward,10,0.0,0.014,0.03990634593303812,0.03732649763459019,0.7437961543993982,0.7325672397104181,,,,,,,,,,,
S5_legacy_ward,DCT,DeconvSC,2033,DeconvSC,100,LDK1;LDK2;LDK3,3,245,pooled_centered,cellwise_log1p_cp10k,celltype_specific,ward,10,0.0,0.018,0.019796610052765166,0.018350989097725576,0.3572578131996327,0.3294532834694862,,,,,,,,,,,
S5_legacy_ward,DCT,BaseVAE,2033,DeconvSC,100,LDK1;LDK2;LDK3,3,245,pooled_centered,cellwise_log1p_cp10k,celltype_specific,ward,10,0.0,0.014,0.03933458582045865,0.03708044577432283,0.7314399932066012,0.717168191321734,,,,,,,,,,,
S5_legacy_ward,MC,DeconvSC,2024,DeconvSC,100,LDK1;LDK2;LDK3,3,196,pooled_centered,cellwise_log1p_cp10k,celltype_specific,ward,10,0.0,0.072,0.020515780692528348,0.018253898916515538,0.3355872696590235,0.3074531229986758,,,,,,,,,,,
S5_legacy_ward,MC,BaseVAE,2024,DeconvSC,100,LDK1;LDK2;LDK3,3,196,pooled_centered,cellwise_log1p_cp10k,celltype_specific,ward,10,0.0,0.078,0.03541302524627349,0.025582314292314036,0.5757124445434738,0.5531516230552465,,,,,,,,,,,
S5_legacy_ward,MC,DeconvSC,2025,DeconvSC,100,LDK1;LDK2;LDK3,3,196,pooled_centered,cellwise_log1p_cp10k,celltype_specific,ward,10,0.0,0.072,0.02024138396287893,0.01926209765080876,0.34013711640838895,0.3095319711494817,,,,,,,,,,,
S5_legacy_ward,MC,BaseVAE,2025,DeconvSC,100,LDK1;LDK2;LDK3,3,196,pooled_centered,cellwise_log1p_cp10k,celltype_specific,ward,10,0.0,0.078,0.03482557580894536,0.02714424360571483,0.5755643247139608,0.5486263633733247,,,,,,,,,,,
S5_legacy_ward,MC,DeconvSC,2026,DeconvSC,100,LDK1;LDK2;LDK3,3,196,pooled_centered,cellwise_log1p_cp10k,celltype_specific,ward,10,0.0,0.072,0.019707884119236616,0.01915759223409127,0.3302438006486824,0.3017524035422584,,,,,,,,,,,
S5_legacy_ward,MC,BaseVAE,2026,DeconvSC,100,LDK1;LDK2;LDK3,3,196,pooled_centered,cellwise_log1p_cp10k,celltype_specific,ward,10,0.0,0.078,0.0351420759061577,0.02572987453848924,0.5770496373783782,0.5520095078592314,,,,,,,,,,,
S5_legacy_ward,MC,DeconvSC,2027,DeconvSC,100,LDK1;LDK2;LDK3,3,196,pooled_centered,cellwise_log1p_cp10k,celltype_specific,ward,10,0.0,0.072,0.020398793350042677,0.019042511242329467,0.33867184416849494,0.3070357172230643,,,,,,,,,,,
S5_legacy_ward,MC,BaseVAE,2027,DeconvSC,100,LDK1;LDK2;LDK3,3,196,pooled_centered,cellwise_log1p_cp10k,celltype_specific,ward,10,0.0,0.078,0.03548354210368652,0.027672477253020286,0.5801318911296618,0.553375388897711,,,,,,,,,,,
S5_legacy_ward,MC,DeconvSC,2028,DeconvSC,100,LDK1;LDK2;LDK3,3,196,pooled_centered,cellwise_log1p_cp10k,celltype_specific,ward,10,0.0,0.072,0.020566995399687277,0.018933046952594484,0.34080018929186284,0.31043471143086016,,,,,,,,,,,
S5_legacy_ward,MC,BaseVAE,2028,DeconvSC,100,LDK1;LDK2;LDK3,3,196,pooled_centered,cellwise_log1p_cp10k,celltype_specific,ward,10,0.0,0.078,0.036053878736170025,0.026795742829851987,0.5877777187264067,0.5631527842505655,,,,,,,,,,,
S5_legacy_ward,MC,DeconvSC,2029,DeconvSC,100,LDK1;LDK2;LDK3,3,196,pooled_centered,cellwise_log1p_cp10k,celltype_specific,ward,10,0.0,0.072,0.020144715327955108,0.01921741047733371,0.3346253504388045,0.3065188983919715,,,,,,,,,,,
S5_legacy_ward,MC,BaseVAE,2029,DeconvSC,100,LDK1;LDK2;LDK3,3,196,pooled_centered,cellwise_log1p_cp10k,celltype_specific,ward,10,0.0,0.078,0.0356431241971849,0.027447153212114953,0.5832699640552852,0.5576985965798701,,,,,,,,,,,
S5_legacy_ward,MC,DeconvSC,2030,DeconvSC,100,LDK1;LDK2;LDK3,3,196,pooled_centered,cellwise_log1p_cp10k,celltype_specific,ward,10,0.0,0.072,0.020015855480230323,0.018566304694510948,0.32921576103345557,0.2997377058799816,,,,,,,,,,,
S5_legacy_ward,MC,BaseVAE,2030,DeconvSC,100,LDK1;LDK2;LDK3,3,196,pooled_centered,cellwise_log1p_cp10k,celltype_specific,ward,10,0.0,0.078,0.03482929399141523,0.025380828520687602,0.5681856009792734,0.5451054984010961,,,,,,,,,,,
S5_legacy_ward,MC,DeconvSC,2031,DeconvSC,100,LDK1;LDK2;LDK3,3,196,pooled_centered,cellwise_log1p_cp10k,celltype_specific,ward,10,0.0,0.072,0.019405021520397654,0.018552886827288034,0.3270259947353396,0.29801332889996024,,,,,,,,,,,
S5_legacy_ward,MC,BaseVAE,2031,DeconvSC,100,LDK1;LDK2;LDK3,3,196,pooled_centered,cellwise_log1p_cp10k,celltype_specific,ward,10,0.0,0.078,0.034208244127036096,0.026926415815509995,0.5656962282834563,0.5382894801492368,,,,,,,,,,,
S5_legacy_ward,MC,DeconvSC,2032,DeconvSC,100,LDK1;LDK2;LDK3,3,196,pooled_centered,cellwise_log1p_cp10k,celltype_specific,ward,10,0.0,0.072,0.02074984757308692,0.019375379584912658,0.3404000994431576,0.3111387253267952,,,,,,,,,,,
S5_legacy_ward,MC,BaseVAE,2032,DeconvSC,100,LDK1;LDK2;LDK3,3,196,pooled_centered,cellwise_log1p_cp10k,celltype_specific,ward,10,0.0,0.078,0.035564173089372805,0.028053741205626273,0.5804660849247802,0.5543718245118041,,,,,,,,,,,
S5_legacy_ward,MC,DeconvSC,2033,DeconvSC,100,LDK1;LDK2;LDK3,3,196,pooled_centered,cellwise_log1p_cp10k,celltype_specific,ward,10,0.0,0.072,0.019357400410222943,0.017927826944721857,0.32225797681437773,0.29173047079756337,,,,,,,,,,,
S5_legacy_ward,MC,BaseVAE,2033,DeconvSC,100,LDK1;LDK2;LDK3,3,196,pooled_centered,cellwise_log1p_cp10k,celltype_specific,ward,10,0.0,0.078,0.03553879801834191,0.02706068193742716,0.5791657738033444,0.5533974815518501,,,,,,,,,,,
S5_legacy_ward,PT,DeconvSC,2024,DeconvSC,100,LDK1;LDK2;LDK3,3,600,pooled_centered,cellwise_log1p_cp10k,celltype_specific,ward,10,0.0,0.012,0.013474843470392928,0.006323086563412149,0.1950768678884986,0.1749999212142079,,,,,,,,,,,
S5_legacy_ward,PT,BaseVAE,2024,DeconvSC,100,LDK1;LDK2;LDK3,3,600,pooled_centered,cellwise_log1p_cp10k,celltype_specific,ward,10,0.0,0.01,0.03629123590208835,0.027722897121777605,0.6556588308840341,0.6377945356839921,,,,,,,,,,,
S5_legacy_ward,PT,DeconvSC,2025,DeconvSC,100,LDK1;LDK2;LDK3,3,600,pooled_centered,cellwise_log1p_cp10k,celltype_specific,ward,10,0.0,0.014,0.013367331133520108,0.006503631915977338,0.19360603389043646,0.17268231162026187,,,,,,,,,,,
S5_legacy_ward,PT,BaseVAE,2025,DeconvSC,100,LDK1;LDK2;LDK3,3,600,pooled_centered,cellwise_log1p_cp10k,celltype_specific,ward,10,0.0,0.01,0.03623085085506518,0.02751122837293947,0.6495377339318962,0.6327496129655742,,,,,,,,,,,
S5_legacy_ward,PT,DeconvSC,2026,DeconvSC,100,LDK1;LDK2;LDK3,3,600,pooled_centered,cellwise_log1p_cp10k,celltype_specific,ward,10,0.0,0.012,0.013553082180398848,0.006135989807001724,0.19425503882196615,0.17356896603237787,,,,,,,,,,,
S5_legacy_ward,PT,BaseVAE,2026,DeconvSC,100,LDK1;LDK2;LDK3,3,600,pooled_centered,cellwise_log1p_cp10k,celltype_specific,ward,10,0.0,0.01,0.03695243594306726,0.02802856397279108,0.6593876785619616,0.6431651203473211,,,,,,,,,,,
S5_legacy_ward,PT,DeconvSC,2027,DeconvSC,100,LDK1;LDK2;LDK3,3,600,pooled_centered,cellwise_log1p_cp10k,celltype_specific,ward,10,0.0,0.012,0.013859602938149774,0.006819572991804396,0.19814917459711967,0.17768263441940985,,,,,,,,,,,
S5_legacy_ward,PT,BaseVAE,2027,DeconvSC,100,LDK1;LDK2;LDK3,3,600,pooled_centered,cellwise_log1p_cp10k,celltype_specific,ward,10,0.0,0.01,0.03632882877236965,0.027286031364981325,0.6495141381106919,0.6321609721318182,,,,,,,,,,,
S5_legacy_ward,PT,DeconvSC,2028,DeconvSC,100,LDK1;LDK2;LDK3,3,600,pooled_centered,cellwise_log1p_cp10k,celltype_specific,ward,10,0.0,0.014,0.013622675227996515,0.006274161374148684,0.19348623124605083,0.17169084311300328,,,,,,,,,,,
S5_legacy_ward,PT,BaseVAE,2028,DeconvSC,100,LDK1;LDK2;LDK3,3,600,pooled_centered,cellwise_log1p_cp10k,celltype_specific,ward,10,0.0,0.01,0.03653569694098295,0.027422573058750805,0.6524117311380115,0.634820396701464,,,,,,,,,,,
S5_legacy_ward,PT,DeconvSC,2029,DeconvSC,100,LDK1;LDK2;LDK3,3,600,pooled_centered,cellwise_log1p_cp10k,celltype_specific,ward,10,0.0,0.012,0.012590852599613105,0.00614140647128197,0.18514616018518854,0.16393592187161615,,,,,,,,,,,
S5_legacy_ward,PT,BaseVAE,2029,DeconvSC,100,LDK1;LDK2;LDK3,3,600,pooled_centered,cellwise_log1p_cp10k,celltype_specific,ward,10,0.0,0.01,0.03674577007967373,0.027529193968808836,0.6575071738877065,0.6410544164212079,,,,,,,,,,,
S5_legacy_ward,PT,DeconvSC,2030,DeconvSC,100,LDK1;LDK2;LDK3,3,600,pooled_centered,cellwise_log1p_cp10k,celltype_specific,ward,10,0.0,0.014,0.012959769894982815,0.0062812177617612526,0.18794014894340533,0.1670520359788435,,,,,,,,,,,
S5_legacy_ward,PT,BaseVAE,2030,DeconvSC,100,LDK1;LDK2;LDK3,3,600,pooled_centered,cellwise_log1p_cp10k,celltype_specific,ward,10,0.0,0.01,0.036850875483149644,0.027765940187426813,0.6579980329253318,0.6406116413796868,,,,,,,,,,,
S5_legacy_ward,PT,DeconvSC,2031,DeconvSC,100,LDK1;LDK2;LDK3,3,600,pooled_centered,cellwise_log1p_cp10k,celltype_specific,ward,10,0.0,0.012,0.013380046614291097,0.006383132720148534,0.19121047324586757,0.1712141013942386,,,,,,,,,,,
S5_legacy_ward,PT,BaseVAE,2031,DeconvSC,100,LDK1;LDK2;LDK3,3,600,pooled_centered,cellwise_log1p_cp10k,celltype_specific,ward,10,0.0,0.01,0.03714693887606922,0.028332687817559765,0.6655385374650146,0.6505593143815297,,,,,,,,,,,
S5_legacy_ward,PT,DeconvSC,2032,DeconvSC,100,LDK1;LDK2;LDK3,3,600,pooled_centered,cellwise_log1p_cp10k,celltype_specific,ward,10,0.0,0.012,0.013340198542695334,0.006355868354428506,0.18961774847270024,0.1700687451645832,,,,,,,,,,,
S5_legacy_ward,PT,BaseVAE,2032,DeconvSC,100,LDK1;LDK2;LDK3,3,600,pooled_centered,cellwise_log1p_cp10k,celltype_specific,ward,10,0.0,0.01,0.036188650102495445,0.027406081630177957,0.6505275726195616,0.6310777878474714,,,,,,,,,,,
S5_legacy_ward,PT,DeconvSC,2033,DeconvSC,100,LDK1;LDK2;LDK3,3,600,pooled_centered,cellwise_log1p_cp10k,celltype_specific,ward,10,0.0,0.012,0.013047827128179212,0.006403494344096292,0.1883848429183453,0.16804174590368035,,,,,,,,,,,
S5_legacy_ward,PT,BaseVAE,2033,DeconvSC,100,LDK1;LDK2;LDK3,3,600,pooled_centered,cellwise_log1p_cp10k,celltype_specific,ward,10,0.0,0.01,0.03670247235296226,0.02772887621036243,0.6562386372095211,0.6385170678484949,,,,,,,,,,,
S5_legacy_ward,aLOH,DeconvSC,2024,DeconvSC,100,LDK1;LDK2;LDK3,3,600,pooled_centered,cellwise_log1p_cp10k,celltype_specific,ward,10,0.0,0.014,0.023788321254594978,0.016170942197592818,0.34943575775610375,0.3263562776506933,,,,,,,,,,,
S5_legacy_ward,aLOH,BaseVAE,2024,DeconvSC,100,LDK1;LDK2;LDK3,3,600,pooled_centered,cellwise_log1p_cp10k,celltype_specific,ward,10,0.0,0.008,0.04366998696872617,0.03702779158727315,0.6618778888318133,0.6395910667127748,,,,,,,,,,,
S5_legacy_ward,aLOH,DeconvSC,2025,DeconvSC,100,LDK1;LDK2;LDK3,3,600,pooled_centered,cellwise_log1p_cp10k,celltype_specific,ward,10,0.0,0.014,0.023787688153943845,0.015042331399704054,0.3477885756953006,0.32650990744603337,,,,,,,,,,,
S5_legacy_ward,aLOH,BaseVAE,2025,DeconvSC,100,LDK1;LDK2;LDK3,3,600,pooled_centered,cellwise_log1p_cp10k,celltype_specific,ward,10,0.0,0.008,0.04329175725309117,0.03625445372840284,0.656742318467337,0.6336283827763095,,,,,,,,,,,
S5_legacy_ward,aLOH,DeconvSC,2026,DeconvSC,100,LDK1;LDK2;LDK3,3,600,pooled_centered,cellwise_log1p_cp10k,celltype_specific,ward,10,0.0,0.014,0.02331007017434223,0.01623923031898226,0.34806121912358223,0.3270108333830334,,,,,,,,,,,
S5_legacy_ward,aLOH,BaseVAE,2026,DeconvSC,100,LDK1;LDK2;LDK3,3,600,pooled_centered,cellwise_log1p_cp10k,celltype_specific,ward,10,0.0,0.008,0.043141969381944596,0.03597871889544994,0.6581809641843072,0.6363874768800587,,,,,,,,,,,
S5_legacy_ward,aLOH,DeconvSC,2027,DeconvSC,100,LDK1;LDK2;LDK3,3,600,pooled_centered,cellwise_log1p_cp10k,celltype_specific,ward,10,0.0,0.014,0.02324589597220871,0.015425642486934595,0.33530481353790653,0.3143521793920823,,,,,,,,,,,
S5_legacy_ward,aLOH,BaseVAE,2027,DeconvSC,100,LDK1;LDK2;LDK3,3,600,pooled_centered,cellwise_log1p_cp10k,celltype_specific,ward,10,0.0,0.008,0.04266321885911172,0.036275855901165346,0.6522882798380575,0.6310163886814497,,,,,,,,,,,
S5_legacy_ward,aLOH,DeconvSC,2028,DeconvSC,100,LDK1;LDK2;LDK3,3,600,pooled_centered,cellwise_log1p_cp10k,celltype_specific,ward,10,0.0,0.014,0.024351577333074838,0.015929914970256323,0.35748823259011553,0.33505133681666155,,,,,,,,,,,
S5_legacy_ward,aLOH,BaseVAE,2028,DeconvSC,100,LDK1;LDK2;LDK3,3,600,pooled_centered,cellwise_log1p_cp10k,celltype_specific,ward,10,0.0,0.008,0.043192239962203775,0.036936144446996985,0.6622948153002104,0.6403082589726101,,,,,,,,,,,
S5_legacy_ward,aLOH,DeconvSC,2029,DeconvSC,100,LDK1;LDK2;LDK3,3,600,pooled_centered,cellwise_log1p_cp10k,celltype_specific,ward,10,0.0,0.014,0.023649939140294188,0.015235400576557832,0.34819601225072677,0.32563039169134433,,,,,,,,,,,
S5_legacy_ward,aLOH,BaseVAE,2029,DeconvSC,100,LDK1;LDK2;LDK3,3,600,pooled_centered,cellwise_log1p_cp10k,celltype_specific,ward,10,0.0,0.008,0.043338283835572644,0.03680200371481473,0.6612613485531207,0.6383540620696687,,,,,,,,,,,
S5_legacy_ward,aLOH,DeconvSC,2030,DeconvSC,100,LDK1;LDK2;LDK3,3,600,pooled_centered,cellwise_log1p_cp10k,celltype_specific,ward,10,0.0,0.014,0.023729650537339976,0.01577073859261778,0.3526886623045667,0.32970136594038846,,,,,,,,,,,
S5_legacy_ward,aLOH,BaseVAE,2030,DeconvSC,100,LDK1;LDK2;LDK3,3,600,pooled_centered,cellwise_log1p_cp10k,celltype_specific,ward,10,0.0,0.008,0.0434733814368222,0.03676324053753306,0.6602330123792455,0.6373757570703311,,,,,,,,,,,
S5_legacy_ward,aLOH,DeconvSC,2031,DeconvSC,100,LDK1;LDK2;LDK3,3,600,pooled_centered,cellwise_log1p_cp10k,celltype_specific,ward,10,0.0,0.014,0.023113544834246113,0.016027524720408998,0.3406052471017546,0.3201347855757183,,,,,,,,,,,
S5_legacy_ward,aLOH,BaseVAE,2031,DeconvSC,100,LDK1;LDK2;LDK3,3,600,pooled_centered,cellwise_log1p_cp10k,celltype_specific,ward,10,0.0,0.008,0.04286075984566608,0.03622229710796625,0.6533152842161173,0.6318569138909155,,,,,,,,,,,
S5_legacy_ward,aLOH,DeconvSC,2032,DeconvSC,100,LDK1;LDK2;LDK3,3,600,pooled_centered,cellwise_log1p_cp10k,celltype_specific,ward,10,0.0,0.014,0.0235609400322632,0.015461413486924657,0.34991552863786535,0.32907304557874373,,,,,,,,,,,
S5_legacy_ward,aLOH,BaseVAE,2032,DeconvSC,100,LDK1;LDK2;LDK3,3,600,pooled_centered,cellwise_log1p_cp10k,celltype_specific,ward,10,0.0,0.008,0.04298244072542469,0.03668391796464165,0.6570725556798378,0.636362412818288,,,,,,,,,,,
S5_legacy_ward,aLOH,DeconvSC,2033,DeconvSC,100,LDK1;LDK2;LDK3,3,600,pooled_centered,cellwise_log1p_cp10k,celltype_specific,ward,10,0.0,0.014,0.02298279370225762,0.014782141589793957,0.33748675240307074,0.31589803592591836,,,,,,,,,,,
S5_legacy_ward,aLOH,BaseVAE,2033,DeconvSC,100,LDK1;LDK2;LDK3,3,600,pooled_centered,cellwise_log1p_cp10k,celltype_specific,ward,10,0.0,0.008,0.04328356232353338,0.036810811394044136,0.6610096946113493,0.6397867433277092,,,,,,,,,,,
S6_donor_fisher,CD_PC,DeconvSC,2024,DeconvSC,100,LDK1;LDK2;LDK3,3,358,fisher,cellwise_log1p_cp10k,celltype_specific,average,4,0.0,0.02466666666666667,0.012045232218742664,0.004751635332374194,0.2887061399118388,0.24703373222319924,,,,,,,,,,,
S6_donor_fisher,CD_PC,BaseVAE,2024,DeconvSC,100,LDK1;LDK2;LDK3,3,358,fisher,cellwise_log1p_cp10k,celltype_specific,average,4,0.0,0.02,0.02939228616591149,0.015243866484383807,0.726974735482473,0.700379009066304,,,,,,,,,,,
S6_donor_fisher,CD_PC,DeconvSC,2025,DeconvSC,100,LDK1;LDK2;LDK3,3,358,fisher,cellwise_log1p_cp10k,celltype_specific,average,4,0.0,0.02466666666666667,0.012094596716515957,0.0048542309654384126,0.29130489229145884,0.24901148380062027,,,,,,,,,,,
S6_donor_fisher,CD_PC,BaseVAE,2025,DeconvSC,100,LDK1;LDK2;LDK3,3,358,fisher,cellwise_log1p_cp10k,celltype_specific,average,4,0.0,0.02,0.029631875332875042,0.015274770101288087,0.7324936336948995,0.7065349370884244,,,,,,,,,,,
S6_donor_fisher,CD_PC,DeconvSC,2026,DeconvSC,100,LDK1;LDK2;LDK3,3,358,fisher,cellwise_log1p_cp10k,celltype_specific,average,4,0.0,0.02466666666666667,0.011940353129499832,0.004705442654041278,0.285539091668343,0.24511973343829485,,,,,,,,,,,
S6_donor_fisher,CD_PC,BaseVAE,2026,DeconvSC,100,LDK1;LDK2;LDK3,3,358,fisher,cellwise_log1p_cp10k,celltype_specific,average,4,0.0,0.02,0.02969727850515089,0.015530886643739757,0.7339016367085468,0.7101865495988777,,,,,,,,,,,
S6_donor_fisher,CD_PC,DeconvSC,2027,DeconvSC,100,LDK1;LDK2;LDK3,3,358,fisher,cellwise_log1p_cp10k,celltype_specific,average,4,0.0,0.02466666666666667,0.01188296198074019,0.004811662932238523,0.28752100626950483,0.24803550315466552,,,,,,,,,,,
S6_donor_fisher,CD_PC,BaseVAE,2027,DeconvSC,100,LDK1;LDK2;LDK3,3,358,fisher,cellwise_log1p_cp10k,celltype_specific,average,4,0.0,0.02,0.030262381898240716,0.015506019321169236,0.7388546489106385,0.7149487630262682,,,,,,,,,,,
S6_donor_fisher,CD_PC,DeconvSC,2028,DeconvSC,100,LDK1;LDK2;LDK3,3,358,fisher,cellwise_log1p_cp10k,celltype_specific,average,4,0.0,0.02466666666666667,0.012018139728833099,0.004722355789249371,0.2904148759239012,0.24850505109980928,,,,,,,,,,,
S6_donor_fisher,CD_PC,BaseVAE,2028,DeconvSC,100,LDK1;LDK2;LDK3,3,358,fisher,cellwise_log1p_cp10k,celltype_specific,average,4,0.0,0.02,0.030066717407181493,0.015406738232037295,0.7380170673504256,0.7150596830743048,,,,,,,,,,,
S6_donor_fisher,CD_PC,DeconvSC,2029,DeconvSC,100,LDK1;LDK2;LDK3,3,358,fisher,cellwise_log1p_cp10k,celltype_specific,average,4,0.0,0.02466666666666667,0.011829324055323684,0.004680763893880623,0.2855802502276341,0.24659426303992327,,,,,,,,,,,
S6_donor_fisher,CD_PC,BaseVAE,2029,DeconvSC,100,LDK1;LDK2;LDK3,3,358,fisher,cellwise_log1p_cp10k,celltype_specific,average,4,0.0,0.02,0.0300476755907626,0.015495819889083533,0.7393309809977482,0.7159747980435851,,,,,,,,,,,
S6_donor_fisher,CD_PC,DeconvSC,2030,DeconvSC,100,LDK1;LDK2;LDK3,3,358,fisher,cellwise_log1p_cp10k,celltype_specific,average,4,0.0,0.02466666666666667,0.011917890669209376,0.0047686622576188515,0.2841424449768746,0.24400275063385607,,,,,,,,,,,
S6_donor_fisher,CD_PC,BaseVAE,2030,DeconvSC,100,LDK1;LDK2;LDK3,3,358,fisher,cellwise_log1p_cp10k,celltype_specific,average,4,0.0,0.02,0.029671939538161392,0.01534625880717255,0.728679877189879,0.7022197986571023,,,,,,,,,,,
S6_donor_fisher,CD_PC,DeconvSC,2031,DeconvSC,100,LDK1;LDK2;LDK3,3,358,fisher,cellwise_log1p_cp10k,celltype_specific,average,4,0.0,0.02466666666666667,0.011563311269443778,0.0046542912071556525,0.2822738269547968,0.24147683682219534,,,,,,,,,,,
S6_donor_fisher,CD_PC,BaseVAE,2031,DeconvSC,100,LDK1;LDK2;LDK3,3,358,fisher,cellwise_log1p_cp10k,celltype_specific,average,4,0.0,0.02,0.029385779038924163,0.015288201127056571,0.7279342227762404,0.7030317805009799,,,,,,,,,,,
S6_donor_fisher,CD_PC,DeconvSC,2032,DeconvSC,100,LDK1;LDK2;LDK3,3,358,fisher,cellwise_log1p_cp10k,celltype_specific,average,4,0.0,0.02466666666666667,0.012025244047444303,0.004855240128207895,0.28789187852423465,0.24553646853903233,,,,,,,,,,,
S6_donor_fisher,CD_PC,BaseVAE,2032,DeconvSC,100,LDK1;LDK2;LDK3,3,358,fisher,cellwise_log1p_cp10k,celltype_specific,average,4,0.0,0.02,0.029194542546137105,0.015506301595234393,0.7303748870892107,0.7045916696509532,,,,,,,,,,,
S6_donor_fisher,CD_PC,DeconvSC,2033,DeconvSC,100,LDK1;LDK2;LDK3,3,358,fisher,cellwise_log1p_cp10k,celltype_specific,average,4,0.0,0.02466666666666667,0.011716489344400118,0.004740010435474728,0.2854526119498298,0.24461571867643078,,,,,,,,,,,
S6_donor_fisher,CD_PC,BaseVAE,2033,DeconvSC,100,LDK1;LDK2;LDK3,3,358,fisher,cellwise_log1p_cp10k,celltype_specific,average,4,0.0,0.02,0.030186030681940746,0.01542408431298815,0.7386432272253486,0.7146871982212826,,,,,,,,,,,
S6_donor_fisher,CNT,DeconvSC,2024,DeconvSC,100,LDK1;LDK2;LDK3,3,151,fisher,cellwise_log1p_cp10k,celltype_specific,average,6,0.0,0.01,0.022274047423691563,0.020746173072394576,0.22396609285076996,0.20731796597800797,,,,,,,,,,,
S6_donor_fisher,CNT,BaseVAE,2024,DeconvSC,100,LDK1;LDK2;LDK3,3,151,fisher,cellwise_log1p_cp10k,celltype_specific,average,6,0.0,0.008,0.08089816897578304,0.1093126904245127,0.7720212507897567,0.8008803631157586,,,,,,,,,,,
S6_donor_fisher,CNT,DeconvSC,2025,DeconvSC,100,LDK1;LDK2;LDK3,3,151,fisher,cellwise_log1p_cp10k,celltype_specific,average,6,0.0,0.01,0.024073853422395052,0.023212669618346886,0.23721256899230503,0.21442826602682016,,,,,,,,,,,
S6_donor_fisher,CNT,BaseVAE,2025,DeconvSC,100,LDK1;LDK2;LDK3,3,151,fisher,cellwise_log1p_cp10k,celltype_specific,average,6,0.0,0.008,0.08284229654891691,0.11256327206082739,0.7866813610060813,0.8158223106208525,,,,,,,,,,,
S6_donor_fisher,CNT,DeconvSC,2026,DeconvSC,100,LDK1;LDK2;LDK3,3,151,fisher,cellwise_log1p_cp10k,celltype_specific,average,6,0.0,0.01,0.022565536171354508,0.019148620074151954,0.22344762713170432,0.2046187470240588,,,,,,,,,,,
S6_donor_fisher,CNT,BaseVAE,2026,DeconvSC,100,LDK1;LDK2;LDK3,3,151,fisher,cellwise_log1p_cp10k,celltype_specific,average,6,0.0,0.008,0.08096359751723912,0.10745732938698416,0.7702485854382561,0.7988474290351322,,,,,,,,,,,
S6_donor_fisher,CNT,DeconvSC,2027,DeconvSC,100,LDK1;LDK2;LDK3,3,151,fisher,cellwise_log1p_cp10k,celltype_specific,average,6,0.0,0.01,0.021885570046718872,0.019508768480000972,0.2237615811622712,0.20380162770030594,,,,,,,,,,,
S6_donor_fisher,CNT,BaseVAE,2027,DeconvSC,100,LDK1;LDK2;LDK3,3,151,fisher,cellwise_log1p_cp10k,celltype_specific,average,6,0.0,0.008,0.08094545556224693,0.11048080187136707,0.7735206364480286,0.8026487179290699,,,,,,,,,,,
S6_donor_fisher,CNT,DeconvSC,2028,DeconvSC,100,LDK1;LDK2;LDK3,3,151,fisher,cellwise_log1p_cp10k,celltype_specific,average,6,0.0,0.01,0.023976586365030205,0.024812015559516926,0.2368580120090683,0.21769314554679156,,,,,,,,,,,
S6_donor_fisher,CNT,BaseVAE,2028,DeconvSC,100,LDK1;LDK2;LDK3,3,151,fisher,cellwise_log1p_cp10k,celltype_specific,average,6,0.0,0.008,0.08314309669347274,0.11621427980259177,0.7926281419954168,0.823309433596108,,,,,,,,,,,
S6_donor_fisher,CNT,DeconvSC,2029,DeconvSC,100,LDK1;LDK2;LDK3,3,151,fisher,cellwise_log1p_cp10k,celltype_specific,average,6,0.0,0.01,0.02258927571702916,0.02381479687700487,0.23033334974495848,0.20416977772812872,,,,,,,,,,,
S6_donor_fisher,CNT,BaseVAE,2029,DeconvSC,100,LDK1;LDK2;LDK3,3,151,fisher,cellwise_log1p_cp10k,celltype_specific,average,6,0.0,0.008,0.08149564458531025,0.11359503994357778,0.7836093313389988,0.8108558845935839,,,,,,,,,,,
S6_donor_fisher,CNT,DeconvSC,2030,DeconvSC,100,LDK1;LDK2;LDK3,3,151,fisher,cellwise_log1p_cp10k,celltype_specific,average,6,0.0,0.01,0.023683526717546772,0.024414925968670856,0.2350821505985233,0.21329552019354678,,,,,,,,,,,
S6_donor_fisher,CNT,BaseVAE,2030,DeconvSC,100,LDK1;LDK2;LDK3,3,151,fisher,cellwise_log1p_cp10k,celltype_specific,average,6,0.0,0.008,0.08174159516530347,0.11274270734749714,0.7824463872432835,0.8121209574343645,,,,,,,,,,,
S6_donor_fisher,CNT,DeconvSC,2031,DeconvSC,100,LDK1;LDK2;LDK3,3,151,fisher,cellwise_log1p_cp10k,celltype_specific,average,6,0.0,0.01,0.02253321741679003,0.023367731124744245,0.22825728112353708,0.2077811822043155,,,,,,,,,,,
S6_donor_fisher,CNT,BaseVAE,2031,DeconvSC,100,LDK1;LDK2;LDK3,3,151,fisher,cellwise_log1p_cp10k,celltype_specific,average,6,0.0,0.008,0.08172194769887556,0.11411825588619806,0.7841828430055705,0.8137519450110973,,,,,,,,,,,
S6_donor_fisher,CNT,DeconvSC,2032,DeconvSC,100,LDK1;LDK2;LDK3,3,151,fisher,cellwise_log1p_cp10k,celltype_specific,average,6,0.0,0.01,0.022849087901978943,0.0258993679393933,0.2314174277988116,0.2068296390328499,,,,,,,,,,,
S6_donor_fisher,CNT,BaseVAE,2032,DeconvSC,100,LDK1;LDK2;LDK3,3,151,fisher,cellwise_log1p_cp10k,celltype_specific,average,6,0.0,0.008,0.08039431300684204,0.10873125053545576,0.770987432556535,0.7985398870768261,,,,,,,,,,,
S6_donor_fisher,CNT,DeconvSC,2033,DeconvSC,100,LDK1;LDK2;LDK3,3,151,fisher,cellwise_log1p_cp10k,celltype_specific,average,6,0.0,0.01,0.022319791951255667,0.021892798099454408,0.22769962761257279,0.2052482391321916,,,,,,,,,,,
S6_donor_fisher,CNT,BaseVAE,2033,DeconvSC,100,LDK1;LDK2;LDK3,3,151,fisher,cellwise_log1p_cp10k,celltype_specific,average,6,0.0,0.008,0.08124044764667772,0.11240936662000699,0.782107938713323,0.8109624495151975,,,,,,,,,,,
S6_donor_fisher,DCT,DeconvSC,2024,DeconvSC,100,LDK1;LDK2;LDK3,3,245,fisher,cellwise_log1p_cp10k,celltype_specific,average,4,0.0,0.018,0.018009653940911266,0.01789193902779706,0.32462092690873334,0.29818292268431956,,,,,,,,,,,
S6_donor_fisher,DCT,BaseVAE,2024,DeconvSC,100,LDK1;LDK2;LDK3,3,245,fisher,cellwise_log1p_cp10k,celltype_specific,average,4,0.0,0.014,0.04616289685598669,0.03579454849427153,0.7795082263174116,0.7846604495481355,,,,,,,,,,,
S6_donor_fisher,DCT,DeconvSC,2025,DeconvSC,100,LDK1;LDK2;LDK3,3,245,fisher,cellwise_log1p_cp10k,celltype_specific,average,4,0.0,0.018,0.018264131614319973,0.01733424330428401,0.31641481656185494,0.2878803147696541,,,,,,,,,,,
S6_donor_fisher,DCT,BaseVAE,2025,DeconvSC,100,LDK1;LDK2;LDK3,3,245,fisher,cellwise_log1p_cp10k,celltype_specific,average,4,0.0,0.014,0.04621241164877297,0.03415980743134841,0.7693557975423242,0.7737331611876348,,,,,,,,,,,
S6_donor_fisher,DCT,DeconvSC,2026,DeconvSC,100,LDK1;LDK2;LDK3,3,245,fisher,cellwise_log1p_cp10k,celltype_specific,average,4,0.0,0.018,0.019049097931177192,0.01860273445511679,0.31982641815072993,0.29211767369519154,,,,,,,,,,,
S6_donor_fisher,DCT,BaseVAE,2026,DeconvSC,100,LDK1;LDK2;LDK3,3,245,fisher,cellwise_log1p_cp10k,celltype_specific,average,4,0.0,0.014,0.046719697401402895,0.035437706762050165,0.7711636397396132,0.7767018551027962,,,,,,,,,,,
S6_donor_fisher,DCT,DeconvSC,2027,DeconvSC,100,LDK1;LDK2;LDK3,3,245,fisher,cellwise_log1p_cp10k,celltype_specific,average,4,0.0,0.018,0.01790561591406769,0.017805579550901885,0.3191115600902912,0.29287419399083187,,,,,,,,,,,
S6_donor_fisher,DCT,BaseVAE,2027,DeconvSC,100,LDK1;LDK2;LDK3,3,245,fisher,cellwise_log1p_cp10k,celltype_specific,average,4,0.0,0.014,0.04584266497373182,0.036053563288445514,0.7749816352213409,0.7819138605548571,,,,,,,,,,,
S6_donor_fisher,DCT,DeconvSC,2028,DeconvSC,100,LDK1;LDK2;LDK3,3,245,fisher,cellwise_log1p_cp10k,celltype_specific,average,4,0.0,0.018,0.018138841527329724,0.01845277061838352,0.31842358031898493,0.2924029923022678,,,,,,,,,,,
S6_donor_fisher,DCT,BaseVAE,2028,DeconvSC,100,LDK1;LDK2;LDK3,3,245,fisher,cellwise_log1p_cp10k,celltype_specific,average,4,0.0,0.014,0.04571759637222171,0.035393458674934014,0.76582617355504,0.7710630588708088,,,,,,,,,,,
S6_donor_fisher,DCT,DeconvSC,2029,DeconvSC,100,LDK1;LDK2;LDK3,3,245,fisher,cellwise_log1p_cp10k,celltype_specific,average,4,0.0,0.018,0.018558917843674146,0.018799985232274136,0.319453684689452,0.2928828887773608,,,,,,,,,,,
S6_donor_fisher,DCT,BaseVAE,2029,DeconvSC,100,LDK1;LDK2;LDK3,3,245,fisher,cellwise_log1p_cp10k,celltype_specific,average,4,0.0,0.014,0.04536011272487936,0.035420203708660426,0.7607460793457997,0.763694291978742,,,,,,,,,,,
S6_donor_fisher,DCT,DeconvSC,2030,DeconvSC,100,LDK1;LDK2;LDK3,3,245,fisher,cellwise_log1p_cp10k,celltype_specific,average,4,0.0,0.018,0.01765262697046529,0.01720478724955917,0.31488248619215436,0.28913858332355136,,,,,,,,,,,
S6_donor_fisher,DCT,BaseVAE,2030,DeconvSC,100,LDK1;LDK2;LDK3,3,245,fisher,cellwise_log1p_cp10k,celltype_specific,average,4,0.0,0.014,0.04539901537184797,0.03373230142415012,0.764267623445897,0.7677732972850113,,,,,,,,,,,
S6_donor_fisher,DCT,DeconvSC,2031,DeconvSC,100,LDK1;LDK2;LDK3,3,245,fisher,cellwise_log1p_cp10k,celltype_specific,average,4,0.0,0.018,0.019561372395670268,0.020001296612227742,0.3392657530735164,0.31465151529234014,,,,,,,,,,,
S6_donor_fisher,DCT,BaseVAE,2031,DeconvSC,100,LDK1;LDK2;LDK3,3,245,fisher,cellwise_log1p_cp10k,celltype_specific,average,4,0.0,0.014,0.04796476156887795,0.036886450987878766,0.7965191008777994,0.8019290197760316,,,,,,,,,,,
S6_donor_fisher,DCT,DeconvSC,2032,DeconvSC,100,LDK1;LDK2;LDK3,3,245,fisher,cellwise_log1p_cp10k,celltype_specific,average,4,0.0,0.018,0.019131630057329346,0.018853632385522012,0.33050640733796804,0.30435650214101306,,,,,,,,,,,
S6_donor_fisher,DCT,BaseVAE,2032,DeconvSC,100,LDK1;LDK2;LDK3,3,245,fisher,cellwise_log1p_cp10k,celltype_specific,average,4,0.0,0.014,0.04694516182343318,0.03598533712281669,0.7850003472673559,0.7913995743928973,,,,,,,,,,,
S6_donor_fisher,DCT,DeconvSC,2033,DeconvSC,100,LDK1;LDK2;LDK3,3,245,fisher,cellwise_log1p_cp10k,celltype_specific,average,4,0.0,0.018,0.019243897794239056,0.01968291516049911,0.330890171222432,0.30639538069058353,,,,,,,,,,,
S6_donor_fisher,DCT,BaseVAE,2033,DeconvSC,100,LDK1;LDK2;LDK3,3,245,fisher,cellwise_log1p_cp10k,celltype_specific,average,4,0.0,0.014,0.047239035264738216,0.03643111825725027,0.7832799170526488,0.7873395960887117,,,,,,,,,,,
S6_donor_fisher,MC,DeconvSC,2024,DeconvSC,100,LDK1;LDK2;LDK3,3,196,fisher,cellwise_log1p_cp10k,celltype_specific,average,6,0.0,0.072,0.018962607111677462,0.020878991774064215,0.28417664846588786,0.25599886804004773,,,,,,,,,,,
S6_donor_fisher,MC,BaseVAE,2024,DeconvSC,100,LDK1;LDK2;LDK3,3,196,fisher,cellwise_log1p_cp10k,celltype_specific,average,6,0.0,0.078,0.056800901596545224,0.05722671423978567,0.7309540017683399,0.7308899601325852,,,,,,,,,,,
S6_donor_fisher,MC,DeconvSC,2025,DeconvSC,100,LDK1;LDK2;LDK3,3,196,fisher,cellwise_log1p_cp10k,celltype_specific,average,6,0.0,0.072,0.01922527154777753,0.021330842548414837,0.28971244406920577,0.25534522747452465,,,,,,,,,,,
S6_donor_fisher,MC,BaseVAE,2025,DeconvSC,100,LDK1;LDK2;LDK3,3,196,fisher,cellwise_log1p_cp10k,celltype_specific,average,6,0.0,0.078,0.05685054670260805,0.05625075064096712,0.7311800383967729,0.7294094224005457,,,,,,,,,,,
S6_donor_fisher,MC,DeconvSC,2026,DeconvSC,100,LDK1;LDK2;LDK3,3,196,fisher,cellwise_log1p_cp10k,celltype_specific,average,6,0.0,0.072,0.019963143817631455,0.022512149377139277,0.29247067791944353,0.26258047699216375,,,,,,,,,,,
S6_donor_fisher,MC,BaseVAE,2026,DeconvSC,100,LDK1;LDK2;LDK3,3,196,fisher,cellwise_log1p_cp10k,celltype_specific,average,6,0.0,0.078,0.05664321158187834,0.05626760471851935,0.7310559707696291,0.7306375059765488,,,,,,,,,,,
S6_donor_fisher,MC,DeconvSC,2027,DeconvSC,100,LDK1;LDK2;LDK3,3,196,fisher,cellwise_log1p_cp10k,celltype_specific,average,6,0.0,0.072,0.01864156947081438,0.020232370853075516,0.28383580092507205,0.25526022691796474,,,,,,,,,,,
S6_donor_fisher,MC,BaseVAE,2027,DeconvSC,100,LDK1;LDK2;LDK3,3,196,fisher,cellwise_log1p_cp10k,celltype_specific,average,6,0.0,0.078,0.057398235106354785,0.05774527447723478,0.7379487039514602,0.7387733560345223,,,,,,,,,,,
S6_donor_fisher,MC,DeconvSC,2028,DeconvSC,100,LDK1;LDK2;LDK3,3,196,fisher,cellwise_log1p_cp10k,celltype_specific,average,6,0.0,0.072,0.018402697661294345,0.02043800285278287,0.281975608465361,0.2519600767186683,,,,,,,,,,,
S6_donor_fisher,MC,BaseVAE,2028,DeconvSC,100,LDK1;LDK2;LDK3,3,196,fisher,cellwise_log1p_cp10k,celltype_specific,average,6,0.0,0.078,0.05702129415096021,0.05703450248644943,0.7393277456373689,0.7371701254603172,,,,,,,,,,,
S6_donor_fisher,MC,DeconvSC,2029,DeconvSC,100,LDK1;LDK2;LDK3,3,196,fisher,cellwise_log1p_cp10k,celltype_specific,average,6,0.0,0.072,0.019747402051269073,0.022363525514493336,0.2895028853633043,0.2581420892063902,,,,,,,,,,,
S6_donor_fisher,MC,BaseVAE,2029,DeconvSC,100,LDK1;LDK2;LDK3,3,196,fisher,cellwise_log1p_cp10k,celltype_specific,average,6,0.0,0.078,0.05766659226760885,0.057002083463194825,0.7397958577747789,0.7371210967804657,,,,,,,,,,,
S6_donor_fisher,MC,DeconvSC,2030,DeconvSC,100,LDK1;LDK2;LDK3,3,196,fisher,cellwise_log1p_cp10k,celltype_specific,average,6,0.0,0.072,0.0187757983526491,0.02131921586570169,0.2779912599890377,0.24925769744039608,,,,,,,,,,,
S6_donor_fisher,MC,BaseVAE,2030,DeconvSC,100,LDK1;LDK2;LDK3,3,196,fisher,cellwise_log1p_cp10k,celltype_specific,average,6,0.0,0.078,0.056080891839903675,0.05608975017897625,0.7186526610750352,0.716949481630547,,,,,,,,,,,
S6_donor_fisher,MC,DeconvSC,2031,DeconvSC,100,LDK1;LDK2;LDK3,3,196,fisher,cellwise_log1p_cp10k,celltype_specific,average,6,0.0,0.072,0.01977238475497757,0.022121561973471617,0.2874769244863611,0.256542457311007,,,,,,,,,,,
S6_donor_fisher,MC,BaseVAE,2031,DeconvSC,100,LDK1;LDK2;LDK3,3,196,fisher,cellwise_log1p_cp10k,celltype_specific,average,6,0.0,0.078,0.056534813817606167,0.056101311455319325,0.7207743725379622,0.7208968482110615,,,,,,,,,,,
S6_donor_fisher,MC,DeconvSC,2032,DeconvSC,100,LDK1;LDK2;LDK3,3,196,fisher,cellwise_log1p_cp10k,celltype_specific,average,6,0.0,0.072,0.01900426604827753,0.021165340230110692,0.2837746811665181,0.2546266057556324,,,,,,,,,,,
S6_donor_fisher,MC,BaseVAE,2032,DeconvSC,100,LDK1;LDK2;LDK3,3,196,fisher,cellwise_log1p_cp10k,celltype_specific,average,6,0.0,0.078,0.05599770989587747,0.05606532520781157,0.7234355153190624,0.7225582938611508,,,,,,,,,,,
S6_donor_fisher,MC,DeconvSC,2033,DeconvSC,100,LDK1;LDK2;LDK3,3,196,fisher,cellwise_log1p_cp10k,celltype_specific,average,6,0.0,0.072,0.019380639412736805,0.020899131560981152,0.28462692936912326,0.2554388457225661,,,,,,,,,,,
S6_donor_fisher,MC,BaseVAE,2033,DeconvSC,100,LDK1;LDK2;LDK3,3,196,fisher,cellwise_log1p_cp10k,celltype_specific,average,6,0.0,0.078,0.05783679308306514,0.058065983390361176,0.7419749229676187,0.7392494614355157,,,,,,,,,,,
S6_donor_fisher,PT,DeconvSC,2024,DeconvSC,100,LDK1;LDK2;LDK3,3,600,fisher,cellwise_log1p_cp10k,celltype_specific,average,4,0.0,0.013333333333333334,0.0036537154018185785,0.0036276686543573805,0.14393425792089348,0.12111905857417052,,,,,,,,,,,
S6_donor_fisher,PT,BaseVAE,2024,DeconvSC,100,LDK1;LDK2;LDK3,3,600,fisher,cellwise_log1p_cp10k,celltype_specific,average,4,0.0,0.01,0.017397495098754306,0.017702140995924858,0.6470077004703612,0.5983488988281173,,,,,,,,,,,
S6_donor_fisher,PT,DeconvSC,2025,DeconvSC,100,LDK1;LDK2;LDK3,3,600,fisher,cellwise_log1p_cp10k,celltype_specific,average,4,0.0,0.014,0.0038626445992400948,0.0037190976373378632,0.14909373688775832,0.12569304914165236,,,,,,,,,,,
S6_donor_fisher,PT,BaseVAE,2025,DeconvSC,100,LDK1;LDK2;LDK3,3,600,fisher,cellwise_log1p_cp10k,celltype_specific,average,4,0.0,0.01,0.01740078844089843,0.017720590449319073,0.6457979759612307,0.5991815151760053,,,,,,,,,,,
S6_donor_fisher,PT,DeconvSC,2026,DeconvSC,100,LDK1;LDK2;LDK3,3,600,fisher,cellwise_log1p_cp10k,celltype_specific,average,4,0.0,0.013333333333333334,0.00394411205670251,0.00375995093655013,0.15001338898870484,0.12690388897069874,,,,,,,,,,,
S6_donor_fisher,PT,BaseVAE,2026,DeconvSC,100,LDK1;LDK2;LDK3,3,600,fisher,cellwise_log1p_cp10k,celltype_specific,average,4,0.0,0.01,0.0175163958908511,0.017928566539255286,0.6514554510291181,0.6071346349664678,,,,,,,,,,,
S6_donor_fisher,PT,DeconvSC,2027,DeconvSC,100,LDK1;LDK2;LDK3,3,600,fisher,cellwise_log1p_cp10k,celltype_specific,average,4,0.0,0.013333333333333334,0.003926290345544854,0.003944279771706622,0.15208217927762924,0.12752238420766884,,,,,,,,,,,
S6_donor_fisher,PT,BaseVAE,2027,DeconvSC,100,LDK1;LDK2;LDK3,3,600,fisher,cellwise_log1p_cp10k,celltype_specific,average,4,0.0,0.01,0.017440174580266525,0.017799219802572243,0.6485025686447204,0.6028579680158175,,,,,,,,,,,
S6_donor_fisher,PT,DeconvSC,2028,DeconvSC,100,LDK1;LDK2;LDK3,3,600,fisher,cellwise_log1p_cp10k,celltype_specific,average,4,0.0,0.014,0.0037136775442032748,0.003735640751328794,0.14641218426726932,0.12299956445309615,,,,,,,,,,,
S6_donor_fisher,PT,BaseVAE,2028,DeconvSC,100,LDK1;LDK2;LDK3,3,600,fisher,cellwise_log1p_cp10k,celltype_specific,average,4,0.0,0.01,0.017648781799001097,0.01806967362457085,0.65101155298445,0.6045264092389705,,,,,,,,,,,
S6_donor_fisher,PT,DeconvSC,2029,DeconvSC,100,LDK1;LDK2;LDK3,3,600,fisher,cellwise_log1p_cp10k,celltype_specific,average,4,0.0,0.013333333333333334,0.0036841309738357515,0.0036476730684396274,0.14231526152783347,0.11905760349632488,,,,,,,,,,,
S6_donor_fisher,PT,BaseVAE,2029,DeconvSC,100,LDK1;LDK2;LDK3,3,600,fisher,cellwise_log1p_cp10k,celltype_specific,average,4,0.0,0.01,0.017479762037755364,0.01792601705506464,0.6492545204948864,0.6024003487180085,,,,,,,,,,,
S6_donor_fisher,PT,DeconvSC,2030,DeconvSC,100,LDK1;LDK2;LDK3,3,600,fisher,cellwise_log1p_cp10k,celltype_specific,average,4,0.0,0.014,0.003540010067911839,0.0035211913906753644,0.14168605543155496,0.11935988837944062,,,,,,,,,,,
S6_donor_fisher,PT,BaseVAE,2030,DeconvSC,100,LDK1;LDK2;LDK3,3,600,fisher,cellwise_log1p_cp10k,celltype_specific,average,4,0.0,0.01,0.017531124410167444,0.01801626819834068,0.6513417357348024,0.6047986894404745,,,,,,,,,,,
S6_donor_fisher,PT,DeconvSC,2031,DeconvSC,100,LDK1;LDK2;LDK3,3,600,fisher,cellwise_log1p_cp10k,celltype_specific,average,4,0.0,0.013333333333333334,0.003793226461842948,0.0038939734564386224,0.147405878368287,0.12469594393136935,,,,,,,,,,,
S6_donor_fisher,PT,BaseVAE,2031,DeconvSC,100,LDK1;LDK2;LDK3,3,600,fisher,cellwise_log1p_cp10k,celltype_specific,average,4,0.0,0.01,0.017878626859659484,0.01799531296513159,0.6607778141054133,0.6180068227281442,,,,,,,,,,,
S6_donor_fisher,PT,DeconvSC,2032,DeconvSC,100,LDK1;LDK2;LDK3,3,600,fisher,cellwise_log1p_cp10k,celltype_specific,average,4,0.0,0.013333333333333334,0.003765947959848895,0.00389655089859649,0.14611158058108437,0.12380953918975655,,,,,,,,,,,
S6_donor_fisher,PT,BaseVAE,2032,DeconvSC,100,LDK1;LDK2;LDK3,3,600,fisher,cellwise_log1p_cp10k,celltype_specific,average,4,0.0,0.01,0.017175817655130203,0.017610119853731523,0.6421511710622042,0.5927782422038643,,,,,,,,,,,
S6_donor_fisher,PT,DeconvSC,2033,DeconvSC,100,LDK1;LDK2;LDK3,3,600,fisher,cellwise_log1p_cp10k,celltype_specific,average,4,0.0,0.013333333333333334,0.003798256924154161,0.0037503790596611175,0.14623422732614938,0.12376703185940081,,,,,,,,,,,
S6_donor_fisher,PT,BaseVAE,2033,DeconvSC,100,LDK1;LDK2;LDK3,3,600,fisher,cellwise_log1p_cp10k,celltype_specific,average,4,0.0,0.01,0.017366073423611024,0.017782585887622333,0.6469305144625145,0.6005652609656289,,,,,,,,,,,
S6_donor_fisher,aLOH,DeconvSC,2024,DeconvSC,100,LDK1;LDK2;LDK3,3,600,fisher,cellwise_log1p_cp10k,celltype_specific,average,4,0.0,0.014,0.02007664137512515,0.019505063413518285,0.30812332624733535,0.2905471721047932,,,,,,,,,,,
S6_donor_fisher,aLOH,BaseVAE,2024,DeconvSC,100,LDK1;LDK2;LDK3,3,600,fisher,cellwise_log1p_cp10k,celltype_specific,average,4,0.0,0.008,0.05067384317826349,0.037729661865422974,0.73738245516598,0.7425995077840196,,,,,,,,,,,
S6_donor_fisher,aLOH,DeconvSC,2025,DeconvSC,100,LDK1;LDK2;LDK3,3,600,fisher,cellwise_log1p_cp10k,celltype_specific,average,4,0.0,0.014,0.022419463124512217,0.022046983807040985,0.3263247793734781,0.31009678535989427,,,,,,,,,,,
S6_donor_fisher,aLOH,BaseVAE,2025,DeconvSC,100,LDK1;LDK2;LDK3,3,600,fisher,cellwise_log1p_cp10k,celltype_specific,average,4,0.0,0.008,0.05166188014623574,0.03890598332687899,0.7416639631231798,0.7466143627925519,,,,,,,,,,,
S6_donor_fisher,aLOH,DeconvSC,2026,DeconvSC,100,LDK1;LDK2;LDK3,3,600,fisher,cellwise_log1p_cp10k,celltype_specific,average,4,0.0,0.014,0.021244131239296925,0.021264938974684535,0.3171410143903175,0.30198394641785153,,,,,,,,,,,
S6_donor_fisher,aLOH,BaseVAE,2026,DeconvSC,100,LDK1;LDK2;LDK3,3,600,fisher,cellwise_log1p_cp10k,celltype_specific,average,4,0.0,0.008,0.051048130403720575,0.03768153099163037,0.7360830683731443,0.7411655565201567,,,,,,,,,,,
S6_donor_fisher,aLOH,DeconvSC,2027,DeconvSC,100,LDK1;LDK2;LDK3,3,600,fisher,cellwise_log1p_cp10k,celltype_specific,average,4,0.0,0.014,0.019614639715952596,0.019173376768421586,0.29493144163870255,0.2763331451041422,,,,,,,,,,,
S6_donor_fisher,aLOH,BaseVAE,2027,DeconvSC,100,LDK1;LDK2;LDK3,3,600,fisher,cellwise_log1p_cp10k,celltype_specific,average,4,0.0,0.008,0.04983619798852181,0.037251379739539695,0.7283708620483538,0.7341596085937413,,,,,,,,,,,
S6_donor_fisher,aLOH,DeconvSC,2028,DeconvSC,100,LDK1;LDK2;LDK3,3,600,fisher,cellwise_log1p_cp10k,celltype_specific,average,4,0.0,0.014,0.021612018955702725,0.02118965509493019,0.3233821508192996,0.306461287900623,,,,,,,,,,,
S6_donor_fisher,aLOH,BaseVAE,2028,DeconvSC,100,LDK1;LDK2;LDK3,3,600,fisher,cellwise_log1p_cp10k,celltype_specific,average,4,0.0,0.008,0.05169093558947275,0.03846709862009996,0.7446320722252341,0.7504977681598087,,,,,,,,,,,
S6_donor_fisher,aLOH,DeconvSC,2029,DeconvSC,100,LDK1;LDK2;LDK3,3,600,fisher,cellwise_log1p_cp10k,celltype_specific,average,4,0.0,0.014,0.021828539602152367,0.021609736538508555,0.31970008995095955,0.3035363104216335,,,,,,,,,,,
S6_donor_fisher,aLOH,BaseVAE,2029,DeconvSC,100,LDK1;LDK2;LDK3,3,600,fisher,cellwise_log1p_cp10k,celltype_specific,average,4,0.0,0.008,0.05132377457093899,0.03786630439984678,0.7413436569392964,0.7465233761315341,,,,,,,,,,,
S6_donor_fisher,aLOH,DeconvSC,2030,DeconvSC,100,LDK1;LDK2;LDK3,3,600,fisher,cellwise_log1p_cp10k,celltype_specific,average,4,0.0,0.014,0.021437529756156648,0.021226920514593857,0.3231016804114877,0.3061085207849782,,,,,,,,,,,
S6_donor_fisher,aLOH,BaseVAE,2030,DeconvSC,100,LDK1;LDK2;LDK3,3,600,fisher,cellwise_log1p_cp10k,celltype_specific,average,4,0.0,0.008,0.05117992155942169,0.03816160993327569,0.739896083865524,0.7455350123646032,,,,,,,,,,,
S6_donor_fisher,aLOH,DeconvSC,2031,DeconvSC,100,LDK1;LDK2;LDK3,3,600,fisher,cellwise_log1p_cp10k,celltype_specific,average,4,0.0,0.014,0.02065893678221178,0.020493473697939944,0.3077823899198761,0.29178401043461943,,,,,,,,,,,
S6_donor_fisher,aLOH,BaseVAE,2031,DeconvSC,100,LDK1;LDK2;LDK3,3,600,fisher,cellwise_log1p_cp10k,celltype_specific,average,4,0.0,0.008,0.049986533860982583,0.03630000372708401,0.7272994908868851,0.7318905289450843,,,,,,,,,,,
S6_donor_fisher,aLOH,DeconvSC,2032,DeconvSC,100,LDK1;LDK2;LDK3,3,600,fisher,cellwise_log1p_cp10k,celltype_specific,average,4,0.0,0.014,0.020706574169060857,0.019994996896704587,0.3141866735515366,0.2989207476504312,,,,,,,,,,,
S6_donor_fisher,aLOH,BaseVAE,2032,DeconvSC,100,LDK1;LDK2;LDK3,3,600,fisher,cellwise_log1p_cp10k,celltype_specific,average,4,0.0,0.008,0.050333583366970934,0.03717556045147328,0.7309870385566857,0.7365377404025527,,,,,,,,,,,
S6_donor_fisher,aLOH,DeconvSC,2033,DeconvSC,100,LDK1;LDK2;LDK3,3,600,fisher,cellwise_log1p_cp10k,celltype_specific,average,4,0.0,0.014,0.019969840485792915,0.01912327711581347,0.30110065277926973,0.28621390704395383,,,,,,,,,,,
S6_donor_fisher,aLOH,BaseVAE,2033,DeconvSC,100,LDK1;LDK2;LDK3,3,600,fisher,cellwise_log1p_cp10k,celltype_specific,average,4,0.0,0.008,0.05057941613680643,0.037063158201158984,0.7340006861621777,0.7390211184099503,,,,,,,,,,,
S7_native_decoder_scale,CD_PC,DeconvSC,2024,DeconvSC,100,LDK1;LDK2;LDK3,3,358,pooled_centered,native_decoder_log,celltype_specific,average,4,0.0,0.024,0.010486800230892674,0.0038184116730713208,0.2274378136059797,0.2000622344957712,0.13000058755626517,0.14285714285714285,0.08754310202461998,0.0635055614743136,0.12214051840039793,0.10082680120341285,0.4131461171538472,0.3634045148998916,0.3978665536742447,0.1776541125819,0.18023562353927883
S7_native_decoder_scale,CD_PC,BaseVAE,2024,DeconvSC,100,LDK1;LDK2;LDK3,3,358,pooled_centered,native_decoder_log,celltype_specific,average,4,0.0,0.02,0.02806999597656477,0.01601664123514597,0.7269314178260038,0.7038759787081296,0.10036783403806274,0.1111111111111111,0.8303017307218887,0.8934530976947695,0.8107765363062241,0.8689950312033442,0.19852640269146937,0.1753841637947187,0.20281200049945508,0.7826179510246238,0.8052390281332754
S7_native_decoder_scale,CD_PC,DeconvSC,2025,DeconvSC,100,LDK1;LDK2;LDK3,3,358,pooled_centered,native_decoder_log,celltype_specific,average,4,0.0,0.024,0.010270676175247621,0.003922265803506633,0.22681157674661798,0.19873529143116195,0.12782614367903491,0.1111111111111111,0.09006274161962084,0.06635400676815084,0.10036199053422172,0.07932738398258615,0.4268379479477671,0.38016209300038695,0.40412455875784725,0.1794529166245083,0.18451650321112922
S7_native_decoder_scale,CD_PC,BaseVAE,2025,DeconvSC,100,LDK1;LDK2;LDK3,3,358,pooled_centered,native_decoder_log,celltype_specific,average,4,0.0,0.02,0.028099493745491335,0.016102328671811474,0.7315730244721339,0.7095818957994393,0.12811895121492645,0.14285714285714285,0.8915916187446686,0.9673373471650762,0.884694780096173,0.9587321899562552,0.18408494031624253,0.16329545271608187,0.18601887676385698,0.7908032487305289,0.8154621372108148
S7_native_decoder_scale,CD_PC,DeconvSC,2026,DeconvSC,100,LDK1;LDK2;LDK3,3,358,pooled_centered,native_decoder_log,celltype_specific,average,4,0.0,0.024,0.01057368452063063,0.003731229616391797,0.22534210854056322,0.19875477250510717,0.12951244174454002,0.12698412698412698,0.08487411009376639,0.06159891023056782,0.1237264180569235,0.10332790313262699,0.4313606667463164,0.37676895783680336,0.41249452739859993,0.17367588680852292,0.177611739299535
S7_native_decoder_scale,CD_PC,BaseVAE,2026,DeconvSC,100,LDK1;LDK2;LDK3,3,358,pooled_centered,native_decoder_log,celltype_specific,average,4,0.0,0.02,0.028113313489281342,0.01629936820056087,0.7307173169477179,0.7105672827459738,0.12169397226672768,0.12698412698412698,0.8752288886618694,0.9485918046454817,0.8461652911034205,0.9088405342157742,0.195729066255062,0.1725058465666826,0.20164302554132735,0.7841461005751286,0.8065206524501325
S7_native_decoder_scale,CD_PC,DeconvSC,2027,DeconvSC,100,LDK1;LDK2;LDK3,3,358,pooled_centered,native_decoder_log,celltype_specific,average,4,0.0,0.024,0.01068496811980687,0.0038029896189181664,0.22830728581710433,0.20021678357216205,0.12845243039041102,0.12698412698412698,0.08861737221198146,0.06362413927305904,0.11630703640039296,0.09467227854838642,0.40194000147908404,0.35616214652041744,0.3875519989454067,0.17413418023644417,0.17691351682375567
S7_native_decoder_scale,CD_PC,BaseVAE,2027,DeconvSC,100,LDK1;LDK2;LDK3,3,358,pooled_centered,native_decoder_log,celltype_specific,average,4,0.0,0.02,0.02892082509455615,0.01627392739674639,0.7380562833722115,0.7184007682662894,0.10735775334846544,0.1111111111111111,0.8977829613128795,0.9699503967543354,0.8588564602601738,0.9219623823918344,0.1796392019010175,0.1592583045996861,0.18087228844588177,0.7844060824459276,0.8042747570641156
S7_native_decoder_scale,CD_PC,DeconvSC,2028,DeconvSC,100,LDK1;LDK2;LDK3,3,358,pooled_centered,native_decoder_log,celltype_specific,average,4,0.0,0.024,0.01073625356292862,0.0038725894894842427,0.2335581254401181,0.20450644608678212,0.11583578449203136,0.1111111111111111,0.08962151653579135,0.06505369917607282,0.1172734714010484,0.09565251466492113,0.35232094739156,0.3252807530439726,0.349470223043447,0.17962561598260895,0.18261225162044287
S7_native_decoder_scale,CD_PC,BaseVAE,2028,DeconvSC,100,LDK1;LDK2;LDK3,3,358,pooled_centered,native_decoder_log,celltype_specific,average,4,0.0,0.02,0.028483645893038347,0.01620994582297276,0.7358298455332561,0.7142953833584393,0.09346514557340482,0.08108108108108109,0.9054870333454692,0.9777838097629561,0.8578775576221784,0.9162438255138441,0.1483114844202867,0.13759396376880978,0.15744739635189886,0.7909865732415285,0.8119189361854451
S7_native_decoder_scale,CD_PC,DeconvSC,2029,DeconvSC,100,LDK1;LDK2;LDK3,3,358,pooled_centered,native_decoder_log,celltype_specific,average,4,0.0,0.024,0.010743799340798886,0.0037355299713321827,0.22830579416304,0.19988861671794833,0.11859287673678966,0.1111111111111111,0.09068005562128262,0.06522536177970223,0.11314777366891544,0.09264542390798364,0.4057581983382914,0.35427334545164557,0.38428855710033316,0.17596916637028004,0.17972208056797478
S7_native_decoder_scale,CD_PC,BaseVAE,2029,DeconvSC,100,LDK1;LDK2;LDK3,3,358,pooled_centered,native_decoder_log,celltype_specific,average,4,0.0,0.02,0.028498699804538265,0.016254590098480435,0.736583119672892,0.7169730897055413,0.09997599254565198,0.1111111111111111,0.9153020260203991,0.9838908086742962,0.8785313173338961,0.9483730336970829,0.1678130793354481,0.14764107696065235,0.1727426400489433,0.7889876224474571,0.8099570588481164
S7_native_decoder_scale,CD_PC,DeconvSC,2030,DeconvSC,100,LDK1;LDK2;LDK3,3,358,pooled_centered,native_decoder_log,celltype_specific,average,4,0.0,0.024,0.010588497812837425,0.0038502573200614185,0.22440518295179965,0.1975691754242451,0.13475525260504784,0.12698412698412698,0.08691355593751032,0.06157713311546156,0.10415251727358633,0.08404280666332614,0.444779494214676,0.3810944714056552,0.41591384957681765,0.17118027945867925,0.17232674499817363
S7_native_decoder_scale,CD_PC,BaseVAE,2030,DeconvSC,100,LDK1;LDK2;LDK3,3,358,pooled_centered,native_decoder_log,celltype_specific,average,4,0.0,0.02,0.02828436895331803,0.016034712657223057,0.7269884863831537,0.7059627328520969,0.10581468787500943,0.0960960960960961,0.8831820089258748,0.9510407188462703,0.8642289080192277,0.929402251339075,0.217562367064842,0.18714766094776242,0.21955634259632817,0.7785525839688173,0.8002263362864175
S7_native_decoder_scale,CD_PC,DeconvSC,2031,DeconvSC,100,LDK1;LDK2;LDK3,3,358,pooled_centered,native_decoder_log,celltype_specific,average,4,0.0,0.024,0.0100261736148735,0.0037081718142167575,0.2204206345228695,0.1944233521531772,0.13157076804435242,0.14285714285714285,0.08738292253190681,0.06346112293544151,0.10388240460173752,0.08341838107286685,0.4304859131904052,0.37179073828504944,0.400267369577455,0.17677247968474896,0.17942828145062945
S7_native_decoder_scale,CD_PC,BaseVAE,2031,DeconvSC,100,LDK1;LDK2;LDK3,3,358,pooled_centered,native_decoder_log,celltype_specific,average,4,0.0,0.02,0.027874698915916908,0.01609960206096731,0.7271081979036202,0.7052207260494157,0.11640329324689656,0.1111111111111111,0.883074669245132,0.94790680587488,0.8715164319496305,0.9427868462676589,0.1994713097461002,0.17366364814531857,0.20650354164742868,0.7867031619049079,0.8099482786632048
S7_native_decoder_scale,CD_PC,DeconvSC,2032,DeconvSC,100,LDK1;LDK2;LDK3,3,358,pooled_centered,native_decoder_log,celltype_specific,average,4,0.0,0.024,0.010024370559008736,0.0039058149875044906,0.22179812646737207,0.19509267986665457,0.12667112766183972,0.1111111111111111,0.08900599002750882,0.06587030409098077,0.11251832741642413,0.09212225264794278,0.43076952070700997,0.37281822026949,0.40821281409300414,0.17520855332953075,0.17814444172401853
S7_native_decoder_scale,CD_PC,BaseVAE,2032,DeconvSC,100,LDK1;LDK2;LDK3,3,358,pooled_centered,native_decoder_log,celltype_specific,average,4,0.0,0.02,0.02805657854858368,0.01624162737476358,0.7312766560614826,0.7098055373382912,0.10709069823620906,0.1111111111111111,0.8935717656727206,0.9650549696534931,0.8743499383592799,0.9482713725321543,0.17999897335495146,0.15865777950431573,0.18586533370637617,0.787778619466304,0.8085946021065328
S7_native_decoder_scale,CD_PC,DeconvSC,2033,DeconvSC,100,LDK1;LDK2;LDK3,3,358,pooled_centered,native_decoder_log,celltype_specific,average,4,0.0,0.024,0.010877495844686216,0.0038126939479594373,0.2300632158307091,0.1999144283057847,0.13420930704512052,0.12698412698412698,0.09119996331309187,0.06684756651105919,0.12139363871195041,0.10173527238274167,0.4267057998903391,0.3707676210555505,0.4058726769147868,0.17580622497816747,0.1791590338212329
S7_native_decoder_scale,CD_PC,BaseVAE,2033,DeconvSC,100,LDK1;LDK2;LDK3,3,358,pooled_centered,native_decoder_log,celltype_specific,average,4,0.0,0.02,0.028829451219352577,0.016155084001079845,0.7367577355905343,0.7169370782350569,0.12175185621455471,0.1111111111111111,0.8820219184818412,0.9560448658000048,0.8497375911699523,0.9174435530658696,0.22310316326281127,0.19268192553565575,0.22994421007123533,0.7860685879244431,0.8077884687220288
S7_native_decoder_scale,CNT,DeconvSC,2024,DeconvSC,100,LDK1;LDK2;LDK3,3,151,pooled_centered,native_decoder_log,celltype_specific,average,6,0.0,0.01,0.028226028484739814,0.02831517763621847,0.2679713178353535,0.25148364822959557,0.06213887545156895,0.05263157894736842,0.1631185652312308,0.15703312808234393,0.10182702959425612,0.0870725024197685,0.14222470039538385,0.11417638677591313,0.11066650439590678,0.22587694228399266,0.23225755134477455
S7_native_decoder_scale,CNT,BaseVAE,2024,DeconvSC,100,LDK1;LDK2;LDK3,3,151,pooled_centered,native_decoder_log,celltype_specific,average,6,0.0,0.008,0.08187693847335248,0.11116545959210167,0.7867021273003666,0.8178269941044257,0.06951418053585237,0.05263157894736842,0.9557163379663585,1.0137767444869619,0.8077676203828178,0.8853625764261639,0.08963055026402139,0.07119985301518515,0.07286336379935218,0.8186639629438663,0.8455480996146806
S7_native_decoder_scale,CNT,DeconvSC,2025,DeconvSC,100,LDK1;LDK2;LDK3,3,151,pooled_centered,native_decoder_log,celltype_specific,average,6,0.0,0.01,0.02987769861541485,0.03054971318371683,0.279365918079353,0.25913058096271624,0.04998616682827208,0.05263157894736842,0.1647381321921435,0.15342198655789585,0.11366815095394947,0.09809986285354835,0.14853423258981466,0.11370391510315675,0.11634881962348662,0.22230956835100338,0.22932265161459509
S7_native_decoder_scale,CNT,BaseVAE,2025,DeconvSC,100,LDK1;LDK2;LDK3,3,151,pooled_centered,native_decoder_log,celltype_specific,average,6,0.0,0.008,0.0837137631929543,0.11425494780860146,0.799999945268466,0.831509611511834,0.05975098358999288,0.05263157894736842,0.9938365381546247,1.0543231488173124,0.8340306791823318,0.9031520967284627,0.08979735306932135,0.07147247013219095,0.072066194870672,0.8186057828537221,0.84731669907008
S7_native_decoder_scale,CNT,DeconvSC,2026,DeconvSC,100,LDK1;LDK2;LDK3,3,151,pooled_centered,native_decoder_log,celltype_specific,average,6,0.0,0.01,0.0277621026356233,0.0255786342613571,0.26093936737343576,0.24427593463362327,0.09383377432913037,0.08108108108108109,0.15608506657072277,0.1456944896694733,0.12587397387744817,0.11066116174392568,0.15410025361246243,0.11989046689431294,0.12014048596494088,0.2132915155797599,0.2181342152447176
S7_native_decoder_scale,CNT,BaseVAE,2026,DeconvSC,100,LDK1;LDK2;LDK3,3,151,pooled_centered,native_decoder_log,celltype_specific,average,6,0.0,0.008,0.08168738237997056,0.10896871626894605,0.7833491523998748,0.8142706491037098,0.08470622614585462,0.08108108108108109,0.9396422876047122,0.987031809643796,0.7783243919054127,0.8367401870404236,0.09595446266339479,0.07740878059568693,0.08072384360094406,0.8054904889756728,0.8308717036659798
S7_native_decoder_scale,CNT,DeconvSC,2027,DeconvSC,100,LDK1;LDK2;LDK3,3,151,pooled_centered,native_decoder_log,celltype_specific,average,6,0.0,0.01,0.027711749210457267,0.02687173664639434,0.2652017404245752,0.248265324474187,0.06881818299774958,0.05263157894736842,0.15743581390810701,0.14670114275565582,0.10790796498903178,0.09314702223311513,0.13378318449527848,0.10752533066612352,0.11138885396622293,0.22549782659195922,0.23144408497322622
S7_native_decoder_scale,CNT,BaseVAE,2027,DeconvSC,100,LDK1;LDK2;LDK3,3,151,pooled_centered,native_decoder_log,celltype_specific,average,6,0.0,0.008,0.08207481397343384,0.11205652267353082,0.7900454437383102,0.8215474949433808,0.0776207696950731,0.06685633001422475,0.9178485293022253,0.9877625212260563,0.8086501080350796,0.8778440662029403,0.07149610624752671,0.05763641127116472,0.0600139940624553,0.8226470872260229,0.84897433644897
S7_native_decoder_scale,CNT,DeconvSC,2028,DeconvSC,100,LDK1;LDK2;LDK3,3,151,pooled_centered,native_decoder_log,celltype_specific,average,6,0.0,0.01,0.029188094777356136,0.032496562059052506,0.27629873834525404,0.25808580906111234,0.06346675591257635,0.05263157894736842,0.18366627693521453,0.18139376832117377,0.11607452869133277,0.10220456824626567,0.13304350526102715,0.10551950060810214,0.10719311914055846,0.22543211158088353,0.2305860715844117
S7_native_decoder_scale,CNT,BaseVAE,2028,DeconvSC,100,LDK1;LDK2;LDK3,3,151,pooled_centered,native_decoder_log,celltype_specific,average,6,0.0,0.008,0.08382643066611654,0.1175655095207657,0.8050841236218055,0.8379138479885003,0.06340536972115919,0.05263157894736842,0.9688233710962496,1.0297822783585322,0.8076854809417646,0.8793505574135965,0.07470791629922488,0.06058493294706107,0.06354661642322686,0.8285039371182542,0.8550298754706944
S7_native_decoder_scale,CNT,DeconvSC,2029,DeconvSC,100,LDK1;LDK2;LDK3,3,151,pooled_centered,native_decoder_log,celltype_specific,average,6,0.0,0.01,0.027903345400064797,0.031972780657223414,0.2702066888138514,0.2517819628978904,0.0775533543335401,0.05263157894736842,0.1825385569768088,0.17696978939206337,0.10216868135073577,0.08699828855748445,0.1544828790652256,0.1232150224222751,0.1263001086049169,0.23405181096726754,0.2406161069171897
S7_native_decoder_scale,CNT,BaseVAE,2029,DeconvSC,100,LDK1;LDK2;LDK3,3,151,pooled_centered,native_decoder_log,celltype_specific,average,6,0.0,0.008,0.08226543039871763,0.11439722583472064,0.7983897730364099,0.8285239820226863,0.07538120606232063,0.06685633001422475,0.9634631383931365,1.0330452174431222,0.8480967648010518,0.9356774935582146,0.0659247458496986,0.05370893639031542,0.0519415153869105,0.8381740781867671,0.8670040958357234
S7_native_decoder_scale,CNT,DeconvSC,2030,DeconvSC,100,LDK1;LDK2;LDK3,3,151,pooled_centered,native_decoder_log,celltype_specific,average,6,0.0,0.01,0.029000780389957622,0.03161028444431295,0.2744874089386028,0.2559436200858359,0.06300777755886115,0.05263157894736842,0.166947252353546,0.15814016742901976,0.11623269025923035,0.10116711201256559,0.12442422398340505,0.10371229499120975,0.10290335922582483,0.22771616618649676,0.2321451901496486
S7_native_decoder_scale,CNT,BaseVAE,2030,DeconvSC,100,LDK1;LDK2;LDK3,3,151,pooled_centered,native_decoder_log,celltype_specific,average,6,0.0,0.008,0.08266169441238516,0.1143998484447728,0.7971023207358162,0.8294912310196433,0.06392537389441415,0.05263157894736842,0.9047493630628574,0.9695473352007213,0.8150181851742814,0.8781012145546461,0.05284513861764204,0.043651853551091524,0.044491511506303975,0.8311260405959149,0.8583079267718572
S7_native_decoder_scale,CNT,DeconvSC,2031,DeconvSC,100,LDK1;LDK2;LDK3,3,151,pooled_centered,native_decoder_log,celltype_specific,average,6,0.0,0.01,0.0281921089539701,0.03144863807574871,0.26984141073100765,0.2503119499571442,0.06810673089310859,0.05263157894736842,0.18448111117619428,0.1809633067178829,0.10350407249869749,0.08906719476219527,0.13738524421032217,0.11028219603638391,0.11383680155475531,0.2276809941657158,0.23120567390598995
S7_native_decoder_scale,CNT,BaseVAE,2031,DeconvSC,100,LDK1;LDK2;LDK3,3,151,pooled_centered,native_decoder_log,celltype_specific,average,6,0.0,0.008,0.08261943896812274,0.11529373802976586,0.7997848608263092,0.8318604933406853,0.06775343159244089,0.05263157894736842,0.9935583055996511,1.0555796669690156,0.8466379578050052,0.9165514721928747,0.08055065709579036,0.06381757517791509,0.06632702752398119,0.8353804267372235,0.8601385847039934
S7_native_decoder_scale,CNT,DeconvSC,2032,DeconvSC,100,LDK1;LDK2;LDK3,3,151,pooled_centered,native_decoder_log,celltype_specific,average,6,0.0,0.01,0.027853604593447965,0.03179215853409809,0.26858901637294935,0.25319683381058194,0.06633055877637921,0.05263157894736842,0.1486972925796477,0.1355915137999804,0.10617531763319003,0.09111861359099427,0.11729824785689275,0.09576259578070624,0.08955540419393625,0.23031862064438743,0.2377821134162355
S7_native_decoder_scale,CNT,BaseVAE,2032,DeconvSC,100,LDK1;LDK2;LDK3,3,151,pooled_centered,native_decoder_log,celltype_specific,average,6,0.0,0.008,0.08138617575878106,0.11038077967663343,0.7852543493771956,0.8155590843149643,0.0647288217427037,0.05263157894736842,0.9142063966677727,0.9680601001215037,0.8100042430766723,0.8856182108466342,0.056447327456097506,0.04805313161710319,0.04946087418564185,0.8241077369001022,0.8552513541235129
S7_native_decoder_scale,CNT,DeconvSC,2033,DeconvSC,100,LDK1;LDK2;LDK3,3,151,pooled_centered,native_decoder_log,celltype_specific,average,6,0.0,0.01,0.027650757527224786,0.029132644309737922,0.2665787669740536,0.24781013068604282,0.05578513157460527,0.05263157894736842,0.17428752639161987,0.16982450175230507,0.10520171311929352,0.0911106247762842,0.1347630247801263,0.10610266326603023,0.10756656059941282,0.2267059276733036,0.23123978068791223
S7_native_decoder_scale,CNT,BaseVAE,2033,DeconvSC,100,LDK1;LDK2;LDK3,3,151,pooled_centered,native_decoder_log,celltype_specific,average,6,0.0,0.008,0.08181083790619072,0.1133764781881347,0.7938586324359999,0.8244957166337598,0.05144774618458829,0.039136302294197026,0.9554206832180877,1.0224904391511112,0.8618518061039931,0.9383227290691545,0.07100076552023912,0.05731468377653222,0.062468385123284495,0.8331481464369608,0.8589230790412858
S7_native_decoder_scale,DCT,DeconvSC,2024,DeconvSC,100,LDK1;LDK2;LDK3,3,245,pooled_centered,native_decoder_log,celltype_specific,average,4,0.0,0.018,0.010439724842537232,0.01013636745024382,0.19251392539605705,0.16252548591469346,0.13502967019290626,0.1111111111111111,0.09757585419377753,0.07565386874491076,0.0836341869765742,0.06677221593054929,0.2748750478400712,0.2244348132983948,0.23050135268450844,0.16317105746343125,0.16021473540214415
S7_native_decoder_scale,DCT,BaseVAE,2024,DeconvSC,100,LDK1;LDK2;LDK3,3,245,pooled_centered,native_decoder_log,celltype_specific,average,4,0.0,0.014,0.04347278779355063,0.03128984001768348,0.7437254417372581,0.7365124226159951,0.1279228718113168,0.12698412698412698,0.9658039530173826,1.0646674673144956,0.9464517305553456,1.0539119237092462,0.14314585522453085,0.1330918973084707,0.15103140320775243,0.8013325372654131,0.8330491173732228
S7_native_decoder_scale,DCT,DeconvSC,2025,DeconvSC,100,LDK1;LDK2;LDK3,3,245,pooled_centered,native_decoder_log,celltype_specific,average,4,0.0,0.018,0.009780298947385345,0.009818666432678366,0.1816238967771803,0.15283035653066887,0.12840571597537542,0.1111111111111111,0.0986439412556386,0.07502289170371707,0.09204006154807165,0.0755007866538639,0.2785085831841161,0.22951274002905112,0.23212000575983438,0.1569915513270043,0.15470939631067396
S7_native_decoder_scale,DCT,BaseVAE,2025,DeconvSC,100,LDK1;LDK2;LDK3,3,245,pooled_centered,native_decoder_log,celltype_specific,average,4,0.0,0.014,0.04344183310901912,0.03002655835003572,0.7361801668921522,0.7305509180101164,0.1292901811817222,0.1111111111111111,0.9842266404166456,1.0784855782103169,0.958762615246447,1.0775524568871861,0.14687845419865656,0.13584892829311207,0.15475916311226004,0.79017466080343,0.81817606567234
S7_native_decoder_scale,DCT,DeconvSC,2026,DeconvSC,100,LDK1;LDK2;LDK3,3,245,pooled_centered,native_decoder_log,celltype_specific,average,4,0.0,0.018,0.010626813243380807,0.01077782145513519,0.18837754169369436,0.1592365768240131,0.12445365389637836,0.1111111111111111,0.09511930251921873,0.07229093283680724,0.09785025911358854,0.08216373080452806,0.32051664484656994,0.25489265110746934,0.2608557338878711,0.14959910015767042,0.14818804413850817
S7_native_decoder_scale,DCT,BaseVAE,2026,DeconvSC,100,LDK1;LDK2;LDK3,3,245,pooled_centered,native_decoder_log,celltype_specific,average,4,0.0,0.014,0.0437779170746917,0.030899914488950336,0.7362669513898905,0.7267723823255565,0.12258408639213593,0.1111111111111111,1.0192281836286439,1.1112361259882166,0.961893370488831,1.0754378717783712,0.21413045692651972,0.1869279577765783,0.2053798121122024,0.7781035799329641,0.8021433068702171
S7_native_decoder_scale,DCT,DeconvSC,2027,DeconvSC,100,LDK1;LDK2;LDK3,3,245,pooled_centered,native_decoder_log,celltype_specific,average,4,0.0,0.018,0.010325025406494426,0.010340043140696323,0.18741836847339322,0.15927024303129625,0.1654664988275777,0.17647058823529413,0.10453454369499217,0.08265258374904591,0.07649045661121416,0.060715849381547046,0.3242724948389328,0.2552134924500575,0.2650919230924239,0.15809527258716918,0.15797995035530576
S7_native_decoder_scale,DCT,BaseVAE,2027,DeconvSC,100,LDK1;LDK2;LDK3,3,245,pooled_centered,native_decoder_log,celltype_specific,average,4,0.0,0.014,0.0429502110735409,0.031240572207340774,0.7367066358126279,0.7283555899464144,0.16115166382169283,0.17647058823529413,1.017359772620604,1.1252499996488574,0.9797384074307249,1.0981257854498363,0.221157454329062,0.19225822117178848,0.21339270430238036,0.7932751976299903,0.8225686056108227
S7_native_decoder_scale,DCT,DeconvSC,2028,DeconvSC,100,LDK1;LDK2;LDK3,3,245,pooled_centered,native_decoder_log,celltype_specific,average,4,0.0,0.018,0.010632480466199152,0.01092214394280694,0.18964816784171357,0.15978558508213492,0.16755237408937604,0.17647058823529413,0.10327070244887442,0.08061236708287026,0.07489618184310408,0.05926268383452904,0.3294272328195082,0.2600835435458981,0.2678109221744034,0.15454761201713044,0.1544493676600834
S7_native_decoder_scale,DCT,BaseVAE,2028,DeconvSC,100,LDK1;LDK2;LDK3,3,245,pooled_centered,native_decoder_log,celltype_specific,average,4,0.0,0.014,0.042483789820648904,0.030388036058112446,0.726657340089302,0.7185433967349775,0.15835131264373248,0.17647058823529413,0.9522511800477766,1.051770869954471,0.9595452975974136,1.0693352524277957,0.21826674020658018,0.1916433530863477,0.21214220292499075,0.7824044741563178,0.8083680668246155
S7_native_decoder_scale,DCT,DeconvSC,2029,DeconvSC,100,LDK1;LDK2;LDK3,3,245,pooled_centered,native_decoder_log,celltype_specific,average,4,0.0,0.018,0.010992448180172884,0.011194363595021566,0.19086361174826155,0.16191699672300008,0.14952880109676273,0.14285714285714285,0.10303805592957721,0.08042675124779622,0.08671897960896233,0.07021012935997537,0.30991892454859965,0.24436926678978252,0.2499680164749298,0.15157499708334848,0.15098116380581
S7_native_decoder_scale,DCT,BaseVAE,2029,DeconvSC,100,LDK1;LDK2;LDK3,3,245,pooled_centered,native_decoder_log,celltype_specific,average,4,0.0,0.014,0.042537661094091364,0.030997038342064853,0.7258648347476944,0.7182014390920086,0.14852022420977606,0.14285714285714285,0.925692945479606,1.015664799732248,0.9142462402318015,1.0283661736588443,0.1954150302926198,0.17180869737130341,0.18536051015192134,0.7745111827281533,0.802397421673799
S7_native_decoder_scale,DCT,DeconvSC,2030,DeconvSC,100,LDK1;LDK2;LDK3,3,245,pooled_centered,native_decoder_log,celltype_specific,average,4,0.0,0.018,0.009573644416776387,0.009665559131891611,0.1794210931739324,0.1516918523119499,0.1385591594924462,0.14285714285714285,0.10299881971110669,0.08128589628235189,0.07596877276502208,0.05972507836769188,0.29942760656289363,0.24329750189508934,0.24435804664775002,0.15800746426310572,0.1557687524295466
S7_native_decoder_scale,DCT,BaseVAE,2030,DeconvSC,100,LDK1;LDK2;LDK3,3,245,pooled_centered,native_decoder_log,celltype_specific,average,4,0.0,0.014,0.04277833207061665,0.029646623513063505,0.7320381769168942,0.7278129639608406,0.14217177418011165,0.1111111111111111,1.0196628626370647,1.126683055747411,0.9871704654263257,1.108794188712584,0.1808916815018959,0.16152371729787374,0.17251144123121187,0.7928541670821292,0.8208408272555963
S7_native_decoder_scale,DCT,DeconvSC,2031,DeconvSC,100,LDK1;LDK2;LDK3,3,245,pooled_centered,native_decoder_log,celltype_specific,average,4,0.0,0.018,0.010315147626971766,0.009259172584259415,0.19249099177218423,0.16558365475815573,0.13547790623941627,0.14285714285714285,0.10436415520344128,0.08214685572388497,0.07444273337746984,0.05760897376857611,0.2601857936759821,0.20826080611797018,0.2077450832550375,0.16488176255060122,0.16561946736964453
S7_native_decoder_scale,DCT,BaseVAE,2031,DeconvSC,100,LDK1;LDK2;LDK3,3,245,pooled_centered,native_decoder_log,celltype_specific,average,4,0.0,0.014,0.04497617276389933,0.03204343746793984,0.757812612794979,0.7513425399075446,0.12019815762999625,0.1111111111111111,1.0030809031564776,1.1066420672129602,0.9744505438078566,1.091015350320839,0.1364036532048833,0.1240352142976577,0.1343723296367651,0.8040181935133272,0.833817724889114
S7_native_decoder_scale,DCT,DeconvSC,2032,DeconvSC,100,LDK1;LDK2;LDK3,3,245,pooled_centered,native_decoder_log,celltype_specific,average,4,0.0,0.018,0.010240724151115444,0.010258054797710867,0.18982281546063245,0.16275723668288852,0.12759923706193554,0.1111111111111111,0.10136625106758251,0.08082486905850528,0.08858114549841654,0.0716993107674131,0.2462483617440805,0.20464827384239254,0.19959427032142402,0.16231256387830673,0.15905360270119295
S7_native_decoder_scale,DCT,BaseVAE,2032,DeconvSC,100,LDK1;LDK2;LDK3,3,245,pooled_centered,native_decoder_log,celltype_specific,average,4,0.0,0.014,0.04384108645641391,0.03085642467641231,0.7469305051805801,0.7397196313523621,0.12389590871314629,0.1111111111111111,1.0274212344262104,1.1312482303065636,0.9900189972039465,1.1090724878015183,0.09010482584020842,0.08999262729270972,0.09611128223432328,0.8026899239543449,0.8302146317894186
S7_native_decoder_scale,DCT,DeconvSC,2033,DeconvSC,100,LDK1;LDK2;LDK3,3,245,pooled_centered,native_decoder_log,celltype_specific,average,4,0.0,0.018,0.010910920534202501,0.010412472855057564,0.19399013204344198,0.16646197374623548,0.16661026584920355,0.14285714285714285,0.1044825540112896,0.08243745983161888,0.08437324007834658,0.06771319139108022,0.31651451879883546,0.24847206996328725,0.2510569378552203,0.15625123316705344,0.1559474363507281
S7_native_decoder_scale,DCT,BaseVAE,2033,DeconvSC,100,LDK1;LDK2;LDK3,3,245,pooled_centered,native_decoder_log,celltype_specific,average,4,0.0,0.014,0.044624065754878706,0.03214606198717758,0.7496086500869699,0.7409914117018424,0.14209248115270287,0.12698412698412698,1.0048864747134993,1.1023403195210724,0.9622873655490135,1.0782951913026364,0.17804104893247213,0.15727676477385716,0.17826550896100393,0.7916194489506414,0.8192663012347299
S7_native_decoder_scale,MC,DeconvSC,2024,DeconvSC,100,LDK1;LDK2;LDK3,3,196,pooled_centered,native_decoder_log,celltype_specific,average,6,0.0,0.072,0.014426360369653486,0.015350617487562359,0.2161766400889035,0.18989141499614726,0.23065329222199427,0.17748917748917747,0.1998407997450929,0.1288013341011871,0.19809028099788575,0.1562970873671622,0.28240514585489074,0.26694364260716175,0.25486020261893644,0.17726821458077827,0.1783901160544985
S7_native_decoder_scale,MC,BaseVAE,2024,DeconvSC,100,LDK1;LDK2;LDK3,3,196,pooled_centered,native_decoder_log,celltype_specific,average,6,0.0,0.078,0.05380174795203885,0.054730364260658707,0.7273459350676533,0.7271344509530495,0.18790043804125495,0.1437908496732026,0.4015544843951443,0.4076717785923848,0.4035881482564534,0.3808526678352392,0.11639209292067264,0.13668176274648283,0.1756392920652313,0.6987868982976355,0.7580832408980651
S7_native_decoder_scale,MC,DeconvSC,2025,DeconvSC,100,LDK1;LDK2;LDK3,3,196,pooled_centered,native_decoder_log,celltype_specific,average,6,0.0,0.072,0.015409532849102252,0.015549738140045948,0.225843291443134,0.19462602990487324,0.2292186054382096,0.19429590017825313,0.19722031990390793,0.1343882766134218,0.19396536873687503,0.14952487361351635,0.2489213062478041,0.24520506116487104,0.2301717246562835,0.1826031001061865,0.1834673282568137
S7_native_decoder_scale,MC,BaseVAE,2025,DeconvSC,100,LDK1;LDK2;LDK3,3,196,pooled_centered,native_decoder_log,celltype_specific,average,6,0.0,0.078,0.05288498119765977,0.05232251667421751,0.7176311516132818,0.7132423385504675,0.18076654674711684,0.14285714285714285,0.3820787004137813,0.384049801525561,0.4109185654524519,0.3760305984984302,0.09945100661553957,0.12501046266448376,0.15264785006469606,0.6910147866762124,0.7505180497349919
S7_native_decoder_scale,MC,DeconvSC,2026,DeconvSC,100,LDK1;LDK2;LDK3,3,196,pooled_centered,native_decoder_log,celltype_specific,average,6,0.0,0.072,0.01529766428175737,0.015869777905676515,0.22240111059400883,0.19502872262631768,0.24029616716432817,0.19429590017825313,0.22305066282546304,0.1365341436623736,0.19637498305586973,0.15195507771078784,0.260277896893874,0.2506261453472358,0.24199504666790814,0.1795218037189602,0.18289298615111999
S7_native_decoder_scale,MC,BaseVAE,2026,DeconvSC,100,LDK1;LDK2;LDK3,3,196,pooled_centered,native_decoder_log,celltype_specific,average,6,0.0,0.078,0.0546956044509006,0.05546318955862871,0.7308524914766923,0.7308082268610073,0.18745102043159395,0.12698412698412698,0.4395121231420426,0.42498325550871346,0.4187755832269933,0.3883155248967587,0.10748601237312298,0.12670572433256772,0.1481628934625038,0.6983510916334992,0.7586985075687682
S7_native_decoder_scale,MC,DeconvSC,2027,DeconvSC,100,LDK1;LDK2;LDK3,3,196,pooled_centered,native_decoder_log,celltype_specific,average,6,0.0,0.072,0.01481940596388632,0.01577805150885599,0.22023241038247887,0.19182295438854102,0.2319614019511566,0.17748917748917747,0.2137774966507829,0.14034056577271403,0.19038399884110366,0.1444598824574932,0.29316479303757237,0.276152850594633,0.26556268222538204,0.1794321546423066,0.1811985394961954
S7_native_decoder_scale,MC,BaseVAE,2027,DeconvSC,100,LDK1;LDK2;LDK3,3,196,pooled_centered,native_decoder_log,celltype_specific,average,6,0.0,0.078,0.05374363477434949,0.05501813455555014,0.7293711715325434,0.7280896293805119,0.19204851124195627,0.14285714285714285,0.4174969122933896,0.41805245470870184,0.42111397072998963,0.3818242757040523,0.1256389263320587,0.14185022824619073,0.18090201928963495,0.7023262880272431,0.7633478894960755
S7_native_decoder_scale,MC,DeconvSC,2028,DeconvSC,100,LDK1;LDK2;LDK3,3,196,pooled_centered,native_decoder_log,celltype_specific,average,6,0.0,0.072,0.014541521875595223,0.014821765228070478,0.21734095628983705,0.1905446619308502,0.23299502334465502,0.15966386554621848,0.20837553322114596,0.13170181273126025,0.1886049349193233,0.14260855159381308,0.2723329979496946,0.2573739110755181,0.2510954004562002,0.18187498927379642,0.18223494511910432
S7_native_decoder_scale,MC,BaseVAE,2028,DeconvSC,100,LDK1;LDK2;LDK3,3,196,pooled_centered,native_decoder_log,celltype_specific,average,6,0.0,0.078,0.05446052600358503,0.05625137168350977,0.7386743064795596,0.7410154913086688,0.1763989595173539,0.12698412698412698,0.4457901406684476,0.44459163618195413,0.4463868785825629,0.40287398332716484,0.1105987409035089,0.12829222097195947,0.16961375636732134,0.7163989935166213,0.7749522047620633
S7_native_decoder_scale,MC,DeconvSC,2029,DeconvSC,100,LDK1;LDK2;LDK3,3,196,pooled_centered,native_decoder_log,celltype_specific,average,6,0.0,0.072,0.01494575466458295,0.014877395579489852,0.21852413990833927,0.18945706032206874,0.23620784128887387,0.19429590017825313,0.19967407806093304,0.13416346665288514,0.19160025568781516,0.14709563620573593,0.2768177637058602,0.26761217081746297,0.26038333903172517,0.17903783200943613,0.18063037585865366
S7_native_decoder_scale,MC,BaseVAE,2029,DeconvSC,100,LDK1;LDK2;LDK3,3,196,pooled_centered,native_decoder_log,celltype_specific,average,6,0.0,0.078,0.05633804162994838,0.05609804372192111,0.7445790139167565,0.7457763345173346,0.1895347953876866,0.14285714285714285,0.418736322848218,0.42062483472008794,0.4225030695315174,0.38894591145636026,0.10134067403542761,0.12487678575689498,0.16779836159672773,0.7038634495547793,0.7629324530481205
S7_native_decoder_scale,MC,DeconvSC,2030,DeconvSC,100,LDK1;LDK2;LDK3,3,196,pooled_centered,native_decoder_log,celltype_specific,average,6,0.0,0.072,0.01503039188621135,0.014797951174078517,0.21560425802193775,0.18657600424973517,0.24520306843121664,0.21212121212121213,0.20260419582839012,0.1336133014414098,0.2076224040440282,0.1704154088412893,0.29595944858480594,0.27150300076798267,0.25359757530022475,0.1719887934744055,0.17245031340739286
S7_native_decoder_scale,MC,BaseVAE,2030,DeconvSC,100,LDK1;LDK2;LDK3,3,196,pooled_centered,native_decoder_log,celltype_specific,average,6,0.0,0.078,0.05359983785004818,0.05397237971939838,0.7173252436305391,0.7159671410552901,0.18645906796595382,0.12698412698412698,0.38687134772059295,0.37782928510614555,0.3834730067230376,0.35905576725634636,0.14085203824611756,0.1514828225993488,0.17816138295711464,0.6832519013242484,0.7403810339784205
S7_native_decoder_scale,MC,DeconvSC,2031,DeconvSC,100,LDK1;LDK2;LDK3,3,196,pooled_centered,native_decoder_log,celltype_specific,average,6,0.0,0.072,0.01540726868037468,0.015107115954869363,0.22070454821216015,0.19016017445801092,0.2359072944953197,0.19429590017825313,0.2116081951026254,0.13608406951620136,0.19883875929433495,0.1568682895919174,0.2827217849152872,0.2701215581915071,0.26028692054664343,0.17684176079222225,0.17714795064292438
S7_native_decoder_scale,MC,BaseVAE,2031,DeconvSC,100,LDK1;LDK2;LDK3,3,196,pooled_centered,native_decoder_log,celltype_specific,average,6,0.0,0.078,0.052795287178500516,0.05129026484580919,0.7107087930214124,0.7062147280221404,0.19317148255378555,0.14285714285714285,0.4054700304529584,0.39316024655808,0.4092917152859969,0.3837661051465747,0.1301523302251657,0.1491100953828226,0.17450742307456535,0.6809424247445477,0.7409942945663555
S7_native_decoder_scale,MC,DeconvSC,2032,DeconvSC,100,LDK1;LDK2;LDK3,3,196,pooled_centered,native_decoder_log,celltype_specific,average,6,0.0,0.072,0.01478257137659012,0.014558184269189398,0.21758961048847517,0.19114051607722257,0.23530189141313643,0.17647058823529413,0.20973231145038898,0.12827023117769865,0.20335971391678637,0.1595037707687351,0.2887916591108011,0.27150979535021236,0.26733567804830716,0.1768947957191549,0.17724125803658747
S7_native_decoder_scale,MC,BaseVAE,2032,DeconvSC,100,LDK1;LDK2;LDK3,3,196,pooled_centered,native_decoder_log,celltype_specific,average,6,0.0,0.078,0.05410038939731852,0.05539168141929869,0.7272705877424989,0.7283886948935391,0.1786959791278143,0.12698412698412698,0.4296562578619941,0.4247728361283681,0.42960574374473093,0.3917501219932618,0.12653410003233007,0.14411422393019754,0.18983916723164856,0.6978185152629874,0.7516615093414187
S7_native_decoder_scale,MC,DeconvSC,2033,DeconvSC,100,LDK1;LDK2;LDK3,3,196,pooled_centered,native_decoder_log,celltype_specific,average,6,0.0,0.072,0.015769972136355764,0.015498617762358868,0.22247493096070178,0.19336716554984013,0.24113739176715923,0.15966386554621848,0.20601279038657064,0.12962359841065746,0.20217178593536353,0.15995122043407983,0.26905127209861,0.248308221335163,0.2191325302211707,0.17580587258429842,0.17782423631669791
S7_native_decoder_scale,MC,BaseVAE,2033,DeconvSC,100,LDK1;LDK2;LDK3,3,196,pooled_centered,native_decoder_log,celltype_specific,average,6,0.0,0.078,0.05570892289871338,0.056960067604616325,0.7399864579341258,0.7419693109555757,0.19135011690579107,0.17647058823529413,0.3998839411332434,0.3963052820045159,0.4166698374583502,0.385512219250147,0.10293154976776554,0.12075051590324615,0.12477839263887773,0.7009884846850993,0.7561895102603037
S7_native_decoder_scale,PT,DeconvSC,2024,DeconvSC,100,LDK1;LDK2;LDK3,3,600,pooled_centered,native_decoder_log,celltype_specific,average,4,0.0,0.012,0.0033337221325880715,0.0031399454548246154,0.14707090855720906,0.12201601877070685,0.05777487214019722,0.05263157894736842,0.05902955764855908,0.04609156065799422,0.12960981978135103,0.11300404206496853,0.20171683955397637,0.1808896765999132,0.1917475519123239,0.13634768129101082,0.1288465574425659
S7_native_decoder_scale,PT,BaseVAE,2024,DeconvSC,100,LDK1;LDK2;LDK3,3,600,pooled_centered,native_decoder_log,celltype_specific,average,4,0.0,0.01,0.023678439671818284,0.02501979684144863,0.8488819417023868,0.8258158377373801,0.04705266284213652,0.05263157894736842,1.2331869908290103,1.369025722494873,1.279317720773171,1.4156673388491297,0.09828289061772154,0.11010822530231258,0.13781601999989676,0.8521450068628424,0.8672560594821428
S7_native_decoder_scale,PT,DeconvSC,2025,DeconvSC,100,LDK1;LDK2;LDK3,3,600,pooled_centered,native_decoder_log,celltype_specific,average,4,0.0,0.014,0.003375984694068224,0.0030411533700466613,0.14358198209773307,0.11898075720583252,0.06207414504628126,0.05263157894736842,0.05337536772991316,0.04312921776859707,0.14032186405562658,0.12424473622835136,0.22721845547196412,0.20427740156733581,0.2085149609296259,0.12511224281310718,0.11690697474400644
S7_native_decoder_scale,PT,BaseVAE,2025,DeconvSC,100,LDK1;LDK2;LDK3,3,600,pooled_centered,native_decoder_log,celltype_specific,average,4,0.0,0.01,0.023550882624944564,0.024936292575060404,0.8436640094007808,0.8208113938502941,0.05363955785008415,0.039136302294197026,1.2055682652688764,1.338185393495152,1.250338310421347,1.3838301652506333,0.13629760380505337,0.1406972964590987,0.1795289300254469,0.8444031108845172,0.8570954163808837
S7_native_decoder_scale,PT,DeconvSC,2026,DeconvSC,100,LDK1;LDK2;LDK3,3,600,pooled_centered,native_decoder_log,celltype_specific,average,4,0.0,0.012,0.0034738595194938977,0.0033200626398747534,0.15161419017348748,0.12594991940835654,0.0690481574692101,0.05263157894736842,0.059551370005937986,0.04813033530774087,0.1277021528683858,0.11144771001731296,0.22674516744608192,0.20422856946379142,0.21618640207331366,0.1388233353784911,0.13494426809629603
S7_native_decoder_scale,PT,BaseVAE,2026,DeconvSC,100,LDK1;LDK2;LDK3,3,600,pooled_centered,native_decoder_log,celltype_specific,average,4,0.0,0.01,0.02354771350163975,0.02519767811865648,0.8473685558188946,0.8260951495968732,0.05136042380624423,0.039136302294197026,1.2054729468752208,1.3319795746969145,1.2876141493985744,1.422455441315369,0.1229166073075052,0.13092396238695447,0.1742103029926618,0.8524959253881368,0.8666976475313439
S7_native_decoder_scale,PT,DeconvSC,2027,DeconvSC,100,LDK1;LDK2;LDK3,3,600,pooled_centered,native_decoder_log,celltype_specific,average,4,0.0,0.012,0.0032315423888573114,0.0029578782041229557,0.14150692852915858,0.11691135946617442,0.06427573969369635,0.05263157894736842,0.060624785950247444,0.049502136681314465,0.14571378970922527,0.13003666420429327,0.24517487656101142,0.21579666399684505,0.22399230418939164,0.12496896883680093,0.11851256240614896
S7_native_decoder_scale,PT,BaseVAE,2027,DeconvSC,100,LDK1;LDK2;LDK3,3,600,pooled_centered,native_decoder_log,celltype_specific,average,4,0.0,0.01,0.0236605429441593,0.025233229137365427,0.8478743860583862,0.8249694953323004,0.053552544759975104,0.039136302294197026,1.2398830281605537,1.3730290776600573,1.2624591471989814,1.402260855828204,0.11639857247414298,0.12482493049891923,0.16092492508456474,0.8465375113990294,0.8574079653524103
S7_native_decoder_scale,PT,DeconvSC,2028,DeconvSC,100,LDK1;LDK2;LDK3,3,600,pooled_centered,native_decoder_log,celltype_specific,average,4,0.0,0.014,0.0032202117820997597,0.0031742099048775643,0.1417949327088882,0.11772111361468846,0.06039000317638089,0.05263157894736842,0.05533449355496331,0.044609302837277195,0.15092351369408205,0.13737410120595994,0.23391771686569088,0.20101210071660125,0.21255013423423785,0.12716125814426038,0.11849256685716977
S7_native_decoder_scale,PT,BaseVAE,2028,DeconvSC,100,LDK1;LDK2;LDK3,3,600,pooled_centered,native_decoder_log,celltype_specific,average,4,0.0,0.01,0.023819109847205637,0.02537690858991918,0.8491764696070901,0.8263084874586213,0.04800775327091117,0.05263157894736842,1.2141320633466908,1.3438522154095214,1.2401659586110092,1.3669168331609485,0.110423163567152,0.11804019836578795,0.14720222851513698,0.8442646362173598,0.8556879052515876
S7_native_decoder_scale,PT,DeconvSC,2029,DeconvSC,100,LDK1;LDK2;LDK3,3,600,pooled_centered,native_decoder_log,celltype_specific,average,4,0.0,0.012,0.0032497274953633692,0.0032178976371950115,0.14324929934850011,0.11773030147440727,0.062251205037582746,0.05263157894736842,0.060615203930186067,0.047055778089633654,0.15406357114610314,0.13938421593008976,0.22439239859501534,0.19836332117621647,0.20573794182856703,0.13255300502958547,0.12402232744764374
S7_native_decoder_scale,PT,BaseVAE,2029,DeconvSC,100,LDK1;LDK2;LDK3,3,600,pooled_centered,native_decoder_log,celltype_specific,average,4,0.0,0.01,0.023637374087698032,0.025106126406361166,0.8476949296142017,0.8258999189990194,0.046508231771389665,0.05263157894736842,1.2453764878543592,1.3776906242274571,1.2785632561716451,1.4183620126825445,0.1375457491376559,0.13958023097657826,0.18230865575275018,0.8514681224090861,0.8650004821343948
S7_native_decoder_scale,PT,DeconvSC,2030,DeconvSC,100,LDK1;LDK2;LDK3,3,600,pooled_centered,native_decoder_log,celltype_specific,average,4,0.0,0.014,0.0032437194430749786,0.0031919295984753635,0.14374390978890755,0.11877565223148884,0.06461449706031748,0.05263157894736842,0.05759538765622689,0.046029810850233624,0.14670944053738022,0.13085941941914608,0.21514549320552867,0.19092365367291558,0.2040256938067147,0.12994016603712236,0.1264297457072533
S7_native_decoder_scale,PT,BaseVAE,2030,DeconvSC,100,LDK1;LDK2;LDK3,3,600,pooled_centered,native_decoder_log,celltype_specific,average,4,0.0,0.01,0.023662309789914654,0.025247685348686995,0.8484211757393626,0.8250749561341268,0.04807045333361122,0.039136302294197026,1.2139984459104871,1.3443290024220178,1.25157593063135,1.3867505772736544,0.13213378928451328,0.13719647929697812,0.1768568073067755,0.8488895883326438,0.8616057894004585
S7_native_decoder_scale,PT,DeconvSC,2031,DeconvSC,100,LDK1;LDK2;LDK3,3,600,pooled_centered,native_decoder_log,celltype_specific,average,4,0.0,0.012,0.003325868811681623,0.003257714197980698,0.14703881407266486,0.12126678164721184,0.06331428628642252,0.05263157894736842,0.060916040047831924,0.048128352073571745,0.1469103681050788,0.1295599943742172,0.19281995827224013,0.175193748365658,0.18428070094936577,0.13558315517507322,0.130560153732497
S7_native_decoder_scale,PT,BaseVAE,2031,DeconvSC,100,LDK1;LDK2;LDK3,3,600,pooled_centered,native_decoder_log,celltype_specific,average,4,0.0,0.01,0.02370095954296568,0.02514377330597542,0.8496820576833183,0.8261140316713452,0.05041286514970725,0.05263157894736842,1.2040906809727316,1.326983781039659,1.2601978811236731,1.396693443195209,0.07965504480678856,0.09497253866445772,0.1237092495639078,0.8493325086595737,0.861812592049543
S7_native_decoder_scale,PT,DeconvSC,2032,DeconvSC,100,LDK1;LDK2;LDK3,3,600,pooled_centered,native_decoder_log,celltype_specific,average,4,0.0,0.012,0.0031982573617063037,0.003052607290217936,0.14338883245292627,0.11895663583180735,0.06622819254398202,0.05263157894736842,0.053463453230880906,0.0424339163846329,0.1157781760880306,0.09928004403021548,0.23828109753525334,0.20980218854999316,0.21892587440876043,0.13473228464328357,0.13001409979182257
S7_native_decoder_scale,PT,BaseVAE,2032,DeconvSC,100,LDK1;LDK2;LDK3,3,600,pooled_centered,native_decoder_log,celltype_specific,average,4,0.0,0.01,0.023626705292719877,0.025090895046053004,0.8470245799933371,0.8236553554707722,0.04434718118928646,0.05263157894736842,1.1967481221521041,1.3260139488439844,1.2599848456857698,1.400461323386323,0.11790858444734717,0.12703057548966215,0.16387024156889443,0.8509240889190368,0.865147543030293
S7_native_decoder_scale,PT,DeconvSC,2033,DeconvSC,100,LDK1;LDK2;LDK3,3,600,pooled_centered,native_decoder_log,celltype_specific,average,4,0.0,0.012,0.0033411988663528194,0.00315786782882397,0.14339917863343013,0.11800296735362752,0.06679319063219992,0.05263157894736842,0.06656650391900007,0.05268030532070048,0.17012300102638275,0.15610980968169966,0.22096560463042386,0.1956209895605982,0.20403635096326803,0.12873272753943069,0.12392633208761125
S7_native_decoder_scale,PT,BaseVAE,2033,DeconvSC,100,LDK1;LDK2;LDK3,3,600,pooled_centered,native_decoder_log,celltype_specific,average,4,0.0,0.01,0.023704362520520154,0.025240746753878194,0.849117848658536,0.8278124756447544,0.047614844456949725,0.05263157894736842,1.2403442680345131,1.371219819178182,1.2776095177437874,1.4139388653831522,0.12665262688033035,0.13002351617103275,0.16416936221953995,0.8499205427017062,0.86210907466469
S7_native_decoder_scale,aLOH,DeconvSC,2024,DeconvSC,100,LDK1;LDK2;LDK3,3,600,pooled_centered,native_decoder_log,celltype_specific,average,4,0.0,0.014,0.013289190987211812,0.011441201888954602,0.2055120930175569,0.1829029975073721,0.13418929224182394,0.1111111111111111,0.05546200614440688,0.04348315249583558,0.09183462105795276,0.0750406679772041,0.35226848672605354,0.316249791971595,0.3593591165274431,0.15634865031551448,0.15852884177000443
S7_native_decoder_scale,aLOH,BaseVAE,2024,DeconvSC,100,LDK1;LDK2;LDK3,3,600,pooled_centered,native_decoder_log,celltype_specific,average,4,0.0,0.008,0.050822495289128806,0.038044772071418376,0.7378942694829559,0.7444471656651013,0.12349841093868685,0.1111111111111111,0.960627467680196,1.1273687554135146,0.9132200378570853,1.0765120059909568,0.22118076302399028,0.21135725601716182,0.26556563131364586,0.7631496331922868,0.801752974531442
S7_native_decoder_scale,aLOH,DeconvSC,2025,DeconvSC,100,LDK1;LDK2;LDK3,3,600,pooled_centered,native_decoder_log,celltype_specific,average,4,0.0,0.014,0.015091301015450911,0.012468335669834843,0.22096776886498798,0.19871835592325995,0.16230608578706052,0.17647058823529413,0.0649629463071175,0.052281677026999526,0.09234873737472458,0.07780655878021318,0.38420264599361503,0.3331604967544738,0.36350581354922085,0.1553909603207419,0.15870910047877584
S7_native_decoder_scale,aLOH,BaseVAE,2025,DeconvSC,100,LDK1;LDK2;LDK3,3,600,pooled_centered,native_decoder_log,celltype_specific,average,4,0.0,0.008,0.05176165807564001,0.03895845579066866,0.7412521966730354,0.7476640762197538,0.160278147257023,0.14285714285714285,0.9300900079633347,1.0859324173567138,0.905982832236924,1.064603589539905,0.24643383146127454,0.22707049400131893,0.2787868342780062,0.7554171568368682,0.795331050888175
S7_native_decoder_scale,aLOH,DeconvSC,2026,DeconvSC,100,LDK1;LDK2;LDK3,3,600,pooled_centered,native_decoder_log,celltype_specific,average,4,0.0,0.014,0.014483678883998749,0.013104909843453413,0.21553152551516078,0.19174864367357486,0.12753639261529007,0.1111111111111111,0.05404100830421306,0.042167035822702106,0.08605044040266548,0.07023339935603583,0.3395254526746545,0.3080565009944092,0.32770477374369467,0.1573635701260509,0.15897028906687583
S7_native_decoder_scale,aLOH,BaseVAE,2026,DeconvSC,100,LDK1;LDK2;LDK3,3,600,pooled_centered,native_decoder_log,celltype_specific,average,4,0.0,0.008,0.05150174174217194,0.038253797442032715,0.7378136879997224,0.7441078414875875,0.14037232159972596,0.14285714285714285,0.7993319954870813,0.9602496815950861,0.9037815522439006,1.0662576781711113,0.21388565285071023,0.20380368400896764,0.2456860398667346,0.7547966440258067,0.7992429634316577
S7_native_decoder_scale,aLOH,DeconvSC,2027,DeconvSC,100,LDK1;LDK2;LDK3,3,600,pooled_centered,native_decoder_log,celltype_specific,average,4,0.0,0.014,0.013572473794930266,0.012067988122559135,0.2071729911577419,0.18391839773470697,0.14790750265033697,0.14285714285714285,0.05690060060430137,0.045564560491158035,0.09222206351377231,0.07721399550329254,0.3715366507710943,0.3348314074678475,0.373872876432742,0.15684964273972726,0.16033941453066602
S7_native_decoder_scale,aLOH,BaseVAE,2027,DeconvSC,100,LDK1;LDK2;LDK3,3,600,pooled_centered,native_decoder_log,celltype_specific,average,4,0.0,0.008,0.050164052564208875,0.03776470016369751,0.7285630567517516,0.7342797964309691,0.142799394107194,0.14285714285714285,0.8159464064170561,0.9763430349877931,0.9009920887344326,1.0567063242486303,0.23322520169187613,0.22014196674527103,0.2720343985297202,0.7541530951645594,0.7947742062392251
S7_native_decoder_scale,aLOH,DeconvSC,2028,DeconvSC,100,LDK1;LDK2;LDK3,3,600,pooled_centered,native_decoder_log,celltype_specific,average,4,0.0,0.014,0.014731519297468243,0.01237794137626833,0.22034755197148065,0.19741409101226975,0.13723847170566436,0.1111111111111111,0.0579162473951558,0.04561103435263489,0.08828972472846995,0.07167552311392875,0.3361519965772265,0.3073746408390467,0.34535654832538265,0.16173824370525097,0.1644295331970936
S7_native_decoder_scale,aLOH,BaseVAE,2028,DeconvSC,100,LDK1;LDK2;LDK3,3,600,pooled_centered,native_decoder_log,celltype_specific,average,4,0.0,0.008,0.051684534193802485,0.03863598011763226,0.743502859289414,0.7501284296865971,0.14119272965307603,0.1111111111111111,0.9266505843618414,1.0976327293811967,0.9220196958465294,1.091663473650767,0.20141451794030013,0.1948915235536612,0.24774801577527703,0.7626152992587123,0.8048738966340159
S7_native_decoder_scale,aLOH,DeconvSC,2029,DeconvSC,100,LDK1;LDK2;LDK3,3,600,pooled_centered,native_decoder_log,celltype_specific,average,4,0.0,0.014,0.015671593867637345,0.014084867282462218,0.2262035569925382,0.20298074156797669,0.15579036282421882,0.14285714285714285,0.05892724934431382,0.04589623239446336,0.08945462207026936,0.0724938222587118,0.35074556669722595,0.3162732132936347,0.35539230607192135,0.16332549743774535,0.16719489269606924
S7_native_decoder_scale,aLOH,BaseVAE,2029,DeconvSC,100,LDK1;LDK2;LDK3,3,600,pooled_centered,native_decoder_log,celltype_specific,average,4,0.0,0.008,0.05140103165301427,0.03805133062385484,0.7397305085685724,0.7457501313209508,0.16391060401331528,0.17647058823529413,0.8282479518938162,0.9884230436044394,0.9125307564628163,1.0747567032559233,0.21804808705780276,0.20764317247003278,0.26121802162451235,0.7615386482914662,0.8044613539435356
S7_native_decoder_scale,aLOH,DeconvSC,2030,DeconvSC,100,LDK1;LDK2;LDK3,3,600,pooled_centered,native_decoder_log,celltype_specific,average,4,0.0,0.014,0.014169838842946644,0.011951366659735823,0.21537321555591027,0.19305111656034343,0.15018754908997592,0.15966386554621848,0.0568014552558145,0.04561733586283476,0.10077731742071976,0.08401223675500238,0.3596320551184196,0.3256677104637103,0.36483907972477586,0.1599685515166555,0.16320656664904054
S7_native_decoder_scale,aLOH,BaseVAE,2030,DeconvSC,100,LDK1;LDK2;LDK3,3,600,pooled_centered,native_decoder_log,celltype_specific,average,4,0.0,0.008,0.05147045570898251,0.03855734426511661,0.7412427533983925,0.7482725916005613,0.13460581326206011,0.12698412698412698,0.9632597915356106,1.1320379997281456,0.8979542843772939,1.0573750615607642,0.22457990915912707,0.21350449500156674,0.26541330813022945,0.7620466145070842,0.8027470642404881
S7_native_decoder_scale,aLOH,DeconvSC,2031,DeconvSC,100,LDK1;LDK2;LDK3,3,600,pooled_centered,native_decoder_log,celltype_specific,average,4,0.0,0.014,0.014512991476815274,0.013500605872406684,0.2165951419885022,0.19224031517844048,0.15505083083370963,0.14285714285714285,0.06037269538017052,0.04854539147771467,0.09691263950676011,0.07960014617398195,0.330005950600512,0.3031123710495149,0.329023662596556,0.1621459130371968,0.16899177062506743
S7_native_decoder_scale,aLOH,BaseVAE,2031,DeconvSC,100,LDK1;LDK2;LDK3,3,600,pooled_centered,native_decoder_log,celltype_specific,average,4,0.0,0.008,0.05009114254980884,0.03643558902082687,0.725333953476013,0.7307279339351029,0.14536658632229219,0.14285714285714285,0.8526849269657557,1.0070827805872877,0.8778561874747608,1.02957170864398,0.20443145375494826,0.19708877749354523,0.24179774741763532,0.7535349381230229,0.7968213569727067
S7_native_decoder_scale,aLOH,DeconvSC,2032,DeconvSC,100,LDK1;LDK2;LDK3,3,600,pooled_centered,native_decoder_log,celltype_specific,average,4,0.0,0.014,0.014463274597242096,0.012370284637485577,0.21967172171132282,0.19939182814649348,0.14510541864626383,0.14285714285714285,0.061965863911492336,0.04848062620130861,0.09181164458040983,0.07467512328145101,0.32801148358366816,0.3011952765106214,0.33878575883077633,0.16879805437458936,0.17559158421950774
S7_native_decoder_scale,aLOH,BaseVAE,2032,DeconvSC,100,LDK1;LDK2;LDK3,3,600,pooled_centered,native_decoder_log,celltype_specific,average,4,0.0,0.008,0.05065197609214418,0.037586347923667066,0.7311988047631329,0.7377007196604501,0.14562221578545187,0.14285714285714285,0.773352765480895,0.9198817619669191,0.8703463672357274,1.019185562307198,0.2038413824101571,0.1947811278477551,0.24837781256644856,0.7558017075289961,0.7985356096149325
S7_native_decoder_scale,aLOH,DeconvSC,2033,DeconvSC,100,LDK1;LDK2;LDK3,3,600,pooled_centered,native_decoder_log,celltype_specific,average,4,0.0,0.014,0.014731988920118956,0.012702196268679865,0.21973098475084513,0.1998725636524496,0.12869244581618494,0.14285714285714285,0.05903169136737064,0.045620425094414205,0.09684134394978594,0.08041562158660548,0.3566053288364294,0.3175027907151757,0.3547465097769535,0.16592316437262355,0.17037772349373997
S7_native_decoder_scale,aLOH,BaseVAE,2033,DeconvSC,100,LDK1;LDK2;LDK3,3,600,pooled_centered,native_decoder_log,celltype_specific,average,4,0.0,0.008,0.05119173434552811,0.037989477405477985,0.7379246752341793,0.7445925874298628,0.13350119913332564,0.1111111111111111,0.8542836615655731,1.0096208335284693,0.9200281887125922,1.075654812660516,0.24673589810476848,0.22384136791760584,0.27299627455799036,0.7602157007667953,0.8015056828839209
LODO_without_LDK1,CD_PC,DeconvSC,2024,DeconvSC,100,LDK2;LDK3,2,251,pooled_centered,cellwise_log1p_cp10k,celltype_specific,average,4,0.0,0.024,0.011607912509500743,0.004893502397715298,0.28746262710557485,0.24768408461429936,,,,,,,,,,,
LODO_without_LDK1,CD_PC,BaseVAE,2024,DeconvSC,100,LDK2;LDK3,2,251,pooled_centered,cellwise_log1p_cp10k,celltype_specific,average,4,0.0,0.02,0.02989650727998581,0.015420864030747453,0.7354077651497277,0.709684734475986,,,,,,,,,,,
LODO_without_LDK1,CD_PC,DeconvSC,2025,DeconvSC,100,LDK2;LDK3,2,251,pooled_centered,cellwise_log1p_cp10k,celltype_specific,average,4,0.0,0.024,0.012098308042893385,0.0050364532735041245,0.29445097963741895,0.2530941705259607,,,,,,,,,,,
LODO_without_LDK1,CD_PC,BaseVAE,2025,DeconvSC,100,LDK2;LDK3,2,251,pooled_centered,cellwise_log1p_cp10k,celltype_specific,average,4,0.0,0.02,0.02971859588707127,0.015469623339902126,0.7370936492697282,0.7098831776775524,,,,,,,,,,,
LODO_without_LDK1,CD_PC,DeconvSC,2026,DeconvSC,100,LDK2;LDK3,2,251,pooled_centered,cellwise_log1p_cp10k,celltype_specific,average,4,0.0,0.024,0.012085259649901921,0.004820202598535573,0.28871908550584124,0.24907593573345196,,,,,,,,,,,
LODO_without_LDK1,CD_PC,BaseVAE,2026,DeconvSC,100,LDK2;LDK3,2,251,pooled_centered,cellwise_log1p_cp10k,celltype_specific,average,4,0.0,0.02,0.029600403191181287,0.015617463564828044,0.7346313986134692,0.7091617687618976,,,,,,,,,,,
LODO_without_LDK1,CD_PC,DeconvSC,2027,DeconvSC,100,LDK2;LDK3,2,251,pooled_centered,cellwise_log1p_cp10k,celltype_specific,average,4,0.0,0.024,0.011902962624353319,0.004869149147879061,0.28713547563793684,0.24915419282582424,,,,,,,,,,,
LODO_without_LDK1,CD_PC,BaseVAE,2027,DeconvSC,100,LDK2;LDK3,2,251,pooled_centered,cellwise_log1p_cp10k,celltype_specific,average,4,0.0,0.02,0.030495184191986494,0.015594957737551492,0.7418002311571339,0.7164843856201781,,,,,,,,,,,
LODO_without_LDK1,CD_PC,DeconvSC,2028,DeconvSC,100,LDK2;LDK3,2,251,pooled_centered,cellwise_log1p_cp10k,celltype_specific,average,4,0.0,0.024,0.01176860772983798,0.004892412508278285,0.2927375061558941,0.25325176170966146,,,,,,,,,,,
LODO_without_LDK1,CD_PC,BaseVAE,2028,DeconvSC,100,LDK2;LDK3,2,251,pooled_centered,cellwise_log1p_cp10k,celltype_specific,average,4,0.0,0.02,0.03047094959413755,0.01562414358515387,0.7472324673457326,0.7243516224944814,,,,,,,,,,,
LODO_without_LDK1,CD_PC,DeconvSC,2029,DeconvSC,100,LDK2;LDK3,2,251,pooled_centered,cellwise_log1p_cp10k,celltype_specific,average,4,0.0,0.024,0.01174715858857139,0.0048513281882860545,0.2884046051065211,0.250828057566544,,,,,,,,,,,
LODO_without_LDK1,CD_PC,BaseVAE,2029,DeconvSC,100,LDK2;LDK3,2,251,pooled_centered,cellwise_log1p_cp10k,celltype_specific,average,4,0.0,0.02,0.030411531733483033,0.015404378093359445,0.7417908333024598,0.7176142826823857,,,,,,,,,,,
LODO_without_LDK1,CD_PC,DeconvSC,2030,DeconvSC,100,LDK2;LDK3,2,251,pooled_centered,cellwise_log1p_cp10k,celltype_specific,average,4,0.0,0.024,0.012021435614902558,0.004881662289885346,0.2870766778081721,0.24937223283584575,,,,,,,,,,,
LODO_without_LDK1,CD_PC,BaseVAE,2030,DeconvSC,100,LDK2;LDK3,2,251,pooled_centered,cellwise_log1p_cp10k,celltype_specific,average,4,0.0,0.02,0.02983303830303145,0.015414109037093325,0.7319210766504584,0.7048706633023155,,,,,,,,,,,
LODO_without_LDK1,CD_PC,DeconvSC,2031,DeconvSC,100,LDK2;LDK3,2,251,pooled_centered,cellwise_log1p_cp10k,celltype_specific,average,4,0.0,0.024,0.011786182459540181,0.004777621047757282,0.28736304777258836,0.24587164617239235,,,,,,,,,,,
LODO_without_LDK1,CD_PC,BaseVAE,2031,DeconvSC,100,LDK2;LDK3,2,251,pooled_centered,cellwise_log1p_cp10k,celltype_specific,average,4,0.0,0.02,0.029702831981775348,0.01533288003871805,0.7316802821330106,0.7026206438667618,,,,,,,,,,,
LODO_without_LDK1,CD_PC,DeconvSC,2032,DeconvSC,100,LDK2;LDK3,2,251,pooled_centered,cellwise_log1p_cp10k,celltype_specific,average,4,0.0,0.024,0.012018988693781676,0.005007864691450944,0.2898253662506883,0.24731757417624103,,,,,,,,,,,
LODO_without_LDK1,CD_PC,BaseVAE,2032,DeconvSC,100,LDK2;LDK3,2,251,pooled_centered,cellwise_log1p_cp10k,celltype_specific,average,4,0.0,0.02,0.029533448635879568,0.01565063641297606,0.7356446862978439,0.7091569824376136,,,,,,,,,,,
LODO_without_LDK1,CD_PC,DeconvSC,2033,DeconvSC,100,LDK2;LDK3,2,251,pooled_centered,cellwise_log1p_cp10k,celltype_specific,average,4,0.0,0.024,0.01135137552547287,0.0048222312876670765,0.2800933655291492,0.24181349933352536,,,,,,,,,,,
LODO_without_LDK1,CD_PC,BaseVAE,2033,DeconvSC,100,LDK2;LDK3,2,251,pooled_centered,cellwise_log1p_cp10k,celltype_specific,average,4,0.0,0.02,0.0301349653312726,0.015331249729974428,0.7335390564851789,0.7103071754904677,,,,,,,,,,,
LODO_without_LDK1,CNT,DeconvSC,2024,DeconvSC,100,LDK2;LDK3,2,102,pooled_centered,cellwise_log1p_cp10k,celltype_specific,average,6,0.0,0.01,0.02372518876593091,0.021946828583564247,0.23278742703542588,0.21218558749729208,,,,,,,,,,,
LODO_without_LDK1,CNT,BaseVAE,2024,DeconvSC,100,LDK2;LDK3,2,102,pooled_centered,cellwise_log1p_cp10k,celltype_specific,average,6,0.0,0.008,0.08027050361932671,0.1084434298525957,0.7659098885493566,0.7919066609807586,,,,,,,,,,,
LODO_without_LDK1,CNT,DeconvSC,2025,DeconvSC,100,LDK2;LDK3,2,102,pooled_centered,cellwise_log1p_cp10k,celltype_specific,average,6,0.0,0.01,0.025911363449096846,0.024890751938964766,0.24728615440418333,0.22429666894790104,,,,,,,,,,,
LODO_without_LDK1,CNT,BaseVAE,2025,DeconvSC,100,LDK2;LDK3,2,102,pooled_centered,cellwise_log1p_cp10k,celltype_specific,average,6,0.0,0.008,0.08331710435170776,0.11300804497157074,0.7898624324850712,0.8189333439384697,,,,,,,,,,,
LODO_without_LDK1,CNT,DeconvSC,2026,DeconvSC,100,LDK2;LDK3,2,102,pooled_centered,cellwise_log1p_cp10k,celltype_specific,average,6,0.0,0.01,0.022840726853275414,0.020632154261027727,0.22460781849847855,0.20512523106603353,,,,,,,,,,,
LODO_without_LDK1,CNT,BaseVAE,2026,DeconvSC,100,LDK2;LDK3,2,102,pooled_centered,cellwise_log1p_cp10k,celltype_specific,average,6,0.0,0.008,0.07955287290307565,0.10612155544169878,0.7633431344204361,0.7910344818038605,,,,,,,,,,,
LODO_without_LDK1,CNT,DeconvSC,2027,DeconvSC,100,LDK2;LDK3,2,102,pooled_centered,cellwise_log1p_cp10k,celltype_specific,average,6,0.0,0.01,0.02460940314248053,0.0224634654453489,0.24043542794046258,0.21970581423840732,,,,,,,,,,,
LODO_without_LDK1,CNT,BaseVAE,2027,DeconvSC,100,LDK2;LDK3,2,102,pooled_centered,cellwise_log1p_cp10k,celltype_specific,average,6,0.0,0.008,0.08165496407733937,0.11065122631631841,0.7782287235933977,0.8052452501171065,,,,,,,,,,,
LODO_without_LDK1,CNT,DeconvSC,2028,DeconvSC,100,LDK2;LDK3,2,102,pooled_centered,cellwise_log1p_cp10k,celltype_specific,average,6,0.0,0.01,0.02508729749389411,0.026545071570870132,0.24514002416908567,0.2228470608053339,,,,,,,,,,,
LODO_without_LDK1,CNT,BaseVAE,2028,DeconvSC,100,LDK2;LDK3,2,102,pooled_centered,cellwise_log1p_cp10k,celltype_specific,average,6,0.0,0.008,0.08364393741873888,0.11711740948603905,0.7967948294026521,0.8263492855320265,,,,,,,,,,,
LODO_without_LDK1,CNT,DeconvSC,2029,DeconvSC,100,LDK2;LDK3,2,102,pooled_centered,cellwise_log1p_cp10k,celltype_specific,average,6,0.0,0.01,0.02297054025694137,0.02540403561558635,0.23204427924447057,0.2097924592444073,,,,,,,,,,,
LODO_without_LDK1,CNT,BaseVAE,2029,DeconvSC,100,LDK2;LDK3,2,102,pooled_centered,cellwise_log1p_cp10k,celltype_specific,average,6,0.0,0.008,0.08049448130311114,0.11228642931231067,0.7799943850506482,0.8057331317320308,,,,,,,,,,,
LODO_without_LDK1,CNT,DeconvSC,2030,DeconvSC,100,LDK2;LDK3,2,102,pooled_centered,cellwise_log1p_cp10k,celltype_specific,average,6,0.0,0.01,0.024687764512864845,0.024683480967299602,0.24003872359100556,0.21594761928194792,,,,,,,,,,,
LODO_without_LDK1,CNT,BaseVAE,2030,DeconvSC,100,LDK2;LDK3,2,102,pooled_centered,cellwise_log1p_cp10k,celltype_specific,average,6,0.0,0.008,0.08151319530218296,0.11179554953549048,0.7834641786964349,0.8125113993500412,,,,,,,,,,,
LODO_without_LDK1,CNT,DeconvSC,2031,DeconvSC,100,LDK2;LDK3,2,102,pooled_centered,cellwise_log1p_cp10k,celltype_specific,average,6,0.0,0.01,0.023733830525802625,0.024956553566766092,0.23408028177823204,0.21267841097865303,,,,,,,,,,,
LODO_without_LDK1,CNT,BaseVAE,2031,DeconvSC,100,LDK2;LDK3,2,102,pooled_centered,cellwise_log1p_cp10k,celltype_specific,average,6,0.0,0.008,0.08151825811936966,0.112102217070145,0.7835163496064991,0.8111314136232882,,,,,,,,,,,
LODO_without_LDK1,CNT,DeconvSC,2032,DeconvSC,100,LDK2;LDK3,2,102,pooled_centered,cellwise_log1p_cp10k,celltype_specific,average,6,0.0,0.01,0.024476657478577298,0.026933256800356922,0.24192047617216386,0.22101271504047035,,,,,,,,,,,
LODO_without_LDK1,CNT,BaseVAE,2032,DeconvSC,100,LDK2;LDK3,2,102,pooled_centered,cellwise_log1p_cp10k,celltype_specific,average,6,0.0,0.008,0.0812429978600958,0.11198399101914747,0.7778242338055706,0.8056220631240371,,,,,,,,,,,
LODO_without_LDK1,CNT,DeconvSC,2033,DeconvSC,100,LDK2;LDK3,2,102,pooled_centered,cellwise_log1p_cp10k,celltype_specific,average,6,0.0,0.01,0.023280866543311407,0.021967445940600676,0.23272695689650444,0.20703940142722346,,,,,,,,,,,
LODO_without_LDK1,CNT,BaseVAE,2033,DeconvSC,100,LDK2;LDK3,2,102,pooled_centered,cellwise_log1p_cp10k,celltype_specific,average,6,0.0,0.008,0.08066045624898008,0.11057428851919035,0.7784217732527087,0.8058790898391645,,,,,,,,,,,
LODO_without_LDK1,DCT,DeconvSC,2024,DeconvSC,100,LDK2;LDK3,2,163,pooled_centered,cellwise_log1p_cp10k,celltype_specific,average,4,0.0,0.018,0.01853567981088592,0.018295958768479902,0.3278881871578935,0.3000648912864295,,,,,,,,,,,
LODO_without_LDK1,DCT,BaseVAE,2024,DeconvSC,100,LDK2;LDK3,2,163,pooled_centered,cellwise_log1p_cp10k,celltype_specific,average,4,0.0,0.014,0.04630437668378163,0.035846457644952694,0.7832381301229021,0.7874188406168113,,,,,,,,,,,
LODO_without_LDK1,DCT,DeconvSC,2025,DeconvSC,100,LDK2;LDK3,2,163,pooled_centered,cellwise_log1p_cp10k,celltype_specific,average,4,0.0,0.018,0.017588896671431896,0.017173848240771828,0.3117524618658672,0.28208318580950525,,,,,,,,,,,
LODO_without_LDK1,DCT,BaseVAE,2025,DeconvSC,100,LDK2;LDK3,2,163,pooled_centered,cellwise_log1p_cp10k,celltype_specific,average,4,0.0,0.014,0.045055967366083714,0.033584499790265995,0.7653040559827449,0.7693784240582409,,,,,,,,,,,
LODO_without_LDK1,DCT,DeconvSC,2026,DeconvSC,100,LDK2;LDK3,2,163,pooled_centered,cellwise_log1p_cp10k,celltype_specific,average,4,0.0,0.018,0.01946761060525414,0.018813258226828028,0.320061433395713,0.28951746258752165,,,,,,,,,,,
LODO_without_LDK1,DCT,BaseVAE,2026,DeconvSC,100,LDK2;LDK3,2,163,pooled_centered,cellwise_log1p_cp10k,celltype_specific,average,4,0.0,0.014,0.046429797230307254,0.03493161767114475,0.766140639335191,0.7704651319633478,,,,,,,,,,,
LODO_without_LDK1,DCT,DeconvSC,2027,DeconvSC,100,LDK2;LDK3,2,163,pooled_centered,cellwise_log1p_cp10k,celltype_specific,average,4,0.0,0.018,0.01832360875337133,0.018554931778476145,0.31931324226299296,0.28826367108657547,,,,,,,,,,,
LODO_without_LDK1,DCT,BaseVAE,2027,DeconvSC,100,LDK2;LDK3,2,163,pooled_centered,cellwise_log1p_cp10k,celltype_specific,average,4,0.0,0.014,0.045630636622993256,0.03523491948052234,0.7736680158135334,0.7807200023221292,,,,,,,,,,,
LODO_without_LDK1,DCT,DeconvSC,2028,DeconvSC,100,LDK2;LDK3,2,163,pooled_centered,cellwise_log1p_cp10k,celltype_specific,average,4,0.0,0.018,0.017636179987922402,0.017597954170957535,0.31220994514495076,0.28281454581436627,,,,,,,,,,,
LODO_without_LDK1,DCT,BaseVAE,2028,DeconvSC,100,LDK2;LDK3,2,163,pooled_centered,cellwise_log1p_cp10k,celltype_specific,average,4,0.0,0.014,0.04458403643718665,0.034494634000479585,0.7539620332272723,0.757295484643945,,,,,,,,,,,
LODO_without_LDK1,DCT,DeconvSC,2029,DeconvSC,100,LDK2;LDK3,2,163,pooled_centered,cellwise_log1p_cp10k,celltype_specific,average,4,0.0,0.018,0.01837793901276815,0.018441298118821153,0.31815460303719395,0.28794636459112194,,,,,,,,,,,
LODO_without_LDK1,DCT,BaseVAE,2029,DeconvSC,100,LDK2;LDK3,2,163,pooled_centered,cellwise_log1p_cp10k,celltype_specific,average,4,0.0,0.014,0.044059408748246834,0.034452421638520796,0.7535976496740524,0.7553045741883258,,,,,,,,,,,
LODO_without_LDK1,DCT,DeconvSC,2030,DeconvSC,100,LDK2;LDK3,2,163,pooled_centered,cellwise_log1p_cp10k,celltype_specific,average,4,0.0,0.018,0.017750023006064344,0.016916366975063487,0.3119871485926513,0.281934525504582,,,,,,,,,,,
LODO_without_LDK1,DCT,BaseVAE,2030,DeconvSC,100,LDK2;LDK3,2,163,pooled_centered,cellwise_log1p_cp10k,celltype_specific,average,4,0.0,0.014,0.044895228524357345,0.03277207017701711,0.7584451004626898,0.7614228447771683,,,,,,,,,,,
LODO_without_LDK1,DCT,DeconvSC,2031,DeconvSC,100,LDK2;LDK3,2,163,pooled_centered,cellwise_log1p_cp10k,celltype_specific,average,4,0.0,0.018,0.018170600660819648,0.018519931079235507,0.3241113766933823,0.2967515923668342,,,,,,,,,,,
LODO_without_LDK1,DCT,BaseVAE,2031,DeconvSC,100,LDK2;LDK3,2,163,pooled_centered,cellwise_log1p_cp10k,celltype_specific,average,4,0.0,0.014,0.046667836750744374,0.03466980378651629,0.7835818017540304,0.7876725652686285,,,,,,,,,,,
LODO_without_LDK1,DCT,DeconvSC,2032,DeconvSC,100,LDK2;LDK3,2,163,pooled_centered,cellwise_log1p_cp10k,celltype_specific,average,4,0.0,0.018,0.019038161961602486,0.018492526721160328,0.32840147100792805,0.2979006342375954,,,,,,,,,,,
LODO_without_LDK1,DCT,BaseVAE,2032,DeconvSC,100,LDK2;LDK3,2,163,pooled_centered,cellwise_log1p_cp10k,celltype_specific,average,4,0.0,0.014,0.04672660212401125,0.034855917339665865,0.7835376625080095,0.7887065822962904,,,,,,,,,,,
LODO_without_LDK1,DCT,DeconvSC,2033,DeconvSC,100,LDK2;LDK3,2,163,pooled_centered,cellwise_log1p_cp10k,celltype_specific,average,4,0.0,0.018,0.02031657148313764,0.020486299619771282,0.3375158897221207,0.30856982413966483,,,,,,,,,,,
LODO_without_LDK1,DCT,BaseVAE,2033,DeconvSC,100,LDK2;LDK3,2,163,pooled_centered,cellwise_log1p_cp10k,celltype_specific,average,4,0.0,0.014,0.04787651754659543,0.03668658872061667,0.7894347902416067,0.7943425701929312,,,,,,,,,,,
LODO_without_LDK1,MC,DeconvSC,2024,DeconvSC,100,LDK2;LDK3,2,130,pooled_centered,cellwise_log1p_cp10k,celltype_specific,average,6,0.0,0.072,0.018983798274868277,0.020744271518679393,0.28346045470440556,0.2508276592814633,,,,,,,,,,,
LODO_without_LDK1,MC,BaseVAE,2024,DeconvSC,100,LDK2;LDK3,2,130,pooled_centered,cellwise_log1p_cp10k,celltype_specific,average,6,0.0,0.078,0.05712135378657932,0.056846362513603074,0.7318009636338432,0.7304025032843358,,,,,,,,,,,
LODO_without_LDK1,MC,DeconvSC,2025,DeconvSC,100,LDK2;LDK3,2,130,pooled_centered,cellwise_log1p_cp10k,celltype_specific,average,6,0.0,0.072,0.019265125630493197,0.021187146132968897,0.2880044024164175,0.2503605739172675,,,,,,,,,,,
LODO_without_LDK1,MC,BaseVAE,2025,DeconvSC,100,LDK2;LDK3,2,130,pooled_centered,cellwise_log1p_cp10k,celltype_specific,average,6,0.0,0.078,0.05667473321506299,0.05541275050648492,0.7241460870533056,0.7221323418056227,,,,,,,,,,,
LODO_without_LDK1,MC,DeconvSC,2026,DeconvSC,100,LDK2;LDK3,2,130,pooled_centered,cellwise_log1p_cp10k,celltype_specific,average,6,0.0,0.072,0.019890531178874817,0.022545221959284288,0.2905534278751027,0.25599939637555374,,,,,,,,,,,
LODO_without_LDK1,MC,BaseVAE,2026,DeconvSC,100,LDK2;LDK3,2,130,pooled_centered,cellwise_log1p_cp10k,celltype_specific,average,6,0.0,0.078,0.056642300830135016,0.05537344412179824,0.7319703545866162,0.729445091816264,,,,,,,,,,,
LODO_without_LDK1,MC,DeconvSC,2027,DeconvSC,100,LDK2;LDK3,2,130,pooled_centered,cellwise_log1p_cp10k,celltype_specific,average,6,0.0,0.072,0.01908041480015064,0.02068829350477194,0.2871884095122765,0.2504338178138103,,,,,,,,,,,
LODO_without_LDK1,MC,BaseVAE,2027,DeconvSC,100,LDK2;LDK3,2,130,pooled_centered,cellwise_log1p_cp10k,celltype_specific,average,6,0.0,0.078,0.05739344996644524,0.05768422370943824,0.7353807557258648,0.7333068313368005,,,,,,,,,,,
LODO_without_LDK1,MC,DeconvSC,2028,DeconvSC,100,LDK2;LDK3,2,130,pooled_centered,cellwise_log1p_cp10k,celltype_specific,average,6,0.0,0.072,0.018302036261751958,0.020367171381247624,0.28057021543996624,0.24112660409091743,,,,,,,,,,,
LODO_without_LDK1,MC,BaseVAE,2028,DeconvSC,100,LDK2;LDK3,2,130,pooled_centered,cellwise_log1p_cp10k,celltype_specific,average,6,0.0,0.078,0.0562650429215272,0.055972821344817,0.7302609688581301,0.725872968238427,,,,,,,,,,,
LODO_without_LDK1,MC,DeconvSC,2029,DeconvSC,100,LDK2;LDK3,2,130,pooled_centered,cellwise_log1p_cp10k,celltype_specific,average,6,0.0,0.072,0.02005563352914987,0.023225098393949047,0.28774437621826143,0.24959975050024327,,,,,,,,,,,
LODO_without_LDK1,MC,BaseVAE,2029,DeconvSC,100,LDK2;LDK3,2,130,pooled_centered,cellwise_log1p_cp10k,celltype_specific,average,6,0.0,0.078,0.05683685651355367,0.055704061612991226,0.7273335830635457,0.7230326334178309,,,,,,,,,,,
LODO_without_LDK1,MC,DeconvSC,2030,DeconvSC,100,LDK2;LDK3,2,130,pooled_centered,cellwise_log1p_cp10k,celltype_specific,average,6,0.0,0.072,0.019225557921665404,0.021847282064426227,0.27937298354259266,0.24627421165099914,,,,,,,,,,,
LODO_without_LDK1,MC,BaseVAE,2030,DeconvSC,100,LDK2;LDK3,2,130,pooled_centered,cellwise_log1p_cp10k,celltype_specific,average,6,0.0,0.078,0.0563981886816192,0.055611886683492595,0.7164627780433435,0.7136827949447831,,,,,,,,,,,
LODO_without_LDK1,MC,DeconvSC,2031,DeconvSC,100,LDK2;LDK3,2,130,pooled_centered,cellwise_log1p_cp10k,celltype_specific,average,6,0.0,0.072,0.02008530265883093,0.022131951415332318,0.2864824852869435,0.2517219746434506,,,,,,,,,,,
LODO_without_LDK1,MC,BaseVAE,2031,DeconvSC,100,LDK2;LDK3,2,130,pooled_centered,cellwise_log1p_cp10k,celltype_specific,average,6,0.0,0.078,0.056990128594180456,0.055712927547370485,0.7183455398413328,0.7187061933910216,,,,,,,,,,,
LODO_without_LDK1,MC,DeconvSC,2032,DeconvSC,100,LDK2;LDK3,2,130,pooled_centered,cellwise_log1p_cp10k,celltype_specific,average,6,0.0,0.072,0.019948225113729293,0.022921232533321352,0.2878242561218012,0.25167589703827525,,,,,,,,,,,
LODO_without_LDK1,MC,BaseVAE,2032,DeconvSC,100,LDK2;LDK3,2,130,pooled_centered,cellwise_log1p_cp10k,celltype_specific,average,6,0.0,0.078,0.0573334582260383,0.05608946802009689,0.7315947765271061,0.7304224660113476,,,,,,,,,,,
LODO_without_LDK1,MC,DeconvSC,2033,DeconvSC,100,LDK2;LDK3,2,130,pooled_centered,cellwise_log1p_cp10k,celltype_specific,average,6,0.0,0.072,0.019545288103522313,0.02181796129504194,0.28609537757168885,0.2508863838095892,,,,,,,,,,,
LODO_without_LDK1,MC,BaseVAE,2033,DeconvSC,100,LDK2;LDK3,2,130,pooled_centered,cellwise_log1p_cp10k,celltype_specific,average,6,0.0,0.078,0.05800634613381276,0.057635361728755,0.7416180620950267,0.7361403405823038,,,,,,,,,,,
LODO_without_LDK1,PT,DeconvSC,2024,DeconvSC,100,LDK2;LDK3,2,400,pooled_centered,cellwise_log1p_cp10k,celltype_specific,average,4,0.0,0.012,0.0038567153449445496,0.0038471536074257072,0.15226102954942156,0.12820370538536902,,,,,,,,,,,
LODO_without_LDK1,PT,BaseVAE,2024,DeconvSC,100,LDK2;LDK3,2,400,pooled_centered,cellwise_log1p_cp10k,celltype_specific,average,4,0.0,0.01,0.0176962842157132,0.017914967456097525,0.6531651282934176,0.6070660296446291,,,,,,,,,,,
LODO_without_LDK1,PT,DeconvSC,2025,DeconvSC,100,LDK2;LDK3,2,400,pooled_centered,cellwise_log1p_cp10k,celltype_specific,average,4,0.0,0.014,0.0038542714272071384,0.0037234722042439735,0.14928964179245924,0.12411269491916782,,,,,,,,,,,
LODO_without_LDK1,PT,BaseVAE,2025,DeconvSC,100,LDK2;LDK3,2,400,pooled_centered,cellwise_log1p_cp10k,celltype_specific,average,4,0.0,0.01,0.0171139283844454,0.017498673378813678,0.6369006312689219,0.5878974672520674,,,,,,,,,,,
LODO_without_LDK1,PT,DeconvSC,2026,DeconvSC,100,LDK2;LDK3,2,400,pooled_centered,cellwise_log1p_cp10k,celltype_specific,average,4,0.0,0.012,0.004066157221206558,0.003972079370374316,0.15557402205032633,0.13041207737414173,,,,,,,,,,,
LODO_without_LDK1,PT,BaseVAE,2026,DeconvSC,100,LDK2;LDK3,2,400,pooled_centered,cellwise_log1p_cp10k,celltype_specific,average,4,0.0,0.01,0.017390909650075993,0.017889751387217746,0.6471858486707139,0.6009721131487991,,,,,,,,,,,
LODO_without_LDK1,PT,DeconvSC,2027,DeconvSC,100,LDK2;LDK3,2,400,pooled_centered,cellwise_log1p_cp10k,celltype_specific,average,4,0.0,0.012,0.0041167179825227496,0.004067805399809701,0.15758058103402675,0.13159956117996097,,,,,,,,,,,
LODO_without_LDK1,PT,BaseVAE,2027,DeconvSC,100,LDK2;LDK3,2,400,pooled_centered,cellwise_log1p_cp10k,celltype_specific,average,4,0.0,0.01,0.017696455960487713,0.017932445784712817,0.6536556891278616,0.6106039995203034,,,,,,,,,,,
LODO_without_LDK1,PT,DeconvSC,2028,DeconvSC,100,LDK2;LDK3,2,400,pooled_centered,cellwise_log1p_cp10k,celltype_specific,average,4,0.0,0.014,0.003947566026409604,0.003977552649730636,0.15455623868648088,0.129677455630813,,,,,,,,,,,
LODO_without_LDK1,PT,BaseVAE,2028,DeconvSC,100,LDK2;LDK3,2,400,pooled_centered,cellwise_log1p_cp10k,celltype_specific,average,4,0.0,0.01,0.017852369900118004,0.018215067614367017,0.6574813183851691,0.6137208086130761,,,,,,,,,,,
LODO_without_LDK1,PT,DeconvSC,2029,DeconvSC,100,LDK2;LDK3,2,400,pooled_centered,cellwise_log1p_cp10k,celltype_specific,average,4,0.0,0.012,0.0038903946170026613,0.0038897729396501724,0.14951063286024935,0.12443040548417898,,,,,,,,,,,
LODO_without_LDK1,PT,BaseVAE,2029,DeconvSC,100,LDK2;LDK3,2,400,pooled_centered,cellwise_log1p_cp10k,celltype_specific,average,4,0.0,0.01,0.017066546527514666,0.01765032801086232,0.6366103532429994,0.5861591576093385,,,,,,,,,,,
LODO_without_LDK1,PT,DeconvSC,2030,DeconvSC,100,LDK2;LDK3,2,400,pooled_centered,cellwise_log1p_cp10k,celltype_specific,average,4,0.0,0.014,0.0037351399019072756,0.00378793277509456,0.14718796956076155,0.12260061692968235,,,,,,,,,,,
LODO_without_LDK1,PT,BaseVAE,2030,DeconvSC,100,LDK2;LDK3,2,400,pooled_centered,cellwise_log1p_cp10k,celltype_specific,average,4,0.0,0.01,0.01757558211057461,0.018064083096744257,0.653128144362148,0.6069148886285172,,,,,,,,,,,
LODO_without_LDK1,PT,DeconvSC,2031,DeconvSC,100,LDK2;LDK3,2,400,pooled_centered,cellwise_log1p_cp10k,celltype_specific,average,4,0.0,0.012,0.003814659295784969,0.004066556099751498,0.14944388864066258,0.1257732056932372,,,,,,,,,,,
LODO_without_LDK1,PT,BaseVAE,2031,DeconvSC,100,LDK2;LDK3,2,400,pooled_centered,cellwise_log1p_cp10k,celltype_specific,average,4,0.0,0.01,0.018022802688974406,0.01790453390401363,0.6631778634951595,0.6205242157228283,,,,,,,,,,,
LODO_without_LDK1,PT,DeconvSC,2032,DeconvSC,100,LDK2;LDK3,2,400,pooled_centered,cellwise_log1p_cp10k,celltype_specific,average,4,0.0,0.012,0.004044788424710757,0.004052119656636564,0.15219456544291451,0.12775566780463996,,,,,,,,,,,
LODO_without_LDK1,PT,BaseVAE,2032,DeconvSC,100,LDK2;LDK3,2,400,pooled_centered,cellwise_log1p_cp10k,celltype_specific,average,4,0.0,0.01,0.016854022750090812,0.017388720986086074,0.6323576027775472,0.5811169232561856,,,,,,,,,,,
LODO_without_LDK1,PT,DeconvSC,2033,DeconvSC,100,LDK2;LDK3,2,400,pooled_centered,cellwise_log1p_cp10k,celltype_specific,average,4,0.0,0.012,0.003952972300845582,0.004025742860922584,0.15375709403541668,0.1292079895098222,,,,,,,,,,,
LODO_without_LDK1,PT,BaseVAE,2033,DeconvSC,100,LDK2;LDK3,2,400,pooled_centered,cellwise_log1p_cp10k,celltype_specific,average,4,0.0,0.01,0.017551780158790577,0.017822978565228062,0.6497597690085325,0.6058342042953144,,,,,,,,,,,
LODO_without_LDK1,aLOH,DeconvSC,2024,DeconvSC,100,LDK2;LDK3,2,400,pooled_centered,cellwise_log1p_cp10k,celltype_specific,average,4,0.0,0.014,0.020430460722280434,0.019399979210421088,0.31287250343833817,0.29440717906455116,,,,,,,,,,,
LODO_without_LDK1,aLOH,BaseVAE,2024,DeconvSC,100,LDK2;LDK3,2,400,pooled_centered,cellwise_log1p_cp10k,celltype_specific,average,4,0.0,0.008,0.05102188450403167,0.03829766641823427,0.7389305569662226,0.7432450790335811,,,,,,,,,,,
LODO_without_LDK1,aLOH,DeconvSC,2025,DeconvSC,100,LDK2;LDK3,2,400,pooled_centered,cellwise_log1p_cp10k,celltype_specific,average,4,0.0,0.014,0.023088891287548156,0.02278799694494588,0.33103169147705086,0.31525850040514725,,,,,,,,,,,
LODO_without_LDK1,aLOH,BaseVAE,2025,DeconvSC,100,LDK2;LDK3,2,400,pooled_centered,cellwise_log1p_cp10k,celltype_specific,average,4,0.0,0.008,0.051588474843501646,0.03890168867851586,0.7365194898100873,0.7401365119976799,,,,,,,,,,,
LODO_without_LDK1,aLOH,DeconvSC,2026,DeconvSC,100,LDK2;LDK3,2,400,pooled_centered,cellwise_log1p_cp10k,celltype_specific,average,4,0.0,0.014,0.022285662505033013,0.022299389815057795,0.32879615411767565,0.313232463562817,,,,,,,,,,,
LODO_without_LDK1,aLOH,BaseVAE,2026,DeconvSC,100,LDK2;LDK3,2,400,pooled_centered,cellwise_log1p_cp10k,celltype_specific,average,4,0.0,0.008,0.05149692748592501,0.03764562522429079,0.7352561835759233,0.7394065063269949,,,,,,,,,,,
LODO_without_LDK1,aLOH,DeconvSC,2027,DeconvSC,100,LDK2;LDK3,2,400,pooled_centered,cellwise_log1p_cp10k,celltype_specific,average,4,0.0,0.014,0.020028096408065757,0.019579014184138814,0.299195421401505,0.2799543609947832,,,,,,,,,,,
LODO_without_LDK1,aLOH,BaseVAE,2027,DeconvSC,100,LDK2;LDK3,2,400,pooled_centered,cellwise_log1p_cp10k,celltype_specific,average,4,0.0,0.008,0.05025492103578608,0.03787763001696119,0.7297122802666096,0.73516324473564,,,,,,,,,,,
LODO_without_LDK1,aLOH,DeconvSC,2028,DeconvSC,100,LDK2;LDK3,2,400,pooled_centered,cellwise_log1p_cp10k,celltype_specific,average,4,0.0,0.014,0.021891427052399565,0.021363768755799956,0.32551573357645824,0.30740075145497225,,,,,,,,,,,
LODO_without_LDK1,aLOH,BaseVAE,2028,DeconvSC,100,LDK2;LDK3,2,400,pooled_centered,cellwise_log1p_cp10k,celltype_specific,average,4,0.0,0.008,0.05175166671764769,0.038688370102660935,0.7437866638993869,0.7488766918136234,,,,,,,,,,,
LODO_without_LDK1,aLOH,DeconvSC,2029,DeconvSC,100,LDK2;LDK3,2,400,pooled_centered,cellwise_log1p_cp10k,celltype_specific,average,4,0.0,0.014,0.02206806145668852,0.021375250785639073,0.3238083616793961,0.30559007130350135,,,,,,,,,,,
LODO_without_LDK1,aLOH,BaseVAE,2029,DeconvSC,100,LDK2;LDK3,2,400,pooled_centered,cellwise_log1p_cp10k,celltype_specific,average,4,0.0,0.008,0.051212303647055965,0.037689696280021785,0.7390735373229751,0.7434013899601687,,,,,,,,,,,
LODO_without_LDK1,aLOH,DeconvSC,2030,DeconvSC,100,LDK2;LDK3,2,400,pooled_centered,cellwise_log1p_cp10k,celltype_specific,average,4,0.0,0.014,0.0225822528792213,0.02244906461791968,0.3331125535469578,0.31611114572618637,,,,,,,,,,,
LODO_without_LDK1,aLOH,BaseVAE,2030,DeconvSC,100,LDK2;LDK3,2,400,pooled_centered,cellwise_log1p_cp10k,celltype_specific,average,4,0.0,0.008,0.05186677149253344,0.038491287588257546,0.7435418508064242,0.748635041936168,,,,,,,,,,,
LODO_without_LDK1,aLOH,DeconvSC,2031,DeconvSC,100,LDK2;LDK3,2,400,pooled_centered,cellwise_log1p_cp10k,celltype_specific,average,4,0.0,0.014,0.020002144180817867,0.020045749815304503,0.29978437169595634,0.282746389865123,,,,,,,,,,,
LODO_without_LDK1,aLOH,BaseVAE,2031,DeconvSC,100,LDK2;LDK3,2,400,pooled_centered,cellwise_log1p_cp10k,celltype_specific,average,4,0.0,0.008,0.049560688625260814,0.03590210202339103,0.7201551304286742,0.7235620452598925,,,,,,,,,,,
LODO_without_LDK1,aLOH,DeconvSC,2032,DeconvSC,100,LDK2;LDK3,2,400,pooled_centered,cellwise_log1p_cp10k,celltype_specific,average,4,0.0,0.014,0.021282850451331735,0.020576037197909163,0.3196705533675685,0.304320981238008,,,,,,,,,,,
LODO_without_LDK1,aLOH,BaseVAE,2032,DeconvSC,100,LDK2;LDK3,2,400,pooled_centered,cellwise_log1p_cp10k,celltype_specific,average,4,0.0,0.008,0.05106876062810994,0.037792747521342984,0.7380515978915545,0.7435012576212985,,,,,,,,,,,
LODO_without_LDK1,aLOH,DeconvSC,2033,DeconvSC,100,LDK2;LDK3,2,400,pooled_centered,cellwise_log1p_cp10k,celltype_specific,average,4,0.0,0.014,0.020063744765665213,0.01905032360149105,0.3000608719273308,0.28407641430293695,,,,,,,,,,,
LODO_without_LDK1,aLOH,BaseVAE,2033,DeconvSC,100,LDK2;LDK3,2,400,pooled_centered,cellwise_log1p_cp10k,celltype_specific,average,4,0.0,0.008,0.05089948967975415,0.0373243737949253,0.7334058378500165,0.7374094461836197,,,,,,,,,,,
LODO_without_LDK2,CD_PC,DeconvSC,2024,DeconvSC,100,LDK1;LDK3,2,239,pooled_centered,cellwise_log1p_cp10k,celltype_specific,average,4,0.0,0.024,0.011641729419015943,0.0045493888351124615,0.27671549477194735,0.23541101028983874,,,,,,,,,,,
LODO_without_LDK2,CD_PC,BaseVAE,2024,DeconvSC,100,LDK1;LDK3,2,239,pooled_centered,cellwise_log1p_cp10k,celltype_specific,average,4,0.0,0.02,0.029175101263696372,0.01482667441720219,0.7157290750329576,0.6888708859090346,,,,,,,,,,,
LODO_without_LDK2,CD_PC,DeconvSC,2025,DeconvSC,100,LDK1;LDK3,2,239,pooled_centered,cellwise_log1p_cp10k,celltype_specific,average,4,0.0,0.024,0.011928573038986456,0.004554570358000664,0.2811822927879344,0.2389352594395433,,,,,,,,,,,
LODO_without_LDK2,CD_PC,BaseVAE,2025,DeconvSC,100,LDK1;LDK3,2,239,pooled_centered,cellwise_log1p_cp10k,celltype_specific,average,4,0.0,0.02,0.02936279731124861,0.014960527249497101,0.7236252541553063,0.6965363077695195,,,,,,,,,,,
LODO_without_LDK2,CD_PC,DeconvSC,2026,DeconvSC,100,LDK1;LDK3,2,239,pooled_centered,cellwise_log1p_cp10k,celltype_specific,average,4,0.0,0.024,0.011588667329364772,0.004532491161345635,0.27471010999423856,0.23657486069643702,,,,,,,,,,,
LODO_without_LDK2,CD_PC,BaseVAE,2026,DeconvSC,100,LDK1;LDK3,2,239,pooled_centered,cellwise_log1p_cp10k,celltype_specific,average,4,0.0,0.02,0.029863968316076767,0.015342227129173236,0.7299485453672794,0.7059494832980845,,,,,,,,,,,
LODO_without_LDK2,CD_PC,DeconvSC,2027,DeconvSC,100,LDK1;LDK3,2,239,pooled_centered,cellwise_log1p_cp10k,celltype_specific,average,4,0.0,0.024,0.011423880835924691,0.004635213626966457,0.27818731158212334,0.23902901090343878,,,,,,,,,,,
LODO_without_LDK2,CD_PC,BaseVAE,2027,DeconvSC,100,LDK1;LDK3,2,239,pooled_centered,cellwise_log1p_cp10k,celltype_specific,average,4,0.0,0.02,0.030489368902821168,0.015516019501314598,0.7405800911285456,0.7171972824710258,,,,,,,,,,,
LODO_without_LDK2,CD_PC,DeconvSC,2028,DeconvSC,100,LDK1;LDK3,2,239,pooled_centered,cellwise_log1p_cp10k,celltype_specific,average,4,0.0,0.024,0.011815607997473913,0.004578113220449877,0.28198877173487824,0.24143949763678774,,,,,,,,,,,
LODO_without_LDK2,CD_PC,BaseVAE,2028,DeconvSC,100,LDK1;LDK3,2,239,pooled_centered,cellwise_log1p_cp10k,celltype_specific,average,4,0.0,0.02,0.02992326697217553,0.015344508666863314,0.7349843612501142,0.7114285599869308,,,,,,,,,,,
LODO_without_LDK2,CD_PC,DeconvSC,2029,DeconvSC,100,LDK1;LDK3,2,239,pooled_centered,cellwise_log1p_cp10k,celltype_specific,average,4,0.0,0.024,0.011417050430792032,0.004476918104993289,0.2725435828061659,0.23587188605464132,,,,,,,,,,,
LODO_without_LDK2,CD_PC,BaseVAE,2029,DeconvSC,100,LDK1;LDK3,2,239,pooled_centered,cellwise_log1p_cp10k,celltype_specific,average,4,0.0,0.02,0.030233230252864046,0.01532519022917239,0.7365881464020511,0.7149356230857864,,,,,,,,,,,
LODO_without_LDK2,CD_PC,DeconvSC,2030,DeconvSC,100,LDK1;LDK3,2,239,pooled_centered,cellwise_log1p_cp10k,celltype_specific,average,4,0.0,0.024,0.011384848722163082,0.004501215612236348,0.26985212569971284,0.23172979242865618,,,,,,,,,,,
LODO_without_LDK2,CD_PC,BaseVAE,2030,DeconvSC,100,LDK1;LDK3,2,239,pooled_centered,cellwise_log1p_cp10k,celltype_specific,average,4,0.0,0.02,0.029983036739765975,0.015291642596042257,0.7276459009973866,0.7030987730813063,,,,,,,,,,,
LODO_without_LDK2,CD_PC,DeconvSC,2031,DeconvSC,100,LDK1;LDK3,2,239,pooled_centered,cellwise_log1p_cp10k,celltype_specific,average,4,0.0,0.024,0.0110270278838938,0.0045625181625179685,0.27336906834720576,0.2330824920343575,,,,,,,,,,,
LODO_without_LDK2,CD_PC,BaseVAE,2031,DeconvSC,100,LDK1;LDK3,2,239,pooled_centered,cellwise_log1p_cp10k,celltype_specific,average,4,0.0,0.02,0.029356580784552944,0.015190337248929299,0.7269479765916327,0.702778397926166,,,,,,,,,,,
LODO_without_LDK2,CD_PC,DeconvSC,2032,DeconvSC,100,LDK1;LDK3,2,239,pooled_centered,cellwise_log1p_cp10k,celltype_specific,average,4,0.0,0.024,0.011781611932905662,0.0046338579090455505,0.2779031599867532,0.2374341975469561,,,,,,,,,,,
LODO_without_LDK2,CD_PC,BaseVAE,2032,DeconvSC,100,LDK1;LDK3,2,239,pooled_centered,cellwise_log1p_cp10k,celltype_specific,average,4,0.0,0.02,0.029588701551557014,0.015305117595727603,0.7304686896257642,0.7053554382854612,,,,,,,,,,,
LODO_without_LDK2,CD_PC,DeconvSC,2033,DeconvSC,100,LDK1;LDK3,2,239,pooled_centered,cellwise_log1p_cp10k,celltype_specific,average,4,0.0,0.024,0.011554880551784621,0.004571143148403609,0.2784097234558114,0.23939656933258957,,,,,,,,,,,
LODO_without_LDK2,CD_PC,BaseVAE,2033,DeconvSC,100,LDK1;LDK3,2,239,pooled_centered,cellwise_log1p_cp10k,celltype_specific,average,4,0.0,0.02,0.030610049591258518,0.015489520983693942,0.7442558534256778,0.7206831963682832,,,,,,,,,,,
LODO_without_LDK2,CNT,DeconvSC,2024,DeconvSC,100,LDK1;LDK3,2,100,pooled_centered,cellwise_log1p_cp10k,celltype_specific,average,6,0.0,0.01,0.022492246152417534,0.02220654948449531,0.23168278278999357,0.21230581582628574,,,,,,,,,,,
LODO_without_LDK2,CNT,BaseVAE,2024,DeconvSC,100,LDK1;LDK3,2,100,pooled_centered,cellwise_log1p_cp10k,celltype_specific,average,6,0.0,0.008,0.08109236306158525,0.10868144587483027,0.7763590158941801,0.8038783898353987,,,,,,,,,,,
LODO_without_LDK2,CNT,DeconvSC,2025,DeconvSC,100,LDK1;LDK3,2,100,pooled_centered,cellwise_log1p_cp10k,celltype_specific,average,6,0.0,0.01,0.025036440136096214,0.026474593074947317,0.2510926719892468,0.22612909904303535,,,,,,,,,,,
LODO_without_LDK2,CNT,BaseVAE,2025,DeconvSC,100,LDK1;LDK3,2,100,pooled_centered,cellwise_log1p_cp10k,celltype_specific,average,6,0.0,0.008,0.0833298922548817,0.11418832312313068,0.7911228613208664,0.8179035789131932,,,,,,,,,,,
LODO_without_LDK2,CNT,DeconvSC,2026,DeconvSC,100,LDK1;LDK3,2,100,pooled_centered,cellwise_log1p_cp10k,celltype_specific,average,6,0.0,0.01,0.02360004418163934,0.020169044350409622,0.23766411996040535,0.21271423002724385,,,,,,,,,,,
LODO_without_LDK2,CNT,BaseVAE,2026,DeconvSC,100,LDK1;LDK3,2,100,pooled_centered,cellwise_log1p_cp10k,celltype_specific,average,6,0.0,0.008,0.0801572638830004,0.10412068856066362,0.7610647238033152,0.7860699208718148,,,,,,,,,,,
LODO_without_LDK2,CNT,DeconvSC,2027,DeconvSC,100,LDK1;LDK3,2,100,pooled_centered,cellwise_log1p_cp10k,celltype_specific,average,6,0.0,0.01,0.020599847382989405,0.01720645375048486,0.22075965315646137,0.19973030421576546,,,,,,,,,,,
LODO_without_LDK2,CNT,BaseVAE,2027,DeconvSC,100,LDK1;LDK3,2,100,pooled_centered,cellwise_log1p_cp10k,celltype_specific,average,6,0.0,0.008,0.07881226394578157,0.1055435735603161,0.7595681252954454,0.7860833947446307,,,,,,,,,,,
LODO_without_LDK2,CNT,DeconvSC,2028,DeconvSC,100,LDK1;LDK3,2,100,pooled_centered,cellwise_log1p_cp10k,celltype_specific,average,6,0.0,0.01,0.02475554779762926,0.026581615037864305,0.24706830659294288,0.22152366224874984,,,,,,,,,,,
LODO_without_LDK2,CNT,BaseVAE,2028,DeconvSC,100,LDK1;LDK3,2,100,pooled_centered,cellwise_log1p_cp10k,celltype_specific,average,6,0.0,0.008,0.08177916707420642,0.11378394359370471,0.7832725154792648,0.8103767651954309,,,,,,,,,,,
LODO_without_LDK2,CNT,DeconvSC,2029,DeconvSC,100,LDK1;LDK3,2,100,pooled_centered,cellwise_log1p_cp10k,celltype_specific,average,6,0.0,0.01,0.024588016650792997,0.026634844915524654,0.2502810969816179,0.22103687056388788,,,,,,,,,,,
LODO_without_LDK2,CNT,BaseVAE,2029,DeconvSC,100,LDK1;LDK3,2,100,pooled_centered,cellwise_log1p_cp10k,celltype_specific,average,6,0.0,0.008,0.08149000983377185,0.11191614907074267,0.7825093124905295,0.8064952091926635,,,,,,,,,,,
LODO_without_LDK2,CNT,DeconvSC,2030,DeconvSC,100,LDK1;LDK3,2,100,pooled_centered,cellwise_log1p_cp10k,celltype_specific,average,6,0.0,0.01,0.02446463828803092,0.027370223317666816,0.24650553356595176,0.21940613597492586,,,,,,,,,,,
LODO_without_LDK2,CNT,BaseVAE,2030,DeconvSC,100,LDK1;LDK3,2,100,pooled_centered,cellwise_log1p_cp10k,celltype_specific,average,6,0.0,0.008,0.0808571370345552,0.1088152498240433,0.7737348679706564,0.798971179884368,,,,,,,,,,,
LODO_without_LDK2,CNT,DeconvSC,2031,DeconvSC,100,LDK1;LDK3,2,100,pooled_centered,cellwise_log1p_cp10k,celltype_specific,average,6,0.0,0.01,0.021829866100565462,0.022385982863202133,0.22884739200260254,0.20564879116867574,,,,,,,,,,,
LODO_without_LDK2,CNT,BaseVAE,2031,DeconvSC,100,LDK1;LDK3,2,100,pooled_centered,cellwise_log1p_cp10k,celltype_specific,average,6,0.0,0.008,0.0802661070430961,0.11203743443197002,0.7763291064235865,0.8039528512003838,,,,,,,,,,,
LODO_without_LDK2,CNT,DeconvSC,2032,DeconvSC,100,LDK1;LDK3,2,100,pooled_centered,cellwise_log1p_cp10k,celltype_specific,average,6,0.0,0.01,0.02335350895223323,0.02644612244767624,0.24199221548398508,0.21580975353621498,,,,,,,,,,,
LODO_without_LDK2,CNT,BaseVAE,2032,DeconvSC,100,LDK1;LDK3,2,100,pooled_centered,cellwise_log1p_cp10k,celltype_specific,average,6,0.0,0.008,0.08044266197064456,0.1072297478748461,0.7735837403160811,0.7981547674644531,,,,,,,,,,,
LODO_without_LDK2,CNT,DeconvSC,2033,DeconvSC,100,LDK1;LDK3,2,100,pooled_centered,cellwise_log1p_cp10k,celltype_specific,average,6,0.0,0.01,0.023987890155411598,0.025855182773912546,0.24565403398391816,0.21710204473766362,,,,,,,,,,,
LODO_without_LDK2,CNT,BaseVAE,2033,DeconvSC,100,LDK1;LDK3,2,100,pooled_centered,cellwise_log1p_cp10k,celltype_specific,average,6,0.0,0.008,0.0816196549837522,0.11233856597134742,0.7862172993962065,0.813078850308543,,,,,,,,,,,
LODO_without_LDK2,DCT,DeconvSC,2024,DeconvSC,100,LDK1;LDK3,2,163,pooled_centered,cellwise_log1p_cp10k,celltype_specific,average,4,0.0,0.018,0.018377703907261053,0.018760627503147952,0.33435987557865465,0.3048373145259776,,,,,,,,,,,
LODO_without_LDK2,DCT,BaseVAE,2024,DeconvSC,100,LDK1;LDK3,2,163,pooled_centered,cellwise_log1p_cp10k,celltype_specific,average,4,0.0,0.014,0.04718453141259838,0.03635066022013787,0.7898610111182884,0.7927332549705323,,,,,,,,,,,
LODO_without_LDK2,DCT,DeconvSC,2025,DeconvSC,100,LDK1;LDK3,2,163,pooled_centered,cellwise_log1p_cp10k,celltype_specific,average,4,0.0,0.018,0.0193979493129937,0.017797679383122964,0.3268444491636987,0.29453876029895626,,,,,,,,,,,
LODO_without_LDK2,DCT,BaseVAE,2025,DeconvSC,100,LDK1;LDK3,2,163,pooled_centered,cellwise_log1p_cp10k,celltype_specific,average,4,0.0,0.014,0.04713304189501273,0.03502919005585449,0.7720479196439437,0.7731750315208192,,,,,,,,,,,
LODO_without_LDK2,DCT,DeconvSC,2026,DeconvSC,100,LDK1;LDK3,2,163,pooled_centered,cellwise_log1p_cp10k,celltype_specific,average,4,0.0,0.018,0.019999042290489925,0.01931171364180398,0.3357476802210043,0.3051822464894701,,,,,,,,,,,
LODO_without_LDK2,DCT,BaseVAE,2026,DeconvSC,100,LDK1;LDK3,2,163,pooled_centered,cellwise_log1p_cp10k,celltype_specific,average,4,0.0,0.014,0.047884528450280364,0.03691553810280437,0.7868373981218597,0.7913188010043252,,,,,,,,,,,
LODO_without_LDK2,DCT,DeconvSC,2027,DeconvSC,100,LDK1;LDK3,2,163,pooled_centered,cellwise_log1p_cp10k,celltype_specific,average,4,0.0,0.018,0.01836236814166604,0.01845948334870876,0.3255801466151323,0.29812685700995634,,,,,,,,,,,
LODO_without_LDK2,DCT,BaseVAE,2027,DeconvSC,100,LDK1;LDK3,2,163,pooled_centered,cellwise_log1p_cp10k,celltype_specific,average,4,0.0,0.014,0.04603325122765548,0.0368477535304353,0.7730100199483833,0.7766496318319458,,,,,,,,,,,
LODO_without_LDK2,DCT,DeconvSC,2028,DeconvSC,100,LDK1;LDK3,2,163,pooled_centered,cellwise_log1p_cp10k,celltype_specific,average,4,0.0,0.018,0.019704844262665118,0.020050143963961382,0.3339745923527969,0.30369053620029907,,,,,,,,,,,
LODO_without_LDK2,DCT,BaseVAE,2028,DeconvSC,100,LDK1;LDK3,2,163,pooled_centered,cellwise_log1p_cp10k,celltype_specific,average,4,0.0,0.014,0.047103344185386656,0.03715855239759439,0.773983871782689,0.7772593931952901,,,,,,,,,,,
LODO_without_LDK2,DCT,DeconvSC,2029,DeconvSC,100,LDK1;LDK3,2,163,pooled_centered,cellwise_log1p_cp10k,celltype_specific,average,4,0.0,0.018,0.018755834209199705,0.018753802391393046,0.32405217696680344,0.29231817075020017,,,,,,,,,,,
LODO_without_LDK2,DCT,BaseVAE,2029,DeconvSC,100,LDK1;LDK3,2,163,pooled_centered,cellwise_log1p_cp10k,celltype_specific,average,4,0.0,0.014,0.04587448729412716,0.03599958806911723,0.7640254405425824,0.7645994708195223,,,,,,,,,,,
LODO_without_LDK2,DCT,DeconvSC,2030,DeconvSC,100,LDK1;LDK3,2,163,pooled_centered,cellwise_log1p_cp10k,celltype_specific,average,4,0.0,0.018,0.01774787527655152,0.017418105536034227,0.3194387105062319,0.29234162389723506,,,,,,,,,,,
LODO_without_LDK2,DCT,BaseVAE,2030,DeconvSC,100,LDK1;LDK3,2,163,pooled_centered,cellwise_log1p_cp10k,celltype_specific,average,4,0.0,0.014,0.045698446156793124,0.03457516743030706,0.7649149154597733,0.7669819284532722,,,,,,,,,,,
LODO_without_LDK2,DCT,DeconvSC,2031,DeconvSC,100,LDK1;LDK3,2,163,pooled_centered,cellwise_log1p_cp10k,celltype_specific,average,4,0.0,0.018,0.02124927598944431,0.021607814024971594,0.3575628724131982,0.3279040515396802,,,,,,,,,,,
LODO_without_LDK2,DCT,BaseVAE,2031,DeconvSC,100,LDK1;LDK3,2,163,pooled_centered,cellwise_log1p_cp10k,celltype_specific,average,4,0.0,0.014,0.049109671734492974,0.03912092365698899,0.8066980679670575,0.8099556695228958,,,,,,,,,,,
LODO_without_LDK2,DCT,DeconvSC,2032,DeconvSC,100,LDK1;LDK3,2,163,pooled_centered,cellwise_log1p_cp10k,celltype_specific,average,4,0.0,0.018,0.019124524498681947,0.018197028628769922,0.33356097377316296,0.3037260692072337,,,,,,,,,,,
LODO_without_LDK2,DCT,BaseVAE,2032,DeconvSC,100,LDK1;LDK3,2,163,pooled_centered,cellwise_log1p_cp10k,celltype_specific,average,4,0.0,0.014,0.04655461775010195,0.035828525461763364,0.7810177776480736,0.7838239510991714,,,,,,,,,,,
LODO_without_LDK2,DCT,DeconvSC,2033,DeconvSC,100,LDK1;LDK3,2,163,pooled_centered,cellwise_log1p_cp10k,celltype_specific,average,4,0.0,0.018,0.018845875069695053,0.01848690688085131,0.32917089046357717,0.2993908409445517,,,,,,,,,,,
LODO_without_LDK2,DCT,BaseVAE,2033,DeconvSC,100,LDK1;LDK3,2,163,pooled_centered,cellwise_log1p_cp10k,celltype_specific,average,4,0.0,0.014,0.04683190479558898,0.03556364988354718,0.7748937358456573,0.7760778106908945,,,,,,,,,,,
LODO_without_LDK2,MC,DeconvSC,2024,DeconvSC,100,LDK1;LDK3,2,132,pooled_centered,cellwise_log1p_cp10k,celltype_specific,average,6,0.0,0.072,0.019488623737412277,0.020956806423821528,0.2860305021421186,0.2553222853217008,,,,,,,,,,,
LODO_without_LDK2,MC,BaseVAE,2024,DeconvSC,100,LDK1;LDK3,2,132,pooled_centered,cellwise_log1p_cp10k,celltype_specific,average,6,0.0,0.078,0.056770099101990705,0.05695609914799375,0.7253730397059622,0.723489900766291,,,,,,,,,,,
LODO_without_LDK2,MC,DeconvSC,2025,DeconvSC,100,LDK1;LDK3,2,132,pooled_centered,cellwise_log1p_cp10k,celltype_specific,average,6,0.0,0.072,0.019819328372422024,0.020573288068844762,0.2949607468102522,0.26051707868428003,,,,,,,,,,,
LODO_without_LDK2,MC,BaseVAE,2025,DeconvSC,100,LDK1;LDK3,2,132,pooled_centered,cellwise_log1p_cp10k,celltype_specific,average,6,0.0,0.078,0.05677541242343651,0.05614930383966362,0.7280311277925317,0.7246112970553042,,,,,,,,,,,
LODO_without_LDK2,MC,DeconvSC,2026,DeconvSC,100,LDK1;LDK3,2,132,pooled_centered,cellwise_log1p_cp10k,celltype_specific,average,6,0.0,0.072,0.020130755961206174,0.020770499866892077,0.29552850528394736,0.26400974558991197,,,,,,,,,,,
LODO_without_LDK2,MC,BaseVAE,2026,DeconvSC,100,LDK1;LDK3,2,132,pooled_centered,cellwise_log1p_cp10k,celltype_specific,average,6,0.0,0.078,0.056083910265725345,0.05544516616669331,0.7234548573261358,0.7211616587756523,,,,,,,,,,,
LODO_without_LDK2,MC,DeconvSC,2027,DeconvSC,100,LDK1;LDK3,2,132,pooled_centered,cellwise_log1p_cp10k,celltype_specific,average,6,0.0,0.072,0.019246124909383745,0.02084535037943583,0.28922510653419214,0.2584809090296995,,,,,,,,,,,
LODO_without_LDK2,MC,BaseVAE,2027,DeconvSC,100,LDK1;LDK3,2,132,pooled_centered,cellwise_log1p_cp10k,celltype_specific,average,6,0.0,0.078,0.05683423899922583,0.05703470335655585,0.7283691045165277,0.7293257292011018,,,,,,,,,,,
LODO_without_LDK2,MC,DeconvSC,2028,DeconvSC,100,LDK1;LDK3,2,132,pooled_centered,cellwise_log1p_cp10k,celltype_specific,average,6,0.0,0.072,0.01923683930795886,0.020696689464913584,0.28597091092291643,0.2535882838819115,,,,,,,,,,,
LODO_without_LDK2,MC,BaseVAE,2028,DeconvSC,100,LDK1;LDK3,2,132,pooled_centered,cellwise_log1p_cp10k,celltype_specific,average,6,0.0,0.078,0.05761022190067816,0.056895783026776635,0.7362272412107843,0.7344686982550979,,,,,,,,,,,
LODO_without_LDK2,MC,DeconvSC,2029,DeconvSC,100,LDK1;LDK3,2,132,pooled_centered,cellwise_log1p_cp10k,celltype_specific,average,6,0.0,0.072,0.01934023477591759,0.02156570938396513,0.28819667649781716,0.2558940020924492,,,,,,,,,,,
LODO_without_LDK2,MC,BaseVAE,2029,DeconvSC,100,LDK1;LDK3,2,132,pooled_centered,cellwise_log1p_cp10k,celltype_specific,average,6,0.0,0.078,0.056997749563139265,0.05668194256110095,0.7316757296776529,0.7282642999830253,,,,,,,,,,,
LODO_without_LDK2,MC,DeconvSC,2030,DeconvSC,100,LDK1;LDK3,2,132,pooled_centered,cellwise_log1p_cp10k,celltype_specific,average,6,0.0,0.072,0.018491795321926574,0.019864736482016997,0.27614612701830027,0.24486587134183888,,,,,,,,,,,
LODO_without_LDK2,MC,BaseVAE,2030,DeconvSC,100,LDK1;LDK3,2,132,pooled_centered,cellwise_log1p_cp10k,celltype_specific,average,6,0.0,0.078,0.05668272494407004,0.05679821262603818,0.723689750911006,0.7198522996802884,,,,,,,,,,,
LODO_without_LDK2,MC,DeconvSC,2031,DeconvSC,100,LDK1;LDK3,2,132,pooled_centered,cellwise_log1p_cp10k,celltype_specific,average,6,0.0,0.072,0.01979496460756743,0.021229401029180674,0.2894468194645858,0.255478705007409,,,,,,,,,,,
LODO_without_LDK2,MC,BaseVAE,2031,DeconvSC,100,LDK1;LDK3,2,132,pooled_centered,cellwise_log1p_cp10k,celltype_specific,average,6,0.0,0.078,0.05762693575064421,0.05680034132169691,0.7311437926644923,0.7303606432948349,,,,,,,,,,,
LODO_without_LDK2,MC,DeconvSC,2032,DeconvSC,100,LDK1;LDK3,2,132,pooled_centered,cellwise_log1p_cp10k,celltype_specific,average,6,0.0,0.072,0.018546370192668717,0.020394909465882675,0.27972911022625085,0.2489543474880814,,,,,,,,,,,
LODO_without_LDK2,MC,BaseVAE,2032,DeconvSC,100,LDK1;LDK3,2,132,pooled_centered,cellwise_log1p_cp10k,celltype_specific,average,6,0.0,0.078,0.055393789569230856,0.05603930114063144,0.7139265804592679,0.7116571946396358,,,,,,,,,,,
LODO_without_LDK2,MC,DeconvSC,2033,DeconvSC,100,LDK1;LDK3,2,132,pooled_centered,cellwise_log1p_cp10k,celltype_specific,average,6,0.0,0.072,0.01989064139376995,0.02195915824239608,0.28730284664408606,0.25457266487200275,,,,,,,,,,,
LODO_without_LDK2,MC,BaseVAE,2033,DeconvSC,100,LDK1;LDK3,2,132,pooled_centered,cellwise_log1p_cp10k,celltype_specific,average,6,0.0,0.078,0.05721569369992801,0.057601708575670346,0.7329051945182959,0.7303812190580548,,,,,,,,,,,
LODO_without_LDK2,PT,DeconvSC,2024,DeconvSC,100,LDK1;LDK3,2,400,pooled_centered,cellwise_log1p_cp10k,celltype_specific,average,4,0.0,0.012,0.003773374333167275,0.00385994090964517,0.14819915881489673,0.12310572086181681,,,,,,,,,,,
LODO_without_LDK2,PT,BaseVAE,2024,DeconvSC,100,LDK1;LDK3,2,400,pooled_centered,cellwise_log1p_cp10k,celltype_specific,average,4,0.0,0.01,0.017334008075028075,0.017556726709154653,0.6476432139160837,0.5972657934809691,,,,,,,,,,,
LODO_without_LDK2,PT,DeconvSC,2025,DeconvSC,100,LDK1;LDK3,2,400,pooled_centered,cellwise_log1p_cp10k,celltype_specific,average,4,0.0,0.014,0.004149771432480501,0.003900392965816954,0.15882877713165708,0.13260593994964764,,,,,,,,,,,
LODO_without_LDK2,PT,BaseVAE,2025,DeconvSC,100,LDK1;LDK3,2,400,pooled_centered,cellwise_log1p_cp10k,celltype_specific,average,4,0.0,0.01,0.017682308047503502,0.017931961474451398,0.6533911206397949,0.6079525254890747,,,,,,,,,,,
LODO_without_LDK2,PT,DeconvSC,2026,DeconvSC,100,LDK1;LDK3,2,400,pooled_centered,cellwise_log1p_cp10k,celltype_specific,average,4,0.0,0.012,0.004189943738425793,0.004007265996833907,0.1574213306921946,0.13189045867026364,,,,,,,,,,,
LODO_without_LDK2,PT,BaseVAE,2026,DeconvSC,100,LDK1;LDK3,2,400,pooled_centered,cellwise_log1p_cp10k,celltype_specific,average,4,0.0,0.01,0.017642317550719357,0.01800294983274933,0.6560488614547185,0.6136038673160543,,,,,,,,,,,
LODO_without_LDK2,PT,DeconvSC,2027,DeconvSC,100,LDK1;LDK3,2,400,pooled_centered,cellwise_log1p_cp10k,celltype_specific,average,4,0.0,0.012,0.004088406779838204,0.004192915219182988,0.15780313845521515,0.13047883354434336,,,,,,,,,,,
LODO_without_LDK2,PT,BaseVAE,2027,DeconvSC,100,LDK1;LDK3,2,400,pooled_centered,cellwise_log1p_cp10k,celltype_specific,average,4,0.0,0.01,0.017616590514340745,0.01791866350701498,0.6543357494674693,0.6090205344885388,,,,,,,,,,,
LODO_without_LDK2,PT,DeconvSC,2028,DeconvSC,100,LDK1;LDK3,2,400,pooled_centered,cellwise_log1p_cp10k,celltype_specific,average,4,0.0,0.014,0.0038629941924130167,0.003941433284482454,0.1527042583411927,0.12762182981068343,,,,,,,,,,,
LODO_without_LDK2,PT,BaseVAE,2028,DeconvSC,100,LDK1;LDK3,2,400,pooled_centered,cellwise_log1p_cp10k,celltype_specific,average,4,0.0,0.01,0.01733002044641003,0.017836374443956676,0.6417191613269546,0.5903798177628985,,,,,,,,,,,
LODO_without_LDK2,PT,DeconvSC,2029,DeconvSC,100,LDK1;LDK3,2,400,pooled_centered,cellwise_log1p_cp10k,celltype_specific,average,4,0.0,0.012,0.004011944420283126,0.003934061880796501,0.15240122944418658,0.12656618120715815,,,,,,,,,,,
LODO_without_LDK2,PT,BaseVAE,2029,DeconvSC,100,LDK1;LDK3,2,400,pooled_centered,cellwise_log1p_cp10k,celltype_specific,average,4,0.0,0.01,0.01773373632104646,0.018054218646035666,0.6572522759511836,0.6135469627919832,,,,,,,,,,,
LODO_without_LDK2,PT,DeconvSC,2030,DeconvSC,100,LDK1;LDK3,2,400,pooled_centered,cellwise_log1p_cp10k,celltype_specific,average,4,0.0,0.014,0.0037368085943869814,0.003820799063975748,0.15030018349632815,0.12637991894919584,,,,,,,,,,,
LODO_without_LDK2,PT,BaseVAE,2030,DeconvSC,100,LDK1;LDK3,2,400,pooled_centered,cellwise_log1p_cp10k,celltype_specific,average,4,0.0,0.01,0.01784702381623809,0.018297342070002248,0.660081088537009,0.6154827281119962,,,,,,,,,,,
LODO_without_LDK2,PT,DeconvSC,2031,DeconvSC,100,LDK1;LDK3,2,400,pooled_centered,cellwise_log1p_cp10k,celltype_specific,average,4,0.0,0.012,0.004118467704187071,0.004216508975641993,0.15792565794225707,0.13222002532226912,,,,,,,,,,,
LODO_without_LDK2,PT,BaseVAE,2031,DeconvSC,100,LDK1;LDK3,2,400,pooled_centered,cellwise_log1p_cp10k,celltype_specific,average,4,0.0,0.01,0.01789695806741504,0.01810670144019902,0.6612139298498746,0.6182180946335838,,,,,,,,,,,
LODO_without_LDK2,PT,DeconvSC,2032,DeconvSC,100,LDK1;LDK3,2,400,pooled_centered,cellwise_log1p_cp10k,celltype_specific,average,4,0.0,0.012,0.0038904638938587538,0.004224050460731357,0.1532910845402133,0.1283194042135826,,,,,,,,,,,
LODO_without_LDK2,PT,BaseVAE,2032,DeconvSC,100,LDK1;LDK3,2,400,pooled_centered,cellwise_log1p_cp10k,celltype_specific,average,4,0.0,0.01,0.01740957050026575,0.017812059287884187,0.6495947127815526,0.5989604905793662,,,,,,,,,,,
LODO_without_LDK2,PT,DeconvSC,2033,DeconvSC,100,LDK1;LDK3,2,400,pooled_centered,cellwise_log1p_cp10k,celltype_specific,average,4,0.0,0.012,0.004037911795361653,0.004012757606467056,0.15346382699866695,0.12863168664745345,,,,,,,,,,,
LODO_without_LDK2,PT,BaseVAE,2033,DeconvSC,100,LDK1;LDK3,2,400,pooled_centered,cellwise_log1p_cp10k,celltype_specific,average,4,0.0,0.01,0.017602637589007163,0.017969027567497686,0.6549484614590373,0.6100494947646362,,,,,,,,,,,
LODO_without_LDK2,aLOH,DeconvSC,2024,DeconvSC,100,LDK1;LDK3,2,400,pooled_centered,cellwise_log1p_cp10k,celltype_specific,average,4,0.0,0.014,0.01984994271547203,0.01868533889373263,0.30438584040504585,0.2869796722843301,,,,,,,,,,,
LODO_without_LDK2,aLOH,BaseVAE,2024,DeconvSC,100,LDK1;LDK3,2,400,pooled_centered,cellwise_log1p_cp10k,celltype_specific,average,4,0.0,0.008,0.050350972500154106,0.037977490169879426,0.7354492555963588,0.7398076221966068,,,,,,,,,,,
LODO_without_LDK2,aLOH,DeconvSC,2025,DeconvSC,100,LDK1;LDK3,2,400,pooled_centered,cellwise_log1p_cp10k,celltype_specific,average,4,0.0,0.014,0.02178303004466192,0.020021715130564305,0.32035346688177385,0.3027391510425134,,,,,,,,,,,
LODO_without_LDK2,aLOH,BaseVAE,2025,DeconvSC,100,LDK1;LDK3,2,400,pooled_centered,cellwise_log1p_cp10k,celltype_specific,average,4,0.0,0.008,0.051380970314175906,0.03946477299614627,0.7399843275751317,0.7442189950775432,,,,,,,,,,,
LODO_without_LDK2,aLOH,DeconvSC,2026,DeconvSC,100,LDK1;LDK3,2,400,pooled_centered,cellwise_log1p_cp10k,celltype_specific,average,4,0.0,0.014,0.020097352141545514,0.019475775338988796,0.30809010864966857,0.29069020139484913,,,,,,,,,,,
LODO_without_LDK2,aLOH,BaseVAE,2026,DeconvSC,100,LDK1;LDK3,2,400,pooled_centered,cellwise_log1p_cp10k,celltype_specific,average,4,0.0,0.008,0.05046010709996098,0.03803588714836938,0.7341860681898641,0.7377630972837237,,,,,,,,,,,
LODO_without_LDK2,aLOH,DeconvSC,2027,DeconvSC,100,LDK1;LDK3,2,400,pooled_centered,cellwise_log1p_cp10k,celltype_specific,average,4,0.0,0.014,0.019507914843474573,0.01785118283641066,0.2978352163068424,0.2785560551113927,,,,,,,,,,,
LODO_without_LDK2,aLOH,BaseVAE,2027,DeconvSC,100,LDK1;LDK3,2,400,pooled_centered,cellwise_log1p_cp10k,celltype_specific,average,4,0.0,0.008,0.04968666456443432,0.037881240891419844,0.7286177739523683,0.7328984297745891,,,,,,,,,,,
LODO_without_LDK2,aLOH,DeconvSC,2028,DeconvSC,100,LDK1;LDK3,2,400,pooled_centered,cellwise_log1p_cp10k,celltype_specific,average,4,0.0,0.014,0.02165357370427052,0.020740892133349616,0.32389448953383204,0.3073459688401845,,,,,,,,,,,
LODO_without_LDK2,aLOH,BaseVAE,2028,DeconvSC,100,LDK1;LDK3,2,400,pooled_centered,cellwise_log1p_cp10k,celltype_specific,average,4,0.0,0.008,0.05152230117363937,0.039015614698158445,0.7423237095467259,0.7473970615110512,,,,,,,,,,,
LODO_without_LDK2,aLOH,DeconvSC,2029,DeconvSC,100,LDK1;LDK3,2,400,pooled_centered,cellwise_log1p_cp10k,celltype_specific,average,4,0.0,0.014,0.021585967020929745,0.020984144059506472,0.31656559395686057,0.2995419881869279,,,,,,,,,,,
LODO_without_LDK2,aLOH,BaseVAE,2029,DeconvSC,100,LDK1;LDK3,2,400,pooled_centered,cellwise_log1p_cp10k,celltype_specific,average,4,0.0,0.008,0.05158791162390937,0.03865858093900762,0.7425418048090519,0.7463434379587364,,,,,,,,,,,
LODO_without_LDK2,aLOH,DeconvSC,2030,DeconvSC,100,LDK1;LDK3,2,400,pooled_centered,cellwise_log1p_cp10k,celltype_specific,average,4,0.0,0.014,0.02002212814282541,0.017562030302146304,0.31346720654084115,0.29528158626404905,,,,,,,,,,,
LODO_without_LDK2,aLOH,BaseVAE,2030,DeconvSC,100,LDK1;LDK3,2,400,pooled_centered,cellwise_log1p_cp10k,celltype_specific,average,4,0.0,0.008,0.04995444959620673,0.03868085725538895,0.734143266864641,0.7380484237191884,,,,,,,,,,,
LODO_without_LDK2,aLOH,DeconvSC,2031,DeconvSC,100,LDK1;LDK3,2,400,pooled_centered,cellwise_log1p_cp10k,celltype_specific,average,4,0.0,0.014,0.02168374437551927,0.021126287397716565,0.3185184144173895,0.3033160299562702,,,,,,,,,,,
LODO_without_LDK2,aLOH,BaseVAE,2031,DeconvSC,100,LDK1;LDK3,2,400,pooled_centered,cellwise_log1p_cp10k,celltype_specific,average,4,0.0,0.008,0.05017031389252811,0.037710315415826284,0.7302494018667203,0.7328333056796001,,,,,,,,,,,
LODO_without_LDK2,aLOH,DeconvSC,2032,DeconvSC,100,LDK1;LDK3,2,400,pooled_centered,cellwise_log1p_cp10k,celltype_specific,average,4,0.0,0.014,0.019761504896085816,0.018001996209803677,0.30416475982989416,0.2874893725177227,,,,,,,,,,,
LODO_without_LDK2,aLOH,BaseVAE,2032,DeconvSC,100,LDK1;LDK3,2,400,pooled_centered,cellwise_log1p_cp10k,celltype_specific,average,4,0.0,0.008,0.04943177918957372,0.03731294553403648,0.72224994065091,0.7254916389877561,,,,,,,,,,,
LODO_without_LDK2,aLOH,DeconvSC,2033,DeconvSC,100,LDK1;LDK3,2,400,pooled_centered,cellwise_log1p_cp10k,celltype_specific,average,4,0.0,0.014,0.020986684721932203,0.019681246911510297,0.31248105933906567,0.29556017273399554,,,,,,,,,,,
LODO_without_LDK2,aLOH,BaseVAE,2033,DeconvSC,100,LDK1;LDK3,2,400,pooled_centered,cellwise_log1p_cp10k,celltype_specific,average,4,0.0,0.008,0.05057945942761534,0.03783971956192172,0.7334586587434335,0.7372434569915196,,,,,,,,,,,
LODO_without_LDK3,CD_PC,DeconvSC,2024,DeconvSC,100,LDK1;LDK2,2,226,pooled_centered,cellwise_log1p_cp10k,celltype_specific,average,4,0.0,0.024,0.012942182098041703,0.005210093941853902,0.31149548189565884,0.265695160484238,,,,,,,,,,,
LODO_without_LDK3,CD_PC,BaseVAE,2024,DeconvSC,100,LDK1;LDK2,2,226,pooled_centered,cellwise_log1p_cp10k,celltype_specific,average,4,0.0,0.02,0.029471471901522595,0.015595986643418585,0.7364903612270688,0.7080467044648331,,,,,,,,,,,
LODO_without_LDK3,CD_PC,DeconvSC,2025,DeconvSC,100,LDK1;LDK2,2,226,pooled_centered,cellwise_log1p_cp10k,celltype_specific,average,4,0.0,0.024,0.0126400019762978,0.005318118088963127,0.3099786011353846,0.265861181744735,,,,,,,,,,,
LODO_without_LDK3,CD_PC,BaseVAE,2025,DeconvSC,100,LDK1;LDK2,2,226,pooled_centered,cellwise_log1p_cp10k,celltype_specific,average,4,0.0,0.02,0.029910191491380144,0.015533814172755655,0.7413570381468353,0.7155068697718497,,,,,,,,,,,
LODO_without_LDK3,CD_PC,DeconvSC,2026,DeconvSC,100,LDK1;LDK2,2,226,pooled_centered,cellwise_log1p_cp10k,celltype_specific,average,4,0.0,0.024,0.012601148938895542,0.005154102178317223,0.3059222580135271,0.2608840719159138,,,,,,,,,,,
LODO_without_LDK3,CD_PC,BaseVAE,2026,DeconvSC,100,LDK1;LDK2,2,226,pooled_centered,cellwise_log1p_cp10k,celltype_specific,average,4,0.0,0.02,0.02960163311375218,0.01569903237183876,0.7390201892963724,0.7145622116768895,,,,,,,,,,,
LODO_without_LDK3,CD_PC,DeconvSC,2027,DeconvSC,100,LDK1;LDK2,2,226,pooled_centered,cellwise_log1p_cp10k,celltype_specific,average,4,0.0,0.024,0.012664529347541512,0.005266169595554199,0.3081625916498539,0.26587360369346424,,,,,,,,,,,
LODO_without_LDK3,CD_PC,BaseVAE,2027,DeconvSC,100,LDK1;LDK2,2,226,pooled_centered,cellwise_log1p_cp10k,celltype_specific,average,4,0.0,0.02,0.03002600797577864,0.015518191524124186,0.7391891828305476,0.7136051349514191,,,,,,,,,,,
LODO_without_LDK3,CD_PC,DeconvSC,2028,DeconvSC,100,LDK1;LDK2,2,226,pooled_centered,cellwise_log1p_cp10k,celltype_specific,average,4,0.0,0.024,0.012473045585777652,0.0050774021006738815,0.3060259368843624,0.26077184233855055,,,,,,,,,,,
LODO_without_LDK3,CD_PC,BaseVAE,2028,DeconvSC,100,LDK1;LDK2,2,226,pooled_centered,cellwise_log1p_cp10k,celltype_specific,average,4,0.0,0.02,0.030031902035084726,0.015400296501169523,0.7385705171085146,0.7147779747049843,,,,,,,,,,,
LODO_without_LDK3,CD_PC,DeconvSC,2029,DeconvSC,100,LDK1;LDK2,2,226,pooled_centered,cellwise_log1p_cp10k,celltype_specific,average,4,0.0,0.024,0.012500787647998638,0.005225515721761725,0.30829267168187763,0.2637447006173029,,,,,,,,,,,
LODO_without_LDK3,CD_PC,BaseVAE,2029,DeconvSC,100,LDK1;LDK2,2,226,pooled_centered,cellwise_log1p_cp10k,celltype_specific,average,4,0.0,0.02,0.029963280237060772,0.015831651404922327,0.7466888346243783,0.7206779588220128,,,,,,,,,,,
LODO_without_LDK3,CD_PC,DeconvSC,2030,DeconvSC,100,LDK1;LDK2,2,226,pooled_centered,cellwise_log1p_cp10k,celltype_specific,average,4,0.0,0.024,0.012625875247663693,0.005305260336448708,0.30696661806950165,0.2631254812779359,,,,,,,,,,,
LODO_without_LDK3,CD_PC,BaseVAE,2030,DeconvSC,100,LDK1;LDK2,2,226,pooled_centered,cellwise_log1p_cp10k,celltype_specific,average,4,0.0,0.02,0.029434885368430586,0.015424068141288536,0.7315154701145585,0.7022886921565736,,,,,,,,,,,
LODO_without_LDK3,CD_PC,DeconvSC,2031,DeconvSC,100,LDK1;LDK2,2,226,pooled_centered,cellwise_log1p_cp10k,celltype_specific,average,4,0.0,0.024,0.012356327348983424,0.0049697888897584155,0.29948820944020166,0.2563617927778106,,,,,,,,,,,
LODO_without_LDK3,CD_PC,BaseVAE,2031,DeconvSC,100,LDK1;LDK2,2,226,pooled_centered,cellwise_log1p_cp10k,celltype_specific,average,4,0.0,0.02,0.02941520528747426,0.01542216641686123,0.7309582616113103,0.705928579188929,,,,,,,,,,,
LODO_without_LDK3,CD_PC,DeconvSC,2032,DeconvSC,100,LDK1;LDK2,2,226,pooled_centered,cellwise_log1p_cp10k,celltype_specific,average,4,0.0,0.024,0.012514541306963303,0.005334958685096836,0.30692389709847906,0.25998354706575005,,,,,,,,,,,
LODO_without_LDK3,CD_PC,BaseVAE,2032,DeconvSC,100,LDK1;LDK2,2,226,pooled_centered,cellwise_log1p_cp10k,celltype_specific,average,4,0.0,0.02,0.02872671870485648,0.015666590712123236,0.7305181463325688,0.7026197055157132,,,,,,,,,,,
LODO_without_LDK3,CD_PC,DeconvSC,2033,DeconvSC,100,LDK1;LDK2,2,226,pooled_centered,cellwise_log1p_cp10k,celltype_specific,average,4,0.0,0.024,0.012445336276083527,0.005232497752656734,0.3072852482028471,0.2622471735341931,,,,,,,,,,,
LODO_without_LDK3,CD_PC,BaseVAE,2033,DeconvSC,100,LDK1;LDK2,2,226,pooled_centered,cellwise_log1p_cp10k,celltype_specific,average,4,0.0,0.02,0.029963187358086573,0.015517870382434027,0.7405782357080843,0.7138741466835896,,,,,,,,,,,
LODO_without_LDK3,CNT,DeconvSC,2024,DeconvSC,100,LDK1;LDK2,2,100,pooled_centered,cellwise_log1p_cp10k,celltype_specific,average,6,0.0,0.01,0.024066414986508803,0.024372743881086074,0.24088734155019642,0.21448946135925695,,,,,,,,,,,
LODO_without_LDK3,CNT,BaseVAE,2024,DeconvSC,100,LDK1;LDK2,2,100,pooled_centered,cellwise_log1p_cp10k,celltype_specific,average,6,0.0,0.008,0.08262338594765949,0.11111483946474902,0.7851757544335634,0.813027204862279,,,,,,,,,,,
LODO_without_LDK3,CNT,DeconvSC,2025,DeconvSC,100,LDK1;LDK2,2,100,pooled_centered,cellwise_log1p_cp10k,celltype_specific,average,6,0.0,0.01,0.02450658050879027,0.025309317111780694,0.2448205783400681,0.22007354631010012,,,,,,,,,,,
LODO_without_LDK3,CNT,BaseVAE,2025,DeconvSC,100,LDK1;LDK2,2,100,pooled_centered,cellwise_log1p_cp10k,celltype_specific,average,6,0.0,0.008,0.08299803859645277,0.11253411037277206,0.7884759811068066,0.8155593504817289,,,,,,,,,,,
LODO_without_LDK3,CNT,DeconvSC,2026,DeconvSC,100,LDK1;LDK2,2,100,pooled_centered,cellwise_log1p_cp10k,celltype_specific,average,6,0.0,0.01,0.02433399047542879,0.024584006000457317,0.2400741476167896,0.21568772550712337,,,,,,,,,,,
LODO_without_LDK3,CNT,BaseVAE,2026,DeconvSC,100,LDK1;LDK2,2,100,pooled_centered,cellwise_log1p_cp10k,celltype_specific,average,6,0.0,0.008,0.08383342544471213,0.11358872182515056,0.7936129247869607,0.8219001636649033,,,,,,,,,,,
LODO_without_LDK3,CNT,DeconvSC,2027,DeconvSC,100,LDK1;LDK2,2,100,pooled_centered,cellwise_log1p_cp10k,celltype_specific,average,6,0.0,0.01,0.024923268506237457,0.026822187653231643,0.2493777890986113,0.22649223667895413,,,,,,,,,,,
LODO_without_LDK3,CNT,BaseVAE,2027,DeconvSC,100,LDK1;LDK2,2,100,pooled_centered,cellwise_log1p_cp10k,celltype_specific,average,6,0.0,0.008,0.08399349766047469,0.11444438539671573,0.7952352420504479,0.8237571507834899,,,,,,,,,,,
LODO_without_LDK3,CNT,DeconvSC,2028,DeconvSC,100,LDK1;LDK2,2,100,pooled_centered,cellwise_log1p_cp10k,celltype_specific,average,6,0.0,0.01,0.025593401104708965,0.02804641872087532,0.25228991668897466,0.22669307262532198,,,,,,,,,,,
LODO_without_LDK3,CNT,BaseVAE,2028,DeconvSC,100,LDK1;LDK2,2,100,pooled_centered,cellwise_log1p_cp10k,celltype_specific,average,6,0.0,0.008,0.08490484551118242,0.11920238673504496,0.8064886199549299,0.8356292973813438,,,,,,,,,,,
LODO_without_LDK3,CNT,DeconvSC,2029,DeconvSC,100,LDK1;LDK2,2,100,pooled_centered,cellwise_log1p_cp10k,celltype_specific,average,6,0.0,0.01,0.023849663567545355,0.026061648799797915,0.24277715705722125,0.215347737939652,,,,,,,,,,,
LODO_without_LDK3,CNT,BaseVAE,2029,DeconvSC,100,LDK1;LDK2,2,100,pooled_centered,cellwise_log1p_cp10k,celltype_specific,average,6,0.0,0.008,0.08318255663645559,0.11783830085701653,0.7952097923599949,0.8216766602937645,,,,,,,,,,,
LODO_without_LDK3,CNT,DeconvSC,2030,DeconvSC,100,LDK1;LDK2,2,100,pooled_centered,cellwise_log1p_cp10k,celltype_specific,average,6,0.0,0.01,0.025130512905274936,0.02692420823985356,0.2506082513479424,0.22882939480909173,,,,,,,,,,,
LODO_without_LDK3,CNT,BaseVAE,2030,DeconvSC,100,LDK1;LDK2,2,100,pooled_centered,cellwise_log1p_cp10k,celltype_specific,average,6,0.0,0.008,0.08413888089528349,0.11689586463889665,0.8021631029107882,0.8317422656859653,,,,,,,,,,,
LODO_without_LDK3,CNT,DeconvSC,2031,DeconvSC,100,LDK1;LDK2,2,100,pooled_centered,cellwise_log1p_cp10k,celltype_specific,average,6,0.0,0.01,0.02567432919921318,0.029072745096166572,0.25551716349742176,0.2279556270772193,,,,,,,,,,,
LODO_without_LDK3,CNT,BaseVAE,2031,DeconvSC,100,LDK1;LDK2,2,100,pooled_centered,cellwise_log1p_cp10k,celltype_specific,average,6,0.0,0.008,0.08440616460622462,0.11790127407019776,0.8023101105329511,0.8303740704744943,,,,,,,,,,,
LODO_without_LDK3,CNT,DeconvSC,2032,DeconvSC,100,LDK1;LDK2,2,100,pooled_centered,cellwise_log1p_cp10k,celltype_specific,average,6,0.0,0.01,0.024010770731785407,0.028003516236097363,0.24280434239370063,0.21093279048849836,,,,,,,,,,,
LODO_without_LDK3,CNT,BaseVAE,2032,DeconvSC,100,LDK1;LDK2,2,100,pooled_centered,cellwise_log1p_cp10k,celltype_specific,average,6,0.0,0.008,0.08069494012406246,0.10906221852927026,0.771067265283636,0.7966410040997909,,,,,,,,,,,
LODO_without_LDK3,CNT,DeconvSC,2033,DeconvSC,100,LDK1;LDK2,2,100,pooled_centered,cellwise_log1p_cp10k,celltype_specific,average,6,0.0,0.01,0.023102016536487354,0.024096629292357938,0.23733172357950058,0.20957634783297666,,,,,,,,,,,
LODO_without_LDK3,CNT,BaseVAE,2033,DeconvSC,100,LDK1;LDK2,2,100,pooled_centered,cellwise_log1p_cp10k,celltype_specific,average,6,0.0,0.008,0.08201786430497032,0.11462273952292207,0.7872552265648777,0.8137261334161692,,,,,,,,,,,
LODO_without_LDK3,DCT,DeconvSC,2024,DeconvSC,100,LDK1;LDK2,2,164,pooled_centered,cellwise_log1p_cp10k,celltype_specific,average,4,0.0,0.018,0.017919668940063777,0.01808738885266744,0.324279369398597,0.2938564672994455,,,,,,,,,,,
LODO_without_LDK3,DCT,BaseVAE,2024,DeconvSC,100,LDK1;LDK2,2,164,pooled_centered,cellwise_log1p_cp10k,celltype_specific,average,4,0.0,0.014,0.04571181135291244,0.03541860566367667,0.7733623847637253,0.7781403001722893,,,,,,,,,,,
LODO_without_LDK3,DCT,DeconvSC,2025,DeconvSC,100,LDK1;LDK2,2,164,pooled_centered,cellwise_log1p_cp10k,celltype_specific,average,4,0.0,0.018,0.018128313618796684,0.017259241313290395,0.32188686810248035,0.2904661998023611,,,,,,,,,,,
LODO_without_LDK3,DCT,BaseVAE,2025,DeconvSC,100,LDK1;LDK2,2,164,pooled_centered,cellwise_log1p_cp10k,celltype_specific,average,4,0.0,0.014,0.046456548281342935,0.03379090808251792,0.7744072920779486,0.7774333268800531,,,,,,,,,,,
LODO_without_LDK3,DCT,DeconvSC,2026,DeconvSC,100,LDK1;LDK2,2,164,pooled_centered,cellwise_log1p_cp10k,celltype_specific,average,4,0.0,0.018,0.018244844533449378,0.01789366474280174,0.3156604435239974,0.2841504612407132,,,,,,,,,,,
LODO_without_LDK3,DCT,BaseVAE,2026,DeconvSC,100,LDK1;LDK2,2,164,pooled_centered,cellwise_log1p_cp10k,celltype_specific,average,4,0.0,0.014,0.04609944449574664,0.03461737638613892,0.7656316103856305,0.7694126643729503,,,,,,,,,,,
LODO_without_LDK3,DCT,DeconvSC,2027,DeconvSC,100,LDK1;LDK2,2,164,pooled_centered,cellwise_log1p_cp10k,celltype_specific,average,4,0.0,0.018,0.017683842447553534,0.01756913604898229,0.32460545354720227,0.29725880812055017,,,,,,,,,,,
LODO_without_LDK3,DCT,BaseVAE,2027,DeconvSC,100,LDK1;LDK2,2,164,pooled_centered,cellwise_log1p_cp10k,celltype_specific,average,4,0.0,0.014,0.046122523648991894,0.03568779913528493,0.7821769936328649,0.7869743064193295,,,,,,,,,,,
LODO_without_LDK3,DCT,DeconvSC,2028,DeconvSC,100,LDK1;LDK2,2,164,pooled_centered,cellwise_log1p_cp10k,celltype_specific,average,4,0.0,0.018,0.01770652132684716,0.01757919390345471,0.3219728087194801,0.29359401907723726,,,,,,,,,,,
LODO_without_LDK3,DCT,BaseVAE,2028,DeconvSC,100,LDK1;LDK2,2,164,pooled_centered,cellwise_log1p_cp10k,celltype_specific,average,4,0.0,0.014,0.04551600280452707,0.034321928136516675,0.7729950026173448,0.7773750133395246,,,,,,,,,,,
LODO_without_LDK3,DCT,DeconvSC,2029,DeconvSC,100,LDK1;LDK2,2,164,pooled_centered,cellwise_log1p_cp10k,celltype_specific,average,4,0.0,0.018,0.019284015738273017,0.019107717226863566,0.3292456652321848,0.30115437909564496,,,,,,,,,,,
LODO_without_LDK3,DCT,BaseVAE,2029,DeconvSC,100,LDK1;LDK2,2,164,pooled_centered,cellwise_log1p_cp10k,celltype_specific,average,4,0.0,0.014,0.046477002578698745,0.035587333039179415,0.7698679286866285,0.7725245771357832,,,,,,,,,,,
LODO_without_LDK3,DCT,DeconvSC,2030,DeconvSC,100,LDK1;LDK2,2,164,pooled_centered,cellwise_log1p_cp10k,celltype_specific,average,4,0.0,0.018,0.01807949176853297,0.017266161305677225,0.3239517362330043,0.2940430367089632,,,,,,,,,,,
LODO_without_LDK3,DCT,BaseVAE,2030,DeconvSC,100,LDK1;LDK2,2,164,pooled_centered,cellwise_log1p_cp10k,celltype_specific,average,4,0.0,0.014,0.04595352920759109,0.03381748112976747,0.7749122206336936,0.7766296181386908,,,,,,,,,,,
LODO_without_LDK3,DCT,DeconvSC,2031,DeconvSC,100,LDK1;LDK2,2,164,pooled_centered,cellwise_log1p_cp10k,celltype_specific,average,4,0.0,0.018,0.019715685701618364,0.01926675287447716,0.345231298631247,0.3169785310977923,,,,,,,,,,,
LODO_without_LDK3,DCT,BaseVAE,2031,DeconvSC,100,LDK1;LDK2,2,164,pooled_centered,cellwise_log1p_cp10k,celltype_specific,average,4,0.0,0.014,0.048295820769317266,0.03609039128301762,0.8025301181876717,0.8067755052450588,,,,,,,,,,,
LODO_without_LDK3,DCT,DeconvSC,2032,DeconvSC,100,LDK1;LDK2,2,164,pooled_centered,cellwise_log1p_cp10k,celltype_specific,average,4,0.0,0.018,0.019799830449138522,0.019543260490534887,0.33982386422525346,0.3139622057243563,,,,,,,,,,,
LODO_without_LDK3,DCT,BaseVAE,2032,DeconvSC,100,LDK1;LDK2,2,164,pooled_centered,cellwise_log1p_cp10k,celltype_specific,average,4,0.0,0.014,0.047801345430461245,0.03683435451902135,0.7944464531082465,0.8011128828609236,,,,,,,,,,,
LODO_without_LDK3,DCT,DeconvSC,2033,DeconvSC,100,LDK1;LDK2,2,164,pooled_centered,cellwise_log1p_cp10k,celltype_specific,average,4,0.0,0.018,0.019618764673072563,0.01962407932780316,0.3408070377847032,0.31705704513812544,,,,,,,,,,,
LODO_without_LDK3,DCT,BaseVAE,2033,DeconvSC,100,LDK1;LDK2,2,164,pooled_centered,cellwise_log1p_cp10k,celltype_specific,average,4,0.0,0.014,0.04768522077825927,0.0373142038800481,0.7931646212941605,0.7955453055224173,,,,,,,,,,,
LODO_without_LDK3,MC,DeconvSC,2024,DeconvSC,100,LDK1;LDK2,2,130,pooled_centered,cellwise_log1p_cp10k,celltype_specific,average,6,0.0,0.072,0.020371966773468555,0.02160551389922677,0.30308841672330233,0.2728470191063307,,,,,,,,,,,
LODO_without_LDK3,MC,BaseVAE,2024,DeconvSC,100,LDK1;LDK2,2,130,pooled_centered,cellwise_log1p_cp10k,celltype_specific,average,6,0.0,0.078,0.05656996490234839,0.05588286497846957,0.739283568403561,0.7380093483877701,,,,,,,,,,,
LODO_without_LDK3,MC,DeconvSC,2025,DeconvSC,100,LDK1;LDK2,2,130,pooled_centered,cellwise_log1p_cp10k,celltype_specific,average,6,0.0,0.072,0.01997601965024499,0.023189214796464224,0.3011384191723165,0.26732974472593907,,,,,,,,,,,
LODO_without_LDK3,MC,BaseVAE,2025,DeconvSC,100,LDK1;LDK2,2,130,pooled_centered,cellwise_log1p_cp10k,celltype_specific,average,6,0.0,0.078,0.057078030864052776,0.057191744422516975,0.7434802185095836,0.7392632180391209,,,,,,,,,,,
LODO_without_LDK3,MC,DeconvSC,2026,DeconvSC,100,LDK1;LDK2,2,130,pooled_centered,cellwise_log1p_cp10k,celltype_specific,average,6,0.0,0.072,0.02148196131247265,0.02438350499927919,0.3081455576010328,0.2753013661273666,,,,,,,,,,,
LODO_without_LDK3,MC,BaseVAE,2026,DeconvSC,100,LDK1;LDK2,2,130,pooled_centered,cellwise_log1p_cp10k,celltype_specific,average,6,0.0,0.078,0.05709263975324583,0.05706431821143327,0.7410233186022198,0.7390325589927759,,,,,,,,,,,
LODO_without_LDK3,MC,DeconvSC,2027,DeconvSC,100,LDK1;LDK2,2,130,pooled_centered,cellwise_log1p_cp10k,celltype_specific,average,6,0.0,0.072,0.01961057743602096,0.021525568969972656,0.29545754578620925,0.2666503860980466,,,,,,,,,,,
LODO_without_LDK3,MC,BaseVAE,2027,DeconvSC,100,LDK1;LDK2,2,130,pooled_centered,cellwise_log1p_cp10k,celltype_specific,average,6,0.0,0.078,0.05814230996098175,0.058979392832854124,0.7537034618645971,0.7514266432532941,,,,,,,,,,,
LODO_without_LDK3,MC,DeconvSC,2028,DeconvSC,100,LDK1;LDK2,2,130,pooled_centered,cellwise_log1p_cp10k,celltype_specific,average,6,0.0,0.072,0.019377431640877203,0.02043881099157467,0.2972797183321542,0.26683709324825483,,,,,,,,,,,
LODO_without_LDK3,MC,BaseVAE,2028,DeconvSC,100,LDK1;LDK2,2,130,pooled_centered,cellwise_log1p_cp10k,celltype_specific,average,6,0.0,0.078,0.057262143902332564,0.057819560161081876,0.7536268260589113,0.7475313311353761,,,,,,,,,,,
LODO_without_LDK3,MC,DeconvSC,2029,DeconvSC,100,LDK1;LDK2,2,130,pooled_centered,cellwise_log1p_cp10k,celltype_specific,average,6,0.0,0.072,0.02143823629611043,0.023590108501904152,0.30970802298865113,0.2756145878922344,,,,,,,,,,,
LODO_without_LDK3,MC,BaseVAE,2029,DeconvSC,100,LDK1;LDK2,2,130,pooled_centered,cellwise_log1p_cp10k,celltype_specific,average,6,0.0,0.078,0.05940326251059661,0.05865998869663492,0.7641398655013137,0.7593107803609854,,,,,,,,,,,
LODO_without_LDK3,MC,DeconvSC,2030,DeconvSC,100,LDK1;LDK2,2,130,pooled_centered,cellwise_log1p_cp10k,celltype_specific,average,6,0.0,0.072,0.020532358322301682,0.023570435739498574,0.2989208421546769,0.2681877366362228,,,,,,,,,,,
LODO_without_LDK3,MC,BaseVAE,2030,DeconvSC,100,LDK1;LDK2,2,130,pooled_centered,cellwise_log1p_cp10k,celltype_specific,average,6,0.0,0.078,0.05576520188181284,0.05518605851824338,0.7249533834662204,0.7208121614028444,,,,,,,,,,,
LODO_without_LDK3,MC,DeconvSC,2031,DeconvSC,100,LDK1;LDK2,2,130,pooled_centered,cellwise_log1p_cp10k,celltype_specific,average,6,0.0,0.072,0.02084822714548513,0.024162713727439798,0.30314555127732207,0.27194407772706536,,,,,,,,,,,
LODO_without_LDK3,MC,BaseVAE,2031,DeconvSC,100,LDK1;LDK2,2,130,pooled_centered,cellwise_log1p_cp10k,celltype_specific,average,6,0.0,0.078,0.05602316046083274,0.05487772632492306,0.7260118365205234,0.7215345415468786,,,,,,,,,,,
LODO_without_LDK3,MC,DeconvSC,2032,DeconvSC,100,LDK1;LDK2,2,130,pooled_centered,cellwise_log1p_cp10k,celltype_specific,average,6,0.0,0.072,0.020421203262287427,0.02298104764104237,0.30234472261163214,0.2713305761002238,,,,,,,,,,,
LODO_without_LDK3,MC,BaseVAE,2032,DeconvSC,100,LDK1;LDK2,2,130,pooled_centered,cellwise_log1p_cp10k,celltype_specific,average,6,0.0,0.078,0.055855311636012116,0.056020316012715114,0.7314268258482938,0.7277469874421459,,,,,,,,,,,
LODO_without_LDK3,MC,DeconvSC,2033,DeconvSC,100,LDK1;LDK2,2,130,pooled_centered,cellwise_log1p_cp10k,celltype_specific,average,6,0.0,0.072,0.020704888219173018,0.02272573600808292,0.30035670420993804,0.2707329028629281,,,,,,,,,,,
LODO_without_LDK3,MC,BaseVAE,2033,DeconvSC,100,LDK1;LDK2,2,130,pooled_centered,cellwise_log1p_cp10k,celltype_specific,average,6,0.0,0.078,0.05858935800493143,0.059385726550122434,0.7554793893184318,0.7507964757179312,,,,,,,,,,,
LODO_without_LDK3,PT,DeconvSC,2024,DeconvSC,100,LDK1;LDK2,2,400,pooled_centered,cellwise_log1p_cp10k,celltype_specific,average,4,0.0,0.014,0.0038411079441449526,0.0037446009008084875,0.14942649435618693,0.12505578667944306,,,,,,,,,,,
LODO_without_LDK3,PT,BaseVAE,2024,DeconvSC,100,LDK1;LDK2,2,400,pooled_centered,cellwise_log1p_cp10k,celltype_specific,average,4,0.0,0.01,0.017348342010089734,0.017771099008694995,0.6452485761499774,0.5953574217646348,,,,,,,,,,,
LODO_without_LDK3,PT,DeconvSC,2025,DeconvSC,100,LDK1;LDK2,2,400,pooled_centered,cellwise_log1p_cp10k,celltype_specific,average,4,0.0,0.014,0.004095083306480814,0.004049372457973866,0.1560598442135691,0.13075774943304092,,,,,,,,,,,
LODO_without_LDK3,PT,BaseVAE,2025,DeconvSC,100,LDK1;LDK2,2,400,pooled_centered,cellwise_log1p_cp10k,celltype_specific,average,4,0.0,0.01,0.017557922628039978,0.01783988013609451,0.6520154542103872,0.6058524430764558,,,,,,,,,,,
LODO_without_LDK3,PT,DeconvSC,2026,DeconvSC,100,LDK1;LDK2,2,400,pooled_centered,cellwise_log1p_cp10k,celltype_specific,average,4,0.0,0.014,0.004029904078533908,0.0038097790928601828,0.1535467871299579,0.12996685255763057,,,,,,,,,,,
LODO_without_LDK3,PT,BaseVAE,2026,DeconvSC,100,LDK1;LDK2,2,400,pooled_centered,cellwise_log1p_cp10k,celltype_specific,average,4,0.0,0.01,0.01761696185451079,0.018002818138868063,0.6545857906470183,0.6087704585966598,,,,,,,,,,,
LODO_without_LDK3,PT,DeconvSC,2027,DeconvSC,100,LDK1;LDK2,2,400,pooled_centered,cellwise_log1p_cp10k,celltype_specific,average,4,0.0,0.014,0.004049804348116225,0.004050320276479388,0.1574674087464026,0.13279745421393424,,,,,,,,,,,
LODO_without_LDK3,PT,BaseVAE,2027,DeconvSC,100,LDK1;LDK2,2,400,pooled_centered,cellwise_log1p_cp10k,celltype_specific,average,4,0.0,0.01,0.01714959362084706,0.017627065220680808,0.6414571852961332,0.5918066016521112,,,,,,,,,,,
LODO_without_LDK3,PT,DeconvSC,2028,DeconvSC,100,LDK1;LDK2,2,400,pooled_centered,cellwise_log1p_cp10k,celltype_specific,average,4,0.0,0.014,0.0038546772128835657,0.003814877137167603,0.14917448746709852,0.12458159249201484,,,,,,,,,,,
LODO_without_LDK3,PT,BaseVAE,2028,DeconvSC,100,LDK1;LDK2,2,400,pooled_centered,cellwise_log1p_cp10k,celltype_specific,average,4,0.0,0.01,0.01787333191221388,0.01819989464810252,0.6570368890677275,0.6115586610807899,,,,,,,,,,,
LODO_without_LDK3,PT,DeconvSC,2029,DeconvSC,100,LDK1;LDK2,2,400,pooled_centered,cellwise_log1p_cp10k,celltype_specific,average,4,0.0,0.014,0.0037030938224169824,0.0036695712451325266,0.14301917093950517,0.11839316740500805,,,,,,,,,,,
LODO_without_LDK3,PT,BaseVAE,2029,DeconvSC,100,LDK1;LDK2,2,400,pooled_centered,cellwise_log1p_cp10k,celltype_specific,average,4,0.0,0.01,0.01789169330423564,0.018248207289251757,0.6620709962560669,0.6152221301224516,,,,,,,,,,,
LODO_without_LDK3,PT,DeconvSC,2030,DeconvSC,100,LDK1;LDK2,2,400,pooled_centered,cellwise_log1p_cp10k,celltype_specific,average,4,0.0,0.014,0.0037301549567900494,0.0036203400550692995,0.14648109685790128,0.12282597984251889,,,,,,,,,,,
LODO_without_LDK3,PT,BaseVAE,2030,DeconvSC,100,LDK1;LDK2,2,400,pooled_centered,cellwise_log1p_cp10k,celltype_specific,average,4,0.0,0.01,0.017386443198925617,0.017847416398418536,0.6470861418625385,0.5978093408473788,,,,,,,,,,,
LODO_without_LDK3,PT,DeconvSC,2031,DeconvSC,100,LDK1;LDK2,2,400,pooled_centered,cellwise_log1p_cp10k,celltype_specific,average,4,0.0,0.014,0.00390705159184786,0.0038813704212332283,0.15112577975697541,0.12718446697120725,,,,,,,,,,,
LODO_without_LDK3,PT,BaseVAE,2031,DeconvSC,100,LDK1;LDK2,2,400,pooled_centered,cellwise_log1p_cp10k,celltype_specific,average,4,0.0,0.01,0.017805653408892567,0.018024992689770553,0.6608733827796911,0.6163736911581226,,,,,,,,,,,
LODO_without_LDK3,PT,DeconvSC,2032,DeconvSC,100,LDK1;LDK2,2,400,pooled_centered,cellwise_log1p_cp10k,celltype_specific,average,4,0.0,0.014,0.0038819422809393085,0.003941473970789568,0.15039853211247725,0.12688356997078168,,,,,,,,,,,
LODO_without_LDK3,PT,BaseVAE,2032,DeconvSC,100,LDK1;LDK2,2,400,pooled_centered,cellwise_log1p_cp10k,celltype_specific,average,4,0.0,0.01,0.01737206671805349,0.017699359315532143,0.6483923806313184,0.6003358895019808,,,,,,,,,,,
LODO_without_LDK3,PT,DeconvSC,2033,DeconvSC,100,LDK1;LDK2,2,400,pooled_centered,cellwise_log1p_cp10k,celltype_specific,average,4,0.0,0.014,0.003906616069858521,0.0038156088541009677,0.14905454633883186,0.12529967200452563,,,,,,,,,,,
LODO_without_LDK3,PT,BaseVAE,2033,DeconvSC,100,LDK1;LDK2,2,400,pooled_centered,cellwise_log1p_cp10k,celltype_specific,average,4,0.0,0.01,0.017192179373928747,0.017731415468890656,0.6430207019207882,0.592852537871674,,,,,,,,,,,
LODO_without_LDK3,aLOH,DeconvSC,2024,DeconvSC,100,LDK1;LDK2,2,400,pooled_centered,cellwise_log1p_cp10k,celltype_specific,average,4,0.0,0.014,0.020565362154370704,0.020291661519883354,0.3157204137483383,0.2966436424963702,,,,,,,,,,,
LODO_without_LDK3,aLOH,BaseVAE,2024,DeconvSC,100,LDK1;LDK2,2,400,pooled_centered,cellwise_log1p_cp10k,celltype_specific,average,4,0.0,0.008,0.05106601743642798,0.03732148815005727,0.74251152416978,0.7476008300330694,,,,,,,,,,,
LODO_without_LDK3,aLOH,DeconvSC,2025,DeconvSC,100,LDK1;LDK2,2,400,pooled_centered,cellwise_log1p_cp10k,celltype_specific,average,4,0.0,0.014,0.023106500411175925,0.022053515828882743,0.3350529389861476,0.3187115517420135,,,,,,,,,,,
LODO_without_LDK3,aLOH,BaseVAE,2025,DeconvSC,100,LDK1;LDK2,2,400,pooled_centered,cellwise_log1p_cp10k,celltype_specific,average,4,0.0,0.008,0.05234661056648305,0.03845299450988379,0.7507993348508242,0.7554990758379451,,,,,,,,,,,
LODO_without_LDK3,aLOH,DeconvSC,2026,DeconvSC,100,LDK1;LDK2,2,400,pooled_centered,cellwise_log1p_cp10k,celltype_specific,average,4,0.0,0.014,0.02196790541458569,0.021312001058614645,0.32175986670609225,0.30668143367844947,,,,,,,,,,,
LODO_without_LDK3,aLOH,BaseVAE,2026,DeconvSC,100,LDK1;LDK2,2,400,pooled_centered,cellwise_log1p_cp10k,celltype_specific,average,4,0.0,0.008,0.0515288936817134,0.037568270267498545,0.7421493384857081,0.7478736859620138,,,,,,,,,,,
LODO_without_LDK3,aLOH,DeconvSC,2027,DeconvSC,100,LDK1;LDK2,2,400,pooled_centered,cellwise_log1p_cp10k,celltype_specific,average,4,0.0,0.014,0.019572484962987625,0.01909364903356235,0.2926119743896875,0.2721643862275283,,,,,,,,,,,
LODO_without_LDK3,aLOH,BaseVAE,2027,DeconvSC,100,LDK1;LDK2,2,400,pooled_centered,cellwise_log1p_cp10k,celltype_specific,average,4,0.0,0.008,0.04971820958013672,0.036137239682062006,0.727722362498215,0.7331891819349525,,,,,,,,,,,
LODO_without_LDK3,aLOH,DeconvSC,2028,DeconvSC,100,LDK1;LDK2,2,400,pooled_centered,cellwise_log1p_cp10k,celltype_specific,average,4,0.0,0.014,0.02166780246995356,0.0217975190204384,0.32614360148024457,0.3076856023232775,,,,,,,,,,,
LODO_without_LDK3,aLOH,BaseVAE,2028,DeconvSC,100,LDK1;LDK2,2,400,pooled_centered,cellwise_log1p_cp10k,celltype_specific,average,4,0.0,0.008,0.05184024147135418,0.037789640461997835,0.7480711225432521,0.7534562099915544,,,,,,,,,,,
LODO_without_LDK3,aLOH,DeconvSC,2029,DeconvSC,100,LDK1;LDK2,2,400,pooled_centered,cellwise_log1p_cp10k,celltype_specific,average,4,0.0,0.014,0.02199140073636576,0.02095709581292489,0.32265139922625163,0.30602851769420364,,,,,,,,,,,
LODO_without_LDK3,aLOH,BaseVAE,2029,DeconvSC,100,LDK1;LDK2,2,400,pooled_centered,cellwise_log1p_cp10k,celltype_specific,average,4,0.0,0.008,0.05113722189961333,0.03718101245000319,0.7422818733813427,0.7475486473181356,,,,,,,,,,,
LODO_without_LDK3,aLOH,DeconvSC,2030,DeconvSC,100,LDK1;LDK2,2,400,pooled_centered,cellwise_log1p_cp10k,celltype_specific,average,4,0.0,0.014,0.022446635459303345,0.02098530383346114,0.3312098773379919,0.3125842010317932,,,,,,,,,,,
LODO_without_LDK3,aLOH,BaseVAE,2030,DeconvSC,100,LDK1;LDK2,2,400,pooled_centered,cellwise_log1p_cp10k,celltype_specific,average,4,0.0,0.008,0.05219327044491873,0.03754194228004821,0.7459480454193819,0.7521771946348027,,,,,,,,,,,
LODO_without_LDK3,aLOH,DeconvSC,2031,DeconvSC,100,LDK1;LDK2,2,400,pooled_centered,cellwise_log1p_cp10k,celltype_specific,average,4,0.0,0.014,0.020230837580234605,0.018438780968250863,0.30707841971593497,0.2886381776215295,,,,,,,,,,,
LODO_without_LDK3,aLOH,BaseVAE,2031,DeconvSC,100,LDK1;LDK2,2,400,pooled_centered,cellwise_log1p_cp10k,celltype_specific,average,4,0.0,0.008,0.05026368596489201,0.03533591087492512,0.731293187005903,0.7367481936084175,,,,,,,,,,,
LODO_without_LDK3,aLOH,DeconvSC,2032,DeconvSC,100,LDK1;LDK2,2,400,pooled_centered,cellwise_log1p_cp10k,celltype_specific,average,4,0.0,0.014,0.021701837244042836,0.02153852500502965,0.3277743848433856,0.3107333111090592,,,,,,,,,,,
LODO_without_LDK3,aLOH,BaseVAE,2032,DeconvSC,100,LDK1;LDK2,2,400,pooled_centered,cellwise_log1p_cp10k,celltype_specific,average,4,0.0,0.008,0.050852117817948204,0.036668159244017964,0.7360473150516222,0.7419641554500299,,,,,,,,,,,
LODO_without_LDK3,aLOH,DeconvSC,2033,DeconvSC,100,LDK1;LDK2,2,400,pooled_centered,cellwise_log1p_cp10k,celltype_specific,average,4,0.0,0.014,0.01944975346466585,0.019248096584018208,0.2982781094974133,0.2826933605769968,,,,,,,,,,,
LODO_without_LDK3,aLOH,BaseVAE,2033,DeconvSC,100,LDK1;LDK2,2,400,pooled_centered,cellwise_log1p_cp10k,celltype_specific,average,4,0.0,0.008,0.05056798480505183,0.036306097302139906,0.7373629612480923,0.7424697398716651,,,,,,,,,,,
