cell_type,gene,rank,median_within_donor_variance,median_detection_fraction,profile_stability_leave_one_donor_out,mean_top20_abs_consensus_edge,selection_score
CD_PC,Hsd11b2,1,2.4294450283050537,0.7589173121960007,0.7288014893018213,0.19880987731606575,0.1448929346758611
CD_PC,Aqp2,2,2.82938814163208,0.8032576712904582,0.6756491343315632,0.19114039627620025,0.12914384327980663
CD_PC,Fxyd4,3,2.5399928092956543,0.8007295821960949,0.6570474668162467,0.18627042090394774,0.1223885081977349
CD_PC,Aqp3,4,1.682438850402832,0.7206855644355644,0.6039789406671692,0.17806822977345457,0.10754946078504916
CD_PC,Ldhb,5,1.6264147758483887,0.8381613263785395,0.6213231089510582,0.16400037318179153,0.10189722173444447
CD_PC,Pdzk1ip1,6,1.6115131378173828,0.8501769746646797,0.5864287145042699,0.16653887170000276,0.09766317644602415
CD_PC,Defb1,7,1.9173810482025146,0.7546727521112766,0.5956521392650851,0.15820253497608533,0.09423367839566467
CD_PC,Tmem213,8,1.3768819570541382,0.6619318181818181,0.6213940489024503,0.1449990367166024,0.09010153851228461
CD_PC,Nudt4,9,1.5880428552627563,0.6487179487179486,0.5731399062781433,0.15679002031417583,0.08986261754821491
CD_PC,Tmem52b,10,1.4387223720550537,0.28252997002997005,0.6547867385538186,0.13280139092377893,0.0869565896383919
CD_PC,Rpl13,11,1.0023903846740723,0.8346994535519126,0.6040499961740162,0.14000990715963593,0.08457298388410245
CD_PC,Gstm1,12,0.957554280757904,0.35764235764235763,0.7278213113055501,0.11589839468745958,0.08435332159963503
CD_PC,Calb1,13,1.5702143907546997,0.39657164869029277,0.6241717696144355,0.13329118066688267,0.0831965921108456
CD_PC,Car2,14,1.5716603994369507,0.5799421407907426,0.5062638027810638,0.1561547364840715,0.07905549071470096
CD_PC,Akr1b3,15,0.9629175662994385,0.20815508021390375,0.6938836809084241,0.11274834945233203,0.07823423973433345
CD_PC,Kcne1,16,1.1381237506866455,0.2677595628415301,0.6006642229893242,0.12741767593009784,0.07653523930765774
CD_PC,Rhcg,17,1.4268678426742554,0.524636736214605,0.5611348340038159,0.13524797694879034,0.0758923510945114
CD_PC,Rps19,18,1.0110845565795898,0.8657899477571609,0.5923758712267164,0.12732829747629573,0.0754262111493352
CD_PC,S100a11,19,1.1209986209869385,0.7558681073025335,0.5829613951651481,0.12592379838820955,0.07340871319288547
CD_PC,Atp6v1f,20,1.108457326889038,0.8164120715350224,0.4997247632725945,0.1373242638939498,0.06862433526598737
CD_PC,Scnn1b,21,1.4567816257476807,0.44487179487179485,0.5379976384467489,0.12679571891214142,0.06821579733988986
CD_PC,Rps5,22,1.0023810863494873,0.7217668488160291,0.5581884711785718,0.12061346760660119,0.06732504708687491
CD_PC,Rpl9,23,1.092230200767517,0.7438444230151077,0.5303708302740336,0.12354396353792152,0.06552411451695238
CD_PC,Cdh16,24,1.7754464149475098,0.773224043715847,0.47133251881091043,0.13557912902841543,0.06390285238315246
CD_PC,Chchd10,25,1.0463643074035645,0.8027777777777778,0.4676907854933283,0.13582026109373843,0.06352188459683947
CD_PC,Rps23,26,1.1564559936523438,0.788023679417122,0.5246641006585322,0.12048957251888356,0.06321655320435104
CD_PC,Ndrg1,27,1.3243002891540527,0.5792349726775956,0.4878833766607359,0.12768322863078482,0.062294524727332046
CD_PC,Cystm1,28,1.3713791370391846,0.8383624572149162,0.42711352433448,0.1448900917589015,0.06188451773229062
CD_PC,Serinc3,29,1.5802773237228394,0.7312439729990357,0.42398627918793463,0.14572724742814497,0.061786353413358704
CD_PC,S100a1,30,1.2427117824554443,0.7876498501498501,0.4890020950560597,0.1258947507293635,0.06156279686321916
CD_PC,Tfcp2l1,31,1.3973181247711182,0.5329187778289575,0.49049993479037657,0.12437098763969776,0.06100396132708648
CD_PC,Gstt1,32,1.125978946685791,0.5243107302533532,0.4460660206855814,0.1367245089181774,0.06098815762332167
CD_PC,Ivns1abp,33,1.4415265321731567,0.5574660633484163,0.5049211918145114,0.11704217931498095,0.059097076672287946
CD_PC,Rpl19,34,1.1008769273757935,0.712484237074401,0.5213202200457556,0.11213474735783133,0.05845811116735984
CD_PC,Rpl13a,35,1.0975127220153809,0.8214418777943369,0.5150761521033742,0.11331646177211137,0.058366607099548225
CD_PC,Rps16,36,1.0335464477539062,0.73816029143898,0.48785584697990614,0.11802651063638725,0.057579923312597606
CD_PC,Rpl27a,37,1.093459129333496,0.7380832282471628,0.4989063468575701,0.114554963640871,0.057152198424468725
CD_PC,Rpl14,38,1.137600302696228,0.7798269581056466,0.4872020670535464,0.11698162627196526,0.05699369012698693
CD_PC,Rps11,39,1.1631953716278076,0.7190656565656566,0.5110493679259165,0.10998487415352301,0.0562077004175694
CD_PC,Lgals3,40,1.1949636936187744,0.7752525252525253,0.386742229580763,0.14468284976181184,0.055954967898981675
CD_PC,Rpl17,41,1.1306021213531494,0.6827238335435057,0.472287691313215,0.11759928380900009,0.0555406942502402
CD_PC,Rps3,42,1.1148507595062256,0.6820044709388972,0.45358054074325094,0.1214515912425713,0.05508807842993377
CD_PC,S100g,43,2.0538060665130615,0.2891042780748663,0.49625618183835685,0.1098097015422641,0.05449374321617351
CD_PC,Rps2,44,1.2089426517486572,0.6316685190330648,0.49877986195564084,0.10900862461353766,0.054371306736714586
CD_PC,Rps15a,45,1.040050745010376,0.6378539493293591,0.45804777198828983,0.11578928159082114,0.05303702245280033
CD_PC,Rps13,46,1.0906133651733398,0.5891130727196301,0.4671443913940809,0.11348839737058454,0.05301546831997133
CD_PC,Fau,47,1.0338478088378906,0.7795992714025501,0.43975889015208464,0.12039817764913834,0.0529461689793186
CD_PC,Rps26,48,1.0824544429779053,0.6012481371087929,0.5072975739209,0.10389677161096826,0.05270658017645804
CD_PC,Tmsb4x,49,1.330265998840332,0.8911713286713286,0.3603435951405437,0.14593586770877667,0.05258705523013537
CD_PC,Rplp0,50,1.2329432964324951,0.62040381587478,0.4850264966390606,0.10827960776801457,0.05251847881317172
CD_PC,Cryab,51,1.6963409185409546,0.5445230998509687,0.4801319250266741,0.10862578240852513,0.052154706015333806
CD_PC,Rps7,52,1.1881306171417236,0.6412587412587413,0.45321627805216574,0.11434635089204426,0.05182362756013924
CD_PC,Epcam,53,1.135453462600708,0.6032786885245902,0.4697791493422944,0.10970284666247258,0.051536109985524534
CD_PC,Rplp2,54,1.1253139972686768,0.6876862891207154,0.45568640969747143,0.11167441981645398,0.05088851542120807
CD_PC,Rps9,55,1.0328094959259033,0.7185792349726776,0.44682574987090645,0.11383792312149595,0.05086571536250903
CD_PC,Rps3a1,56,1.0301324129104614,0.6592771982116244,0.4627737205312751,0.10987688921612707,0.050848136822949856
CD_PC,Mcoln3,57,1.0899763107299805,0.25324283559577676,0.46223945106496916,0.10928055871571207,0.05051378547282388
CD_PC,Rpl32,58,0.9869120121002197,0.8166666666666667,0.44418763968677943,0.11349401984218374,0.05041264079226411
CD_PC,Igfbp7,59,1.827067255973816,0.8189269746646797,0.4102325431685997,0.12251816462274576,0.050260938257538156
CD_PC,Rpl3,60,1.20088529586792,0.6667309546769528,0.4405756920514571,0.11386038080474507,0.050164116070293
CD_PC,Rps24,61,1.1177678108215332,0.7103825136612022,0.47750608670304484,0.10484282236248026,0.05006308582521043
CD_PC,Kcnj1,62,0.9685496091842651,0.392200695479384,0.40606896492006606,0.12106013897182799,0.049158765325369544
CD_PC,Rps14,63,1.134265422821045,0.831439393939394,0.4298759316055575,0.11418776718201591,0.04908657279532759
CD_PC,Rps4x,64,1.2428724765777588,0.6271423248882265,0.45797762177506357,0.1071457627778715,0.04907036162028472
CD_PC,Rps8,65,1.018383502960205,0.7677595628415301,0.4324423592276231,0.11183614944660862,0.04836268831362447
CD_PC,Rpl21,66,0.969883918762207,0.7192622950819672,0.42184867787767855,0.11445144738206652,0.048281191759311455
CD_PC,H3f3b,67,1.3565003871917725,0.7875602700096431,0.3977875848192897,0.12027835641899612,0.04784523690594618
CD_PC,Atp5b,68,1.1532678604125977,0.8061868686868687,0.4012556097238286,0.11854573007119049,0.04756713919987195
CD_PC,Rps28,69,1.3234682083129883,0.5489008941877794,0.49194254362816187,0.09644115391885728,0.047443506569277726
CD_PC,Spint2,70,1.280996561050415,0.6094577553593947,0.46534288546033886,0.1017446247934293,0.047346137281453926
CD_PC,Rps10,71,0.9829780459403992,0.543871087928465,0.4225478898965788,0.11198065845727216,0.047317190940349835
CD_PC,Atp5g1,72,0.9632827043533325,0.8298022598870056,0.40887396729467856,0.11510960716365415,0.047065321754735226
CD_PC,Aif1l,73,1.1568971872329712,0.5156541305046609,0.4198916962535899,0.11174182245088186,0.046919463371368264
CD_PC,Rpl34,74,1.066567301750183,0.7129284649776453,0.4239003137589147,0.10984745961039648,0.046564372594466774
CD_PC,Rpl10,75,1.3207569122314453,0.6557377049180327,0.41386292989340573,0.11250626620138612,0.04656217296147311
CD_PC,Npnt,76,1.4011520147323608,0.43375668449197863,0.4213448943365448,0.10991706248372712,0.046312993077989396
CD_PC,Cd81,77,1.1093628406524658,0.7163770053475935,0.3458542114910841,0.13328588233172217,0.046097483736731185
CD_PC,Rps20,78,1.0449857711791992,0.5873695976154993,0.4554634929981541,0.1004958510384391,0.045772191345789644
CD_PC,Avpr2,79,1.0305486917495728,0.32870715350223545,0.37108527082417353,0.12203823283791851,0.045286590683562535
CD_PC,Rpl28,80,1.0756824016571045,0.7068095838587642,0.4477572434196345,0.10095600192961947,0.04520378113067371
CD_PC,Apela,81,1.801243543624878,0.6997019374068554,0.4304061517066168,0.10461882245505663,0.04502858476895871
CD_PC,Rpl23a,82,1.1363718509674072,0.5740715013429656,0.44306854747227686,0.1009630564617521,0.04473355477486998
CD_PC,Rps18,83,1.1307092905044556,0.780805260313457,0.42412920113886166,0.105237705188607,0.04463438383133093
CD_PC,Rpl8,84,0.9742780923843384,0.7242921013412817,0.3848967348055852,0.11563348347291118,0.04450695022291911
CD_PC,Slc25a5,85,0.9965636730194092,0.7684426229508197,0.3429477473267927,0.1263117615653788,0.04331833408972561
CD_PC,Sh3bgrl3,86,1.3271838426589966,0.7117681047765794,0.31730434832952237,0.13527693608428523,0.04292396004823858
CD_PC,Snhg18,87,1.152268886566162,0.421153129657228,0.4120819969974131,0.10403393215418562,0.042870510517590193
CD_PC,Pfn1,88,1.0743427276611328,0.7713922006954794,0.4229190661451263,0.10093263256204292,0.04268633470670836
CD_PC,Tspan1,89,1.041894793510437,0.3408228865316618,0.3449855199615631,0.12272460846883897,0.042338212864701665
CD_PC,2010107E04Rik,90,1.1346086263656616,0.6464600972797694,0.3934962627786236,0.10743208535242936,0.04227412408869506
CD_PC,Cav2,91,1.0830579996109009,0.4520506815588783,0.39558041167254726,0.10635139961372386,0.04207053044114847
CD_PC,Rpl36a,92,1.1150572299957275,0.5950819672131147,0.39239367524967245,0.10698149260955545,0.04197886106875913
CD_PC,Eef1a1,93,1.0780824422836304,0.7594021215043394,0.3571522211289041,0.11702064549917682,0.04179418345796909
CD_PC,Rps6,94,1.2746126651763916,0.7231643356643357,0.4189867269578588,0.09964907387069996,0.04175163930546647
CD_PC,Cdo1,95,0.9878844022750854,0.4098981619473423,0.37898601971883694,0.10903445367010867,0.041322533608652415
CD_PC,Fth1,96,1.1156222820281982,0.9230392156862746,0.3833541117490088,0.10731522234082227,0.04113973173761331
CD_PC,Rpl23,97,1.1474783420562744,0.7303418803418804,0.37623742302314966,0.10911118691323571,0.04105171178723301
CD_PC,Cox7b,98,1.2869676351547241,0.6824391455538996,0.32273027034655044,0.1262637805597438,0.04074914403502364
CD_PC,Rpl39,99,1.055943250656128,0.6037831021437579,0.3737151943063533,0.10770510377280842,0.040251033784241046
CD_PC,B2m,100,0.9650163650512695,0.3278688524590164,0.47358811507397236,0.0845757138288807,0.04005405289325531
CD_PC,Cycs,101,1.026023030281067,0.6162823006390664,0.40728570636322936,0.0979158766380607,0.03987973698070738
CD_PC,Rpl4,102,1.1059989929199219,0.6075819672131147,0.43564143433562597,0.09081079203873416,0.03956094369690839
CD_PC,H2-D1,103,1.2513506412506104,0.442526518804243,0.40334233616265336,0.09717537296613868,0.039194941949639524
CD_PC,Rpl11,104,1.0781582593917847,0.7529185295578738,0.37645906160747744,0.10311670034492301,0.03881921624790916
CD_PC,Cox5b,105,0.9791239500045776,0.7993666169895678,0.35506330204888725,0.10931663959845413,0.03881432702471527
CD_PC,Rps15,106,1.026061773300171,0.7375186289120715,0.38550907321150546,0.0995353763402134,0.03837179068467407
CD_PC,Rpl41,107,0.9642464518547058,0.9369933345343182,0.35950556823029006,0.10624950663364444,0.03819728925651632
CD_PC,Rpl7,108,0.9954053163528442,0.7097615499254843,0.3625910765345771,0.10355397023275244,0.03754774554612326
CD_PC,Atp5e,109,0.9502154588699341,0.8182442557442557,0.3050079878324731,0.1228321402790378,0.03746478394766539
CD_PC,Fxyd2,110,1.5810096263885498,0.45040178269970965,0.36965973920990386,0.10110356523489798,0.03737391755792389
CD_PC,Rps27a,111,0.9566489458084106,0.7386363636363636,0.3482305947383897,0.10697734089292969,0.03725278304267636
CD_PC,Rpl18,112,1.1782090663909912,0.6832877959927139,0.3442803886703837,0.10751100117082431,0.03701392926943347
CD_PC,Ndufa5,113,1.1444501876831055,0.7396715306551371,0.3296284434183312,0.11125107213864774,0.03667151773768293
CD_PC,Ftl1,114,0.9752495288848877,0.9220916795069337,0.3902611636405683,0.09327536463998723,0.036401752343399735
CD_PC,Atp1a1,115,1.2606401443481445,0.7283422459893047,0.3938369527004042,0.09205731267853505,0.03625557149910253
CD_PC,Rps17,116,1.1686298847198486,0.6927447552447552,0.35127321304793013,0.10259746606309594,0.03603974155455968
CD_PC,Rpl24,117,1.1369640827178955,0.788888888888889,0.37149384223564785,0.09681635788549844,0.03596668078214538
CD_PC,Atp1b1,118,1.4133892059326172,0.8411097099621689,0.37581770239263523,0.09373986395211695,0.0352291002930828
CD_PC,Spp1,119,1.348017692565918,0.2950176792028287,0.39250508948512175,0.0891962244194723,0.035009972047499976
CD_PC,Adh1,120,0.9649145603179932,0.3901403743315508,0.3085407117753399,0.11315990113432339,0.034914436440411235
CD_PC,Aldh2,121,1.0433186292648315,0.5262443438914027,0.34688874454665564,0.1003337948570493,0.03480466413356353
CD_PC,Ndufc1,122,1.084385871887207,0.73224043715847,0.2991661547453637,0.11615508525255688,0.034749670209127344
CD_PC,Uqcrh,123,1.045731782913208,0.7714025500910746,0.28426026494559403,0.12185944754051528,0.03463979884399059
CD_PC,Cldn8,124,1.1799561977386475,0.6021978021978022,0.32573277676047196,0.10602550998366167,0.03453598377442326
CD_PC,Cox7c,125,1.0004074573516846,0.8355251306070979,0.2958522294616,0.11255856384488558,0.033300702058505244
CD_PC,Atp5g3,126,0.9881464242935181,0.6062779433681073,0.332144194811791,0.10003053461741747,0.03322456137709511
CD_PC,Atp5l,127,0.9964233636856079,0.8534798534798536,0.29410659877061796,0.11254422908297324,0.03310000042685452
CD_PC,Atp6v0e,128,1.29719877243042,0.6936354869816779,0.29408462183324713,0.11233653458888575,0.03303644729262995
CD_PC,Cd24a,129,1.2541050910949707,0.5450502886943565,0.3668918587277807,0.089121390818344,0.032697912729747196
CD_PC,Rpl15,130,1.040761113166809,0.4214791356184798,0.3460701584774536,0.09345273828977083,0.03234120395009298
CD_PC,Rogdi,131,0.9686983227729797,0.3471231115396979,0.3412613098948548,0.09407181335627787,0.032103070250147685
CD_PC,Eif1,132,1.1909074783325195,0.7884825556956705,0.3021025424116065,0.10575053448240787,0.031947505328521676
CD_PC,Oat,133,1.0841985940933228,0.5577496274217586,0.31769236418775604,0.0998978001976111,0.03173676832193515
CD_PC,Ndufb8,134,1.0037838220596313,0.748055287688846,0.3335701687549594,0.09371480562773826,0.03126046352808287
CD_PC,Rpl6,135,1.0241858959197998,0.6924337957124842,0.326315348250665,0.09578468626917153,0.031256013257005395
CD_PC,H2-K1,136,0.9749728441238403,0.40694858420268254,0.36451159888900575,0.08473940993661647,0.03088849780490697
CD_PC,Prdx5,137,1.247334361076355,0.8595173041894353,0.2569719216873077,0.11953093660175725,0.030716094479637305
CD_PC,Ptma,138,1.1354725360870361,0.7249544626593807,0.31386050522540204,0.09766420337520706,0.030652936213778906
CD_PC,Uqcrq,139,0.9486784934997559,0.7131458022851466,0.2881755967092245,0.10628264729983641,0.030628065305466405
CD_PC,Tpt1,140,1.07127845287323,0.6290878520386718,0.2736660244481936,0.11098266928178546,0.030372185884994886
CD_PC,Gstm2,141,1.2122160196304321,0.6209257473481196,0.29964922314300674,0.10065966014365028,0.030162588963883886
CD_PC,Rpl31,142,1.0533519983291626,0.6849516603614965,0.3331199304709381,0.0904669036069237,0.03013632863945948
CD_PC,Aplp2,143,1.0952239036560059,0.5658259773013872,0.2579191332294103,0.11522678444730954,0.02971919236946217
CD_PC,Atp5f1,144,0.9962975978851318,0.5246865959498553,0.3227606694051852,0.09195278583584264,0.029678742710048205
CD_PC,Calm1,145,1.1210970878601074,0.5930514157973175,0.31069676811305336,0.09458496507539263,0.029387242961010515
CD_PC,Itm2b,146,1.2063496112823486,0.8870673952641166,0.25470773250156253,0.11391659722199854,0.029015438172709046
CD_PC,Scd2,147,1.0186256170272827,0.4893104776579352,0.3095231553775891,0.09330520366077814,0.028880121050232632
CD_PC,Aldoa,148,0.9561225175857544,0.8392478302796529,0.2974342348822745,0.09439492985172694,0.028076283737214377
CD_PC,Mgst1,149,1.0267722606658936,0.4654123199205167,0.25964534929937133,0.10810514802039506,0.028068998918815716
CD_PC,Uqcrb,150,1.0440385341644287,0.6509803921568627,0.2847545301320506,0.09785491283458371,0.027864629725324653
CD_PC,Mt1,151,1.1413476467132568,0.4861111111111111,0.32114219948231526,0.08597860017383023,0.027611356768234414
CD_PC,Atp5h,152,1.1194101572036743,0.7552160953800298,0.2322497323273682,0.11866916274792105,0.02756088128371756
CD_PC,1700011H14Rik,153,1.0245805978775024,0.4561277705345502,0.3306626002021614,0.08300119630687217,0.02744539139072039
CD_PC,H3f3a,154,1.0910253524780273,0.6763226527570789,0.25012078755588507,0.10462909419926687,0.026169911442379516
CD_PC,Usmg5,155,1.0038957595825195,0.6284153005464481,0.25147601493607974,0.10343771743997783,0.02601210497588986
CD_PC,Cox5a,156,1.0305030345916748,0.75,0.2483413086452425,0.104101708694239,0.025852754569333135
CD_PC,Hint1,157,1.0250213146209717,0.5421122994652406,0.3290003546097753,0.07804190328368912,0.025675813854755508
CD_PC,Ndufa6,158,1.0015816688537598,0.7016734972677596,0.27569774107127104,0.09235970753717769,0.025463362734003136
CD_PC,Jund,159,1.000999927520752,0.47307692307692306,0.3318582791082346,0.07590718744806703,0.02519042859846171
CD_PC,Atp5o,160,1.2014293670654297,0.6473930481283423,0.26521944548207005,0.09477599385328553,0.025136436534780468
CD_PC,Tmbim6,161,1.176098346710205,0.5539054966248795,0.27897247081343135,0.08915579120930738,0.024872011360986882
CD_PC,Vamp8,162,1.1005663871765137,0.642304189435337,0.26542157849972575,0.09197533475245649,0.024412238533037686
CD_PC,Uqcrfs1,163,0.981070876121521,0.49453551912568305,0.2926930182390914,0.0832996946676774,0.024381239050677246
CD_PC,Krt18,164,1.106656551361084,0.4353905496624879,0.28708651335704144,0.08340429869915815,0.02394424931253054
CD_PC,Slc25a3,165,1.0781532526016235,0.6415106951871657,0.2647196818943464,0.08969966708656972,0.023745267337185513
CD_PC,Wfdc2,166,1.4071142673492432,0.7413198823034888,0.19801953205930434,0.11710061223712782,0.0231882084390541
CD_PC,Neat1,167,1.2148934602737427,0.5808080808080808,0.33727569225719545,0.06857365174980004,0.02312822586451765
CD_PC,Txn1,168,0.9734935760498047,0.5246865959498553,0.25924729099856203,0.08790200841541329,0.0227883575550287
CD_PC,Ndufb10,169,1.019610047340393,0.6081002892960463,0.2307250462872143,0.09770075394358953,0.022542010975930428
CD_PC,Ost4,170,0.9625213742256165,0.5678092399403875,0.26588687704343916,0.0833671931306797,0.02216624262939368
CD_PC,Hmgb1,171,1.1185709238052368,0.6914249684741488,0.24688443446963115,0.08851518848681823,0.021853022251540927
CD_PC,Ndufs5,172,1.0176528692245483,0.7015648286140089,0.2215976123012805,0.09731587705470574,0.02156496599432776
CD_PC,Ndufb2,173,1.1354162693023682,0.5479192938209332,0.22840531116541385,0.09369221643485917,0.02139979984858131
CD_PC,Ubl5,174,1.0912610292434692,0.6687779433681073,0.24300483267749035,0.08805054459277607,0.021396707855929453
CD_PC,Mpc2,175,1.0746066570281982,0.7289296046287368,0.2397325334945078,0.08916761187479608,0.02137637750039982
CD_PC,Hist1h2bc,176,1.2455997467041016,0.5243107302533532,0.2364735479777547,0.08988525531001758,0.021255485234046172
CD_PC,Cd9,177,1.1416311264038086,0.6271423248882265,0.19832765468429622,0.10698088812005957,0.021217268636894503
CD_PC,Atp5a1,178,1.1517542600631714,0.6495017679202828,0.25016305025889685,0.0846613673058198,0.021179145884312724
CD_PC,Rbx1,179,1.042203426361084,0.5840909090909091,0.26455924120644947,0.07909092933599884,0.02092423625144477
CD_PC,Smdt1,180,1.0851099491119385,0.7562601333093136,0.2112295750178085,0.0982620587246579,0.02075585290478443
CD_PC,Mdh1,181,0.9841399788856506,0.5721256684491979,0.22846022130858618,0.09031383584043338,0.020633118923332732
CD_PC,Cst3,182,1.2167088985443115,0.7777260307998013,0.19056570068715772,0.10794153104143142,0.020569953496154966
CD_PC,Naca,183,1.0142604112625122,0.5839646464646464,0.24365910009953323,0.08336405012565408,0.020312409434269253
CD_PC,Smim5,184,1.0273489952087402,0.40234765234765235,0.24082495557804484,0.08425576851728112,0.020290891710368252
CD_PC,Actb,185,1.4582629203796387,0.7595628415300546,0.22451577076426482,0.08905894747675844,0.019995138236198598
CD_PC,Ndufa11,186,1.0659294128417969,0.6543560606060606,0.20560745155300036,0.09624600267170547,0.019788895331492626
CD_PC,Wbp5,187,0.9685623645782471,0.5230067064083457,0.19795488341199385,0.0982163172681611,0.01944239963397423
CD_PC,Atp5g2,188,1.0852587223052979,0.5983606557377049,0.1925365397710308,0.09839149882603596,0.018943958726850403
CD_PC,Cyc1,189,0.9756239652633667,0.4632554945054945,0.22758006979804088,0.08318428711407574,0.01893108586752163
CD_PC,Ndufb5,190,1.039374828338623,0.531951871657754,0.23480414039739161,0.08019406421851272,0.0188298983138011
CD_PC,Hsp90ab1,191,1.1432573795318604,0.6673392181588903,0.2248021741441873,0.0834262218263098,0.018754396047189693
CD_PC,Krt7,192,1.22267746925354,0.6191677175283733,0.17819192884635418,0.10270273663300844,0.018300798738434893
CD_PC,Atpif1,193,1.1367286443710327,0.8100961538461539,0.2407374178782174,0.07601554700904958,0.018299786505558847
CD_PC,Park7,194,0.9755457639694214,0.6091610414657667,0.2203605905003652,0.08171353514685673,0.018006442856833692
CD_PC,Dynll1,195,1.153854250907898,0.5047503725782414,0.21759890349064248,0.08208091629409704,0.017860717383102725
CD_PC,Chpt1,196,1.1792099475860596,0.5074574091931855,0.21023583592213085,0.08416482956960294,0.01769446329980915
CD_PC,Laptm4a,197,1.0509392023086548,0.5515911282545805,0.19522203524816623,0.09031700071029727,0.017631868696174308
CD_PC,Nedd8,198,0.9983203411102295,0.5987332339791356,0.20906960570393363,0.08416123199895138,0.01759555558957805
CD_PC,Sec61g,199,0.9893519878387451,0.5589233171200384,0.2040380236446244,0.08600224480783375,0.01754772805959156
CD_PC,Gapdh,200,1.1329329013824463,0.7276759884281582,0.20289352129245294,0.08616012330015682,0.01748133081136074
CD_PC,Cox6a1,201,1.0554616451263428,0.7329234972677596,0.20990099788336414,0.08313301515090812,0.017449702837228444
CD_PC,Pfdn5,202,1.0583901405334473,0.7215909090909092,0.20820774905038103,0.0833164329892337,0.01734712697159526
CD_PC,App,203,1.2336536645889282,0.6232401157184185,0.21068227008247523,0.08225152845564061,0.017328938732787673
CD_PC,Chchd2,204,0.9775077700614929,0.8138971684053651,0.16708997734635095,0.10368904673451884,0.017325400469935477
CD_PC,Spink8,205,1.0546079874038696,0.36065573770491804,0.20760433581938,0.08337836705813624,0.017309710514808847
CD_PC,Shfm1,206,1.119484305381775,0.6146978021978022,0.18993341823987941,0.09109813783797008,0.017302580714853355
CD_PC,Ndufa12,207,1.1221795082092285,0.6993759314456036,0.190351863262072,0.09070599773065316,0.017266055677075103
CD_PC,Tceb2,208,0.9480333924293518,0.7752525252525253,0.20516218251867488,0.08300831990810989,0.017030168079556193
CD_PC,Mal,209,1.1226288080215454,0.5722801788375559,0.1522310443086168,0.11164863511509074,0.016996388319201968
CD_PC,Gabarap,210,1.0244197845458984,0.5684612518628912,0.2069424569291867,0.08210158859192122,0.016990304461001464
CD_PC,2410015M20Rik,211,1.1554079055786133,0.6703921078921078,0.17813407988630364,0.09527911754264448,0.016972457935837945
CD_PC,Arhgap24,212,0.9546624422073364,0.46049945563418615,0.23540595721376972,0.07041267900564134,0.016575564101308907
CD_PC,Ndufa1,213,1.1657156944274902,0.5956284153005464,0.21457084018267636,0.07661669748089983,0.01643970915049862
CD_PC,Rpl36al,214,1.0022886991500854,0.5634314456035767,0.22524470759325768,0.07189547395256028,0.016194075007723116
CD_PC,Atp5c1,215,0.9647694230079651,0.5570976154992549,0.1689177058935336,0.09538658028364969,0.01611248231454347
CD_PC,Ypel3,216,1.021956205368042,0.4219509998198523,0.22480821288858516,0.0714610118721944,0.016065022370197992
CD_PC,Ybx1,217,1.051149845123291,0.6762032085561497,0.1996194675874189,0.08036840396020398,0.016043098009386525
CD_PC,Bsg,218,0.9559861421585083,0.5000964320154291,0.19583066888647965,0.0818060298368603,0.016020129541899665
CD_PC,Crip1,219,1.0064003467559814,0.3067765567765568,0.2548929967155562,0.06261057077625456,0.015958996011230953
CD_PC,Atox1,220,0.9623181819915771,0.6493424608178706,0.20303380572728058,0.07780650018223498,0.01579734984231952
CD_PC,Cd63,221,1.2802863121032715,0.5810028929604629,0.21920984397441917,0.07124180989457533,0.015616906031445091
CD_PC,Serf2,222,1.2980622053146362,0.7670454545454546,0.16185113417487393,0.09583497610855014,0.015510999576790786
CD_PC,Ndufb9,223,1.129311203956604,0.6523845007451565,0.17362294172512394,0.08805199934826696,0.015287847151624805
CD_PC,Tmem59,224,0.9958415031433105,0.5000964320154291,0.17355797343277748,0.0861484058340971,0.014951742731030357
CD_PC,Dstn,225,1.0264986753463745,0.610096870342772,0.17525779895016783,0.08469826644015233,0.014844031751195964
CD_PC,Mif,226,1.08058500289917,0.5704918032786885,0.1965595666890027,0.07490050802059692,0.014722411401314701
CD_PC,Gng5,227,0.9730267524719238,0.6555100182149363,0.16650336427619417,0.08783599620044877,0.014624988871925728
CD_PC,Cstb,228,0.9759947657585144,0.4446803196803197,0.1875534754477613,0.07738592335661973,0.014513998876268116
CD_PC,Myl6,229,1.0449063777923584,0.8523658718330849,0.15657357965443466,0.09258803335915079,0.01449683981620645
CD_PC,Oaz1,230,1.1279858350753784,0.6965350223546944,0.17563903441609674,0.08120416085925156,0.01426262040388834
CD_PC,Eno1,231,1.0589038133621216,0.5716281669150522,0.1777036334497821,0.07974725371047713,0.014171376741993402
CD_PC,Ndufb6,232,0.9620424509048462,0.4258569299552906,0.1866761175161923,0.0750796046518391,0.014015569101055976
CD_PC,Txnip,233,1.298677921295166,0.566036149642707,0.18786029756292266,0.07448094716300782,0.013992012896810969
CD_PC,Tpi1,234,0.9660305976867676,0.5400192864030858,0.1703759555087082,0.08140065117562448,0.013868713723078073
CD_PC,Rpl27,235,0.9795991778373718,0.4200270068914137,0.16436625493433582,0.08266806288303816,0.013587839898761155
CD_PC,Sub1,236,0.9670127630233765,0.5375372578241431,0.16405613186572376,0.08278520436804848,0.013581420404335453
CD_PC,Morf4l1,237,1.1579055786132812,0.5299935358758888,0.19305521390451344,0.07028867056702517,0.013569594331380923
CD_PC,Actg1,238,1.112527847290039,0.7117175856929956,0.163859776140808,0.08274497521775988,0.013558573115958839
CD_PC,Ndufb7,239,1.0748350620269775,0.6763226527570789,0.172577701947442,0.07754408875600931,0.013382380637120564
CD_PC,Minos1,240,1.0080947875976562,0.6239754098360656,0.17817054958274925,0.07288480978645309,0.012985926615886488
CD_PC,Hif1a,241,1.0183770656585693,0.38524590163934425,0.2026526728809068,0.06404992681551777,0.012979888866991144
CD_PC,Tma7,242,1.0242373943328857,0.6259677822177823,0.1503989275094983,0.08530430718551868,0.012829676312642799
CD_PC,Rps27l,243,1.0983941555023193,0.5987332339791356,0.1566803674146251,0.08127921106262906,0.012734856652463582
CD_PC,Id3,244,0.948915421962738,0.3580520732883317,0.15956729093669986,0.07951560453860225,0.012688089603418717
CD_PC,Atp5d,245,1.0875139236450195,0.6908532041728763,0.13607753514824694,0.09318784364691415,0.012680772069252302
CD_PC,Ndufs6,246,1.0165741443634033,0.5727272727272728,0.15882201505433197,0.07961228613365504,0.012644183706829144
CD_PC,Cox17,247,0.9954999685287476,0.3825136612021858,0.1750878581164652,0.07175288740830281,0.012563059369991626
CD_PC,Prdx2,248,1.0497922897338867,0.5734910581222057,0.15780605035855172,0.07877405715302957,0.012431022830038416
CD_PC,Ndufb11,249,1.1409344673156738,0.6712928464977646,0.1657037166570814,0.07417214637110763,0.012290600326125585
CD_PC,Ndufa2,250,0.9519261121749878,0.6677385114885115,0.15776097510695958,0.0763698182101497,0.012048176989574454
CD_PC,Gpx4,251,1.0237634181976318,0.7066538090646095,0.1736217394674308,0.06924191431965133,0.01202190160823267
CD_PC,Ndufv3,252,1.036106824874878,0.4744318181818182,0.174217521936693,0.06846067322404743,0.011927048839211253
CD_PC,Tspo,253,1.0708887577056885,0.6041144326583092,0.14499570407477658,0.08200471135735347,0.011890330860708294
CD_PC,Etfb,254,1.098618745803833,0.5630238405662135,0.14757198149211162,0.08017308610218754,0.011831301178437491
CD_PC,Dbi,255,0.9894855618476868,0.6129010695187166,0.16919698082101653,0.06932535648925511,0.011729641012322631
CD_PC,Tspan8,256,1.151920199394226,0.5082931533269045,0.14413171371569033,0.07951838601215741,0.011461121247838027
CD_PC,Edf1,257,1.0320247411727905,0.6232401157184185,0.13478208913009043,0.08318633716399783,0.01121202831004371
CD_PC,Ctnna1,258,1.0081496238708496,0.45248868778280543,0.14312362064405815,0.07653179765669059,0.010953507975024002
CD_PC,Sec62,259,1.0710968971252441,0.6412587412587413,0.12793128665743628,0.08237950510426552,0.010538916082191527
CD_PC,Ndufa7,260,1.109213948249817,0.6761363636363636,0.14570509825554873,0.06978750591236123,0.01016839540597028
CD_PC,Nop10,261,0.9734009504318237,0.5324537750385208,0.13321926498389935,0.07601304411147046,0.010126401865718814
CD_PC,Sdc4,262,1.1433756351470947,0.5796973518284994,0.143125202899465,0.07028496526825383,0.01005954991480068
CD_PC,Psap,263,1.1135435104370117,0.5687062937062937,0.12674975044067013,0.0792085616032341,0.01003966541597437
CD_PC,Rabac1,264,1.0381971597671509,0.5610414657666345,0.13723007433571438,0.07313308806862874,0.010036059112058269
CD_PC,Atp6v0b,265,1.1674485206604004,0.47267759562841527,0.14587078900671455,0.06873627532512211,0.010026614715058326
CD_PC,Ctsd,266,1.0924688577651978,0.5211438152011922,0.1480116558284355,0.0662384667950962,0.009804065149879032
CD_PC,Tomm7,267,0.9668310880661011,0.4685792349726776,0.14907319001725358,0.06559442880277574,0.0097783707489894
CD_PC,Ndufa8,268,0.969656229019165,0.433355614973262,0.14206339070079288,0.06726714250059994,0.009556198346388638
CD_PC,Iscu,269,0.9550238251686096,0.49421407907425263,0.12633714841277507,0.07462636442998487,0.009428082078496837
CD_PC,Pkm,270,1.0704405307769775,0.5226244343891403,0.11988684435385531,0.07774461760741452,0.009320556870450105
CD_PC,D8Ertd738e,271,1.034031867980957,0.5400521609538003,0.13509036364936103,0.06623830003581056,0.008948156039353132
CD_PC,Dad1,272,1.039108157157898,0.5760059612518629,0.13466313286940726,0.06574525687937352,0.008853462262680387
CD_PC,Tacstd2,273,0.9492698907852173,0.4208271236959762,0.12554150368136338,0.0690816185708184,0.00867261027212294
CD_PC,Sumo2,274,0.9901025295257568,0.4687965722801788,0.0938742777983141,0.08798915047471326,0.008259917954900893
CD_PC,H2afz,275,0.9854457378387451,0.4176602086438152,0.12003048948975772,0.06681195800681874,0.008019472023327591
CD_PC,Calm2,276,1.190164566040039,0.6120218579234973,0.09447116739174104,0.0836110667846864,0.007898835086018147
CD_PC,Wls,277,0.9863186478614807,0.39743589743589747,0.12721507827681414,0.06037156794206209,0.007680173741443431
CD_PC,Myeov2,278,0.9852250218391418,0.4383594547528974,0.11294878416571111,0.06775458644302576,0.007652798160390333
CD_PC,Cisd1,279,0.9680290222167969,0.4530376084860174,0.11046284062566189,0.06705778184250881,0.007407393068379454
CD_PC,Hsp90aa1,280,0.9599815607070923,0.48244937319189973,0.10909620996236916,0.06425279182251445,0.007009736067337432
CD_PC,Hes1,281,1.2639613151550293,0.42902384500745155,0.11236674872241209,0.06035671910676963,0.0067820882895795916
CD_PC,Eef2,282,1.0628597736358643,0.5499369482976041,0.09617492946928086,0.05969523324788604,0.005741184847267709
CD_PC,Gpx3,283,1.1626684665679932,0.6171503147551052,0.13647597991038513,0.041810537295269026,0.005706134047951544
CD_PC,Klk1,284,1.0809829235076904,0.2317547989858747,0.06578928489541373,0.07927112225303955,0.00521519044588439
CD_PC,Son,285,1.2030763626098633,0.4683760683760684,0.09121295737566674,0.05454135024019172,0.004974877854669919
CD_PC,Eif4a2,286,1.133789300918579,0.5273224043715847,0.06696331692846881,0.07194340397582757,0.004817568961346205
CD_PC,Hnrnpa2b1,287,1.1793797016143799,0.5433155080213903,0.07845801998823136,0.06070262286534074,0.004762607598106974
CD_PC,Ndufc2,288,1.0005391836166382,0.5316297010607521,0.06786745732542185,0.06709257093397461,0.00455340219471436
CD_PC,Spink1,289,0.9790180921554565,0.17422078919084907,0.10877202808587429,0.040882992429941103,0.00444692600082414
CD_PC,Romo1,290,1.012117624282837,0.443643787906083,0.0629458396028911,0.06873331060461375,0.004326475944693711
CD_PC,H2afj,291,1.0535266399383545,0.6120218579234973,0.050965701858368434,0.07958170112624836,0.004055937252982158
CD_PC,Hspa8,292,0.9492092132568359,0.6343891402714932,0.061279414481395345,0.06608879406843583,0.004049882604295262
CD_PC,Rsrp1,293,1.125304937362671,0.5540501165501166,0.06996932677826924,0.05637756861783698,0.003944700521585733
CD_PC,Rbm39,294,1.0844027996063232,0.575495337995338,0.055995837913972335,0.0640222694345697,0.0035849806221428305
CD_PC,Ddx5,295,1.137265682220459,0.5317513368983957,0.04141450656035796,0.05133001957558063,0.0021258074324561863
CD_PC,Akr1a1,296,1.0063374042510986,0.49685828877005345,0.030872878219611977,0.05852712214844339,0.0018069007146332477
CD_PC,Tns1,297,0.9554643630981445,0.28387978142076503,0.032625022342195754,0.04040663925578779,0.0013182675084931206
CD_PC,Timm13,298,0.9614500403404236,0.5602645305514158,0.02390100954197032,0.05401182899161157,0.0012909372401077772
CD_PC,Kap,299,1.4666931629180908,0.6094577553593947,0.0011345139191976934,0.0336822064741347,3.8212932074196483e-05
CD_PC,Ubc,300,1.07371187210083,0.5821937596302003,0.0,0.05534762861655074,0.0
CNT,Aqp2,1,1.7205982208251953,0.24551820728291315,0.5581660648609853,0.08709999823005285,0.04861626326146738
CNT,Hsd11b2,2,2.1319165229797363,0.3252262443438914,0.5372029291122922,0.08818686249746288,0.04737424084286001
CNT,Klk1,3,3.8875322341918945,0.8701230688661954,0.485961586231612,0.08650406032085603,0.042037650368998244
CNT,Spp1,4,2.385606288909912,0.7208508648901355,0.399886632057471,0.0927191883851368,0.03707716397043454
CNT,Clu,5,2.039687156677246,0.743573614416865,0.41154199743314374,0.08595533230702743,0.0353742291476637
CNT,Tmsb4x,6,1.9750906229019165,0.3744991987179487,0.4978256616734972,0.0709683347393089,0.03532985819946269
CNT,Malat1,7,5.835091590881348,0.820254197761194,0.4877129749111937,0.07113024670400585,0.03469114422617782
CNT,Atp1a1,8,2.14565372467041,0.7301857585139319,0.41171865091932247,0.08165197735215884,0.03361764196032591
CNT,Atp1b1,9,2.0208683013916016,0.7130252100840336,0.3662929297885306,0.0900806601098105,0.03299590890890731
CNT,Kl,10,2.1345086097717285,0.5220615498702261,0.3793041759378426,0.08663280871801782,0.03286018611996849
CNT,Ppp1r1a,11,1.7886052131652832,0.3797314935670334,0.4600623563355915,0.0711738736865067,0.032744420037746025
CNT,Itm2b,12,2.092583656311035,0.7155243600330305,0.3530886289971599,0.09086627801723689,0.03208384952718094
CNT,Slc12a3,13,2.110159397125244,0.24820971867007674,0.4455785435074723,0.07113570839811956,0.03169654533940638
CNT,Wnk1,14,2.481468439102173,0.5962962962962963,0.3925204958812698,0.07959717525726885,0.031243522702731508
CNT,Fxyd2,15,2.4604477882385254,0.8529235382308846,0.4639218480726095,0.06565701511644821,0.030459723791753913
CNT,Calb1,16,2.1638474464416504,0.8657289002557544,0.40102764800563506,0.06912376089077363,0.02772053925133085
CNT,Cst3,17,1.4387431144714355,0.4513574660633484,0.33701164029471653,0.07372099908260923,0.02484483482499543
CNT,Cdh16,18,1.6135540008544922,0.37173202614379086,0.36090530165852036,0.06859144399424358,0.024755015785935985
CNT,Pdzk1ip1,19,1.8321561813354492,0.5314293915040184,0.32657469110934784,0.0656589297583104,0.02144254470439059
CNT,Cd9,20,1.499943494796753,0.4010989010989011,0.3092165174844691,0.06869564544943121,0.021241828252220936
CNT,Wfdc2,21,2.009567975997925,0.5918565113906835,0.25943755552631814,0.07762534499664761,0.020138929752817367
CNT,S100g,22,1.9408519268035889,0.9678640242224057,0.31006920259557147,0.05786361420326819,0.01794172471530515
CNT,Tmem213,23,2.129765510559082,0.5843454790823213,0.2537731644632401,0.06860163005842436,0.01740925274726288
CNT,Defb1,24,2.3101115226745605,0.8072890025575448,0.21272570449033287,0.07809183565821254,0.016612140755336558
CNT,Usmg5,25,1.7645199298858643,0.7742002063983489,0.2511708093532611,0.0658141818144726,0.01653060131326376
CNT,Ldhb,26,1.513293981552124,0.8836580086580086,0.27762809465410127,0.05853997787788971,0.016252342519331758
CNT,Atp5f1,27,1.5174858570098877,0.5211213517665131,0.2755430820685968,0.05818786492935714,0.01603326364162628
CNT,Cystm1,28,1.7560722827911377,0.6506410256410255,0.24438101101067222,0.06549989405653209,0.016006930330627233
CNT,Cox6b1,29,1.2746422290802002,0.8465946217642624,0.23116644096337552,0.06907116622765726,0.01596693567003723
CNT,Kng2,30,1.7919450998306274,0.4365079365079365,0.25793756906142207,0.06183038790407924,0.015948379950102957
CNT,Atp6v0e,31,1.704451084136963,0.5247252747252747,0.22420557155206172,0.0709871432102635,0.015915713016305188
CNT,Cox6c,32,1.175051212310791,0.9069264069264069,0.24303899785660305,0.06528923908632082,0.01586783123835957
CNT,Chchd10,33,1.5348091125488281,0.8133640552995391,0.2309759645276487,0.06842877508351776,0.01580540232636105
CNT,Cox7b,34,1.689924716949463,0.729692728932157,0.23171311594391386,0.06730505491415924,0.015595463992936069
CNT,Atp5l,35,1.2571038007736206,0.8459627329192546,0.2398159223901924,0.0637212297087354,0.01528136547843771
CNT,Cdo1,36,1.2112476825714111,0.2965216509481797,0.26401863612578613,0.05767178660423396,0.015226426442187233
CNT,Cycs,37,1.8545303344726562,0.7131422924901186,0.22294664069116985,0.06659481991907451,0.014847091388391066
CNT,Cox5b,38,1.4230248928070068,0.8016831009860592,0.23076514285378544,0.06313406254036283,0.014569140961066653
CNT,Tmem52b,39,2.105031967163086,0.6472473604826546,0.22739455136910403,0.06333166408611056,0.014401275342319908
CNT,Sh3bgrl3,40,1.5671700239181519,0.4476219450360004,0.25402536532033476,0.05659973323596299,0.014377767912298993
CNT,Ubb,41,1.421980619430542,0.825212512750765,0.23990997398255542,0.0591885762828062,0.014199929796072533
CNT,S100a1,42,1.5650560855865479,0.7814008840530431,0.21540912275308227,0.06591366523420698,0.014198404805540863
CNT,Uqcrb,43,1.6800174713134766,0.6186461388074291,0.2322920162673529,0.06073954070814822,0.014109310378248712
CNT,Mpc1,44,1.699714183807373,0.4653209109730849,0.2526036030588456,0.05556363359221798,0.01403557404443577
CNT,Atp5g1,45,1.4296455383300781,0.7977272727272727,0.19480559436491648,0.07127075609742681,0.013883942002396225
CNT,Cox5a,46,1.7968342304229736,0.7210846189808322,0.2024075603483963,0.06764224564028962,0.013691301916537967
CNT,Atp5h,47,1.4800138473510742,0.7179292161038434,0.20920030958343083,0.06534234712774763,0.013669639248032805
CNT,Slc25a5,48,1.6042441129684448,0.796911421911422,0.20733545117160748,0.06422292376185085,0.013315688873723096
CNT,Mdh1,49,1.7582051753997803,0.6483516483516484,0.20887125587571695,0.06238529152168204,0.013030494188306445
CNT,Aldoa,50,1.8140499591827393,0.6974120082815736,0.21829674377416264,0.05969008643528626,0.013030151504421305
CNT,Pgam2,51,1.7643344402313232,0.7229853791227474,0.2140500404074283,0.05914721230884912,0.012660463184695894
CNT,Rpl41,52,1.4151452779769897,0.8364664488564966,0.20861696158585558,0.060525611525498735,0.012626669174575387
CNT,Ivns1abp,53,1.565755844116211,0.364766081871345,0.2217285599608046,0.05374498960896055,0.01191679915110323
CNT,Uqcrfs1,54,1.6625502109527588,0.4260402057035998,0.2069092889346858,0.05534458719084332,0.011451309182041111
CNT,Atp6v1f,55,1.7630577087402344,0.7012605042016806,0.17352351492251536,0.06561514252441909,0.011385770162979009
CNT,Clcnkb,56,1.1941907405853271,0.2677474041110405,0.20682854953891422,0.054934356828429384,0.011361993342677198
CNT,Gm10076,57,1.482346773147583,0.4782214156079855,0.18741807518823295,0.05972434741298025,0.011193422234014079
CNT,Ndufa12,58,1.6549623012542725,0.6290723981900452,0.17918426849371363,0.062454522745065064,0.011190867972198483
CNT,Ndufb4,59,1.8070428371429443,0.6506483600305111,0.18603514072607155,0.058509019760682145,0.010884733724923004
CNT,Cox7a2,60,1.5008622407913208,0.8076164569874192,0.16757704665692735,0.06462740312257773,0.01083006934838826
CNT,Uqcrq,61,1.4736286401748657,0.8002846299810247,0.18061196668174923,0.05960003137078675,0.010764478880171745
CNT,Lgals3,62,1.23506760597229,0.35813090418353577,0.19420067958035037,0.05489297301240683,0.010660252663195239
CNT,Ndufa11,63,1.6668329238891602,0.584271372071798,0.17435352689535838,0.060582116905562464,0.01056270574927173
CNT,Uqcrh,64,1.6688213348388672,0.6569659442724458,0.17123096093351392,0.06165881009983508,0.010557897303411813
CNT,Fth1,65,1.7594554424285889,0.8162692847124824,0.21264311036095673,0.04799280203156139,0.010205338698928857
CNT,Sdhb,66,1.6046407222747803,0.47604881769641494,0.18670451722029774,0.053670344229564515,0.010020495708428036
CNT,2010107E04Rik,67,1.7418837547302246,0.7340926944226237,0.17377567831868124,0.057530317994292944,0.00999737003334769
CNT,Higd1a,68,1.4247479438781738,0.41940144478844166,0.17986249671955745,0.05553936794874729,0.009989449385487853
CNT,Atp5o,69,1.734258770942688,0.6681159420289855,0.16304858044000786,0.060427813581597725,0.009852669223572936
CNT,Eif1,70,1.5462009906768799,0.6605629877369008,0.19198019108338615,0.05063783802405771,0.009721461819908156
CNT,Igfbp7,71,1.9433786869049072,0.6513538180711895,0.13515979953486232,0.07125254435929108,0.009630479611950668
CNT,Atp5j,72,1.3968992233276367,0.8702664796633941,0.16307651367440645,0.0590421134961535,0.009628382028921334
CNT,Atp5d,73,1.6944299936294556,0.6329665036312435,0.17351824704765315,0.05502500223584593,0.009547841931757181
CNT,Rpl21,74,1.5977778434753418,0.5065091731590852,0.16001730021847776,0.059291633923195385,0.009487687185932037
CNT,Cox8a,75,1.2728403806686401,0.9015184194633767,0.14620731013827845,0.06459921197636455,0.009444877020116723
CNT,Ndufs5,76,1.6094441413879395,0.6091975518531112,0.1648076803146265,0.05621230107149986,0.009264218944741286
CNT,Prdx1,77,1.6411688327789307,0.7748138957816377,0.167191950599049,0.05515601266576976,0.0092216413448559
CNT,Ndufc1,78,1.5568522214889526,0.7442843585540506,0.1475495205100886,0.06226676662102528,0.00918743155864587
CNT,Tmbim6,79,1.1912648677825928,0.2938926840660945,0.16580848439455576,0.05510062295458764,0.009136150781296046
CNT,Atp5e,80,1.6791350841522217,0.8047262835770146,0.15517431859909175,0.058103337035412685,0.009016145732803535
CNT,Atp5j2,81,1.4030441045761108,0.7817696414950419,0.15166562930714111,0.05876698951749611,0.008912932447657212
CNT,Atp5k,82,1.3647809028625488,0.7372122762148338,0.14694005912818167,0.06016347151747364,0.00884042406213425
CNT,Prdx5,83,1.4196739196777344,0.799259709968563,0.1519362899384526,0.05786694537192261,0.008792088989881031
CNT,Sdc4,84,1.2914340496063232,0.3125659713495853,0.14293191359667287,0.06112823966091237,0.008737176269530238
CNT,Cox17,85,1.467437982559204,0.4526610644257703,0.14879404340835714,0.05852212120042212,0.008707743042244746
CNT,Pkm,86,1.4129555225372314,0.3723725696269049,0.17295762951877175,0.04960628733410462,0.008579785866533806
CNT,Id2,87,1.2744587659835815,0.30413517118719435,0.20040664975562933,0.04240818754556826,0.00849888278821574
CNT,Chchd2,88,1.7177485227584839,0.748001508295626,0.14528381765882745,0.058204345987707226,0.00845614958942936
CNT,Ly6a,89,1.416508436203003,0.5486778846153846,0.1282620279334346,0.06554656215309065,0.008407134985820321
CNT,Rpl37,90,1.5688819885253906,0.5956521739130435,0.15159902349605378,0.05473105183679623,0.008297174013370209
CNT,Mt1,91,2.0740535259246826,0.694377990430622,0.17828024585931426,0.046410995939003295,0.008274163766581143
CNT,Atp5b,92,1.4512860774993896,0.8111246323902241,0.15984254290494837,0.051649658812340384,0.008255812804737462
CNT,Rpl32,93,1.6063637733459473,0.5889153349200953,0.13935015133937934,0.05817843322422807,0.008107173474484156
CNT,Ndufa7,94,1.652517557144165,0.6266398592611209,0.14226048974895344,0.056788854514559374,0.008078810255523282
CNT,Atp6v1e1,95,1.536902666091919,0.4126356353311023,0.14748310457703812,0.054461678493732124,0.008032177424732122
CNT,Ndufs3,96,1.3036600351333618,0.38178053830227743,0.14481348503982816,0.055248753136850445,0.00800076448585245
CNT,Prdx2,97,1.4048538208007812,0.4382318067289166,0.14200061555249605,0.05634295300691341,0.008000734009027063
CNT,Gapdh,98,1.646756649017334,0.5424664602683178,0.13475460084966018,0.059268653825933104,0.0079867237892103
CNT,H3f3a,99,1.1735100746154785,0.3301282051282051,0.16760735989502773,0.04683020425670084,0.007849086898810517
CNT,Uqcr10,100,1.2938302755355835,0.8455457327439646,0.12901059983545726,0.06005746858956016,0.00774805004733829
CNT,Psap,101,1.187049388885498,0.31128364389233953,0.13663248142153261,0.05623832729716242,0.007683982209607615
CNT,Rps15a,102,1.3391294479370117,0.45489629377762664,0.1438571987647762,0.053135013472318894,0.007643854194456441
CNT,Rps18,103,1.676108717918396,0.6376319758672699,0.13423971494786527,0.05657278043354312,0.007594313919206998
CNT,Rpl3,104,1.4198846817016602,0.38666391412056156,0.14393188102328455,0.052552342650100295,0.007563957529809118
CNT,Smdt1,105,1.5027483701705933,0.47059643255295425,0.14455456362318603,0.052138974984233755,0.007536926776606123
CNT,Slc25a4,106,1.3934719562530518,0.3838242169237962,0.13695447265668753,0.05495227144801792,0.007525959357450441
CNT,Fau,107,1.5872962474822998,0.5189391363481809,0.1432646330470566,0.05212540467320944,0.00746772697293668
CNT,Rpl31,108,1.4819977283477783,0.492825569534172,0.13996026741878453,0.052771573240529036,0.007385923502854418
CNT,Ndufb6,109,1.5835922956466675,0.4921875,0.138013651459081,0.05313332664865537,0.007333124424949023
CNT,Cox6a1,110,1.4732476472854614,0.8221571906354515,0.131544755619472,0.055158195938484,0.00725577140513883
CNT,Atp5g2,111,1.501384973526001,0.45560224089635853,0.1303003860193528,0.05413120739357017,0.007053317219075837
CNT,Sec62,112,1.3275295495986938,0.34901960784313724,0.130856322744427,0.053629244707507996,0.00701772575398552
CNT,Ubl5,113,1.4340908527374268,0.4431825909554573,0.12933357388828154,0.053972181567841435,0.006980415132716167
CNT,Rpl36,114,1.5140330791473389,0.5601651186790506,0.12988891946013714,0.053454911342803134,0.0069432006741541276
CNT,Rpl36al,115,1.332526445388794,0.40799047942876576,0.13527908941805147,0.05123400647617497,0.0069308897433355025
CNT,Ndufa4,116,1.2864084243774414,0.8879640260237275,0.12283375021698298,0.056067318429276626,0.006886958987277812
CNT,Ndufb8,117,1.5639981031417847,0.6111391129032258,0.11405321840121557,0.059687451379559074,0.006807545928004787
CNT,Mpc2,118,1.7941738367080688,0.6345956054230949,0.11321169452940386,0.05999179364999876,0.006791772616974689
CNT,Ndufa13,119,1.7563238143920898,0.6773993808049535,0.12532499884499074,0.05332641961623554,0.00668313347681221
CNT,Hmgb1,120,1.2735085487365723,0.31675191815856774,0.12613183928532254,0.05232072081017075,0.006599308748520688
CNT,Rpl35a,121,1.6800053119659424,0.5339532545865795,0.11690090822994474,0.056239403708871115,0.006574437371877556
CNT,Serf2,122,1.5882798433303833,0.6505347593582887,0.10906066854288457,0.060263248386452264,0.006572350157592394
CNT,Tma7,123,1.438601016998291,0.4516439803592517,0.12625158184844185,0.05194452595547696,0.006558078570246411
CNT,Ptma,124,1.4135395288467407,0.4384518723297311,0.12821517537547664,0.05107927264571742,0.006549137900322445
CNT,Rpl6,125,1.4189903736114502,0.38363249163370855,0.11850740503332163,0.05496492020216731,0.0065137500610224445
CNT,Atp5c1,126,1.4303573369979858,0.5128205128205128,0.114341953409856,0.056283740082067546,0.006435592786196213
CNT,Rps15,127,1.520263433456421,0.48549842815130306,0.1250589279800946,0.05074825424463166,0.006346522272694922
CNT,Rpl19,128,1.6093411445617676,0.5133498486099642,0.11336700128871817,0.05596882882650674,0.006345018289702637
CNT,Dbi,129,1.7317436933517456,0.39482401656314703,0.14827947665963073,0.042718278289916596,0.006334243948629298
CNT,Ftl1,130,1.5516347885131836,0.8465415019762845,0.14037644128457086,0.04497788253356702,0.006313835086577596
CNT,Ppia,131,1.7139582633972168,0.7137002847036493,0.10105659011744256,0.062173522394670264,0.006283044168795829
CNT,Aif1l,132,1.2305076122283936,0.2728758169934641,0.1349677826709369,0.04635171590798488,0.006255988319093912
CNT,Ndufb10,133,1.6884931325912476,0.5307533539731683,0.10641507504578976,0.05829200836306768,0.006203148444525651
CNT,Gm42418,134,1.1918457746505737,0.24483471074380164,0.13323100644416375,0.04608660262132713,0.006140164450831649
CNT,Atp6v0b,135,1.4363799095153809,0.3655788655788656,0.11117660542661933,0.05507487382019012,0.006123037515628124
CNT,Ndufb11,136,1.5706552267074585,0.5932712215320911,0.10254414009884,0.05835841463768262,0.005984313446552722
CNT,Cyc1,137,1.4272723197937012,0.4412442396313364,0.11246635890235357,0.053101799415512504,0.005972166031425819
CNT,Rpl23,138,1.5943405628204346,0.48363697705802966,0.11624316894647785,0.05132116430166084,0.005965734772447909
CNT,Rpl7,139,1.4100980758666992,0.4053043182590955,0.13023426234203728,0.04560466002192034,0.005939289257314193
CNT,Ndufab1,140,1.6965303421020508,0.5533794162826421,0.10615999393865522,0.055926945887595426,0.0059372042364346286
CNT,Hba-a1,141,1.3534746170043945,0.12016718913270638,0.17416859775843102,0.03403860634061964,0.005928456335996962
CNT,Ndufs8,142,1.2598152160644531,0.3723825693265421,0.12532160825910796,0.047294635648456436,0.0059270398014931
CNT,Ndufs7,143,1.399003028869629,0.463659961064244,0.11633239520263072,0.050305094644988745,0.005852112150946573
CNT,Ndufa5,144,1.5843056440353394,0.7161708619374523,0.10994136363237261,0.05310413391767445,0.005838340897425258
CNT,Rps24,145,1.3341491222381592,0.39271099744245525,0.11970497832049197,0.0485845464012023,0.005815812073666857
CNT,Rpl11,146,1.4963866472244263,0.5283752860411899,0.11885520032185795,0.04869822491844293,0.005788037278000429
CNT,Rps2,147,1.4618339538574219,0.47981283422459897,0.10996631957370528,0.05246605107350394,0.0057694985391192775
CNT,H3f3b,148,1.3976995944976807,0.42947312470932164,0.10692845201513564,0.053948624866469695,0.005768642945316858
CNT,Ndufa1,149,1.6887383460998535,0.6336317135549873,0.10343453778174672,0.05544451750972962,0.005734878041150845
CNT,Cd63,150,1.430596113204956,0.414520624303233,0.12621059964148207,0.04539056671995433,0.005728770643792136
CNT,Rpl17,151,1.457935094833374,0.4738363249163371,0.11377170315169532,0.04993264611292421,0.005680922191138266
CNT,Rps9,152,1.5685739517211914,0.5463724618348895,0.1063936623751506,0.053161183154729376,0.005656012972027821
CNT,Hba-a2,153,1.3702852725982666,0.09800099950024987,0.1762351252408616,0.03165644936573338,0.005578978318651015
CNT,Etfb,154,1.434551477432251,0.45054945054945056,0.10652295533505655,0.05229307938780638,0.0055704133599598655
CNT,1110001J03Rik,155,1.4601668119430542,0.4844913151364764,0.10991814228526017,0.05046950569914179,0.005547514308505017
CNT,Rps27,156,1.7140941619873047,0.638235294117647,0.10186481402819667,0.054307963488353386,0.005532070600991213
CNT,Myl6,157,1.5241634845733643,0.566233140655106,0.0997094680005895,0.05439746747055889,0.0054239425420688
CNT,Rps6,158,1.4814801216125488,0.4703081232492997,0.10387829488116568,0.05188410999988573,0.005389632878214966
CNT,Mgst3,159,1.4529976844787598,0.477063880243071,0.10561034159677661,0.050804241121116075,0.005365453259366074
CNT,Nudt4,160,2.0258727073669434,0.5765984654731457,0.10288039121260796,0.05186817036447332,0.005336217658579214
CNT,Myeov2,161,1.4071179628372192,0.37254901960784315,0.104237826665672,0.0501511748566507,0.0052276494717873635
CNT,Atp5g3,162,1.6620450019836426,0.5383764765016336,0.10162764606135627,0.05137618046207868,0.005221240283984499
CNT,Rpl23a,163,1.4863109588623047,0.43993465694898215,0.1109698826090583,0.0469603483129877,0.005211184339572733
CNT,Rpl38,164,1.7126550674438477,0.5446291560102302,0.09410748329605938,0.055125955665829375,0.005187764952001348
CNT,Rpl37a,165,1.61052405834198,0.7142638558313499,0.1018956730580902,0.05044431110951568,0.0051400570324557976
CNT,Ndufb2,166,1.7384945154190063,0.5545112781954887,0.09002317646805628,0.056568295290057836,0.005092457629393993
CNT,Mif,167,1.6060290336608887,0.4802827380952381,0.09169141526069789,0.05524920343398837,0.005065877654888603
CNT,Vamp8,168,1.2214833498001099,0.35599078341013823,0.1120532418746448,0.044929182778147295,0.005034460585069864
CNT,Rpl35,169,1.7231316566467285,0.6530748663101604,0.09280360432048043,0.054189124511681654,0.005028946069655351
CNT,Eif4a2,170,1.3261072635650635,0.282181452626288,0.10849184591409985,0.04627155719777162,0.005020086653706097
CNT,Sec61g,171,1.5181596279144287,0.47817069024141445,0.09367770306376988,0.053460708455227726,0.005008076372247595
CNT,Rps27a,172,1.5067232847213745,0.4746167378738376,0.10643272313194646,0.046804004818309,0.00498147768629337
CNT,Rps14,173,1.6064269542694092,0.6932126696832579,0.0894007737143654,0.05570135877788559,0.00497974457168443
CNT,Ndufa8,174,1.2768096923828125,0.39123242349048803,0.10432876343741085,0.047686909867841784,0.004975116338663198
CNT,Ndufb3,175,1.198425531387329,0.3659147869674185,0.1024233641852608,0.04828703017186707,0.004945720076717817
CNT,Bsg,176,1.2335665225982666,0.32514662756598245,0.0975031862764686,0.05026432382961097,0.004900931729419298
CNT,Atp5a1,177,1.7316665649414062,0.6094470046082949,0.09343837400657709,0.052370257089874285,0.004893391668784269
CNT,D8Ertd738e,178,1.2825133800506592,0.3708685341633319,0.09787939795659803,0.04927438867575877,0.00482294749826268
CNT,Suclg1,179,1.2429888248443604,0.3318077803203661,0.10548185820358093,0.045360080679135266,0.004784665598299537
CNT,Pfn1,180,1.4347666501998901,0.49008145034156597,0.08963717638574704,0.053269102705038415,0.004774891955082004
CNT,Rpl26,181,1.5724899768829346,0.5231720920799108,0.09329921023272658,0.05096311269092004,0.004754818165064285
CNT,Rbx1,182,1.2315106391906738,0.35401002506265666,0.0963558317416718,0.04932677742744962,0.00475292266615823
CNT,Rps28,183,1.4890522956848145,0.5073271413828689,0.09806262351345661,0.04836057522899287,0.004742364881574923
CNT,Romo1,184,1.5189688205718994,0.445468509984639,0.09753308898359651,0.0485764618709994,0.004737812378172467
CNT,Slc25a3,185,1.6732547283172607,0.5687848383500558,0.08557695391821776,0.05413283218408704,0.004632522885280232
CNT,Rpl36a,186,1.248979091644287,0.3429756220155818,0.09241341206400983,0.04926377660255514,0.004552633687001254
CNT,Tpt1,187,1.350915789604187,0.4078054298642534,0.09029718943035814,0.05038927460121664,0.004550009873924393
CNT,Rps4x,188,1.435633897781372,0.36862041467304624,0.0923537545234985,0.04921869440416236,0.0045455312209691
CNT,Eno1,189,1.461756944656372,0.4236460717009916,0.08704471121772688,0.051385691296252776,0.004472852659605584
CNT,Rps29,190,1.5419590473175049,0.7235988941945213,0.09082115234010732,0.04920450944397223,0.004468810248031251
CNT,Rpl14,191,1.606562614440918,0.5219298245614035,0.09536504947909283,0.046793334387298095,0.004462448649136419
CNT,Ndufb9,192,1.7345561981201172,0.6201996927803379,0.09369153786431,0.04758653410492533,0.004458455561922891
CNT,Ndufb7,193,1.574617624282837,0.5337461300309597,0.08899833714629748,0.049345203136306456,0.004391641025277538
CNT,Cisd1,194,1.3830626010894775,0.4101727982162765,0.08619023882722807,0.05033969294674059,0.004338790157568899
CNT,Rpl13,195,1.724827527999878,0.6482608254740898,0.0797618397562509,0.05437869520679056,0.004337344773238038
CNT,Cyb5a,196,1.3570196628570557,0.3893374741200828,0.09419155745655607,0.04450990669128052,0.004192457433497699
CNT,Ndufb5,197,1.5689618587493896,0.5069272125723738,0.08546137123812253,0.04870143551994629,0.004162091460799617
CNT,Sod2,198,1.4641273021697998,0.4367658276125095,0.08397800450715462,0.04882192978222641,0.004099968239299796
CNT,H2afj,199,1.503523588180542,0.4691950464396285,0.08046847077482963,0.05084409180406811,0.0040913463154084095
CNT,Oaz1,200,1.6606645584106445,0.6046365914786967,0.07850722561088894,0.052024714828353566,0.004084316024371712
CNT,Ybx1,201,1.4374010562896729,0.4236460717009916,0.08171631250973507,0.048482347272879395,0.0039617986409561145
CNT,Bri3,202,1.2147085666656494,0.35683229813664596,0.0846152129577469,0.04631836011715469,0.003919237905166655
CNT,Ndufv3,203,1.5601056814193726,0.468671679197995,0.08743971937056808,0.04449930016223118,0.0038910063183721687
CNT,Hint1,204,1.378002405166626,0.4440356744704571,0.07951346276328794,0.047707308692059094,0.003793373313222724
CNT,Tceb2,205,1.6402984857559204,0.5777089783281734,0.07042249373316595,0.05383034097357673,0.0037908668498658933
CNT,Rpl10,206,1.5429201126098633,0.4510230179028133,0.07218419412611513,0.05199604902105408,0.003753292896326766
CNT,Mrpl42,207,1.2181681394577026,0.3929824561403509,0.07404492800986309,0.050606030893991086,0.0037471199144104776
CNT,Tmem256,208,1.19025456905365,0.3400854486051772,0.07552073862896458,0.04947495578454786,0.003736385204484418
CNT,Rps17,209,1.5633594989776611,0.462174221681371,0.07174721037757253,0.05194783470258564,0.003727112225065775
CNT,Hagh,210,1.1807236671447754,0.28701636904761907,0.07582190805898753,0.049053096244483015,0.0037192993534578577
CNT,Ndufv2,211,1.3753105401992798,0.4289525691699605,0.07538255865362328,0.04812929055363367,0.003628109068116567
CNT,Ndufa6,212,1.7835793495178223,0.6279569892473118,0.06688511092767074,0.05385423664537514,0.0036020465919509473
CNT,Mdh2,213,1.3426737785339355,0.44336349924585217,0.08557427588551694,0.041529908114811484,0.0035538918145170467
CNT,Mrps21,214,1.2956459522247314,0.37749615975422424,0.07875649910977527,0.04491471005088997,0.00353732532213873
CNT,Akr1a1,215,1.4706510305404663,0.381299672744273,0.09142943516280097,0.03817990119223559,0.0034907668005776512
CNT,Rpl18a,216,1.6003901958465576,0.5677655677655677,0.06564708848308115,0.05312182840573293,0.003487293369734203
CNT,Gng5,217,1.4438222646713257,0.4633642930856553,0.06370776740521322,0.05455507581555987,0.0034755820808314614
CNT,Rpl8,218,1.4938758611679077,0.4548265460030166,0.06804421001101392,0.051008819572391506,0.0034708548313977248
CNT,Nop10,219,1.313209056854248,0.4673531655225019,0.06708152677947356,0.051259912724194834,0.003438593208121553
CNT,Uqcrc1,220,1.4232215881347656,0.39337435514948105,0.07971113304442574,0.04279070838643863,0.003410895849256634
CNT,Ubc,221,1.4662330150604248,0.5451417561244152,0.06512929904562738,0.0518344226127449,0.0033759396112028927
CNT,Pfdn5,222,1.314466953277588,0.3722473604826546,0.06788670431250513,0.04968747659327384,0.003373119031522101
CNT,Hnrnpa2b1,223,1.2607125043869019,0.3203872673131738,0.0791591038985955,0.041051778288197345,0.0032496219827375205
CNT,Ndufs6,224,1.4872701168060303,0.43894009216589863,0.06678357049038511,0.04783000745506412,0.0031942586744309197
CNT,Rps13,225,1.2867904901504517,0.35485036119711044,0.06378457371762147,0.04969050315766983,0.003169487561726094
CNT,Rpl28,226,1.3409743309020996,0.3431372549019608,0.060871434439266375,0.04978270295708963,0.0030303445392619536
CNT,Rps3,227,1.4924135208129883,0.45109351432880845,0.06038532679318717,0.04948497569478807,0.0029881664286827017
CNT,Ndufs2,228,1.2271342277526855,0.34511993382961126,0.0656527924341855,0.04529089194984432,0.002973473528342252
CNT,Rps26,229,1.2303290367126465,0.35798319327731093,0.06260332378393461,0.0474939082814775,0.0029732765179098296
CNT,Rpl13a,230,1.5228724479675293,0.5269820971867007,0.05449339361733943,0.05452413734143372,0.002971205277792623
CNT,2410015M20Rik,231,1.5956435203552246,0.5168338907469342,0.05902737602355798,0.049743614344065504,0.002936235028658007
CNT,Eef1a1,232,1.5318409204483032,0.4956140350877193,0.062223733560263984,0.04712465653231655,0.002932272072185819
CNT,Nedd8,233,1.1733648777008057,0.3186176142697882,0.0640215751028232,0.045565365952484026,0.0029171664984145797
CNT,Rps10,234,1.2465159893035889,0.313964101003955,0.06231595911276256,0.046356738010204214,0.002888764590444932
CNT,Park7,235,1.3199057579040527,0.4324450677886863,0.05544175240341466,0.05198883964979513,0.0028823523756047686
CNT,Gabarapl1,236,1.2857282161712646,0.3458931419457735,0.06800886715110797,0.0422190974195172,0.0028712729876436307
CNT,Tpi1,237,1.1931675672531128,0.3645173453996984,0.0651554431510756,0.043966186174560745,0.002864636343866199
CNT,Lamtor2,238,1.2095987796783447,0.32295465170640486,0.06388822498659738,0.04456599838855408,0.0028472425318002794
CNT,Rplp0,239,1.4118566513061523,0.4542986425339367,0.05428729500184883,0.05181030326863214,0.002812641217679486
CNT,Ndufa3,240,1.6299420595169067,0.6604010025062657,0.05594845853846892,0.050132138206005615,0.002804815855863499
CNT,Rpl39,241,1.3817081451416016,0.38466507990479426,0.05586513016527195,0.04696863281976565,0.002623908786161072
CNT,Shfm1,242,1.4348870515823364,0.4116059379217274,0.05100462669075813,0.05077776923448481,0.0025899011639943605
CNT,Hsp90ab1,243,1.5231510400772095,0.4585812356979405,0.05412684828902141,0.047667283067470215,0.0025800797989427994
CNT,Ndufc2,244,1.246828317642212,0.36538461538461536,0.04892814974859095,0.052299086762613245,0.0025588975488356914
CNT,Tomm7,245,1.3258719444274902,0.3958720330237358,0.056994178245736174,0.04439026332403867,0.0025299865802654252
CNT,Calm2,246,1.4170640707015991,0.4578283299148487,0.052512211489145415,0.04800220519491644,0.002520701951140807
CNT,Rpl29,247,1.1745939254760742,0.36139068344100644,0.0542344471555315,0.04594644945501699,0.002491880284952418
CNT,Rpl34,248,1.480836272239685,0.506484041216386,0.05914276557049958,0.04179861494531768,0.0024720856848825037
CNT,Sec61b,249,1.1957114934921265,0.34296724470134876,0.0541931331569076,0.045467648303799374,0.0024640343188592436
CNT,Gpx3,250,1.4627538919448853,0.7507465963987703,0.08009238070303429,0.0301169349077433,0.002412137016239479
CNT,Minos1,251,1.5477851629257202,0.5871615454822026,0.04652834634710006,0.05017606375627544,0.002334609272786158
CNT,Tspo,252,1.2990849018096924,0.348355629877369,0.04577861952723436,0.050092090620526254,0.0022931467578408164
CNT,Rpl24,253,1.5139833688735962,0.5220330237358102,0.04560979854927936,0.05011903130964156,0.002285918921517776
CNT,Rpl4,254,1.215263843536377,0.2957152496626181,0.04947461832407328,0.044993698250509626,0.0022260460479324876
CNT,Gpx4,255,1.6653871536254883,0.581989247311828,0.048492129579759374,0.04459282842019791,0.0021624012140802136
CNT,Acat1,256,1.2258424758911133,0.328564749883123,0.04802891389936124,0.04436468016047844,0.002130787403600319
CNT,Actg1,257,1.6682071685791016,0.5219814241486068,0.04547593528900879,0.04654125859777006,0.002116507264261215
CNT,Rpl18,258,1.2856179475784302,0.34432186891628813,0.045606048306942024,0.04597234960342609,0.002096617196797477
CNT,Psma7,259,1.2332745790481567,0.3587555253315199,0.04526821933157798,0.045920079077069756,0.0020787202113841984
CNT,Rps7,260,1.356259822845459,0.3867254842308082,0.045810021337994486,0.04537267771081101,0.002078523334094199
CNT,Timm8b,261,1.3532626628875732,0.3845060412224591,0.04845568715714994,0.04249837790546755,0.002059288104473669
CNT,Rps19,262,1.8165078163146973,0.5935314685314685,0.04132991022340249,0.049716293900794226,0.002054769963560118
CNT,Anapc13,263,1.2596229314804077,0.3791404875596884,0.0385445265146703,0.04930528578850267,0.001900448895388338
CNT,Atox1,264,1.4953646659851074,0.5102384291725105,0.043180452681214496,0.04391843966936332,0.0018964181059757165
CNT,Hspe1,265,1.455533742904663,0.37260127931769726,0.039956009354982676,0.04669831653593648,0.00186587837237182
CNT,Rps8,266,1.5074877738952637,0.5073274396463787,0.03802891115325425,0.0488785285024962,0.0018587972177232335
CNT,Rps27l,267,1.3956139087677002,0.445468509984639,0.04000203433846277,0.04638244318768771,0.0018553920850956822
CNT,Sub1,268,1.2420480251312256,0.35599078341013823,0.04092183878150633,0.04461257047690497,0.0018256284166844941
CNT,Naca,269,1.269108772277832,0.3715538847117794,0.04166295862089129,0.043316639696673445,0.0018046993672785627
CNT,Rps16,270,1.4966576099395752,0.45560224089635853,0.035332004621929314,0.0507193694273166,0.0017920169950272904
CNT,Cd81,271,1.2665796279907227,0.3128342245989305,0.0425068115579208,0.04150564448582264,0.0017642726087489175
CNT,Ndrg1,272,1.348680019378662,0.3371516164994426,0.048494467435138515,0.036207659727563526,0.0017558711755609057
CNT,Rplp2,273,1.4853641986846924,0.44004127966976264,0.03573022585131211,0.0483592188920618,0.0017278858130064074
CNT,Gpx1,274,1.6485686302185059,0.4186335403726708,0.04746063951526412,0.035885211510349235,0.0017031350874216918
CNT,Son,275,1.180700421333313,0.2972120472120472,0.04446061137326336,0.03684851578238802,0.0016383075398823154
CNT,Rps25,276,1.4771592617034912,0.40525331519891195,0.03759628460329692,0.042652294338646826,0.001603567796939356
CNT,Rpl27a,277,1.4473638534545898,0.47239034342060526,0.03152767135259524,0.04820285968263005,0.0015197239183292234
CNT,Kap,278,1.847778081893921,0.6940883190883191,0.05533360885994143,0.027229055779070428,0.001506681922104611
CNT,Arpp19,279,1.3458877801895142,0.3922305764411027,0.028852403304824165,0.04879010991974091,0.0014077119286910668
CNT,Ndufa2,280,1.5475678443908691,0.6363959030524288,0.02629847110076165,0.05040977002178114,0.0013256998801138523
CNT,Rpl9,281,1.4887237548828125,0.4613810741687979,0.027053011929781427,0.04496234625491902,0.0012163668896252875
CNT,Rps23,282,1.5915191173553467,0.5673453996983409,0.023875942969144498,0.049581384586324925,0.001183802310714314
CNT,mt-Nd4l,283,1.3011248111724854,0.6219814241486068,0.031627699427552405,0.03578665788155155,0.0011318496589943616
CNT,Morf4l1,284,1.2801053524017334,0.3842621259029928,0.020522202310801145,0.050097516349353534,0.0010281113657901013
CNT,Spink1,285,1.6480456590652466,0.30579710144927535,0.03569996449401097,0.028453840698296644,0.0010158011026474346
CNT,Rps21,286,1.2812782526016235,0.3834631817039457,0.017605886506601016,0.04595395746724636,0.0008090601596975098
CNT,Rps11,287,1.6090195178985596,0.47318421713998493,0.016561218729430303,0.0423678593264059,0.0007016633854023418
CNT,Eef2,288,1.2240660190582275,0.34500381388253243,0.01692618227529765,0.039327429755187396,0.0006656632444552663
CNT,Rpl27,289,1.3415327072143555,0.4100155624722099,0.012432323687033661,0.05028908693435695,0.0006252102066933009
CNT,Aldob,290,1.271010160446167,0.16575235109717867,0.018313818041212196,0.03052348019789012,0.0005590014623287033
CNT,Rps3a1,291,1.2916958332061768,0.3696794534944824,0.011440897942707133,0.048207765150196,0.000551540121129386
CNT,Idh2,292,1.2825559377670288,0.386823436678928,0.012808747792580372,0.04202562664220938,0.0005382956524852062
CNT,Atpif1,293,1.561218500137329,0.5748194014447885,0.009894525969721027,0.04955802353688486,0.0004903531508937531
CNT,Rpl10a,294,1.1955657005310059,0.31266968325791855,0.009641509544991612,0.043388553184650604,0.000418331149673185
CNT,mt-Nd5,295,1.2174994945526123,0.551702786377709,0.010880969728195598,0.030612206875392768,0.00033309049632440987
CNT,Acy3,296,1.1745567321777344,0.2398018648018648,0.01079693332271201,0.02669345471180113,0.0002882074506761495
CNT,Hspa8,297,1.579876184463501,0.5372503840245776,0.006872515363612278,0.041558339553955194,0.0002856103270707729
CNT,Rplp1,298,1.5658838748931885,0.5126598465473147,0.00520255170784216,0.04652359895798607,0.00024204142921383415
CNT,Actb,299,1.8492732048034668,0.4630811761749183,0.0005012861995116416,0.0370208422703328,1.8558037324415064e-05
CNT,Rps5,300,1.517256736755371,0.43358395989974935,-0.0003206135365928648,0.04474379470291131,0.0
DCT,Wfdc15b,1,1.901411771774292,0.6902595664971902,0.4697237798657038,0.08524354307051482,0.04004091926022715
DCT,Fxyd2,2,0.9891015291213989,0.9850746268656716,0.4981872852014049,0.07595380992298438,0.03783922236623512
DCT,Egf,3,2.210773468017578,0.7379245283018867,0.46439486918490147,0.07382412407819448,0.034283544443983065
DCT,Pvalb,4,2.003966808319092,0.5397632890365448,0.4212122507068651,0.07148840992054109,0.030111794042086096
DCT,Klk1,5,2.6240243911743164,0.6587333602258976,0.41384697774069157,0.06893125449311015,0.0285269913438481
DCT,Umod,6,2.408707618713379,0.6390142311697328,0.389369932499659,0.06947665761608261,0.027052121486276007
DCT,Ckb,7,1.3724292516708374,0.5044372730939894,0.38135338305586586,0.06875156787145939,0.026218642998176014
DCT,Kl,8,1.5606240034103394,0.5007627118644068,0.40280198789993615,0.06023758129770938,0.024263817493001355
DCT,Mt1,9,1.4868593215942383,0.8218816067653277,0.33912709133696134,0.0677519152493001,0.02297650995100346
DCT,Spp1,10,1.6354877948760986,0.6546741883490674,0.37485990693930826,0.060688074971626094,0.02274952613618952
DCT,S100g,11,2.3501012325286865,0.43042547497993044,0.36290451371904586,0.060163142706686476,0.021833476047779615
DCT,Calb1,12,2.4673476219177246,0.5496918335901386,0.3733312600411185,0.058352723341662215,0.021784895731973543
DCT,Cox6b1,13,1.0682263374328613,0.9034883720930232,0.3282708662848201,0.06617329815473831,0.021722765910179635
DCT,Atp5l,14,0.9748353958129883,0.9172230782400275,0.32463762751566017,0.06630129784621211,0.02152389603400345
DCT,Atp5g1,15,1.1276243925094604,0.8866239120476409,0.2916612553317296,0.0736655437691219,0.021485384970396565
DCT,Malat1,16,3.681440830230713,0.9180681818181818,0.3381188838731482,0.06290079919672499,0.02126794801912567
DCT,Ndufb8,17,1.283704161643982,0.7285353535353536,0.32528659862816,0.06528822446973102,0.02123738446823061
DCT,Cycs,18,1.1125130653381348,0.8189898989898989,0.3242078359201378,0.06191731610774124,0.020074079061273876
DCT,Ldhb,19,1.5725407600402832,0.845034503450345,0.3256131234062899,0.05850464550706356,0.01904988035733273
DCT,Uqcrb,20,1.1715562343597412,0.7314851485148515,0.2935630452721675,0.063449103617958,0.018626312077877048
DCT,Clu,21,1.6140029430389404,0.5304878048780488,0.3403592168731847,0.05411404792222672,0.018418214972647073
DCT,Fabp3,22,1.2441439628601074,0.4978011727078891,0.2996732051253539,0.06041551979668704,0.018104912456787473
DCT,Tmem213,23,1.3442656993865967,0.7935752877613342,0.2818501392876242,0.06252345232032189,0.017622243745225856
DCT,Mgst3,24,1.4242351055145264,0.6103612956810631,0.27942800798084294,0.06281216752427325,0.01755147884826667
DCT,Uqcrq,25,1.035880446434021,0.889519439748853,0.2626284326984031,0.06612080373894771,0.01736520305471855
DCT,Cox5b,26,1.0116679668426514,0.8836519446275544,0.24205251133287842,0.06820762576792938,0.016509827109180458
DCT,Ndufb9,27,1.3114323616027832,0.7667712355212355,0.24905004399638012,0.06546487388738081,0.01630402972186967
DCT,Atp5j2,28,1.2782909870147705,0.8471771284271284,0.2446249819045599,0.06617606710241034,0.01618831921744207
DCT,Uqcrh,29,1.0661864280700684,0.8123821495914519,0.2524471136653045,0.06255987199580408,0.015793059116611653
DCT,Atp1a1,30,1.3532483577728271,0.9226865671641791,0.25048149703388456,0.060151955298503944,0.015066951812684573
DCT,Ppp1r1a,31,1.960313081741333,0.7622167622167622,0.2272403353902061,0.06601263254333721,0.015000732759138382
DCT,Idh2,32,1.5109702348709106,0.5589285714285714,0.25348306887295313,0.05850660427122073,0.014830433600004458
DCT,Atp1b1,33,1.5495216846466064,0.8612001832340815,0.24061945202514134,0.06110930815043011,0.014704088240791996
DCT,2010107E04Rik,34,1.1973628997802734,0.8077691897654584,0.24437713108475176,0.05949192614685066,0.014538466234473293
DCT,Cox5a,35,1.2556713819503784,0.8086890243902439,0.24586252514252008,0.05706452071973146,0.014030027160200834
DCT,1110001J03Rik,36,1.270359992980957,0.5623214285714285,0.22780347450258964,0.061374055011573315,0.013981222975949475
DCT,Ndufa1,37,0.97435462474823,0.8046825895663106,0.23496371631546736,0.05812240302054998,0.013656655814893769
DCT,Ndufb4,38,1.2164719104766846,0.765,0.22088657573547832,0.061449422763022024,0.01357335257504569
DCT,Atp5o,39,1.2982163429260254,0.7274608013937283,0.231582408197939,0.058455413754540705,0.013537245489483462
DCT,Ndufb11,40,1.3594374656677246,0.7264720077220077,0.230976073164129,0.05804578666871209,0.013407187868461866
DCT,Mpc1,41,1.2978100776672363,0.6256053268765133,0.24493892403690568,0.05457123012591629,0.013366618390412309
DCT,Atp5h,42,1.2629845142364502,0.7537373737373738,0.22023634993523444,0.06035022590415984,0.013291313470898996
DCT,Slc16a7,43,1.1518561840057373,0.4521428571428572,0.24846637833577312,0.052080890341312316,0.012940350203608418
DCT,Ndufa12,44,1.3566573858261108,0.6932142857142857,0.21688920249230498,0.05945315378236371,0.01289474710950923
DCT,Ndufs8,45,1.1018259525299072,0.495,0.22193598631195063,0.05590078263923311,0.012406395330648166
DCT,Sgms2,46,1.2700328826904297,0.49257425742574257,0.2677518308102961,0.046292639208815045,0.012394938901200725
DCT,Oxct1,47,1.6047651767730713,0.5649518440216115,0.20603793935762274,0.05951581905662682,0.012262516717608524
DCT,Ndufc1,48,1.2471812963485718,0.8165804385316581,0.21161809728890557,0.05714943393343482,0.012093854470131492
DCT,Dbi,49,1.3834900856018066,0.7439285714285715,0.2072910073132722,0.058022860144358146,0.012027617126521116
DCT,Ndufb6,50,1.2314398288726807,0.615530303030303,0.2136440655824477,0.05473796332008842,0.011694441025406586
DCT,Slc25a5,51,1.2447257041931152,0.8307142857142857,0.21663482719671218,0.05247772624257592,0.011368503156236802
DCT,Atp5f1,52,1.2914543151855469,0.61625,0.20834250746814556,0.05346627375252768,0.011139297538579913
DCT,Cd63,53,1.4129631519317627,0.617288961038961,0.20908013572057974,0.05178825151562978,0.010827894655619393
DCT,Sdhb,54,1.352600336074829,0.659957627118644,0.21246773479435446,0.05052446086855543,0.010734817752447974
DCT,Ndufb5,55,1.2693973779678345,0.5539772727272727,0.19652147770281359,0.05406264126621788,0.010624470150154247
DCT,Ndufs7,56,1.359680414199829,0.5846428571428571,0.20283377481384396,0.05007028787419497,0.010155945495538804
DCT,Atp5g3,57,1.430001974105835,0.7615310311518957,0.19384776954775323,0.05154111822012588,0.009991130806968467
DCT,Ndufc2,58,1.2623999118804932,0.5128571428571429,0.17917289385659813,0.055717633937700316,0.009983089711460369
DCT,Mif,59,1.3795464038848877,0.6248780487804878,0.19770696350362016,0.0487911357070357,0.009646347286531085
DCT,Ndufa7,60,1.3365185260772705,0.7326157034308082,0.1683533156661901,0.05684267196707241,0.009569652296982237
DCT,Ndufa2,61,1.2892292737960815,0.7387287509238729,0.17985800011247782,0.05283322413664722,0.009502478032711661
DCT,Slc25a3,62,1.3373773097991943,0.6827200577200577,0.17151314287334493,0.055323609406245436,0.009488726124362502
DCT,Ndufa3,63,1.1288468837738037,0.6843485276321097,0.16399857932317413,0.05658257329671561,0.009279461635110729
DCT,Ndufv2,64,1.2772406339645386,0.5348837209302326,0.1776433286768735,0.052024680333539616,0.009241837387800255
DCT,Abca13,65,1.0252357721328735,0.4163135593220339,0.19898979093193891,0.046247675110609246,0.009202815201348368
DCT,Sfrp1,66,1.173415184020996,0.4382142857142857,0.1926267235489035,0.04761694781099459,0.009172296642231022
DCT,Wfdc2,67,1.37465238571167,0.4759958553994934,0.19193466147155466,0.04670450805047345,0.008964213941863121
DCT,Ndufb2,68,1.346091628074646,0.699750830564784,0.16899859512176008,0.052333166436370926,0.008844231606019933
DCT,Atp5b,69,1.020737648010254,0.887266023823029,0.16760685044721035,0.0525929573921677,0.008814939944205557
DCT,Wnk1,70,1.605934739112854,0.8630357142857144,0.1858329990726746,0.0474344105148828,0.008814878765225081
DCT,Kcnj1,71,1.1869679689407349,0.4406625409537678,0.17862756679514621,0.04838518906860091,0.008642928592247287
DCT,Rps27l,72,1.193245530128479,0.5260191197691197,0.17270112761921302,0.049700642814684545,0.008583357057495758
DCT,Itm2b,73,1.4866679906845093,0.8261453263970464,0.16460904896476147,0.051884261206670355,0.008540618893469274
DCT,Pkm,74,1.2623341083526611,0.5299205899035735,0.16660872226757167,0.048954298746767835,0.008156213163703975
DCT,Cox7b,75,1.3048102855682373,0.7984725301798472,0.150274150375026,0.05376647887784578,0.008079711932025056
DCT,Ndufb10,76,1.339160680770874,0.6009650072150072,0.14261847763288144,0.055297744222572075,0.007886480097555694
DCT,Atp5c1,77,1.320875644683838,0.5746428571428572,0.15593144915535342,0.05055120170306582,0.007882522138103623
DCT,Cisd1,78,1.1569876670837402,0.5662499999999999,0.14901297347325593,0.052458773269657324,0.007817037789670994
DCT,Ndufs6,79,1.3069541454315186,0.6225,0.13728358972285754,0.05616865497733052,0.007711034585192583
DCT,Defb1,80,1.8699438571929932,0.8618292682926829,0.15226835913110415,0.04857545446110728,0.007396504744840478
DCT,Ndufs4,81,0.993911623954773,0.35857142857142854,0.15248330845126618,0.04842619325366105,0.007384186163018623
DCT,Ndufb3,82,1.2376923561096191,0.49824324324324326,0.14701985742989504,0.049535140071816676,0.007282649231128369
DCT,Ubb,83,1.3335881233215332,0.7214851485148515,0.17475958950610798,0.04153195252729368,0.007258106975057007
DCT,Ndufa8,84,1.2283002138137817,0.5284189895470384,0.13374723417211548,0.05421401789578213,0.007250974946918432
DCT,Rpl41,85,1.238350510597229,0.8986474918678309,0.13580597304259753,0.053332790520669394,0.007242911511736529
DCT,Gabarapl1,86,1.4595582485198975,0.6110660173160174,0.15052454924394212,0.04695718433462888,0.007068209005734713
DCT,Neat1,87,1.373979091644287,0.49527027027027026,0.1589135166581866,0.04420627813143255,0.007024975116235835
DCT,Chchd2,88,1.3314815759658813,0.7799506694855531,0.13177284447728016,0.05233291725633841,0.0068960573666618525
DCT,Mdh1,89,1.4172415733337402,0.6953571428571428,0.14802998738381518,0.046527741333467904,0.00688750096259067
DCT,Mpc2,90,1.3000566959381104,0.6698214285714286,0.1308187340738437,0.052552839775644546,0.00687489597143536
DCT,Ndufa11,91,1.3637425899505615,0.6883567821067821,0.12584989392797996,0.05418287758879011,0.006818909397261958
DCT,Cyc1,92,1.3658366203308105,0.6101785714285715,0.12780230077803073,0.05284001088106036,0.006753074963735693
DCT,Prdx2,93,1.1763150691986084,0.450487012987013,0.1449569787887333,0.046015188810775945,0.006670222748403206
DCT,Ddx5,94,1.0611791610717773,0.42765605622157915,0.17474261267461416,0.03815297781200936,0.006666951024187099
DCT,Ppia,95,1.3263676166534424,0.7638888888888888,0.14022160807065162,0.047079286192555636,0.0066015332167385764
DCT,Atp5d,96,1.4041550159454346,0.7234848484848485,0.13318300436467284,0.04917993199418351,0.006549931097435656
DCT,Wnk4,97,1.0753084421157837,0.416,0.13274754192248345,0.049252958434206275,0.006538209164551132
DCT,Prdx5,98,1.2328200340270996,0.8485714285714285,0.13452073605091222,0.04802466063189827,0.006460312696798222
DCT,Rps29,99,1.1356217861175537,0.7733732675593141,0.11229910142973587,0.05699817369727652,0.006400843689340159
DCT,Kng2,100,1.5257456302642822,0.671,0.11621587491087755,0.054753991419573586,0.006363283017688426
DCT,Ndufa6,101,1.3369877338409424,0.7281746031746033,0.13328935369638373,0.04732425286252094,0.006307819078209654
DCT,Tceb2,102,1.2715001106262207,0.6302630263026303,0.12284757690627839,0.05075674506338026,0.006235343142685972
DCT,Spint2,103,1.1651872396469116,0.3806012478729438,0.12927189065714711,0.048149284219446226,0.006224349004836151
DCT,Cdh16,104,1.1785873174667358,0.35767590618336886,0.13638235209133454,0.04512210794209466,0.006153859212461956
DCT,Gm10076,105,1.213517427444458,0.47692048517520214,0.11886353126110971,0.05153732959466426,0.00612590898738949
DCT,Ndufb7,106,1.3537002801895142,0.6060155122655122,0.12625252973634504,0.04810085646642666,0.006072854811371197
DCT,H2afj,107,1.1976518630981445,0.5288248337028825,0.13383579682073984,0.045209218826914616,0.006050611825343311
DCT,Ndufs3,108,1.0715785026550293,0.4582432432432433,0.11649768825748824,0.05186200435366587,0.006041803615601865
DCT,S100a1,109,1.4165589809417725,0.7847490347490347,0.11708335184621305,0.050963402332015816,0.005966965966519522
DCT,Ly6a,110,1.2717854976654053,0.6771235521235521,0.12246948550978881,0.048318325219569455,0.0059175204303353246
DCT,Ftl1,111,1.0744903087615967,0.9108272198330383,0.14538600140360697,0.04050504174903529,0.005888866056578404
DCT,Ndufv3,112,1.3038721084594727,0.5987837837837837,0.12777929661165996,0.04596921303818889,0.005873913707811325
DCT,Cd81,113,1.3547377586364746,0.5537436188315372,0.11294883093606889,0.05183480167628176,0.005854680251139009
DCT,Smdt1,114,1.1374220848083496,0.5828614982578397,0.12057194322056453,0.04852606225193958,0.0058508816225584384
DCT,Slc25a4,115,1.0114091634750366,0.4870426829268293,0.12089336021180053,0.04818413726279968,0.005825142262606482
DCT,Ndufab1,116,1.2787067890167236,0.6051829268292683,0.1240874350805535,0.04687408594848885,0.0058164850970933955
DCT,2410015M20Rik,117,1.3334355354309082,0.5978282828282828,0.11958096122403655,0.048353114875894256,0.005782111955035696
DCT,Tmem256,118,1.1989095211029053,0.4752457226064798,0.13769951842364875,0.04180471339189752,0.005756488901902949
DCT,Mrps21,119,1.1304652690887451,0.486506859641188,0.12566159980744734,0.04419963376219723,0.005554196689460967
DCT,Prdx1,120,1.0933053493499756,0.8101785714285714,0.11866331729804265,0.04664668900602292,0.005535250858424816
DCT,Serf2,121,1.4151959419250488,0.7813330113499155,0.09903242239233409,0.055068922878271406,0.0054536088311718444
DCT,Sdc4,122,1.320966362953186,0.4907679957184908,0.12114762962257591,0.04460361865097985,0.005403622672155526
DCT,Ybx1,123,1.4096734523773193,0.4894720301697046,0.12705956242686117,0.04202579626753971,0.005339779284394011
DCT,Atpif1,124,1.255255103111267,0.6848977580684898,0.10938680198104656,0.047400408846202266,0.005184979136280175
DCT,Cox20,125,1.1414623260498047,0.421720297029703,0.11281631563801145,0.04541605456092505,0.005123671946378469
DCT,Hspe1,126,1.0870890617370605,0.47728813559322036,0.10662717794080068,0.04761571263073703,0.005077129063455628
DCT,Gpx3,127,1.358593225479126,0.8051386138613861,0.1436233231278348,0.034979598549796244,0.005023886185399327
DCT,Rps11,128,1.2612555027008057,0.5325757575757576,0.10670947148350031,0.04681431136725291,0.004995530423863579
DCT,Uqcrfs1,129,1.2823314666748047,0.5726829268292684,0.1042660221588241,0.0472295218279585,0.0049244343694645875
DCT,Sepw1,130,0.977436363697052,0.35590823381521053,0.1176574538663151,0.04167043773976221,0.004902837605955227
DCT,Minos1,131,1.2559385299682617,0.6994449806949807,0.10114134529062699,0.04741510882676824,0.004795627893840822
DCT,Rpl21,132,1.3664727210998535,0.5777616279069768,0.11208291125224487,0.04205108226974958,0.00471320772210119
DCT,Etfb,133,1.2374637126922607,0.5930357142857143,0.09362413385743995,0.049192631298087326,0.004605617497451818
DCT,Ndufa13,134,1.2759966850280762,0.8118918918918918,0.08915163175065302,0.051578664510353534,0.0045983221046175145
DCT,Uqcrc1,135,1.2022324800491333,0.49716898954703836,0.08649351392930066,0.05038580812497824,0.004358045596896875
DCT,Rps24,136,1.0930439233779907,0.4535899535899536,0.0923236791807626,0.04711943766588334,0.004350239846242956
DCT,Mrpl42,137,1.1221436262130737,0.4479207920792079,0.09448695930609141,0.04566777056075621,0.004315008778574091
DCT,Rps15a,138,1.21333909034729,0.49390243902439024,0.09271154683911431,0.04649849745341135,0.004310947624600384
DCT,Aes,139,1.0477397441864014,0.3849470312884947,0.10082926288742383,0.04228994453437945,0.004264063934951518
DCT,Shfm1,140,1.290339708328247,0.6007637349100763,0.08354153146048013,0.050728016742608184,0.004237896206630364
DCT,Lamtor2,141,1.0226712226867676,0.44690144690144695,0.09097631609421634,0.046365031621761345,0.0042181197725396965
DCT,Hoxd8,142,1.1586134433746338,0.3978246539222149,0.10028827210929678,0.04076923228673745,0.004088675861259453
DCT,Atox1,143,1.306865930557251,0.6081313131313131,0.0799162605547109,0.05082509538907905,0.004061751565831677
DCT,Rpl24,144,1.316368818283081,0.5609679446888749,0.08576076918605598,0.04712375071211183,0.004041369108002664
DCT,Rps6,145,1.1774773597717285,0.48214285714285715,0.09545720462736479,0.042076111375174974,0.004016467973463869
DCT,Tmem52b,146,1.7141717672348022,0.7016107016107016,0.09361707810188395,0.04225891883935906,0.003956156505485453
DCT,Rpl14,147,1.435178518295288,0.5952548743246417,0.10033600238046878,0.03914605375955841,0.003927758543205011
DCT,Ndufa5,148,1.4032306671142578,0.7439784053156147,0.07858775246012974,0.0487722198494394,0.0038328991404587695
DCT,Nudt4,149,1.3525424003601074,0.456187707641196,0.09024686092842114,0.042297922525777486,0.0038172547317449727
DCT,Atp6v1e1,150,1.0164546966552734,0.3520472582972583,0.11731090565146296,0.03239317169310178,0.003800072308241104
DCT,Clcnkb,151,1.147981882095337,0.34574893390191896,0.09179878661118583,0.041319015104954754,0.0037930354506041054
DCT,Cox14,152,1.1091681718826294,0.4359217171717172,0.09207038049126418,0.04067344794533605,0.003744819828218717
DCT,Rpl9,153,1.1150634288787842,0.4974747474747475,0.08813613513294907,0.04194899995537963,0.0036972227287594135
DCT,Edf1,154,1.1393589973449707,0.4364285714285714,0.0944011509844795,0.038929516258780654,0.003674991142097902
DCT,Bag1,155,1.0746207237243652,0.39035278745644597,0.0798537328449383,0.04578385918892266,0.0036560120602825035
DCT,Gng5,156,1.1637941598892212,0.5089285714285714,0.08360375251863039,0.04296263004170499,0.003591837089556179
DCT,Rpl19,157,1.2839343547821045,0.5786435786435786,0.07846198092391932,0.04562714463221442,0.0035799961517457156
DCT,Gpx4,158,1.216465950012207,0.6373214285714286,0.08118249078468004,0.0432152448293198,0.003508321215113946
DCT,Mdh2,159,1.334993600845337,0.5112210424710424,0.08218343514910642,0.04195877873461121,0.0034483165710716256
DCT,Rplp1,160,1.34690523147583,0.6324404761904762,0.07600000323703929,0.0439738933448579,0.0033420160365544207
DCT,Tomm7,161,1.135907530784607,0.48214285714285715,0.07601637575807532,0.04310402521305499,0.0032766117772811405
DCT,Hint1,162,1.1998069286346436,0.5551785714285715,0.07327416664368394,0.043606131389446336,0.003195202938116668
DCT,Rpl18,163,1.074007272720337,0.43511627906976746,0.06830837047143526,0.046320757937057935,0.003164095493682229
DCT,Rps2,164,1.2616690397262573,0.5266053391053391,0.07435079829945981,0.04236621000771143,0.0031499615349959084
DCT,Rps5,165,1.1865254640579224,0.4621428571428572,0.07188158743088574,0.04366641336777509,0.003138811110288923
DCT,Atp5a1,166,1.3438515663146973,0.7248649283533004,0.06738312877373615,0.046406118019368676,0.0031269894263883167
DCT,Rpl23a,167,1.2234218120574951,0.46648454157782515,0.07316613657651326,0.04201958570355918,0.0030744107464751153
DCT,Eif1,168,1.289597988128662,0.6281103720128111,0.0679320570512934,0.04478823878716255,0.0030425571925164784
DCT,Atp5g2,169,1.421304702758789,0.5207305614282358,0.06828732533511844,0.044326953561616825,0.0030269690989768155
DCT,Rpl23,170,1.2635811567306519,0.5755112096575511,0.06368265413745763,0.04716884900714533,0.0030038374973839982
DCT,Rpl18a,171,1.3684866428375244,0.5523214285714286,0.06252768223784036,0.045167119522949,0.002824195297129511
DCT,Rpl37a,172,1.2720690965652466,0.7732478240952817,0.062093066328208234,0.04539280321438358,0.0028185783408140237
DCT,Rpl8,173,1.2190628051757812,0.46711672473867594,0.06352756796824968,0.04435053825546413,0.002817481833452455
DCT,Rplp0,174,1.2068394422531128,0.46117424242424243,0.06630297695190746,0.0421624106881652,0.002795493344094274
DCT,Romo1,175,1.3180609941482544,0.55625,0.06605213765412885,0.041955818873926354,0.0027712715236522805
DCT,Ubl5,176,1.173378348350525,0.5220852593733949,0.06164480099722516,0.04466465221068235,0.0027533435971377864
DCT,Rps9,177,1.2973885536193848,0.581663763066202,0.06542624173803305,0.04169049724739802,0.002727652551087064
DCT,Atp6v0e,178,1.299714207649231,0.49748053137883647,0.07103489708880599,0.03823221387766181,0.002715821378276927
DCT,Rsrp1,179,1.03749418258667,0.3904358353510896,0.06877541749514814,0.03924111140517914,0.002698823819864815
DCT,Rpl11,180,1.2243064641952515,0.6039851916376306,0.05954302838990211,0.045236035647509575,0.002693490554806286
DCT,Rpl39,181,1.1188952922821045,0.4441445182724253,0.06273098383754343,0.04257309677654523,0.002670652245803631
DCT,Rps27,182,1.333016276359558,0.6820167455405897,0.06311100008122608,0.04228864072114305,0.0026688784079869996
DCT,Myl6,183,1.3350112438201904,0.5648043108338061,0.0600006435710467,0.04426638202497084,0.002656011410060064
DCT,Atp6v1f,184,1.240692138671875,0.6864575992482969,0.06613092554680111,0.03997010343768828,0.002643259934535703
DCT,Sec61g,185,1.2151992321014404,0.5528092334494774,0.06088305726738981,0.04290273587413872,0.0026120497251528865
DCT,Cox17,186,1.199873447418213,0.4838929838929839,0.05640202762399614,0.045937351813968116,0.0025909597859846588
DCT,Pnkd,187,1.0458451509475708,0.40749584717607973,0.05717294853007911,0.04339395105510925,0.002480960130190533
DCT,Actg1,188,1.2809033393859863,0.6053781053781053,0.057406579636157876,0.04276689108423546,0.0024551009388180532
DCT,Rps27a,189,1.2044204473495483,0.4935966810966811,0.06226749080201451,0.03889247210937042,0.0024217366493378286
DCT,Rpl13a,190,1.2696430683135986,0.5627777777777778,0.05317551889230076,0.045144701709223974,0.0024005929386261217
DCT,Cyb5a,191,1.1739097833633423,0.4860714285714286,0.05876924484039196,0.040295760694206026,0.002368151426267637
DCT,Aco2,192,1.215621829032898,0.4519519519519519,0.05777374850212351,0.04089043698132335,0.0023623938223009057
DCT,Rpl36al,193,1.0505741834640503,0.4349956445993031,0.06330803230506653,0.03719340401179586,0.0023546412227141633
DCT,Rpl17,194,1.2516913414001465,0.44456596822472944,0.05673675439115181,0.04129624533703755,0.002343014928964248
DCT,H3f3b,195,1.0730862617492676,0.4438805970149254,0.06321392224937021,0.03667192627037012,0.0023181762959898137
DCT,Aldoa,196,1.4338092803955078,0.6237541528239203,0.053684235585242206,0.04308715188270886,0.002313100812368455
DCT,Rabac1,197,1.0851260423660278,0.4395121951219512,0.05578675021631406,0.04135347287041648,0.002306975861599044
DCT,Tpt1,198,1.2750911712646484,0.5324084734054801,0.055027660435580494,0.041224979459062706,0.0022685141711370834
DCT,Igfbp7,199,1.8359904289245605,0.6982142857142857,0.044867093710939686,0.05003526515040224,0.002244936930354812
DCT,Lamp1,200,1.0946887731552124,0.3726453726453727,0.05492599458292444,0.04036240305586474,0.0022169451316002395
DCT,Sod2,201,1.082451343536377,0.5227272727272727,0.05366868389831723,0.041269788225158616,0.002214895218806532
DCT,Ndufs5,202,1.2004789113998413,0.6336622034296453,0.04829603650359454,0.0456693588299606,0.0022056490211475347
DCT,Rps23,203,1.3515336513519287,0.5572735191637631,0.04836639401011757,0.04531738109027604,0.002191838309318942
DCT,Tmbim6,204,1.1863770484924316,0.40037712130735387,0.054415176465278145,0.03993565692210619,0.002173105818673215
DCT,Rps13,205,1.0022493600845337,0.4472222222222222,0.04857971775174015,0.04343551387311228,0.0021100850043575883
DCT,Rpl36,206,1.321333885192871,0.6368406125921724,0.04745946644859915,0.04409497005930392,0.0020927237520815185
DCT,Acat1,207,1.0226731300354004,0.3929268292682927,0.05502911545271219,0.037814011361590835,0.0020808715969471525
DCT,Ndufs2,208,1.1276335716247559,0.5174418604651163,0.051421499808400425,0.04024721938301237,0.0020695723837922207
DCT,Rps19,209,1.4403518438339233,0.7018728222996515,0.048741727244556055,0.0416575338733034,0.002030460153733409
DCT,Timm13,210,1.1178697347640991,0.44670731707317074,0.044862619229966455,0.045239257492375715,0.002029551583126859
DCT,Uqcc2,211,0.9949338436126709,0.40347490347490345,0.052682701745137187,0.0384686454431596,0.002026632174421408
DCT,Rpl35,212,1.3863348960876465,0.5948094809480948,0.04606954184280132,0.04384029620107875,0.0020197023602364014
DCT,Akr1a1,213,1.0974395275115967,0.43589285714285714,0.04736693438007328,0.042198343544845876,0.0019988061696365033
DCT,Gapdh,214,1.3400535583496094,0.5945899674713233,0.042721389838906214,0.04646537318301461,0.0019850653217618254
DCT,Psap,215,1.163679599761963,0.44039229504345784,0.04559575635304958,0.042102534431046314,0.0019196969017638685
DCT,Mrps36,216,0.9648575186729431,0.3015151515151515,0.04989673732092149,0.03807476067691647,0.0018998063320530521
DCT,Eif4a2,217,1.040485143661499,0.3390485390002415,0.049959475416509656,0.03709483607825983,0.0018532385511312774
DCT,Ubc,218,1.2137707471847534,0.691508104298802,0.04313318487616081,0.04236302348346833,0.0018272521238255812
DCT,Tcn2,219,1.0351450443267822,0.33166666666666667,0.058923679350725885,0.030976816307597032,0.001825267991415184
DCT,Park7,220,1.1726694107055664,0.4462162162162162,0.044572600568422285,0.03948806948640795,0.0017600859484357657
DCT,Rpl38,221,1.3218684196472168,0.7577455504284772,0.04183579960734106,0.04180853160917815,0.0017490933502787615
DCT,Tpi1,222,1.0033798217773438,0.4683144599303136,0.04633477015504861,0.03628806170390965,0.0016813989984228752
DCT,Cystm1,223,1.123288869857788,0.48364568599717117,0.04292235497976179,0.03905887459677811,0.0016764988805529103
DCT,Rps14,224,1.3686470985412598,0.7314664502164503,0.036767561041538104,0.04429118179256528,0.001628478730160005
DCT,Hmgb1,225,1.013358473777771,0.33017837641062975,0.04394120514220501,0.03666258227060709,0.0016109980485957145
DCT,Rpl13,226,1.4409589767456055,0.5874758687258688,0.03175608128231845,0.050381319878702466,0.0015999132891785619
DCT,Rpl36a,227,0.9988415837287903,0.4062049062049062,0.04057175655658715,0.039417960827708876,0.001599255910658893
DCT,Ctnna1,228,1.115494966506958,0.39142857142857146,0.04210584979768331,0.03772734948256329,0.0015885421105775149
DCT,Sdha,229,1.1434745788574219,0.41722311766060327,0.03829210223306445,0.040895963447491246,0.0015659924132510018
DCT,Fau,230,1.211960792541504,0.5544996463932107,0.03674322975202132,0.0423052556440758,0.0015544317278482738
DCT,Ddt,231,1.123095989227295,0.4454941860465116,0.03584104041670155,0.04192098089912831,0.0015024915707134315
DCT,Kap,232,1.5573967695236206,0.60625,0.05216613517894619,0.02803574661591185,0.0014625165478083406
DCT,Rps8,233,1.3590595722198486,0.5306689205505917,0.03713156038322202,0.03858448457951798,0.0014327021190198707
DCT,Calm2,234,1.1887493133544922,0.4690810544469081,0.03810225389064306,0.037292836412666674,0.001420941121297644
DCT,Eef1a1,235,1.2373712062835693,0.5805617147080562,0.035350442954595704,0.03979337780654603,0.00140671353212098
DCT,Ptma,236,1.2877166271209717,0.48737373737373735,0.03598177064628262,0.03903931447436919,0.0014047036596048536
DCT,Rps18,237,1.3553133010864258,0.634037456445993,0.03256157706045145,0.04277473547560451,0.0013928128454293227
DCT,Pet100,238,1.111741304397583,0.3407335907335908,0.03841124216724786,0.03612646938936766,0.001387662564362668
DCT,Cst3,239,1.2064679861068726,0.4575581395348837,0.037564171783158656,0.03618652125788309,0.0013593167007660428
DCT,Atp6v0b,240,1.3006573915481567,0.366,0.037313074489622976,0.03587362231792138,0.0013385551417612017
DCT,Spink1,241,1.1656086444854736,0.2187128712871287,0.055370722795792186,0.024089272933724544,0.0013338404539654414
DCT,Rpl37,242,1.326143741607666,0.6832323232323232,0.030493284330201893,0.043347945532870705,0.0013218212282639313
DCT,Arl6ip1,243,1.0636770725250244,0.36515098923984723,0.03324873804123732,0.03801439964409424,0.0012639308155613946
DCT,Rpl27a,244,1.1945691108703613,0.4594155844155844,0.029502830175137995,0.042543613118183464,0.0012551569928625397
DCT,Rpl34,245,1.2931511402130127,0.5385629531970996,0.027193679906919503,0.04575684187202213,0.0012442969114193011
DCT,Rpl10,246,1.0076289176940918,0.39454633204633205,0.03263137600858808,0.036561507796212575,0.001193052308339137
DCT,Rps26,247,1.268509030342102,0.4307610993657505,0.03233605974346779,0.03659836363850681,0.0011834468731279153
DCT,Rps7,248,1.0218331813812256,0.4120050282840981,0.02869503413180351,0.03871289670481326,0.0011108678922856002
DCT,Pdzk1ip1,249,1.1218626499176025,0.41428571428571426,0.026016866100379316,0.0409683033928187,0.0010658668637306798
DCT,Rpl32,250,1.3635399341583252,0.6058970099667773,0.0249762647451869,0.04177714896877509,0.0010434371329432384
DCT,Morf4l1,251,1.0560890436172485,0.3445429908844543,0.030475956912060148,0.03410208133732667,0.0010392935614479382
DCT,Rpl31,252,1.2261369228363037,0.4914867109634552,0.024347318572451086,0.04055144059285564,0.0009873188426860811
DCT,Pcbd1,253,1.0113790035247803,0.4077027027027027,0.024955675513766908,0.03909768474524014,0.0009757091338417674
DCT,Nop10,254,1.1152135133743286,0.5160921926910299,0.024970007441426027,0.03884229233509612,0.0009698923286493952
DCT,Rpl6,255,1.0764288902282715,0.38562953197099537,0.02399244925940887,0.040273635668432686,0.0009662631602667904
DCT,Gnas,256,0.9984518885612488,0.36776061776061775,0.025835972723669633,0.03547948428416311,0.0009166469882155035
DCT,Rbx1,257,0.9996892213821411,0.3832972582972583,0.023947574365561306,0.03819401792510778,0.0009146540845811
DCT,Rplp2,258,1.2841503620147705,0.5734170978073417,0.020418167534148313,0.04443493591759272,0.0009072799659345525
DCT,Higd1a,259,1.1117949485778809,0.5332558139534884,0.017809055359919907,0.049220144988126165,0.0008765642869168232
DCT,Ivns1abp,260,1.014697551727295,0.3544186046511628,0.024090537321175037,0.03292435649797489,0.000793165438990136
DCT,Myeov2,261,1.1779719591140747,0.5113071008593397,0.018893280411119248,0.041249512162842866,0.0007793386001144643
DCT,Timm8b,262,1.0158172845840454,0.3619191919191919,0.017460047644854947,0.04338216135569437,0.0007574546042072087
DCT,Rps16,263,1.2084031105041504,0.5083392060136247,0.019024049220678296,0.03846880347004471,0.0007318324106747305
DCT,Gpx1,264,1.0920939445495605,0.6035714285714285,0.02006825086330866,0.03415186578240988,0.0006853682099714486
DCT,Hspa8,265,1.3787813186645508,0.6062422488631666,0.01897128581851072,0.03598584347217284,0.0006826977219307791
DCT,Rpl35a,266,1.2705708742141724,0.6150529687115053,0.01682997132976008,0.03805637735860459,0.0006404877398598459
DCT,Pgam2,267,1.5232934951782227,0.6380357142857143,0.015033139600959202,0.0414934141664202,0.0006237762876842131
DCT,Rps28,268,1.3070058822631836,0.553098553098553,0.012887974538661848,0.04621770460241625,0.0005956526001513351
DCT,Rps4x,269,1.1545010805130005,0.4353571428571429,0.014738536970229065,0.03891996375108386,0.0005736233246253246
DCT,H3f3a,270,0.9828475713729858,0.36515098923984723,0.015094153194521594,0.03708389241769199,0.0005597499532018007
DCT,Rpl26,271,1.3727245330810547,0.5446355446355446,0.010846086799834023,0.04334036558939765,0.00047007336711914655
DCT,Mal,272,1.0279288291931152,0.36315938740782755,0.011736716880126518,0.03853542955960665,0.00045227942659516174
DCT,Rpl7,273,1.0858409404754639,0.3704906204906205,0.010146378032582698,0.04134204664382828,0.00041947203388894856
DCT,Eef2,274,1.0751187801361084,0.4100197758734344,0.010361614281451818,0.03982285578258715,0.00041262907120505116
DCT,Bsg,275,1.184328556060791,0.4647009966777409,0.010266968796254897,0.0380031503859369,0.00039017715917179636
DCT,Rps3,276,1.17247474193573,0.5216279069767442,0.00891742628667139,0.04207726735094784,0.00037522092994664216
DCT,Oaz1,277,1.3409841060638428,0.5957142857142856,0.008061378719660244,0.04437101781059892,0.0003576915787480278
DCT,Atp6v1g1,278,0.9786669015884399,0.40047909407665505,0.01060353936824612,0.03273614805171625,0.00034711903463110675
DCT,Sub1,279,1.0828089714050293,0.4052905290529053,0.008453183854639862,0.03976867355963887,0.00033617190925478243
DCT,Arpp19,280,1.1173744201660156,0.45833333333333337,0.00909573873342977,0.035874219890076046,0.0003263025313857414
DCT,Hsp90ab1,281,1.1529209613800049,0.44625638116846283,0.006503947433067923,0.04504056018852621,0.00029294143582210634
DCT,Eno1,282,1.1642000675201416,0.4426785714285714,0.006547259967024424,0.037282700864550336,0.0002440995348330173
DCT,Rps21,283,1.2078548669815063,0.5409812819058424,0.005582452819155744,0.04289677667720877,0.00023946923189437848
DCT,Pfn1,284,1.1825580596923828,0.44782178217821783,0.004529851203926377,0.03865996916702064,0.00017512390787498508
DCT,Pebp1,285,0.9747813940048218,0.3868636077938403,0.0034282297737661662,0.03669409817609148,0.0001257957998887756
DCT,Txnip,286,1.2696082592010498,0.45115332428765265,0.0031297086294228877,0.038237101153472945,0.00011967098544414013
DCT,Rps17,287,1.2619045972824097,0.5656976744186046,0.002656999080619902,0.04239084131617429,0.00011263242640377923
DCT,Pfdn5,288,0.995039701461792,0.3999169435215947,0.00025980780005072063,0.040024610596465136,1.0398706026954368e-05
DCT,Actb,289,1.3770842552185059,0.48808848553601814,0.0,0.037944437656737405,0.0
DCT,Anapc13,290,1.1923487186431885,0.46621621621621623,0.0,0.03677929564492295,0.0
DCT,D8Ertd738e,291,1.0476818084716797,0.41482391482391484,0.0,0.03775026336467051,0.0
DCT,Echs1,292,0.9877145290374756,0.3271621621621622,0.0,0.030677059621319842,0.0
DCT,Hnrnpa2b1,293,1.0759624242782593,0.3706756756756757,0.0,0.03133425732459478,0.0
DCT,Ndrg1,294,0.9948700666427612,0.24195121951219511,0.0,0.028772847933187455,0.0
DCT,Rpl28,295,1.1932811737060547,0.48079318936877075,-0.006178124313938015,0.03390096485662829,0.0
DCT,Rps15,296,1.2690207958221436,0.5091026544514917,0.0,0.0416876354567637,0.0
DCT,Rps25,297,1.2039189338684082,0.469168428470754,0.0,0.039279657535127896,0.0
DCT,Rps3a1,298,1.0090879201889038,0.376088850174216,0.0,0.03485841740611471,0.0
DCT,Sec62,299,1.0231859683990479,0.3524183546920215,0.0,0.03782255576879029,0.0
DCT,Tma7,300,1.1302244663238525,0.4451162790697675,0.0,0.039591653023755814,0.0
MC,Acta2,1,4.119963645935059,0.614103060829136,0.8031449015062612,0.24829838465966647,0.19941958169165158
MC,Myl9,2,3.1154160499572754,0.6088014981273409,0.7736884297651104,0.24108260188929936,0.18652281969941928
MC,Tagln,3,2.90452241897583,0.597565543071161,0.7947258503912011,0.2344042698695478,0.186287132707405
MC,Tpm2,4,2.5083212852478027,0.6142857142857143,0.7985850336454827,0.22909889947049605,0.18295495234178916
MC,Rgs5,5,2.87312388420105,0.5895666131621188,0.7851258464404263,0.2327290087588736,0.182721559993052
MC,Myh11,6,2.0227489471435547,0.41348314606741576,0.7745311166225015,0.21858020798592742,0.16929717256291898
MC,Crip1,7,3.3062448501586914,0.685553772070626,0.763900398561282,0.22123400209728478,0.16900074237742335
MC,Sparcl1,8,1.8354030847549438,0.4470037453183521,0.7481249229991447,0.21943998374683535,0.16416852094353476
MC,Mustn1,9,1.89306640625,0.5570492241840557,0.7573645086617423,0.2078062939822427,0.15738511173867883
MC,Sncg,10,1.6819318532943726,0.4413793103448276,0.7613440776500939,0.19796640158326878,0.15072054741912186
MC,Mylk,11,2.163405656814575,0.5641358706241476,0.7485219712699485,0.19571958165652803,0.146500407077674
MC,Spp1,12,2.0865564346313477,0.2718177620440203,0.7330203707259073,0.18680326042215525,0.13693059520745646
MC,Ppp1r14a,13,1.3940422534942627,0.4094020405527573,0.7325861826373796,0.18668822021701287,0.13676521059214794
MC,Pcp4l1,14,1.2145302295684814,0.39082397003745317,0.7597180552038347,0.17689032430734405,0.13438677316715103
MC,Myl6,15,1.367610216140747,0.8857142857142857,0.6908916452880618,0.1922829781758914,0.1328467031528301
MC,Tpm1,16,1.6874494552612305,0.6865296803652967,0.6839035658738348,0.18850056056089887,0.1289162055368155
MC,Fxyd1,17,1.3669639825820923,0.5388576779026217,0.7429298550994161,0.1636464845026126,0.12157785901905482
MC,Flna,18,1.4065812826156616,0.4749063670411985,0.684259140571903,0.17472023835638387,0.11955392013825726
MC,Lbh,19,1.2044577598571777,0.38571428571428573,0.7115861085421894,0.16786724192768954,0.11945199743503486
MC,Map3k7cl,20,1.2792985439300537,0.3683520599250937,0.6751878345071562,0.17021516002776743,0.11492720529943735
MC,Mef2c,21,1.104130506515503,0.33522504892367905,0.6678548491452596,0.1709102583561894,0.11414324481185022
MC,Cald1,22,2.051914930343628,0.6310861423220974,0.6181252762848173,0.16554049448969646,0.1023247638927689
MC,Tmsb10,23,1.648492693901062,0.4210347752332485,0.6423440184708682,0.15891938202319814,0.10208091446168814
MC,Gng11,24,2.177959442138672,0.5274220032840723,0.6348600628442378,0.15900828537277492,0.10094801004451438
MC,Dstn,25,1.4206162691116333,0.7011494252873562,0.5731662329715717,0.1683511205750896,0.09649317759656696
MC,Pdzk1ip1,26,1.2502449750900269,0.24642428973708422,0.613587227849157,0.15412550855808974,0.0945694435369998
MC,Apoe,27,1.7911393642425537,0.2977700348432056,0.6189688832278832,0.1469579223699534,0.09096238109082001
MC,Prkcdbp,28,1.1173913478851318,0.4040423608420509,0.5933834722433166,0.14886740069940224,0.08833545513084844
MC,Ptp4a3,29,1.1702110767364502,0.3414927768860353,0.6077898681145797,0.14524295792764946,0.08827719824341751
MC,Gpx3,30,1.9029285907745361,0.7791327913279134,0.5594806346278004,0.15229312402705325,0.08520505368010607
MC,Rarres2,31,1.3673505783081055,0.4211822660098522,0.6414684046441833,0.13102054521624873,0.08404554011547816
MC,Ebf1,32,1.4274585247039795,0.4880952380952381,0.6015441895221662,0.13649168164471223,0.08210577801148594
MC,Ndufa4l2,33,1.7122409343719482,0.2987391714555279,0.6415737134200662,0.12706240677395544,0.08151990015005757
MC,H2-K1,34,1.2292978763580322,0.26369755568865694,0.5875398659969684,0.1348861124682463,0.07925096844444544
MC,Tmem176a,35,1.0613133907318115,0.35714285714285715,0.5887570345463087,0.1323357696305112,0.07791361529206323
MC,Ppp1cb,36,1.2540209293365479,0.541091492776886,0.563031458324545,0.137729109788506,0.07754582153796391
MC,S100a11,37,1.7221815586090088,0.54858934169279,0.5498438355161834,0.13750430270157177,0.07560589319741053
MC,Myl12a,38,1.472986102104187,0.45890850722311394,0.6052523044140472,0.1239390364790706,0.07501438743581414
MC,H2-D1,39,1.5698307752609253,0.39285714285714285,0.5318561963173868,0.14065592463933052,0.07480872506817933
MC,Actb,40,2.058389902114868,0.861904761904762,0.497327012794464,0.14869673705500022,0.07395090405184715
MC,Tm4sf1,41,1.5082123279571533,0.4915730337078652,0.557020741287164,0.13030320251164995,0.0725815864551307
MC,B2m,42,1.4741978645324707,0.376940133037694,0.49932510489442716,0.14282964681800783,0.07131842837943575
MC,Tmem176b,43,1.3796706199645996,0.3559523809523809,0.5065173766463615,0.13977588676673366,0.07079891548350482
MC,Ftl1,44,1.7573001384735107,0.8522355507088331,0.5258124832400105,0.12829347798629215,0.0674583122434699
MC,Calm2,45,1.1855915784835815,0.827937176449943,0.5451640490634837,0.11932950146943584,0.06505415419380457
MC,Mfge8,46,1.2571977376937866,0.36979503042251605,0.5082984956369936,0.12693049004646234,0.0645185771410832
MC,Csrp1,47,1.241771936416626,0.4154351395730706,0.49251794623864986,0.12901492621579164,0.06354216649393264
MC,Slc25a4,48,1.3939745426177979,0.6490147783251232,0.521315926841815,0.12177931569645917,0.0634854968324616
MC,Gstm1,49,1.7725675106048584,0.41489086917215545,0.46230902939311164,0.12755316937486458,0.058968981929708814
MC,Igfbp5,50,1.5509248971939087,0.33234811165845646,0.539603756142198,0.10479900852799859,0.05654993864168628
MC,Mpc2,51,1.2524080276489258,0.48899958488999584,0.4695550666246845,0.11052181080554849,0.05189607623628009
MC,Igfbp7,52,1.363325595855713,0.9380952380952381,0.4452492397285562,0.1164319407537171,0.051841233100712834
MC,Cryab,53,1.5756118297576904,0.5566839867737364,0.46888473950804477,0.10181098328417196,0.04773761637625687
MC,Tinagl1,54,1.2167234420776367,0.47184553790520467,0.41787911444495196,0.10772659174615715,0.04501669276105702
MC,Cd9,55,1.0864315032958984,0.40394088669950734,0.3858155816500136,0.11558015965141802,0.04459262652311328
MC,Aldob,56,1.4396593570709229,0.20975609756097563,0.39008471008068285,0.11373495281664567,0.04436626609552137
MC,Mgp,57,1.4936394691467285,0.22993643563683333,0.4492283065337668,0.09759053298010827,0.043840429864381754
MC,Ppib,58,1.0705617666244507,0.34335075493612077,0.46912916915818015,0.09343176347873366,0.04383156557376192
MC,Rps19,59,1.1254169940948486,0.841324200913242,0.46601827218562686,0.09159665969869107,0.04268571709075886
MC,Ldhb,60,1.3865076303482056,0.47014446227929374,0.4026280174195431,0.10573069964321613,0.042570141977729306
MC,Rps16,61,1.326611042022705,0.7041198501872659,0.42139978181194193,0.1000864178367894,0.042176394638761903
MC,Sept7,62,1.210150122642517,0.42776886035313,0.43337799946676214,0.09653085604665375,0.0418343492803128
MC,Rps3,63,1.4265875816345215,0.6716242661448141,0.43160644134818904,0.0949956203066403,0.04100072162421278
MC,Selm,64,1.2468855381011963,0.47990867579908675,0.4314844265227984,0.09426143214488215,0.04067233999225215
MC,Rps2,65,1.4016938209533691,0.6275862068965516,0.4553045178648636,0.08874684653127238,0.04040684017194801
MC,Spink1,66,1.4042701721191406,0.30627705627705626,0.3480976822250432,0.11567040408809223,0.04026459956509907
MC,Malat1,67,1.151808261871338,0.9891767314312387,0.4163570536854482,0.0951793038982359,0.03962857454290139
MC,Rpl32,68,1.2316522598266602,0.7823711676451403,0.4545434794147152,0.08695706301365544,0.039525765981911584
MC,Cyba,69,1.153232455253601,0.36077481840193704,0.3941286653820063,0.0988891840491821,0.03897506213001972
MC,Eef1a1,70,1.4485644102096558,0.6757990867579908,0.39981133555753035,0.09507893035156081,0.03801363412723894
MC,Rps27,71,1.2177085876464844,0.7958229693798782,0.4200861174881103,0.09045594618598093,0.03799928723698217
MC,Ifitm3,72,1.624933123588562,0.4881483761736186,0.4479240251874202,0.08463404868291342,0.037909623753958656
MC,Rpl7,73,1.3606255054473877,0.5748858447488585,0.3928824997288455,0.0950183494950968,0.03733104666974271
MC,App,74,1.3853704929351807,0.41433629798979565,0.3871889767626615,0.094250883159587,0.036492903009537656
MC,Rpl11,75,1.356196403503418,0.6445205479452054,0.4063801303111252,0.08699563099652112,0.03535329586086482
MC,Rps15a,76,1.3673105239868164,0.6926966292134831,0.400524604334178,0.08782106750014772,0.03517449831270181
MC,Chchd10,77,1.4973406791687012,0.47014446227929374,0.41425633986327415,0.0831251589047898,0.03443512407845127
MC,Rps4x,78,1.3437223434448242,0.6826511503477795,0.36159864559001975,0.0949220015195209,0.034323667186152554
MC,Bsg,79,1.2672889232635498,0.4501231527093596,0.3992349508523352,0.08553315435481244,0.03414782467508874
MC,Sepw1,80,1.3843450546264648,0.6977157360406091,0.378860482267833,0.08980294387791601,0.0340227866266584
MC,Cd63,81,1.5710768699645996,0.6072766185125735,0.3506602210510382,0.09668401287983172,0.033903237328543216
MC,Dbi,82,1.4454305171966553,0.6738362760834671,0.31307702577525937,0.10704204337333052,0.03351240457222863
MC,Rps3a1,83,1.2877202033996582,0.6260600130463144,0.3890640461303642,0.0860345188715457,0.03347293801904275
MC,Rpl17,84,1.421534776687622,0.5810374018777897,0.37229915635127475,0.0888761896154088,0.03308853041353262
MC,Pfn1,85,1.2362699508666992,0.816584564860427,0.27213853146442024,0.11966862510569391,0.032566443898629796
MC,Tmbim6,86,1.1395108699798584,0.3833333333333333,0.3612533511280044,0.08959684927808777,0.03236716205221993
MC,Fxyd2,87,1.6415499448776245,0.4297691555756072,0.34692619145240455,0.09216869604467944,0.03197573468991494
MC,Rps13,88,1.2518749237060547,0.5740023246803565,0.3456359544521583,0.09178488212166383,0.03172415533640011
MC,Rps9,89,1.3654780387878418,0.6930404660683357,0.3407125510098572,0.09283968161426318,0.031631644757738546
MC,Rps20,90,1.2160320281982422,0.4692640692640693,0.3735044630162728,0.08424319029623538,0.031465207554373084
MC,Ndufb8,91,1.3376797437667847,0.5347873500545256,0.41024863466731876,0.07654764476418735,0.031403566751506795
MC,Sec62,92,1.1454601287841797,0.4455298227455039,0.3688205973167602,0.08417161749878557,0.03104422624301996
MC,Btf3,93,1.2034025192260742,0.42931034482758623,0.41948812534332675,0.0738774931695523,0.030990731114759924
MC,Rpl10a,94,1.2312841415405273,0.4782826595389241,0.3569129893809887,0.08655887945359493,0.03089398842325121
MC,Rpl4,95,1.2340214252471924,0.5602739726027397,0.39496783275330993,0.07776140467693024,0.030713253477100237
MC,Crip2,96,1.222650170326233,0.5159533407667896,0.37078414288215666,0.08279077097976655,0.030697505056285667
MC,Rpl30,97,1.1610080003738403,0.3434662151762352,0.4089041949858737,0.07442176348666478,0.03043137128794375
MC,Rps17,98,1.3794095516204834,0.6654628143392188,0.3614085279037076,0.08345838996582197,0.03016257385876128
MC,Rpl9,99,1.4367821216583252,0.665068493150685,0.33312365379251413,0.08963684013893991,0.029860151701499152
MC,Ndufa4,100,1.288741111755371,0.7646869983948636,0.33733061327114966,0.08834926116728506,0.02980291045161324
MC,Ptma,101,1.22916841506958,0.8,0.35230702800149116,0.08369977731093288,0.029488019788801403
MC,Rpl14,102,1.4284191131591797,0.7412915851272015,0.3183527598149391,0.09256197163564457,0.02946735912411956
MC,Col18a1,103,1.1373631954193115,0.30714285714285716,0.35109911725677473,0.0836349961555238,0.029364173321978156
MC,Rpl10,104,1.4670203924179077,0.625288594736032,0.34849662793464825,0.08261084564316941,0.028789601137474266
MC,Rpl34,105,1.32554292678833,0.6733990147783251,0.33925542048773366,0.08450126723421927,0.02866751294729141
MC,Sparc,106,1.1587567329406738,0.3047619047619048,0.2914790936616023,0.09526002510334632,0.027766305779304865
MC,Rpl35a,107,1.2080552577972412,0.7490215264187867,0.3237266300057621,0.0841979143348869,0.02725710706114678
MC,Rps5,108,1.3693113327026367,0.6996086105675147,0.3127339598596991,0.086703113153444,0.027115007908640108
MC,Hist1h2bc,109,1.0983946323394775,0.24764890282131663,0.4302442249350278,0.06250177874998866,0.026891029355349462
MC,Hint1,110,1.3731858730316162,0.584804708400214,0.352507830691553,0.07583397746845397,0.026732070890116817
MC,Itm2b,111,1.824892282485962,0.7547611092549282,0.26181705503592667,0.10152584025041542,0.02658119650441171
MC,Rpl35,112,1.169409155845642,0.7325203252032519,0.3242842157485327,0.08187028996641135,0.02654924277486267
MC,Rps6,113,1.3308191299438477,0.6873950665116879,0.2975602151524603,0.08908968423581723,0.026509545609074522
MC,Ren1,114,2.4670021533966064,0.15714285714285714,0.3501012098074059,0.07431767467510184,0.026018707813826362
MC,Map1lc3a,115,1.115968942642212,0.5102739726027397,0.2694418957996766,0.09618784714857997,0.025917035888602905
MC,Rpl36a,116,1.273929476737976,0.5609951845906902,0.2989375551594561,0.08466934886961366,0.025310848148025367
MC,S100a1,117,1.0599827766418457,0.3761188824737475,0.3246822800820631,0.07754438856194668,0.025177288885862303
MC,Rps10,118,1.1599611043930054,0.5135355512067841,0.31264023364553784,0.08009630828593435,0.025041328536659545
MC,Atox1,119,1.488251805305481,0.5101896690879741,0.33297402337687865,0.07502308151470113,0.02498073729808157
MC,Rpl22,120,1.0676509141921997,0.3510081576112052,0.3114584146053353,0.07972455207288331,0.024830882593740736
MC,Rpl6,121,1.3266847133636475,0.6315991996305987,0.27650890988416127,0.08931134818325748,0.02469538352643729
MC,Rpl38,122,1.368126630783081,0.7353107344632768,0.26541365336092304,0.08983317726511808,0.023842951770954402
MC,Rpl19,123,1.3673148155212402,0.6724137931034482,0.3118281289163227,0.0761757598181817,0.0237537446528828
MC,Rps28,124,1.506199836730957,0.532824427480916,0.2722106780802827,0.08708440369975246,0.023705304581326695
MC,Rps27a,125,1.31186842918396,0.7058708414872799,0.27927780564993676,0.0837438571809315,0.023387800670152246
MC,Prdx5,126,1.2469267845153809,0.5477642276422765,0.33714618499368476,0.06920668923015998,0.023332771249991967
MC,Rpl3,127,1.2811660766601562,0.7075533661740558,0.27704021896673153,0.08411111823234423,0.02330216261262529
MC,Rplp0,128,1.3672459125518799,0.6060758708877436,0.23298031940567412,0.09903645050048071,0.02307354387040623
MC,Rplp1,129,1.1910996437072754,0.6254681647940075,0.28069755328833745,0.08200911043904632,0.023019756647593356
MC,1810037I17Rik,130,1.1014621257781982,0.40093490007719357,0.33762231723453423,0.0679181477113243,0.02293068241257469
MC,Ybx1,131,1.342045545578003,0.6064205457463885,0.28578722050456673,0.07877666519180057,0.022513364185783535
MC,Rps26,132,1.1266000270843506,0.4468164794007491,0.2799229278359705,0.08009336851891243,0.022419970216059314
MC,Hspb1,133,1.1203670501708984,0.41309523809523807,0.2508534943111946,0.08842258436754462,0.022181114264624976
MC,Rpl15,134,1.2915761470794678,0.5122975586173555,0.3217949636374956,0.06845679364634408,0.022029051422164832
MC,Rps7,135,1.2120747566223145,0.5567954440511005,0.2258846774811288,0.09646613484444502,0.021790221757188546
MC,Rps8,136,1.101588249206543,0.780952380952381,0.23711802744005459,0.0908483641260414,0.021541784897722755
MC,Rpl24,137,1.19536554813385,0.721871633061413,0.2697974887199712,0.07945481804147997,0.02143671037429356
MC,Rbpms,138,1.231644630432129,0.5059882583170254,0.25276131372284416,0.08479779281115675,0.02143360151174553
MC,Cyb5a,139,1.0962157249450684,0.4227811105983695,0.2771003031563589,0.07493915176174362,0.020765661671459545
MC,Lgals1,140,1.673399806022644,0.6753444525018129,0.23722117128092024,0.08684870268467518,0.020602350975087048
MC,Rpl31,141,1.3754241466522217,0.5455751067408462,0.270678697476171,0.07589050986746984,0.02054194436172924
MC,Rps24,142,1.3630471229553223,0.502808988764045,0.24192188480028054,0.08468939966952542,0.020488219190655844
MC,Prdx2,143,1.087141990661621,0.40632183908045977,0.29730465940498174,0.06884771062566375,0.020468745158375705
MC,Gpx1,144,1.4953317642211914,0.5844889573703134,0.25187531662403084,0.08126168897026671,0.020467813638789443
MC,Cox4i1,145,1.2275536060333252,0.8271134296415195,0.2541942148353386,0.08017036614976351,0.020378843276500743
MC,Cd81,146,1.4692959785461426,0.7257053291536051,0.2567679827615952,0.07894731388347559,0.020271142530306503
MC,Rps27l,147,1.1288387775421143,0.513095238095238,0.2539881864998436,0.07900023144074694,0.020065125516703242
MC,Rpl8,148,1.2835590839385986,0.6614942528735632,0.255829356891755,0.07820821494573679,0.020007957333219986
MC,Prdx1,149,1.2977015972137451,0.802439024390244,0.2780930644137906,0.0719058314517804,0.019996513017647138
MC,Bgn,150,1.1267457008361816,0.35061932287365816,0.28319666118495496,0.06979480034512388,0.019765654425809624
MC,Park7,151,1.2998425960540771,0.541543513957307,0.26956381532905554,0.07298264244563704,0.019673479550442192
MC,Smdt1,152,1.3191416263580322,0.4928571428571429,0.28542996436649126,0.06783283921849856,0.019361524881013975
MC,Cox8a,153,1.1675000190734863,0.8866773675762439,0.2110881004312588,0.09092048689453416,0.01919223286885238
MC,Rpl28,154,1.2541989088058472,0.5810861423220974,0.2631051482695732,0.07278808092979808,0.019150918825292216
MC,Rpl27a,155,1.3434860706329346,0.6894977168949772,0.21076939135562206,0.08831280520174285,0.018613636201278955
MC,Id1,156,1.1401417255401611,0.32380952380952377,0.24431154336375982,0.07614059053431138,0.018602025186065695
MC,Rplp2,157,1.3747814893722534,0.640609951845907,0.23563765661608832,0.07876227886423338,0.018559358821310816
MC,Rps23,158,1.26039457321167,0.8166666666666667,0.21547238836864574,0.08339703358837351,0.01796975801014701
MC,Rpl36al,159,1.1849970817565918,0.48575027554715794,0.29013063657473037,0.06100902295705875,0.017700586667333793
MC,Rps15,160,1.1815451383590698,0.6670771125134678,0.23132361434248766,0.07639104873536323,0.017671053496877344
MC,Cox5a,161,1.2242226600646973,0.4809523809523809,0.2594812216121256,0.06776330059893439,0.017583304019881178
MC,Rps11,162,1.2487530708312988,0.7262172284644195,0.25497955623905955,0.06887188620577026,0.017560922982094305
MC,Gnas,163,1.4281747341156006,0.6944743727874403,0.2712842665783324,0.0644172867381219,0.017475396387717536
MC,Ndufb4,164,1.203538179397583,0.44088624092347795,0.2559781829198555,0.06819063160520071,0.01745531397045655
MC,Mgst3,165,1.0889906883239746,0.41248030806931557,0.25409751139060655,0.06859907704566706,0.017430854760996484
MC,Gpx4,166,1.276655673980713,0.6457463884430177,0.26895413403985147,0.0646622060709259,0.017391167638912304
MC,Rpl23,167,1.3646125793457031,0.6340618747114053,0.20105547901498055,0.08538382970245717,0.017166886780961052
MC,Cst3,168,1.6112802028656006,0.7516119988786094,0.22615790153835835,0.0748355616188937,0.01692465357617351
MC,Tmsb4x,169,1.936370849609375,0.780952380952381,0.24599711711431801,0.06743451952974697,0.01658869739830693
MC,Rps14,170,1.0963528156280518,0.8857142857142857,0.21373450988257986,0.07640883581375736,0.016331205073351944
MC,Akr1a1,171,1.1718852519989014,0.4456260032102729,0.23505549246569318,0.068579464570035,0.016119979817543133
MC,Rpl26,172,1.200160264968872,0.6761223961702678,0.21909478717765923,0.07352728272110971,0.016109444359533112
MC,Tpt1,173,1.3215594291687012,0.5742824527071102,0.19406900889545053,0.08265112120474813,0.016040021176303224
MC,Hsp90ab1,174,1.2289607524871826,0.5201149425287357,0.204666626639313,0.07793095663748201,0.01594986600576802
MC,Rpl13a,175,1.1522717475891113,0.7541198501872659,0.21835008947848047,0.07294846962345221,0.015928304869599005
MC,Pfdn5,176,1.2103180885314941,0.5504566210045663,0.2360348501383557,0.06678379171807435,0.01576330226984684
MC,Serf2,177,1.273106336593628,0.802435312024353,0.21388542095410584,0.07367633052731716,0.01575829296918907
MC,Rasl11a,178,1.410921335220337,0.43215587328287075,0.2347975559832558,0.06578178859149232,0.015445403189489617
MC,Atp5h,179,1.2815508842468262,0.6583333333333333,0.2126764058183837,0.07252035302894537,0.015423368030876437
MC,Id3,180,1.4453539848327637,0.5530377668308702,0.2061582432275168,0.07461224499237838,0.015381929350889815
MC,H3f3a,181,1.287028431892395,0.5409090909090909,0.1880636990336526,0.0817497435112009,0.015374159159768782
MC,Atp5b,182,1.2657651901245117,0.7192118226600985,0.2000617533583236,0.07684267233313333,0.015373279759705797
MC,Cox7b,183,1.2077103853225708,0.4928571428571429,0.21346987216252783,0.07187333571653237,0.015342791787302612
MC,Id2,184,1.0979652404785156,0.33571428571428574,0.22587531794527976,0.06700578295168848,0.01513495252838504
MC,Cystm1,185,1.1187009811401367,0.44218622854264344,0.26830482637408026,0.05620503653334789,0.015080082568428743
MC,Minos1,186,1.2300028800964355,0.5373376623376623,0.20945226510413295,0.07196246011963724,0.015072700274523853
MC,Rps21,187,1.2314202785491943,0.5417602996254682,0.2004943618379474,0.07407958909098368,0.014852539940014143
MC,Laptm4a,188,1.4070231914520264,0.542528735632184,0.22035133460475254,0.06576935467756975,0.014492365079295818
MC,Mrpl33,189,1.0628447532653809,0.3646362098138748,0.23035578987416208,0.06210574155318203,0.014306417151203815
MC,Atp5j,190,1.161165714263916,0.7092693565976009,0.20005422930040823,0.07084288729347403,0.01417241921891163
MC,Usmg5,191,1.2491116523742676,0.45831410552222734,0.20278359592804648,0.06853292650942548,0.013897353277053843
MC,Rpl18,192,1.1128313541412354,0.6321428571428571,0.17609325913358062,0.07817542583888688,0.013766165520125122
MC,Eif1,193,1.3810771703720093,0.8183953033268102,0.16389775551405428,0.08350774390391177,0.013686731793893589
MC,Romo1,194,1.1026978492736816,0.3627021101671691,0.23700886579712088,0.05698877933031711,0.013506845952240864
MC,H3f3b,195,1.2422723770141602,0.877380554627464,0.18173547590921757,0.07382328744934596,0.013416310277789858
MC,Rpl39,196,1.2042754888534546,0.5833333333333333,0.1607862611063604,0.08247265881350416,0.013260470454123855
MC,Atp5g1,197,1.2393364906311035,0.5514589064982369,0.20754056814309535,0.0637814121009653,0.013237230504403235
MC,Rpl23a,198,1.3770054578781128,0.5295262267343486,0.17768224630395701,0.07436790046310329,0.013213855607193278
MC,Nop10,199,1.1623337268829346,0.37425793684935044,0.21107320438078736,0.062328334548970146,0.013155841296968866
MC,Atp5j2,200,1.1835204362869263,0.6710441195497476,0.1782807026845627,0.07231251144220047,0.01289192535280098
MC,Cox7a2,201,1.2704479694366455,0.7580710250201775,0.19347492176629558,0.06575502070966817,0.012721947487544195
MC,Oaz1,202,1.3163524866104126,0.7565008025682183,0.16794118720735857,0.07526411907402078,0.01263994551140705
MC,Cox6b1,203,1.2413371801376343,0.738873075430198,0.17171384746882723,0.07351226025939148,0.012623073045269878
MC,Uqcrh,204,1.3211932182312012,0.5909854061733179,0.1833400640525304,0.06827603975542121,0.012517733502012036
MC,Atpif1,205,1.4499671459197998,0.7600712523979172,0.17780466016500382,0.06967141809729374,0.012387902818003211
MC,Actg1,206,1.3793528079986572,0.6030377668308703,0.18403908340078912,0.06660586258371821,0.012258081899026416
MC,Cox6c,207,1.2017579078674316,0.8268478867994786,0.15816573858000316,0.07712826963309015,0.012199049731915332
MC,Hspa8,208,1.2673550844192505,0.6125601926163724,0.18974239381804367,0.06382897540612328,0.012111062588510867
MC,Rps25,209,1.3850198984146118,0.6180365296803653,0.16468105864845806,0.07326417974279215,0.012065222681053926
MC,Aldoa,210,1.3629130125045776,0.7071428571428571,0.163273681770163,0.07321996096403247,0.011954892605665193
MC,Atp5e,211,1.2424678802490234,0.7239573414587697,0.17106124083045304,0.06986569810719007,0.011951313009701767
MC,Cox5b,212,1.4092044830322266,0.6635079406861455,0.17956713575826372,0.06606410653823594,0.011862942387499811
MC,Cox7c,213,1.112407922744751,0.7816793893129772,0.16114025142869942,0.07356617100400199,0.011854471292231578
MC,Hmgn1,214,1.1580440998077393,0.4627617698000315,0.17711265692915273,0.06623291939381068,0.011730688330012217
MC,Atp5k,215,1.2045676708221436,0.6539325842696628,0.17789345789214184,0.06580151424279798,0.011705658903190355
MC,S100a6,216,1.1867917776107788,0.23095238095238096,0.23735554190600833,0.049309898893804056,0.011703977773269342
MC,Atp5o,217,1.1420629024505615,0.5432900432900433,0.16674706718203217,0.0690695754643521,0.01151714914018876
MC,Uqcr11,218,1.2237696647644043,0.7182441439725766,0.16568437752009968,0.06666917524502311,0.011046040800250094
MC,Mdh1,219,1.1314451694488525,0.47538790797217767,0.17047113143159454,0.06445329613664733,0.01098742631690989
MC,Ndufb11,220,1.2433109283447266,0.4714580911791295,0.1685456429362483,0.06442398434973945,0.010858381862741634
MC,Ndufab1,221,1.0690809488296509,0.4445812807881774,0.15900587718110976,0.0681408613702714,0.010834797434056399
MC,Atp6v0e,222,1.1543996334075928,0.5130016051364366,0.14462091874852528,0.07486125780165218,0.010826503881945143
MC,Naca,223,1.2424923181533813,0.5845648604269293,0.148725110582383,0.07213292577076776,0.010727977361888259
MC,Chchd2,224,1.2115931510925293,0.7416666666666667,0.1410008700451005,0.0744242426350836,0.010493882963994451
MC,Tceb2,225,1.1117268800735474,0.7312394876439384,0.16191250422815778,0.06334482623797938,0.010256319446088756
MC,Ndufs7,226,1.2000012397766113,0.5243021346469623,0.16802638909072304,0.06039549834692922,0.01014803750456925
MC,Lamp1,227,1.0753731727600098,0.3727874403570879,0.15334261147031167,0.06589580896299321,0.01010463543133415
MC,Atp6v1g1,228,1.1031383275985718,0.4852813852813853,0.1539077327657676,0.06517058875518905,0.010030257558321376
MC,2010107E04Rik,229,1.1850039958953857,0.4422763530319924,0.15156346233556867,0.06540116370455111,0.009912426811837093
MC,Dynll1,230,1.4038407802581787,0.6426547000472367,0.13323345603332265,0.0736952389125209,0.009818671373516562
MC,Itgb1,231,1.1393637657165527,0.39736914223074815,0.1792009411995247,0.05393963140332995,0.009666032715432166
MC,Slc25a3,232,1.1932580471038818,0.4743431855500821,0.14819779134564753,0.06341431713601244,0.009397861739249492
MC,Ifitm2,233,1.259669542312622,0.5266830870279147,0.16077456807421936,0.057853705887757415,0.00930140457559712
MC,Gsn,234,1.1289277076721191,0.39279667538864094,0.14075231616832254,0.06398634812691095,0.009006226702015323
MC,Ndufa11,235,1.2536957263946533,0.5943200931556476,0.1273930299459512,0.07051422497878448,0.008983020774337831
MC,Cox6a1,236,1.2425076961517334,0.6823536249854691,0.13062594207946024,0.06837714644736545,0.00893182917139233
MC,Atp5a1,237,1.2922765016555786,0.47966827180310323,0.14559409331320727,0.06129675759746338,0.008924445845442129
MC,Calm1,238,1.3748677968978882,0.5494663382594417,0.13297437419460603,0.06498089371255752,0.008640793676033546
MC,Gapdh,239,1.3270983695983887,0.6083333333333334,0.11852710950238231,0.07270588810872423,0.008617618761330713
MC,Uqcr10,240,1.255160927772522,0.6888188544806797,0.1328469178292217,0.061915128912444904,0.008225234043017237
MC,Uqcrq,241,1.2752999067306519,0.6194847903535214,0.12702804568668458,0.06381937642649027,0.008106850664399926
MC,Tma7,242,1.0647377967834473,0.4709719504240052,0.12146417903595225,0.06549993092662046,0.007955895336913533
MC,Ndufa12,243,1.1244345903396606,0.5123278055628675,0.13474404547972008,0.058619733588473256,0.007898660048654315
MC,Hnrnpa2b1,244,1.1862998008728027,0.39959349593495935,0.14248584414799764,0.05540965409429553,0.007895091337574253
MC,Ndufs6,245,1.1295965909957886,0.45584415584415583,0.1473963368700278,0.05332724934025564,0.007860241208108288
MC,Atp5g2,246,1.1937735080718994,0.5257439773264053,0.10743688766015838,0.07209409747136526,0.007745565450991578
MC,Timp3,247,1.2810471057891846,0.4023809523809524,0.14238207598299701,0.05302734895081077,0.007550144027491237
MC,Atp5d,248,1.2873469591140747,0.6101806239737274,0.12262168744490265,0.06127102209117226,0.0075131561202934505
MC,Slc25a5,249,1.221470832824707,0.5926829268292683,0.10829441811061605,0.06930157757171777,0.007504974017276896
MC,Hmgb1,250,1.2618389129638672,0.6465291673079883,0.11523935361131893,0.06484110146595239,0.007472246620382297
MC,Myeov2,251,1.0886774063110352,0.39537985029682526,0.13345210348181163,0.055920061376772454,0.007462649817562296
MC,Jund,252,1.1627869606018066,0.4852813852813853,0.12467452061193146,0.058134253171303364,0.0072478601452649035
MC,Ndufb9,253,1.352006196975708,0.5220037453183521,0.10418074575803118,0.06878977476755427,0.0071665700358108
MC,Ndufa7,254,1.2474066019058228,0.5675585602742335,0.10962178244555973,0.06459805662559781,0.0070813541098172315
MC,Uqcrb,255,1.1872222423553467,0.573051948051948,0.10878747307260428,0.06503389188005687,0.007074872761708345
MC,Cycs,256,1.201231837272644,0.4602787456445993,0.10239379841880211,0.06761727901583321,0.006923590037175124
MC,Ndufa13,257,1.2073214054107666,0.6927389963554808,0.10997680259103343,0.0627691785030273,0.0069031535530287725
MC,Eef2,258,1.2135345935821533,0.4263851220457187,0.11886010607515611,0.056033847840212134,0.006660189098086772
MC,Txn1,259,1.0903128385543823,0.41781609195402303,0.09385569102791005,0.06699641426560662,0.006287994757290641
MC,Nr2f2,260,1.109354019165039,0.3874398073836276,0.12526116380384833,0.04996894639177139,0.006259168379085392
MC,Ndufa3,261,1.258874773979187,0.39493924011690507,0.11327155950350365,0.05520259079608014,0.006252883548105755
MC,Sec61g,262,1.225441813468933,0.5328566564521621,0.09720946021183646,0.06251146481581656,0.006076705751796734
MC,Tsc22d1,263,1.4640722274780273,0.6031835205992508,0.1022859027166528,0.0566488827830038,0.005794382113349395
MC,Ndufa5,264,1.1774210929870605,0.5372905150478196,0.10473420484434784,0.05480414889481457,0.005739868956669648
MC,Ndufa6,265,1.2078843116760254,0.5112835650352314,0.1018017414087517,0.05637116131963797,0.005738682387572811
MC,Morf4l1,266,1.1949801445007324,0.6663305750643209,0.09531666948022482,0.06002481451289735,0.005721365405537639
MC,Gm10076,267,1.187589168548584,0.6009898341359016,0.08654335079847822,0.06571957458855968,0.005687592197944475
MC,Ndufc1,268,1.1639995574951172,0.5116879762366008,0.09030747102419881,0.061182012993544824,0.005525192865616704
MC,Gng5,269,1.289431095123291,0.5566317964613199,0.10114228013678518,0.0535894735151549,0.005420161542652627
MC,Selk,270,1.0995651483535767,0.5641114982578397,0.08300103316457433,0.06495273798613951,0.0053911443597174724
MC,Dynlrb1,271,1.1189121007919312,0.3990693739424704,0.09243570736025475,0.05771826321293988,0.005335228487693468
MC,Edf1,272,1.1382827758789062,0.5798440065681445,0.10086968581554086,0.05267443311473126,0.005313253518794663
MC,Ywhaq,273,1.2776402235031128,0.5413793103448276,0.07686896970222987,0.061936152491342614,0.0047609682293297045
MC,Eif4a2,274,1.13010835647583,0.41958266452648474,0.08461336779734382,0.05600992369411704,0.004739188273831487
MC,Ndufa1,275,1.1750221252441406,0.3918273913890512,0.07569166175777456,0.05779576753778263,0.004374657687500809
MC,Dad1,276,1.1536957025527954,0.4725257811297522,0.0716071770372239,0.06075585979122553,0.004350555608119039
MC,Ndufv3,277,1.1901345252990723,0.39031755308786287,0.08209192183664785,0.052259408236244184,0.004290075256159228
MC,Ndufa2,278,1.2757982015609741,0.5938995989131841,0.0768952223149236,0.05512945127912019,0.004239191412207696
MC,Son,279,1.4405431747436523,0.49253501616130524,0.09961518116636262,0.04154855556266139,0.004138866889575198
MC,Hnrnpk,280,1.2888708114624023,0.5186195826645265,0.07901003760025883,0.05218176806665431,0.0041228834569943425
MC,Ndufb7,281,1.1450026035308838,0.5613289245788065,0.06323924187730112,0.057226717223394466,0.003618974212334157
MC,Shfm1,282,1.3513939380645752,0.582442748091603,0.05764193304060793,0.061758040432965,0.003559852831356126
MC,Atp6v0b,283,1.1614779233932495,0.40476190476190477,0.06335349056014326,0.0528589710925938,0.0033488003261335267
MC,Rabac1,284,1.0965313911437988,0.43576779026217227,0.05446074355748458,0.059632869221636645,0.0032476503982765683
MC,Nedd8,285,1.1161389350891113,0.5536401416038171,0.057551257367830094,0.053912899407966196,0.0031027551492737973
MC,Ech1,286,1.1476128101348877,0.44696223316912975,0.05305051544131818,0.0567475732407053,0.003010488010463371
MC,Rbx1,287,1.1216940879821777,0.4623693379790941,0.05341346793740884,0.05514337441982477,0.002945398861533841
MC,Ndufb2,288,1.0587947368621826,0.44174105840480776,0.04240001040400301,0.06022188878800283,0.0025534087111600324
MC,Sumo2,289,1.1351032257080078,0.48183777127905186,0.05212008131721227,0.04804218832999478,0.0025039627624161543
MC,Arpp19,290,1.1839206218719482,0.3539103501677708,0.04723144637431245,0.0480987966499924,0.0022717757346430753
MC,Psap,291,1.2345187664031982,0.4350289495450786,0.04694948962607014,0.04249668253537576,0.0019951975558370203
MC,Eif4g2,292,1.1080400943756104,0.44080459770114944,0.0384331405805278,0.04947203271409532,0.0019013655881052955
MC,Rsrp1,293,1.3187134265899658,0.5047173857106098,0.03748492362908776,0.03846393352687786,0.0014418176107293247
MC,Kap,294,1.5709679126739502,0.6647940074906367,0.04487259643121002,0.029721757241140477,0.0013336924179080908
MC,H2afz,295,1.065941572189331,0.4066288773421508,0.02542356146351927,0.051473768233123496,0.001308646510433761
MC,Ndufb10,296,1.1102375984191895,0.5472906403940887,0.021661980503649203,0.051942849412582946,0.0011251849912793583
MC,Bcam,297,1.2836050987243652,0.46314874264312467,0.02398232164044728,0.04460520244847045,0.001069736311956485
MC,Ddx5,298,1.5078930854797363,0.5614854699501148,0.017205549705177774,0.046627737950922794,0.0008022558629546062
MC,Iscu,299,1.063493251800537,0.4302468055312445,0.010993506717970596,0.050020308061249595,0.0005498985927063062
MC,Ost4,300,1.0895862579345703,0.4620279146141215,-0.01363747507644103,0.04819377771671545,0.0
PT,Slc34a1,1,2.070817232131958,0.784,0.7492870760592559,0.16210754803829963,0.1214650906767529
PT,Kap,2,2.720733165740967,0.862,0.7946144191732841,0.15184083158690614,0.12065491419821787
PT,Tmem27,3,1.917132019996643,0.666,0.7172158837699214,0.153762018129655,0.1102805617231072
PT,Tcn2,4,1.7401407957077026,0.504,0.6915896530855845,0.14360106511735937,0.099313010807235
PT,Slc5a2,5,1.2394874095916748,0.296,0.70246833237586,0.137553947713613,0.09662729226209797
PT,Cd63,6,1.8739979267120361,0.648,0.6474162469202612,0.14812102110670383,0.095895955574899
PT,Spp2,7,1.5659453868865967,0.376,0.6902540367256389,0.137274183330885,0.09475405918235878
PT,Slc27a2,8,1.8475451469421387,0.546,0.6968768230091308,0.1346285481973693,0.09381951495411436
PT,Spp1,9,1.3823333978652954,0.328,0.6900038651919493,0.13495192178004706,0.09311734764331409
PT,Slc4a4,10,1.3446681499481201,0.428,0.6846042372856969,0.13297000621074898,0.09103182968378418
PT,Timp3,11,1.6713179349899292,0.486,0.6576411442404023,0.13786518742750226,0.0906658196107401
PT,Acy3,12,2.1539487838745117,0.6761904761904762,0.7025003871726615,0.1255905002341035,0.08822737503966595
PT,Gatm,13,2.2770984172821045,0.666,0.6645528533229433,0.13178875349181132,0.08758059216885723
PT,Pdzk1ip1,14,1.786507248878479,0.66,0.6507555157918029,0.13064311547205198,0.08501672799366326
PT,Atp1a1,15,1.478653907775879,0.434,0.6432652512318782,0.1293235509254433,0.08318934647625387
PT,Atp1b1,16,1.4011152982711792,0.416,0.6539427473823148,0.12678237550817556,0.08290841495947263
PT,Cyba,17,1.8243212699890137,0.636,0.6298902474897644,0.13075729546381235,0.08236274520079301
PT,Cyp4b1,18,1.9725404977798462,0.544,0.6631917293135022,0.12075680916474762,0.08008491709634956
PT,Napsa,19,1.3964958190917969,0.25,0.6775458868284921,0.11368494092886768,0.0770267641206944
PT,Tmbim6,20,1.4295463562011719,0.402,0.6130385634078132,0.1234175815307624,0.07565973688088523
PT,Itm2b,21,1.4541382789611816,0.472,0.6110923155780497,0.12173377351402619,0.07439057354074011
PT,Sepp1,22,1.9056910276412964,0.656,0.6005328260809862,0.12279737333710276,0.07374385364545227
PT,Igfbp7,23,1.930635929107666,0.566,0.5501427101452262,0.12968063512897093,0.0713428560632063
PT,Malat1,24,4.742091178894043,0.8071428571428572,0.6971165773893024,0.10156882143274779,0.07080530916666236
PT,Cndp2,25,1.8246793746948242,0.388,0.6631877717058513,0.10376409942139657,0.0688150818783404
PT,Psap,26,1.245848298072815,0.342,0.6184526828626028,0.11022961673915732,0.06817180220324831
PT,Tmem176a,27,1.413482904434204,0.372,0.5687635413781021,0.11593954031114309,0.06594218353311497
PT,Lamp1,28,1.2584350109100342,0.356,0.5980455623478781,0.10967549177349918,0.0655909411534624
PT,Lrp2,29,1.5297056436538696,0.47,0.5483939250346853,0.11800100981991321,0.06471103693319866
PT,Cyp2j5,30,1.4475723505020142,0.366,0.5953142253418566,0.10679709194518294,0.06357782806010961
PT,Ugt2b38,31,1.5303186178207397,0.396,0.6043576955019369,0.10496783579694724,0.06343811934406875
PT,Acsm2,32,1.8168798685073853,0.766,0.5185411733474307,0.11747422458683314,0.06091522225533604
PT,Akr1a1,33,1.3956972360610962,0.914,0.6287116907714232,0.09382932140169134,0.05899159130239265
PT,Maf,34,1.4042837619781494,0.42,0.5736919822922169,0.10270778849519124,0.05892263477865601
PT,Hrsp12,35,1.7229313850402832,0.77,0.6126632435144203,0.09574910893611695,0.05866195964441697
PT,Tmem176b,36,1.4467748403549194,0.354,0.5259823883914472,0.11102954144723351,0.05839958339242306
PT,Guca2b,37,1.9873154163360596,0.488,0.522793600258745,0.10523290001183741,0.05501508666285701
PT,Inmt,38,1.6737416982650757,0.346,0.6071396080505231,0.08944331312344683,0.05430457807250972
PT,Cml1,39,1.586172103881836,0.464,0.5162088467194897,0.10466324592422398,0.05402809347246199
PT,Cyb5a,40,1.8296078443527222,0.82,0.5337292547840067,0.10115367628561982,0.053988676262586514
PT,Spink1,41,1.4180396795272827,0.8928571428571429,0.49440779363442217,0.10431361410469571,0.051573463795535145
PT,Ass1,42,1.5062376260757446,0.748,0.5505908282749047,0.09183644681695771,0.050564305318772984
PT,Aldob,43,1.378212809562683,0.926,0.5752730262139447,0.08765530903475721,0.05042573489214331
PT,Ttc36,44,1.6422390937805176,0.78,0.5261677496327909,0.09394842679598013,0.04943263230878186
PT,Chpt1,45,1.6925559043884277,0.558,0.4927225587964538,0.0985941363195852,0.048579555129712404
PT,Ldhb,46,1.6709864139556885,0.766,0.5598176209086277,0.08459880534412977,0.04735990193946283
PT,Ubb,47,1.5501469373703003,0.882,0.5201502223504877,0.0903452555168097,0.046993104745380196
PT,Gsta2,48,1.3278617858886719,0.486,0.5280189369242152,0.08897615927739526,0.046981097033249895
PT,Ccdc107,49,1.3584843873977661,0.394,0.4698406414687899,0.09714847569262407,0.04564430213713763
PT,Slc22a12,50,1.2898533344268799,0.332,0.4726893535076201,0.09478430618849754,0.04480353241490921
PT,Dnase1,51,1.4525268077850342,0.344,0.4855989707502552,0.09111299107624503,0.044244374688601776
PT,Folr1,52,1.2961405515670776,0.384,0.45522646420180307,0.09612195054441007,0.04375725567851237
PT,Mdh1,53,1.7206348180770874,0.712,0.5149574809717803,0.08245421419253755,0.04246041443609675
PT,Slc25a5,54,1.673064947128296,0.742,0.4916616414502456,0.0836737420206095,0.04113916934813725
PT,Prdx5,55,1.2287724018096924,0.88,0.5149078251158001,0.07933759813026006,0.04085155010316358
PT,Fbp1,56,1.6933151483535767,0.644,0.49874946417925425,0.08180269214366806,0.040799048875074934
PT,Ndrg1,57,1.8950669765472412,0.672,0.41898795050665105,0.08358895635234484,0.03502276550705887
PT,Miox,58,1.7250694036483765,0.8761904761904762,0.3610799678235486,0.08931190305378829,0.03224873908092177
PT,Acadm,59,1.2948851585388184,0.336,0.4521418641301836,0.07107519838514212,0.03213607269128077
PT,Atp5b,60,1.343878149986267,0.804,0.4276476625833256,0.07367624242438513,0.03150747286071075
PT,Rpl41,61,1.4718571901321411,0.906,0.36041942550479394,0.08691171711555848,0.03132467115242475
PT,Mif,62,1.6636027097702026,0.61,0.4168306772874461,0.07505362506601956,0.03128465336914698
PT,Pecr,63,1.8073968887329102,0.508,0.410728360697687,0.0758926404844311,0.0311712598151893
PT,Chchd10,64,1.5937416553497314,0.784,0.37834859093070927,0.08132113174795899,0.03076773560973085
PT,Hist1h2bc,65,1.6693527698516846,0.544,0.40077815277721357,0.07593180022411664,0.030431806630869876
PT,Atpif1,66,1.6575300693511963,0.796,0.3922294672296353,0.07720499109758754,0.030282072525675496
PT,Gapdh,67,1.539896011352539,0.646,0.41860816613814494,0.07146851026639202,0.029917302019239547
PT,Cycs,68,1.7674142122268677,0.748,0.3720659006948959,0.07862352642417825,0.02925313317482083
PT,Gm10076,69,1.6427390575408936,0.556,0.3937068388413215,0.07288676201124693,0.02869601666482775
PT,Idh1,70,1.5665011405944824,0.426,0.3766231409841391,0.07560223641026752,0.0284735517422604
PT,Ldhd,71,1.2800065279006958,0.304,0.44661587983892037,0.061637579962458125,0.027528322006075044
PT,Rps27,72,1.7008583545684814,0.648,0.32388237826116,0.08290031311748783,0.026849950571086797
PT,Chchd2,73,1.5172021389007568,0.762,0.32774940039379674,0.08094293556169142,0.026528998596458093
PT,Acat1,74,1.4617286920547485,0.434,0.3689581769895369,0.07006142837238193,0.025849736889557055
PT,Cox6a1,75,1.502572774887085,0.782,0.308388655415282,0.0830258302259968,0.02560422414813263
PT,Atp5g1,76,1.624906063079834,0.762,0.3418138568194744,0.07454779082731752,0.02548146790005684
PT,Mpc2,77,1.5864014625549316,0.632,0.3473088222910758,0.07326637635101936,0.02544605888400726
PT,Bphl,78,1.2677032947540283,0.404,0.38186099513521243,0.06651722631364769,0.025400334233763644
PT,Txn1,79,1.3253376483917236,0.416,0.3354125939532239,0.07343221049316784,0.024630088201232574
PT,Atp6v1g1,80,1.5436460971832275,0.514,0.36263285298404674,0.06719252564968643,0.02436621727554953
PT,Dcxr,81,1.3951691389083862,0.37,0.3452706715031776,0.06882462719960805,0.023763125249164532
PT,Ech1,82,1.50151789188385,0.468,0.32550336222039505,0.07260363963299551,0.02363272880997797
PT,Cox8a,83,1.271431565284729,0.89,0.2870830482374113,0.08187763086120185,0.02350567985009137
PT,Rpl37a,84,1.6309267282485962,0.7,0.29628307061328996,0.07846429939674907,0.02324764355878933
PT,Mdh2,85,1.2652091979980469,0.41,0.34853652281005787,0.06601433977876134,0.023008408442091163
PT,Pah,86,1.6190909147262573,0.444,0.28929966119462625,0.07944192756032521,0.022982522727850126
PT,Etfb,87,1.68924081325531,0.646,0.31458772884682606,0.07253702958998401,0.02281925939600809
PT,Cox6b1,88,1.5177232027053833,0.768,0.31380976470907374,0.07262555317961936,0.022790607755162673
PT,Ethe1,89,1.3399025201797485,0.44761904761904764,0.3161033900675532,0.07196022151725566,0.022746869971616603
PT,Ndufa1,90,1.5674246549606323,0.554,0.2912115740824487,0.07807809486494774,0.022737244906980186
PT,Atp5o,91,1.642041563987732,0.636,0.34647367845808896,0.06535989297826919,0.022645482543807945
PT,Rpl13,92,1.7310638427734375,0.668,0.29660879170519516,0.07626917956791404,0.02262210919598554
PT,Rpl32,93,1.7281465530395508,0.592,0.3022360270693195,0.0733850141080952,0.022179595110456654
PT,Cela1,94,1.45344078540802,0.474,0.3101620602648618,0.07147977194224894,0.022170313332870395
PT,Atp5l,95,1.5552942752838135,0.84,0.28396916399581706,0.07771507018423449,0.022068683510093317
PT,Rplp0,96,1.5189764499664307,0.498,0.3171811712424739,0.0692030514943919,0.02194990492654446
PT,Hibadh,97,1.2281655073165894,0.334,0.31113256697477676,0.07022911498349596,0.021850564821181855
PT,Mpc1,98,1.6647015810012817,0.586,0.2996081758657426,0.07278062036456011,0.021805668905802975
PT,Cda,99,1.2759528160095215,0.338,0.32671511802622283,0.06639590457312389,0.021692545799065998
PT,Atp5c1,100,1.405273675918579,0.52,0.3090530812761233,0.07007925230229714,0.021658208857551788
PT,2010107E04Rik,101,1.6884759664535522,0.702,0.29546654307092296,0.07312536915048902,0.021606100033680103
PT,Aldoa,102,1.493168830871582,0.448,0.316874338354366,0.06804830720221952,0.02156276232083795
PT,Uqcrb,103,1.7220180034637451,0.618,0.2923307602117881,0.0736316430863996,0.021524794199090248
PT,Atp5g3,104,1.564210057258606,0.536,0.3010474557624333,0.07033203787383602,0.021173281060505433
PT,Rps5,105,1.5890538692474365,0.458,0.2912140992552495,0.07246273683337315,0.021102170636500953
PT,Comt,106,1.3056832551956177,0.39,0.3323952699585383,0.06229757195325293,0.020707418247162972
PT,Khk,107,1.6109449863433838,0.506,0.2902542714726852,0.07056891179664306,0.020482928082154808
PT,Ndufab1,108,1.5570502281188965,0.528,0.27999572470482986,0.07298394845797325,0.02043519354031017
PT,Rpl10,109,1.6767889261245728,0.494,0.2815839976592311,0.07230936920778164,0.02036116124974446
PT,Ppia,110,1.603388786315918,0.692,0.28168268952007836,0.0718812526110195,0.02024770456154413
PT,Hint1,111,1.5349104404449463,0.746,0.26943208676117136,0.0749803640985213,0.020202115965177007
PT,Atp5h,112,1.6553468704223633,0.582,0.2768092975057768,0.07250747536245608,0.02007074331899889
PT,Park7,113,1.653583288192749,0.628,0.28230593881729055,0.0707275342143596,0.019966802946616822
PT,Ndufa12,114,1.5467208623886108,0.56,0.29483574447851474,0.0673735285366458,0.01986412444424642
PT,Ndufb8,115,1.6262553930282593,0.62,0.26986606434306476,0.07267816793463548,0.019613371144184405
PT,Ndufb4,116,1.689935564994812,0.666,0.27483277535368345,0.07098782974516751,0.01950978226519915
PT,Uqcrq,117,1.5041735172271729,0.788,0.2545567810714722,0.07651149970848936,0.019476521080743936
PT,Atp5j,118,1.6154985427856445,0.794,0.25963389354556876,0.07479776049514174,0.019420033785842578
PT,Rps19,119,1.62588369846344,0.704,0.231225176158192,0.0834858347962209,0.019304026857469892
PT,Rps29,120,1.4212604761123657,0.736,0.25780676566425687,0.07445502252751611,0.01919500854527831
PT,Calml4,121,1.4954500198364258,0.486,0.27985999261096656,0.06839050278433009,0.01913976560388291
PT,Rps8,122,1.6216496229171753,0.464,0.24541191342715488,0.07787530457776157,0.019111527505150938
PT,Rplp1,123,1.5552282333374023,0.464,0.27218871783552623,0.07001388381654551,0.01905698926671102
PT,Rps24,124,1.381025791168213,0.402,0.28969719127008525,0.06563506001713085,0.01901429253580628
PT,Rpl37,125,1.6201790571212769,0.604,0.24974125821436163,0.07598536659549945,0.01897668105943956
PT,Cox4i1,126,1.2472172975540161,0.878,0.2453827442460268,0.07669995162690046,0.018820844613746345
PT,Rpl18a,127,1.6486421823501587,0.628,0.26942270526473444,0.06925977410115379,0.018660155704357244
PT,Rpl9,128,1.5100162029266357,0.47,0.2522699025614676,0.07395211258390687,0.018655892235756866
PT,Ddt,129,1.5340405702590942,0.484,0.25110269538854074,0.07403743870048116,0.01859100041735468
PT,Gpx4,130,1.5291131734848022,0.802,0.25015075385088437,0.07416143233138471,0.018551538204357235
PT,Eno1,131,1.302574634552002,0.372,0.3063429686009456,0.06038694995314855,0.01849911751340426
PT,Rpl39,132,1.401576042175293,0.388,0.2617989473079108,0.07030938694313084,0.018406923487576225
PT,Rpl17,133,1.5760594606399536,0.456,0.25060292911958687,0.07335083496713776,0.01838193409613214
PT,Sdhb,134,1.5452274084091187,0.504,0.26626460492612547,0.0687901285578443,0.018316376403271793
PT,Selenbp1,135,1.3988478183746338,0.39,0.27791895174250447,0.06517622840749035,0.018113709077539758
PT,Tpt1,136,1.7032570838928223,0.572,0.23600454423385028,0.07668750224671236,0.01809859901616772
PT,Rpl8,137,1.4844262599945068,0.446,0.26350511914469626,0.06811766170839709,0.01794935256432929
PT,Uqcrfs1,138,1.5215516090393066,0.516,0.27533332903499347,0.06518923452776024,0.017948768959771166
PT,Ndufb9,139,1.6809667348861694,0.602,0.23091290597567246,0.07680581539415984,0.017735454028496488
PT,Cox7a2,140,1.6136815547943115,0.802,0.2351704019078019,0.07501110717679944,0.017640392222317128
PT,Atp5f1,141,1.500462532043457,0.57,0.27278804428143183,0.06445516031757609,0.017582597126877732
PT,Akr1c21,142,1.6197012662887573,0.634,0.2760745663768247,0.0635504225491432,0.017544655348318693
PT,Rpl11,143,1.548862338066101,0.53,0.246177745858111,0.07092626474933321,0.017460467978126448
PT,Iscu,144,1.3240160942077637,0.38,0.27230428440632765,0.06387529327342333,0.017393516026063854
PT,Minos1,145,1.5244812965393066,0.594,0.23999542881497588,0.07142946323766033,0.017142744659745846
PT,Rps16,146,1.5604526996612549,0.518,0.2194474572292223,0.07805139252351037,0.017128179622484283
PT,Keg1,147,1.8589283227920532,0.632,0.2587127506847868,0.06616646412993646,0.017118107938142137
PT,Rpl14,148,1.7050446271896362,0.532,0.2453625100732663,0.069746757393674,0.017113239463582997
PT,Cox5a,149,1.7106457948684692,0.71,0.22808575928969713,0.07493089856074156,0.01709067089248601
PT,Rps3a1,150,1.3592393398284912,0.384,0.2428516969209252,0.06999093530189321,0.016997417407147455
PT,Rpl13a,151,1.6934775114059448,0.534,0.23529604314746985,0.07171289518709525,0.016873760480172747
PT,Rps13,152,1.4008880853652954,0.374,0.250442014703914,0.06684221874693823,0.016740099930262937
PT,Rpl35a,153,1.626784086227417,0.57,0.22001854909104515,0.07594267264461098,0.016708796649363512
PT,Uqcr11,154,1.2837002277374268,0.8,0.21341740199757991,0.0768375206266202,0.016398464028068743
PT,Ndufc1,155,1.725974202156067,0.648,0.2254945539935395,0.07217655429884987,0.016275419920409637
PT,Rps7,156,1.3525084257125854,0.416,0.22232075397516954,0.07279698088029826,0.01618427967642391
PT,Eif1,157,1.673627495765686,0.666,0.22491666030864224,0.07189735097991642,0.01617091206744109
PT,Rps9,158,1.4949634075164795,0.482,0.216495675700814,0.07459108097065413,0.016148646475995895
PT,Rps27l,159,1.5593684911727905,0.532,0.23136456121951554,0.06967937986592035,0.016121339148726606
PT,Zfp706,160,1.2831581830978394,0.422,0.27396723872367795,0.05884157324492186,0.016120663344068288
PT,Rps3,161,1.4725587368011475,0.45,0.23746350504634198,0.06785874709742806,0.016113975933808554
PT,Pfn1,162,1.4392296075820923,0.506,0.22859849349425962,0.07048216427059452,0.01611211657047284
PT,Rpl34,163,1.5151863098144531,0.482,0.23306307521179617,0.06902395574803391,0.016086935389919718
PT,Usmg5,164,1.656779170036316,0.7071428571428572,0.2234300544294444,0.07198545157868613,0.016083713364353977
PT,Rps18,165,1.6473290920257568,0.602,0.2195537193861193,0.0729005595390663,0.016005588992131246
PT,Ndufb10,166,1.4687358140945435,0.494,0.23883620215132334,0.0669074696424056,0.015979925944947113
PT,Rpl15,167,1.2284070253372192,0.334,0.23458606585200031,0.06803079893347713,0.01595907747857286
PT,Gm10116,168,1.3747094869613647,0.278,0.2996115885228259,0.053236927143263335,0.015950400309467073
PT,Pcbd1,169,1.2738486528396606,0.422,0.25742767900974217,0.06181777223282434,0.015913605627448858
PT,Rpl3,170,1.3810893297195435,0.392,0.23231699062168568,0.06820893714438656,0.0158460950108876
PT,Rpl24,171,1.6609169244766235,0.528,0.2119218001473953,0.07434497323792648,0.01575532056049131
PT,Rps28,172,1.7402194738388062,0.514,0.23940030137333748,0.06570741499528768,0.015730374952334824
PT,Rps23,173,1.6120659112930298,0.586,0.2289970636779134,0.06845576350771274,0.01567616883509587
PT,Rpl36a,174,1.2681952714920044,0.332,0.242929912181758,0.06449517304760385,0.01566780672460169
PT,Rps26,175,1.3294248580932617,0.382,0.24260451437675862,0.06420469698351935,0.015576349332393652
PT,Cox5b,176,1.4780324697494507,0.76,0.21883971978129607,0.07092224626033333,0.01552060449787142
PT,Rpl35,177,1.62697434425354,0.602,0.20586952662530694,0.07520443778038918,0.01548230200597107
PT,Fau,178,1.616233468055725,0.564,0.2149976530769929,0.07171366346822519,0.0154182693392217
PT,Oaz1,179,1.5727051496505737,0.646,0.20679672883775685,0.073452028569776,0.015189639234727138
PT,Rpl38,180,1.692660927772522,0.566,0.23071566497924925,0.0658134287568059,0.01518418898019092
PT,Bdh2,181,1.2408206462860107,0.35,0.2472626246512939,0.0612815157599315,0.015152628429410293
PT,Rpl36,182,1.6093498468399048,0.506,0.22815121736667857,0.06604371730816375,0.015067954503278339
PT,Rps25,183,1.511215090751648,0.404,0.2234657150395609,0.06737676694701367,0.01505639740286826
PT,Msra,184,1.2703841924667358,0.336,0.26068458057481436,0.05745330275720021,0.014977190131898563
PT,Rps11,185,1.5658093690872192,0.506,0.21466294889893708,0.068408803902142,0.014684835576282917
PT,Rps17,186,1.51475989818573,0.448,0.2216569998623171,0.06599867555883952,0.014629068419258803
PT,Cystm1,187,1.4509315490722656,0.534,0.21652029947342363,0.06728449515662929,0.014568459041231496
PT,Hspe1,188,1.6481354236602783,0.626,0.21397720112343727,0.06785086433562867,0.014518538044343873
PT,Rpl23,189,1.580361008644104,0.494,0.18630437395735272,0.07784819286344838,0.014503458835136004
PT,Eef1a1,190,1.6241933107376099,0.568,0.2000934952359527,0.072465800514078,0.014499935309933166
PT,Naca,191,1.2371717691421509,0.372,0.2409452114860855,0.05990105394899285,0.0144328721119795
PT,Ndufb6,192,1.415863275527954,0.486,0.2135329476160353,0.06755203260731454,0.014424584640094405
PT,Rpl6,193,1.5206173658370972,0.394,0.20341178430963303,0.07066589285232082,0.01437427535492392
PT,Ndufc2,194,1.289637804031372,0.4878048780487805,0.21496458442637412,0.06675896420083924,0.014350812996168593
PT,Atox1,195,1.6633750200271606,0.674,0.2076820419610915,0.06866901630293448,0.014261321525252914
PT,Ndufa6,196,1.6346997022628784,0.682,0.18949839234665436,0.07498227374884534,0.014209020329902934
PT,Rps27a,197,1.5577144622802734,0.492,0.20284498304923984,0.06880536330464535,0.013956822753227575
PT,Cox7c,198,1.2323271036148071,0.872,0.1833131979281755,0.07563694889599826,0.013865250983655424
PT,Suclg1,199,1.3806445598602295,0.386,0.22565826113210835,0.061057397899888524,0.01377810623934009
PT,Mrps21,200,1.4424827098846436,0.47,0.20179176096097745,0.06816732748036022,0.013755605052265519
PT,Rps2,201,1.6012767553329468,0.558,0.19459554700915602,0.06994522104694675,0.013611028550306936
PT,Rpl27a,202,1.5280261039733887,0.456,0.17666692827708447,0.07616422298351394,0.013455699319108326
PT,Rps15a,203,1.4165406227111816,0.41,0.1834695967176595,0.07313446143607007,0.013417950145838997
PT,Rpl28,204,1.4760116338729858,0.432,0.2025632772030528,0.06611529976554378,0.013392531793770777
PT,Rps4x,205,1.4172914028167725,0.384,0.2028471425775479,0.06582660296024098,0.013352738316071639
PT,Rpl26,206,1.6876274347305298,0.474,0.20565455658091156,0.06441290125321794,0.013246806645320578
PT,Ndufs7,207,1.365177035331726,0.454,0.20447294902398205,0.06403230194760781,0.013092873612021438
PT,Rpl21,208,1.52407705783844,0.446,0.18358502135340024,0.07125270234071737,0.01308092888070807
PT,0610011F06Rik,209,1.5473816394805908,0.502,0.19021816036570102,0.06860083592338964,0.013049124808896475
PT,S100a1,210,1.3221677541732788,0.482,0.2072892445681115,0.06253959083102183,0.012963784538961309
PT,Hspa8,211,1.584993839263916,0.71,0.19955482943537448,0.06462900481237745,0.012897030031911977
PT,Slc25a3,212,1.5758591890335083,0.546,0.20152076040621245,0.06355932789563143,0.012808524088435436
PT,Arpp19,213,1.4733026027679443,0.446,0.205851259719083,0.062134400913591833,0.01279044469995342
PT,Esd,214,1.3376187086105347,0.42,0.1888022302765978,0.06759438778348241,0.012761971167702694
PT,H2afj,215,1.5580424070358276,0.526,0.19529188318293123,0.06490720487054438,0.012675850271308938
PT,Cat,216,1.2310189008712769,0.36,0.1729578440859183,0.07322530531301545,0.012664890939472291
PT,Atp5j2,217,1.6056349277496338,0.734,0.16601841147271737,0.07566784825509115,0.012562255966868862
PT,Rpl7,218,1.2562196254730225,0.358,0.18516046750793475,0.06780054412891591,0.01255398044820243
PT,Rps6,219,1.5168880224227905,0.466,0.1849355014810531,0.06734675730486628,0.01245480633529822
PT,Akr7a5,220,1.4509265422821045,0.468,0.19426529100900808,0.06379806811900288,0.012393750268950614
PT,Sult1d1,221,1.6347520351409912,0.532,0.21079367225424392,0.05876947371704901,0.012388233181266032
PT,Ndufb2,222,1.5278013944625854,0.524,0.1961723311921957,0.06308479377421825,0.012375491057467308
PT,Rpl18,223,1.2744393348693848,0.376,0.186922970083678,0.06595721795606323,0.012328919078803836
PT,Ndufa7,224,1.440070390701294,0.518,0.18078456113205996,0.06819247259904429,0.012328146231328246
PT,Rps14,225,1.73256254196167,0.654,0.17579499626262937,0.06984117322897639,0.012277728786765554
PT,Pebp1,226,1.381723165512085,0.442,0.19372282453969225,0.06330487352174188,0.012263598905759813
PT,Scp2,227,1.6431881189346313,0.63,0.18485289253819093,0.06615922555151124,0.012229724211283443
PT,Glyat,228,1.541421890258789,0.498,0.20854796803156794,0.05823026585559101,0.012143803622121497
PT,Atp5a1,229,1.6694855690002441,0.592,0.19069538080153753,0.06320141727651805,0.012052218334742484
PT,Atp5k,230,1.550341248512268,0.7,0.17637999796733234,0.0677273646270872,0.011945752435258417
PT,Gng5,231,1.3246957063674927,0.432,0.18095920408824379,0.06575088479321518,0.01189822778027803
PT,Rplp2,232,1.5114552974700928,0.438,0.18309955321929028,0.06498072103042296,0.011897940988537784
PT,Ybx1,233,1.7183259725570679,0.598,0.18036931550639912,0.06560803696752565,0.011833676719551132
PT,2410015M20Rik,234,1.5147250890731812,0.51,0.1821419857739163,0.06477931118846177,0.011799032376932899
PT,Atp5e,235,1.620393991470337,0.746,0.18263051124201177,0.06427158074801023,0.01173795165034135
PT,Myl6,236,1.5056324005126953,0.56,0.1769225886401383,0.06617720020433873,0.011708241569108298
PT,Hint2,237,1.627991795539856,0.588,0.17602536993336396,0.06648940512993748,0.011703822134646552
PT,Ndufa13,238,1.613468050956726,0.714,0.15646896675841132,0.07439151079964154,0.011639962830417109
PT,Ndufa5,239,1.643965721130371,0.598,0.16763222520976773,0.06842369707881425,0.011470016598400717
PT,Ndufa11,240,1.3327512741088867,0.472,0.18205327843992197,0.06299941154023286,0.011469249410685247
PT,Ndufs5,241,1.4211866855621338,0.43,0.18470211234545686,0.061259593411141275,0.011314776304461625
PT,Sod2,242,1.5060694217681885,0.46,0.1866355940500756,0.06034512285763408,0.011262547852559333
PT,Ndufa3,243,1.724645972251892,0.482,0.17204720106970037,0.06479980896008883,0.011148625761434574
PT,Ndufs6,244,1.5866124629974365,0.568,0.17649131344404007,0.06271004568486539,0.01106777832905765
PT,Rpl23a,245,1.5021140575408936,0.396,0.1651961953904398,0.06690749725064854,0.01105286398890345
PT,Tomm7,246,1.3582496643066406,0.408,0.17903157007228007,0.061269295101946286,0.010969138099323303
PT,Serf2,247,1.6109185218811035,0.704,0.1532616738161117,0.07140204212420001,0.01094319648984341
PT,Rpl19,248,1.6419429779052734,0.498,0.15170588917370426,0.07183195836813278,0.010897331115326089
PT,Rps15,249,1.4983100891113281,0.418,0.166798106522593,0.06472433549403897,0.01079589660633876
PT,Timm8b,250,1.2349019050598145,0.354,0.17199714866716195,0.061108237830179234,0.010510442666865627
PT,Atp5g2,251,1.2966465950012207,0.368,0.17550443668607252,0.05963372076941943,0.0104659825711315
PT,Ndufb11,252,1.482539415359497,0.52,0.15730355225331766,0.06618608709255511,0.010411306609406376
PT,Ndufa8,253,1.232543706893921,0.406,0.15894081638473093,0.06417782816810083,0.010200476402836927
PT,Pck1,254,1.4470516443252563,0.302,0.18005136731795995,0.05554351061356174,0.010000685031611412
PT,Gabarap,255,1.3097660541534424,0.43,0.1546003315962156,0.06359509605796979,0.009831822938455314
PT,Tceb2,256,1.4146912097930908,0.52,0.1522754199679153,0.06408775156589414,0.00975898928449595
PT,Atp5d,257,1.532838225364685,0.602,0.153390823069453,0.06276750350325251,0.009627959024378678
PT,Uqcr10,258,1.4482818841934204,0.834,0.14475149783637228,0.0664651261321735,0.009620926561515522
PT,Cox7b,259,1.634039282798767,0.54,0.13400213866196967,0.07135587953316674,0.009561840463550214
PT,Ndufb5,260,1.379328727722168,0.41,0.15718599219389143,0.060123525881967975,0.009450576069952248
PT,Uqcrh,261,1.6021831035614014,0.622,0.13886364533828408,0.06727311221155824,0.009341789594948411
PT,Tmem256,262,1.5955661535263062,0.46,0.1509261130125993,0.061542836298428806,0.009288421066292565
PT,Nop10,263,1.2950626611709595,0.466,0.140289168141285,0.06607424708593916,0.00926950115924813
PT,Pfdn5,264,1.2885122299194336,0.348,0.159499495184264,0.05783023746694059,0.009223893682363135
PT,Sord,265,1.2951464653015137,0.49,0.15498163449802155,0.05902054795033677,0.009147100990312048
PT,Ptma,266,1.3697636127471924,0.402,0.15504962347403634,0.05888685382421528,0.009130384513015196
PT,Vamp8,267,1.2733831405639648,0.424,0.143465671985687,0.06307956441667481,0.00904975209760268
PT,Cisd1,268,1.5193572044372559,0.574,0.13105230111778113,0.06570606313055191,0.008610930770649027
PT,Rpl10a,269,1.2446644306182861,0.322,0.12758045498853987,0.06611148352995425,0.008434533148718922
PT,Rpl31,270,1.41583251953125,0.39,0.1292633960656125,0.06522415079427218,0.008431095237163238
PT,Nme1,271,1.4472752809524536,0.458,0.13602193235726456,0.061676943817991436,0.008389417080013638
PT,Oxct1,272,1.2809500694274902,0.376,0.150791303798372,0.05561863090285742,0.008386805869322295
PT,Ndufv3,273,1.6205496788024902,0.542,0.12998898580518184,0.06432037470726673,0.008360940274806872
PT,Rpl36al,274,1.4336556196212769,0.422,0.13003865187674718,0.06225713971452651,0.008095834518179324
PT,Ndufb7,275,1.4354298114776611,0.466,0.13104962736601145,0.06147924233092182,0.008056831798212021
PT,Cox17,276,1.2701963186264038,0.36585365853658536,0.12695628085027305,0.05866301459470437,0.007447638156408955
PT,H3f3b,277,1.378515601158142,0.494,0.11569745848716631,0.06348967062877235,0.007345593531936251
PT,Uqcrc1,278,1.3197741508483887,0.442,0.1343393130375282,0.05295916003634078,0.007114497178326538
PT,Mrpl12,279,1.2408627271652222,0.378,0.12298334886862346,0.057778409368403325,0.007105782276428488
PT,Hsp90ab1,280,1.3435993194580078,0.374,0.1262407135730746,0.0558539497299238,0.007051042469780218
PT,Cyc1,281,1.4076547622680664,0.472,0.10981665245541919,0.06344388656980228,0.006967195241857014
PT,Actb,282,1.5234527587890625,0.436,0.13327963962752293,0.052176080642528766,0.006954009225212809
PT,Tpi1,283,1.3876794576644897,0.432,0.12426767315654534,0.05503210970627955,0.0068387122220950934
PT,Smdt1,284,1.4567196369171143,0.492,0.11065588284254073,0.060956184222948864,0.006745160379902959
PT,Edf1,285,1.3675001859664917,0.43,0.10144074091838647,0.06630890324538377,0.006726424274697331
PT,Anapc13,286,1.3529459238052368,0.338,0.1116908990063062,0.06004488455514219,0.006706467136693701
PT,Rps21,287,1.3424068689346313,0.382,0.10390165167035367,0.06392231605228367,0.006641634216426635
PT,Higd2a,288,1.3297806978225708,0.374,0.10489543602661212,0.060235115079305034,0.006318388660356861
PT,Atp6v1f,289,1.3566193580627441,0.428,0.11141011315452534,0.05613399005947188,0.0062538941843407626
PT,Eef2,290,1.3345470428466797,0.34,0.11062140622682501,0.056147638542118475,0.0062111307318446244
PT,D8Ertd738e,291,1.2341188192367554,0.372,0.10961637009144323,0.05438659622666501,0.005961661259996001
PT,Aldh2,292,1.4299293756484985,0.428,0.10043895803429194,0.05826024802010319,0.005851598605958584
PT,Ndufb3,293,1.2426799535751343,0.382,0.09540358041023787,0.06033572931457638,0.005756244603273534
PT,Ndufa2,294,1.6727105379104614,0.642,0.08089940458957393,0.07060406153011338,0.005711826539391814
PT,Romo1,295,1.4950768947601318,0.494,0.08816952385623437,0.06351119766977742,0.005599752058083457
PT,Rpl27,296,1.2442996501922607,0.34146341463414637,0.0891653510249996,0.058774011936348104,0.0052406054054519955
PT,Pdzk1,297,1.5058648586273193,0.468,0.08616920739746846,0.054032850738636694,0.004655967921574042
PT,Sec61g,298,1.4217742681503296,0.418,0.08106956487119091,0.0572968956398031,0.004645034397988873
PT,Timm13,299,1.2908815145492554,0.424,0.045178607844489495,0.05981687548219725,0.002702443159892848
PT,Dao,300,1.2624130249023438,0.404,0.01588960500036564,0.043881120082749955,0.0006972536650885088
aLOH,Egf,1,2.6149098873138428,0.8645690312738368,0.4636990767405529,0.10866096890141275,0.05038599095731902
aLOH,Slc12a1,2,1.9931966066360474,0.865717375630858,0.42370580114375733,0.10541594141518792,0.04466534591064559
aLOH,Umod,3,2.3861138820648193,0.9173658536585366,0.4381945734846671,0.09911375218255553,0.04343110836409991
aLOH,Klk1,4,2.5082244873046875,0.6940840685002594,0.4051874653211174,0.10511429971104727,0.042590996668923506
aLOH,Sfrp1,5,1.6098344326019287,0.26838870750912236,0.47118927018853224,0.0876172453321238,0.04128430588397299
aLOH,Pth1r,6,1.1014012098312378,0.30407394727832937,0.4412361841176011,0.08377131661671781,0.03696293608246796
aLOH,Wnk1,7,1.6978943347930908,0.3442809780356403,0.42494399159991175,0.07863994484428635,0.03341757206132794
aLOH,Malat1,8,2.785142660140991,0.9436356849570735,0.40380331015165843,0.0794787630817875,0.032093787619185216
aLOH,Wfdc15b,9,2.0094285011291504,0.8425764614789004,0.42601589539119566,0.07421914506882671,0.03161853554166526
aLOH,Atp1a1,10,1.7549086809158325,0.8618073316283035,0.3427811949234778,0.09073961403266448,0.031103833325011904
aLOH,Spp1,11,1.8774373531341553,0.7766266058847907,0.35928892403580825,0.0852557221683227,0.030631436685752467
aLOH,Wfdc2,12,1.7661030292510986,0.6587046283848665,0.3255250516458134,0.09172397032741408,0.029858450177990527
aLOH,Tmem52b,13,1.1973161697387695,0.279443173150267,0.4131775061860252,0.0694429888855488,0.028692280969834918
aLOH,Clcnkb,14,1.23619544506073,0.3884194353754561,0.341752855824994,0.08391253478473436,0.028677348402197114
aLOH,Ldhb,15,1.504857063293457,0.8567073170731707,0.3249530847546106,0.07992696146178337,0.025972512682069387
aLOH,Ndufa4,16,1.0347895622253418,0.9046924708377518,0.33167562487513436,0.07734608723112922,0.025653811814031435
aLOH,Chchd10,17,1.28751540184021,0.8202810180275716,0.3113704581682249,0.0791595527702141,0.024647946214453337
aLOH,Cox6b1,18,1.153184413909912,0.8681024044282997,0.2970535038185243,0.08067444559194323,0.023964626731703638
aLOH,Atp1b1,19,1.468279480934143,0.8836879432624114,0.3041002674470842,0.07451021957529926,0.02265857770038947
aLOH,Cldn10,20,1.7627499103546143,0.3939170355796032,0.3448551192561886,0.06366132814142463,0.021953934908218346
aLOH,Cycs,21,1.3531891107559204,0.7320965230928904,0.27776882426805005,0.07566123413027127,0.02101633204703511
aLOH,Cox5a,22,1.5301437377929688,0.7690848857307471,0.2725576693461898,0.07357401922316767,0.020053163203898345
aLOH,Cox5b,23,1.107268214225769,0.8902439024390244,0.24683015615028692,0.07996799950555769,0.01973851380498287
aLOH,Etnk1,24,1.450245976448059,0.3850877192982456,0.29104169637504806,0.06755767758231809,0.019662101086716413
aLOH,Cox7b,25,1.585483193397522,0.7629873247551373,0.25073201074706425,0.07836958066892401,0.019649762542523572
aLOH,Mt1,26,1.6043636798858643,0.7904424181019926,0.24344993629786255,0.08017788812072184,0.01951930175548688
aLOH,Sostdc1,27,1.5575075149536133,0.549290780141844,0.25591589652419455,0.07542433077340788,0.019302285229614073
aLOH,Mgst3,28,1.4516608715057373,0.6231177094379639,0.2735321771288917,0.06968291369382838,0.01906051909135754
aLOH,Ndufb9,29,1.4086055755615234,0.7563096500530222,0.24454645841685993,0.07783861755374141,0.019035158250831886
aLOH,Atp5k,30,1.3750338554382324,0.8115853658536585,0.2522117689396407,0.0751687053477043,0.018958432144647132
aLOH,Ckb,31,1.4948593378067017,0.5361611876988335,0.26973469680447104,0.06772070395694023,0.018266623549210614
aLOH,Atp5j,32,1.2692341804504395,0.835454364684828,0.23960017751881885,0.07391316586807753,0.01770960766296928
aLOH,Slc25a5,33,1.2877118587493896,0.8141834570519619,0.23349828410960446,0.07417227199822876,0.01731909824009728
aLOH,Kng2,34,1.7490726709365845,0.6289606299212598,0.21360490417307137,0.08018587219928111,0.01712809554716159
aLOH,Slc25a3,35,1.4972198009490967,0.6395030772737633,0.24660447902514987,0.06862008217257307,0.016922019614830357
aLOH,Atp5j2,36,1.2829190492630005,0.8097622027534418,0.240973199862463,0.06950362786734021,0.016748511609242824
aLOH,Cox6a1,37,1.1828571557998657,0.866081604741281,0.23595820984174617,0.0709256912648982,0.016735499142653754
aLOH,Ndufb10,38,1.4072699546813965,0.5759384189586576,0.2287255409480795,0.07300011811340297,0.016696991504761793
aLOH,Ndufb4,39,1.4622418880462646,0.6588952654232425,0.2230615709327928,0.07479536198012501,0.016683970941773568
aLOH,Atp5o,40,1.3484514951705933,0.6879904559915164,0.2298754896518625,0.07123542456496154,0.016375278102428847
aLOH,Ly6a,41,1.4322590827941895,0.7870692992644213,0.19787183031830136,0.08156193198716424,0.016138808766597
aLOH,H3f3b,42,1.4390017986297607,0.6027387880862718,0.23179808030875526,0.06927447903230706,0.016057691254077893
aLOH,Usmg5,43,1.4205734729766846,0.7137676508344031,0.22722943628128967,0.07022902620786771,0.015958102035797696
aLOH,Fxyd2,44,1.2760164737701416,0.9628503883823033,0.3027771910664961,0.050999019177484804,0.015441339773705215
aLOH,Uqcrq,45,1.1254422664642334,0.8292682926829268,0.21875833440534936,0.06891946905102243,0.015076708257702692
aLOH,Atp5h,46,1.418143391609192,0.7628430465618254,0.2024525698758976,0.07374756125271299,0.014930383297691916
aLOH,Ftl1,47,1.2439548969268799,0.919839492347891,0.2889195167586531,0.0510405004549591,0.0147465967265666
aLOH,Uqcrb,48,1.436227798461914,0.7011597321855572,0.19521954202626907,0.07163573071755616,0.013984694543398448
aLOH,Ppp1r1a,49,1.8801612854003906,0.8128844114528102,0.18453189335849446,0.07567530580981247,0.01396450746156777
aLOH,Ivns1abp,50,1.4709296226501465,0.4969512195121951,0.22197846034340213,0.06263300907875358,0.013903178921976046
aLOH,Cox7a2,51,1.048875093460083,0.8473209141540234,0.18870172076366182,0.07337396389539216,0.013845793246311296
aLOH,Ubb,52,1.3760416507720947,0.745132648694908,0.2172143764918291,0.06305283591644871,0.013695982439633013
aLOH,Rps19,53,1.5726895332336426,0.7067765092544542,0.21907834317061292,0.062151407182600385,0.013616027311286224
aLOH,Atp5l,54,1.0513461828231812,0.899390243902439,0.18363484078697528,0.07218648032923472,0.01325595282223114
aLOH,Rpl3,55,1.3034687042236328,0.528711558854719,0.20715449602988212,0.06394738581203083,0.01324698848031968
aLOH,Ndufb11,56,1.6260828971862793,0.694062671797691,0.19397119747929692,0.06820337491697437,0.013229490304774962
aLOH,Uqcrh,57,1.4417617321014404,0.7612395929694726,0.16257850212094982,0.08071690990403882,0.01312283430803029
aLOH,Atp5b,58,1.3613481521606445,0.8488150838955197,0.17851574922901256,0.07256511716395855,0.01295401625841514
aLOH,Fabp3,59,1.1353328227996826,0.46220377097388,0.20155688986459191,0.06419631324646939,0.012939209238731474
aLOH,App,60,1.2859762907028198,0.42376048817696416,0.19830113910801458,0.06517519076552619,0.012924314570385996
aLOH,Ndufv2,61,1.353482961654663,0.4894308943089431,0.2053282076473497,0.06271951125436173,0.012878084830375872
aLOH,Prdx5,62,1.129857063293457,0.8721458225220551,0.18504427556313796,0.06919910934597132,0.012804899058539631
aLOH,Rpl21,63,1.3454012870788574,0.5761332099907492,0.19347900677317323,0.0659466235351023,0.012759287221615965
aLOH,Cox7c,64,1.061828851699829,0.9147946084724006,0.17824936771410269,0.07155129618415933,0.012753973303950889
aLOH,Ndufab1,65,1.4659960269927979,0.5487804878048781,0.19303610837497664,0.06600080864567676,0.012740539250562954
aLOH,Ndufb2,66,1.4894371032714844,0.6225350285417748,0.19087962916939358,0.06584220912054466,0.012567936460623227
aLOH,Atp5c1,67,1.3507856130599976,0.5343817452975639,0.18736006456898519,0.06688285142475005,0.012531175361499012
aLOH,Atp5g3,68,1.4391905069351196,0.6518557794273595,0.18702421901082683,0.06587916054846522,0.012320998550665582
aLOH,2010107E04Rik,69,1.3623936176300049,0.7251283697047497,0.17920756026551238,0.06863236922926455,0.012299439444818325
aLOH,Uqcr10,70,1.062794804573059,0.8523611831862999,0.17287037291591836,0.07093110820929649,0.012261887127480442
aLOH,Rpl13,71,1.391379952430725,0.6615853658536586,0.18503066236311178,0.0660452457839642,0.012220395573341411
aLOH,Atp6v1f,72,1.5224186182022095,0.5984654731457801,0.1926524404446791,0.06258170344485645,0.012056517895836776
aLOH,Sdhb,73,1.4040876626968384,0.5850114416475973,0.17588233411373483,0.06795972144810845,0.011952914434012562
aLOH,Cyc1,74,1.272381067276001,0.5115016959605303,0.17540055786840456,0.06813683936283728,0.011951239635631525
aLOH,Gabarapl1,75,1.1852736473083496,0.39292882507333643,0.21945606953162486,0.053928191754649815,0.011834868999423228
aLOH,Idh2,76,1.4896273612976074,0.6006167129201356,0.18898654742818727,0.0625683047614802,0.011824567895306753
aLOH,Ndufa5,77,1.476294994354248,0.6914893617021276,0.1974557916049841,0.059875299444856,0.011822724649469507
aLOH,Nudt4,78,1.5695704221725464,0.5110391612704286,0.1586868578688608,0.07432567232048783,0.011794507399528774
aLOH,Pkm,79,1.2856451272964478,0.38467656415694595,0.20671610727388684,0.056728056365606995,0.011726602985111915
aLOH,Lpl,80,1.1407067775726318,0.33292682926829265,0.19166601363181363,0.06099713688902738,0.011691078070473924
aLOH,Ndufb8,81,1.4328792095184326,0.7087987235012536,0.1787701579001817,0.06452655690816339,0.01153542276722743
aLOH,Rps3,82,1.363715410232544,0.49390243902439024,0.1616756563700274,0.0710174141187475,0.011481787041350553
aLOH,Tmem213,83,1.701826572418213,0.5705673758865248,0.1807828951059543,0.06330336207928786,0.011444165066634142
aLOH,1110001J03Rik,84,1.232373595237732,0.5872340425531914,0.17194372584655065,0.06623851604158225,0.011389297242736166
aLOH,Rpl37a,85,1.4594311714172363,0.7726796176379895,0.1756208510129605,0.06445942066080475,0.011320418312252938
aLOH,Hint1,86,1.2909512519836426,0.47252601577517067,0.2050163527812148,0.05514767283787682,0.011306174749593171
aLOH,Mt2,87,1.3268154859542847,0.3924903722721438,0.18495803518299186,0.06108333534647616,0.011297853688108029
aLOH,Ndufa13,88,1.4065420627593994,0.7713414634146342,0.1748587714805947,0.06395690970903035,0.011183426659416367
aLOH,Rps5,89,1.3655860424041748,0.5746719160104987,0.19417978017809057,0.057573185203367315,0.01117954844694236
aLOH,Fth1,90,1.0667939186096191,0.9282826274275866,0.20567485655161144,0.053579344749286675,0.011019924045438872
aLOH,Rpl18a,91,1.4283170700073242,0.6474242078869387,0.1656897729580479,0.06616793146437586,0.01096334954143611
aLOH,Slc25a4,92,1.262676477432251,0.4646102343376375,0.195440567910925,0.05602096482197216,0.010948769179724191
aLOH,Ndufs3,93,1.141090750694275,0.42694704049844234,0.17051460946161634,0.06393923024323779,0.01090257287420206
aLOH,Sdc4,94,1.2405147552490234,0.42378048780487804,0.21641110356012316,0.04999194535174498,0.0108188120626885
aLOH,Bag1,95,1.2504258155822754,0.3484736355226642,0.1704960556762683,0.06345479084690617,0.010818791553160075
aLOH,Cyfip2,96,1.1293952465057373,0.3170731707317073,0.2066407518805939,0.051990100964842426,0.010743273553723029
aLOH,Mpc1,97,1.4559943675994873,0.5836542575952075,0.16121813575818733,0.06635661408963286,0.010697889618756078
aLOH,Rplp0,98,1.3297107219696045,0.5066913351834721,0.16306962012256637,0.06521838032208854,0.010635136504132036
aLOH,Cystm1,99,1.4668970108032227,0.6499999999999999,0.15940817718423922,0.06477649592129772,0.010325903139196376
aLOH,Ndufs8,100,1.0228221416473389,0.4027524504217005,0.17381522738460015,0.059347460406702565,0.01031549232528956
aLOH,Atp5f1,101,1.3381905555725098,0.5643955461293744,0.15397370969815766,0.06644422262834146,0.010230663446096007
aLOH,Rpl17,102,1.420214295387268,0.4972323127486594,0.1509519388508462,0.06769307605011493,0.01021840107654263
aLOH,Uqcrfs1,103,1.3033020496368408,0.5517730496453901,0.1765831660771413,0.05779516560517099,0.010205653326513794
aLOH,Ndufa12,104,1.5825822353363037,0.6337088026700042,0.15288558736947788,0.06605565819955486,0.010098958102916413
aLOH,Rpl41,105,1.2698074579238892,0.8988188976377953,0.15575378670032275,0.06460455179323882,0.010062403579874072
aLOH,Ndufa7,106,1.4331047534942627,0.6340985442329228,0.15922040762281975,0.06306237725510919,0.010040817412222522
aLOH,Oxct1,107,1.4691693782806396,0.4984582176996608,0.1581694437347798,0.06344370021982351,0.010034854772245612
aLOH,Atp5e,108,1.10068941116333,0.8572640509013786,0.15303760920698692,0.06515800047979267,0.009971624614135177
aLOH,Neat1,109,1.4432237148284912,0.545817187143834,0.1752506444385696,0.056738876811364435,0.00994352472591223
aLOH,Fau,110,1.4801039695739746,0.6171432518303632,0.1542509692546601,0.0638698466191107,0.0098519857471443
aLOH,Rps16,111,1.431875228881836,0.5088652482269503,0.15686741947563573,0.06233544090243134,0.009778399756240399
aLOH,Rpl11,112,1.4690780639648438,0.5641757481404601,0.13955638511522475,0.06960297707289437,0.009713539873551004
aLOH,Mdh1,113,1.432621717453003,0.6689651242306816,0.15425537887062335,0.06215437267557848,0.009587646305537278
aLOH,Ndufb6,114,1.2213263511657715,0.45965352176886254,0.15246715312906012,0.0628674635959554,0.009585223198920143
aLOH,Cd63,115,1.7366063594818115,0.6837270341207349,0.14768064704994932,0.06393228120393643,0.009441560655576645
aLOH,Rps6,116,1.3658394813537598,0.5435047720042419,0.16699148524022478,0.05635236489993393,0.009410365111439077
aLOH,Prdx1,117,1.3055837154388428,0.7226420096772055,0.18919037453071025,0.0496116432157934,0.009386045361079924
aLOH,Ndufa11,118,1.4338560104370117,0.6231575701510946,0.15271289144368294,0.06144322597627899,0.009383172698465173
aLOH,Rps29,119,1.0497840642929077,0.8070626080276551,0.15186717263192953,0.06057800168273038,0.009199809839248532
aLOH,Rpl34,120,1.2962417602539062,0.5327782917052112,0.14465880608103687,0.06346866701750206,0.009181301594306732
aLOH,Atp6v1e1,121,1.042177677154541,0.4230033476805356,0.1473029402272517,0.06194586059323158,0.00912480740029046
aLOH,Ndufc2,122,1.1503331661224365,0.49034267912772583,0.14513268973356658,0.06236417439215033,0.009051080372545992
aLOH,Rps8,123,1.3451733589172363,0.5809727290186287,0.1440359942406042,0.06273430543039404,0.009035998055660542
aLOH,Rps4x,124,1.1611578464508057,0.4873806998939555,0.148273597432799,0.060929268233165225,0.009034201789879369
aLOH,Igfbp7,125,1.756638765335083,0.545254506892895,0.17260902679901308,0.05226698196445297,0.009021752890605797
aLOH,Apoe,126,1.1465730667114258,0.2525802519301097,0.18691399750222876,0.04820048641319081,0.009009345597041358
aLOH,Ndufs5,127,1.3577980995178223,0.5882113821138211,0.1409714480234876,0.06250326464376281,0.008811175723026499
aLOH,Ndufs6,128,1.4954833984375,0.6640927741053111,0.15556947665164472,0.05649134106681173,0.008788328365113467
aLOH,Rpl8,129,1.3670148849487305,0.5461609620721555,0.14717980097384073,0.059422779034066064,0.008745832791546358
aLOH,Gapdh,130,1.313424825668335,0.5612704286154795,0.14805687250782473,0.05852229993687933,0.008664628700619223
aLOH,Kcnj1,131,1.126743197441101,0.41559062649450024,0.1534916572301001,0.056309407298396855,0.008643024243875627
aLOH,Rpl27a,132,1.2973430156707764,0.5169904409497379,0.13134770414389385,0.06557261325806465,0.008612812206162248
aLOH,Mrps6,133,1.2816119194030762,0.44096573208722745,0.14049242435058173,0.06125820031820815,0.00860631307405864
aLOH,Mpc2,134,1.4220266342163086,0.6568900377808709,0.13200478431797064,0.06510470147347158,0.008594132076091481
aLOH,Ndufa2,135,1.4875755310058594,0.6764705882352942,0.1465359457964342,0.05855651987680174,0.00858063502269484
aLOH,Rpl9,136,1.4405879974365234,0.5839872746553552,0.13968173100389109,0.061063832008427944,0.008529501756668027
aLOH,Ptma,137,1.4679653644561768,0.5918345705196182,0.14310183222728243,0.058674343646148,0.008396406080496986
aLOH,Id2,138,1.1110968589782715,0.36773049645390066,0.16150023972024347,0.051655087990514104,0.008342309093238296
aLOH,Rpl10,139,1.2574741840362549,0.4310996221912905,0.14397739011904537,0.05772040056378266,0.008310432629799303
aLOH,Txnip,140,1.1274051666259766,0.3628048780487805,0.16322607623266755,0.05090295892672626,0.008308690254242166
aLOH,S100a1,141,1.4596753120422363,0.6907271160601842,0.1301127401874624,0.06302213820465905,0.008199983094281152
aLOH,Aldoa,142,1.4584534168243408,0.6253181336161188,0.1337067396771513,0.06130714549753367,0.008197178543387973
aLOH,Rpl6,143,1.2068370580673218,0.4509074323026695,0.14093100261501146,0.05721876759004056,0.00806389828485974
aLOH,Mdh2,144,1.2605884075164795,0.4573170731707317,0.12541629960868744,0.06424739441074845,0.008057670466495939
aLOH,Hmgb1,145,1.2326478958129883,0.4226344923023698,0.18229531192154141,0.04418904920469725,0.008055456508286627
aLOH,Mal,146,1.0525054931640625,0.32808398950131235,0.12115712114344257,0.0653855795368215,0.007921928580976883
aLOH,Eif1,147,1.5419203042984009,0.6462623951182304,0.13645362175908304,0.056914105417970685,0.007766135813460351
aLOH,Pfdn5,148,1.1306915283203125,0.44320074005550414,0.13575264173439278,0.05674301364724604,0.007703014002584352
aLOH,2410015M20Rik,149,1.5095720291137695,0.574468085106383,0.11588240180903972,0.06621899782722643,0.007673616513606581
aLOH,Ndufc1,150,1.358951449394226,0.7625707970714186,0.12948044183690613,0.05846825658251966,0.0075704956957382405
aLOH,Rps28,151,1.4566198587417603,0.5875744190512772,0.1277183634278665,0.059005040648824295,0.007536027225662577
aLOH,Rpl23a,152,1.413475751876831,0.4690556177678238,0.12466713249340983,0.05968003607535842,0.007440138964618186
aLOH,Chchd2,153,1.38629949092865,0.7737009544008484,0.12392048149699073,0.059574505255056906,0.007382501376151656
aLOH,Cdh16,154,1.3679304122924805,0.440872863453044,0.13379374560249568,0.05514255252784374,0.007377728644782581
aLOH,Eef1a1,155,1.423109769821167,0.5414569031273837,0.11352524006520098,0.06496903761520843,0.00737562559207161
aLOH,Ppia,156,1.5451254844665527,0.7447154471544715,0.12477714972762086,0.05887773207387849,0.007346595590605081
aLOH,Rps15a,157,1.3294864892959595,0.5465535524920466,0.11754626729569494,0.06203329135360132,0.007291781846682143
aLOH,Ndufb7,158,1.3801319599151611,0.5978791092258748,0.11399244785986917,0.06353755176402529,0.0072428010566043905
aLOH,Aco2,159,1.1664031744003296,0.3883397554029151,0.1367327682887187,0.05122229683940406,0.007003766444958203
aLOH,Acat1,160,1.041609525680542,0.365767168309981,0.11594799329673806,0.05926058892573869,0.0068711463675223
aLOH,Suclg1,161,1.0374138355255127,0.36903499469777307,0.1199877140871252,0.056797902025990755,0.006815050429043128
aLOH,Rps20,162,1.0666841268539429,0.3820784729586426,0.1264349242559394,0.053847266839535,0.006808175104245966
aLOH,Dbi,163,1.3511470556259155,0.7301072478809895,0.13267170777567147,0.051141385423828935,0.006785014942193217
aLOH,Rpl23,164,1.3679778575897217,0.5539007092198582,0.11645178317110967,0.05797080614403173,0.006750803747339215
aLOH,Rps11,165,1.4629971981048584,0.5761399787910924,0.11738601738127158,0.057201897516202437,0.006714702936078655
aLOH,Rpl32,166,1.345888376235962,0.6384057971014492,0.1110716183646227,0.06026276919965825,0.00669348330213978
aLOH,Rps14,167,1.3289686441421509,0.7468431067289396,0.11427014593721274,0.058079159778287946,0.00663671406377566
aLOH,Rps25,168,1.1838841438293457,0.4602144957619789,0.12675008953965383,0.05184332691243676,0.0065711463281849045
aLOH,Cisd1,169,1.3152989149093628,0.5508384702061377,0.11879985403131102,0.054738762847264776,0.006502957036109606
aLOH,Rps3a1,170,1.1351463794708252,0.49468085106382975,0.11548119819942368,0.055929944753517036,0.006458857035363717
aLOH,Gpx3,171,1.3370307683944702,0.6220731707317073,0.16417221951217886,0.03929719432271242,0.0064515076125610926
aLOH,Rpl14,172,1.4665184020996094,0.6191433517618808,0.11263061572201606,0.05706665397581741,0.006427452374491551
aLOH,Ndufa8,173,1.047739028930664,0.40682698883063595,0.10655189224051906,0.06022132572122657,0.006416696208829332
aLOH,Sdha,174,1.1352161169052124,0.4085365853658537,0.11451307420430995,0.05561582641919392,0.0063687392576751755
aLOH,Eno1,175,1.16179621219635,0.4004772320540863,0.1215120034294454,0.052378791007538304,0.006364651832538199
aLOH,Rpl35a,176,1.412832498550415,0.6100742311770944,0.1038438558964932,0.060641439147455664,0.006297240868184347
aLOH,Cd24a,177,1.063372254371643,0.3475609756097561,0.12572373704593515,0.05000187959793954,0.00628642316237386
aLOH,Rsrp1,178,1.0547571182250977,0.3758922658032232,0.13462815875831713,0.046611287355634544,0.006275191794043907
aLOH,Ndufs7,179,1.368195652961731,0.5444559764746584,0.09844317302123803,0.06371405876406769,0.006272214110796443
aLOH,Rps18,180,1.491480827331543,0.6489145476561149,0.10072538051575994,0.061899071232985894,0.006234807503514634
aLOH,Mrpl42,181,1.1481709480285645,0.5179259507455185,0.11669873902613971,0.0533637030425966,0.006227476854836398
aLOH,Rpl4,182,1.1410706043243408,0.38018372703412073,0.11852139837716047,0.05182855325089841,0.006142792607161606
aLOH,Rpl13a,183,1.413848638534546,0.6388123011664899,0.11214939272980379,0.05473557209623616,0.006138561171311278
aLOH,Oaz1,184,1.4681553840637207,0.5538172715894869,0.11079377818031239,0.05371950209812467,0.00595178659941645
aLOH,Actb,185,1.3631360530853271,0.44779185210544337,0.12070542561458103,0.04921535113541141,0.005940559905570888
aLOH,Rps27,186,1.4682031869888306,0.7483350631378654,0.09510598685845958,0.06214286723033487,0.005910158714155227
aLOH,Rps23,187,1.3047163486480713,0.6135737009544009,0.09897108005679096,0.05923454962196778,0.00586250735276373
aLOH,Rpl24,188,1.4087936878204346,0.5982456140350877,0.10378194252754228,0.05558405070832184,0.0057686207560590525
aLOH,Calm2,189,1.2344145774841309,0.4978926149899212,0.1070175297018342,0.05370154480478341,0.005747006666180289
aLOH,Sec62,190,1.3183265924453735,0.4779623583637411,0.11035682607270911,0.0519386895444407,0.005731788928500277
aLOH,Itm2b,191,1.5829391479492188,0.7406680805938495,0.10862614311684599,0.052261456393127,0.005676960441654619
aLOH,Ybx1,192,1.4651168584823608,0.6237756865757633,0.10178974865056745,0.05567521892669036,0.005667166540613128
aLOH,Rps26,193,1.2688369750976562,0.4450131233595801,0.10904219104501325,0.051813523172171236,0.005649860092455117
aLOH,Atpif1,194,1.3437944650650024,0.6529579657498703,0.09776709643997526,0.05549708231540473,0.00542578859886742
aLOH,Rps7,195,1.2060303688049316,0.43086502485061706,0.10486320294134205,0.051638855605792025,0.005415015795048828
aLOH,Ndufa6,196,1.5108363628387451,0.7049115132233048,0.09451382193783625,0.05718532312803002,0.005404803447580258
aLOH,Ndufb5,197,1.2352867126464844,0.48149109150665975,0.09009107012540231,0.05996322310247367,0.0054021509374700995
aLOH,Ndufa3,198,1.5195435285568237,0.630691056910569,0.09052817867170937,0.059112847692001556,0.00535137843765506
aLOH,Spint2,199,1.1622602939605713,0.3784552845528455,0.0980792999046515,0.05454596121426719,0.0053498296885216
aLOH,Tpt1,200,1.250446081161499,0.5126193001060446,0.09141772045754953,0.05827661538928863,0.005327515334870117
aLOH,Rpl18,201,1.2488422393798828,0.4954896383583909,0.08949886063677975,0.05890017868744839,0.0052714988838293685
aLOH,Rpl7,202,1.1557374000549316,0.48128313891834573,0.08247802976158447,0.0638685548319475,0.005267752566258756
aLOH,Rpl37,203,1.4796793460845947,0.70076726342711,0.09368571799492001,0.05600435421966539,0.00524680813591118
aLOH,Atp5a1,204,1.3057453632354736,0.7082035979934267,0.08007730859782902,0.06524130563135405,0.005224348164367219
aLOH,Rpl10a,205,1.123826265335083,0.39697810669133515,0.10786302289842112,0.04820984585910564,0.0052000597078300645
aLOH,Atp5d,206,1.393242359161377,0.6732654949121184,0.08705117676113885,0.05880981953257512,0.005119463995420874
aLOH,Arl6ip1,207,1.2233128547668457,0.3674540682414698,0.08965458579711666,0.05604732115195975,0.005024899362916927
aLOH,Rpl31,208,1.4453954696655273,0.5240826395312982,0.09862765093831088,0.05083554313343425,0.005013790203423799
aLOH,Gm10076,209,1.287482738494873,0.4907125970955758,0.09823496141521457,0.050901447336750026,0.005000301715104215
aLOH,Gng5,210,1.199404239654541,0.4559866499791406,0.08909095613635692,0.055756155148729114,0.004967369172687337
aLOH,Nop10,211,1.1718528270721436,0.45137997432605903,0.09432384426283663,0.05211742216249985,0.004915915611436146
aLOH,Ddx5,212,1.1045849323272705,0.38902439024390245,0.12320890110928802,0.039835809128598944,0.004908126267534021
aLOH,Gpx1,213,1.2797284126281738,0.4929078014184397,0.12646698999677417,0.0385670031064763,0.004877452796072297
aLOH,Myeov2,214,1.1142196655273438,0.43617886178861787,0.08983815507940104,0.05425374544993172,0.004874056397369315
aLOH,Rpl26,215,1.4563493728637695,0.633739837398374,0.08943621935611411,0.054286977331426144,0.004855222012793823
aLOH,Rpl36a,216,1.2486350536346436,0.44361702127659575,0.08618399401386737,0.05360211576175762,0.004619644423941944
aLOH,Minos1,217,1.4296650886535645,0.6356134420361901,0.07757344442562401,0.05943982207112943,0.004610951734103739
aLOH,H3f3a,218,1.0436720848083496,0.34094447327452,0.08603448235433789,0.05271475377122942,0.004535286553144104
aLOH,Cst3,219,1.2037694454193115,0.4323529411764706,0.0881072988845876,0.051265652735408576,0.004516878188072119
aLOH,Atp6v0e,220,1.2054574489593506,0.42158812222443165,0.08240967577763042,0.053916285385891195,0.0044432235977854865
aLOH,Tmem176b,221,1.0842370986938477,0.3268785046728972,0.08147579055917445,0.05429243434158003,0.004423519009362305
aLOH,Rps21,222,1.2863314151763916,0.5076785614564137,0.07777927075928345,0.05679756948307331,0.004417673535293174
aLOH,Vamp8,223,1.1275219917297363,0.4420731707317073,0.0816818975289973,0.05399610833189374,0.004410504587730382
aLOH,Defb1,224,1.3264535665512085,0.37482269503546095,0.10641131195913822,0.041411659020462344,0.004406668966771879
aLOH,Atp6v0b,225,1.1356568336486816,0.36626016260162597,0.08467745581901565,0.0520374301456754,0.004406397192095541
aLOH,Rpl38,226,1.4514045715332031,0.7079892452467831,0.0772285069120588,0.05665990557135653,0.004375759909054107
aLOH,Rps13,227,1.1579927206039429,0.3916224814422057,0.08188384975045065,0.053436486448658935,0.00437558522755398
aLOH,Myl6,228,1.27516770362854,0.6004065040650406,0.09292665463406269,0.046675940057065615,0.004337438961403149
aLOH,Ndufa1,229,1.385162353515625,0.5953145057766367,0.09013243494597425,0.04735164747848265,0.0042679192859390435
aLOH,Ndufv3,230,1.1740541458129883,0.475177304964539,0.0853766123738435,0.04948981355166483,0.004225272628054276
aLOH,Prdx2,231,1.073091983795166,0.3932926829268293,0.08089011144626909,0.05196932744069301,0.004203804688465308
aLOH,Pebp1,232,1.0194456577301025,0.3620360551431602,0.08730634707095333,0.04713249322713031,0.004114965812007197
aLOH,Rps17,233,1.4983012676239014,0.5622481442205727,0.08780330662327299,0.046113059594191784,0.004048879110886082
aLOH,Mif,234,1.367879867553711,0.5132895870617087,0.07516606625397562,0.053844972643674084,0.004047314781177911
aLOH,Rps27a,235,1.341227412223816,0.4483739837398374,0.07483974430832646,0.053765546778548265,0.004023799773503918
aLOH,Actg1,236,1.3459036350250244,0.5528368794326242,0.07885480402609166,0.051018921992132114,0.004023087095312036
aLOH,Rps15,237,1.3270995616912842,0.5903697683868345,0.09100166902757012,0.04395623966812126,0.004000091173974919
aLOH,Etfa,238,1.0400689840316772,0.31706017379898344,0.07585305559184916,0.05141860082902966,0.0039002579871394876
aLOH,Rpl35,239,1.4952006340026855,0.6825543083710282,0.06489071343320883,0.05906972909852887,0.0038330768635099137
aLOH,Tbca,240,1.1442148685455322,0.32375886524822695,0.07850883729608896,0.047927492224377505,0.003762731689053222
aLOH,Rps2,241,1.3786832094192505,0.4850371907974399,0.0737132223985097,0.050847791621428884,0.003748154572263466
aLOH,Morf4l1,242,1.0472512245178223,0.36626016260162597,0.08080483514764686,0.04522348186321277,0.0036542759967595055
aLOH,Rps27l,243,1.064031958580017,0.4271752291991005,0.07057563328668624,0.05150574192220657,0.003635050354060353
aLOH,Rpl19,244,1.4169172048568726,0.5695035460992908,0.05979142414313571,0.060643108444877615,0.0036259378183858522
aLOH,Spink1,245,1.1452548503875732,0.18651219512195122,0.09968004097023196,0.03625778936282593,0.0036141779291765292
aLOH,Sod2,246,1.1826390027999878,0.49014011416709913,0.06815030624561255,0.0528107749590707,0.003599070486528795
aLOH,Etfb,247,1.2471222877502441,0.5182926829268293,0.07087669705176249,0.050344129303572474,0.0035682256009840646
aLOH,Pfn1,248,1.2691295146942139,0.525438596491228,0.06880609373751204,0.05117958408466326,0.0035214672599762197
aLOH,Cd81,249,1.45546555519104,0.5432712879760377,0.06939357892854411,0.05042396960990605,0.003499099715015525
aLOH,Rplp2,250,1.3998161554336548,0.5376947040498442,0.06268540766679492,0.05398579375886042,0.0033841214899896785
aLOH,Hsp90ab1,251,1.1483123302459717,0.44097911674084217,0.07086014789083339,0.04738593762243587,0.003357774547871612
aLOH,Atox1,252,1.3839800357818604,0.5387908666320707,0.05907563002639439,0.05683413313216956,0.0033575122217868927
aLOH,Rpl27,253,1.167747974395752,0.3951367781155015,0.07236710718915301,0.04625556593513028,0.0033473814981225076
aLOH,Rpl28,254,1.3169746398925781,0.5246490927764464,0.06676910801164297,0.050027768431961786,0.003340309474015119
aLOH,Atp5g2,255,1.3082337379455566,0.5139183457051961,0.05608703903212172,0.05954894100415879,0.003339923778421768
aLOH,Rps9,256,1.4158210754394531,0.5231884057971015,0.06056892470858011,0.055026177999775085,0.0033328764322693044
aLOH,Rps10,257,1.0521994829177856,0.39423373419673147,0.0594608217173692,0.05272898597866986,0.003135308834615349
aLOH,Uqcrc1,258,1.2487424612045288,0.4772357723577236,0.054726878029681236,0.056831281255165046,0.003110198597521927
aLOH,Cox17,259,1.3477797508239746,0.430952380952381,0.06053627756337621,0.050638369016748806,0.003065458362154576
aLOH,Ndufb3,260,1.0358250141143799,0.39649942613543204,0.061987671385791164,0.04919245395947823,0.0030493256707007977
aLOH,Shfm1,261,1.2696661949157715,0.45355474831344056,0.05323616725314065,0.05581411064929097,0.0029713293296109527
aLOH,Bsg,262,1.2241647243499756,0.4538390379278446,0.06933034854321618,0.042634880389723004,0.0029558911175178284
aLOH,Tceb2,263,1.3903075456619263,0.5935388395599486,0.056298624798364894,0.0521909893204371,0.0029382809256067576
aLOH,Romo1,264,1.301722764968872,0.45390070921985815,0.056828806129035805,0.05132200107573485,0.0029165680492871026
aLOH,Rpl36,265,1.429972767829895,0.6735644324947186,0.050963915378893,0.05707878131301235,0.0029089581807667003
aLOH,Tpi1,266,1.0739963054656982,0.3830652136308597,0.05704130859992723,0.050752241034726045,0.0028949742429996983
aLOH,Rps24,267,1.2398271560668945,0.48461301264261486,0.04413548585714816,0.06519726200999462,0.0028775128353669007
aLOH,Ndufs2,268,1.197200059890747,0.44511831378007555,0.06192916832704008,0.04594830752820615,0.0028455404712568817
aLOH,Gpx4,269,1.528146505355835,0.6636508252137602,0.05179452543524794,0.04954467982606452,0.0025661431794323144
aLOH,H2afj,270,1.2347103357315063,0.4852941176470588,0.05021874968217846,0.049828228771158924,0.0025023113477651527
aLOH,Serf2,271,1.495163083076477,0.7653508771929824,0.04762976456164967,0.052359688063693656,0.0024938796149951473
aLOH,Psap,272,1.2336143255233765,0.40079571008476045,0.05837303055144827,0.04246131325526375,0.0024785955359041263
aLOH,Park7,273,1.2993323802947998,0.4240074236097302,0.061377744164926015,0.03843687864669601,0.0023591689040752153
aLOH,Rabac1,274,1.2328808307647705,0.4483739837398374,0.04409293923403766,0.052241948062984524,0.0023035010414089283
aLOH,Bri3,275,1.1911165714263916,0.43617886178861787,0.047014885245042236,0.048613585986499404,0.002285562166505263
aLOH,Timp3,276,1.0957447290420532,0.2643900709219858,0.05997586503907265,0.037684377142787495,0.0022601531175973372
aLOH,Anapc13,277,1.2153747081756592,0.40212765957446805,0.046712160577711936,0.04688182095964287,0.002189951148842379
aLOH,Rpl39,278,1.2236089706420898,0.4746979712787782,0.04246332227631987,0.051367809258990496,0.002181247839193041
aLOH,Hspa8,279,1.4120590686798096,0.5488669780314824,0.04010001461374872,0.05397822800538613,0.0021645277318402445
aLOH,Mcee,280,1.1397223472595215,0.34794856498972626,0.05086845267710091,0.04251358782999168,0.002162600430663705
aLOH,Edf1,281,1.1718072891235352,0.4254795868175111,0.04876855451673337,0.04355104733061335,0.0021239216260038525
aLOH,Kap,282,1.374117374420166,0.5909723603102008,0.07233446613009324,0.028709850639567165,0.002076711718687807
aLOH,Tma7,283,1.0965027809143066,0.39382561535252397,0.040107107876134,0.05083140880012231,0.002038700796242373
aLOH,Tmem256,284,1.0789754390716553,0.4200830306175402,0.04778876146728235,0.04198009920363509,0.002006176947215367
aLOH,Mrps21,285,1.1336822509765625,0.35618837571354434,0.044564954549202965,0.044421409338704324,0.0019796380881908983
aLOH,Rplp1,286,1.3296761512756348,0.6043478260869566,0.03246332699989079,0.05718919930920122,0.0018565516780365277
aLOH,Eif4a2,287,1.0278193950653076,0.3438320209973753,0.03990837700320696,0.046509619891342356,0.0018561234448995442
aLOH,Pdzk1ip1,288,1.2758607864379883,0.4662292039504209,0.03844679019276882,0.04822183509313617,0.0018539747765361032
aLOH,Sec61g,289,1.2078577280044556,0.49486521181001286,0.04049766225003139,0.045361581611222446,0.0018370380112185212
aLOH,Cyb5a,290,1.2668743133544922,0.4875057996951017,0.037561077584182465,0.046279292789829625,0.0017383001070198866
aLOH,Smdt1,291,1.192238211631775,0.5182926829268293,0.03151262950299314,0.054153813075284364,0.0017065290476157818
aLOH,Dad1,292,1.0907225608825684,0.3861788617886179,0.035618811143822,0.047513712310964046,0.0016923819455461188
aLOH,Ubc,293,1.3699638843536377,0.6553552492046659,0.030543811807145417,0.05391056837122633,0.0016466342547469832
aLOH,Eef2,294,1.1977109909057617,0.38902439024390245,0.0337178819626497,0.045092014446274975,0.0015204072205575946
aLOH,Tmbim6,295,1.330211877822876,0.40727721245760096,0.029756297568844958,0.04083580400760919,0.0012151223355134505
aLOH,Bola3,296,1.0196722745895386,0.298936170212766,0.022419305783467926,0.04432843300041235,0.0009938126943382151
aLOH,Arpp19,297,1.2700750827789307,0.42321203685291975,0.011945461179064018,0.046473972982654876,0.0005551530401011739
aLOH,Tomm7,298,1.1369683742523193,0.40264227642276423,0.007223810404245202,0.04581200682762794,0.00033093725156077097
aLOH,Hnrnpa2b1,299,1.1927008628845215,0.38371844244758235,0.00788997737599665,0.038178748054825594,0.00030122945839645006
aLOH,Sub1,300,1.0482527017593384,0.3935553499845822,0.0,0.038621926906705975,0.0
