sample,cell_type,sample_profile
homosapiens_None_2023_None_sikkemalisa_001_d10_1101_2022_03_10_483747THD0007__rep0000,Macrophages MARCO-,0.98334392722338
homosapiens_None_2023_None_sikkemalisa_001_d10_1101_2022_03_10_483747THD0007__rep0001,Macrophages MARCO-,0.968952466861296
homosapiens_None_2023_None_sikkemalisa_001_d10_1101_2022_03_10_483747THD0007__rep0002,Macrophages MARCO-,0.9091715083521652
homosapiens_None_2023_None_sikkemalisa_001_d10_1101_2022_03_10_483747THD0007__rep0003,Macrophages MARCO-,0.9681422908698798
homosapiens_None_2023_None_sikkemalisa_001_d10_1101_2022_03_10_483747THD0007__rep0004,Macrophages MARCO-,0.9861939217957972
homosapiens_None_2023_None_sikkemalisa_001_d10_1101_2022_03_10_483747THD0007__rep0005,Macrophages MARCO-,0.9695433444682636
homosapiens_None_2023_None_sikkemalisa_001_d10_1101_2022_03_10_483747THD0007__rep0007,Macrophages MARCO-,0.9356410932112192
homosapiens_None_2023_None_sikkemalisa_001_d10_1101_2022_03_10_483747THD0007__rep0008,Macrophages MARCO-,0.9759760831432248
homosapiens_None_2023_None_sikkemalisa_001_d10_1101_2022_03_10_483747THD0007__rep0009,Macrophages MARCO-,0.8927960230034151
homosapiens_None_2023_None_sikkemalisa_001_d10_1101_2022_03_10_483747THD0007__rep0010,Macrophages MARCO-,0.9838840269056844
homosapiens_None_2023_None_sikkemalisa_001_d10_1101_2022_03_10_483747THD0007__rep0011,Macrophages MARCO-,0.6978335329844954
homosapiens_None_2023_None_sikkemalisa_001_d10_1101_2022_03_10_483747THD0007__rep0012,Macrophages MARCO-,0.9868492337832986
homosapiens_None_2023_None_sikkemalisa_001_d10_1101_2022_03_10_483747THD0007__rep0013,Macrophages MARCO-,0.977206128033522
homosapiens_None_2023_None_sikkemalisa_001_d10_1101_2022_03_10_483747THD0007__rep0014,Macrophages MARCO-,0.9793224636811494
homosapiens_None_2023_None_sikkemalisa_001_d10_1101_2022_03_10_483747THD0014__rep0001,Macrophages MARCO-,0.9600952402741528
homosapiens_None_2023_None_sikkemalisa_001_d10_1101_2022_03_10_483747THD0014__rep0003,Macrophages MARCO-,0.9768916927939456
homosapiens_None_2023_None_sikkemalisa_001_d10_1101_2022_03_10_483747THD0014__rep0004,Macrophages MARCO-,0.9603838952428264
homosapiens_None_2023_None_sikkemalisa_001_d10_1101_2022_03_10_483747THD0014__rep0005,Macrophages MARCO-,0.9333204254778292
homosapiens_None_2023_None_sikkemalisa_001_d10_1101_2022_03_10_483747THD0014__rep0007,Macrophages MARCO-,0.8212629756509675
homosapiens_None_2023_None_sikkemalisa_001_d10_1101_2022_03_10_483747THD0014__rep0008,Macrophages MARCO-,0.9679822156344926
homosapiens_None_2023_None_sikkemalisa_001_d10_1101_2022_03_10_483747THD0014__rep0009,Macrophages MARCO-,0.9706492376091972
homosapiens_None_2023_None_sikkemalisa_001_d10_1101_2022_03_10_483747THD0014__rep0010,Macrophages MARCO-,0.9695171960600812
homosapiens_None_2023_None_sikkemalisa_001_d10_1101_2022_03_10_483747THD0014__rep0011,Macrophages MARCO-,0.969488619891146
homosapiens_None_2023_None_sikkemalisa_001_d10_1101_2022_03_10_483747THD0014__rep0012,Macrophages MARCO-,0.9548185279830882
homosapiens_None_2023_None_sikkemalisa_001_d10_1101_2022_03_10_483747THD0014__rep0013,Macrophages MARCO-,0.9755497720458688
homosapiens_None_2023_None_sikkemalisa_001_d10_1101_2022_03_10_483747THD0014__rep0014,Macrophages MARCO-,0.9781307313852304
homosapiens_None_2023_None_sikkemalisa_001_d10_1101_2022_03_10_483747VUHD071__rep0000,Macrophages MARCO-,0.9471141468609808
homosapiens_None_2023_None_sikkemalisa_001_d10_1101_2022_03_10_483747VUHD071__rep0001,Macrophages MARCO-,0.9312427424433766
homosapiens_None_2023_None_sikkemalisa_001_d10_1101_2022_03_10_483747VUHD071__rep0002,Macrophages MARCO-,0.9632162710129956
homosapiens_None_2023_None_sikkemalisa_001_d10_1101_2022_03_10_483747VUHD071__rep0003,Macrophages MARCO-,0.9462169625500628
homosapiens_None_2023_None_sikkemalisa_001_d10_1101_2022_03_10_483747VUHD071__rep0004,Macrophages MARCO-,0.976803516811098
homosapiens_None_2023_None_sikkemalisa_001_d10_1101_2022_03_10_483747VUHD071__rep0005,Macrophages MARCO-,0.9762375578594392
homosapiens_None_2023_None_sikkemalisa_001_d10_1101_2022_03_10_483747VUHD071__rep0006,Macrophages MARCO-,0.977144315252026
homosapiens_None_2023_None_sikkemalisa_001_d10_1101_2022_03_10_483747VUHD071__rep0007,Macrophages MARCO-,0.9660593047899344
homosapiens_None_2023_None_sikkemalisa_001_d10_1101_2022_03_10_483747VUHD071__rep0008,Macrophages MARCO-,0.9809854110393036
homosapiens_None_2023_None_sikkemalisa_001_d10_1101_2022_03_10_483747VUHD071__rep0010,Macrophages MARCO-,0.9024066354343252
homosapiens_None_2023_None_sikkemalisa_001_d10_1101_2022_03_10_483747VUHD071__rep0011,Macrophages MARCO-,0.9722585513298632
homosapiens_None_2023_None_sikkemalisa_001_d10_1101_2022_03_10_483747VUHD071__rep0012,Macrophages MARCO-,0.9671251008913714
homosapiens_None_2023_None_sikkemalisa_001_d10_1101_2022_03_10_483747VUHD071__rep0013,Macrophages MARCO-,0.972132589592168
homosapiens_None_2023_None_sikkemalisa_001_d10_1101_2022_03_10_483747VUHD071__rep0014,Macrophages MARCO-,0.922538776279718
homosapiens_None_2023_None_sikkemalisa_001_d10_1101_2022_03_10_483747VUHD077__rep0000,Macrophages MARCO-,0.9799722343560798
homosapiens_None_2023_None_sikkemalisa_001_d10_1101_2022_03_10_483747VUHD077__rep0002,Macrophages MARCO-,0.8368407320232741
homosapiens_None_2023_None_sikkemalisa_001_d10_1101_2022_03_10_483747VUHD077__rep0003,Macrophages MARCO-,0.8765832207422517
homosapiens_None_2023_None_sikkemalisa_001_d10_1101_2022_03_10_483747VUHD077__rep0004,Macrophages MARCO-,0.9777093939931192
homosapiens_None_2023_None_sikkemalisa_001_d10_1101_2022_03_10_483747VUHD077__rep0005,Macrophages MARCO-,0.9768015641880065
homosapiens_None_2023_None_sikkemalisa_001_d10_1101_2022_03_10_483747VUHD077__rep0006,Macrophages MARCO-,0.9851077389915508
homosapiens_None_2023_None_sikkemalisa_001_d10_1101_2022_03_10_483747VUHD077__rep0007,Macrophages MARCO-,0.6869422372527718
homosapiens_None_2023_None_sikkemalisa_001_d10_1101_2022_03_10_483747VUHD077__rep0008,Macrophages MARCO-,0.97084914725854
homosapiens_None_2023_None_sikkemalisa_001_d10_1101_2022_03_10_483747VUHD077__rep0009,Macrophages MARCO-,0.9809695898259724
homosapiens_None_2023_None_sikkemalisa_001_d10_1101_2022_03_10_483747VUHD077__rep0010,Macrophages MARCO-,0.9618179562463756
homosapiens_None_2023_None_sikkemalisa_001_d10_1101_2022_03_10_483747VUHD077__rep0011,Macrophages MARCO-,0.9310145333617786
homosapiens_None_2023_None_sikkemalisa_001_d10_1101_2022_03_10_483747VUHD077__rep0013,Macrophages MARCO-,0.9776656717101392
homosapiens_None_2023_None_sikkemalisa_001_d10_1101_2022_03_10_483747VUHD077__rep0014,Macrophages MARCO-,0.8711537364855059
homosapiens_None_2023_None_sikkemalisa_001_d10_1101_2022_03_10_483747VUHD103__rep0000,Macrophages MARCO-,0.9536323473642128
homosapiens_None_2023_None_sikkemalisa_001_d10_1101_2022_03_10_483747VUHD103__rep0001,Macrophages MARCO-,0.9695843047331988
homosapiens_None_2023_None_sikkemalisa_001_d10_1101_2022_03_10_483747VUHD103__rep0002,Macrophages MARCO-,0.9713232641454048
homosapiens_None_2023_None_sikkemalisa_001_d10_1101_2022_03_10_483747VUHD103__rep0003,Macrophages MARCO-,0.8503682114223055
homosapiens_None_2023_None_sikkemalisa_001_d10_1101_2022_03_10_483747VUHD103__rep0004,Macrophages MARCO-,0.8592244756175864
homosapiens_None_2023_None_sikkemalisa_001_d10_1101_2022_03_10_483747VUHD103__rep0005,Macrophages MARCO-,0.9455977702220666
homosapiens_None_2023_None_sikkemalisa_001_d10_1101_2022_03_10_483747VUHD103__rep0006,Macrophages MARCO-,0.9646775778116558
homosapiens_None_2023_None_sikkemalisa_001_d10_1101_2022_03_10_483747VUHD103__rep0007,Macrophages MARCO-,0.7949589057286659
homosapiens_None_2023_None_sikkemalisa_001_d10_1101_2022_03_10_483747VUHD103__rep0008,Macrophages MARCO-,0.9865267927648352
homosapiens_None_2023_None_sikkemalisa_001_d10_1101_2022_03_10_483747VUHD103__rep0009,Macrophages MARCO-,0.9305376366092308
homosapiens_None_2023_None_sikkemalisa_001_d10_1101_2022_03_10_483747VUHD103__rep0010,Macrophages MARCO-,0.9880422065806934
homosapiens_None_2023_None_sikkemalisa_001_d10_1101_2022_03_10_483747VUHD103__rep0011,Macrophages MARCO-,0.9590257346889242
homosapiens_None_2023_None_sikkemalisa_001_d10_1101_2022_03_10_483747VUHD103__rep0012,Macrophages MARCO-,0.9802382255632842
homosapiens_None_2023_None_sikkemalisa_001_d10_1101_2022_03_10_483747VUHD103__rep0013,Macrophages MARCO-,0.9557606670465008
homosapiens_None_2023_None_sikkemalisa_001_d10_1101_2022_03_10_483747VUHD103__rep0014,Macrophages MARCO-,0.958047092332377
homosapiens_None_2023_None_sikkemalisa_001_d10_1101_2022_03_10_483747VUHD69__rep0000,Macrophages MARCO-,0.7712151747805116
homosapiens_None_2023_None_sikkemalisa_001_d10_1101_2022_03_10_483747VUHD69__rep0001,Macrophages MARCO-,0.7851731046205217
homosapiens_None_2023_None_sikkemalisa_001_d10_1101_2022_03_10_483747VUHD69__rep0002,Macrophages MARCO-,0.8428515208937761
homosapiens_None_2023_None_sikkemalisa_001_d10_1101_2022_03_10_483747VUHD69__rep0003,Macrophages MARCO-,0.7852924068705774
homosapiens_None_2023_None_sikkemalisa_001_d10_1101_2022_03_10_483747VUHD69__rep0004,Macrophages MARCO-,0.7597417619795165
homosapiens_None_2023_None_sikkemalisa_001_d10_1101_2022_03_10_483747VUHD69__rep0005,Macrophages MARCO-,0.827169745098694
homosapiens_None_2023_None_sikkemalisa_001_d10_1101_2022_03_10_483747VUHD69__rep0006,Macrophages MARCO-,0.8180244775149047
homosapiens_None_2023_None_sikkemalisa_001_d10_1101_2022_03_10_483747VUHD69__rep0007,Macrophages MARCO-,0.742686291040819
homosapiens_None_2023_None_sikkemalisa_001_d10_1101_2022_03_10_483747VUHD69__rep0008,Macrophages MARCO-,0.8686766201053436
homosapiens_None_2023_None_sikkemalisa_001_d10_1101_2022_03_10_483747VUHD69__rep0009,Macrophages MARCO-,0.7594840309761668
homosapiens_None_2023_None_sikkemalisa_001_d10_1101_2022_03_10_483747VUHD69__rep0010,Macrophages MARCO-,0.8598753078797451
homosapiens_None_2023_None_sikkemalisa_001_d10_1101_2022_03_10_483747VUHD69__rep0011,Macrophages MARCO-,0.9083771270492508
homosapiens_None_2023_None_sikkemalisa_001_d10_1101_2022_03_10_483747VUHD69__rep0012,Macrophages MARCO-,0.9251719670797394
homosapiens_None_2023_None_sikkemalisa_001_d10_1101_2022_03_10_483747VUHD69__rep0013,Macrophages MARCO-,0.7949225843847296
homosapiens_None_2023_None_sikkemalisa_001_d10_1101_2022_03_10_483747VUHD69__rep0014,Macrophages MARCO-,0.7318757946613208
homosapiens_None_2023_None_sikkemalisa_001_d10_1101_2022_03_10_483747VUHD85__rep0000,Macrophages MARCO-,0.9259232210026004
homosapiens_None_2023_None_sikkemalisa_001_d10_1101_2022_03_10_483747VUHD85__rep0001,Macrophages MARCO-,0.8787913334769901
homosapiens_None_2023_None_sikkemalisa_001_d10_1101_2022_03_10_483747VUHD85__rep0002,Macrophages MARCO-,0.9581341516340596
homosapiens_None_2023_None_sikkemalisa_001_d10_1101_2022_03_10_483747VUHD85__rep0004,Macrophages MARCO-,0.9622424162321233
homosapiens_None_2023_None_sikkemalisa_001_d10_1101_2022_03_10_483747VUHD85__rep0005,Macrophages MARCO-,0.9346914534791224
homosapiens_None_2023_None_sikkemalisa_001_d10_1101_2022_03_10_483747VUHD85__rep0006,Macrophages MARCO-,0.836805967418557
homosapiens_None_2023_None_sikkemalisa_001_d10_1101_2022_03_10_483747VUHD85__rep0007,Macrophages MARCO-,0.7864766889027657
homosapiens_None_2023_None_sikkemalisa_001_d10_1101_2022_03_10_483747VUHD85__rep0008,Macrophages MARCO-,0.9565467986400912
homosapiens_None_2023_None_sikkemalisa_001_d10_1101_2022_03_10_483747VUHD85__rep0009,Macrophages MARCO-,0.9183306495137592
homosapiens_None_2023_None_sikkemalisa_001_d10_1101_2022_03_10_483747VUHD85__rep0010,Macrophages MARCO-,0.9565705986434966
homosapiens_None_2023_None_sikkemalisa_001_d10_1101_2022_03_10_483747VUHD85__rep0011,Macrophages MARCO-,0.7035438127063327
homosapiens_None_2023_None_sikkemalisa_001_d10_1101_2022_03_10_483747VUHD85__rep0012,Macrophages MARCO-,0.8144768462776177
homosapiens_None_2023_None_sikkemalisa_001_d10_1101_2022_03_10_483747VUHD85__rep0013,Macrophages MARCO-,0.912620855173384
homosapiens_None_2023_None_sikkemalisa_001_d10_1101_2022_03_10_483747VUHD85__rep0014,Macrophages MARCO-,0.8820452682831779
homosapiens_None_2023_None_sikkemalisa_001_d10_1101_2022_03_10_483747THD0007__rep0000,,0.8484892501416281
homosapiens_None_2023_None_sikkemalisa_001_d10_1101_2022_03_10_483747THD0007__rep0001,,0.9028647958832604
homosapiens_None_2023_None_sikkemalisa_001_d10_1101_2022_03_10_483747THD0007__rep0002,,0.9135422301335534
homosapiens_None_2023_None_sikkemalisa_001_d10_1101_2022_03_10_483747THD0007__rep0003,,0.9533517866220284
homosapiens_None_2023_None_sikkemalisa_001_d10_1101_2022_03_10_483747THD0007__rep0004,,0.9459019793186432
homosapiens_None_2023_None_sikkemalisa_001_d10_1101_2022_03_10_483747THD0007__rep0005,,0.932796324674475
homosapiens_None_2023_None_sikkemalisa_001_d10_1101_2022_03_10_483747THD0007__rep0006,,0.5169638986634274
homosapiens_None_2023_None_sikkemalisa_001_d10_1101_2022_03_10_483747THD0007__rep0007,,0.9545887729543094
homosapiens_None_2023_None_sikkemalisa_001_d10_1101_2022_03_10_483747THD0007__rep0008,,0.8967644810798621
homosapiens_None_2023_None_sikkemalisa_001_d10_1101_2022_03_10_483747THD0007__rep0009,,0.9508733729958888
homosapiens_None_2023_None_sikkemalisa_001_d10_1101_2022_03_10_483747THD0007__rep0010,,0.8399799790354472
homosapiens_None_2023_None_sikkemalisa_001_d10_1101_2022_03_10_483747THD0007__rep0011,,0.8955114832160382
homosapiens_None_2023_None_sikkemalisa_001_d10_1101_2022_03_10_483747THD0007__rep0012,,0.8855548054096674
homosapiens_None_2023_None_sikkemalisa_001_d10_1101_2022_03_10_483747THD0007__rep0013,,0.9218797465624932
homosapiens_None_2023_None_sikkemalisa_001_d10_1101_2022_03_10_483747THD0007__rep0014,,0.7971517075820713
homosapiens_None_2023_None_sikkemalisa_001_d10_1101_2022_03_10_483747THD0014__rep0001,,0.7472548368321736
homosapiens_None_2023_None_sikkemalisa_001_d10_1101_2022_03_10_483747THD0014__rep0002,,0.9111775451462442
homosapiens_None_2023_None_sikkemalisa_001_d10_1101_2022_03_10_483747THD0014__rep0003,,0.911426055018536
homosapiens_None_2023_None_sikkemalisa_001_d10_1101_2022_03_10_483747THD0014__rep0004,,0.7028255434036205
homosapiens_None_2023_None_sikkemalisa_001_d10_1101_2022_03_10_483747THD0014__rep0005,,0.945043842727792
homosapiens_None_2023_None_sikkemalisa_001_d10_1101_2022_03_10_483747THD0014__rep0006,,0.7605453753863961
homosapiens_None_2023_None_sikkemalisa_001_d10_1101_2022_03_10_483747THD0014__rep0008,,0.908732158213018
homosapiens_None_2023_None_sikkemalisa_001_d10_1101_2022_03_10_483747THD0014__rep0009,,0.8851668716558967
homosapiens_None_2023_None_sikkemalisa_001_d10_1101_2022_03_10_483747THD0014__rep0010,,0.9348488498777416
homosapiens_None_2023_None_sikkemalisa_001_d10_1101_2022_03_10_483747THD0014__rep0011,,0.9399308507671404
homosapiens_None_2023_None_sikkemalisa_001_d10_1101_2022_03_10_483747THD0014__rep0013,,0.8532787313023323
homosapiens_None_2023_None_sikkemalisa_001_d10_1101_2022_03_10_483747THD0014__rep0014,,0.953596954173253
homosapiens_None_2023_None_sikkemalisa_001_d10_1101_2022_03_10_483747VUHD071__rep0000,,0.7851989752397972
homosapiens_None_2023_None_sikkemalisa_001_d10_1101_2022_03_10_483747VUHD071__rep0001,,0.5719324577028675
homosapiens_None_2023_None_sikkemalisa_001_d10_1101_2022_03_10_483747VUHD071__rep0002,,0.8833588008142571
homosapiens_None_2023_None_sikkemalisa_001_d10_1101_2022_03_10_483747VUHD071__rep0003,,0.7562263681629767
homosapiens_None_2023_None_sikkemalisa_001_d10_1101_2022_03_10_483747VUHD071__rep0004,,0.7113658142858843
homosapiens_None_2023_None_sikkemalisa_001_d10_1101_2022_03_10_483747VUHD071__rep0005,,0.5860185698662782
homosapiens_None_2023_None_sikkemalisa_001_d10_1101_2022_03_10_483747VUHD071__rep0006,,0.8981496718299982
homosapiens_None_2023_None_sikkemalisa_001_d10_1101_2022_03_10_483747VUHD071__rep0008,,0.8650761888579908
homosapiens_None_2023_None_sikkemalisa_001_d10_1101_2022_03_10_483747VUHD071__rep0009,,0.7378657556506512
homosapiens_None_2023_None_sikkemalisa_001_d10_1101_2022_03_10_483747VUHD071__rep0010,,0.8665409346398221
homosapiens_None_2023_None_sikkemalisa_001_d10_1101_2022_03_10_483747VUHD071__rep0011,,0.842235986777726
homosapiens_None_2023_None_sikkemalisa_001_d10_1101_2022_03_10_483747VUHD071__rep0012,,0.558692224677367
homosapiens_None_2023_None_sikkemalisa_001_d10_1101_2022_03_10_483747VUHD071__rep0013,,0.8576127618595988
homosapiens_None_2023_None_sikkemalisa_001_d10_1101_2022_03_10_483747VUHD071__rep0014,,0.6525732863798583
homosapiens_None_2023_None_sikkemalisa_001_d10_1101_2022_03_10_483747VUHD077__rep0000,,0.6244145727473882
homosapiens_None_2023_None_sikkemalisa_001_d10_1101_2022_03_10_483747VUHD077__rep0001,,0.5365098727487116
homosapiens_None_2023_None_sikkemalisa_001_d10_1101_2022_03_10_483747VUHD077__rep0002,,0.6741025969019092
homosapiens_None_2023_None_sikkemalisa_001_d10_1101_2022_03_10_483747VUHD077__rep0003,,0.851631211792719
homosapiens_None_2023_None_sikkemalisa_001_d10_1101_2022_03_10_483747VUHD077__rep0004,,0.8180107512129167
homosapiens_None_2023_None_sikkemalisa_001_d10_1101_2022_03_10_483747VUHD077__rep0005,,0.8125140022005333
homosapiens_None_2023_None_sikkemalisa_001_d10_1101_2022_03_10_483747VUHD077__rep0006,,0.8078543604970824
homosapiens_None_2023_None_sikkemalisa_001_d10_1101_2022_03_10_483747VUHD077__rep0007,,0.8365207676633826
homosapiens_None_2023_None_sikkemalisa_001_d10_1101_2022_03_10_483747VUHD077__rep0008,,0.7101497251944033
homosapiens_None_2023_None_sikkemalisa_001_d10_1101_2022_03_10_483747VUHD077__rep0009,,0.7994903265223798
homosapiens_None_2023_None_sikkemalisa_001_d10_1101_2022_03_10_483747VUHD077__rep0010,,0.7248772168512695
homosapiens_None_2023_None_sikkemalisa_001_d10_1101_2022_03_10_483747VUHD077__rep0011,,0.8385366420103244
homosapiens_None_2023_None_sikkemalisa_001_d10_1101_2022_03_10_483747VUHD077__rep0012,,0.7935085125715087
homosapiens_None_2023_None_sikkemalisa_001_d10_1101_2022_03_10_483747VUHD077__rep0014,,0.8419956068499452
homosapiens_None_2023_None_sikkemalisa_001_d10_1101_2022_03_10_483747VUHD103__rep0000,,0.7586652547713645
homosapiens_None_2023_None_sikkemalisa_001_d10_1101_2022_03_10_483747VUHD103__rep0001,,0.7455720911546189
homosapiens_None_2023_None_sikkemalisa_001_d10_1101_2022_03_10_483747VUHD103__rep0002,,0.8692415018216759
homosapiens_None_2023_None_sikkemalisa_001_d10_1101_2022_03_10_483747VUHD103__rep0003,,0.4545845876230561
homosapiens_None_2023_None_sikkemalisa_001_d10_1101_2022_03_10_483747VUHD103__rep0004,,0.8438518509576534
homosapiens_None_2023_None_sikkemalisa_001_d10_1101_2022_03_10_483747VUHD103__rep0005,,0.8813636413585149
homosapiens_None_2023_None_sikkemalisa_001_d10_1101_2022_03_10_483747VUHD103__rep0006,,0.648011849525026
homosapiens_None_2023_None_sikkemalisa_001_d10_1101_2022_03_10_483747VUHD103__rep0007,,0.7688883864410764
homosapiens_None_2023_None_sikkemalisa_001_d10_1101_2022_03_10_483747VUHD103__rep0008,,0.7717667553561842
homosapiens_None_2023_None_sikkemalisa_001_d10_1101_2022_03_10_483747VUHD103__rep0009,,0.881903587185247
homosapiens_None_2023_None_sikkemalisa_001_d10_1101_2022_03_10_483747VUHD103__rep0010,,0.8736749314560592
homosapiens_None_2023_None_sikkemalisa_001_d10_1101_2022_03_10_483747VUHD103__rep0011,,0.7638732145404915
homosapiens_None_2023_None_sikkemalisa_001_d10_1101_2022_03_10_483747VUHD103__rep0012,,0.8301216000529155
homosapiens_None_2023_None_sikkemalisa_001_d10_1101_2022_03_10_483747VUHD103__rep0013,,0.9081891323492136
homosapiens_None_2023_None_sikkemalisa_001_d10_1101_2022_03_10_483747VUHD103__rep0014,,0.6696948257475774
homosapiens_None_2023_None_sikkemalisa_001_d10_1101_2022_03_10_483747VUHD69__rep0000,,0.7046742101711101
homosapiens_None_2023_None_sikkemalisa_001_d10_1101_2022_03_10_483747VUHD69__rep0001,,0.4946523140887575
homosapiens_None_2023_None_sikkemalisa_001_d10_1101_2022_03_10_483747VUHD69__rep0004,,0.4769332268348421
homosapiens_None_2023_None_sikkemalisa_001_d10_1101_2022_03_10_483747VUHD69__rep0005,,0.7710018417846667
homosapiens_None_2023_None_sikkemalisa_001_d10_1101_2022_03_10_483747VUHD69__rep0006,,0.7833031709522182
homosapiens_None_2023_None_sikkemalisa_001_d10_1101_2022_03_10_483747VUHD69__rep0007,,0.5867984791933432
homosapiens_None_2023_None_sikkemalisa_001_d10_1101_2022_03_10_483747VUHD69__rep0008,,0.6342814421036809
homosapiens_None_2023_None_sikkemalisa_001_d10_1101_2022_03_10_483747VUHD69__rep0009,,0.3340628370092104
homosapiens_None_2023_None_sikkemalisa_001_d10_1101_2022_03_10_483747VUHD69__rep0010,,0.7194962358498238
homosapiens_None_2023_None_sikkemalisa_001_d10_1101_2022_03_10_483747VUHD69__rep0011,,0.7633898371571373
homosapiens_None_2023_None_sikkemalisa_001_d10_1101_2022_03_10_483747VUHD69__rep0012,,0.5641580163167789
homosapiens_None_2023_None_sikkemalisa_001_d10_1101_2022_03_10_483747VUHD69__rep0014,,0.7210827321785692
homosapiens_None_2023_None_sikkemalisa_001_d10_1101_2022_03_10_483747VUHD85__rep0000,,0.5713926148427211
homosapiens_None_2023_None_sikkemalisa_001_d10_1101_2022_03_10_483747VUHD85__rep0001,,0.7197727043439476
homosapiens_None_2023_None_sikkemalisa_001_d10_1101_2022_03_10_483747VUHD85__rep0002,,0.7741967921615445
homosapiens_None_2023_None_sikkemalisa_001_d10_1101_2022_03_10_483747VUHD85__rep0003,,0.8362665691563893
homosapiens_None_2023_None_sikkemalisa_001_d10_1101_2022_03_10_483747VUHD85__rep0004,,0.8284494612707816
homosapiens_None_2023_None_sikkemalisa_001_d10_1101_2022_03_10_483747VUHD85__rep0005,,0.7774681431766779
homosapiens_None_2023_None_sikkemalisa_001_d10_1101_2022_03_10_483747VUHD85__rep0006,,0.7593498985973521
homosapiens_None_2023_None_sikkemalisa_001_d10_1101_2022_03_10_483747VUHD85__rep0007,,0.8108855119770908
homosapiens_None_2023_None_sikkemalisa_001_d10_1101_2022_03_10_483747VUHD85__rep0008,,0.774544591656585
homosapiens_None_2023_None_sikkemalisa_001_d10_1101_2022_03_10_483747VUHD85__rep0009,,0.8142151283408599
homosapiens_None_2023_None_sikkemalisa_001_d10_1101_2022_03_10_483747VUHD85__rep0010,,0.6627307982943421
homosapiens_None_2023_None_sikkemalisa_001_d10_1101_2022_03_10_483747VUHD85__rep0011,,0.4249519682632156
homosapiens_None_2023_None_sikkemalisa_001_d10_1101_2022_03_10_483747VUHD85__rep0012,,0.835765278554349
homosapiens_None_2023_None_sikkemalisa_001_d10_1101_2022_03_10_483747VUHD85__rep0013,,0.7628900380071673
homosapiens_None_2023_None_sikkemalisa_001_d10_1101_2022_03_10_483747VUHD85__rep0014,,0.601398440373841
homosapiens_None_2023_None_sikkemalisa_001_d10_1101_2022_03_10_483747THD0007__rep0000,CD4 T cells,0.9556331355090714
homosapiens_None_2023_None_sikkemalisa_001_d10_1101_2022_03_10_483747THD0007__rep0001,CD4 T cells,0.9482648662594896
homosapiens_None_2023_None_sikkemalisa_001_d10_1101_2022_03_10_483747THD0007__rep0002,CD4 T cells,0.9042726684706992
homosapiens_None_2023_None_sikkemalisa_001_d10_1101_2022_03_10_483747THD0007__rep0003,CD4 T cells,0.8531958268235256
homosapiens_None_2023_None_sikkemalisa_001_d10_1101_2022_03_10_483747THD0007__rep0005,CD4 T cells,0.954094796948153
homosapiens_None_2023_None_sikkemalisa_001_d10_1101_2022_03_10_483747THD0007__rep0006,CD4 T cells,0.8742899414449019
homosapiens_None_2023_None_sikkemalisa_001_d10_1101_2022_03_10_483747THD0007__rep0007,CD4 T cells,0.745564997465804
homosapiens_None_2023_None_sikkemalisa_001_d10_1101_2022_03_10_483747THD0007__rep0008,CD4 T cells,0.8373582131564556
homosapiens_None_2023_None_sikkemalisa_001_d10_1101_2022_03_10_483747THD0007__rep0009,CD4 T cells,0.951792082611446
homosapiens_None_2023_None_sikkemalisa_001_d10_1101_2022_03_10_483747THD0007__rep0010,CD4 T cells,0.9348122316646804
homosapiens_None_2023_None_sikkemalisa_001_d10_1101_2022_03_10_483747THD0007__rep0012,CD4 T cells,0.9368800166317044
homosapiens_None_2023_None_sikkemalisa_001_d10_1101_2022_03_10_483747THD0007__rep0013,CD4 T cells,0.8059427281157543
homosapiens_None_2023_None_sikkemalisa_001_d10_1101_2022_03_10_483747THD0007__rep0014,CD4 T cells,0.935423476927874
homosapiens_None_2023_None_sikkemalisa_001_d10_1101_2022_03_10_483747VUHD071__rep0000,CD4 T cells,0.9272463606584208
homosapiens_None_2023_None_sikkemalisa_001_d10_1101_2022_03_10_483747VUHD071__rep0002,CD4 T cells,0.8602120771953472
homosapiens_None_2023_None_sikkemalisa_001_d10_1101_2022_03_10_483747VUHD071__rep0003,CD4 T cells,0.9322644280033026
homosapiens_None_2023_None_sikkemalisa_001_d10_1101_2022_03_10_483747VUHD071__rep0004,CD4 T cells,0.8780537870962468
homosapiens_None_2023_None_sikkemalisa_001_d10_1101_2022_03_10_483747VUHD071__rep0005,CD4 T cells,0.8858774422113056
homosapiens_None_2023_None_sikkemalisa_001_d10_1101_2022_03_10_483747VUHD071__rep0006,CD4 T cells,0.9232100676564295
homosapiens_None_2023_None_sikkemalisa_001_d10_1101_2022_03_10_483747VUHD071__rep0007,CD4 T cells,0.9263291716009738
homosapiens_None_2023_None_sikkemalisa_001_d10_1101_2022_03_10_483747VUHD071__rep0008,CD4 T cells,0.7569165581370408
homosapiens_None_2023_None_sikkemalisa_001_d10_1101_2022_03_10_483747VUHD071__rep0009,CD4 T cells,0.8967039173689788
homosapiens_None_2023_None_sikkemalisa_001_d10_1101_2022_03_10_483747VUHD071__rep0010,CD4 T cells,0.7799065846975584
homosapiens_None_2023_None_sikkemalisa_001_d10_1101_2022_03_10_483747VUHD071__rep0011,CD4 T cells,0.7581448494710418
homosapiens_None_2023_None_sikkemalisa_001_d10_1101_2022_03_10_483747VUHD071__rep0012,CD4 T cells,0.9171141038913152
homosapiens_None_2023_None_sikkemalisa_001_d10_1101_2022_03_10_483747VUHD071__rep0013,CD4 T cells,0.9323925274206132
homosapiens_None_2023_None_sikkemalisa_001_d10_1101_2022_03_10_483747VUHD071__rep0014,CD4 T cells,0.8237300312838971
homosapiens_None_2023_None_sikkemalisa_001_d10_1101_2022_03_10_483747VUHD077__rep0000,CD4 T cells,0.9562931078027366
homosapiens_None_2023_None_sikkemalisa_001_d10_1101_2022_03_10_483747VUHD077__rep0001,CD4 T cells,0.957982652978081
homosapiens_None_2023_None_sikkemalisa_001_d10_1101_2022_03_10_483747VUHD077__rep0002,CD4 T cells,0.972770484176064
homosapiens_None_2023_None_sikkemalisa_001_d10_1101_2022_03_10_483747VUHD077__rep0003,CD4 T cells,0.6561388887931671
homosapiens_None_2023_None_sikkemalisa_001_d10_1101_2022_03_10_483747VUHD077__rep0004,CD4 T cells,0.776393213082515
homosapiens_None_2023_None_sikkemalisa_001_d10_1101_2022_03_10_483747VUHD077__rep0005,CD4 T cells,0.8419984469325937
homosapiens_None_2023_None_sikkemalisa_001_d10_1101_2022_03_10_483747VUHD077__rep0006,CD4 T cells,0.827370022837566
homosapiens_None_2023_None_sikkemalisa_001_d10_1101_2022_03_10_483747VUHD077__rep0007,CD4 T cells,0.8259162572644667
homosapiens_None_2023_None_sikkemalisa_001_d10_1101_2022_03_10_483747VUHD077__rep0008,CD4 T cells,0.958081556298678
homosapiens_None_2023_None_sikkemalisa_001_d10_1101_2022_03_10_483747VUHD077__rep0009,CD4 T cells,0.958288716082369
homosapiens_None_2023_None_sikkemalisa_001_d10_1101_2022_03_10_483747VUHD077__rep0010,CD4 T cells,0.9572870393919212
homosapiens_None_2023_None_sikkemalisa_001_d10_1101_2022_03_10_483747VUHD077__rep0011,CD4 T cells,0.8037573529745514
homosapiens_None_2023_None_sikkemalisa_001_d10_1101_2022_03_10_483747VUHD077__rep0012,CD4 T cells,0.9589857803124008
homosapiens_None_2023_None_sikkemalisa_001_d10_1101_2022_03_10_483747VUHD077__rep0013,CD4 T cells,0.6849278100364276
homosapiens_None_2023_None_sikkemalisa_001_d10_1101_2022_03_10_483747VUHD077__rep0014,CD4 T cells,0.9430597167613656
homosapiens_None_2023_None_sikkemalisa_001_d10_1101_2022_03_10_483747VUHD103__rep0000,CD4 T cells,0.8788584544102089
homosapiens_None_2023_None_sikkemalisa_001_d10_1101_2022_03_10_483747VUHD103__rep0001,CD4 T cells,0.9306112090893204
homosapiens_None_2023_None_sikkemalisa_001_d10_1101_2022_03_10_483747VUHD103__rep0002,CD4 T cells,0.9072149584885448
homosapiens_None_2023_None_sikkemalisa_001_d10_1101_2022_03_10_483747VUHD103__rep0003,CD4 T cells,0.9078193231476364
homosapiens_None_2023_None_sikkemalisa_001_d10_1101_2022_03_10_483747VUHD103__rep0004,CD4 T cells,0.8991677668419047
homosapiens_None_2023_None_sikkemalisa_001_d10_1101_2022_03_10_483747VUHD103__rep0005,CD4 T cells,0.9271077732960876
homosapiens_None_2023_None_sikkemalisa_001_d10_1101_2022_03_10_483747VUHD103__rep0007,CD4 T cells,0.8475168630920275
homosapiens_None_2023_None_sikkemalisa_001_d10_1101_2022_03_10_483747VUHD103__rep0008,CD4 T cells,0.9222063867579622
homosapiens_None_2023_None_sikkemalisa_001_d10_1101_2022_03_10_483747VUHD103__rep0009,CD4 T cells,0.7440087200560863
homosapiens_None_2023_None_sikkemalisa_001_d10_1101_2022_03_10_483747VUHD103__rep0010,CD4 T cells,0.7794195469911994
homosapiens_None_2023_None_sikkemalisa_001_d10_1101_2022_03_10_483747VUHD103__rep0011,CD4 T cells,0.9337328701231484
homosapiens_None_2023_None_sikkemalisa_001_d10_1101_2022_03_10_483747VUHD103__rep0013,CD4 T cells,0.8418648390452601
homosapiens_None_2023_None_sikkemalisa_001_d10_1101_2022_03_10_483747VUHD69__rep0000,CD4 T cells,0.9723635090840552
homosapiens_None_2023_None_sikkemalisa_001_d10_1101_2022_03_10_483747VUHD69__rep0001,CD4 T cells,0.8429741444359518
homosapiens_None_2023_None_sikkemalisa_001_d10_1101_2022_03_10_483747VUHD69__rep0002,CD4 T cells,0.9722613161452482
homosapiens_None_2023_None_sikkemalisa_001_d10_1101_2022_03_10_483747VUHD69__rep0003,CD4 T cells,0.7968698448802831
homosapiens_None_2023_None_sikkemalisa_001_d10_1101_2022_03_10_483747VUHD69__rep0004,CD4 T cells,0.8102303488158865
homosapiens_None_2023_None_sikkemalisa_001_d10_1101_2022_03_10_483747VUHD69__rep0005,CD4 T cells,0.9675425382642766
homosapiens_None_2023_None_sikkemalisa_001_d10_1101_2022_03_10_483747VUHD69__rep0006,CD4 T cells,0.8754328779353356
homosapiens_None_2023_None_sikkemalisa_001_d10_1101_2022_03_10_483747VUHD69__rep0007,CD4 T cells,0.9391057421288592
homosapiens_None_2023_None_sikkemalisa_001_d10_1101_2022_03_10_483747VUHD69__rep0008,CD4 T cells,0.8760588052848112
homosapiens_None_2023_None_sikkemalisa_001_d10_1101_2022_03_10_483747VUHD69__rep0009,CD4 T cells,0.9086782843034432
homosapiens_None_2023_None_sikkemalisa_001_d10_1101_2022_03_10_483747VUHD69__rep0010,CD4 T cells,0.8318483032496103
homosapiens_None_2023_None_sikkemalisa_001_d10_1101_2022_03_10_483747VUHD69__rep0012,CD4 T cells,0.9589356859215143
homosapiens_None_2023_None_sikkemalisa_001_d10_1101_2022_03_10_483747VUHD69__rep0013,CD4 T cells,0.9143176540991164
homosapiens_None_2023_None_sikkemalisa_001_d10_1101_2022_03_10_483747VUHD69__rep0014,CD4 T cells,0.8473151587527672
homosapiens_None_2023_None_sikkemalisa_001_d10_1101_2022_03_10_483747VUHD85__rep0000,CD4 T cells,0.8461037034406161
homosapiens_None_2023_None_sikkemalisa_001_d10_1101_2022_03_10_483747VUHD85__rep0001,CD4 T cells,0.9778072864150796
homosapiens_None_2023_None_sikkemalisa_001_d10_1101_2022_03_10_483747VUHD85__rep0002,CD4 T cells,0.9644033043708178
homosapiens_None_2023_None_sikkemalisa_001_d10_1101_2022_03_10_483747VUHD85__rep0003,CD4 T cells,0.9554357883656408
homosapiens_None_2023_None_sikkemalisa_001_d10_1101_2022_03_10_483747VUHD85__rep0004,CD4 T cells,0.9709194814059056
homosapiens_None_2023_None_sikkemalisa_001_d10_1101_2022_03_10_483747VUHD85__rep0005,CD4 T cells,0.68916181380631
homosapiens_None_2023_None_sikkemalisa_001_d10_1101_2022_03_10_483747VUHD85__rep0006,CD4 T cells,0.9734840878220276
homosapiens_None_2023_None_sikkemalisa_001_d10_1101_2022_03_10_483747VUHD85__rep0007,CD4 T cells,0.9739524236217354
homosapiens_None_2023_None_sikkemalisa_001_d10_1101_2022_03_10_483747VUHD85__rep0008,CD4 T cells,0.967658956423422
homosapiens_None_2023_None_sikkemalisa_001_d10_1101_2022_03_10_483747VUHD85__rep0009,CD4 T cells,0.9246080976684408
homosapiens_None_2023_None_sikkemalisa_001_d10_1101_2022_03_10_483747VUHD85__rep0010,CD4 T cells,0.9612424170766078
homosapiens_None_2023_None_sikkemalisa_001_d10_1101_2022_03_10_483747VUHD85__rep0011,CD4 T cells,0.9456106900644936
homosapiens_None_2023_None_sikkemalisa_001_d10_1101_2022_03_10_483747VUHD85__rep0012,CD4 T cells,0.8725660845793223
homosapiens_None_2023_None_sikkemalisa_001_d10_1101_2022_03_10_483747VUHD85__rep0013,CD4 T cells,0.8484982546377211
homosapiens_None_2023_None_sikkemalisa_001_d10_1101_2022_03_10_483747VUHD85__rep0014,CD4 T cells,0.9610992984370726
homosapiens_None_2023_None_sikkemalisa_001_d10_1101_2022_03_10_483747THD0007__rep0000,Plasma cells,0.9200676767283096
homosapiens_None_2023_None_sikkemalisa_001_d10_1101_2022_03_10_483747THD0007__rep0001,Plasma cells,0.7805534741749237
homosapiens_None_2023_None_sikkemalisa_001_d10_1101_2022_03_10_483747THD0007__rep0002,Plasma cells,0.8903860572192512
homosapiens_None_2023_None_sikkemalisa_001_d10_1101_2022_03_10_483747THD0007__rep0003,Plasma cells,0.928748002018256
homosapiens_None_2023_None_sikkemalisa_001_d10_1101_2022_03_10_483747THD0007__rep0004,Plasma cells,0.9162532650050192
homosapiens_None_2023_None_sikkemalisa_001_d10_1101_2022_03_10_483747THD0007__rep0005,Plasma cells,0.8713940348946774
homosapiens_None_2023_None_sikkemalisa_001_d10_1101_2022_03_10_483747THD0007__rep0006,Plasma cells,0.9069663491083028
homosapiens_None_2023_None_sikkemalisa_001_d10_1101_2022_03_10_483747THD0007__rep0007,Plasma cells,0.9101322438511394
homosapiens_None_2023_None_sikkemalisa_001_d10_1101_2022_03_10_483747THD0007__rep0008,Plasma cells,0.9249414215842542
homosapiens_None_2023_None_sikkemalisa_001_d10_1101_2022_03_10_483747THD0007__rep0009,Plasma cells,0.9044818936045784
homosapiens_None_2023_None_sikkemalisa_001_d10_1101_2022_03_10_483747THD0007__rep0010,Plasma cells,0.7082787304677745
homosapiens_None_2023_None_sikkemalisa_001_d10_1101_2022_03_10_483747THD0007__rep0011,Plasma cells,0.9386961722019772
homosapiens_None_2023_None_sikkemalisa_001_d10_1101_2022_03_10_483747THD0007__rep0012,Plasma cells,0.6694197208492982
homosapiens_None_2023_None_sikkemalisa_001_d10_1101_2022_03_10_483747THD0007__rep0013,Plasma cells,0.9037554836457362
homosapiens_None_2023_None_sikkemalisa_001_d10_1101_2022_03_10_483747THD0007__rep0014,Plasma cells,0.9137563118243446
homosapiens_None_2023_None_sikkemalisa_001_d10_1101_2022_03_10_483747THD0014__rep0001,Plasma cells,0.8131819473882835
homosapiens_None_2023_None_sikkemalisa_001_d10_1101_2022_03_10_483747THD0014__rep0003,Plasma cells,0.7656982675341736
homosapiens_None_2023_None_sikkemalisa_001_d10_1101_2022_03_10_483747THD0014__rep0004,Plasma cells,0.804929526891207
homosapiens_None_2023_None_sikkemalisa_001_d10_1101_2022_03_10_483747THD0014__rep0005,Plasma cells,0.4583199371176865
homosapiens_None_2023_None_sikkemalisa_001_d10_1101_2022_03_10_483747THD0014__rep0006,Plasma cells,0.8019264674735099
homosapiens_None_2023_None_sikkemalisa_001_d10_1101_2022_03_10_483747THD0014__rep0007,Plasma cells,0.5710470798098513
homosapiens_None_2023_None_sikkemalisa_001_d10_1101_2022_03_10_483747THD0014__rep0008,Plasma cells,0.8077982084691891
homosapiens_None_2023_None_sikkemalisa_001_d10_1101_2022_03_10_483747THD0014__rep0009,Plasma cells,0.7840742180667435
homosapiens_None_2023_None_sikkemalisa_001_d10_1101_2022_03_10_483747THD0014__rep0010,Plasma cells,0.8099281731809724
homosapiens_None_2023_None_sikkemalisa_001_d10_1101_2022_03_10_483747THD0014__rep0011,Plasma cells,0.759620100044495
homosapiens_None_2023_None_sikkemalisa_001_d10_1101_2022_03_10_483747THD0014__rep0012,Plasma cells,0.8229631180876994
homosapiens_None_2023_None_sikkemalisa_001_d10_1101_2022_03_10_483747THD0014__rep0013,Plasma cells,0.805704715635531
homosapiens_None_2023_None_sikkemalisa_001_d10_1101_2022_03_10_483747THD0014__rep0014,Plasma cells,0.8049532879984712
homosapiens_None_2023_None_sikkemalisa_001_d10_1101_2022_03_10_483747VUHD071__rep0000,Plasma cells,0.8541747456370914
homosapiens_None_2023_None_sikkemalisa_001_d10_1101_2022_03_10_483747VUHD071__rep0001,Plasma cells,0.8895236496890797
homosapiens_None_2023_None_sikkemalisa_001_d10_1101_2022_03_10_483747VUHD071__rep0002,Plasma cells,0.8827479970581791
homosapiens_None_2023_None_sikkemalisa_001_d10_1101_2022_03_10_483747VUHD071__rep0003,Plasma cells,0.8706001692026369
homosapiens_None_2023_None_sikkemalisa_001_d10_1101_2022_03_10_483747VUHD071__rep0004,Plasma cells,0.7985198525757463
homosapiens_None_2023_None_sikkemalisa_001_d10_1101_2022_03_10_483747VUHD071__rep0006,Plasma cells,0.8469197466343668
homosapiens_None_2023_None_sikkemalisa_001_d10_1101_2022_03_10_483747VUHD071__rep0007,Plasma cells,0.8969019622275092
homosapiens_None_2023_None_sikkemalisa_001_d10_1101_2022_03_10_483747VUHD071__rep0008,Plasma cells,0.7940428429315869
homosapiens_None_2023_None_sikkemalisa_001_d10_1101_2022_03_10_483747VUHD071__rep0010,Plasma cells,0.8743296639667324
homosapiens_None_2023_None_sikkemalisa_001_d10_1101_2022_03_10_483747VUHD071__rep0011,Plasma cells,0.7046069749397911
homosapiens_None_2023_None_sikkemalisa_001_d10_1101_2022_03_10_483747VUHD071__rep0012,Plasma cells,0.89118505869191
homosapiens_None_2023_None_sikkemalisa_001_d10_1101_2022_03_10_483747VUHD071__rep0013,Plasma cells,0.7624055503886247
homosapiens_None_2023_None_sikkemalisa_001_d10_1101_2022_03_10_483747VUHD071__rep0014,Plasma cells,0.8944697320992937
homosapiens_None_2023_None_sikkemalisa_001_d10_1101_2022_03_10_483747VUHD103__rep0000,Plasma cells,0.469504327911923
homosapiens_None_2023_None_sikkemalisa_001_d10_1101_2022_03_10_483747VUHD103__rep0001,Plasma cells,0.4106832938608777
homosapiens_None_2023_None_sikkemalisa_001_d10_1101_2022_03_10_483747VUHD103__rep0002,Plasma cells,0.4449353204465651
homosapiens_None_2023_None_sikkemalisa_001_d10_1101_2022_03_10_483747VUHD103__rep0003,Plasma cells,0.5155594332630254
homosapiens_None_2023_None_sikkemalisa_001_d10_1101_2022_03_10_483747VUHD103__rep0004,Plasma cells,0.7511842845102451
homosapiens_None_2023_None_sikkemalisa_001_d10_1101_2022_03_10_483747VUHD103__rep0005,Plasma cells,0.4152710033014907
homosapiens_None_2023_None_sikkemalisa_001_d10_1101_2022_03_10_483747VUHD103__rep0006,Plasma cells,0.4899869729100929
homosapiens_None_2023_None_sikkemalisa_001_d10_1101_2022_03_10_483747VUHD103__rep0007,Plasma cells,0.7638161448997212
homosapiens_None_2023_None_sikkemalisa_001_d10_1101_2022_03_10_483747VUHD103__rep0010,Plasma cells,0.5010828555109639
homosapiens_None_2023_None_sikkemalisa_001_d10_1101_2022_03_10_483747VUHD103__rep0012,Plasma cells,0.4351676992354446
homosapiens_None_2023_None_sikkemalisa_001_d10_1101_2022_03_10_483747VUHD103__rep0013,Plasma cells,0.5011365255529407
homosapiens_None_2023_None_sikkemalisa_001_d10_1101_2022_03_10_483747VUHD103__rep0014,Plasma cells,0.4699957587336982
homosapiens_None_2023_None_sikkemalisa_001_d10_1101_2022_03_10_483747THD0007__rep0000,Classical monocytes,0.949384949921804
homosapiens_None_2023_None_sikkemalisa_001_d10_1101_2022_03_10_483747THD0007__rep0001,Classical monocytes,0.9819871393710592
homosapiens_None_2023_None_sikkemalisa_001_d10_1101_2022_03_10_483747THD0007__rep0002,Classical monocytes,0.952195802957581
homosapiens_None_2023_None_sikkemalisa_001_d10_1101_2022_03_10_483747THD0007__rep0004,Classical monocytes,0.9700340140779752
homosapiens_None_2023_None_sikkemalisa_001_d10_1101_2022_03_10_483747THD0007__rep0005,Classical monocytes,0.9780080754796336
homosapiens_None_2023_None_sikkemalisa_001_d10_1101_2022_03_10_483747THD0007__rep0006,Classical monocytes,0.9903794260608854
homosapiens_None_2023_None_sikkemalisa_001_d10_1101_2022_03_10_483747THD0007__rep0007,Classical monocytes,0.9609491913289208
homosapiens_None_2023_None_sikkemalisa_001_d10_1101_2022_03_10_483747THD0007__rep0008,Classical monocytes,0.979191971380196
homosapiens_None_2023_None_sikkemalisa_001_d10_1101_2022_03_10_483747THD0007__rep0009,Classical monocytes,0.9541444590959623
homosapiens_None_2023_None_sikkemalisa_001_d10_1101_2022_03_10_483747THD0007__rep0010,Classical monocytes,0.9814904704546222
homosapiens_None_2023_None_sikkemalisa_001_d10_1101_2022_03_10_483747THD0007__rep0011,Classical monocytes,0.9866051251176564
homosapiens_None_2023_None_sikkemalisa_001_d10_1101_2022_03_10_483747THD0007__rep0013,Classical monocytes,0.984007173306315
homosapiens_None_2023_None_sikkemalisa_001_d10_1101_2022_03_10_483747THD0007__rep0014,Classical monocytes,0.9882731928296804
homosapiens_None_2023_None_sikkemalisa_001_d10_1101_2022_03_10_483747THD0014__rep0000,Classical monocytes,0.8975997056564902
homosapiens_None_2023_None_sikkemalisa_001_d10_1101_2022_03_10_483747THD0014__rep0001,Classical monocytes,0.7967323671624998
homosapiens_None_2023_None_sikkemalisa_001_d10_1101_2022_03_10_483747THD0014__rep0002,Classical monocytes,0.8934787601199912
homosapiens_None_2023_None_sikkemalisa_001_d10_1101_2022_03_10_483747THD0014__rep0003,Classical monocytes,0.9438937035851966
homosapiens_None_2023_None_sikkemalisa_001_d10_1101_2022_03_10_483747THD0014__rep0004,Classical monocytes,0.9543089413570948
homosapiens_None_2023_None_sikkemalisa_001_d10_1101_2022_03_10_483747THD0014__rep0005,Classical monocytes,0.940998236397552
homosapiens_None_2023_None_sikkemalisa_001_d10_1101_2022_03_10_483747THD0014__rep0006,Classical monocytes,0.9425076909234772
homosapiens_None_2023_None_sikkemalisa_001_d10_1101_2022_03_10_483747THD0014__rep0009,Classical monocytes,0.9246795443197264
homosapiens_None_2023_None_sikkemalisa_001_d10_1101_2022_03_10_483747THD0014__rep0010,Classical monocytes,0.954290404135428
homosapiens_None_2023_None_sikkemalisa_001_d10_1101_2022_03_10_483747THD0014__rep0011,Classical monocytes,0.9555305772000984
homosapiens_None_2023_None_sikkemalisa_001_d10_1101_2022_03_10_483747THD0014__rep0013,Classical monocytes,0.9251825997569684
homosapiens_None_2023_None_sikkemalisa_001_d10_1101_2022_03_10_483747THD0014__rep0014,Classical monocytes,0.9488364355666424
homosapiens_None_2023_None_sikkemalisa_001_d10_1101_2022_03_10_483747VUHD071__rep0000,Classical monocytes,0.9080951504128548
homosapiens_None_2023_None_sikkemalisa_001_d10_1101_2022_03_10_483747VUHD071__rep0001,Classical monocytes,0.9095971126872184
homosapiens_None_2023_None_sikkemalisa_001_d10_1101_2022_03_10_483747VUHD071__rep0002,Classical monocytes,0.958292874586027
homosapiens_None_2023_None_sikkemalisa_001_d10_1101_2022_03_10_483747VUHD071__rep0003,Classical monocytes,0.9674436568171932
homosapiens_None_2023_None_sikkemalisa_001_d10_1101_2022_03_10_483747VUHD071__rep0006,Classical monocytes,0.968925714775349
homosapiens_None_2023_None_sikkemalisa_001_d10_1101_2022_03_10_483747VUHD071__rep0007,Classical monocytes,0.9034092881948194
homosapiens_None_2023_None_sikkemalisa_001_d10_1101_2022_03_10_483747VUHD071__rep0009,Classical monocytes,0.8305527516193143
homosapiens_None_2023_None_sikkemalisa_001_d10_1101_2022_03_10_483747VUHD071__rep0010,Classical monocytes,0.9384441416384546
homosapiens_None_2023_None_sikkemalisa_001_d10_1101_2022_03_10_483747VUHD071__rep0011,Classical monocytes,0.7496394584625294
homosapiens_None_2023_None_sikkemalisa_001_d10_1101_2022_03_10_483747VUHD071__rep0012,Classical monocytes,0.9471933579167596
homosapiens_None_2023_None_sikkemalisa_001_d10_1101_2022_03_10_483747VUHD071__rep0013,Classical monocytes,0.8675370180741508
homosapiens_None_2023_None_sikkemalisa_001_d10_1101_2022_03_10_483747VUHD071__rep0014,Classical monocytes,0.9475579734310936
homosapiens_None_2023_None_sikkemalisa_001_d10_1101_2022_03_10_483747VUHD077__rep0000,Classical monocytes,0.981410531913266
homosapiens_None_2023_None_sikkemalisa_001_d10_1101_2022_03_10_483747VUHD077__rep0001,Classical monocytes,0.9724455245221758
homosapiens_None_2023_None_sikkemalisa_001_d10_1101_2022_03_10_483747VUHD077__rep0002,Classical monocytes,0.94434210196313
homosapiens_None_2023_None_sikkemalisa_001_d10_1101_2022_03_10_483747VUHD077__rep0003,Classical monocytes,0.9653255148412844
homosapiens_None_2023_None_sikkemalisa_001_d10_1101_2022_03_10_483747VUHD077__rep0004,Classical monocytes,0.920876332715208
homosapiens_None_2023_None_sikkemalisa_001_d10_1101_2022_03_10_483747VUHD077__rep0005,Classical monocytes,0.9764277135769692
homosapiens_None_2023_None_sikkemalisa_001_d10_1101_2022_03_10_483747VUHD077__rep0006,Classical monocytes,0.6868389375536916
homosapiens_None_2023_None_sikkemalisa_001_d10_1101_2022_03_10_483747VUHD077__rep0007,Classical monocytes,0.9260827866786916
homosapiens_None_2023_None_sikkemalisa_001_d10_1101_2022_03_10_483747VUHD077__rep0008,Classical monocytes,0.6609648554169718
homosapiens_None_2023_None_sikkemalisa_001_d10_1101_2022_03_10_483747VUHD077__rep0009,Classical monocytes,0.9808523091521206
homosapiens_None_2023_None_sikkemalisa_001_d10_1101_2022_03_10_483747VUHD077__rep0010,Classical monocytes,0.9772806363315912
homosapiens_None_2023_None_sikkemalisa_001_d10_1101_2022_03_10_483747VUHD077__rep0011,Classical monocytes,0.9548224177629436
homosapiens_None_2023_None_sikkemalisa_001_d10_1101_2022_03_10_483747VUHD077__rep0012,Classical monocytes,0.9784228102021392
homosapiens_None_2023_None_sikkemalisa_001_d10_1101_2022_03_10_483747VUHD077__rep0013,Classical monocytes,0.9270407784515196
homosapiens_None_2023_None_sikkemalisa_001_d10_1101_2022_03_10_483747VUHD077__rep0014,Classical monocytes,0.6852956708985998
homosapiens_None_2023_None_sikkemalisa_001_d10_1101_2022_03_10_483747VUHD103__rep0000,Classical monocytes,0.9630895873466576
homosapiens_None_2023_None_sikkemalisa_001_d10_1101_2022_03_10_483747VUHD103__rep0001,Classical monocytes,0.7282409793449018
homosapiens_None_2023_None_sikkemalisa_001_d10_1101_2022_03_10_483747VUHD103__rep0002,Classical monocytes,0.9279282603334842
homosapiens_None_2023_None_sikkemalisa_001_d10_1101_2022_03_10_483747VUHD103__rep0004,Classical monocytes,0.963160095712178
homosapiens_None_2023_None_sikkemalisa_001_d10_1101_2022_03_10_483747VUHD103__rep0005,Classical monocytes,0.9288000279757368
homosapiens_None_2023_None_sikkemalisa_001_d10_1101_2022_03_10_483747VUHD103__rep0006,Classical monocytes,0.8497961331705668
homosapiens_None_2023_None_sikkemalisa_001_d10_1101_2022_03_10_483747VUHD103__rep0008,Classical monocytes,0.9715548886408744
homosapiens_None_2023_None_sikkemalisa_001_d10_1101_2022_03_10_483747VUHD103__rep0009,Classical monocytes,0.9172143553049442
homosapiens_None_2023_None_sikkemalisa_001_d10_1101_2022_03_10_483747VUHD103__rep0010,Classical monocytes,0.8828439160247515
homosapiens_None_2023_None_sikkemalisa_001_d10_1101_2022_03_10_483747VUHD103__rep0011,Classical monocytes,0.8810135143465759
homosapiens_None_2023_None_sikkemalisa_001_d10_1101_2022_03_10_483747VUHD103__rep0012,Classical monocytes,0.9145649829944325
homosapiens_None_2023_None_sikkemalisa_001_d10_1101_2022_03_10_483747VUHD103__rep0013,Classical monocytes,0.939777602725407
homosapiens_None_2023_None_sikkemalisa_001_d10_1101_2022_03_10_483747VUHD103__rep0014,Classical monocytes,0.8747069851280426
homosapiens_None_2023_None_sikkemalisa_001_d10_1101_2022_03_10_483747VUHD69__rep0000,Classical monocytes,0.8405102208119075
homosapiens_None_2023_None_sikkemalisa_001_d10_1101_2022_03_10_483747VUHD69__rep0001,Classical monocytes,0.8658319269058082
homosapiens_None_2023_None_sikkemalisa_001_d10_1101_2022_03_10_483747VUHD69__rep0002,Classical monocytes,0.8605497319822121
homosapiens_None_2023_None_sikkemalisa_001_d10_1101_2022_03_10_483747VUHD69__rep0004,Classical monocytes,0.7595112068009124
homosapiens_None_2023_None_sikkemalisa_001_d10_1101_2022_03_10_483747VUHD69__rep0005,Classical monocytes,0.806103721624838
homosapiens_None_2023_None_sikkemalisa_001_d10_1101_2022_03_10_483747VUHD69__rep0006,Classical monocytes,0.8598417286230812
homosapiens_None_2023_None_sikkemalisa_001_d10_1101_2022_03_10_483747VUHD69__rep0007,Classical monocytes,0.6552581646807684
homosapiens_None_2023_None_sikkemalisa_001_d10_1101_2022_03_10_483747VUHD69__rep0008,Classical monocytes,0.7765460570386065
homosapiens_None_2023_None_sikkemalisa_001_d10_1101_2022_03_10_483747VUHD69__rep0009,Classical monocytes,0.8663725491040539
homosapiens_None_2023_None_sikkemalisa_001_d10_1101_2022_03_10_483747VUHD69__rep0011,Classical monocytes,0.5006587117922656
homosapiens_None_2023_None_sikkemalisa_001_d10_1101_2022_03_10_483747VUHD69__rep0012,Classical monocytes,0.838556208546261
homosapiens_None_2023_None_sikkemalisa_001_d10_1101_2022_03_10_483747VUHD69__rep0013,Classical monocytes,0.879512587367405
homosapiens_None_2023_None_sikkemalisa_001_d10_1101_2022_03_10_483747VUHD69__rep0014,Classical monocytes,0.8702789697998702
homosapiens_None_2023_None_sikkemalisa_001_d10_1101_2022_03_10_483747VUHD85__rep0000,Classical monocytes,0.9080532035313084
homosapiens_None_2023_None_sikkemalisa_001_d10_1101_2022_03_10_483747VUHD85__rep0001,Classical monocytes,0.9453798201670692
homosapiens_None_2023_None_sikkemalisa_001_d10_1101_2022_03_10_483747VUHD85__rep0002,Classical monocytes,0.8511046577260504
homosapiens_None_2023_None_sikkemalisa_001_d10_1101_2022_03_10_483747VUHD85__rep0004,Classical monocytes,0.956529560517519
homosapiens_None_2023_None_sikkemalisa_001_d10_1101_2022_03_10_483747VUHD85__rep0005,Classical monocytes,0.9696906112648078
homosapiens_None_2023_None_sikkemalisa_001_d10_1101_2022_03_10_483747VUHD85__rep0006,Classical monocytes,0.9806599115698678
homosapiens_None_2023_None_sikkemalisa_001_d10_1101_2022_03_10_483747VUHD85__rep0007,Classical monocytes,0.923913869065892
homosapiens_None_2023_None_sikkemalisa_001_d10_1101_2022_03_10_483747VUHD85__rep0008,Classical monocytes,0.97081762690355
homosapiens_None_2023_None_sikkemalisa_001_d10_1101_2022_03_10_483747VUHD85__rep0009,Classical monocytes,0.9802707138313368
homosapiens_None_2023_None_sikkemalisa_001_d10_1101_2022_03_10_483747VUHD85__rep0010,Classical monocytes,0.8295979282832069
homosapiens_None_2023_None_sikkemalisa_001_d10_1101_2022_03_10_483747VUHD85__rep0011,Classical monocytes,0.9643642245845214
homosapiens_None_2023_None_sikkemalisa_001_d10_1101_2022_03_10_483747VUHD85__rep0012,Classical monocytes,0.98149778306221
homosapiens_None_2023_None_sikkemalisa_001_d10_1101_2022_03_10_483747VUHD85__rep0013,Classical monocytes,0.9835329575621448
homosapiens_None_2023_None_sikkemalisa_001_d10_1101_2022_03_10_483747VUHD85__rep0014,Classical monocytes,0.981693186136818
homosapiens_None_2023_None_sikkemalisa_001_d10_1101_2022_03_10_483747THD0007__rep0000,EC venous systemic,0.9502609190381996
homosapiens_None_2023_None_sikkemalisa_001_d10_1101_2022_03_10_483747THD0007__rep0001,EC venous systemic,0.9587905046614849
homosapiens_None_2023_None_sikkemalisa_001_d10_1101_2022_03_10_483747THD0007__rep0002,EC venous systemic,0.950067838355688
homosapiens_None_2023_None_sikkemalisa_001_d10_1101_2022_03_10_483747THD0007__rep0003,EC venous systemic,0.899491918929235
homosapiens_None_2023_None_sikkemalisa_001_d10_1101_2022_03_10_483747THD0007__rep0004,EC venous systemic,0.8735224389272327
homosapiens_None_2023_None_sikkemalisa_001_d10_1101_2022_03_10_483747THD0007__rep0006,EC venous systemic,0.8809792984840208
homosapiens_None_2023_None_sikkemalisa_001_d10_1101_2022_03_10_483747THD0007__rep0007,EC venous systemic,0.7949967685303502
homosapiens_None_2023_None_sikkemalisa_001_d10_1101_2022_03_10_483747THD0007__rep0008,EC venous systemic,0.9469801280863266
homosapiens_None_2023_None_sikkemalisa_001_d10_1101_2022_03_10_483747THD0007__rep0009,EC venous systemic,0.95395845345043
homosapiens_None_2023_None_sikkemalisa_001_d10_1101_2022_03_10_483747THD0007__rep0010,EC venous systemic,0.9403235678652552
homosapiens_None_2023_None_sikkemalisa_001_d10_1101_2022_03_10_483747THD0007__rep0011,EC venous systemic,0.9374019505389546
homosapiens_None_2023_None_sikkemalisa_001_d10_1101_2022_03_10_483747THD0007__rep0012,EC venous systemic,0.9417610523744772
homosapiens_None_2023_None_sikkemalisa_001_d10_1101_2022_03_10_483747THD0007__rep0013,EC venous systemic,0.9487528206021464
homosapiens_None_2023_None_sikkemalisa_001_d10_1101_2022_03_10_483747THD0007__rep0014,EC venous systemic,0.9541763526723251
homosapiens_None_2023_None_sikkemalisa_001_d10_1101_2022_03_10_483747THD0014__rep0000,EC venous systemic,0.6896713933783594
homosapiens_None_2023_None_sikkemalisa_001_d10_1101_2022_03_10_483747THD0014__rep0001,EC venous systemic,0.9015677838628668
homosapiens_None_2023_None_sikkemalisa_001_d10_1101_2022_03_10_483747THD0014__rep0002,EC venous systemic,0.9274492177359128
homosapiens_None_2023_None_sikkemalisa_001_d10_1101_2022_03_10_483747THD0014__rep0003,EC venous systemic,0.8779328776120462
homosapiens_None_2023_None_sikkemalisa_001_d10_1101_2022_03_10_483747THD0014__rep0005,EC venous systemic,0.9158215197114766
homosapiens_None_2023_None_sikkemalisa_001_d10_1101_2022_03_10_483747THD0014__rep0006,EC venous systemic,0.8766341632911709
homosapiens_None_2023_None_sikkemalisa_001_d10_1101_2022_03_10_483747THD0014__rep0007,EC venous systemic,0.8881871337525905
homosapiens_None_2023_None_sikkemalisa_001_d10_1101_2022_03_10_483747THD0014__rep0008,EC venous systemic,0.9083390649414188
homosapiens_None_2023_None_sikkemalisa_001_d10_1101_2022_03_10_483747THD0014__rep0009,EC venous systemic,0.9131441043819386
homosapiens_None_2023_None_sikkemalisa_001_d10_1101_2022_03_10_483747THD0014__rep0010,EC venous systemic,0.9081269044492246
homosapiens_None_2023_None_sikkemalisa_001_d10_1101_2022_03_10_483747THD0014__rep0011,EC venous systemic,0.9159945252678312
homosapiens_None_2023_None_sikkemalisa_001_d10_1101_2022_03_10_483747THD0014__rep0012,EC venous systemic,0.914644916453254
homosapiens_None_2023_None_sikkemalisa_001_d10_1101_2022_03_10_483747THD0014__rep0013,EC venous systemic,0.8954645755446599
homosapiens_None_2023_None_sikkemalisa_001_d10_1101_2022_03_10_483747THD0014__rep0014,EC venous systemic,0.9154065753790328
homosapiens_None_2023_None_sikkemalisa_001_d10_1101_2022_03_10_483747VUHD103__rep0000,EC venous systemic,0.9545319385695568
homosapiens_None_2023_None_sikkemalisa_001_d10_1101_2022_03_10_483747VUHD103__rep0001,EC venous systemic,0.9133266704249928
homosapiens_None_2023_None_sikkemalisa_001_d10_1101_2022_03_10_483747VUHD103__rep0002,EC venous systemic,0.9096116974889124
homosapiens_None_2023_None_sikkemalisa_001_d10_1101_2022_03_10_483747VUHD103__rep0003,EC venous systemic,0.9603805425804702
homosapiens_None_2023_None_sikkemalisa_001_d10_1101_2022_03_10_483747VUHD103__rep0004,EC venous systemic,0.9331612041762553
homosapiens_None_2023_None_sikkemalisa_001_d10_1101_2022_03_10_483747VUHD103__rep0005,EC venous systemic,0.9014279717461582
homosapiens_None_2023_None_sikkemalisa_001_d10_1101_2022_03_10_483747VUHD103__rep0006,EC venous systemic,0.9566965413142408
homosapiens_None_2023_None_sikkemalisa_001_d10_1101_2022_03_10_483747VUHD103__rep0008,EC venous systemic,0.8345800128881398
homosapiens_None_2023_None_sikkemalisa_001_d10_1101_2022_03_10_483747VUHD103__rep0009,EC venous systemic,0.948431595702957
homosapiens_None_2023_None_sikkemalisa_001_d10_1101_2022_03_10_483747VUHD103__rep0010,EC venous systemic,0.9702083616142316
homosapiens_None_2023_None_sikkemalisa_001_d10_1101_2022_03_10_483747VUHD103__rep0011,EC venous systemic,0.8489502210427305
homosapiens_None_2023_None_sikkemalisa_001_d10_1101_2022_03_10_483747VUHD103__rep0012,EC venous systemic,0.8256050659009277
homosapiens_None_2023_None_sikkemalisa_001_d10_1101_2022_03_10_483747VUHD103__rep0013,EC venous systemic,0.9796061600027012
homosapiens_None_2023_None_sikkemalisa_001_d10_1101_2022_03_10_483747VUHD103__rep0014,EC venous systemic,0.945733296230952
homosapiens_None_2023_None_sikkemalisa_001_d10_1101_2022_03_10_483747THD0007__rep0000,EC aerocyte capillary,0.911246712971372
homosapiens_None_2023_None_sikkemalisa_001_d10_1101_2022_03_10_483747THD0007__rep0001,EC aerocyte capillary,0.9575280454253569
homosapiens_None_2023_None_sikkemalisa_001_d10_1101_2022_03_10_483747THD0007__rep0002,EC aerocyte capillary,0.8985861767080106
homosapiens_None_2023_None_sikkemalisa_001_d10_1101_2022_03_10_483747THD0007__rep0003,EC aerocyte capillary,0.9367778326796274
homosapiens_None_2023_None_sikkemalisa_001_d10_1101_2022_03_10_483747THD0007__rep0004,EC aerocyte capillary,0.9511892043406174
homosapiens_None_2023_None_sikkemalisa_001_d10_1101_2022_03_10_483747THD0007__rep0005,EC aerocyte capillary,0.7445248004038694
homosapiens_None_2023_None_sikkemalisa_001_d10_1101_2022_03_10_483747THD0007__rep0007,EC aerocyte capillary,0.8621408438907008
homosapiens_None_2023_None_sikkemalisa_001_d10_1101_2022_03_10_483747THD0007__rep0008,EC aerocyte capillary,0.8411687810136075
homosapiens_None_2023_None_sikkemalisa_001_d10_1101_2022_03_10_483747THD0007__rep0010,EC aerocyte capillary,0.9094985806978476
homosapiens_None_2023_None_sikkemalisa_001_d10_1101_2022_03_10_483747THD0007__rep0011,EC aerocyte capillary,0.9278754886325182
homosapiens_None_2023_None_sikkemalisa_001_d10_1101_2022_03_10_483747THD0007__rep0012,EC aerocyte capillary,0.9300629339287624
homosapiens_None_2023_None_sikkemalisa_001_d10_1101_2022_03_10_483747THD0007__rep0013,EC aerocyte capillary,0.93909735245306
homosapiens_None_2023_None_sikkemalisa_001_d10_1101_2022_03_10_483747THD0007__rep0014,EC aerocyte capillary,0.9283731127224296
homosapiens_None_2023_None_sikkemalisa_001_d10_1101_2022_03_10_483747THD0014__rep0000,EC aerocyte capillary,0.9501860013952808
homosapiens_None_2023_None_sikkemalisa_001_d10_1101_2022_03_10_483747THD0014__rep0001,EC aerocyte capillary,0.907660856338504
homosapiens_None_2023_None_sikkemalisa_001_d10_1101_2022_03_10_483747THD0014__rep0002,EC aerocyte capillary,0.7991388867453191
homosapiens_None_2023_None_sikkemalisa_001_d10_1101_2022_03_10_483747THD0014__rep0003,EC aerocyte capillary,0.8228418504347161
homosapiens_None_2023_None_sikkemalisa_001_d10_1101_2022_03_10_483747THD0014__rep0004,EC aerocyte capillary,0.9291416345282968
homosapiens_None_2023_None_sikkemalisa_001_d10_1101_2022_03_10_483747THD0014__rep0005,EC aerocyte capillary,0.9232403906880058
homosapiens_None_2023_None_sikkemalisa_001_d10_1101_2022_03_10_483747THD0014__rep0006,EC aerocyte capillary,0.8675861398907538
homosapiens_None_2023_None_sikkemalisa_001_d10_1101_2022_03_10_483747THD0014__rep0007,EC aerocyte capillary,0.9488869368820584
homosapiens_None_2023_None_sikkemalisa_001_d10_1101_2022_03_10_483747THD0014__rep0008,EC aerocyte capillary,0.7801115030644543
homosapiens_None_2023_None_sikkemalisa_001_d10_1101_2022_03_10_483747THD0014__rep0009,EC aerocyte capillary,0.8129314458307145
homosapiens_None_2023_None_sikkemalisa_001_d10_1101_2022_03_10_483747THD0014__rep0010,EC aerocyte capillary,0.8840161903991145
homosapiens_None_2023_None_sikkemalisa_001_d10_1101_2022_03_10_483747THD0014__rep0011,EC aerocyte capillary,0.9284507568145798
homosapiens_None_2023_None_sikkemalisa_001_d10_1101_2022_03_10_483747THD0014__rep0012,EC aerocyte capillary,0.5574285403437684
homosapiens_None_2023_None_sikkemalisa_001_d10_1101_2022_03_10_483747THD0014__rep0014,EC aerocyte capillary,0.9022680931533796
homosapiens_None_2023_None_sikkemalisa_001_d10_1101_2022_03_10_483747VUHD071__rep0000,EC aerocyte capillary,0.9200964214813664
homosapiens_None_2023_None_sikkemalisa_001_d10_1101_2022_03_10_483747VUHD071__rep0001,EC aerocyte capillary,0.8893878600963014
homosapiens_None_2023_None_sikkemalisa_001_d10_1101_2022_03_10_483747VUHD071__rep0003,EC aerocyte capillary,0.8266672890605244
homosapiens_None_2023_None_sikkemalisa_001_d10_1101_2022_03_10_483747VUHD071__rep0004,EC aerocyte capillary,0.918495739535138
homosapiens_None_2023_None_sikkemalisa_001_d10_1101_2022_03_10_483747VUHD071__rep0007,EC aerocyte capillary,0.9079158063935444
homosapiens_None_2023_None_sikkemalisa_001_d10_1101_2022_03_10_483747VUHD071__rep0008,EC aerocyte capillary,0.8984847044865283
homosapiens_None_2023_None_sikkemalisa_001_d10_1101_2022_03_10_483747VUHD071__rep0009,EC aerocyte capillary,0.8887855171050696
homosapiens_None_2023_None_sikkemalisa_001_d10_1101_2022_03_10_483747VUHD071__rep0010,EC aerocyte capillary,0.7080104079597414
homosapiens_None_2023_None_sikkemalisa_001_d10_1101_2022_03_10_483747VUHD071__rep0011,EC aerocyte capillary,0.921682664647062
homosapiens_None_2023_None_sikkemalisa_001_d10_1101_2022_03_10_483747VUHD071__rep0012,EC aerocyte capillary,0.9110300629365892
homosapiens_None_2023_None_sikkemalisa_001_d10_1101_2022_03_10_483747VUHD071__rep0013,EC aerocyte capillary,0.918919212611335
homosapiens_None_2023_None_sikkemalisa_001_d10_1101_2022_03_10_483747VUHD071__rep0014,EC aerocyte capillary,0.8975240291100075
homosapiens_None_2023_None_sikkemalisa_001_d10_1101_2022_03_10_483747VUHD077__rep0000,EC aerocyte capillary,0.933542428332736
homosapiens_None_2023_None_sikkemalisa_001_d10_1101_2022_03_10_483747VUHD077__rep0001,EC aerocyte capillary,0.9434589341688636
homosapiens_None_2023_None_sikkemalisa_001_d10_1101_2022_03_10_483747VUHD077__rep0002,EC aerocyte capillary,0.9098293549043094
homosapiens_None_2023_None_sikkemalisa_001_d10_1101_2022_03_10_483747VUHD077__rep0003,EC aerocyte capillary,0.9232097594787856
homosapiens_None_2023_None_sikkemalisa_001_d10_1101_2022_03_10_483747VUHD077__rep0004,EC aerocyte capillary,0.7412387514649372
homosapiens_None_2023_None_sikkemalisa_001_d10_1101_2022_03_10_483747VUHD077__rep0005,EC aerocyte capillary,0.8976848113761378
homosapiens_None_2023_None_sikkemalisa_001_d10_1101_2022_03_10_483747VUHD077__rep0006,EC aerocyte capillary,0.9001429039733895
homosapiens_None_2023_None_sikkemalisa_001_d10_1101_2022_03_10_483747VUHD077__rep0007,EC aerocyte capillary,0.91643698926483
homosapiens_None_2023_None_sikkemalisa_001_d10_1101_2022_03_10_483747VUHD077__rep0010,EC aerocyte capillary,0.8709583131268315
homosapiens_None_2023_None_sikkemalisa_001_d10_1101_2022_03_10_483747VUHD077__rep0011,EC aerocyte capillary,0.9316476073682266
homosapiens_None_2023_None_sikkemalisa_001_d10_1101_2022_03_10_483747VUHD077__rep0012,EC aerocyte capillary,0.9255816181708988
homosapiens_None_2023_None_sikkemalisa_001_d10_1101_2022_03_10_483747VUHD077__rep0013,EC aerocyte capillary,0.9214237615829308
homosapiens_None_2023_None_sikkemalisa_001_d10_1101_2022_03_10_483747VUHD077__rep0014,EC aerocyte capillary,0.9167370682018484
homosapiens_None_2023_None_sikkemalisa_001_d10_1101_2022_03_10_483747VUHD103__rep0000,EC aerocyte capillary,0.8112365636085357
homosapiens_None_2023_None_sikkemalisa_001_d10_1101_2022_03_10_483747VUHD103__rep0001,EC aerocyte capillary,0.8772516972337738
homosapiens_None_2023_None_sikkemalisa_001_d10_1101_2022_03_10_483747VUHD103__rep0002,EC aerocyte capillary,0.8785330926849181
homosapiens_None_2023_None_sikkemalisa_001_d10_1101_2022_03_10_483747VUHD103__rep0003,EC aerocyte capillary,0.9044879321782088
homosapiens_None_2023_None_sikkemalisa_001_d10_1101_2022_03_10_483747VUHD103__rep0004,EC aerocyte capillary,0.7684845152410045
homosapiens_None_2023_None_sikkemalisa_001_d10_1101_2022_03_10_483747VUHD103__rep0005,EC aerocyte capillary,0.8997689301857639
homosapiens_None_2023_None_sikkemalisa_001_d10_1101_2022_03_10_483747VUHD103__rep0006,EC aerocyte capillary,0.885790940219155
homosapiens_None_2023_None_sikkemalisa_001_d10_1101_2022_03_10_483747VUHD103__rep0007,EC aerocyte capillary,0.9136833317528048
homosapiens_None_2023_None_sikkemalisa_001_d10_1101_2022_03_10_483747VUHD103__rep0008,EC aerocyte capillary,0.8070664702387436
homosapiens_None_2023_None_sikkemalisa_001_d10_1101_2022_03_10_483747VUHD103__rep0009,EC aerocyte capillary,0.8694254815029121
homosapiens_None_2023_None_sikkemalisa_001_d10_1101_2022_03_10_483747VUHD103__rep0010,EC aerocyte capillary,0.5845588748205253
homosapiens_None_2023_None_sikkemalisa_001_d10_1101_2022_03_10_483747VUHD103__rep0011,EC aerocyte capillary,0.8784056083571555
homosapiens_None_2023_None_sikkemalisa_001_d10_1101_2022_03_10_483747VUHD103__rep0012,EC aerocyte capillary,0.9050259659776276
homosapiens_None_2023_None_sikkemalisa_001_d10_1101_2022_03_10_483747VUHD103__rep0013,EC aerocyte capillary,0.5683499371476024
homosapiens_None_2023_None_sikkemalisa_001_d10_1101_2022_03_10_483747VUHD69__rep0000,EC aerocyte capillary,0.9146278986229172
homosapiens_None_2023_None_sikkemalisa_001_d10_1101_2022_03_10_483747VUHD69__rep0001,EC aerocyte capillary,0.9244021993761572
homosapiens_None_2023_None_sikkemalisa_001_d10_1101_2022_03_10_483747VUHD69__rep0002,EC aerocyte capillary,0.8870112401667651
homosapiens_None_2023_None_sikkemalisa_001_d10_1101_2022_03_10_483747VUHD69__rep0003,EC aerocyte capillary,0.9337531269930068
homosapiens_None_2023_None_sikkemalisa_001_d10_1101_2022_03_10_483747VUHD69__rep0004,EC aerocyte capillary,0.9329660293534195
homosapiens_None_2023_None_sikkemalisa_001_d10_1101_2022_03_10_483747VUHD69__rep0005,EC aerocyte capillary,0.9057275210792314
homosapiens_None_2023_None_sikkemalisa_001_d10_1101_2022_03_10_483747VUHD69__rep0006,EC aerocyte capillary,0.6471279508043921
homosapiens_None_2023_None_sikkemalisa_001_d10_1101_2022_03_10_483747VUHD69__rep0007,EC aerocyte capillary,0.9343144940674232
homosapiens_None_2023_None_sikkemalisa_001_d10_1101_2022_03_10_483747VUHD69__rep0008,EC aerocyte capillary,0.826462308549972
homosapiens_None_2023_None_sikkemalisa_001_d10_1101_2022_03_10_483747VUHD69__rep0009,EC aerocyte capillary,0.939235511014588
homosapiens_None_2023_None_sikkemalisa_001_d10_1101_2022_03_10_483747VUHD69__rep0010,EC aerocyte capillary,0.8219408491530533
homosapiens_None_2023_None_sikkemalisa_001_d10_1101_2022_03_10_483747VUHD69__rep0011,EC aerocyte capillary,0.8814786604806599
homosapiens_None_2023_None_sikkemalisa_001_d10_1101_2022_03_10_483747VUHD69__rep0012,EC aerocyte capillary,0.8229274768058009
homosapiens_None_2023_None_sikkemalisa_001_d10_1101_2022_03_10_483747VUHD69__rep0013,EC aerocyte capillary,0.910450626196283
homosapiens_None_2023_None_sikkemalisa_001_d10_1101_2022_03_10_483747VUHD69__rep0014,EC aerocyte capillary,0.7171089088824731
homosapiens_None_2023_None_sikkemalisa_001_d10_1101_2022_03_10_483747VUHD85__rep0000,EC aerocyte capillary,0.9450037202737038
homosapiens_None_2023_None_sikkemalisa_001_d10_1101_2022_03_10_483747VUHD85__rep0001,EC aerocyte capillary,0.952530388916115
homosapiens_None_2023_None_sikkemalisa_001_d10_1101_2022_03_10_483747VUHD85__rep0002,EC aerocyte capillary,0.9288545675559556
homosapiens_None_2023_None_sikkemalisa_001_d10_1101_2022_03_10_483747VUHD85__rep0004,EC aerocyte capillary,0.8340600729870575
homosapiens_None_2023_None_sikkemalisa_001_d10_1101_2022_03_10_483747VUHD85__rep0005,EC aerocyte capillary,0.9226810368339686
homosapiens_None_2023_None_sikkemalisa_001_d10_1101_2022_03_10_483747VUHD85__rep0006,EC aerocyte capillary,0.9237134030028846
homosapiens_None_2023_None_sikkemalisa_001_d10_1101_2022_03_10_483747VUHD85__rep0007,EC aerocyte capillary,0.9525945654049376
homosapiens_None_2023_None_sikkemalisa_001_d10_1101_2022_03_10_483747VUHD85__rep0009,EC aerocyte capillary,0.9323008557388964
homosapiens_None_2023_None_sikkemalisa_001_d10_1101_2022_03_10_483747VUHD85__rep0010,EC aerocyte capillary,0.9357946238075872
homosapiens_None_2023_None_sikkemalisa_001_d10_1101_2022_03_10_483747VUHD85__rep0011,EC aerocyte capillary,0.9445035047305363
homosapiens_None_2023_None_sikkemalisa_001_d10_1101_2022_03_10_483747VUHD85__rep0012,EC aerocyte capillary,0.9516328305072098
homosapiens_None_2023_None_sikkemalisa_001_d10_1101_2022_03_10_483747VUHD85__rep0013,EC aerocyte capillary,0.9009204381756784
homosapiens_None_2023_None_sikkemalisa_001_d10_1101_2022_03_10_483747VUHD85__rep0014,EC aerocyte capillary,0.948433104081096
homosapiens_None_2023_None_sikkemalisa_001_d10_1101_2022_03_10_483747THD0007__rep0000,DC monocyte,0.9746885493798229
homosapiens_None_2023_None_sikkemalisa_001_d10_1101_2022_03_10_483747THD0007__rep0001,DC monocyte,0.9796679203749872
homosapiens_None_2023_None_sikkemalisa_001_d10_1101_2022_03_10_483747THD0007__rep0002,DC monocyte,0.9319926257464076
homosapiens_None_2023_None_sikkemalisa_001_d10_1101_2022_03_10_483747THD0007__rep0004,DC monocyte,0.8624720886642786
homosapiens_None_2023_None_sikkemalisa_001_d10_1101_2022_03_10_483747THD0007__rep0005,DC monocyte,0.9221238862000196
homosapiens_None_2023_None_sikkemalisa_001_d10_1101_2022_03_10_483747THD0007__rep0006,DC monocyte,0.9934077886515478
homosapiens_None_2023_None_sikkemalisa_001_d10_1101_2022_03_10_483747THD0007__rep0008,DC monocyte,0.9619873525114914
homosapiens_None_2023_None_sikkemalisa_001_d10_1101_2022_03_10_483747THD0007__rep0010,DC monocyte,0.9631843464768745
homosapiens_None_2023_None_sikkemalisa_001_d10_1101_2022_03_10_483747THD0007__rep0011,DC monocyte,0.9735193592055588
homosapiens_None_2023_None_sikkemalisa_001_d10_1101_2022_03_10_483747THD0007__rep0012,DC monocyte,0.9111528963698544
homosapiens_None_2023_None_sikkemalisa_001_d10_1101_2022_03_10_483747THD0007__rep0013,DC monocyte,0.9648154749103928
homosapiens_None_2023_None_sikkemalisa_001_d10_1101_2022_03_10_483747THD0007__rep0014,DC monocyte,0.9726128701461476
homosapiens_None_2023_None_sikkemalisa_001_d10_1101_2022_03_10_483747THD0014__rep0001,DC monocyte,0.9419745157054304
homosapiens_None_2023_None_sikkemalisa_001_d10_1101_2022_03_10_483747THD0014__rep0003,DC monocyte,0.9605938131009606
homosapiens_None_2023_None_sikkemalisa_001_d10_1101_2022_03_10_483747THD0014__rep0004,DC monocyte,0.959968674129248
homosapiens_None_2023_None_sikkemalisa_001_d10_1101_2022_03_10_483747THD0014__rep0006,DC monocyte,0.9691434716595424
homosapiens_None_2023_None_sikkemalisa_001_d10_1101_2022_03_10_483747THD0014__rep0007,DC monocyte,0.9489438047088372
homosapiens_None_2023_None_sikkemalisa_001_d10_1101_2022_03_10_483747THD0014__rep0008,DC monocyte,0.9491173147294644
homosapiens_None_2023_None_sikkemalisa_001_d10_1101_2022_03_10_483747THD0014__rep0009,DC monocyte,0.9570292842222023
homosapiens_None_2023_None_sikkemalisa_001_d10_1101_2022_03_10_483747THD0014__rep0010,DC monocyte,0.966150997564426
homosapiens_None_2023_None_sikkemalisa_001_d10_1101_2022_03_10_483747THD0014__rep0011,DC monocyte,0.9596065175846248
homosapiens_None_2023_None_sikkemalisa_001_d10_1101_2022_03_10_483747THD0014__rep0012,DC monocyte,0.8377612145991368
homosapiens_None_2023_None_sikkemalisa_001_d10_1101_2022_03_10_483747THD0014__rep0013,DC monocyte,0.948449408708142
homosapiens_None_2023_None_sikkemalisa_001_d10_1101_2022_03_10_483747THD0014__rep0014,DC monocyte,0.8315540446496913
homosapiens_None_2023_None_sikkemalisa_001_d10_1101_2022_03_10_483747VUHD071__rep0000,DC monocyte,0.9702687771417944
homosapiens_None_2023_None_sikkemalisa_001_d10_1101_2022_03_10_483747VUHD071__rep0001,DC monocyte,0.9336662969861032
homosapiens_None_2023_None_sikkemalisa_001_d10_1101_2022_03_10_483747VUHD071__rep0002,DC monocyte,0.939459081901993
homosapiens_None_2023_None_sikkemalisa_001_d10_1101_2022_03_10_483747VUHD071__rep0003,DC monocyte,0.9365091589659268
homosapiens_None_2023_None_sikkemalisa_001_d10_1101_2022_03_10_483747VUHD071__rep0004,DC monocyte,0.9577248984468004
homosapiens_None_2023_None_sikkemalisa_001_d10_1101_2022_03_10_483747VUHD071__rep0005,DC monocyte,0.9674049441437929
homosapiens_None_2023_None_sikkemalisa_001_d10_1101_2022_03_10_483747VUHD071__rep0007,DC monocyte,0.9558665734030364
homosapiens_None_2023_None_sikkemalisa_001_d10_1101_2022_03_10_483747VUHD071__rep0009,DC monocyte,0.9550119979095096
homosapiens_None_2023_None_sikkemalisa_001_d10_1101_2022_03_10_483747VUHD071__rep0010,DC monocyte,0.91176264077476
homosapiens_None_2023_None_sikkemalisa_001_d10_1101_2022_03_10_483747VUHD071__rep0011,DC monocyte,0.9333447062849008
homosapiens_None_2023_None_sikkemalisa_001_d10_1101_2022_03_10_483747VUHD071__rep0012,DC monocyte,0.968894994511959
homosapiens_None_2023_None_sikkemalisa_001_d10_1101_2022_03_10_483747VUHD071__rep0013,DC monocyte,0.9207592886141512
homosapiens_None_2023_None_sikkemalisa_001_d10_1101_2022_03_10_483747VUHD071__rep0014,DC monocyte,0.9534039272503968
homosapiens_None_2023_None_sikkemalisa_001_d10_1101_2022_03_10_483747VUHD077__rep0000,DC monocyte,0.9542222714173808
homosapiens_None_2023_None_sikkemalisa_001_d10_1101_2022_03_10_483747VUHD077__rep0003,DC monocyte,0.9262990253073746
homosapiens_None_2023_None_sikkemalisa_001_d10_1101_2022_03_10_483747VUHD077__rep0005,DC monocyte,0.9129590164430312
homosapiens_None_2023_None_sikkemalisa_001_d10_1101_2022_03_10_483747VUHD077__rep0006,DC monocyte,0.8816930572307602
homosapiens_None_2023_None_sikkemalisa_001_d10_1101_2022_03_10_483747VUHD077__rep0007,DC monocyte,0.8019445380352613
homosapiens_None_2023_None_sikkemalisa_001_d10_1101_2022_03_10_483747VUHD077__rep0008,DC monocyte,0.9816785706129032
homosapiens_None_2023_None_sikkemalisa_001_d10_1101_2022_03_10_483747VUHD077__rep0009,DC monocyte,0.9584974277579104
homosapiens_None_2023_None_sikkemalisa_001_d10_1101_2022_03_10_483747VUHD077__rep0010,DC monocyte,0.8994935685311812
homosapiens_None_2023_None_sikkemalisa_001_d10_1101_2022_03_10_483747VUHD077__rep0012,DC monocyte,0.9523753806251648
homosapiens_None_2023_None_sikkemalisa_001_d10_1101_2022_03_10_483747VUHD077__rep0014,DC monocyte,0.6460325510291451
homosapiens_None_2023_None_sikkemalisa_001_d10_1101_2022_03_10_483747VUHD103__rep0000,DC monocyte,0.9680813365671744
homosapiens_None_2023_None_sikkemalisa_001_d10_1101_2022_03_10_483747VUHD103__rep0001,DC monocyte,0.9719888191880008
homosapiens_None_2023_None_sikkemalisa_001_d10_1101_2022_03_10_483747VUHD103__rep0002,DC monocyte,0.9664016313375255
homosapiens_None_2023_None_sikkemalisa_001_d10_1101_2022_03_10_483747VUHD103__rep0004,DC monocyte,0.963729585653417
homosapiens_None_2023_None_sikkemalisa_001_d10_1101_2022_03_10_483747VUHD103__rep0005,DC monocyte,0.9697434508793018
homosapiens_None_2023_None_sikkemalisa_001_d10_1101_2022_03_10_483747VUHD103__rep0006,DC monocyte,0.8568904003764313
homosapiens_None_2023_None_sikkemalisa_001_d10_1101_2022_03_10_483747VUHD103__rep0007,DC monocyte,0.8725423085994559
homosapiens_None_2023_None_sikkemalisa_001_d10_1101_2022_03_10_483747VUHD103__rep0008,DC monocyte,0.9382104053407097
homosapiens_None_2023_None_sikkemalisa_001_d10_1101_2022_03_10_483747VUHD103__rep0009,DC monocyte,0.9466823564871504
homosapiens_None_2023_None_sikkemalisa_001_d10_1101_2022_03_10_483747VUHD103__rep0011,DC monocyte,0.9019887947933825
homosapiens_None_2023_None_sikkemalisa_001_d10_1101_2022_03_10_483747VUHD103__rep0012,DC monocyte,0.8679294197914493
homosapiens_None_2023_None_sikkemalisa_001_d10_1101_2022_03_10_483747VUHD103__rep0013,DC monocyte,0.980284300197592
homosapiens_None_2023_None_sikkemalisa_001_d10_1101_2022_03_10_483747VUHD103__rep0014,DC monocyte,0.9765907008308488
homosapiens_None_2023_None_sikkemalisa_001_d10_1101_2022_03_10_483747VUHD69__rep0000,DC monocyte,0.919046819584876
homosapiens_None_2023_None_sikkemalisa_001_d10_1101_2022_03_10_483747VUHD69__rep0002,DC monocyte,0.9612414628037712
homosapiens_None_2023_None_sikkemalisa_001_d10_1101_2022_03_10_483747VUHD69__rep0003,DC monocyte,0.946874364930982
homosapiens_None_2023_None_sikkemalisa_001_d10_1101_2022_03_10_483747VUHD69__rep0004,DC monocyte,0.9370399812971476
homosapiens_None_2023_None_sikkemalisa_001_d10_1101_2022_03_10_483747VUHD69__rep0005,DC monocyte,0.9515066635200056
homosapiens_None_2023_None_sikkemalisa_001_d10_1101_2022_03_10_483747VUHD69__rep0006,DC monocyte,0.961304604764807
homosapiens_None_2023_None_sikkemalisa_001_d10_1101_2022_03_10_483747VUHD69__rep0007,DC monocyte,0.9496370588740992
homosapiens_None_2023_None_sikkemalisa_001_d10_1101_2022_03_10_483747VUHD69__rep0008,DC monocyte,0.9617879137061
homosapiens_None_2023_None_sikkemalisa_001_d10_1101_2022_03_10_483747VUHD69__rep0009,DC monocyte,0.8066223140081474
homosapiens_None_2023_None_sikkemalisa_001_d10_1101_2022_03_10_483747VUHD69__rep0010,DC monocyte,0.9651033717256376
homosapiens_None_2023_None_sikkemalisa_001_d10_1101_2022_03_10_483747VUHD69__rep0011,DC monocyte,0.957345763640177
homosapiens_None_2023_None_sikkemalisa_001_d10_1101_2022_03_10_483747VUHD69__rep0012,DC monocyte,0.9452541812600422
homosapiens_None_2023_None_sikkemalisa_001_d10_1101_2022_03_10_483747VUHD69__rep0014,DC monocyte,0.7101518765121119
homosapiens_None_2023_None_sikkemalisa_001_d10_1101_2022_03_10_483747THD0007__rep0000,Transitional AT2,0.9632430216831264
homosapiens_None_2023_None_sikkemalisa_001_d10_1101_2022_03_10_483747THD0007__rep0001,Transitional AT2,0.9676120029526925
homosapiens_None_2023_None_sikkemalisa_001_d10_1101_2022_03_10_483747THD0007__rep0002,Transitional AT2,0.9603320689867576
homosapiens_None_2023_None_sikkemalisa_001_d10_1101_2022_03_10_483747THD0007__rep0003,Transitional AT2,0.6138883110910179
homosapiens_None_2023_None_sikkemalisa_001_d10_1101_2022_03_10_483747THD0007__rep0004,Transitional AT2,0.9562082353425864
homosapiens_None_2023_None_sikkemalisa_001_d10_1101_2022_03_10_483747THD0007__rep0006,Transitional AT2,0.9564906603211092
homosapiens_None_2023_None_sikkemalisa_001_d10_1101_2022_03_10_483747THD0007__rep0007,Transitional AT2,0.9562051570772812
homosapiens_None_2023_None_sikkemalisa_001_d10_1101_2022_03_10_483747THD0007__rep0008,Transitional AT2,0.9546347601343615
homosapiens_None_2023_None_sikkemalisa_001_d10_1101_2022_03_10_483747THD0007__rep0009,Transitional AT2,0.952368690994368
homosapiens_None_2023_None_sikkemalisa_001_d10_1101_2022_03_10_483747THD0007__rep0010,Transitional AT2,0.9543781716552168
homosapiens_None_2023_None_sikkemalisa_001_d10_1101_2022_03_10_483747THD0007__rep0012,Transitional AT2,0.8197763338067827
homosapiens_None_2023_None_sikkemalisa_001_d10_1101_2022_03_10_483747THD0014__rep0000,Transitional AT2,0.9225769815344096
homosapiens_None_2023_None_sikkemalisa_001_d10_1101_2022_03_10_483747THD0014__rep0001,Transitional AT2,0.9292795061067544
homosapiens_None_2023_None_sikkemalisa_001_d10_1101_2022_03_10_483747THD0014__rep0002,Transitional AT2,0.9097176965371232
homosapiens_None_2023_None_sikkemalisa_001_d10_1101_2022_03_10_483747THD0014__rep0003,Transitional AT2,0.9183694921951848
homosapiens_None_2023_None_sikkemalisa_001_d10_1101_2022_03_10_483747THD0014__rep0004,Transitional AT2,0.8307621941576602
homosapiens_None_2023_None_sikkemalisa_001_d10_1101_2022_03_10_483747THD0014__rep0005,Transitional AT2,0.752158565743029
homosapiens_None_2023_None_sikkemalisa_001_d10_1101_2022_03_10_483747THD0014__rep0006,Transitional AT2,0.9195616380896732
homosapiens_None_2023_None_sikkemalisa_001_d10_1101_2022_03_10_483747THD0014__rep0007,Transitional AT2,0.9253828207018566
homosapiens_None_2023_None_sikkemalisa_001_d10_1101_2022_03_10_483747THD0014__rep0008,Transitional AT2,0.9139936310354884
homosapiens_None_2023_None_sikkemalisa_001_d10_1101_2022_03_10_483747THD0014__rep0009,Transitional AT2,0.6771206661536674
homosapiens_None_2023_None_sikkemalisa_001_d10_1101_2022_03_10_483747THD0014__rep0010,Transitional AT2,0.7715320956168235
homosapiens_None_2023_None_sikkemalisa_001_d10_1101_2022_03_10_483747THD0014__rep0011,Transitional AT2,0.9042834820007156
homosapiens_None_2023_None_sikkemalisa_001_d10_1101_2022_03_10_483747THD0014__rep0012,Transitional AT2,0.9024931417959676
homosapiens_None_2023_None_sikkemalisa_001_d10_1101_2022_03_10_483747THD0014__rep0013,Transitional AT2,0.9224860854809872
homosapiens_None_2023_None_sikkemalisa_001_d10_1101_2022_03_10_483747THD0014__rep0014,Transitional AT2,0.9378629086290624
homosapiens_None_2023_None_sikkemalisa_001_d10_1101_2022_03_10_483747VUHD071__rep0000,Transitional AT2,0.9297228600529028
homosapiens_None_2023_None_sikkemalisa_001_d10_1101_2022_03_10_483747VUHD071__rep0001,Transitional AT2,0.9286252869438566
homosapiens_None_2023_None_sikkemalisa_001_d10_1101_2022_03_10_483747VUHD071__rep0002,Transitional AT2,0.9208254421369592
homosapiens_None_2023_None_sikkemalisa_001_d10_1101_2022_03_10_483747VUHD071__rep0003,Transitional AT2,0.9254648650419784
homosapiens_None_2023_None_sikkemalisa_001_d10_1101_2022_03_10_483747VUHD071__rep0005,Transitional AT2,0.8762236472549765
homosapiens_None_2023_None_sikkemalisa_001_d10_1101_2022_03_10_483747VUHD071__rep0006,Transitional AT2,0.9370974234009044
homosapiens_None_2023_None_sikkemalisa_001_d10_1101_2022_03_10_483747VUHD071__rep0007,Transitional AT2,0.9057142236577168
homosapiens_None_2023_None_sikkemalisa_001_d10_1101_2022_03_10_483747VUHD071__rep0008,Transitional AT2,0.7692687759624048
homosapiens_None_2023_None_sikkemalisa_001_d10_1101_2022_03_10_483747VUHD071__rep0009,Transitional AT2,0.8543324717364751
homosapiens_None_2023_None_sikkemalisa_001_d10_1101_2022_03_10_483747VUHD071__rep0010,Transitional AT2,0.9111005490021916
homosapiens_None_2023_None_sikkemalisa_001_d10_1101_2022_03_10_483747VUHD071__rep0011,Transitional AT2,0.8815700123539769
homosapiens_None_2023_None_sikkemalisa_001_d10_1101_2022_03_10_483747VUHD071__rep0012,Transitional AT2,0.823753814684957
homosapiens_None_2023_None_sikkemalisa_001_d10_1101_2022_03_10_483747VUHD071__rep0013,Transitional AT2,0.8939484560201731
homosapiens_None_2023_None_sikkemalisa_001_d10_1101_2022_03_10_483747VUHD103__rep0000,Transitional AT2,0.9260582305897912
homosapiens_None_2023_None_sikkemalisa_001_d10_1101_2022_03_10_483747VUHD103__rep0002,Transitional AT2,0.9509520323550682
homosapiens_None_2023_None_sikkemalisa_001_d10_1101_2022_03_10_483747VUHD103__rep0003,Transitional AT2,0.9579575028834482
homosapiens_None_2023_None_sikkemalisa_001_d10_1101_2022_03_10_483747VUHD103__rep0004,Transitional AT2,0.9570039119077504
homosapiens_None_2023_None_sikkemalisa_001_d10_1101_2022_03_10_483747VUHD103__rep0006,Transitional AT2,0.8794157602352064
homosapiens_None_2023_None_sikkemalisa_001_d10_1101_2022_03_10_483747VUHD103__rep0007,Transitional AT2,0.9124623064802896
homosapiens_None_2023_None_sikkemalisa_001_d10_1101_2022_03_10_483747VUHD103__rep0008,Transitional AT2,0.9536544254842084
homosapiens_None_2023_None_sikkemalisa_001_d10_1101_2022_03_10_483747VUHD103__rep0009,Transitional AT2,0.9556965295946134
homosapiens_None_2023_None_sikkemalisa_001_d10_1101_2022_03_10_483747VUHD103__rep0010,Transitional AT2,0.9371659709509952
homosapiens_None_2023_None_sikkemalisa_001_d10_1101_2022_03_10_483747VUHD103__rep0011,Transitional AT2,0.9670487211794644
homosapiens_None_2023_None_sikkemalisa_001_d10_1101_2022_03_10_483747VUHD103__rep0012,Transitional AT2,0.954869512293118
homosapiens_None_2023_None_sikkemalisa_001_d10_1101_2022_03_10_483747VUHD103__rep0014,Transitional AT2,0.8380048999076051
homosapiens_None_2023_None_sikkemalisa_001_d10_1101_2022_03_10_483747VUHD85__rep0000,Transitional AT2,0.9122400036175808
homosapiens_None_2023_None_sikkemalisa_001_d10_1101_2022_03_10_483747VUHD85__rep0001,Transitional AT2,0.801858433401645
homosapiens_None_2023_None_sikkemalisa_001_d10_1101_2022_03_10_483747VUHD85__rep0002,Transitional AT2,0.9390311573825528
homosapiens_None_2023_None_sikkemalisa_001_d10_1101_2022_03_10_483747VUHD85__rep0003,Transitional AT2,0.8064520576635318
homosapiens_None_2023_None_sikkemalisa_001_d10_1101_2022_03_10_483747VUHD85__rep0004,Transitional AT2,0.9006686043925085
homosapiens_None_2023_None_sikkemalisa_001_d10_1101_2022_03_10_483747VUHD85__rep0005,Transitional AT2,0.9489595466022028
homosapiens_None_2023_None_sikkemalisa_001_d10_1101_2022_03_10_483747VUHD85__rep0006,Transitional AT2,0.9194140906735132
homosapiens_None_2023_None_sikkemalisa_001_d10_1101_2022_03_10_483747VUHD85__rep0007,Transitional AT2,0.9312754500278612
homosapiens_None_2023_None_sikkemalisa_001_d10_1101_2022_03_10_483747VUHD85__rep0008,Transitional AT2,0.8706280928175898
homosapiens_None_2023_None_sikkemalisa_001_d10_1101_2022_03_10_483747VUHD85__rep0009,Transitional AT2,0.9429225748518484
homosapiens_None_2023_None_sikkemalisa_001_d10_1101_2022_03_10_483747VUHD85__rep0010,Transitional AT2,0.8433598530393837
homosapiens_None_2023_None_sikkemalisa_001_d10_1101_2022_03_10_483747VUHD85__rep0011,Transitional AT2,0.9099779044126411
homosapiens_None_2023_None_sikkemalisa_001_d10_1101_2022_03_10_483747VUHD85__rep0012,Transitional AT2,0.9275001318289692
homosapiens_None_2023_None_sikkemalisa_001_d10_1101_2022_03_10_483747VUHD85__rep0013,Transitional AT2,0.9379199315650948
homosapiens_None_2023_None_sikkemalisa_001_d10_1101_2022_03_10_483747VUHD85__rep0014,Transitional AT2,0.8666397040677533
homosapiens_None_2023_None_sikkemalisa_001_d10_1101_2022_03_10_483747THD0007__rep0000,Alveolar macrophages,0.9603433091735218
homosapiens_None_2023_None_sikkemalisa_001_d10_1101_2022_03_10_483747THD0007__rep0001,Alveolar macrophages,0.96400261504685
homosapiens_None_2023_None_sikkemalisa_001_d10_1101_2022_03_10_483747THD0007__rep0002,Alveolar macrophages,0.8783347537161661
homosapiens_None_2023_None_sikkemalisa_001_d10_1101_2022_03_10_483747THD0007__rep0003,Alveolar macrophages,0.9715156734257112
homosapiens_None_2023_None_sikkemalisa_001_d10_1101_2022_03_10_483747THD0007__rep0004,Alveolar macrophages,0.9649603899656124
homosapiens_None_2023_None_sikkemalisa_001_d10_1101_2022_03_10_483747THD0007__rep0005,Alveolar macrophages,0.9808563300639622
homosapiens_None_2023_None_sikkemalisa_001_d10_1101_2022_03_10_483747THD0007__rep0006,Alveolar macrophages,0.9679560553583084
homosapiens_None_2023_None_sikkemalisa_001_d10_1101_2022_03_10_483747THD0007__rep0007,Alveolar macrophages,0.961985714465968
homosapiens_None_2023_None_sikkemalisa_001_d10_1101_2022_03_10_483747THD0007__rep0008,Alveolar macrophages,0.9775607929406434
homosapiens_None_2023_None_sikkemalisa_001_d10_1101_2022_03_10_483747THD0007__rep0009,Alveolar macrophages,0.9758665171570318
homosapiens_None_2023_None_sikkemalisa_001_d10_1101_2022_03_10_483747THD0007__rep0011,Alveolar macrophages,0.9488943232859022
homosapiens_None_2023_None_sikkemalisa_001_d10_1101_2022_03_10_483747THD0007__rep0012,Alveolar macrophages,0.9745997716220518
homosapiens_None_2023_None_sikkemalisa_001_d10_1101_2022_03_10_483747THD0007__rep0013,Alveolar macrophages,0.986001409424636
homosapiens_None_2023_None_sikkemalisa_001_d10_1101_2022_03_10_483747THD0007__rep0014,Alveolar macrophages,0.7738809688358746
homosapiens_None_2023_None_sikkemalisa_001_d10_1101_2022_03_10_483747THD0014__rep0000,Alveolar macrophages,0.9816922643879232
homosapiens_None_2023_None_sikkemalisa_001_d10_1101_2022_03_10_483747THD0014__rep0001,Alveolar macrophages,0.953361971492785
homosapiens_None_2023_None_sikkemalisa_001_d10_1101_2022_03_10_483747THD0014__rep0002,Alveolar macrophages,0.982252680199552
homosapiens_None_2023_None_sikkemalisa_001_d10_1101_2022_03_10_483747THD0014__rep0003,Alveolar macrophages,0.9829894889443936
homosapiens_None_2023_None_sikkemalisa_001_d10_1101_2022_03_10_483747THD0014__rep0005,Alveolar macrophages,0.9777216776607844
homosapiens_None_2023_None_sikkemalisa_001_d10_1101_2022_03_10_483747THD0014__rep0006,Alveolar macrophages,0.9775431691847194
homosapiens_None_2023_None_sikkemalisa_001_d10_1101_2022_03_10_483747THD0014__rep0007,Alveolar macrophages,0.9801460033605436
homosapiens_None_2023_None_sikkemalisa_001_d10_1101_2022_03_10_483747THD0014__rep0008,Alveolar macrophages,0.8918739352110154
homosapiens_None_2023_None_sikkemalisa_001_d10_1101_2022_03_10_483747THD0014__rep0009,Alveolar macrophages,0.9728413622348204
homosapiens_None_2023_None_sikkemalisa_001_d10_1101_2022_03_10_483747THD0014__rep0010,Alveolar macrophages,0.9683501619302004
homosapiens_None_2023_None_sikkemalisa_001_d10_1101_2022_03_10_483747THD0014__rep0011,Alveolar macrophages,0.974209529320906
homosapiens_None_2023_None_sikkemalisa_001_d10_1101_2022_03_10_483747THD0014__rep0012,Alveolar macrophages,0.972631149095908
homosapiens_None_2023_None_sikkemalisa_001_d10_1101_2022_03_10_483747THD0014__rep0013,Alveolar macrophages,0.9494483415634238
homosapiens_None_2023_None_sikkemalisa_001_d10_1101_2022_03_10_483747THD0014__rep0014,Alveolar macrophages,0.9815326883929884
homosapiens_None_2023_None_sikkemalisa_001_d10_1101_2022_03_10_483747VUHD071__rep0000,Alveolar macrophages,0.973136485538839
homosapiens_None_2023_None_sikkemalisa_001_d10_1101_2022_03_10_483747VUHD071__rep0001,Alveolar macrophages,0.9575905279790382
homosapiens_None_2023_None_sikkemalisa_001_d10_1101_2022_03_10_483747VUHD071__rep0002,Alveolar macrophages,0.9652388820638532
homosapiens_None_2023_None_sikkemalisa_001_d10_1101_2022_03_10_483747VUHD071__rep0003,Alveolar macrophages,0.9756213027877992
homosapiens_None_2023_None_sikkemalisa_001_d10_1101_2022_03_10_483747VUHD071__rep0004,Alveolar macrophages,0.9718243086268996
homosapiens_None_2023_None_sikkemalisa_001_d10_1101_2022_03_10_483747VUHD071__rep0005,Alveolar macrophages,0.9015942642698548
homosapiens_None_2023_None_sikkemalisa_001_d10_1101_2022_03_10_483747VUHD071__rep0007,Alveolar macrophages,0.9767912689506244
homosapiens_None_2023_None_sikkemalisa_001_d10_1101_2022_03_10_483747VUHD071__rep0008,Alveolar macrophages,0.8397772910327161
homosapiens_None_2023_None_sikkemalisa_001_d10_1101_2022_03_10_483747VUHD071__rep0009,Alveolar macrophages,0.9620987528021852
homosapiens_None_2023_None_sikkemalisa_001_d10_1101_2022_03_10_483747VUHD071__rep0010,Alveolar macrophages,0.9496684067944604
homosapiens_None_2023_None_sikkemalisa_001_d10_1101_2022_03_10_483747VUHD071__rep0011,Alveolar macrophages,0.96715039307706
homosapiens_None_2023_None_sikkemalisa_001_d10_1101_2022_03_10_483747VUHD071__rep0012,Alveolar macrophages,0.9781332993278196
homosapiens_None_2023_None_sikkemalisa_001_d10_1101_2022_03_10_483747VUHD071__rep0013,Alveolar macrophages,0.9609634732603164
homosapiens_None_2023_None_sikkemalisa_001_d10_1101_2022_03_10_483747VUHD071__rep0014,Alveolar macrophages,0.9706472925972348
homosapiens_None_2023_None_sikkemalisa_001_d10_1101_2022_03_10_483747VUHD103__rep0000,Alveolar macrophages,0.9860990365927078
homosapiens_None_2023_None_sikkemalisa_001_d10_1101_2022_03_10_483747VUHD103__rep0001,Alveolar macrophages,0.9828433788750928
homosapiens_None_2023_None_sikkemalisa_001_d10_1101_2022_03_10_483747VUHD103__rep0002,Alveolar macrophages,0.976761897190809
homosapiens_None_2023_None_sikkemalisa_001_d10_1101_2022_03_10_483747VUHD103__rep0003,Alveolar macrophages,0.9696189053097064
homosapiens_None_2023_None_sikkemalisa_001_d10_1101_2022_03_10_483747VUHD103__rep0004,Alveolar macrophages,0.961606321620516
homosapiens_None_2023_None_sikkemalisa_001_d10_1101_2022_03_10_483747VUHD103__rep0005,Alveolar macrophages,0.9811317956974518
homosapiens_None_2023_None_sikkemalisa_001_d10_1101_2022_03_10_483747VUHD103__rep0006,Alveolar macrophages,0.9866531550192916
homosapiens_None_2023_None_sikkemalisa_001_d10_1101_2022_03_10_483747VUHD103__rep0007,Alveolar macrophages,0.98869805785294
homosapiens_None_2023_None_sikkemalisa_001_d10_1101_2022_03_10_483747VUHD103__rep0008,Alveolar macrophages,0.9854544652285532
homosapiens_None_2023_None_sikkemalisa_001_d10_1101_2022_03_10_483747VUHD103__rep0009,Alveolar macrophages,0.9553239423928368
homosapiens_None_2023_None_sikkemalisa_001_d10_1101_2022_03_10_483747VUHD103__rep0010,Alveolar macrophages,0.9885297565516672
homosapiens_None_2023_None_sikkemalisa_001_d10_1101_2022_03_10_483747VUHD103__rep0011,Alveolar macrophages,0.926320252569996
homosapiens_None_2023_None_sikkemalisa_001_d10_1101_2022_03_10_483747VUHD103__rep0013,Alveolar macrophages,0.9664431651204112
homosapiens_None_2023_None_sikkemalisa_001_d10_1101_2022_03_10_483747VUHD103__rep0014,Alveolar macrophages,0.93805275716946
homosapiens_None_2023_None_sikkemalisa_001_d10_1101_2022_03_10_483747VUHD103__rep0000,Pericytes,0.8520620671609488
homosapiens_None_2023_None_sikkemalisa_001_d10_1101_2022_03_10_483747VUHD103__rep0001,Pericytes,0.8229421290065351
homosapiens_None_2023_None_sikkemalisa_001_d10_1101_2022_03_10_483747VUHD103__rep0002,Pericytes,0.853033556548735
homosapiens_None_2023_None_sikkemalisa_001_d10_1101_2022_03_10_483747VUHD103__rep0003,Pericytes,0.8340195943106374
homosapiens_None_2023_None_sikkemalisa_001_d10_1101_2022_03_10_483747VUHD103__rep0004,Pericytes,0.8204260513185481
homosapiens_None_2023_None_sikkemalisa_001_d10_1101_2022_03_10_483747VUHD103__rep0005,Pericytes,0.8505315015004384
homosapiens_None_2023_None_sikkemalisa_001_d10_1101_2022_03_10_483747VUHD103__rep0006,Pericytes,0.8445410828353533
homosapiens_None_2023_None_sikkemalisa_001_d10_1101_2022_03_10_483747VUHD103__rep0007,Pericytes,0.8168388678168643
homosapiens_None_2023_None_sikkemalisa_001_d10_1101_2022_03_10_483747VUHD103__rep0008,Pericytes,0.8592067961358717
homosapiens_None_2023_None_sikkemalisa_001_d10_1101_2022_03_10_483747VUHD103__rep0009,Pericytes,0.8706300052836943
homosapiens_None_2023_None_sikkemalisa_001_d10_1101_2022_03_10_483747VUHD103__rep0010,Pericytes,0.8496858293182666
homosapiens_None_2023_None_sikkemalisa_001_d10_1101_2022_03_10_483747VUHD103__rep0011,Pericytes,0.8534048139204126
homosapiens_None_2023_None_sikkemalisa_001_d10_1101_2022_03_10_483747VUHD103__rep0012,Pericytes,0.8595278334354695
homosapiens_None_2023_None_sikkemalisa_001_d10_1101_2022_03_10_483747VUHD103__rep0014,Pericytes,0.8429266506104237
homosapiens_None_2023_None_sikkemalisa_001_d10_1101_2022_03_10_483747VUHD85__rep0000,Pericytes,0.9279646512837438
homosapiens_None_2023_None_sikkemalisa_001_d10_1101_2022_03_10_483747VUHD85__rep0001,Pericytes,0.913363663702723
homosapiens_None_2023_None_sikkemalisa_001_d10_1101_2022_03_10_483747VUHD85__rep0002,Pericytes,0.9230865984533724
homosapiens_None_2023_None_sikkemalisa_001_d10_1101_2022_03_10_483747VUHD85__rep0003,Pericytes,0.9316809533042496
homosapiens_None_2023_None_sikkemalisa_001_d10_1101_2022_03_10_483747VUHD85__rep0004,Pericytes,0.9170612554266436
homosapiens_None_2023_None_sikkemalisa_001_d10_1101_2022_03_10_483747VUHD85__rep0005,Pericytes,0.9147065258617896
homosapiens_None_2023_None_sikkemalisa_001_d10_1101_2022_03_10_483747VUHD85__rep0006,Pericytes,0.916463254934879
homosapiens_None_2023_None_sikkemalisa_001_d10_1101_2022_03_10_483747VUHD85__rep0007,Pericytes,0.9054792143570178
homosapiens_None_2023_None_sikkemalisa_001_d10_1101_2022_03_10_483747VUHD85__rep0008,Pericytes,0.92983477147873
homosapiens_None_2023_None_sikkemalisa_001_d10_1101_2022_03_10_483747VUHD85__rep0009,Pericytes,0.8011925815281999
homosapiens_None_2023_None_sikkemalisa_001_d10_1101_2022_03_10_483747VUHD85__rep0010,Pericytes,0.9194355623529772
homosapiens_None_2023_None_sikkemalisa_001_d10_1101_2022_03_10_483747VUHD85__rep0011,Pericytes,0.9137133769105747
homosapiens_None_2023_None_sikkemalisa_001_d10_1101_2022_03_10_483747VUHD85__rep0012,Pericytes,0.8857458437571462
homosapiens_None_2023_None_sikkemalisa_001_d10_1101_2022_03_10_483747VUHD85__rep0013,Pericytes,0.918918622551474
homosapiens_None_2023_None_sikkemalisa_001_d10_1101_2022_03_10_483747VUHD85__rep0014,Pericytes,0.92542719735017
homosapiens_None_2023_None_sikkemalisa_001_d10_1101_2022_03_10_483747THD0014__rep0000,Goblet,0.9148849008279004
homosapiens_None_2023_None_sikkemalisa_001_d10_1101_2022_03_10_483747THD0014__rep0001,Goblet,0.922211521556996
homosapiens_None_2023_None_sikkemalisa_001_d10_1101_2022_03_10_483747THD0014__rep0002,Goblet,0.9456170808721842
homosapiens_None_2023_None_sikkemalisa_001_d10_1101_2022_03_10_483747THD0014__rep0003,Goblet,0.9309598487399442
homosapiens_None_2023_None_sikkemalisa_001_d10_1101_2022_03_10_483747THD0014__rep0005,Goblet,0.9474953381772936
homosapiens_None_2023_None_sikkemalisa_001_d10_1101_2022_03_10_483747THD0014__rep0006,Goblet,0.9347257064001911
homosapiens_None_2023_None_sikkemalisa_001_d10_1101_2022_03_10_483747THD0014__rep0007,Goblet,0.7271636502461342
homosapiens_None_2023_None_sikkemalisa_001_d10_1101_2022_03_10_483747THD0014__rep0008,Goblet,0.8467838921835262
homosapiens_None_2023_None_sikkemalisa_001_d10_1101_2022_03_10_483747THD0014__rep0009,Goblet,0.8890200716764517
homosapiens_None_2023_None_sikkemalisa_001_d10_1101_2022_03_10_483747THD0014__rep0010,Goblet,0.9158381346345612
homosapiens_None_2023_None_sikkemalisa_001_d10_1101_2022_03_10_483747THD0014__rep0011,Goblet,0.9013254302805844
homosapiens_None_2023_None_sikkemalisa_001_d10_1101_2022_03_10_483747THD0014__rep0012,Goblet,0.9107664120264456
homosapiens_None_2023_None_sikkemalisa_001_d10_1101_2022_03_10_483747THD0014__rep0013,Goblet,0.9525372841775251
homosapiens_None_2023_None_sikkemalisa_001_d10_1101_2022_03_10_483747VUHD103__rep0000,Goblet,0.7367285633918284
homosapiens_None_2023_None_sikkemalisa_001_d10_1101_2022_03_10_483747VUHD103__rep0001,Goblet,0.9532543789579196
homosapiens_None_2023_None_sikkemalisa_001_d10_1101_2022_03_10_483747VUHD103__rep0002,Goblet,0.9568893727754466
homosapiens_None_2023_None_sikkemalisa_001_d10_1101_2022_03_10_483747VUHD103__rep0003,Goblet,0.9531969052959692
homosapiens_None_2023_None_sikkemalisa_001_d10_1101_2022_03_10_483747VUHD103__rep0004,Goblet,0.904533729516865
homosapiens_None_2023_None_sikkemalisa_001_d10_1101_2022_03_10_483747VUHD103__rep0005,Goblet,0.8463154073843129
homosapiens_None_2023_None_sikkemalisa_001_d10_1101_2022_03_10_483747VUHD103__rep0006,Goblet,0.9838205565448968
homosapiens_None_2023_None_sikkemalisa_001_d10_1101_2022_03_10_483747VUHD103__rep0007,Goblet,0.885243870722892
homosapiens_None_2023_None_sikkemalisa_001_d10_1101_2022_03_10_483747VUHD103__rep0008,Goblet,0.9712736488617522
homosapiens_None_2023_None_sikkemalisa_001_d10_1101_2022_03_10_483747VUHD103__rep0009,Goblet,0.979037222438086
homosapiens_None_2023_None_sikkemalisa_001_d10_1101_2022_03_10_483747VUHD103__rep0010,Goblet,0.956444300764338
homosapiens_None_2023_None_sikkemalisa_001_d10_1101_2022_03_10_483747VUHD103__rep0011,Goblet,0.9531821436499948
homosapiens_None_2023_None_sikkemalisa_001_d10_1101_2022_03_10_483747VUHD103__rep0012,Goblet,0.9584849991357548
homosapiens_None_2023_None_sikkemalisa_001_d10_1101_2022_03_10_483747VUHD103__rep0013,Goblet,0.9410127476454828
homosapiens_None_2023_None_sikkemalisa_001_d10_1101_2022_03_10_483747VUHD103__rep0014,Goblet,0.871355716699137
homosapiens_None_2023_None_sikkemalisa_001_d10_1101_2022_03_10_483747THD0007__rep0000,Club,0.9652592199396028
homosapiens_None_2023_None_sikkemalisa_001_d10_1101_2022_03_10_483747THD0007__rep0001,Club,0.807842389072153
homosapiens_None_2023_None_sikkemalisa_001_d10_1101_2022_03_10_483747THD0007__rep0002,Club,0.934654738639212
homosapiens_None_2023_None_sikkemalisa_001_d10_1101_2022_03_10_483747THD0007__rep0003,Club,0.9576055105117371
homosapiens_None_2023_None_sikkemalisa_001_d10_1101_2022_03_10_483747THD0007__rep0004,Club,0.6317789060768768
homosapiens_None_2023_None_sikkemalisa_001_d10_1101_2022_03_10_483747THD0007__rep0005,Club,0.6903784898340538
homosapiens_None_2023_None_sikkemalisa_001_d10_1101_2022_03_10_483747THD0007__rep0006,Club,0.8843515370380582
homosapiens_None_2023_None_sikkemalisa_001_d10_1101_2022_03_10_483747THD0007__rep0007,Club,0.8698875823561217
homosapiens_None_2023_None_sikkemalisa_001_d10_1101_2022_03_10_483747THD0007__rep0009,Club,0.9563863564858728
homosapiens_None_2023_None_sikkemalisa_001_d10_1101_2022_03_10_483747THD0007__rep0010,Club,0.900642572407522
homosapiens_None_2023_None_sikkemalisa_001_d10_1101_2022_03_10_483747THD0007__rep0011,Club,0.8124609225282717
homosapiens_None_2023_None_sikkemalisa_001_d10_1101_2022_03_10_483747THD0007__rep0012,Club,0.9629468088131942
homosapiens_None_2023_None_sikkemalisa_001_d10_1101_2022_03_10_483747THD0007__rep0014,Club,0.9635446296270466
homosapiens_None_2023_None_sikkemalisa_001_d10_1101_2022_03_10_483747THD0014__rep0000,Club,0.8638200406024531
homosapiens_None_2023_None_sikkemalisa_001_d10_1101_2022_03_10_483747THD0014__rep0001,Club,0.939633239735937
homosapiens_None_2023_None_sikkemalisa_001_d10_1101_2022_03_10_483747THD0014__rep0002,Club,0.9647295094335792
homosapiens_None_2023_None_sikkemalisa_001_d10_1101_2022_03_10_483747THD0014__rep0003,Club,0.9585802943450916
homosapiens_None_2023_None_sikkemalisa_001_d10_1101_2022_03_10_483747THD0014__rep0005,Club,0.8672068934955892
homosapiens_None_2023_None_sikkemalisa_001_d10_1101_2022_03_10_483747THD0014__rep0006,Club,0.9068611536602136
homosapiens_None_2023_None_sikkemalisa_001_d10_1101_2022_03_10_483747THD0014__rep0007,Club,0.9443500434520584
homosapiens_None_2023_None_sikkemalisa_001_d10_1101_2022_03_10_483747THD0014__rep0008,Club,0.8601227039702829
homosapiens_None_2023_None_sikkemalisa_001_d10_1101_2022_03_10_483747THD0014__rep0009,Club,0.8965063847513957
homosapiens_None_2023_None_sikkemalisa_001_d10_1101_2022_03_10_483747THD0014__rep0010,Club,0.9655110552648668
homosapiens_None_2023_None_sikkemalisa_001_d10_1101_2022_03_10_483747THD0014__rep0011,Club,0.8085412524694882
homosapiens_None_2023_None_sikkemalisa_001_d10_1101_2022_03_10_483747THD0014__rep0012,Club,0.9558015472898916
homosapiens_None_2023_None_sikkemalisa_001_d10_1101_2022_03_10_483747THD0014__rep0013,Club,0.8963085850138268
homosapiens_None_2023_None_sikkemalisa_001_d10_1101_2022_03_10_483747THD0014__rep0014,Club,0.9196203561620764
homosapiens_None_2023_None_sikkemalisa_001_d10_1101_2022_03_10_483747VUHD071__rep0000,Club,0.7903866032269935
homosapiens_None_2023_None_sikkemalisa_001_d10_1101_2022_03_10_483747VUHD071__rep0002,Club,0.9250285505963594
homosapiens_None_2023_None_sikkemalisa_001_d10_1101_2022_03_10_483747VUHD071__rep0003,Club,0.8276251187574021
homosapiens_None_2023_None_sikkemalisa_001_d10_1101_2022_03_10_483747VUHD071__rep0004,Club,0.9373864083734516
homosapiens_None_2023_None_sikkemalisa_001_d10_1101_2022_03_10_483747VUHD071__rep0005,Club,0.926841456681839
homosapiens_None_2023_None_sikkemalisa_001_d10_1101_2022_03_10_483747VUHD071__rep0006,Club,0.8836497529405982
homosapiens_None_2023_None_sikkemalisa_001_d10_1101_2022_03_10_483747VUHD071__rep0007,Club,0.9027604230490546
homosapiens_None_2023_None_sikkemalisa_001_d10_1101_2022_03_10_483747VUHD071__rep0008,Club,0.8860605895648757
homosapiens_None_2023_None_sikkemalisa_001_d10_1101_2022_03_10_483747VUHD071__rep0009,Club,0.9306454928040616
homosapiens_None_2023_None_sikkemalisa_001_d10_1101_2022_03_10_483747VUHD071__rep0010,Club,0.8194717981123567
homosapiens_None_2023_None_sikkemalisa_001_d10_1101_2022_03_10_483747VUHD071__rep0011,Club,0.9494366489030984
homosapiens_None_2023_None_sikkemalisa_001_d10_1101_2022_03_10_483747VUHD071__rep0012,Club,0.9217154953323404
homosapiens_None_2023_None_sikkemalisa_001_d10_1101_2022_03_10_483747VUHD071__rep0013,Club,0.8780092001710602
homosapiens_None_2023_None_sikkemalisa_001_d10_1101_2022_03_10_483747VUHD071__rep0014,Club,0.9577216670760856
homosapiens_None_2023_None_sikkemalisa_001_d10_1101_2022_03_10_483747VUHD103__rep0000,Club,0.8217893739845692
homosapiens_None_2023_None_sikkemalisa_001_d10_1101_2022_03_10_483747VUHD103__rep0001,Club,0.9017672357260788
homosapiens_None_2023_None_sikkemalisa_001_d10_1101_2022_03_10_483747VUHD103__rep0002,Club,0.9755908771587366
homosapiens_None_2023_None_sikkemalisa_001_d10_1101_2022_03_10_483747VUHD103__rep0003,Club,0.7559230131583227
homosapiens_None_2023_None_sikkemalisa_001_d10_1101_2022_03_10_483747VUHD103__rep0004,Club,0.9372796769686348
homosapiens_None_2023_None_sikkemalisa_001_d10_1101_2022_03_10_483747VUHD103__rep0005,Club,0.9739035885001762
homosapiens_None_2023_None_sikkemalisa_001_d10_1101_2022_03_10_483747VUHD103__rep0006,Club,0.8619426691439886
homosapiens_None_2023_None_sikkemalisa_001_d10_1101_2022_03_10_483747VUHD103__rep0007,Club,0.9399193397278752
homosapiens_None_2023_None_sikkemalisa_001_d10_1101_2022_03_10_483747VUHD103__rep0008,Club,0.9734020617812404
homosapiens_None_2023_None_sikkemalisa_001_d10_1101_2022_03_10_483747VUHD103__rep0009,Club,0.9697397299136084
homosapiens_None_2023_None_sikkemalisa_001_d10_1101_2022_03_10_483747VUHD103__rep0011,Club,0.8677583453915134
homosapiens_None_2023_None_sikkemalisa_001_d10_1101_2022_03_10_483747VUHD103__rep0013,Club,0.9294879688817002
homosapiens_None_2023_None_sikkemalisa_001_d10_1101_2022_03_10_483747VUHD103__rep0014,Club,0.876844032939792
homosapiens_None_2023_None_sikkemalisa_001_d10_1101_2022_03_10_483747VUHD85__rep0001,Club,0.9646871440295086
homosapiens_None_2023_None_sikkemalisa_001_d10_1101_2022_03_10_483747VUHD85__rep0002,Club,0.8701890204503331
homosapiens_None_2023_None_sikkemalisa_001_d10_1101_2022_03_10_483747VUHD85__rep0004,Club,0.7799543778487614
homosapiens_None_2023_None_sikkemalisa_001_d10_1101_2022_03_10_483747VUHD85__rep0006,Club,0.9575835066772094
homosapiens_None_2023_None_sikkemalisa_001_d10_1101_2022_03_10_483747VUHD85__rep0007,Club,0.9336332934233638
homosapiens_None_2023_None_sikkemalisa_001_d10_1101_2022_03_10_483747VUHD85__rep0008,Club,0.9744412748438774
homosapiens_None_2023_None_sikkemalisa_001_d10_1101_2022_03_10_483747VUHD85__rep0009,Club,0.9504586444374876
homosapiens_None_2023_None_sikkemalisa_001_d10_1101_2022_03_10_483747VUHD85__rep0010,Club,0.9745402352721828
homosapiens_None_2023_None_sikkemalisa_001_d10_1101_2022_03_10_483747VUHD85__rep0011,Club,0.9623575779475404
homosapiens_None_2023_None_sikkemalisa_001_d10_1101_2022_03_10_483747VUHD85__rep0012,Club,0.9506252061056673
homosapiens_None_2023_None_sikkemalisa_001_d10_1101_2022_03_10_483747VUHD85__rep0013,Club,0.878597969387727
homosapiens_None_2023_None_sikkemalisa_001_d10_1101_2022_03_10_483747VUHD85__rep0014,Club,0.963981449523644
homosapiens_None_2023_None_sikkemalisa_001_d10_1101_2022_03_10_483747THD0007__rep0001,Fibroblasts PLIN2+,0.8399905834427116
homosapiens_None_2023_None_sikkemalisa_001_d10_1101_2022_03_10_483747THD0007__rep0002,Fibroblasts PLIN2+,0.9331176150194004
homosapiens_None_2023_None_sikkemalisa_001_d10_1101_2022_03_10_483747THD0007__rep0003,Fibroblasts PLIN2+,0.9689698548246805
homosapiens_None_2023_None_sikkemalisa_001_d10_1101_2022_03_10_483747THD0007__rep0004,Fibroblasts PLIN2+,0.9502894381951044
homosapiens_None_2023_None_sikkemalisa_001_d10_1101_2022_03_10_483747THD0007__rep0006,Fibroblasts PLIN2+,0.975538146810672
homosapiens_None_2023_None_sikkemalisa_001_d10_1101_2022_03_10_483747THD0007__rep0007,Fibroblasts PLIN2+,0.9574826329396446
homosapiens_None_2023_None_sikkemalisa_001_d10_1101_2022_03_10_483747THD0007__rep0008,Fibroblasts PLIN2+,0.9790541304036042
homosapiens_None_2023_None_sikkemalisa_001_d10_1101_2022_03_10_483747THD0007__rep0009,Fibroblasts PLIN2+,0.9724188409317042
homosapiens_None_2023_None_sikkemalisa_001_d10_1101_2022_03_10_483747THD0007__rep0010,Fibroblasts PLIN2+,0.9730784890395272
homosapiens_None_2023_None_sikkemalisa_001_d10_1101_2022_03_10_483747THD0007__rep0011,Fibroblasts PLIN2+,0.9675645535024726
homosapiens_None_2023_None_sikkemalisa_001_d10_1101_2022_03_10_483747THD0007__rep0012,Fibroblasts PLIN2+,0.972902012268132
homosapiens_None_2023_None_sikkemalisa_001_d10_1101_2022_03_10_483747THD0007__rep0014,Fibroblasts PLIN2+,0.9017983486130758
homosapiens_None_2023_None_sikkemalisa_001_d10_1101_2022_03_10_483747THD0014__rep0001,Fibroblasts PLIN2+,0.9704430128862268
homosapiens_None_2023_None_sikkemalisa_001_d10_1101_2022_03_10_483747THD0014__rep0002,Fibroblasts PLIN2+,0.9774154384292714
homosapiens_None_2023_None_sikkemalisa_001_d10_1101_2022_03_10_483747THD0014__rep0003,Fibroblasts PLIN2+,0.973595420706073
homosapiens_None_2023_None_sikkemalisa_001_d10_1101_2022_03_10_483747THD0014__rep0004,Fibroblasts PLIN2+,0.9644808258097184
homosapiens_None_2023_None_sikkemalisa_001_d10_1101_2022_03_10_483747THD0014__rep0005,Fibroblasts PLIN2+,0.9543653211377924
homosapiens_None_2023_None_sikkemalisa_001_d10_1101_2022_03_10_483747THD0014__rep0006,Fibroblasts PLIN2+,0.9707668457464294
homosapiens_None_2023_None_sikkemalisa_001_d10_1101_2022_03_10_483747THD0014__rep0007,Fibroblasts PLIN2+,0.9544242464343374
homosapiens_None_2023_None_sikkemalisa_001_d10_1101_2022_03_10_483747THD0014__rep0008,Fibroblasts PLIN2+,0.9398995871523212
homosapiens_None_2023_None_sikkemalisa_001_d10_1101_2022_03_10_483747THD0014__rep0009,Fibroblasts PLIN2+,0.9568000372071914
homosapiens_None_2023_None_sikkemalisa_001_d10_1101_2022_03_10_483747THD0014__rep0010,Fibroblasts PLIN2+,0.9704896151591308
homosapiens_None_2023_None_sikkemalisa_001_d10_1101_2022_03_10_483747THD0014__rep0011,Fibroblasts PLIN2+,0.9707711567978616
homosapiens_None_2023_None_sikkemalisa_001_d10_1101_2022_03_10_483747THD0014__rep0014,Fibroblasts PLIN2+,0.971335127086868
homosapiens_None_2023_None_sikkemalisa_001_d10_1101_2022_03_10_483747VUHD103__rep0000,Fibroblasts PLIN2+,0.9184961131631874
homosapiens_None_2023_None_sikkemalisa_001_d10_1101_2022_03_10_483747VUHD103__rep0001,Fibroblasts PLIN2+,0.9432985544949096
homosapiens_None_2023_None_sikkemalisa_001_d10_1101_2022_03_10_483747VUHD103__rep0002,Fibroblasts PLIN2+,0.9300685229409624
homosapiens_None_2023_None_sikkemalisa_001_d10_1101_2022_03_10_483747VUHD103__rep0003,Fibroblasts PLIN2+,0.6842839555269546
homosapiens_None_2023_None_sikkemalisa_001_d10_1101_2022_03_10_483747VUHD103__rep0004,Fibroblasts PLIN2+,0.9545033738345176
homosapiens_None_2023_None_sikkemalisa_001_d10_1101_2022_03_10_483747VUHD103__rep0005,Fibroblasts PLIN2+,0.8121339062440376
homosapiens_None_2023_None_sikkemalisa_001_d10_1101_2022_03_10_483747VUHD103__rep0006,Fibroblasts PLIN2+,0.974654865189435
homosapiens_None_2023_None_sikkemalisa_001_d10_1101_2022_03_10_483747VUHD103__rep0007,Fibroblasts PLIN2+,0.9616216198397278
homosapiens_None_2023_None_sikkemalisa_001_d10_1101_2022_03_10_483747VUHD103__rep0009,Fibroblasts PLIN2+,0.9510353972865602
homosapiens_None_2023_None_sikkemalisa_001_d10_1101_2022_03_10_483747VUHD103__rep0010,Fibroblasts PLIN2+,0.97267323212002
homosapiens_None_2023_None_sikkemalisa_001_d10_1101_2022_03_10_483747VUHD103__rep0011,Fibroblasts PLIN2+,0.965028955547834
homosapiens_None_2023_None_sikkemalisa_001_d10_1101_2022_03_10_483747VUHD103__rep0012,Fibroblasts PLIN2+,0.9458546411633256
homosapiens_None_2023_None_sikkemalisa_001_d10_1101_2022_03_10_483747VUHD103__rep0013,Fibroblasts PLIN2+,0.882613728447571
homosapiens_None_2023_None_sikkemalisa_001_d10_1101_2022_03_10_483747VUHD103__rep0014,Fibroblasts PLIN2+,0.9744261949969713
homosapiens_None_2023_None_sikkemalisa_001_d10_1101_2022_03_10_483747THD0007__rep0000,B cells,0.88877332706736
homosapiens_None_2023_None_sikkemalisa_001_d10_1101_2022_03_10_483747THD0007__rep0001,B cells,0.8675860106190669
homosapiens_None_2023_None_sikkemalisa_001_d10_1101_2022_03_10_483747THD0007__rep0002,B cells,0.9063547598976004
homosapiens_None_2023_None_sikkemalisa_001_d10_1101_2022_03_10_483747THD0007__rep0003,B cells,0.8436393578402772
homosapiens_None_2023_None_sikkemalisa_001_d10_1101_2022_03_10_483747THD0007__rep0004,B cells,0.8597019256680992
homosapiens_None_2023_None_sikkemalisa_001_d10_1101_2022_03_10_483747THD0007__rep0005,B cells,0.8441704404448225
homosapiens_None_2023_None_sikkemalisa_001_d10_1101_2022_03_10_483747THD0007__rep0006,B cells,0.8900072730779716
homosapiens_None_2023_None_sikkemalisa_001_d10_1101_2022_03_10_483747THD0007__rep0007,B cells,0.8723360878662266
homosapiens_None_2023_None_sikkemalisa_001_d10_1101_2022_03_10_483747THD0007__rep0008,B cells,0.8165465425821867
homosapiens_None_2023_None_sikkemalisa_001_d10_1101_2022_03_10_483747THD0007__rep0009,B cells,0.7828411116643723
homosapiens_None_2023_None_sikkemalisa_001_d10_1101_2022_03_10_483747THD0007__rep0010,B cells,0.8909168515939163
homosapiens_None_2023_None_sikkemalisa_001_d10_1101_2022_03_10_483747THD0007__rep0012,B cells,0.5174793964186808
homosapiens_None_2023_None_sikkemalisa_001_d10_1101_2022_03_10_483747THD0007__rep0013,B cells,0.8642708682630886
homosapiens_None_2023_None_sikkemalisa_001_d10_1101_2022_03_10_483747THD0007__rep0014,B cells,0.8726744266978304
homosapiens_None_2023_None_sikkemalisa_001_d10_1101_2022_03_10_483747VUHD071__rep0000,B cells,0.8402357061047792
homosapiens_None_2023_None_sikkemalisa_001_d10_1101_2022_03_10_483747VUHD071__rep0001,B cells,0.8246469908592727
homosapiens_None_2023_None_sikkemalisa_001_d10_1101_2022_03_10_483747VUHD071__rep0002,B cells,0.821747640545955
homosapiens_None_2023_None_sikkemalisa_001_d10_1101_2022_03_10_483747VUHD071__rep0003,B cells,0.8287186182318204
homosapiens_None_2023_None_sikkemalisa_001_d10_1101_2022_03_10_483747VUHD071__rep0004,B cells,0.8429371165955456
homosapiens_None_2023_None_sikkemalisa_001_d10_1101_2022_03_10_483747VUHD071__rep0005,B cells,0.84200564780864
homosapiens_None_2023_None_sikkemalisa_001_d10_1101_2022_03_10_483747VUHD071__rep0006,B cells,0.8374071840800492
homosapiens_None_2023_None_sikkemalisa_001_d10_1101_2022_03_10_483747VUHD071__rep0007,B cells,0.8365086506064057
homosapiens_None_2023_None_sikkemalisa_001_d10_1101_2022_03_10_483747VUHD071__rep0008,B cells,0.8214499513885989
homosapiens_None_2023_None_sikkemalisa_001_d10_1101_2022_03_10_483747VUHD071__rep0009,B cells,0.8422953361573148
homosapiens_None_2023_None_sikkemalisa_001_d10_1101_2022_03_10_483747VUHD071__rep0010,B cells,0.8264837410247727
homosapiens_None_2023_None_sikkemalisa_001_d10_1101_2022_03_10_483747VUHD071__rep0011,B cells,0.5718615153597857
homosapiens_None_2023_None_sikkemalisa_001_d10_1101_2022_03_10_483747VUHD071__rep0013,B cells,0.8504684038500865
homosapiens_None_2023_None_sikkemalisa_001_d10_1101_2022_03_10_483747VUHD071__rep0014,B cells,0.8048213990734701
homosapiens_None_2023_None_sikkemalisa_001_d10_1101_2022_03_10_483747VUHD69__rep0000,B cells,0.961547652648798
homosapiens_None_2023_None_sikkemalisa_001_d10_1101_2022_03_10_483747VUHD69__rep0001,B cells,0.9683224193373724
homosapiens_None_2023_None_sikkemalisa_001_d10_1101_2022_03_10_483747VUHD69__rep0002,B cells,0.9018769417424056
homosapiens_None_2023_None_sikkemalisa_001_d10_1101_2022_03_10_483747VUHD69__rep0003,B cells,0.9663590244606836
homosapiens_None_2023_None_sikkemalisa_001_d10_1101_2022_03_10_483747VUHD69__rep0004,B cells,0.9673709248337152
homosapiens_None_2023_None_sikkemalisa_001_d10_1101_2022_03_10_483747VUHD69__rep0005,B cells,0.884616640119964
homosapiens_None_2023_None_sikkemalisa_001_d10_1101_2022_03_10_483747VUHD69__rep0006,B cells,0.9487740942354914
homosapiens_None_2023_None_sikkemalisa_001_d10_1101_2022_03_10_483747VUHD69__rep0007,B cells,0.9574193743278672
homosapiens_None_2023_None_sikkemalisa_001_d10_1101_2022_03_10_483747VUHD69__rep0008,B cells,0.9649671958949896
homosapiens_None_2023_None_sikkemalisa_001_d10_1101_2022_03_10_483747VUHD69__rep0009,B cells,0.9711382699454578
homosapiens_None_2023_None_sikkemalisa_001_d10_1101_2022_03_10_483747VUHD69__rep0010,B cells,0.8619017807033604
homosapiens_None_2023_None_sikkemalisa_001_d10_1101_2022_03_10_483747VUHD69__rep0011,B cells,0.9389158055223836
homosapiens_None_2023_None_sikkemalisa_001_d10_1101_2022_03_10_483747VUHD69__rep0012,B cells,0.813348015893043
homosapiens_None_2023_None_sikkemalisa_001_d10_1101_2022_03_10_483747VUHD69__rep0013,B cells,0.9639517064610568
homosapiens_None_2023_None_sikkemalisa_001_d10_1101_2022_03_10_483747VUHD69__rep0014,B cells,0.9670653255272073
homosapiens_None_2023_None_sikkemalisa_001_d10_1101_2022_03_10_483747THD0007__rep0000,Macrophages SPP1 high,0.969350950874536
homosapiens_None_2023_None_sikkemalisa_001_d10_1101_2022_03_10_483747THD0007__rep0001,Macrophages SPP1 high,0.9579229690510368
homosapiens_None_2023_None_sikkemalisa_001_d10_1101_2022_03_10_483747THD0007__rep0002,Macrophages SPP1 high,0.9415982793138916
homosapiens_None_2023_None_sikkemalisa_001_d10_1101_2022_03_10_483747THD0007__rep0003,Macrophages SPP1 high,0.789882377398609
homosapiens_None_2023_None_sikkemalisa_001_d10_1101_2022_03_10_483747THD0007__rep0004,Macrophages SPP1 high,0.9684035221312453
homosapiens_None_2023_None_sikkemalisa_001_d10_1101_2022_03_10_483747THD0007__rep0005,Macrophages SPP1 high,0.9311073677045552
homosapiens_None_2023_None_sikkemalisa_001_d10_1101_2022_03_10_483747THD0007__rep0006,Macrophages SPP1 high,0.9672927910748716
homosapiens_None_2023_None_sikkemalisa_001_d10_1101_2022_03_10_483747THD0007__rep0007,Macrophages SPP1 high,0.9445132503361372
homosapiens_None_2023_None_sikkemalisa_001_d10_1101_2022_03_10_483747THD0007__rep0008,Macrophages SPP1 high,0.9590294586356258
homosapiens_None_2023_None_sikkemalisa_001_d10_1101_2022_03_10_483747THD0007__rep0011,Macrophages SPP1 high,0.8627803956839186
homosapiens_None_2023_None_sikkemalisa_001_d10_1101_2022_03_10_483747THD0007__rep0012,Macrophages SPP1 high,0.961195216850607
homosapiens_None_2023_None_sikkemalisa_001_d10_1101_2022_03_10_483747THD0007__rep0013,Macrophages SPP1 high,0.959841269855366
homosapiens_None_2023_None_sikkemalisa_001_d10_1101_2022_03_10_483747THD0007__rep0014,Macrophages SPP1 high,0.97191363987564
homosapiens_None_2023_None_sikkemalisa_001_d10_1101_2022_03_10_483747THD0014__rep0000,Macrophages SPP1 high,0.9437701264781702
homosapiens_None_2023_None_sikkemalisa_001_d10_1101_2022_03_10_483747THD0014__rep0001,Macrophages SPP1 high,0.9607030983450474
homosapiens_None_2023_None_sikkemalisa_001_d10_1101_2022_03_10_483747THD0014__rep0002,Macrophages SPP1 high,0.9452600429617506
homosapiens_None_2023_None_sikkemalisa_001_d10_1101_2022_03_10_483747THD0014__rep0003,Macrophages SPP1 high,0.9037698467843018
homosapiens_None_2023_None_sikkemalisa_001_d10_1101_2022_03_10_483747THD0014__rep0004,Macrophages SPP1 high,0.9611989126067076
homosapiens_None_2023_None_sikkemalisa_001_d10_1101_2022_03_10_483747THD0014__rep0006,Macrophages SPP1 high,0.9401451761756772
homosapiens_None_2023_None_sikkemalisa_001_d10_1101_2022_03_10_483747THD0014__rep0007,Macrophages SPP1 high,0.9210495165645304
homosapiens_None_2023_None_sikkemalisa_001_d10_1101_2022_03_10_483747THD0014__rep0008,Macrophages SPP1 high,0.9418977778784736
homosapiens_None_2023_None_sikkemalisa_001_d10_1101_2022_03_10_483747THD0014__rep0009,Macrophages SPP1 high,0.941544596352638
homosapiens_None_2023_None_sikkemalisa_001_d10_1101_2022_03_10_483747THD0014__rep0011,Macrophages SPP1 high,0.8501695441760265
homosapiens_None_2023_None_sikkemalisa_001_d10_1101_2022_03_10_483747THD0014__rep0012,Macrophages SPP1 high,0.9432451321454948
homosapiens_None_2023_None_sikkemalisa_001_d10_1101_2022_03_10_483747THD0014__rep0013,Macrophages SPP1 high,0.9289278343452728
homosapiens_None_2023_None_sikkemalisa_001_d10_1101_2022_03_10_483747VUHD071__rep0000,Macrophages SPP1 high,0.960249045698604
homosapiens_None_2023_None_sikkemalisa_001_d10_1101_2022_03_10_483747VUHD071__rep0001,Macrophages SPP1 high,0.9103475411198476
homosapiens_None_2023_None_sikkemalisa_001_d10_1101_2022_03_10_483747VUHD071__rep0002,Macrophages SPP1 high,0.978409464578415
homosapiens_None_2023_None_sikkemalisa_001_d10_1101_2022_03_10_483747VUHD071__rep0003,Macrophages SPP1 high,0.952965035272554
homosapiens_None_2023_None_sikkemalisa_001_d10_1101_2022_03_10_483747VUHD071__rep0004,Macrophages SPP1 high,0.978677580462968
homosapiens_None_2023_None_sikkemalisa_001_d10_1101_2022_03_10_483747VUHD071__rep0005,Macrophages SPP1 high,0.9762793066432722
homosapiens_None_2023_None_sikkemalisa_001_d10_1101_2022_03_10_483747VUHD071__rep0006,Macrophages SPP1 high,0.9729022176467128
homosapiens_None_2023_None_sikkemalisa_001_d10_1101_2022_03_10_483747VUHD071__rep0007,Macrophages SPP1 high,0.9613557057710312
homosapiens_None_2023_None_sikkemalisa_001_d10_1101_2022_03_10_483747VUHD071__rep0008,Macrophages SPP1 high,0.9787562744350892
homosapiens_None_2023_None_sikkemalisa_001_d10_1101_2022_03_10_483747VUHD071__rep0010,Macrophages SPP1 high,0.9793208506349876
homosapiens_None_2023_None_sikkemalisa_001_d10_1101_2022_03_10_483747VUHD071__rep0011,Macrophages SPP1 high,0.9768271487522822
homosapiens_None_2023_None_sikkemalisa_001_d10_1101_2022_03_10_483747VUHD071__rep0012,Macrophages SPP1 high,0.9200026414396963
homosapiens_None_2023_None_sikkemalisa_001_d10_1101_2022_03_10_483747VUHD071__rep0013,Macrophages SPP1 high,0.889634470721274
homosapiens_None_2023_None_sikkemalisa_001_d10_1101_2022_03_10_483747VUHD071__rep0014,Macrophages SPP1 high,0.950446036375165
homosapiens_None_2023_None_sikkemalisa_001_d10_1101_2022_03_10_483747VUHD077__rep0000,Macrophages SPP1 high,0.9187731166447362
homosapiens_None_2023_None_sikkemalisa_001_d10_1101_2022_03_10_483747VUHD077__rep0001,Macrophages SPP1 high,0.927774189190724
homosapiens_None_2023_None_sikkemalisa_001_d10_1101_2022_03_10_483747VUHD077__rep0002,Macrophages SPP1 high,0.9034211762479396
homosapiens_None_2023_None_sikkemalisa_001_d10_1101_2022_03_10_483747VUHD077__rep0003,Macrophages SPP1 high,0.6759382133961689
homosapiens_None_2023_None_sikkemalisa_001_d10_1101_2022_03_10_483747VUHD077__rep0004,Macrophages SPP1 high,0.946722607388078
homosapiens_None_2023_None_sikkemalisa_001_d10_1101_2022_03_10_483747VUHD077__rep0005,Macrophages SPP1 high,0.9508180770844236
homosapiens_None_2023_None_sikkemalisa_001_d10_1101_2022_03_10_483747VUHD077__rep0007,Macrophages SPP1 high,0.9303826156512676
homosapiens_None_2023_None_sikkemalisa_001_d10_1101_2022_03_10_483747VUHD077__rep0008,Macrophages SPP1 high,0.929291687537976
homosapiens_None_2023_None_sikkemalisa_001_d10_1101_2022_03_10_483747VUHD077__rep0009,Macrophages SPP1 high,0.9292710856806948
homosapiens_None_2023_None_sikkemalisa_001_d10_1101_2022_03_10_483747VUHD077__rep0010,Macrophages SPP1 high,0.9495952155815612
homosapiens_None_2023_None_sikkemalisa_001_d10_1101_2022_03_10_483747VUHD077__rep0011,Macrophages SPP1 high,0.928445345520348
homosapiens_None_2023_None_sikkemalisa_001_d10_1101_2022_03_10_483747VUHD077__rep0012,Macrophages SPP1 high,0.9057834973289808
homosapiens_None_2023_None_sikkemalisa_001_d10_1101_2022_03_10_483747VUHD077__rep0013,Macrophages SPP1 high,0.9192588149628722
homosapiens_None_2023_None_sikkemalisa_001_d10_1101_2022_03_10_483747VUHD103__rep0000,Macrophages SPP1 high,0.9756560182877412
homosapiens_None_2023_None_sikkemalisa_001_d10_1101_2022_03_10_483747VUHD103__rep0001,Macrophages SPP1 high,0.9437677211742612
homosapiens_None_2023_None_sikkemalisa_001_d10_1101_2022_03_10_483747VUHD103__rep0002,Macrophages SPP1 high,0.9609380117945282
homosapiens_None_2023_None_sikkemalisa_001_d10_1101_2022_03_10_483747VUHD103__rep0004,Macrophages SPP1 high,0.9240632719511696
homosapiens_None_2023_None_sikkemalisa_001_d10_1101_2022_03_10_483747VUHD103__rep0005,Macrophages SPP1 high,0.9604977958504868
homosapiens_None_2023_None_sikkemalisa_001_d10_1101_2022_03_10_483747VUHD103__rep0006,Macrophages SPP1 high,0.97135592360667
homosapiens_None_2023_None_sikkemalisa_001_d10_1101_2022_03_10_483747VUHD103__rep0007,Macrophages SPP1 high,0.9765998794696382
homosapiens_None_2023_None_sikkemalisa_001_d10_1101_2022_03_10_483747VUHD103__rep0008,Macrophages SPP1 high,0.9740695414351606
homosapiens_None_2023_None_sikkemalisa_001_d10_1101_2022_03_10_483747VUHD103__rep0009,Macrophages SPP1 high,0.955125358445784
homosapiens_None_2023_None_sikkemalisa_001_d10_1101_2022_03_10_483747VUHD103__rep0010,Macrophages SPP1 high,0.9129070846343598
homosapiens_None_2023_None_sikkemalisa_001_d10_1101_2022_03_10_483747VUHD103__rep0011,Macrophages SPP1 high,0.9719835823885652
homosapiens_None_2023_None_sikkemalisa_001_d10_1101_2022_03_10_483747VUHD103__rep0012,Macrophages SPP1 high,0.8464903046706982
homosapiens_None_2023_None_sikkemalisa_001_d10_1101_2022_03_10_483747VUHD103__rep0013,Macrophages SPP1 high,0.8129358197457607
homosapiens_None_2023_None_sikkemalisa_001_d10_1101_2022_03_10_483747VUHD69__rep0000,Macrophages SPP1 high,0.9556342757718748
homosapiens_None_2023_None_sikkemalisa_001_d10_1101_2022_03_10_483747VUHD69__rep0001,Macrophages SPP1 high,0.9638308930399846
homosapiens_None_2023_None_sikkemalisa_001_d10_1101_2022_03_10_483747VUHD69__rep0002,Macrophages SPP1 high,0.9448642548492794
homosapiens_None_2023_None_sikkemalisa_001_d10_1101_2022_03_10_483747VUHD69__rep0003,Macrophages SPP1 high,0.9664440355809724
homosapiens_None_2023_None_sikkemalisa_001_d10_1101_2022_03_10_483747VUHD69__rep0005,Macrophages SPP1 high,0.9527982970657576
homosapiens_None_2023_None_sikkemalisa_001_d10_1101_2022_03_10_483747VUHD69__rep0006,Macrophages SPP1 high,0.904008693588254
homosapiens_None_2023_None_sikkemalisa_001_d10_1101_2022_03_10_483747VUHD69__rep0007,Macrophages SPP1 high,0.9312727732623356
homosapiens_None_2023_None_sikkemalisa_001_d10_1101_2022_03_10_483747VUHD69__rep0008,Macrophages SPP1 high,0.9568656340758142
homosapiens_None_2023_None_sikkemalisa_001_d10_1101_2022_03_10_483747VUHD69__rep0009,Macrophages SPP1 high,0.947798612593382
homosapiens_None_2023_None_sikkemalisa_001_d10_1101_2022_03_10_483747VUHD69__rep0010,Macrophages SPP1 high,0.9309664170180956
homosapiens_None_2023_None_sikkemalisa_001_d10_1101_2022_03_10_483747VUHD69__rep0011,Macrophages SPP1 high,0.93513349831775
homosapiens_None_2023_None_sikkemalisa_001_d10_1101_2022_03_10_483747VUHD69__rep0012,Macrophages SPP1 high,0.9306524551769448
homosapiens_None_2023_None_sikkemalisa_001_d10_1101_2022_03_10_483747VUHD69__rep0013,Macrophages SPP1 high,0.964998374594068
homosapiens_None_2023_None_sikkemalisa_001_d10_1101_2022_03_10_483747VUHD69__rep0014,Macrophages SPP1 high,0.9497845701293226
homosapiens_None_2023_None_sikkemalisa_001_d10_1101_2022_03_10_483747THD0007__rep0000,Activated myofibroblasts,0.9388001135352164
homosapiens_None_2023_None_sikkemalisa_001_d10_1101_2022_03_10_483747THD0007__rep0001,Activated myofibroblasts,0.9048691665841438
homosapiens_None_2023_None_sikkemalisa_001_d10_1101_2022_03_10_483747THD0007__rep0002,Activated myofibroblasts,0.9341623351770544
homosapiens_None_2023_None_sikkemalisa_001_d10_1101_2022_03_10_483747THD0007__rep0003,Activated myofibroblasts,0.929819750872064
homosapiens_None_2023_None_sikkemalisa_001_d10_1101_2022_03_10_483747THD0007__rep0004,Activated myofibroblasts,0.9479608759232844
homosapiens_None_2023_None_sikkemalisa_001_d10_1101_2022_03_10_483747THD0007__rep0005,Activated myofibroblasts,0.961524266834745
homosapiens_None_2023_None_sikkemalisa_001_d10_1101_2022_03_10_483747THD0007__rep0006,Activated myofibroblasts,0.8549652622033647
homosapiens_None_2023_None_sikkemalisa_001_d10_1101_2022_03_10_483747THD0007__rep0007,Activated myofibroblasts,0.9491703280847744
homosapiens_None_2023_None_sikkemalisa_001_d10_1101_2022_03_10_483747THD0007__rep0008,Activated myofibroblasts,0.960335198731533
homosapiens_None_2023_None_sikkemalisa_001_d10_1101_2022_03_10_483747THD0007__rep0009,Activated myofibroblasts,0.9598305871580038
homosapiens_None_2023_None_sikkemalisa_001_d10_1101_2022_03_10_483747THD0007__rep0010,Activated myofibroblasts,0.923013641936635
homosapiens_None_2023_None_sikkemalisa_001_d10_1101_2022_03_10_483747THD0007__rep0011,Activated myofibroblasts,0.9436639422989408
homosapiens_None_2023_None_sikkemalisa_001_d10_1101_2022_03_10_483747THD0007__rep0012,Activated myofibroblasts,0.9457501718717708
homosapiens_None_2023_None_sikkemalisa_001_d10_1101_2022_03_10_483747THD0007__rep0013,Activated myofibroblasts,0.947042512510642
homosapiens_None_2023_None_sikkemalisa_001_d10_1101_2022_03_10_483747THD0007__rep0014,Activated myofibroblasts,0.9445483335246692
homosapiens_None_2023_None_sikkemalisa_001_d10_1101_2022_03_10_483747THD0014__rep0000,Activated myofibroblasts,0.8651747524681579
homosapiens_None_2023_None_sikkemalisa_001_d10_1101_2022_03_10_483747THD0014__rep0001,Activated myofibroblasts,0.9469476558880704
homosapiens_None_2023_None_sikkemalisa_001_d10_1101_2022_03_10_483747THD0014__rep0003,Activated myofibroblasts,0.9504129013011569
homosapiens_None_2023_None_sikkemalisa_001_d10_1101_2022_03_10_483747THD0014__rep0004,Activated myofibroblasts,0.9557569772779434
homosapiens_None_2023_None_sikkemalisa_001_d10_1101_2022_03_10_483747THD0014__rep0005,Activated myofibroblasts,0.954086235839517
homosapiens_None_2023_None_sikkemalisa_001_d10_1101_2022_03_10_483747THD0014__rep0006,Activated myofibroblasts,0.9521814569441114
homosapiens_None_2023_None_sikkemalisa_001_d10_1101_2022_03_10_483747THD0014__rep0007,Activated myofibroblasts,0.8611604056571698
homosapiens_None_2023_None_sikkemalisa_001_d10_1101_2022_03_10_483747THD0014__rep0008,Activated myofibroblasts,0.9424040425731413
homosapiens_None_2023_None_sikkemalisa_001_d10_1101_2022_03_10_483747THD0014__rep0009,Activated myofibroblasts,0.9566904963822492
homosapiens_None_2023_None_sikkemalisa_001_d10_1101_2022_03_10_483747THD0014__rep0010,Activated myofibroblasts,0.9555757620890626
homosapiens_None_2023_None_sikkemalisa_001_d10_1101_2022_03_10_483747THD0014__rep0011,Activated myofibroblasts,0.9472462755087212
homosapiens_None_2023_None_sikkemalisa_001_d10_1101_2022_03_10_483747THD0014__rep0012,Activated myofibroblasts,0.944500920622264
homosapiens_None_2023_None_sikkemalisa_001_d10_1101_2022_03_10_483747THD0014__rep0013,Activated myofibroblasts,0.9415802158568304
homosapiens_None_2023_None_sikkemalisa_001_d10_1101_2022_03_10_483747THD0014__rep0014,Activated myofibroblasts,0.961188804184511
homosapiens_None_2023_None_sikkemalisa_001_d10_1101_2022_03_10_483747VUHD103__rep0000,Activated myofibroblasts,0.8080783498762916
homosapiens_None_2023_None_sikkemalisa_001_d10_1101_2022_03_10_483747VUHD103__rep0001,Activated myofibroblasts,0.9540594860247577
homosapiens_None_2023_None_sikkemalisa_001_d10_1101_2022_03_10_483747VUHD103__rep0002,Activated myofibroblasts,0.9597488852791364
homosapiens_None_2023_None_sikkemalisa_001_d10_1101_2022_03_10_483747VUHD103__rep0003,Activated myofibroblasts,0.9468185910829492
homosapiens_None_2023_None_sikkemalisa_001_d10_1101_2022_03_10_483747VUHD103__rep0004,Activated myofibroblasts,0.9346381012361102
homosapiens_None_2023_None_sikkemalisa_001_d10_1101_2022_03_10_483747VUHD103__rep0005,Activated myofibroblasts,0.9114736607147568
homosapiens_None_2023_None_sikkemalisa_001_d10_1101_2022_03_10_483747VUHD103__rep0006,Activated myofibroblasts,0.9440963447496212
homosapiens_None_2023_None_sikkemalisa_001_d10_1101_2022_03_10_483747VUHD103__rep0008,Activated myofibroblasts,0.7331108537906401
homosapiens_None_2023_None_sikkemalisa_001_d10_1101_2022_03_10_483747VUHD103__rep0009,Activated myofibroblasts,0.9494648445730808
homosapiens_None_2023_None_sikkemalisa_001_d10_1101_2022_03_10_483747VUHD103__rep0010,Activated myofibroblasts,0.7381213696296206
homosapiens_None_2023_None_sikkemalisa_001_d10_1101_2022_03_10_483747VUHD103__rep0011,Activated myofibroblasts,0.9480631391858813
homosapiens_None_2023_None_sikkemalisa_001_d10_1101_2022_03_10_483747VUHD103__rep0012,Activated myofibroblasts,0.952271145241969
homosapiens_None_2023_None_sikkemalisa_001_d10_1101_2022_03_10_483747VUHD103__rep0013,Activated myofibroblasts,0.9107786441587282
homosapiens_None_2023_None_sikkemalisa_001_d10_1101_2022_03_10_483747VUHD103__rep0014,Activated myofibroblasts,0.902040051715178
homosapiens_None_2023_None_sikkemalisa_001_d10_1101_2022_03_10_483747VUHD85__rep0000,Activated myofibroblasts,0.8860968967442676
homosapiens_None_2023_None_sikkemalisa_001_d10_1101_2022_03_10_483747VUHD85__rep0001,Activated myofibroblasts,0.90865283972399
homosapiens_None_2023_None_sikkemalisa_001_d10_1101_2022_03_10_483747VUHD85__rep0002,Activated myofibroblasts,0.9171824779958412
homosapiens_None_2023_None_sikkemalisa_001_d10_1101_2022_03_10_483747VUHD85__rep0003,Activated myofibroblasts,0.9450389910218756
homosapiens_None_2023_None_sikkemalisa_001_d10_1101_2022_03_10_483747VUHD85__rep0004,Activated myofibroblasts,0.9297864192845008
homosapiens_None_2023_None_sikkemalisa_001_d10_1101_2022_03_10_483747VUHD85__rep0005,Activated myofibroblasts,0.941548914941807
homosapiens_None_2023_None_sikkemalisa_001_d10_1101_2022_03_10_483747VUHD85__rep0006,Activated myofibroblasts,0.9504109534687948
homosapiens_None_2023_None_sikkemalisa_001_d10_1101_2022_03_10_483747VUHD85__rep0007,Activated myofibroblasts,0.9363049346901068
homosapiens_None_2023_None_sikkemalisa_001_d10_1101_2022_03_10_483747VUHD85__rep0008,Activated myofibroblasts,0.8538279751734068
homosapiens_None_2023_None_sikkemalisa_001_d10_1101_2022_03_10_483747VUHD85__rep0009,Activated myofibroblasts,0.8018647598641828
homosapiens_None_2023_None_sikkemalisa_001_d10_1101_2022_03_10_483747VUHD85__rep0011,Activated myofibroblasts,0.9314371626443414
homosapiens_None_2023_None_sikkemalisa_001_d10_1101_2022_03_10_483747VUHD85__rep0012,Activated myofibroblasts,0.92424530695904
homosapiens_None_2023_None_sikkemalisa_001_d10_1101_2022_03_10_483747VUHD85__rep0013,Activated myofibroblasts,0.917835374631818
homosapiens_None_2023_None_sikkemalisa_001_d10_1101_2022_03_10_483747VUHD85__rep0014,Activated myofibroblasts,0.9214397496846272
homosapiens_None_2023_None_sikkemalisa_001_d10_1101_2022_03_10_483747VUHD071__rep0001,NK cells,0.8187594622284553
homosapiens_None_2023_None_sikkemalisa_001_d10_1101_2022_03_10_483747VUHD071__rep0002,NK cells,0.864000165212409
homosapiens_None_2023_None_sikkemalisa_001_d10_1101_2022_03_10_483747VUHD071__rep0003,NK cells,0.7792446907269737
homosapiens_None_2023_None_sikkemalisa_001_d10_1101_2022_03_10_483747VUHD071__rep0004,NK cells,0.8440722272525526
homosapiens_None_2023_None_sikkemalisa_001_d10_1101_2022_03_10_483747VUHD071__rep0005,NK cells,0.8856856548194593
homosapiens_None_2023_None_sikkemalisa_001_d10_1101_2022_03_10_483747VUHD071__rep0008,NK cells,0.8693952797214264
homosapiens_None_2023_None_sikkemalisa_001_d10_1101_2022_03_10_483747VUHD071__rep0009,NK cells,0.8332281479028084
homosapiens_None_2023_None_sikkemalisa_001_d10_1101_2022_03_10_483747VUHD071__rep0010,NK cells,0.8380205920348699
homosapiens_None_2023_None_sikkemalisa_001_d10_1101_2022_03_10_483747VUHD071__rep0011,NK cells,0.8709837355917648
homosapiens_None_2023_None_sikkemalisa_001_d10_1101_2022_03_10_483747VUHD071__rep0012,NK cells,0.8388779600433033
homosapiens_None_2023_None_sikkemalisa_001_d10_1101_2022_03_10_483747VUHD071__rep0013,NK cells,0.8225122655889663
homosapiens_None_2023_None_sikkemalisa_001_d10_1101_2022_03_10_483747VUHD071__rep0014,NK cells,0.8562478915959142
homosapiens_None_2023_None_sikkemalisa_001_d10_1101_2022_03_10_483747VUHD103__rep0001,NK cells,0.7274089379721667
homosapiens_None_2023_None_sikkemalisa_001_d10_1101_2022_03_10_483747VUHD103__rep0002,NK cells,0.8167175754728558
homosapiens_None_2023_None_sikkemalisa_001_d10_1101_2022_03_10_483747VUHD103__rep0003,NK cells,0.6799280351776491
homosapiens_None_2023_None_sikkemalisa_001_d10_1101_2022_03_10_483747VUHD103__rep0004,NK cells,0.8265153024066854
homosapiens_None_2023_None_sikkemalisa_001_d10_1101_2022_03_10_483747VUHD103__rep0005,NK cells,0.8279790604145594
homosapiens_None_2023_None_sikkemalisa_001_d10_1101_2022_03_10_483747VUHD103__rep0007,NK cells,0.823801876654273
homosapiens_None_2023_None_sikkemalisa_001_d10_1101_2022_03_10_483747VUHD103__rep0008,NK cells,0.8019975518074391
homosapiens_None_2023_None_sikkemalisa_001_d10_1101_2022_03_10_483747VUHD103__rep0009,NK cells,0.6695915796296396
homosapiens_None_2023_None_sikkemalisa_001_d10_1101_2022_03_10_483747VUHD103__rep0011,NK cells,0.8130815850209469
homosapiens_None_2023_None_sikkemalisa_001_d10_1101_2022_03_10_483747VUHD103__rep0012,NK cells,0.7938659140964897
homosapiens_None_2023_None_sikkemalisa_001_d10_1101_2022_03_10_483747VUHD103__rep0013,NK cells,0.7151577234596481
homosapiens_None_2023_None_sikkemalisa_001_d10_1101_2022_03_10_483747VUHD103__rep0014,NK cells,0.8042893317713263
homosapiens_None_2023_None_sikkemalisa_001_d10_1101_2022_03_10_483747VUHD69__rep0000,NK cells,0.9672157560023614
homosapiens_None_2023_None_sikkemalisa_001_d10_1101_2022_03_10_483747VUHD69__rep0001,NK cells,0.8987430679061446
homosapiens_None_2023_None_sikkemalisa_001_d10_1101_2022_03_10_483747VUHD69__rep0002,NK cells,0.9584014594502062
homosapiens_None_2023_None_sikkemalisa_001_d10_1101_2022_03_10_483747VUHD69__rep0003,NK cells,0.921214995521449
homosapiens_None_2023_None_sikkemalisa_001_d10_1101_2022_03_10_483747VUHD69__rep0004,NK cells,0.8537530128315352
homosapiens_None_2023_None_sikkemalisa_001_d10_1101_2022_03_10_483747VUHD69__rep0005,NK cells,0.8894480010827335
homosapiens_None_2023_None_sikkemalisa_001_d10_1101_2022_03_10_483747VUHD69__rep0006,NK cells,0.8978926531712211
homosapiens_None_2023_None_sikkemalisa_001_d10_1101_2022_03_10_483747VUHD69__rep0007,NK cells,0.9875018806731636
homosapiens_None_2023_None_sikkemalisa_001_d10_1101_2022_03_10_483747VUHD69__rep0008,NK cells,0.929230670233617
homosapiens_None_2023_None_sikkemalisa_001_d10_1101_2022_03_10_483747VUHD69__rep0009,NK cells,0.9409259142081148
homosapiens_None_2023_None_sikkemalisa_001_d10_1101_2022_03_10_483747VUHD69__rep0010,NK cells,0.980305659659588
homosapiens_None_2023_None_sikkemalisa_001_d10_1101_2022_03_10_483747VUHD69__rep0011,NK cells,0.9676535037692646
homosapiens_None_2023_None_sikkemalisa_001_d10_1101_2022_03_10_483747VUHD69__rep0013,NK cells,0.9815625469914316
homosapiens_None_2023_None_sikkemalisa_001_d10_1101_2022_03_10_483747VUHD69__rep0014,NK cells,0.983907839564879
homosapiens_None_2023_None_sikkemalisa_001_d10_1101_2022_03_10_483747THD0007__rep0000,DC1,0.9514636349223662
homosapiens_None_2023_None_sikkemalisa_001_d10_1101_2022_03_10_483747THD0007__rep0001,DC1,0.933338629454176
homosapiens_None_2023_None_sikkemalisa_001_d10_1101_2022_03_10_483747THD0007__rep0002,DC1,0.8943617809448298
homosapiens_None_2023_None_sikkemalisa_001_d10_1101_2022_03_10_483747THD0007__rep0003,DC1,0.8760703299745148
homosapiens_None_2023_None_sikkemalisa_001_d10_1101_2022_03_10_483747THD0007__rep0004,DC1,0.9135946482122352
homosapiens_None_2023_None_sikkemalisa_001_d10_1101_2022_03_10_483747THD0007__rep0006,DC1,0.9484906793924373
homosapiens_None_2023_None_sikkemalisa_001_d10_1101_2022_03_10_483747THD0007__rep0007,DC1,0.9482351565669602
homosapiens_None_2023_None_sikkemalisa_001_d10_1101_2022_03_10_483747THD0007__rep0008,DC1,0.922008160210836
homosapiens_None_2023_None_sikkemalisa_001_d10_1101_2022_03_10_483747THD0007__rep0009,DC1,0.9285738505378268
homosapiens_None_2023_None_sikkemalisa_001_d10_1101_2022_03_10_483747THD0007__rep0010,DC1,0.9339177635834696
homosapiens_None_2023_None_sikkemalisa_001_d10_1101_2022_03_10_483747THD0007__rep0011,DC1,0.9644640460737696
homosapiens_None_2023_None_sikkemalisa_001_d10_1101_2022_03_10_483747THD0007__rep0012,DC1,0.9359376425432472
homosapiens_None_2023_None_sikkemalisa_001_d10_1101_2022_03_10_483747THD0007__rep0014,DC1,0.8810712496124495
homosapiens_None_2023_None_sikkemalisa_001_d10_1101_2022_03_10_483747THD0014__rep0000,DC1,0.9299717410585068
homosapiens_None_2023_None_sikkemalisa_001_d10_1101_2022_03_10_483747THD0014__rep0001,DC1,0.9026735189334688
homosapiens_None_2023_None_sikkemalisa_001_d10_1101_2022_03_10_483747THD0014__rep0002,DC1,0.8921018558642491
homosapiens_None_2023_None_sikkemalisa_001_d10_1101_2022_03_10_483747THD0014__rep0003,DC1,0.8890090948136842
homosapiens_None_2023_None_sikkemalisa_001_d10_1101_2022_03_10_483747THD0014__rep0004,DC1,0.6168758195166437
homosapiens_None_2023_None_sikkemalisa_001_d10_1101_2022_03_10_483747THD0014__rep0005,DC1,0.7325024439544207
homosapiens_None_2023_None_sikkemalisa_001_d10_1101_2022_03_10_483747THD0014__rep0006,DC1,0.931980083535214
homosapiens_None_2023_None_sikkemalisa_001_d10_1101_2022_03_10_483747THD0014__rep0007,DC1,0.9337883587330222
homosapiens_None_2023_None_sikkemalisa_001_d10_1101_2022_03_10_483747THD0014__rep0008,DC1,0.9184401947127296
homosapiens_None_2023_None_sikkemalisa_001_d10_1101_2022_03_10_483747THD0014__rep0009,DC1,0.9468135739871892
homosapiens_None_2023_None_sikkemalisa_001_d10_1101_2022_03_10_483747THD0014__rep0010,DC1,0.933611884171926
homosapiens_None_2023_None_sikkemalisa_001_d10_1101_2022_03_10_483747THD0014__rep0011,DC1,0.9326312699400244
homosapiens_None_2023_None_sikkemalisa_001_d10_1101_2022_03_10_483747THD0014__rep0012,DC1,0.907377124109409
homosapiens_None_2023_None_sikkemalisa_001_d10_1101_2022_03_10_483747THD0014__rep0013,DC1,0.9452815768390246
homosapiens_None_2023_None_sikkemalisa_001_d10_1101_2022_03_10_483747VUHD071__rep0000,DC1,0.7324739587028495
homosapiens_None_2023_None_sikkemalisa_001_d10_1101_2022_03_10_483747VUHD071__rep0001,DC1,0.9081065276273056
homosapiens_None_2023_None_sikkemalisa_001_d10_1101_2022_03_10_483747VUHD071__rep0002,DC1,0.8976776901120739
homosapiens_None_2023_None_sikkemalisa_001_d10_1101_2022_03_10_483747VUHD071__rep0003,DC1,0.908272612529454
homosapiens_None_2023_None_sikkemalisa_001_d10_1101_2022_03_10_483747VUHD071__rep0004,DC1,0.9035116349557536
homosapiens_None_2023_None_sikkemalisa_001_d10_1101_2022_03_10_483747VUHD071__rep0005,DC1,0.7486035854637598
homosapiens_None_2023_None_sikkemalisa_001_d10_1101_2022_03_10_483747VUHD071__rep0006,DC1,0.8589380124026843
homosapiens_None_2023_None_sikkemalisa_001_d10_1101_2022_03_10_483747VUHD071__rep0007,DC1,0.6012020984962259
homosapiens_None_2023_None_sikkemalisa_001_d10_1101_2022_03_10_483747VUHD071__rep0008,DC1,0.8843462326480318
homosapiens_None_2023_None_sikkemalisa_001_d10_1101_2022_03_10_483747VUHD071__rep0009,DC1,0.9308003531547194
homosapiens_None_2023_None_sikkemalisa_001_d10_1101_2022_03_10_483747VUHD071__rep0010,DC1,0.9050979593544852
homosapiens_None_2023_None_sikkemalisa_001_d10_1101_2022_03_10_483747VUHD071__rep0011,DC1,0.8908170976673302
homosapiens_None_2023_None_sikkemalisa_001_d10_1101_2022_03_10_483747VUHD071__rep0012,DC1,0.8949689876959569
homosapiens_None_2023_None_sikkemalisa_001_d10_1101_2022_03_10_483747VUHD071__rep0013,DC1,0.8177961773196043
homosapiens_None_2023_None_sikkemalisa_001_d10_1101_2022_03_10_483747VUHD071__rep0014,DC1,0.8918519623510904
homosapiens_None_2023_None_sikkemalisa_001_d10_1101_2022_03_10_483747VUHD077__rep0000,DC1,0.9193764983235472
homosapiens_None_2023_None_sikkemalisa_001_d10_1101_2022_03_10_483747VUHD077__rep0001,DC1,0.921478693785606
homosapiens_None_2023_None_sikkemalisa_001_d10_1101_2022_03_10_483747VUHD077__rep0002,DC1,0.94147303270713
homosapiens_None_2023_None_sikkemalisa_001_d10_1101_2022_03_10_483747VUHD077__rep0003,DC1,0.9363886702041568
homosapiens_None_2023_None_sikkemalisa_001_d10_1101_2022_03_10_483747VUHD077__rep0004,DC1,0.6999443808015502
homosapiens_None_2023_None_sikkemalisa_001_d10_1101_2022_03_10_483747VUHD077__rep0005,DC1,0.9037203270249846
homosapiens_None_2023_None_sikkemalisa_001_d10_1101_2022_03_10_483747VUHD077__rep0006,DC1,0.9182659948453696
homosapiens_None_2023_None_sikkemalisa_001_d10_1101_2022_03_10_483747VUHD077__rep0008,DC1,0.9124775443869808
homosapiens_None_2023_None_sikkemalisa_001_d10_1101_2022_03_10_483747VUHD077__rep0009,DC1,0.9317242355644786
homosapiens_None_2023_None_sikkemalisa_001_d10_1101_2022_03_10_483747VUHD077__rep0010,DC1,0.9054171975589332
homosapiens_None_2023_None_sikkemalisa_001_d10_1101_2022_03_10_483747VUHD077__rep0011,DC1,0.8842230894286918
homosapiens_None_2023_None_sikkemalisa_001_d10_1101_2022_03_10_483747VUHD077__rep0012,DC1,0.942696773652115
homosapiens_None_2023_None_sikkemalisa_001_d10_1101_2022_03_10_483747VUHD077__rep0013,DC1,0.9415757121049428
homosapiens_None_2023_None_sikkemalisa_001_d10_1101_2022_03_10_483747VUHD077__rep0014,DC1,0.8409356842877095
homosapiens_None_2023_None_sikkemalisa_001_d10_1101_2022_03_10_483747VUHD103__rep0000,DC1,0.9468914023821112
homosapiens_None_2023_None_sikkemalisa_001_d10_1101_2022_03_10_483747VUHD103__rep0001,DC1,0.9360368555720848
homosapiens_None_2023_None_sikkemalisa_001_d10_1101_2022_03_10_483747VUHD103__rep0002,DC1,0.8958311515765736
homosapiens_None_2023_None_sikkemalisa_001_d10_1101_2022_03_10_483747VUHD103__rep0003,DC1,0.94950803064209
homosapiens_None_2023_None_sikkemalisa_001_d10_1101_2022_03_10_483747VUHD103__rep0004,DC1,0.9359272953145392
homosapiens_None_2023_None_sikkemalisa_001_d10_1101_2022_03_10_483747VUHD103__rep0005,DC1,0.9468709003519232
homosapiens_None_2023_None_sikkemalisa_001_d10_1101_2022_03_10_483747VUHD103__rep0006,DC1,0.918281510410454
homosapiens_None_2023_None_sikkemalisa_001_d10_1101_2022_03_10_483747VUHD103__rep0007,DC1,0.9394786866801208
homosapiens_None_2023_None_sikkemalisa_001_d10_1101_2022_03_10_483747VUHD103__rep0008,DC1,0.8575805386227471
homosapiens_None_2023_None_sikkemalisa_001_d10_1101_2022_03_10_483747VUHD103__rep0009,DC1,0.8138079800262666
homosapiens_None_2023_None_sikkemalisa_001_d10_1101_2022_03_10_483747VUHD103__rep0010,DC1,0.9559278677833686
homosapiens_None_2023_None_sikkemalisa_001_d10_1101_2022_03_10_483747VUHD103__rep0011,DC1,0.927247028982808
homosapiens_None_2023_None_sikkemalisa_001_d10_1101_2022_03_10_483747VUHD103__rep0012,DC1,0.8851197681685873
homosapiens_None_2023_None_sikkemalisa_001_d10_1101_2022_03_10_483747VUHD103__rep0013,DC1,0.9557765968840334
homosapiens_None_2023_None_sikkemalisa_001_d10_1101_2022_03_10_483747VUHD103__rep0014,DC1,0.9432051437233488
homosapiens_None_2023_None_sikkemalisa_001_d10_1101_2022_03_10_483747VUHD69__rep0000,DC1,0.9266512583367148
homosapiens_None_2023_None_sikkemalisa_001_d10_1101_2022_03_10_483747VUHD69__rep0001,DC1,0.7516096363001006
homosapiens_None_2023_None_sikkemalisa_001_d10_1101_2022_03_10_483747VUHD69__rep0002,DC1,0.9157982098282113
homosapiens_None_2023_None_sikkemalisa_001_d10_1101_2022_03_10_483747VUHD69__rep0004,DC1,0.9681855840332272
homosapiens_None_2023_None_sikkemalisa_001_d10_1101_2022_03_10_483747VUHD69__rep0005,DC1,0.9202058769431126
homosapiens_None_2023_None_sikkemalisa_001_d10_1101_2022_03_10_483747VUHD69__rep0006,DC1,0.9374320796687108
homosapiens_None_2023_None_sikkemalisa_001_d10_1101_2022_03_10_483747VUHD69__rep0007,DC1,0.934091210528224
homosapiens_None_2023_None_sikkemalisa_001_d10_1101_2022_03_10_483747VUHD69__rep0008,DC1,0.9231356197401068
homosapiens_None_2023_None_sikkemalisa_001_d10_1101_2022_03_10_483747VUHD69__rep0009,DC1,0.93426738186061
homosapiens_None_2023_None_sikkemalisa_001_d10_1101_2022_03_10_483747VUHD69__rep0010,DC1,0.8944073079159336
homosapiens_None_2023_None_sikkemalisa_001_d10_1101_2022_03_10_483747VUHD69__rep0011,DC1,0.8939384688126725
homosapiens_None_2023_None_sikkemalisa_001_d10_1101_2022_03_10_483747VUHD69__rep0012,DC1,0.8870534427581321
homosapiens_None_2023_None_sikkemalisa_001_d10_1101_2022_03_10_483747VUHD69__rep0013,DC1,0.914495498736936
homosapiens_None_2023_None_sikkemalisa_001_d10_1101_2022_03_10_483747VUHD85__rep0000,DC1,0.931834579157398
homosapiens_None_2023_None_sikkemalisa_001_d10_1101_2022_03_10_483747VUHD85__rep0003,DC1,0.94859722955951
homosapiens_None_2023_None_sikkemalisa_001_d10_1101_2022_03_10_483747VUHD85__rep0004,DC1,0.9302506211214578
homosapiens_None_2023_None_sikkemalisa_001_d10_1101_2022_03_10_483747VUHD85__rep0006,DC1,0.8260609945631978
homosapiens_None_2023_None_sikkemalisa_001_d10_1101_2022_03_10_483747VUHD85__rep0007,DC1,0.9405228129037804
homosapiens_None_2023_None_sikkemalisa_001_d10_1101_2022_03_10_483747VUHD85__rep0008,DC1,0.8840690262909225
homosapiens_None_2023_None_sikkemalisa_001_d10_1101_2022_03_10_483747VUHD85__rep0009,DC1,0.8585318469303329
homosapiens_None_2023_None_sikkemalisa_001_d10_1101_2022_03_10_483747VUHD85__rep0010,DC1,0.8979249750519926
homosapiens_None_2023_None_sikkemalisa_001_d10_1101_2022_03_10_483747VUHD85__rep0011,DC1,0.9629227862903382
homosapiens_None_2023_None_sikkemalisa_001_d10_1101_2022_03_10_483747VUHD85__rep0012,DC1,0.595025246855929
homosapiens_None_2023_None_sikkemalisa_001_d10_1101_2022_03_10_483747VUHD85__rep0013,DC1,0.8707071657516825
homosapiens_None_2023_None_sikkemalisa_001_d10_1101_2022_03_10_483747VUHD85__rep0014,DC1,0.947775115063215
homosapiens_None_2023_None_sikkemalisa_001_d10_1101_2022_03_10_483747THD0014__rep0000,Plasmacytoid DCs,0.7888817700595081
homosapiens_None_2023_None_sikkemalisa_001_d10_1101_2022_03_10_483747THD0014__rep0001,Plasmacytoid DCs,0.8050690456997377
homosapiens_None_2023_None_sikkemalisa_001_d10_1101_2022_03_10_483747THD0014__rep0002,Plasmacytoid DCs,0.7408377860099549
homosapiens_None_2023_None_sikkemalisa_001_d10_1101_2022_03_10_483747THD0014__rep0003,Plasmacytoid DCs,0.7584846669701623
homosapiens_None_2023_None_sikkemalisa_001_d10_1101_2022_03_10_483747THD0014__rep0004,Plasmacytoid DCs,0.8227220418436831
homosapiens_None_2023_None_sikkemalisa_001_d10_1101_2022_03_10_483747THD0014__rep0005,Plasmacytoid DCs,0.6230294551305371
homosapiens_None_2023_None_sikkemalisa_001_d10_1101_2022_03_10_483747THD0014__rep0006,Plasmacytoid DCs,0.598573404154441
homosapiens_None_2023_None_sikkemalisa_001_d10_1101_2022_03_10_483747THD0014__rep0007,Plasmacytoid DCs,0.756945500152093
homosapiens_None_2023_None_sikkemalisa_001_d10_1101_2022_03_10_483747THD0014__rep0008,Plasmacytoid DCs,0.8284178479627422
homosapiens_None_2023_None_sikkemalisa_001_d10_1101_2022_03_10_483747THD0014__rep0009,Plasmacytoid DCs,0.82637264089358
homosapiens_None_2023_None_sikkemalisa_001_d10_1101_2022_03_10_483747THD0014__rep0010,Plasmacytoid DCs,0.7761637570927746
homosapiens_None_2023_None_sikkemalisa_001_d10_1101_2022_03_10_483747THD0014__rep0011,Plasmacytoid DCs,0.7898321708281079
homosapiens_None_2023_None_sikkemalisa_001_d10_1101_2022_03_10_483747THD0014__rep0012,Plasmacytoid DCs,0.8489931113487519
homosapiens_None_2023_None_sikkemalisa_001_d10_1101_2022_03_10_483747THD0014__rep0013,Plasmacytoid DCs,0.7758864666798286
homosapiens_None_2023_None_sikkemalisa_001_d10_1101_2022_03_10_483747THD0014__rep0014,Plasmacytoid DCs,0.7316210451433052
homosapiens_None_2023_None_sikkemalisa_001_d10_1101_2022_03_10_483747VUHD071__rep0000,Deuterosomal,0.7463917906774596
homosapiens_None_2023_None_sikkemalisa_001_d10_1101_2022_03_10_483747VUHD071__rep0001,Deuterosomal,0.947124904225561
homosapiens_None_2023_None_sikkemalisa_001_d10_1101_2022_03_10_483747VUHD071__rep0002,Deuterosomal,0.941045208634115
homosapiens_None_2023_None_sikkemalisa_001_d10_1101_2022_03_10_483747VUHD071__rep0003,Deuterosomal,0.9287326351512676
homosapiens_None_2023_None_sikkemalisa_001_d10_1101_2022_03_10_483747VUHD071__rep0004,Deuterosomal,0.8453330772472388
homosapiens_None_2023_None_sikkemalisa_001_d10_1101_2022_03_10_483747VUHD071__rep0005,Deuterosomal,0.9470125945678828
homosapiens_None_2023_None_sikkemalisa_001_d10_1101_2022_03_10_483747VUHD071__rep0006,Deuterosomal,0.9582648908194068
homosapiens_None_2023_None_sikkemalisa_001_d10_1101_2022_03_10_483747VUHD071__rep0007,Deuterosomal,0.865790039362291
homosapiens_None_2023_None_sikkemalisa_001_d10_1101_2022_03_10_483747VUHD071__rep0008,Deuterosomal,0.9370172632576076
homosapiens_None_2023_None_sikkemalisa_001_d10_1101_2022_03_10_483747VUHD071__rep0009,Deuterosomal,0.7781249638219556
homosapiens_None_2023_None_sikkemalisa_001_d10_1101_2022_03_10_483747VUHD071__rep0010,Deuterosomal,0.959770101186671
homosapiens_None_2023_None_sikkemalisa_001_d10_1101_2022_03_10_483747VUHD071__rep0011,Deuterosomal,0.9360161667413764
homosapiens_None_2023_None_sikkemalisa_001_d10_1101_2022_03_10_483747VUHD071__rep0012,Deuterosomal,0.9385400663488308
homosapiens_None_2023_None_sikkemalisa_001_d10_1101_2022_03_10_483747VUHD071__rep0013,Deuterosomal,0.9098249948626004
homosapiens_None_2023_None_sikkemalisa_001_d10_1101_2022_03_10_483747VUHD071__rep0014,Deuterosomal,0.949416733370066
homosapiens_None_2023_None_sikkemalisa_001_d10_1101_2022_03_10_483747VUHD103__rep0000,Deuterosomal,0.8727590417810456
homosapiens_None_2023_None_sikkemalisa_001_d10_1101_2022_03_10_483747VUHD103__rep0001,Deuterosomal,0.9548176728760668
homosapiens_None_2023_None_sikkemalisa_001_d10_1101_2022_03_10_483747VUHD103__rep0002,Deuterosomal,0.9530901435065507
homosapiens_None_2023_None_sikkemalisa_001_d10_1101_2022_03_10_483747VUHD103__rep0003,Deuterosomal,0.8910747671731603
homosapiens_None_2023_None_sikkemalisa_001_d10_1101_2022_03_10_483747VUHD103__rep0005,Deuterosomal,0.9421277451998682
homosapiens_None_2023_None_sikkemalisa_001_d10_1101_2022_03_10_483747VUHD103__rep0006,Deuterosomal,0.7496170136077567
homosapiens_None_2023_None_sikkemalisa_001_d10_1101_2022_03_10_483747VUHD103__rep0007,Deuterosomal,0.9225712671856025
homosapiens_None_2023_None_sikkemalisa_001_d10_1101_2022_03_10_483747VUHD103__rep0008,Deuterosomal,0.8432703222673128
homosapiens_None_2023_None_sikkemalisa_001_d10_1101_2022_03_10_483747VUHD103__rep0009,Deuterosomal,0.9616759735619446
homosapiens_None_2023_None_sikkemalisa_001_d10_1101_2022_03_10_483747VUHD103__rep0010,Deuterosomal,0.9196527972084418
homosapiens_None_2023_None_sikkemalisa_001_d10_1101_2022_03_10_483747VUHD103__rep0012,Deuterosomal,0.9626982537500632
homosapiens_None_2023_None_sikkemalisa_001_d10_1101_2022_03_10_483747VUHD103__rep0013,Deuterosomal,0.8948015702890233
