,gene
SAMD11,0.09146491248679962
NOC2L,0.12167289364386298
KLHL17,-0.1233094958544612
PLEKHN1,0.037768329039683114
HES4,0.09148594119033664
ISG15,-0.17910053449747526
AGRN,0.15149256944890144
C1orf159,0.20836944296287735
TNFRSF4,0.30259171177962296
SDF4,-0.09387903285364235
B3GALT6,0.04160640306577371
UBE2J2,0.15728636891240044
ACAP3,0.09741998730374239
PUSL1,-0.0834940370059253
CPTP,-0.10739808898689991
DVL1,-0.015606515405073056
MXRA8,-0.10446688545261415
AURKAIP1,-0.14583047539809138
CCNL2,0.012132438410642588
MRPL20,0.19662447343388847
ANKRD65,0.02285887859959605
VWA1,-0.05202599433746043
ATAD3C,-0.07776805231345887
ATAD3B,-0.3915563558507327
ATAD3A,0.10171578640731942
SSU72,0.059777163856108886
MIB2,-0.016624773593882838
CDK11B,0.06114755267519161
SLC35E2B,0.04821127921129732
NADK,0.10440024383879716
GNB1,0.014829807367015032
PRKCZ,-0.11737341520134367
FAAP20,0.05637358973796028
SKI,-0.016441518991837312
RER1,-0.11130658195181506
PEX10,-0.046189083693402085
PANK4,-0.1706440976823339
TNFRSF14,0.13932327186488358
PRDM16,-0.020000388344794038
ARHGEF16,0.029832801019583396
MEGF6,-0.06197070045274393
TPRG1L,-0.15873824033752235
WRAP73,-0.007305276494624394
TP73,-0.007599168826243455
SMIM1,-0.06740195760676203
LRRC47,-0.23878511929606794
CEP104,0.12033538728997002
DFFB,-0.18477604234260098
C1orf174,-0.006031975335921327
AJAP1,0.16934885916074044
NPHP4,-0.1696944955756552
KCNAB2,-0.08870536359301678
RPL22,-0.013634295672458566
RNF207,0.14623646737294876
ICMT,-0.012741229148157979
GPR153,0.14591911098226715
ACOT7,-0.237298147285153
TNFRSF25,0.011798790459413032
PLEKHG5,-0.10239547121731381
NOL9,0.08541124057040839
ZBTB48,0.08547720650329263
KLHL21,-0.029688880863239592
PHF13,-0.06349710736802945
THAP3,-0.0024518863077831066
DNAJC11,-0.052753386771478464
CAMTA1,0.09244171998641369
VAMP3,-0.08780623316310483
PER3,0.01057258793887285
TNFRSF9,0.010660253225975755
PARK7,0.10652538629224793
ERRFI1,0.10150174604306515
RERE,0.12566177307912554
ENO1,0.03354434269126666
GPR157,0.23469851936071423
MIR34AHG,-0.04302714035454434
H6PD,0.041468667777030385
SPSB1,0.18747295750586385
SLC25A33,0.04166748832365414
TMEM201,-0.06346425728795974
PIK3CD,0.035202974953939495
CLSTN1,0.043151116790254185
CTNNBIP1,-0.20564662587131685
LZIC,-0.16028652010890374
NMNAT1,-0.00833026639328546
RBP7,-0.1449813396135372
UBE4B,0.08622035865938185
KIF1B,0.10122705084390313
PGD,0.0063920577134002855
DFFA,0.09866316425426297
PEX14,-0.0271559311742169
CASZ1,0.14548781952091785
TARDBP,0.0022316279663572333
SRM,-0.2523113321567428
EXOSC10,0.15278669977297304
MTOR,0.14713411337896923
ANGPTL7,-0.051493591644023534
UBIAD1,-0.04378847186946976
FBXO2,-0.041495804704340666
FBXO44,-0.1872764768274978
FBXO6,-0.1437456113497958
MAD2L2,-0.10044362877935029
DRAXIN,-0.021893356805658522
AGTRAP,0.05601546889302151
C1orf167,-0.07880051773938378
MTHFR,0.07588538236922286
CLCN6,0.0908658163734878
KIAA2013,0.11942612955819917
PLOD1,0.02191715945834317
MFN2,-0.04483476740909294
MIIP,0.004859081344949891
TNFRSF8,0.13797226986393946
TNFRSF1B,0.1169870329955527
VPS13D,0.11819742830591896
DHRS3,-0.00643551201445141
PDPN,0.06724528836936813
PRDM2,0.08847512810894577
KAZN,0.06456085790923857
TMEM51,-0.0406416033943296
FHAD1,0.062120163426703345
EFHD2,-0.0026423376325935208
CASP9,0.16538476742569716
DNAJC16,0.05847480146197439
DDI2,0.03821560623795686
PLEKHM2,0.2515673387512977
SLC25A34,0.20437273886418886
FBLIM1,0.03224670421559436
SPEN,0.16052355894558223
ZBTB17,0.15406365783717457
HSPB7,-0.014125347307415506
EPHA2,0.21533911549288623
ARHGEF19,-0.005927136238241305
FBXO42,-0.19004385259891485
SZRD1,-0.15171433225133862
NECAP2,0.14344903153523286
CROCC,-0.1419710045588765
ATP13A2,-0.1617221079885252
SDHB,-0.047950434085958754
PADI2,-0.13496158086522844
PADI4,0.08185094019868631
RCC2,0.06334547310059671
ARHGEF10L,-0.21322665539953084
IGSF21,-0.07635458165024712
IFFO2,0.0071353293240760994
UBR4,-0.25419880453870053
EMC1,0.23529868657141575
MRTO4,-0.18539371100711918
AKR7A2,0.2408969698220045
CAPZB,0.042768772346976576
NBL1,-0.1312159225670427
TMCO4,-0.08838365100108711
OTUD3,0.07399586212472328
PLA2G2A,
PLA2G5,-0.09204293863014473
UBXN10,0.16038850640208255
CAMK2N1,-0.16398166344836598
MUL1,0.03959248003681914
CDA,-0.07474418469340038
PINK1,0.123285446832708
DDOST,-0.2569149488619168
KIF17,0.20246291294616584
HP1BP3,-0.17995047506676257
EIF4G3,0.10943793668670429
ECE1,0.10978769684441404
NBPF3,0.07578119941850073
ALPL,0.12051019191630724
RAP1GAP,-0.03475526408575188
USP48,0.07510530517705305
HSPG2,-0.05951904048646516
CDC42,-0.03715562653864142
ZBTB40,0.018683540022753305
C1QA,0.26319967288599666
C1QC,0.08284901460580171
C1QB,0.0996672191359283
EPHB2,0.04056181097652359
KDM1A,0.16799537121853
LUZP1,0.14865459283210564
LINC01355,-0.09351800070304833
HNRNPR,-0.033413761735332635
ZNF436,0.06921767897464515
TCEA3,0.11818226259165429
ASAP3,0.062339468896636566
E2F2,0.02511285392233897
ID3,0.11037676843838062
RPL11,-0.040202747441046925
PITHD1,-0.03672766479584335
LYPLA2,-0.06902179793375245
GALE,-0.0928165763372869
HMGCL,-0.07717373509707057
FUCA1,0.022845888279314913
PNRC2,0.03475425948410129
SRSF10,0.10544459170410148
IFNLR1,-0.015749434163999775
STPG1,0.05868635947314129
NIPAL3,0.14313447052401435
RCAN3,0.04231048950044641
NCMAP,0.09737582094571944
SRRM1,0.004003979340529902
CLIC4,0.06604497340234196
RUNX3,-0.07394098357622306
SYF2,-0.030660419103219986
RSRP1,0.0974454030163273
TMEM50A,-0.05018109001153522
LDLRAP1,0.0352492013719329
MAN1C1,0.16067325832124757
MTFR1L,-0.02328472303359809
PAQR7,-0.030969053836731937
STMN1,0.22993962959509023
PAFAH2,-0.047994602363
PDIK1L,-0.10327063629109942
FAM110D,-0.11367116332569102
ZNF593,-0.11606852619678586
CNKSR1,-0.036475354568768256
CEP85,-0.030616734206980228
SH3BGRL3,-0.14472542971357957
CD52,0.1669931322083052
DHDDS,0.010606500786097317
HMGN2,-0.3306999366245464
RPS6KA1,-0.055863334299484965
ARID1A,0.04310763087454782
PIGV,0.012174738332082276
ZDHHC18,0.027753654637870887
SFN,-0.0014196749623957318
GPN2,-0.003345739368708519
GPATCH3,0.16175497025005672
NUDC,0.15034251887742375
NR0B2,-0.07095426882053814
KDF1,-0.06702881252180137
TRNP1,-0.0042675773803934995
SLC9A1,-0.28303412917123727
WDTC1,0.21808468901071537
TMEM222,0.07788406142322032
SYTL1,-0.02685070382285376
MAP3K6,-0.015278323815015031
FCN3,0.08653377646349536
CD164L2,0.009321061058585675
WASF2,0.24888624272078627
AHDC1,-0.004849771520921583
FGR,0.05633301738957131
IFI6,-0.03813915374677267
FAM76A,-0.26281073701756585
STX12,-0.016756105374227538
PPP1R8,0.25776867746744214
THEMIS2,-0.0362296720998805
RPA2,0.011644076860031896
SMPDL3B,-0.04273683099668061
XKR8,0.8687608466203
EYA3,0.06282736048160743
PTAFR,-0.15710069594422685
DNAJC8,0.057381608442714484
SESN2,0.09832957010906213
MED18,0.09735395658509266
PHACTR4,0.20753125856369592
RCC1,0.047153923928238355
TRNAU1AP,0.10924365600575901
SNHG12,-0.02781832770530509
TAF12,-0.08455328402200632
GMEB1,-0.030831315798216834
YTHDF2,-0.23418089438331383
EPB41,0.059945888895640516
TMEM200B,-0.08020432290514473
SRSF4,0.20079116366600835
MECR,-0.14393581287504204
PTPRU,-0.07332804733343282
LAPTM5,0.09029901225889897
SDC3,0.06945089013194694
PUM1,0.20036479780153146
SNRNP40,0.008985658193027875
ZCCHC17,-0.08987300069106156
FABP3,0.12185277095379222
SERINC2,0.07955962972448523
TINAGL1,-0.10707861072539665
PEF1,-0.031167630643481645
COL16A1,-0.010031609450881695
SPOCD1,-0.262026178817252
PTP4A2,-0.10758137929397779
KHDRBS1,0.15178073943807488
TMEM39B,-0.11785543678373617
KPNA6,-0.04968794284478447
TXLNA,-0.19624809034692234
CCDC28B,-0.08211928716334484
TMEM234,-0.24753478973800921
EIF3I,0.2210025225473684
FAM167B,-0.052539877688221166
LCK,-0.05271869294034222
HDAC1,0.02435139281233808
MARCKSL1,0.0165845142194233
FAM229A,0.25470583439002303
BSDC1,-0.3091372192751109
ZBTB8A,0.1881372690412717
ZBTB8OS,-0.14840933604919646
RBBP4,-0.21593725766129185
SYNC,-0.018209836013383593
S100PBP,-0.020448624035860286
FNDC5,-0.0654021209592885
TMEM54,-0.04127385595586043
RNF19B,0.05417066416794952
AK2,0.14378167071460524
AZIN2,0.1236480371991341
TRIM62,0.24123313716621977
ZNF362,0.08509807451518216
PHC2,0.2585432355348604
SMIM12,0.06455425397850414
GJA4,-0.11802047353205923
ZMYM6,-0.061726776185579146
ZMYM1,-0.022038012796918954
SFPQ,0.12960095830047533
ZMYM4,0.188538485664956
KIAA0319L,0.12178371153440996
NCDN,0.27331249894879867
PSMB2,-0.03739657079894888
C1orf216,0.04969346079944058
CLSPN,-0.0974646287375985
AGO4,0.002255247394207506
AGO1,-0.022429228007756416
AGO3,-0.17801396788535845
COL8A2,0.03529249242198453
TRAPPC3,0.06444041040874095
MAP7D1,-0.1028968849614581
THRAP3,-0.19350079859030098
EVA1B,-0.09760684917770394
STK40,-0.13988375872469358
LSM10,0.017248481318338643
OSCP1,0.08434353243738513
MRPS15,0.11338560013516322
CSF3R,0.07794965265336262
ZC3H12A,-0.15040942319499961
MEAF6,0.07700879015218876
SNIP1,-0.23002533182971022
DNALI1,0.09965079883308246
GNL2,-0.1911540003195718
CDCA8,-0.07848294997781691
YRDC,0.10504862194501245
C1orf122,-0.20205517857312144
MTF1,0.12682278406465924
INPP5B,-0.07521784316760692
SF3A3,-0.10112721784206986
FHL3,0.03069895760288958
RRAGC,-0.12697937801560824
MYCBP,-0.08537978142732167
AKIRIN1,0.08489864919309807
NDUFS5,0.010550312426809337
MACF1,0.0320279048440403
PABPC4,-0.07341091253179283
HEYL,-0.057596237259546094
PPIE,-0.14925658993922886
TRIT1,0.22416298527456188
MYCL,-0.021601158904176427
MFSD2A,0.08573861304947593
CAP1,-0.0605729184069345
PPT1,-0.032522578394856505
RLF,0.10503976641530322
ZMPSTE24,-0.026802238626114222
SMAP2,-0.049971856890644456
ZFP69,-0.08248772714651169
EXO5,0.06182975650465063
ZNF684,-0.018015472512121277
RIMS3,-0.049579790124406053
NFYC,0.04749511038662035
CITED4,-0.1287594012208182
CTPS1,-0.11805563591858267
SCMH1,-0.031279042949731044
EDN2,
HIVEP3,0.22342216786550584
FOXJ3,0.05767086755602569
RIMKLA,-0.13979222008408423
PPCS,-0.3135865106352902
CCDC30,0.0857394664860078
PPIH,0.09234706514715174
YBX1,-0.016024404552559015
P3H1,0.12322640428248544
SVBP,0.1964952117419061
ERMAP,0.09781826199003496
ZNF691,-0.08884088896628764
SLC2A1,0.0470344137822868
EBNA1BP2,0.12610139140201973
CFAP57,0.137723892840193
TMEM125,-0.05165770719313564
C1orf210,-0.0855522049681729
TIE1,0.09200846708617771
CDC20,-0.0536031137740688
ELOVL1,0.17858674465577254
MED8,0.02258508299049486
SZT2,-0.13235759813482398
HYI,0.19862476774557436
PTPRF,-0.12716307464782955
KDM4A,0.07412309076156867
ST3GAL3,-0.09421723324640625
IPO13,0.09556185772274825
DPH2,-0.0674770953682609
ATP6V0B,0.07348729335104907
B4GALT2,0.12868951997325953
CCDC24,0.2752017798105948
SLC6A9,0.022527896411951395
DMAP1,0.0471859659471772
ERI3,-0.3273022491355333
RNF220,0.10321708295267609
TMEM53,-0.188544258067085
KIF2C,0.01658006406420604
RPS8,0.12489977322834206
PLK3,0.053595771686089054
BTBD19,0.0007456659322884369
EIF2B3,-0.21397757447297938
HECTD3,-0.0010876394913531097
UROD,-0.06888372133173831
MUTYH,0.17714106195064858
TOE1,-0.029351829395431003
MMACHC,-0.005976867855658895
PRDX1,-0.13116400811088164
AKR1A1,0.0599502842898193
NASP,-0.1445656452645911
CCDC17,0.026912257616900314
GPBP1L1,0.11735334235040248
TMEM69,-0.13578719516185522
IPP,-0.1572383043219926
MAST2,-0.19714055849519455
PIK3R3,-0.14265386628467336
TSPAN1,0.09535736886445029
POMGNT1,0.0870158838001522
LRRC41,-0.009408219119921957
UQCRH,-0.13064005397829498
NSUN4,-0.08381308844219024
FAAH,0.11016547079523142
MKNK1,-0.11201740904753177
ATPAF1,0.020499185138752173
EFCAB14,-0.09966672700800444
CYP4B1,-0.03857086889053569
CYP4X1,0.027611978073381685
PDZK1IP1,-0.09589289224139813
TAL1,0.1082740244560913
CMPK1,-0.01225971033860289
SLC5A9,0.07334524033748406
SPATA6,0.19135019971564457
FAF1,0.13768232774552835
CDKN2C,0.18304078168996046
RNF11,-0.06950288311368184
TTC39A,0.13790141775304607
EPS15,0.027410802353123494
OSBPL9,-0.08661867501068346
TXNDC12,0.029554311862203475
BTF3L4,0.04772923247342349
ZFYVE9,0.029928886184075586
CC2D1B,-0.017744810763409294
PRPF38A,0.12794759904930986
GPX7,-0.05209251891403019
COA7,-0.15741591962810972
ZYG11B,0.03632818757886091
ECHDC2,0.01753788491552859
SCP2,-0.009680847656374291
PODN,0.0582851728970539
CPT2,0.006345281539906006
MAGOH,-0.07401637664585108
LRP8,0.2584645957160351
NDC1,0.08528439374404335
YIPF1,-0.11673827812393607
LRRC42,-0.12217902757732131
LDLRAD1,0.06581069194496264
TMEM59,-0.21967326013931635
TCEANC2,0.09115621112023467
MRPL37,0.11390880431439543
SSBP3,0.02681295706101503
ACOT11,0.025196855446244046
PARS2,0.1665875464186399
TTC22,-0.13097739657776758
DHCR24,-0.014712097407464769
PCSK9,-0.15539387593542356
USP24,0.003689447465134589
PLPP3,0.08504358261777889
PRKAA2,-0.008386127200377293
OMA1,-0.036530398738878665
TACSTD2,0.09697792105532388
MYSM1,0.01893821633716087
JUN,0.028872963503111384
FGGY,-0.021685241523082918
HOOK1,-0.13277516483381557
NFIA,0.0739639608983311
TM2D1,0.1923465732233735
L1TD1,0.11861228993519875
KANK4,0.0022545894280181196
USP1,0.052355768672458024
DOCK7,-0.12631997811848464
ATG4C,0.04387441256689068
ALG6,0.06145100963125311
ITGB3BP,0.14825177681492246
EFCAB7,-0.18012465826705815
PGM1,-0.2030355961895051
ROR1,-0.08718440568313439
CACHD1,0.21925545757999607
RAVER2,0.12850890036779983
JAK1,0.1139849446050776
AK4,-0.0650542996096247
DNAJC6,-0.32831855407290084
LEPROT,-0.03198824927919977
LEPR,0.08241697257444558
PDE4B,-0.060934186736009345
SGIP1,0.00791995846341925
MIER1,-0.019098740147720044
SLC35D1,0.0438363846056244
SERBP1,0.004906155403099827
GADD45A,0.12003644544535651
GNG12,0.05211328776228191
DIRAS3,0.0985664284170924
WLS,0.12428641103781576
DEPDC1,-0.018058330404315925
LRRC40,0.03571840031105231
SRSF11,-0.12197839149951441
ANKRD13C,0.10419394325884143
CTH,-0.0661109206804804
PTGER3,0.011614927256778509
ZRANB2,-0.18012286810140138
NEGR1,0.10497846141999005
FPGT,0.4525796290315292
FPGT-TNNI3K,-0.055545810725578494
ERICH3,0.029480624795659563
CRYZ,0.037348499110117936
TYW3,0.025547831160696467
ACADM,0.08114085531240857
RABGGTB,0.0019632284461438814
ST6GALNAC3,0.17906439188509446
ST6GALNAC5,-0.13563825746799033
PIGK,-0.06074959675063604
USP33,0.08415512550356603
NEXN,-0.14727348861968834
FUBP1,0.03760129985244271
DNAJB4,0.07760903215777265
GIPC2,0.04880443947869832
PTGFR,0.14503651404722329
IFI44L,0.12536971391480017
IFI44,0.1662403204906033
ADGRL4,0.20495079375645142
ADGRL2,0.17007669846689683
TTLL7,-0.22036011073022374
PRKACB,-0.12437207381965527
DNASE2B,-0.060670037049504966
RPF1,0.00947576443290429
GNG5,-0.03155371380516818
CTBS,-0.15810762702850606
SSX2IP,0.051560664011742134
LPAR3,0.015990754289225858
MCOLN2,0.12553122033714312
MCOLN3,-0.1336760755320754
SYDE2,-0.1394153834943918
C1orf52,-0.07099535937411554
BCL10,0.13939239097292785
DDAH1,-0.006753544435335351
ZNHIT6,0.11616153000394712
ODF2L,0.27791417204197333
SH3GLB1,-0.01575571658477313
HS2ST1,0.12392874727998386
LMO4,-0.193031327797668
PKN2,0.07357027087399644
GTF2B,0.10701954569553436
RBMXL1,0.08116110337624896
GBP3,-0.11950126042066264
GBP1,0.059841845852903114
GBP2,-0.03458673469684337
GBP4,0.018669594414940153
GBP5,-0.002532088828607372
LRRC8B,-0.011817890976115962
LRRC8D,0.17567145559682748
ZNF326,0.013828011812153377
ZNF644,-0.19416962875691882
CDC7,-0.23096989189460396
TGFBR3,0.01671864758259683
GLMN,-0.038423606434206
RPAP2,-0.10271504744056101
EVI5,-0.010655508192636595
RPL5,-0.13568865396169114
MTF2,0.06397182169340952
TMED5,-0.12846408093874598
CCDC18,0.02977432632123605
DR1,-0.007302606319855624
FNBP1L,0.1361006980234379
BCAR3,0.07511949687037572
DNTTIP2,0.06389288369022952
GCLM,-0.0674791779460001
ARHGAP29,0.11792206842542692
ABCD3,0.13115040318311552
F3,0.07753503279824404
SLC44A3,-0.007903319994137094
CNN3,0.022590305927688237
ALG14,0.18176218207363273
PTBP2,0.06109830718952924
DPYD,0.06090172545833943
SNX7,0.034391826806683824
PLPPR4,-0.07991504150366957
PALMD,0.06853288728354939
AGL,-0.22189461120586773
SLC35A3,0.1110176645634803
SASS6,-0.08033505646179903
TRMT13,-0.015777534587761998
DBT,0.004382592354559336
RTCA,-0.00950103828349905
CDC14A,0.016281055502324903
VCAM1,-0.02216199651371646
EXTL2,-0.05275940555283757
SLC30A7,0.08208622958792627
DPH5,-0.023901240294680104
S1PR1,0.09609786607767135
RNPC3,0.07168719652158105
AMY2B,0.0695800669350788
PRMT6,-0.06857733738205546
NTNG1,0.05825086674586004
VAV3,0.14802609437100267
SLC25A24,0.17662787702999194
HENMT1,0.04634039064068843
PRPF38B,-0.008824404088121086
STXBP3,-0.061526877885372824
GPSM2,0.1254332432072
CLCC1,0.07310342662282557
WDR47,0.03623061974998018
TAF13,-0.05753781758104992
TMEM167B,-0.035630289315964764
CELSR2,-0.11606772708270763
PSRC1,0.054853867893808715
SORT1,-0.0379485579204185
PSMA5,-0.15889969876585902
SYPL2,0.0033066291170824507
ATXN7L2,-0.02953725084057257
CYB561D1,0.053811478759389055
AMIGO1,-0.06766239506686494
GNAI3,0.12614813645625755
AMPD2,-0.03950374713940428
GSTM4,0.14759896261224761
GSTM5,-0.06523826300250879
GSTM3,-0.09871073874089696
CSF1,-0.15559547338443386
AHCYL1,-0.08608260765259419
STRIP1,0.015123832260354242
KCNC4,-0.050844395259507874
RBM15,-0.28885538863781046
SLC16A4,-0.09779534735627063
LAMTOR5,-0.04394877796411443
CD53,-0.07207232428712687
LRIF1,0.11785192834618874
DRAM2,-0.05800301417714698
CEPT1,0.0388709377552106
DENND2D,-0.2055064422048157
CHI3L2,-0.033190206394313124
CHIA,-0.07179430483448872
WDR77,-0.12577824071270863
C1orf162,0.08184888535426166
TMIGD3,0.07538980783016662
RAP1A,-0.026113800294314315
DDX20,0.07640524809521906
KCND3,0.07077712318717358
CTTNBP2NL,0.19358619172469016
WNT2B,0.14584892627449775
ST7L,0.2908253391036581
CAPZA1,-0.018221621399596728
MOV10,0.32736115116507813
RHOC,0.09117887002525607
SLC16A1,-0.006179959259621018
SLC16A1-AS1,0.03918934640794193
LRIG2,-0.17633637074095146
MAGI3,0.07769924982651824
PHTF1,-0.22262528440902815
RSBN1,0.009827860816619856
PTPN22,-0.11960790027280654
AP4B1,-0.07650277251105284
DCLRE1B,-0.07892113241821636
HIPK1,-0.024075513533974604
OLFML3,-0.06520257770467397
TRIM33,-0.01041607817040487
BCAS2,-0.04754128236085623
DENND2C,-0.06978566492293846
NRAS,0.01908883839637407
CSDE1,0.1677341894833484
SIKE1,-0.09705048349624942
TSPAN2,-0.03968994876048576
VANGL1,0.24674518244328336
CASQ2,-0.2530187392610602
SLC22A15,0.13354146555459057
ATP1A1,-0.07842515703669489
CD58,0.028354899055827103
IGSF3,0.049273153964676686
CD2,-0.133030036239427
PTGFRN,-0.05927912330002784
CD101,-0.0010405534255741606
TTF2,-0.030525032786959422
MAN1A2,-0.13149270756436618
GDAP2,-0.25519116521527513
WDR3,0.14254421165970088
SPAG17,0.12513946102003903
WARS2,0.049200973073196694
ZNF697,0.07319884518260573
PHGDH,0.24017623603193816
NOTCH2,0.08370232285617538
SEC22B,0.10203164083734212
LINC00623,-0.08966263432914542
SRGAP2C,0.13384853571864286
FAM72D,-0.021032183740478536
RNF115,-0.13070539669795472
POLR3C,0.1830733236092661
PIAS3,0.047435276915554256
ANKRD35,0.19624231144133303
ITGA10,0.05615796759164564
PEX11B,0.0702778122950413
RBM8A,0.1503866407665439
LIX1L,-0.15403242815491874
POLR3GL,0.08754525148429004
TXNIP,0.07557857726693909
NBPF12,-0.012677480595585447
PRKAB2,0.15630132564369842
FMO5,0.09343206898109058
CHD1L,-0.15815656036890471
BCL9,-0.12927150100905258
ACP6,-0.07945082109455756
GJA5,0.06165886748553108
NBPF11,0.10221990522039667
PDE4DIP,-0.19677661895829043
NBPF9,-0.0718110999516859
NBPF19,-0.04795283879985379
FCGR1A,-0.19852714798966592
BOLA1,-0.18903482727977636
SV2A,-0.14417378541861853
SF3B4,0.04426166186236544
MTMR11,0.344354425498152
OTUD7B,0.06777800519268792
VPS45,0.13487995459308802
PLEKHO1,-0.024558825754012525
ANP32E,0.11719244444022464
APH1A,0.10895457699266275
C1orf54,0.0486377241777253
CIART,0.08737070721943796
MRPS21,-0.01914259548018233
PRPF3,0.08171670494442512
RPRD2,-0.09678035831768644
TARS2,0.0259661878770664
ECM1,-0.03837469281472675
ADAMTSL4,-0.03235746534490868
MCL1,0.01986708689368783
ENSA,0.17169591568586898
GOLPH3L,0.001061029788418379
CTSS,0.16293966558907774
CTSK,-0.04218527203795544
ARNT,-0.06740136862419106
SETDB1,0.18275445954779296
CERS2,-0.10924167076716702
BNIPL,0.22286641056928858
C1orf56,0.17846029777310435
CDC42SE1,0.1256059744828556
MLLT11,0.14580121003357532
GABPB2,-0.1596071905924458
SEMA6C,0.04725682446220914
SCNM1,0.07218304664396301
LYSMD1,0.2046681769746025
VPS72,-0.15607123752007696
PIP5K1A,0.13992990460534627
PSMD4,0.0898796477160476
ZNF687,0.06174234943939626
PI4KB,0.2209134691529977
RFX5,0.020943371987151505
SELENBP1,-0.024906740808399976
PSMB4,-0.04369363368243272
POGZ,0.2954149039436195
CGN,-0.05550897434170509
TUFT1,-0.040752185942803804
SNX27,0.16068858973077765
RIIAD1,0.14331684349930537
MRPL9,-0.09648829469411947
TDRKH,-0.2077641419009067
THEM4,-0.06449348411097086
S100A10,0.10990167381869641
S100A11,0.07729473531415454
S100A9,0.0030286634548650415
S100A8,0.09828646970696366
S100A6,-0.10326961980130533
S100A4,0.007888610398281232
S100A2,0.09275805257147658
S100A16,0.19934231045791903
S100A14,-0.14005040063025562
S100A13,0.077241169884615
CHTOP,-0.07907197109986781
SNAPIN,-0.08212840057503394
ILF2,0.09535220267170103
NPR1,0.06751229433366075
INTS3,0.38020494661927984
SLC27A3,-0.14840281002347172
GATAD2B,0.07629863950805613
DENND4B,-0.04515911059911737
CRTC2,0.10238232663547461
SLC39A1,-0.03149332793078678
CREB3L4,-0.03780644271131783
JTB,0.1530148848390879
RAB13,-0.07122714000975225
RPS27,0.08381107673828193
TPM3,0.050671970363903904
C1orf43,-0.2324837084763614
UBAP2L,-0.26379962608760227
HAX1,-0.02719489211253042
ATP8B2,-0.1594246036346464
IL6R,0.12466849894339367
SHE,0.15065219818291364
TDRD10,0.14854035457609202
UBE2Q1,0.038360118340219324
ADAR,0.08824143902785073
KCNN3,0.12127038646978536
PMVK,-0.004619623454473759
PBXIP1,-0.02940496666250562
PYGO2,-0.03808644215109651
SHC1,0.09357034937071293
CKS1B,0.036306641453725766
FLAD1,0.015684451848024875
ZBTB7B,0.15677425391211647
ADAM15,0.2691495947303266
EFNA3,
EFNA1,-0.02745432841287698
SLC50A1,0.2955742688691884
DPM3,-0.03031325991878882
MUC1,0.06970036522702663
THBS3,0.04600759765878337
SCAMP3,-0.1912647500394495
CLK2,0.056170644332552
FDPS,-0.18137781755507218
RUSC1,-0.05178532671882491
ASH1L,0.01749553923316491
MSTO1,-0.41944145873164357
YY1AP1,0.21866717259470084
DAP3,-0.05559654242355484
GON4L,-0.050441322080425025
SYT11,0.02898042660130806
RIT1,0.018396057963433847
ARHGEF2,0.06605711064333486
SSR2,0.2042592529211667
LAMTOR2,0.25890005109790987
RAB25,-0.07830779965259503
MEX3A,-0.054579850008563885
LMNA,-0.13802612629740904
SEMA4A,-0.04508938650399984
SLC25A44,0.24280179499784252
SMG5,-0.18132598715525433
TMEM79,-0.07832664961808751
GLMP,-0.22776557681810272
CCT3,-0.15378921209255395
MEF2D,0.1334123082594179
IQGAP3,-0.12557622933176307
GPATCH4,0.002280834653900247
NES,0.08862950984121883
CRABP2,-0.015464478774837712
ISG20L2,0.08851269270278284
MRPL24,-0.11700435931506824
HDGF,0.017163228175328633
PRCC,-0.10864017628949388
SH2D2A,-0.04302939795656938
PEAR1,0.041408985519366684
ARHGEF11,0.10978461543622847
ETV3,0.024113201091565426
FCRL5,-0.04017836766307388
CD1D,0.17881588601402548
CD1C,0.11993589342756314
MNDA,0.16774698180516803
PYHIN1,-0.10029950615070907
IFI16,0.08565459667336317
AIM2,0.022069539455799772
CADM3,-0.08161290096977011
CADM3-AS1,-0.0843393979632446
ACKR1,-0.07283061760059567
DUSP23,-0.13033714699000906
SLAMF8,0.05733386998854157
CFAP45,0.11950792088878227
TAGLN2,0.1543377329835571
LINC01133,0.18157878160377558
IGSF8,0.1978374742092861
ATP1A2,-0.17259498375552093
PEA15,0.05869060064380264
DCAF8,0.103571659597339
PEX19,0.01616188286133931
COPA,0.05205516992206714
NCSTN,0.0022427675388979815
VANGL2,-0.046681990544598415
SLAMF6,-0.13533838245700908
CD84,-0.1014387528713428
CD48,0.043095191134753796
SLAMF7,0.01337691899103995
F11R,-0.03931238147626454
TSTD1,-0.060584806682031866
ARHGAP30,-0.017742184549910226
KLHDC9,-0.05225594071154106
PFDN2,-0.031910207379967914
NIT1,-0.027195145190114855
DEDD,0.027202773493621064
UFC1,0.1003898505318665
USP21,0.01548453988157331
PPOX,-0.01434967776260523
B4GALT3,-0.06493929745930618
ADAMTS4,0.10139626016012492
NDUFS2,0.03443330379810243
FCER1G,-0.051127119716864275
TOMM40L,-0.13948328495052434
SDHC,-0.18955858685696317
CFAP126,-0.011870924548423936
FCGR2A,-0.04948378577004848
HSPA6,-0.028707365834011015
FCGR3A,0.08824240175911635
FCGR3B,-0.02861136694433497
FCGR2B,0.04539924699483881
DUSP12,0.11104322069918174
ATF6,-0.12584254126440095
OLFML2B,-0.10045299482443915
NOS1AP,0.006386294501098129
UHMK1,0.31831606834374354
UAP1,-0.11730332081392958
DDR2,-0.06011427332744292
HSD17B7,0.004079569337157762
CCDC190,0.0532503334383834
RGS4,
RGS5,-0.10241256205993228
NUF2,-0.018541456880678372
PBX1,0.001345099583649343
MGST3,0.10558792733102382
ALDH9A1,-0.06320307757296387
TMCO1,0.06123619657935366
UCK2,0.11726644673837044
POGK,-0.0025972193885106585
TADA1,-0.13497780098768086
POU2F1,0.053539331236021115
CD247,-0.12819731521814925
CREG1,0.12144001124063722
RCSD1,0.029253007058001518
MPZL1,0.1158404045877598
MPC2,0.17879261721304912
DCAF6,0.2312841850716316
GPR161,-0.009876781375364302
TIPRL,0.0828372484057596
SFT2D2,0.34327046818406964
TBX19,0.05932232384561984
DPT,-0.05512797709038284
ATP1B1,0.12039499605851173
NME7,-0.04210661188426866
BLZF1,0.00945969192359079
CCDC181,0.1111759370973022
SLC19A2,-0.09853894834148547
F5,0.21233110704963779
SELP,0.009660933283250787
SELL,0.12025843737132641
SELE,-0.13994522301432782
METTL18,-0.08931470784964866
SCYL3,0.13495005819528913
KIFAP3,0.04923413636027833
GORAB,0.12784839325642225
PRRX1,-0.03378315121079031
FMO3,0.05447348294957841
FMO2,-0.003895756774366847
FMO4,0.04959316243699665
PRRC2C,-0.004956014881886179
MYOC,-0.006304754282290252
VAMP4,-0.07091347646841349
METTL13,-0.034812604354222655
DNM3,0.08650526594654039
DNM3OS,-0.009407031774531824
PIGC,0.13693189896292993
SUCO,0.020492637978780842
PRDX6,0.12635442259808033
KLHL20,0.06385757777606205
CENPL,-0.04364596348664573
DARS2,0.12720172996676504
ZBTB37,0.04580150706032651
RC3H1,0.23904672703277172
RABGAP1L,0.03116202988270837
CACYBP,-0.008305166263245893
MRPS14,-0.04737428515370925
KIAA0040,0.0793073319968256
TNR,0.07583166311477947
RASAL2,-0.042031045455253636
RALGPS2,0.010511199710580881
ANGPTL1,-0.11353201925454706
FAM20B,-0.1953026918427297
TOR3A,-0.06453823369220733
ABL2,0.09527670463976304
SOAT1,-0.12545386128876782
TOR1AIP2,-0.15743314380620593
TOR1AIP1,-0.03060709511767845
CEP350,0.1043237539749382
QSOX1,0.1566735172429818
ACBD6,0.025348239191164593
XPR1,0.03961684616481313
KIAA1614,-0.030497297718042604
STX6,-0.0022742220312441754
MR1,-0.025220843380626197
IER5,0.11456369150836522
GLUL,-0.09054920764191948
RNASEL,0.17685045794319826
RGS16,-0.0521818695086704
NPL,0.02952977769002893
DHX9,0.006173733578139981
LAMC1,0.030693976397123925
LAMC2,-0.08177630706970845
SMG7,-0.005102486615889955
NCF2,-0.04907584976791076
ARPC5,0.046333415799948485
RGL1,0.09648232639908519
COLGALT2,-0.002972266485082295
TSEN15,-0.17920344742718733
C1orf21,-0.041206205776863784
EDEM3,0.022800376939803225
RNF2,-0.006506362058111842
TRMT1L,0.16643855779457079
SWT1,0.007393098643760051
IVNS1ABP,-0.11386469352073067
HMCN1,0.017109820775512465
PRG4,-0.07854354168501823
TPR,-0.054944184437954166
PTGS2,0.025187553416636727
PLA2G4A,0.0372302617315449
RGS18,0.2019836397763908
RGS1,-0.07883096115071207
RGS2,-0.004275605110088818
UCHL5,-0.001461976915054005
GLRX2,-0.17211753147187883
CDC73,-0.062210027366533256
KCNT2,-0.12236528457550908
CFH,0.08818826649008371
ASPM,-0.041502936504972894
ZBTB41,0.07571391303186718
DENND1B,-0.22780775132814982
NEK7,-0.21983476061406512
PTPRC,-0.1414874981869022
MIR181A1HG,0.10376662679542456
NR5A2,0.03511355104813182
ZNF281,-0.1316796371772536
KIF14,0.042703255043010584
DDX59,0.11615910006062438
CAMSAP2,0.049686336876550996
KIF21B,0.0190576021326822
TMEM9,-0.17446253575655213
IGFN1,-0.021952729206291217
PKP1,0.1421560407337254
TNNT2,-0.04866289172400622
LAD1,-0.02362119815570606
PHLDA3,0.4899510126211236
CSRP1,-0.2080014185130959
NAV1,0.06045055144886728
IPO9,-0.14419936452685653
SHISA4,-0.1262810183298298
LMOD1,-0.19025533842852582
TIMM17A,-0.06178463498834509
RNPEP,-0.027831748474009932
ELF3,0.14392030486816346
ARL8A,-0.0007293383662049565
PTPN7,-0.12470278055116364
UBE2T,0.10556921882496909
PPP1R12B,-0.11170109166516182
KDM5B,0.027510513155115622
RABIF,0.01994222171893706
KLHL12,-0.010127842833819657
ADIPOR1,-0.08900745130608152
CYB5R1,0.08993364906508186
TMEM183A,-0.10299430582112869
CHI3L1,-0.08222540962132646
CHIT1,0.11819832911164149
BTG2,0.20027493606269578
FMOD,-0.05108511574102316
PRELP,-0.013088659837181275
ATP2B4,-0.08495259171152719
ZC3H11A,0.008441943838134581
SNRPE,-0.07015132353460567
SOX13,0.006708246582377599
ETNK2,0.03271124081968997
GOLT1A,0.17748925832054552
PLEKHA6,0.17392489031891575
PPP1R15B,0.03050722342963779
PIK3C2B,0.129961329544279
MDM4,-0.14501606270862671
LRRN2,-0.02880424339760935
NFASC,-0.2066889007758201
RBBP5,0.22747375316680588
DSTYK,0.09775001302984511
TMCC2,-0.024531155336023503
NUAK2,0.11926474386446137
CDK18,-0.10656278672435283
ELK4,0.14914683332463677
SLC45A3,-0.10861229243404805
NUCKS1,0.21130336696316288
RAB29,0.03242212868263299
SLC41A1,-0.11810885394841891
SLC26A9,0.121150243490062
RAB7B,0.14011265464256853
CTSE,0.09101048030438032
SRGAP2,0.22228431458469206
IKBKE,0.01897146656149477
RASSF5,-0.068648975555384
EIF2D,-0.046543166630865766
DYRK3,0.35686889931266824
MAPKAPK2,0.09205941712048926
IL10,
IL24,
FCMR,0.013890305259818141
PIGR,0.23857882500368463
C1orf116,0.21736859347948717
PFKFB2,-0.05738722839505334
YOD1,0.16606662700695257
C4BPA,-0.05979195065690042
CD55,0.05184979246775369
CR1,0.024214332927875053
CD46,0.37181085344878007
CD34,0.16056555546453002
PLXNA2,0.12076398599663561
LAMB3,-0.008539691277130812
G0S2,-0.13654731518131952
HSD11B1,0.41515475756674297
TRAF3IP3,-0.10951306042098997
IRF6,-0.04812699677260186
SERTAD4,-0.00992117624288339
HHAT,0.2097058563292061
RCOR3,0.05289706374860531
TRAF5,-0.2948379895197816
LINC00467,0.048622202258209235
SLC30A1,0.057921768911827654
NEK2,
LPGAT1,0.2251535630127251
INTS7,0.03331472064587443
DTL,-0.11881218733017164
PPP2R5A,0.05021761012469447
NENF,-0.03578334369854372
ATF3,0.10242548878319559
BATF3,0.006324835000786729
NSL1,0.257461411029787
TATDN3,0.20367216363159396
FLVCR1,0.09529463740355898
VASH2,-0.04803615643198762
ANGEL2,0.030093959401102946
RPS6KC1,0.00011186856811676998
PROX1,-0.028607211870089508
SMYD2,-0.03419890917059766
PTPN14,0.13314143756207286
CENPF,0.011778855303933147
KCTD3,0.13529648035498557
GPATCH2,0.03402395090761567
SPATA17,0.0718811434142278
RRP15,-0.26532013864516735
TGFB2,-0.0030712481470131104
LYPLAL1,0.09145532252913995
BPNT1,-0.11345849710693616
IARS2,-0.10769541057946727
RAB3GAP2,-0.24569389975634495
MARK1,-0.032515623382981536
C1orf115,0.16423047682184497
HLX,0.12431499410595624
DUSP10,0.03128995484527347
TAF1A,0.09096293581021037
MIA3,-0.08135896062327677
AIDA,0.1800082564085899
BROX,0.10923310642289248
FAM177B,0.031964233068771934
DISP1,0.0741049614684923
TLR5,0.11363455487224686
CAPN8,0.2373543058025489
CAPN2,-0.1918330228990548
TP53BP2,-0.16922890648034355
FBXO28,-0.3137357012002366
DEGS1,-0.16095498766804983
NVL,0.11382759290477654
CNIH4,-0.2271296223680645
WDR26,0.013740198903296084
CNIH3,-0.02013882484791726
DNAH14,-0.04448930158493686
LBR,0.0880692637204698
ENAH,0.1062409141085785
SRP9,-0.02799780636239877
EPHX1,0.07714061348629854
TMEM63A,-0.012539778530167788
SDE2,0.03141948862679485
ACBD3,0.026267613780185127
LIN9,0.08486651536362144
PARP1,0.15836589888902078
ITPKB,0.10015514303380364
PSEN2,0.232770114849249
CDC42BPA,0.16563625124247516
ZNF678,0.1337014762444642
SNAP47,-0.03864586406655119
JMJD4,-0.20260728346623175
WNT9A,-0.008708639536604317
WNT3A,-0.10612407095398879
ARF1,0.17592397589711867
C1orf35,0.20648906899206934
MRPL55,0.06196620999834654
GUK1,-0.06365383178587383
GJC2,-0.19538852085529188
IBA57,0.13305190282646687
OBSCN,0.1272282125417356
TRIM11,-0.2116192684769288
RNF187,-0.058135856266939706
RHOU,-0.002626203892141448
RAB4A,-0.011294028870577327
CCSAP,-0.04635363707036333
NUP133,0.02719782423285161
ABCB10,-0.025150742375089578
TAF5L,-0.09017097445686101
URB2,-0.025476187808258714
GALNT2,-0.20112096037844077
PGBD5,-0.08435170196046633
COG2,-0.07500033251029514
AGT,
CAPN9,-0.03757427016323908
C1orf198,-0.18128981852041215
TTC13,-0.16010123396032502
ARV1,-0.055603858771474717
FAM89A,0.08737298104114438
C1orf131,-0.08032642615174208
GNPAT,0.02018717304390462
EXOC8,-0.09043388655440968
SPRTN,0.05722644747740102
EGLN1,0.18755282666739698
TSNAX,-0.07437817604453126
DISC1,0.06128675552663618
SIPA1L2,0.17868854149278843
NTPCR,-0.010511315832452255
KCNK1,0.1768401837170045
COA6,-0.09073549249129732
TARBP1,0.1007997966239346
IRF2BP2,-0.10503135464292576
TOMM20,0.0296323429898004
RBM34,-0.0973494737050782
ARID4B,-0.08716220548402018
GGPS1,-0.0856788203202503
TBCE,-0.04239302961448695
B3GALNT2,-0.26839212339616225
LYST,-0.028309235325716577
NID1,0.05195734287876119
GPR137B,-0.07220153005294283
ERO1B,0.11666716113023393
EDARADD,-0.07436968877028079
LGALS8,-0.12529751710842413
HEATR1,0.0016525556296646815
MTR,-0.0026438853621625555
RYR2,-0.039914047321588896
CHRM3,-0.01955984814792719
FH,0.007195854968188891
KMO,-0.009306986905946278
OPN3,-0.08484316938672189
CHML,-0.040830117465048825
CEP170,0.22631834735284775
SDCCAG8,0.11245442920593203
AKT3,-0.1293575936868617
ZBTB18,0.06399245271815786
DESI2,-0.051870471397781635
COX20,-0.07615067132021085
HNRNPU,0.028847816032686775
EFCAB2,0.030842281390716
KIF26B,0.10400829923781425
SMYD3,-0.02071615188762111
TFB2M,0.2549463561164671
CNST,0.06523882303834302
SCCPDH,-0.006516600927914212
AHCTF1,-0.17154389734096925
ZNF124,0.06153847487542684
ZNF496,-0.11791412986657746
NLRP3,0.04154157076444092
TRIM58,-0.09923634287245574
SH3BP5L,-0.07334156948224924
ZNF672,0.20627438874364556
ZNF692,0.004384488042015403
FAM110C,-0.0007964668371401654
SH3YL1,-0.07678747073171784
ACP1,0.17596326122769507
TMEM18,0.42054409203074516
PXDN,0.08528007300426621
TRAPPC12,-0.09104994399039432
ADI1,-0.11426770638826211
RNASEH1,-0.02148697766413427
RPS7,-0.0014816369080843973
CMPK2,-0.12136711866446868
RSAD2,0.12458797001699427
RNF144A,0.05693095726671885
ID2,-0.023619408449381166
KIDINS220,-0.083414053493092
MBOAT2,0.1693684958254132
ASAP2,0.12932963386159152
ITGB1BP1,0.08347641683908574
CPSF3,0.059718223161386474
IAH1,-0.12753552379607097
ADAM17,-0.16084401916005103
YWHAQ,-0.06126422994463252
TAF1B,-0.034769185250610374
GRHL1,0.21125426826830895
KLF11,-0.11820045054667588
CYS1,0.0242401137972679
RRM2,
HPCAL1,-0.017835115830363856
ODC1,-0.2661209351539086
NOL10,0.005172969327071635
PDIA6,-0.0073208556003485125
ROCK2,-0.008859679055196145
E2F6,-0.3699166286039257
LPIN1,-0.08613054329078064
TRIB2,0.08630102350655783
NBAS,-0.12113342429775752
DDX1,-0.08986802333103805
VSNL1,0.016130481145723057
SMC6,0.055146095314339796
GEN1,0.12309725504266637
KCNS3,-0.09401777557566263
RDH14,0.16044277224216427
OSR1,0.10324749882950167
TTC32,-0.027560841363112307
WDR35,-0.05818758588072277
MATN3,-0.14665594910319538
LAPTM4A,0.04850044649613619
SDC1,-0.1282361475292701
PUM2,-0.0591140680115492
RHOB,0.008285280931089035
HS1BP3,0.04260662814140878
LDAH,-0.07022410898266884
KLHL29,-0.19087138955051797
ATAD2B,0.043880571132008786
UBXN2A,0.14136820813902007
MFSD2B,-0.16548031043756248
FKBP1B,-0.06940730978735102
SF3B6,-0.022628963477150654
FAM228B,-0.02053897844459869
TP53I3,0.05880225619675459
ITSN2,0.26478671429571
NCOA1,-0.1687726550455969
PTRHD1,-0.1219191106330402
CENPO,0.01099668605771541
ADCY3,0.007086709260995529
DNAJC27,-0.054774535828082394
EFR3B,0.015562860780667143
POMC,-0.03864313383206853
DNMT3A,0.020284800495380464
DTNB,-0.21640582464001498
ASXL2,-0.010301294856059594
KIF3C,0.09004756188255993
RAB10,0.12317731148001912
HADHA,0.028048275633047196
HADHB,0.07425845759134533
DRC1,0.12742480087074548
OTOF,0.27839804790267125
KCNK3,-0.00022608852285587507
CENPA,-0.06494975661222865
MAPRE3,-0.04172129295054179
TMEM214,-0.06537518247692946
AGBL5,-0.173615781124196
OST4,-0.12947038882734077
EMILIN1,-0.1353929137869546
PREB,0.08180024931596658
SLC5A6,-0.05418631423857328
ATRAID,0.012114328743453862
CAD,0.09485037256981185
MPV17,0.11693381115451558
GTF3C2,-0.05423596001271521
EIF2B4,-0.046558179532717875
SNX17,-0.028954900897678534
ZNF513,-0.0013168061321073253
PPM1G,-0.00603158308252299
NRBP1,0.16563505959881464
KRTCAP3,-0.16458576000359068
IFT172,0.28605272221518374
FNDC4,0.029564535153660955
ZNF512,-0.17642247475070297
CCDC121,-0.02667179322375458
GPN1,0.1040720581019503
SUPT7L,-0.053246825634043655
SLC4A1AP,0.018552179811544257
MRPL33,0.1573003726108912
RBKS,0.007936216330698782
FOSL2,-0.17787575054413574
PPP1CB,-0.039066164804646676
TRMT61B,0.2209328814701672
WDR43,-0.23651808467718602
CLIP4,-0.27395083892931393
YPEL5,-0.02596472519861818
LBH,0.07624461242156144
LCLAT1,0.10476479514290876
EHD3,0.1280855555852136
MEMO1,-0.07403684076477741
DPY30,0.02251848151730343
SPAST,-0.0054113529627589155
SLC30A6,0.033379610012668676
NLRC4,0.02758696997261017
YIPF4,0.20150360283688692
BIRC6,-0.025038400725905536
TTC27,0.04962162732300433
LTBP1,-0.06210891546882841
RASGRP3,0.14894959067081615
FAM98A,-0.08742615369517362
CRIM1,-0.04488448800938047
FEZ2,0.1821797594554399
STRN,-0.18461246778689
HEATR5B,-0.12143067733910244
GPATCH11,0.1012232203653608
EIF2AK2,0.18466478980793202
CEBPZOS,-0.04900641735179617
CEBPZ,-0.1890985693526995
NDUFAF7,0.027348050466312897
PRKD3,0.17632575578970489
QPCT,0.13186772731727003
CDC42EP3,-0.471434667374996
RMDN2,0.31632736623032354
CYP1B1,0.010664350683179558
ATL2,0.23513037535964673
HNRNPLL,-0.08016438868262865
GALM,-0.19249411185836354
SRSF7,-0.01573840237811533
GEMIN6,-0.030240545088253218
DHX57,0.013360381188650641
MORN2,0.06832802799441623
SOS1,0.0669450580442975
MAP4K3,0.09143481122560423
TMEM178A,0.17976826368472085
THUMPD2,-0.13646647741396098
SLC8A1,-0.13655215531823003
PKDCC,-0.23722321871602678
EML4,-0.2779739698577338
COX7A2L,-0.15245649100978367
MTA3,-0.06614408213491489
HAAO,-0.018531215984690503
ZFP36L2,-0.05014186369175671
THADA,0.22497950970900724
PLEKHH2,-0.02040188713593724
DYNC2LI1,0.09465045473344712
LRPPRC,0.30883347193238553
PPM1B,-0.1671659918290382
PREPL,0.2914463087316956
CAMKMT,-0.05726402474066222
SRBD1,-0.11547123075033654
PRKCE,0.15967624200920208
EPAS1,0.11936322598938631
ATP6V1E2,-0.06806996378496312
RHOQ,-0.1162820081815009
PIGF,-0.0751207726470799
CRIPT,0.15939348600716513
SOCS5,-0.197871703671651
MCFD2,0.048025320110289774
TTC7A,0.03474542097290721
CALM2,-0.03590214793541921
EPCAM,0.15909520129556287
MSH2,0.21481791139402476
MSH6,0.207056307661292
FBXO11,0.17871189907451476
FOXN2,0.08072235867629964
PPP1R21,-0.15672746801467563
STON1,-0.016902636064316946
ASB3,0.16296506281700118
CHAC2,-0.11273802714061897
ERLEC1,-0.020764868992942043
PSME4,-0.2874873751010236
ACYP2,-0.02963565468286776
C2orf73,0.15113530873697295
SPTBN1,0.14549552541877508
EML6,-0.04763545394109014
RTN4,-0.01957616171552635
CLHC1,0.02874295902377635
RPS27A,0.06376164598358376
MTIF2,0.04380740043449052
CCDC88A,0.013196699936794856
CFAP36,0.1172473656691897
PPP4R3B,-0.037268792849681605
PNPT1,0.19608492597107663
EFEMP1,0.078594752164274
VRK2,0.10156306637231773
FANCL,-0.1038597782965817
BCL11A,0.30015801115041774
PAPOLG,-0.061752218172921605
REL,0.05965717264442259
PUS10,0.10470277418238279
PEX13,-0.0660924181099521
USP34,0.15759539895728833
XPO1,0.20393838563578773
FAM161A,0.13115900522328425
CCT4,0.06610488808717284
COMMD1,0.13597351769513336
B3GNT2,-0.2786568686065321
EHBP1,-0.057051916984904104
WDPCP,0.16011059175585526
MDH1,-0.09652749060566586
UGP2,-0.1522054239831204
VPS54,-0.17091768317150052
PELI1,-0.03086285986561408
LGALSL,-0.05541332194347063
AFTPH,-0.02005571613969451
SERTAD2,0.2474395536367762
SLC1A4,-0.16264719557400653
CEP68,0.11184278196343722
RAB1A,0.18564710708538776
ACTR2,-0.04757546103359061
SPRED2,0.16751100785415213
MEIS1,0.13638590951143204
ETAA1,-0.11231028048189906
C1D,-0.01721358245794323
PNO1,-0.16771963762765843
PPP3R1,-0.01444792682486919
CNRIP1,-0.06499619107280752
PLEK,-0.02724718959250868
FBXO48,0.30606350267040217
APLF,0.15258410038297765
ARHGAP25,-0.05273775358457615
GKN2,0.044294548356738205
ANTXR1,0.009667216513994579
GFPT1,0.06087303768022861
NFU1,-0.02670937725812885
AAK1,-0.11497169930287543
ANXA4,0.1198012891512524
GMCL1,0.24587533028614192
SNRNP27,0.07701928762478255
MXD1,0.09089218768860267
PCBP1,0.04067218027183636
TIA1,-0.17111208232075817
PCYOX1,-0.13747664263476386
SNRPG,0.08649968596425903
FAM136A,0.15763754753771875
TGFA,-0.18976801676743754
ADD2,0.2639039393186187
NAGK,0.13748212496097115
MCEE,-0.1337172643847379
MPHOSPH10,0.08635856412231395
PAIP2B,-0.009163747949396502
ZNF638,-0.03761578905114306
DYSF,0.13915426052485824
CYP26B1,-0.023536242195905218
EXOC6B,-0.204373142206026
SPR,-0.06510441495709415
SFXN5,-0.1090566637125236
RAB11FIP5,-0.012803918617757776
SMYD5,0.1690807931939208
PRADC1,-0.20042296893986494
CCT7,-0.13258777579429004
FBXO41,0.08739361714955161
ALMS1,-0.16894622631128667
TPRKB,-0.18958156949508262
DUSP11,-0.07074190529608593
STAMBP,0.005903086221354564
ACTG2,-0.2445474373265008
DGUOK,-0.056680515068441045
TET3,-0.02395193282208317
BOLA3,-0.1380468673353677
MOB1A,-0.047319896279615074
MTHFD2,-0.12825971867002323
DCTN1,0.10980326676399034
WDR54,0.1203503585672828
RTKN,-0.1548325159970429
INO80B,-0.07799488715520604
MOGS,0.16727924817761358
CCDC142,-0.04096587886732877
TTC31,0.2527360844415947
LBX2-AS1,-0.07702266407380026
PCGF1,-0.011228084880283134
AUP1,-0.19841024875517746
HTRA2,0.1914589628610337
LOXL3,-0.11092277184637835
DOK1,-0.022510314307247675
SEMA4F,0.1194224498535747
HK2,-0.09626406595575683
POLE4,-0.19268610996350022
EVA1A,-0.09049580793136337
MRPL19,-0.021141860363229747
GCFC2,0.11995287834134376
SUCLG1,-0.08255012819229002
DNAH6,0.11681062472955998
TRABD2A,0.16226337134087646
TMSB10,-0.03455176300482387
KCMF1,0.1304104849320819
TCF7L1,0.21942280039053824
TGOLN2,-0.03369882687186998
RETSAT,0.004238157515439109
ELMOD3,-0.36791287433210573
CAPG,0.05080593761422715
MAT2A,-0.009166409687221756
GGCX,0.0969866876433636
VAMP8,-0.007086851580409995
VAMP5,0.090102766621974
RNF181,0.020847079038225545
TMEM150A,-0.16160801426051946
USP39,-0.20392182717420904
C2orf68,0.031385092213498875
SFTPB,0.037129020504634735
GNLY,0.018271740385485652
ATOH8,-0.0422281479469168
ST3GAL5,0.16404599420595706
POLR1A,0.11377107746486893
PTCD3,0.16036667685038325
IMMT,0.06836571778075459
MRPL35,0.0873508483072266
REEP1,-0.10126939562730354
KDM3A,0.19526535267678163
CHMP3,-0.20957841696061677
RNF103,-0.05928746292326108
RMND5A,0.12188841864685566
CD8A,-0.05952452251782793
KRCC1,-0.04665958714944976
THNSL2,0.10603124182373552
EIF2AK3,-0.12205345637234413
RPIA,0.13265222331925763
IGKC,-0.07448209888497787
MAL,-0.040546882843175674
MRPS5,0.052219681030260916
ZNF514,0.08917963449965823
KCNIP3,-0.08944266350724192
FAHD2A,-0.14091922962317233
LINC00342,0.15598702902261605
ANKRD36C,-0.18979668240436567
DUSP2,-0.09843893110482126
STARD7,0.12530434855261313
TMEM127,-0.017033597646959376
CIAO1,0.0148560509817658
SNRNP200,0.020530946786764384
ITPRIPL1,0.10936077469912452
NCAPH,-0.07734667488904202
NEURL3,0.15322254187314577
ARID5A,-0.17816148807564988
KANSL3,0.007256058233267675
LMAN2L,0.008745307290980157
CNNM4,0.11111210946313958
CNNM3,0.3549557358490479
ANKRD39,-0.027827859413881058
SEMA4C,-0.21151899219185516
ANKRD36,-0.08477830014735793
ANKRD36B,-0.28551322816037755
COX5B,-0.12774990519553855
ACTR1B,0.09625983290971077
TMEM131,0.09444917787617325
VWA3B,0.14137364910501338
INPP4A,-0.08343980996467801
COA5,0.035044029302753965
UNC50,0.16636112064912834
MGAT4A,-0.10729025792893326
TSGA10,0.056171812104896184
MITD1,-0.2655730410835566
MRPL30,-0.0814559328097908
TXNDC9,0.13556375491678566
EIF5B,-0.018096694282797976
REV1,0.018914630241925634
AFF3,0.23149363282249727
LONRF2,0.0385629092089285
CHST10,-0.03139168693809761
PDCL3,-0.12330184559865928
NPAS2,-0.017504721805274563
RPL31,0.22639173755670713
TBC1D8,0.23352306012025306
CNOT11,-0.3851670436710819
RNF149,-0.053529213140578055
MAP4K4,0.10192392639992508
IL1R2,0.07908530896823512
IL1R1,0.10207130407564631
IL1RL1,-0.09823346326217612
IL18R1,0.017033914968888307
IL18RAP,-0.18852821793036076
MFSD9,0.18648875953050528
MRPS9,-0.004392628223250607
TGFBRAP1,-0.16553386676064713
C2orf49,0.039507756710413906
FHL2,0.07838131273088889
NCK2,-0.06953915147453829
UXS1,-0.08752518828972725
SULT1C2,0.1219650328978363
SULT1C4,0.10760897424170304
GCC2,-0.004941896355792456
LIMS1,-0.13091881804266686
RANBP2,-0.17315630612514604
SH3RF3,0.009703833674332855
SOWAHC,-0.10224004855828671
RGPD5,-0.09476461434204513
NPHP1,-0.04227668870487868
BUB1,0.010623890684838757
ACOXL,0.1170434786826445
MIR4435-2HG,-0.16737032137467622
BCL2L11,-0.036900941601240814
ANAPC1,-0.18041749432641144
MERTK,0.0807758159018347
TMEM87B,0.11330133355540736
ZC3H8,0.0799802739131999
ZC3H6,0.0216830175892603
TTL,0.15663164574337848
POLR1B,0.039972588558929906
CHCHD5,0.1203827222134794
SLC20A1,0.05934877040971144
CKAP2L,-0.10759425106981813
IL1B,-0.11130827586641737
IL1RN,-0.07804108642933247
PSD4,-0.041063314952916014
PAX8,-0.16963618439682424
RABL2A,0.07689119684124675
SLC35F5,0.08455361836307261
ACTR3,-0.17050972781686594
DDX18,-0.008007954776796057
CCDC93,-0.012490590106457693
INSIG2,0.03108124567134494
MARCO,-0.09212508739374503
STEAP3,-0.039605761077065
DBI,-0.19861383244828598
TMEM37,-0.11519019010637117
SCTR,0.025380463986366807
CFAP221,0.06132889093378327
TMEM177,0.3595317462559256
PTPN4,0.00879889526788477
EPB41L5,-0.055286184755488334
TMEM185B,-0.04924271548746947
RALB,0.2025431649799348
INHBB,0.14134310896113153
GLI2,0.1313911197905996
TFCP2L1,-0.060617095967013576
CLASP1,-0.08176083796803602
NIFK-AS1,-0.06916988736956234
NIFK,0.05322002370642783
TSN,-0.1049571910579979
GYPC,-0.1984478648610689
BIN1,-0.16993060421301304
ERCC3,0.026509827829842632
MAP3K2,0.14934734659688886
IWS1,0.10106051949055132
LIMS2,0.01875327786814837
WDR33,-0.1054069064991095
SFT2D3,-0.08455145703919766
POLR2D,0.06110152970363705
AMMECR1L,-0.17229736031511536
SAP130,-0.32236203570877664
UGGT1,-0.13752371976715666
HS6ST1,0.026267150751216443
SMPD4,-0.07888890632847483
MZT2B,0.13260428787506073
CCDC115,0.005602238105850539
IMP4,0.054361229453584035
PTPN18,0.09478788834930099
ARHGEF4,0.1516840643330795
FAM168B,-0.034382346175917386
PLEKHB2,-0.20763012181680882
MZT2A,-0.12300068250910871
CCDC74A,-0.04371493261136403
GPR39,0.22323765734809073
NCKAP5,0.008031409040780342
MGAT5,-0.06894297710354994
TMEM163,-0.05911842712665069
CCNT2,0.014603169130461374
MAP3K19,0.04173026769908185
RAB3GAP1,0.04249606842780596
ZRANB3,0.1290358785965877
R3HDM1,-0.08943782330815228
UBXN4,-0.02227406234997435
MCM6,0.027849988083239553
CXCR4,-0.04507638322349738
HNMT,0.13416372126732698
SPOPL,0.10682356233983324
KYNU,-0.028142853237318872
ARHGAP15,-0.16178048369308431
GTDC1,-0.09018993607707865
ZEB2,-0.12952285197034166
ACVR2A,0.12342017338356778
ORC4,0.024216685723835077
MBD5,0.26711258185728765
EPC2,0.260903425417484
MMADHC,0.03723644173183232
RND3,0.08742544963155954
RBM43,0.1346117390050607
NMI,-0.05152939459361344
TNFAIP6,0.0036702634180708
RIF1,-0.14029067046201416
NEB,0.11283847605014317
ARL5A,0.06303556611009763
CACNB4,0.03724891996298453
STAM2,0.09176200639727297
FMNL2,0.025635590889199453
PRPF40A,-0.025328135941640507
ARL6IP6,-0.07903139344363087
GALNT13,-0.0989263779272462
KCNJ3,-0.09422682380491426
NR4A2,-0.08670858710789803
GPD2,-0.05770835472243797
GALNT5,-0.23834950548610406
CYTIP,-0.07689509202635259
ACVR1,0.14310320449921304
PKP4,0.18433839368751656
TANC1,0.13008254275875547
WDSUB1,-0.17148912971510985
BAZ2B,0.11257956698450043
CD302,0.10416605057025599
PLA2R1,0.017012057561797325
ITGB6,-0.07871682231437223
RBMS1,-0.05685278193113686
TANK,0.0194144624026679
PSMD14,-0.05997505150721582
DPP4,-0.18005145398114641
FAP,0.05279465079824201
IFIH1,-0.03535077595926377
GCA,0.05817453898814792
FIGN,-0.02622682148263849
COBLL1,0.1419261081642221
CSRNP3,-0.08441619089846807
GALNT3,-0.07372420494755462
TTC21B,0.0034982002188743274
SCN1A,-0.030615754528522297
SCN9A,0.019230944245986804
SCN7A,0.04614557127019553
STK39,-0.2507095337487194
CERS6,0.09217965109366982
NOSTRIN,0.12140455054577215
SPC25,0.11304155058693291
DHRS9,-0.0783724902674075
LRP2,-0.11129877909288084
FASTKD1,0.062151086067934194
PPIG,0.14776016881067405
PHOSPHO2,-0.116109836609971
KLHL23,-0.11375793314329302
SSB,-0.08400785026519633
METTL5,-0.08321896278945771
UBR3,-0.12737474830196238
ERICH2,0.11741261477132957
GORASP2,-0.08171808321303739
TLK1,-0.14232975621183905
METTL8,0.014438264215986213
DCAF17,-0.05972476750612748
CYBRD1,0.02699652535827137
DYNC1I2,0.09375877262539696
SLC25A12,0.04732017297569609
HAT1,-0.09305862495872218
ITGA6,0.0780089675835936
PDK1,-0.18414718774899932
RAPGEF4,0.06375866910825434
CDCA7,-0.0568191968924002
SP3,0.13076349770582016
OLA1,0.009610001808339992
CIR1,-0.024359684690044438
SCRN3,0.05882239233690084
GPR155,-0.13316934872323571
WIPF1,-0.19009343682303492
CHN1,0.09232020347099235
ATF2,-0.07807455956471229
HAGLR,-0.11417910350425875
MTX2,-0.05096407111823545
HNRNPA3,-0.14784310740287557
NFE2L2,-0.012175101876994492
AGPS,-0.05133144603574683
RBM45,0.15915886324955528
OSBPL6,0.15758845944177788
PRKRA,0.11543709557381647
FKBP7,0.011880547358667212
PLEKHA3,-0.20450467812439066
TTN-AS1,0.1958056402322508
TTN,0.10775318812105514
CCDC141,-0.016700007833135883
SESTD1,0.05581386651397183
ZNF385B,0.001577362903833172
CWC22,-0.09724756638095339
UBE2E3,0.08324611310682148
ITGA4,-0.00014426318033011407
PDE1A,0.024874948946264294
DNAJC10,0.07404420880319645
FRZB,-0.08862713102334066
NCKAP1,0.07757832540317877
DUSP19,-0.015749149929277183
NUP35,0.35644579438513574
ZC3H15,0.017856971779829887
ITGAV,-0.038300018957288004
FAM171B,0.4370237773914836
CALCRL,0.0853116372422337
TFPI,0.22232906237966496
GULP1,0.06024360059036846
COL3A1,-0.035176422495724925
COL5A2,-0.06404143433462013
WDR75,0.012381536789426252
SLC40A1,-0.02612317290586549
ASNSD1,0.07275033279812224
ANKAR,0.05109925301536432
OSGEPL1,-0.25131644135091097
ORMDL1,-0.03421228865545329
PMS1,0.02766285907929314
C2orf88,-0.08265789871159211
HIBCH,0.14264565951405841
INPP1,0.08981662543626062
MFSD6,-0.03320403483181073
NEMP2,0.03459670830239049
NAB1,0.11314213186819955
GLS,-0.122194931913588
STAT1,0.11546787317028559
STAT4,-0.17439757434308534
MYO1B,-0.09059208160193614
NABP1,0.015320404304868643
SLC39A10,0.032077436105805254
DNAH7,0.09191592595361117
STK17B,-0.03766658108881952
HECW2,0.19016559959725268
GTF3C3,-0.10527371218306249
PGAP1,0.3240910593865381
ANKRD44,-0.1048528190839455
SF3B1,0.03285326335806655
COQ10B,-0.1352533031056445
HSPD1,0.10453898596167313
HSPE1,0.08860663153396428
MOB4,-0.14642419549474575
RFTN2,0.14399007826014878
PLCL1,0.006461463145641002
SATB2,-0.08556986692917676
C2orf69,-0.16961047249352065
TYW5,0.07204532071779614
SPATS2L,-0.11742067750252332
KCTD18,0.12475006725680361
AOX1,0.13977293625548903
BZW1,0.09140391741273209
CLK1,-0.0963701226696802
PPIL3,0.09026527013978891
NIF3L1,-0.03311264003720141
ORC2,0.17268524457868573
NDUFB3,0.0468153593076274
CFLAR,0.021019426009815104
CASP10,0.018633009322286107
CASP8,-0.06026780590132854
TRAK2,-0.011804472352205683
STRADB,-0.0036500827156798754
TMEM237,-0.002996305912889476
ALS2,-0.11651968005072391
FZD7,0.04744069610320534
KIAA2012,0.018436200854835334
SUMO1,-0.022481229949671246
NOP58,-0.1145214267133632
BMPR2,0.1567439786132684
FAM117B,0.09515117154754854
ICA1L,-0.027978731677558474
WDR12,-0.0735417458899155
CARF,0.08548684696045936
NBEAL1,-0.0013977404263493705
CYP20A1,0.0010437917330157268
ABI2,0.013220089631922772
RAPH1,0.18367432641505863
PARD3B,0.020508742566384602
NRP2,-0.055544234694295806
INO80D,-0.04604398767566926
NDUFS1,0.1093748884614821
EEF1B2,0.12296413634923829
ZDBF2,-0.18013395826839707
ADAM23,-0.17741860654619634
FASTKD2,0.011710408309831798
KLF7,-0.006515307712371073
CREB1,-0.14259488752265845
METTL21A,-0.0988619085147484
CCNYL1,-0.05728364055260083
FZD5,0.06768213204488868
IDH1,0.0409003792473444
PIKFYVE,-0.02765057346250148
MAP2,-0.026712851706041978
RPE,-0.08330693080557014
KANSL1L,0.09061108378953298
ACADL,-0.005884171321396094
LANCL1-AS1,0.0025560691132387684
LANCL1,0.0062366894403811796
CPS1,-0.015188648302338015
ERBB4,0.2895601485360422
IKZF2,-0.050986178719823465
SPAG16,-0.04257692065005947
BARD1,-0.08606771989551842
ATIC,-0.06267568922440607
FN1,-0.020473984969579754
LINC00607,-0.11781102918324082
MREG,-0.03123746338206617
PECR,0.06846062859763306
XRCC5,-0.06993877254404089
SMARCAL1,0.1500622042499633
RPL37A,-0.041712687187330934
IGFBP2,-0.06235436804587329
IGFBP5,0.0147609319558974
TNS1,-0.0459915861621414
RUFY4,-0.012931821552193952
CXCR2,0.1350575014629532
CXCR1,-0.0430037337377578
ARPC2,-0.016498314296558104
GPBAR1,0.08865070507812726
AAMP,0.12390771979411204
PNKD,-0.0161630744686448
TMBIM1,0.1833416987230758
SLC11A1,-0.05610044099019104
CTDSP1,0.07624436657332333
USP37,0.1288489752353019
ZNF142,-0.22428549053340696
BCS1L,0.18814548466904657
STK36,0.03681931667963687
TTLL4,-0.2142613942324116
CYP27A1,-0.06903913625798216
CNPPD1,-0.17704233355832652
ZFAND2B,0.056420868281716226
ATG9A,0.04069933444011391
ANKZF1,-0.09629283148385502
GLB1L,0.16628831877391753
STK16,-0.08389835884900271
TUBA4A,-0.19674355798646923
DNAJB2,0.0290065453511245
DNPEP,-0.044237814148851536
DES,-0.22839516556545542
SPEG,-0.1958816992814771
GMPPA,-0.16275212202513004
CHPF,-0.07728082276102347
TMEM198,-0.059256762096496475
OBSL1,-0.1861770453615487
STK11IP,0.27705349972381776
EPHA4,0.18499870382790487
SGPP2,-0.052426416386897115
FARSB,-0.015449332207739024
ACSL3,0.2748226010682867
KCNE4,-0.13314888158594929
SCG2,0.056987184493137076
AP1S3,0.17025544267956533
WDFY1,-0.0734125819379805
MRPL44,0.08897050575245656
SERPINE2,0.07517973081314479
FAM124B,0.05535432634436419
CUL3,-0.047414561999431816
DOCK10,-0.1839796975025009
IRS1,0.06531578389705822
RHBDD1,0.009889206215748899
COL4A4,-0.004770302928954195
COL4A3,-0.016844352379470198
MFF,-0.3195782144212421
AGFG1,-0.15069469496837162
SLC19A3,-0.2475530457073133
CCL20,-0.11666590343225966
DAW1,0.1513084244745928
PID1,0.15178810033309684
DNER,0.19323682063755412
TRIP12,-0.2371534138970896
SLC16A14,0.011495940826515456
SP110,0.015701018818053712
SP140,-0.1417379130978714
SP140L,-0.20027676868493377
SP100,-0.07289100675473895
CAB39,-0.11031196204399382
ITM2C,-0.14867595203254308
PSMD1,0.2251605161292645
ARMC9,0.014333250307020854
B3GNT7,-0.15390912242833013
NCL,-0.05188001308965609
NMUR1,-0.09089868282857753
PTMA,-0.01265083084355546
PDE6D,-0.18728340927525683
COPS7B,-0.059919617955646924
DIS3L2,0.02818523593391602
ALPP,-0.0164606776920063
TIGD1,0.2812640263863864
EIF4E2,0.04754077475380383
EFHD1,-0.11601057686814405
GIGYF2,0.16863893805578098
INPP5D,0.0361452487230983
ATG16L1,0.019722695548105754
DGKD,-0.16046112850389765
USP40,-0.052588742548860604
HJURP,-0.15278764620610003
ARL4C,-0.06339954104409105
SH3BP4,0.3116268680161963
AGAP1,0.1309530657604388
IQCA1,0.14191691280035315
ACKR3,-0.20137364205885103
COPS8,0.12155813932978463
COL6A3,0.03377245024229504
MLPH,-0.031783271388598947
RAB17,-0.026116521671524708
LRRFIP1,-0.03661055888485616
RAMP1,-0.22798798314719101
UBE2F,-0.0421529915041028
SCLY,0.03582725637717691
ILKAP,-0.18030543403823585
HES6,-0.07012354354738658
PER2,0.07099589879296936
TRAF3IP1,-0.005500611813584624
ASB1,0.06462893540970624
TWIST2,0.005589765089189374
HDAC4,0.054626620163391405
NDUFA10,-0.10142313877423474
GPC1,0.025987544887393195
ANKMY1,0.011732503093353755
DUSP28,-0.14046497033556016
RNPEPL1,-0.1639814036130659
CAPN10,-0.1026776433135303
SNED1,0.2870217850396557
MTERF4,-0.03171861790515573
PASK,-0.03388937872150417
PPP1R7,0.29189073625794204
HDLBP,-0.21404216647362004
FARP2,0.20930425404598013
STK25,-0.13016063678820616
BOK,-0.22770542359218646
THAP4,-0.08906685616536533
ATG4B,0.06515909944271073
DTYMK,0.15255046217407864
ING5,0.07472135326870355
D2HGDH,0.12861743510412163
CHL1,0.07850959773812252
CNTN6,0.07703478547094529
CNTN4,-0.02354798814073319
TRNT1,-0.11752874533841791
CRBN,0.13958981592772415
SUMF1,-0.003224172258382484
SETMAR,-0.03980202023814122
ITPR1,-0.10370684847659838
BHLHE40,-0.10701706246831622
ARL8B,0.07163885820320046
EDEM1,0.1309185933005945
LMCD1,0.00505218510806249
RAD18,0.08398471402997398
SRGAP3,0.1541978193200295
SRGAP3-AS2,
THUMPD3-AS1,0.01597987354125692
THUMPD3,0.23958957703980713
SETD5,-0.17766934184831057
MTMR14,-0.109738958661026
BRPF1,-0.05401570025291423
OGG1,-0.05861673421493741
CAMK1,0.0526248577613551
TADA3,0.13752347935014994
ARPC4,-0.05393350223714884
TTLL3,0.004753967238346393
RPUSD3,-0.0034049155584682514
JAGN1,0.5236824219952125
IL17RE,0.01412532066137048
IL17RC,0.12241589470584693
CRELD1,-0.0879233903646332
PRRT3,0.09614368092127845
EMC3,0.28801166969323744
FANCD2,-0.018814784034487095
BRK1,-0.035871860801175395
VHL,0.002058920589975849
IRAK2,0.04072848222859768
TATDN2,-0.046254404789224976
SEC13,-0.10201091969525422
HRH1,-0.03202552574818049
ATG7,-0.09457229995599131
VGLL4,-0.13589330368769587
TAMM41,0.1182142691866284
SYN2,0.1575552705226191
TIMP4,
PPARG,-0.2147177451930693
TSEN2,-0.23120663603643057
MKRN2,0.08377361961771167
RAF1,-0.032142441188003766
TMEM40,-0.040241520541607914
CAND2,-0.19167826199570603
RPL32,0.0533621927874416
IQSEC1,0.007375671036220286
NUP210,-0.04783598514290613
HDAC11,0.0012466407232507278
FBLN2,0.1378484207743745
WNT7A,-0.018694388447400626
CHCHD4,-0.0349493043150162
TMEM43,-0.12934495262615878
XPC,0.17245307677931673
LSM3,-0.05699389028132467
SLC6A6,0.010559694502097662
CCDC174,-0.26824869805936186
FGD5,0.12685499709210835
FGD5-AS1,-0.0773742013859063
NR2C2,0.22200973201865296
MRPS25,0.05066017968413543
RBSN,0.16525184722440045
CAPN7,-0.12510225784605505
SH3BP5-AS1,0.18883127854061746
SH3BP5,0.13362905848343534
METTL6,0.0022131946243483733
EAF1,-0.23393859490248342
HACL1,0.09295742096594051
BTD,-0.11154615986721989
ANKRD28,-0.23930440560564448
GALNT15,0.13098851415441878
DPH3,0.15164156843843446
OXNAD1,-0.12653961429334634
RFTN1,0.03536780803384403
PLCL2,-0.10579893753338541
TBC1D5,-0.026644169868711064
SATB1,0.3651372486633929
EFHB,0.013910526984865178
RAB5A,-0.07419066626225419
KAT2B,0.027008819285296647
ZNF385D,-0.07402488138231549
UBE2E2,-0.006339470577630681
UBE2E1,-0.09320281720306163
NKIRAS1,-0.13574239928778634
RPL15,-0.037213809164808945
NR1D2,0.03022836774782185
THRB,0.04035096374357923
RARB,-0.04161915465869325
TOP2B,-0.08765012484451808
NGLY1,0.06940439657458795
OXSM,-0.18368532300779142
NEK10,0.0899785861234205
SLC4A7,-0.17509379971476804
EOMES,-0.15441295920361398
CMC1,-0.22660724815543662
AZI2,-0.05606661783753049
RBMS3,0.10617944596684777
TGFBR2,0.18815257546170486
STT3B,-0.1055763439121396
OSBPL10,-0.017706130064846833
GPD1L,0.026074309461678886
CMTM8,0.1902532481408521
CMTM7,0.04441014317379331
CMTM6,0.12558032092394444
DYNC1LI1,0.07648623965807445
CNOT10,-0.17730667560108568
TRIM71,0.10972838344351073
CCR4,0.21713629482900992
GLB1,0.009829022697432263
CRTAP,0.052363837441113295
SUSD5,-0.09499867280874938
FBXL2,-0.08299457294811094
UBP1,0.07602787187160981
CLASP2,-0.21317796203772005
PDCD6IP,-0.10464459228724649
STAC,-0.33255579185816153
TRANK1,-0.2353499413146388
EPM2AIP1,0.02089793806882804
MLH1,-0.036069169299944547
LRRFIP2,0.026207590055320813
GOLGA4,-0.2754134435739616
ITGA9,0.10062120106581164
CTDSPL,0.06997689160136819
VILL,0.13979835879404914
PLCD1,0.08781762915518514
DLEC1,0.096725687913161
ACAA1,0.01905728625061125
MYD88,0.05013996073715175
OXSR1,-0.1799495902594117
XYLB,0.019559156802765813
ACVR2B,0.04662498469921035
EXOG,-0.15763067592885957
WDR48,-0.015821211384630676
GORASP1,0.23417361177979876
TTC21A,0.22237426800030471
CSRNP1,0.052686470739381014
XIRP1,
CX3CR1,0.21958650491533713
SLC25A38,-0.19659607819532354
RPSA,0.006140935917307883
EIF1B,-0.0901368378548065
RPL14,-0.015437574678137663
ZNF619,-0.06590403586488126
ZNF621,0.048630913437133015
CTNNB1,-0.0730707381224664
ULK4,-0.0018679797916303113
TRAK1,0.2302683707186946
VIPR1,0.1201739058640061
SEC22C,0.11527411856333859
SS18L2,-0.04208533261228443
NKTR,0.020624293508696694
ACKR2,-0.06466694498133542
ZNF662,-0.06947274155767019
POMGNT2,0.2362978946861683
SNRK,0.16216661206078797
ANO10,0.10355136213442208
ABHD5,-0.19574838226624194
TCAIM,0.2686257742981284
ZNF445,0.02228364573152812
ZKSCAN7,-0.15085610954655806
ZNF660,
ZNF197,-0.003435133716285902
ZNF35,0.19140078620858267
ZNF502,-0.03186005439685483
KIAA1143,0.31539194790817315
KIF15,-0.008726935258849301
TGM4,-0.04959990415958033
ZDHHC3,0.06022949451216783
EXOSC7,0.0007277740478788897
CLEC3B,-0.11879030033865044
CDCP1,-0.19655201496501146
TMEM158,0.3176803381845905
LARS2,-0.20492772595528216
LIMD1,0.17422242908983887
SACM1L,-0.049020010405846165
SLC6A20,-0.20462406090983812
LZTFL1,-0.10264474475088194
FYCO1,-0.08494061556206228
CXCR6,-0.21469632547041181
CCR1,-0.010971765649078521
CCR2,-0.09922853443293644
CCR5,-0.0027901201126875634
CCRL2,0.05039400355397937
LTF,-0.09395205468037485
ALS2CL,0.02172783307775646
PTH1R,-0.01809937970767906
CCDC12,0.10175144846825324
NBEAL2,0.1362140616696419
SETD2,-0.0550842423006905
KIF9,0.15886992356803917
KLHL18,-0.0927862326835955
PTPN23,0.1398888548327668
SCAP,-0.165323124189635
ELP6,-0.06697179463074927
CSPG5,-0.04892752685927017
SMARCC1,0.1222040464716591
DHX30,0.15074049117723137
MAP4,0.07258145087774993
ZNF589,-0.011742878163186069
NME6,-0.185294362539152
PLXNB1,-0.03754828223613839
CCDC51,0.03785018983281133
TMA7,-0.060651321189258076
ATRIP,0.017994392861678997
SHISA5,-0.10380825442428192
PFKFB4,0.10740503514877012
COL7A1,-0.04433019493849595
UQCRC1,0.3777137872516031
SLC26A6,-0.039960058765195684
NCKIPSD,0.0449150358373684
IP6K2,-0.0016802841102050645
PRKAR2A,-0.14382626529142373
SLC25A20,0.08661184154325487
ARIH2,-0.10555960723326718
P4HTM,-0.009480422094262746
WDR6,-0.04987857951485089
DALRD3,-0.042523644771955346
NDUFAF3,-0.09100255448946473
IMPDH2,0.0006315019632824465
QRICH1,0.048941605447643845
USP19,-0.07746428063767977
LAMB2,-0.021530952597103435
CCDC71,-0.04142699485452883
KLHDC8B,0.023035971344615346
C3orf62,0.035862973835278755
USP4,-0.08571689543289883
RHOA,0.18193596851890192
TCTA,-0.007845825765667128
DAG1,-0.12123810677310468
APEH,-0.07047471362579873
RNF123,0.010819011997001554
GMPPB,-0.09095793366395573
IP6K1,-0.13313556476052807
CDHR4,0.029469712688158345
UBA7,-0.018089791150634783
MST1R,-0.1237778092002903
RBM6,-0.06353210704261113
RBM5,0.0694433150889091
SEMA3F,0.15941012372871716
GNAI2,0.26543196588474494
SEMA3B,-0.03869682487701484
IFRD2,-0.05601711239029263
HYAL1,0.16052898190322656
HYAL2,0.11078800623929841
TUSC2,0.08413458391423848
RASSF1,-0.17762623351636952
ZMYND10,0.019035830026019433
NPRL2,0.05200509524306403
TMEM115,-0.14643766372333392
CACNA2D2,-0.17942961468465612
HEMK1,0.1977524979287658
CISH,0.18187169731032984
MAPKAPK3,0.008982538443248837
MANF,0.05857761108277045
RBM15B,0.028511122029859472
RAD54L2,0.1818290469836456
TEX264,-0.2800307525474683
RRP9,0.17364437291148474
PARP3,-0.16289678893475354
PCBP4,-0.11673297853395573
ABHD14B,-0.08790837125064373
ABHD14A,-0.06667500016432583
RPL29,-0.06596058267290607
DUSP7,-0.08082959515471623
POC1A,-0.009090572166074739
ALAS1,-0.07059530336868086
TWF2,-0.09142895862823225
PPM1M,-0.11832031777211122
WDR82,0.11392146448418985
GLYCTK,-0.10482395639459101
DNAH1,0.09025436444524644
BAP1,-0.09052268989595658
PHF7,0.1261065433451581
SEMA3G,0.055563243070662655
TNNC1,-0.08433413330206828
NISCH,0.14923279538189774
STAB1,-0.10887387025644273
NT5DC2,0.010789190184413497
PBRM1,0.13307399691253907
GNL3,0.07134651395005329
GLT8D1,-0.06975012892278712
SPCS1,0.15471555820339264
NEK4,0.08240371479905848
SFMBT1,-0.14291905327183255
RFT1,-0.16902134321577425
PRKCD,0.23612918090627083
TKT,0.21361248260651367
DCP1A,-0.03977109450154355
CACNA1D,0.06902279182783304
CHDH,-0.024626719556698408
ACTR8,-0.06293075966524787
CACNA2D3,0.004395134577482678
WNT5A,0.05587371793660009
CCDC66,0.0971931202140649
ARHGEF3,-0.05406894561335156
APPL1,-0.02428051042993066
DNAH12,0.09972596985055945
PDE12,-0.08517289328138823
ARF4,0.15184022994642457
DENND6A,0.04935467092651426
SLMAP,-0.14781296537307653
FLNB,0.00611031543166872
DNASE1L3,0.11037308670556037
ABHD6,0.14529535437438879
RPP14,0.03454411646147624
PXK,0.18047072750018406
PDHB,-0.010119195376959229
KCTD6,0.27951263002411664
FAM107A,0.07666949365467693
FAM3D,0.15818641705049302
FHIT,0.14091374673753357
PTPRG,0.18004982929861063
SNTN,0.1536571808894385
THOC7,-0.005181779301592712
ATXN7,0.10235342074012771
PSMD6,0.04854386906630741
PRICKLE2,0.23331296858695072
ADAMTS9,-0.02847019963571754
ADAMTS9-AS1,-0.15424300296757773
ADAMTS9-AS2,0.10240400687793051
MAGI1,0.1238009234784113
SLC25A26,-0.1564045367988179
LRIG1,0.12084568966415472
KBTBD8,0.08034785683567612
SUCLG2,-0.044726206637140616
EOGT,0.03202571358994076
TMF1,-0.03642727269669775
UBA3,0.05620985152200693
ARL6IP5,-0.04164452119298611
FRMD4B,0.24060194765380843
MITF,-0.17585103597265217
FOXP1,0.06887717644945096
EIF4E3,-0.016842825701984882
PROK2,-0.14006154661649578
RYBP,-0.032979445640876376
SHQ1,0.1416777912903277
GXYLT2,0.004041819553820316
PPP4R2,0.01646085346066982
PDZRN3,-0.09775811457273562
ZNF717,0.04273889501822563
ROBO2,0.03444435502856297
ROBO1,0.010432281446266987
GBE1,-0.08558714107070398
CADM2,0.026427104886178214
VGLL3,-0.17430187878392603
CHMP2B,0.053760247700113756
CGGBP1,0.17545882738778473
ZNF654,0.1598560196704957
C3orf38,-0.07967134694160848
EPHA3,0.09544718062110669
PROS1,0.12336011292526879
ARL13B,-0.15669018608014576
STX19,0.1334401770358265
NSUN3,0.10894413640131984
ARL6,0.1660930494776659
CRYBG3,0.21884148067846595
CLDND1,-0.09254782683021158
CPOX,0.21383505008415585
ST3GAL6,0.009011499109639172
DCBLD2,-0.008348697442100782
COL8A1,-0.058499667119572996
CMSS1,-0.3160667714643493
FILIP1L,-0.19038485064635516
TBC1D23,-0.11989397113190273
NIT2,-0.0879383312713615
LNP1,-0.0843502474453952
TMEM45A,-0.006206927330374623
TFG,0.2137966397413201
ABI3BP,0.0014619157539819336
SENP7,0.07783395668581634
TRMT10C,0.19140848387764633
PCNP,-0.08003275725844972
ZBTB11,-0.3491958806893487
RPL24,-0.11234773580154274
CEP97,0.09477128094160707
NXPE3,-0.09552167061584765
NFKBIZ,-0.008032883729907864
ALCAM,-0.09818987786485976
CBLB,-0.10894486207261339
DUBR,0.08009580034579233
BBX,-0.021126369292700956
CD47,-0.013114592642697476
IFT57,0.07374061840930247
DZIP3,-0.0322004146605295
CD96,-0.16603790708948477
PLCXD2,-0.04646235469599232
PHLDB2,-0.02470867263130134
ABHD10,-0.009770341168196445
C3orf52,0.06517827517027537
CD200,0.2073254718085029
ATG3,-0.060097484184145275
SLC35A5,0.04889891020830734
CCDC80,0.09683530075882868
GTPBP8,-0.10547457049990383
BOC,-0.13922791548954921
CFAP44,-0.07489263983274629
SPICE1,-0.02277609662585662
SIDT1,0.008114355921075962
USF3,0.12546638498913049
NAA50,-0.19920336610048942
ATP6V1A,0.18825381639724728
GRAMD1C,0.026800446350817023
ZDHHC23,0.14636911891425983
CCDC191,0.12667089661695838
ZBTB20,0.027922293020092706
LSAMP,-0.0986364337349451
B4GALT4,-0.2337611229460379
ARHGAP31,0.1499672164574133
TMEM39A,-0.04662577180061182
POGLUT1,0.004861613741278949
TIMMDC1,0.013915275784421203
ADPRH,0.03672549145419944
PLA1A,-0.04418483519719844
COX17,0.09994273287640183
GSK3B,0.03300035527940376
LRRC58,0.20065300720046034
FSTL1,-0.0809263667388527
NDUFB4,0.21509388184421305
RABL3,-0.03102836984003067
GTF2E1,0.16599698816952577
POLQ,-0.12675426800205014
HCLS1,-0.07494670396645081
GOLGB1,-0.24371242684087507
IQCB1,0.12328841592587449
SLC15A2,0.025073629602931136
CD86,0.06602857236420377
CSTA,0.29469129894289287
FAM162A,0.07496727823505325
WDR5B,0.027946958140098076
KPNA1,-0.10334724478404608
PARP9,0.15006636429870074
DTX3L,0.07368144298082589
PARP15,-0.1560866734770496
PARP14,0.14606742987233276
HSPBAP1,-0.08505284668305776
PDIA5,0.0965125535026943
SEC22A,0.0104067756242722
ADCY5,-0.18515469446242444
HACD2,-0.006044005012647001
MYLK,0.007201152823887395
CCDC14,-0.2159232465854845
KALRN,0.0944759166241736
UMPS,0.031395491832642515
ITGB5,-0.07375793755739564
HEG1,0.005805603203071788
SLC12A8,-0.08170018652479547
ZNF148,-0.16436787558465424
SNX4,0.20778728204720584
OSBPL11,0.042041668817971695
SLC41A3,0.12420574472051965
ALDH1L1,0.23017697528201506
KLF15,-0.06342182780702907
CFAP100,0.15043376390665508
ZXDC,-0.021571638533132736
CHST13,
TXNRD3,-0.01817162237393517
CHCHD6,-0.11886923120775485
PLXNA1,0.047794231096742856
TPRA1,0.033214578310503666
MCM2,0.12636847991297534
ABTB1,0.006630095122302476
MGLL,-0.020113636214091853
SEC61A1,-0.15382364299277737
RUVBL1,-0.023714860991438165
EEFSEC,-0.01125175425356345
GATA2,0.003712890573130203
GATA2-AS1,0.08268386389646545
RPN1,0.14530747744851272
RAB7A,0.08161899174194305
ACAD9,0.13138835023484136
EFCC1,0.10695277772510711
ISY1,-0.059280070940623486
CNBP,-0.19117312780316903
COPG1,0.06344771784618077
HMCES,-0.28016839972627466
EFCAB12,0.11158731519467047
MBD4,0.12823903094533434
IFT122,0.13571733653407014
PLXND1,0.11860034206942076
TMCC1,0.026033105169022627
COL6A5,-0.08451558369354181
COL6A6,-0.033406247893424876
PIK3R4,0.22548509634708896
ATP2C1,-0.17529064795240082
ASTE1,-0.30317580661512983
NEK11,0.11765826696727806
NUDT16,0.12400187370629046
MRPL3,0.2574871479401899
DNAJC13,0.022603221506565463
UBA5,-0.13280342317311455
NPHP3,-0.10830163957005293
TMEM108,0.12705131532487005
CDV3,-0.15154983882407697
TOPBP1,-0.032153660256925856
SRPRB,-0.012779450057452579
RAB6B,-0.018967857716308184
C3orf36,-0.03421405380313004
SLCO2A1,0.0949867231229962
RYK,0.07927325558493269
AMOTL2,-0.08669216395796414
ANAPC13,-0.19865132692631893
CEP63,0.18251848909687649
PPP2R3A,-0.07225878774564985
MSL2,-0.40410225012024037
PCCB,0.05899483632969342
STAG1,-0.0985808907839886
SLC35G2,-0.06269839211822809
NCK1,0.010914329503613372
CLDN18,-0.1744619692971373
DZIP1L,-0.04618354205211454
DBR1,0.05516090383245062
ARMC8,0.03960540554020715
MRAS,-0.0950069935481037
ESYT3,0.008677611485034573
CEP70,-0.10944918264153983
FAIM,-0.09339646518045737
PIK3CB,-0.03587588887198645
MRPS22,-0.19733596750875382
COPB2,-0.02751905103862276
RBP1,-0.024497871075036124
CLSTN2,0.01440531386617971
SLC25A36,-0.01845868827557238
PXYLP1,0.028147641899094834
ZBTB38,0.027175425114807188
RASA2,-0.0749984307557513
RNF7,0.05116453972260708
ATP1B3,-0.10606525688947502
TFDP2,-0.2700051986491225
GK5,-0.19090665808713114
XRN1,-0.032108008211543596
ATR,-0.04117709689096165
PLS1,-0.2117392004667621
TRPC1,0.03890585712865398
PCOLCE2,0.05673249076945188
U2SURP,0.04240070469289764
CHST2,0.17551417018855758
SLC9A9,0.14209794131187187
PLOD2,-0.04593525252624983
PLSCR4,0.06200685644170279
PLSCR1,0.11573024854899372
AGTR1,-0.11070600586042871
CPA3,-0.09903322793816409
GYG1,-0.20323168864066884
HLTF,0.13299855728319254
HPS3,-0.26642726143618795
CP,0.17072599431250787
TM4SF18,0.0864325869713171
TM4SF1,-0.039031095821418824
WWTR1,0.13327325841707807
COMMD2,-0.14148707815238365
ANKUB1,0.1210887972518622
RNF13,0.044796264096518046
PFN2,0.012720381258010303
TSC22D2,0.019340298372967434
SERP1,-0.16870261864317113
EIF2A,0.12810181155260708
SIAH2,-0.012168324931806418
GPR171,0.11054267554825148
P2RY14,0.14898905993874953
P2RY13,0.07678638031293333
IGSF10,0.0848704309956254
SUCNR1,0.25861917290466463
MBNL1,-0.21367465785971584
MBNL1-AS1,-0.11035302440155174
P2RY1,0.17597918995402737
RAP2B,0.06391644373548458
ARHGEF26,-0.24655987711843985
DHX36,-0.17247157750004458
MME,-0.038304841575762194
PLCH1,0.05143373773879391
C3orf33,-0.08455736100927957
SLC33A1,-0.0407149986384856
GMPS,-0.034958719024565627
KCNAB1,-0.31838315954534874
SSR3,0.07813584956577281
TIPARP,-0.20659034300107695
CCNL1,0.006840289292649501
VEPH1,0.04185832066354988
PTX3,-0.06618325769563746
RSRC1,-0.3428275485785418
MLF1,-0.017241528061011646
GFM1,-0.2464808102596401
LXN,-0.059610907596954324
RARRES1,-0.020978761053033465
MFSD1,-0.012581653558789041
SCHIP1,-0.06418086693291838
IFT80,-0.08256473456595032
SMC4,-0.09346799423980588
KPNA4,0.04378907525008523
PPM1L,-0.0538829561548235
B3GALNT1,-0.004871093746584681
NMD3,0.02660800200795069
BCHE,-0.09912442471504775
ZBBX,0.12108145111758538
PDCD10,-0.009655443035132404
SERPINI1,0.0064376111364982894
GOLIM4,-0.05195973821791562
MECOM,0.11985189231212243
MYNN,-0.05066397965971678
LRRC34,0.1030063081499943
SEC62,0.006321680666318713
GPR160,-0.07693615794273376
PHC3,-0.04659394207223199
PRKCI,0.07180616549944793
SKIL,-0.20294324176409068
RPL22L1,0.238076429186998
EIF5A2,-0.14556651468556037
TNIK,-0.2018193368244157
PLD1,-0.12405973716165822
FNDC3B,-0.1714076804636649
TNFSF10,0.07717790608455923
NCEH1,-0.13206281477580775
ECT2,-0.026255688100919
NAALADL2,0.019244260702745104
TBL1XR1,-0.10782328430895145
ZMAT3,-0.18055936710212384
PIK3CA,0.015432429359389018
ZNF639,-0.09577463975417012
MFN1,0.0553258686622495
GNB4,0.11992210557341293
ACTL6A,-0.12352054159472088
MRPL47,-0.07229174598892822
NDUFB5,0.2699793995729007
USP13,0.021280038719150365
TTC14,-0.010101558977886399
CCDC39,0.11793973302094278
FXR1,-0.12120315035988678
DNAJC19,-0.24661859177035625
SOX2,0.23238219218800021
ATP11B,-0.11771494452331738
DCUN1D1,0.0982606223407714
MCCC1,-0.03227141131700188
LAMP3,0.04630563751296392
B3GNT5,-0.05163455677380293
KLHL6,-0.20292296327648482
KLHL24,0.07018693014880924
YEATS2,0.008756859979433977
PARL,-0.10418410891132282
ABCC5,-0.037772084003713735
EIF2B5,-0.05823569861299298
DVL3,0.06748144780568033
AP2M1,-0.08388294540531469
ABCF3,-0.16263115786580845
ALG3,0.29148899989492105
PSMD2,0.06493894730060781
EIF4G1,-0.057514255411494054
FAM131A,0.0518658299428567
POLR2H,0.04954998570162017
CHRD,-0.11141070867681026
EPHB3,-0.03103498249514349
MAGEF1,-0.025687047204548126
VPS8,-0.027923876113006618
C3orf70,-0.15429599561683247
EHHADH,-0.03341672010816836
MAP3K13,0.07339619481541633
TMEM41A,0.1291718838235978
LIPH,0.02217074209187866
SENP2,0.1572568818026319
IGF2BP2,0.22660397412623745
TRA2B,0.15768116204080762
ETV5,0.031597115564725185
DGKG,-0.03515208060588708
DNAJB11,-0.02054327011825389
EIF4A2,-0.0367876966637226
RFC4,0.16669779225750578
ST6GAL1,-0.06888409368393392
RPL39L,0.1852711973630767
MASP1,-0.11279767438534079
RTP4,0.1252989136927296
BCL6,-0.03289441116079514
LPP,-0.14529713382334875
TPRG1,-0.15065906756849223
P3H2,-0.0725152883356307
CLDN1,-0.042000181048224616
IL1RAP,-0.06323829781088522
CCDC50,0.2528110021480926
FGF12,0.19880242197226233
MB21D2,-0.17296071304949281
ATP13A4,0.006241793472372292
OPA1,-0.15377567367765416
HES1,0.1469629033615993
LRRC15,
ATP13A3,-0.1240752079561416
TMEM44,0.056484597778523896
LSG1,0.03273792281093628
FAM43A,0.14990973788211137
XXYLT1,-0.01774208219363027
ACAP2,0.06759096014463835
PPP1R2,0.19215705468455493
APOD,0.2467953149155761
MUC20,-0.07430006688190058
MUC4,0.16804516159481628
TNK2,0.022950338240604783
TFRC,-0.03937037317983454
ZDHHC19,0.0015671617332129475
PCYT1A,0.0015844364256243752
UBXN7,0.0165548207693947
RNF168,0.16516127502913472
WDR53,0.09091472928452426
FBXO45,-0.04254901589460839
PIGX,0.12108775904082852
CEP19,0.2668897728685392
PAK2,0.025677384924968655
SENP5,0.10805944617122391
NCBP2,0.1412072507322551
PIGZ,-0.0639164420342163
DLG1,0.053588748982066156
BDH1,-0.0003915244476562704
RUBCN,-0.09013481964135861
FYTTD1,-0.05316275436296936
LRCH3,0.1606940223456657
IQCG,0.03575589231057592
RPL35A,0.010450988103391944
LMLN,-0.012938822429115551
ZNF595,-0.06761675088036516
ZNF718,-0.08985889323820569
ZNF141,0.19909989004476808
ZNF721,0.07498064380061956
PIGG,-0.012359136667529594
PDE6B,-0.15252915112102466
MYL5,-0.11109725586861281
PCGF3,0.08489173440745561
CPLX1,0.014161294454198031
GAK,0.07497729475167612
TMEM175,-0.02279936936453269
DGKQ,-0.14975933712770045
IDUA,-0.08659922824654159
FGFRL1,-0.10125752121870063
RNF212,-0.02087363472210278
SPON2,-0.15341531639412995
CTBP1,-0.0858921243512546
MAEA,-0.3615226654445258
UVSSA,0.06551609078977916
SLBP,-0.11359679943103868
TMEM129,-0.030097890194873918
TACC3,0.2472484583092767
FGFR3,0.1829630261384184
LETM1,-0.0871709834645597
NELFA,0.03936882190826752
HAUS3,0.009381833581009483
MXD4,0.13086602425112548
ZFYVE28,-0.13394808712791925
RNF4,0.0270434822334358
FAM193A,0.10897891938917435
TNIP2,-0.09577846506277345
SH3BP2,-0.017704335121322797
ADD1,0.11803161583124708
MFSD10,-0.04883421766676211
NOP14-AS1,0.009417114005434137
NOP14,0.08540177208440405
GRK4,0.09693691381950237
HTT,0.12325324056871198
RGS12,0.13769141370633783
LRPAP1,0.03716732362992746
ADRA2C,-0.06680672295647352
TMEM128,-0.0796445441089866
LYAR,-0.3249599294453298
STX18,-0.04081659403052549
MSX1,-0.07743307938322039
EVC2,-0.051718671018450416
EVC,-0.023607468110377335
CRMP1,0.15594231217274698
WFS1,-0.0626217059180263
MAN2B2,0.07569583794665895
MRFAP1,0.04207750747844006
S100P,
MRFAP1L1,-0.2724426744394442
BLOC1S4,0.13708146159441822
KIAA0232,-0.019057345287021715
TBC1D14,-0.11721101016631666
TADA2B,0.09948746112095568
GRPEL1,-0.021780669846963745
SORCS2,0.05978139442168091
AFAP1,-0.021196564791362567
ABLIM2,-0.17832728693121025
SH3TC1,-0.0014273723855920328
HTRA3,0.09493154424979795
ACOX3,0.0395001699386555
TRMT44,-0.07588078204460398
WDR1,0.04025065964122643
ZNF518B,-0.04235466261093553
HS3ST1,0.05607576435389297
RAB28,0.061391785332988544
BOD1L1,0.12257547177074551
CPEB2,0.042979864435465344
C1QTNF7,-0.10504470348947374
CC2D2A,0.109906246360494
FBXL5,0.1648797878585451
FAM200B,0.03293665525132823
BST1,-0.03053824605650892
CD38,-0.047562367199825845
FGFBP1,
PROM1,0.09213509615741328
TAPT1,0.16620355592857472
LDB2,0.17837594042143304
QDPR,-0.044302692444797974
LAP3,0.14642259736903843
MED28,0.1260026156314947
DCAF16,0.07059524722510035
NCAPG,-0.2379897893858234
LCORL,-0.1416455263356903
SLIT2,-0.013150470241545396
PACRGL,0.20158612371901766
ADGRA3,0.022057629784589698
PPARGC1A,0.08130712993976953
DHX15,-0.012165308783851785
SOD3,-0.11474471745944904
CCDC149,0.013046012548233562
LGI2,-0.14880773976258324
SEPSECS,0.019201827670696642
PI4K2B,-0.09068796632517119
ZCCHC4,0.0847230710566433
ANAPC4,0.156048380642825
SLC34A2,0.060372340998691966
SEL1L3,0.05563565077637879
SMIM20,-0.016446821809865696
RBPJ,-0.19652177274184396
TBC1D19,-0.09937356636311623
STIM2,0.02324976031905312
PCDH7,-0.025443017751049204
ARAP2,0.03137437874237506
DTHD1,-0.04404950912948244
RELL1,-0.06469046346915394
PGM2,0.18236594007204768
TBC1D1,0.08561362419379874
KLF3,0.0957246084592664
TLR1,0.11072265711072798
FAM114A1,0.13799997691972224
KLHL5,0.2025292234535636
WDR19,0.06262877739084514
RFC1,0.18126745072914144
RPL9,0.18470950501453703
LIAS,0.005336251274041552
UGDH,0.02615161438520985
SMIM14,0.04882027087835972
UBE2K,0.03230134258615346
PDS5A,0.01592431273514193
N4BP2,0.021884977363736745
RHOH,-0.17413381397048155
RBM47,-0.005084436688423736
NSUN7,-0.09014008112198499
APBB2,-0.001371034985700171
UCHL1,-0.07180022781581331
LIMCH1,-0.012206437955270544
TMEM33,-0.11848181098519743
SLC30A9,0.16227720761012332
ATP8A1,-0.025996892114055276
GUF1,-0.026396225962179866
GNPDA2,-0.15053761300943036
GABRB1,0.02594774881212689
COMMD8,0.1322486765284576
ATP10D,-0.06715016989680572
NFXL1,0.10309084660930032
TEC,-0.06264757846158518
SLAIN2,0.00122041154175292
FRYL,0.04133663662135914
OCIAD1,-0.017733015530354477
OCIAD2,-0.18990989163160182
DCUN1D4,0.00875128751445314
SGCB,-0.014364575327137329
SPATA18,0.13325996990933386
USP46,0.31350620878738406
RASL11B,
SCFD2,-0.03938589103040406
FIP1L1,-0.1016599582557542
LNX1,0.30182847453065315
CHIC2,-0.14540558815482055
PDGFRA,-0.017434711137734274
KIT,-0.10235684891547411
KDR,0.1783098670604423
SRD5A3,0.20163654076736348
TMEM165,-0.06511106191667518
CLOCK,-0.08707409829799559
EXOC1,0.10204696617002709
CEP135,0.11880777010750646
AASDH,-0.055132780097245926
PPAT,0.17487488843265417
PAICS,-0.19234168874355914
SRP72,-0.24722590729560462
HOPX,0.09104417270271585
REST,0.11008872348424265
NOA1,-0.08159172096353003
POLR2B,-0.02444691336951317
IGFBP7,0.06212936635457134
ADGRL3,-0.20855240975511452
CENPC,-0.17652712393441572
UBA6,-0.06773772259889352
YTHDC1,-0.08391239883356466
SULT1B1,0.08240230552187716
JCHAIN,-0.13105310370187348
UTP3,-0.194317461803378
RUFY3,0.09415119570214638
GRSF1,0.1277765031769941
MOB1B,0.08624404323815922
DCK,0.00910971032326695
SLC4A4,-0.0992163495451944
ADAMTS3,0.27168667695679094
COX18,-0.1822418587341384
ANKRD17,0.07802257185752998
RASSF6,-0.12600746595172205
CXCL8,-0.13029426553023454
CXCL6,
CXCL1,0.1675224227911601
CXCL5,0.5802511600835488
CXCL3,-0.18127843247426711
CXCL2,-0.0047150364214084885
MTHFD2L,0.1408159908833294
EREG,0.08163416110172193
AREG,-0.08320622530073794
BTC,-0.06609940042018862
PARM1,0.034486192886638026
RCHY1,-0.18771604216176588
THAP6,0.2470139527682297
CDKL2,0.012849166557856059
G3BP2,0.049559059609216694
USO1,-0.08083151440525577
NAAA,0.10066506615962137
SDAD1,0.04961292847677993
CXCL9,-0.06482725473810326
CXCL10,-0.06649382305972946
NUP54,0.16583420923722164
SCARB2,-0.07823700023091994
FAM47E,-0.07164029662208124
SHROOM3,-0.01102680928950621
CCNI,0.06362970713279134
CCNG2,-0.05430112944784565
CXCL13,-0.05459730148947705
CNOT6L,-0.08882231468331854
MRPL1,0.24031045981479027
FRAS1,0.016821118455594357
ANXA3,0.03948727763647747
LINC01094,-0.06866050808606113
BMP2K,-0.045618918661966504
PAQR3,-0.11284575215706413
LINC01088,-0.08381770842941343
ANTXR2,0.2457418074696538
PRDM8,0.12376692773065612
BMP3,-0.049766178290141884
PRKG2,-0.24692414691679343
RASGEF1B,-0.32251098452917387
HNRNPD,-0.010686374556540026
HNRNPDL,0.060124505287162046
ENOPH1,0.04703960735635177
TMEM150C,0.17475224305469012
SCD5,0.04764855132352025
SEC31A,-0.006460194916128632
THAP9-AS1,-0.06693048062185045
LIN54,0.10879002550116366
COPS4,-0.053094219801617284
PLAC8,0.02005519467250877
COQ2,-0.05175035233513431
HPSE,-0.05156251820361571
HELQ,0.28000612518124135
MRPS18C,0.10643099957882639
GPAT3,0.14142338706130236
CDS1,0.16264908148325835
WDFY3,0.0863553807269776
ARHGAP24,0.13556940150095312
MAPK10,0.07622509407088306
PTPN13,0.08168803246219386
C4orf36,0.07175460600984968
AFF1,0.023160578149273834
KLHL8,0.1891072513112675
HSD17B11,0.08907765779173966
NUDT9,0.004124818633230075
SPARCL1,-0.07807714313251507
SPP1,
PKD2,-0.12503032676775216
ABCG2,-0.05501135981718144
PPM1K,0.04020461418554959
HERC6,0.036034065838743454
HERC5,0.24824318885535976
PYURF,-0.025152318164338158
HERC3,-0.02722140536139299
NAP1L5,0.17173342810352724
FAM13A-AS1,-0.008500757102511042
FAM13A,0.1717662959763971
TIGD2,-0.033652146816309784
GPRIN3,-0.20867248220826226
SNCA,-0.12282266577204605
MMRN1,-0.025033198986102546
SMARCAD1,-0.03049518522486747
HPGDS,-0.24444998063813983
PDLIM5,-0.08935207472951409
BMPR1B,-0.00802447394651842
UNC5C,-0.07407910783834452
RAP1GDS1,-0.04527362040263925
TSPAN5,0.003314242991939432
EIF4E,0.30800945311325
METAP1,0.028061755949917985
ADH5,0.10627761223554588
ADH1B,-0.08446422690334136
TRMT10A,0.1408741513600915
DAPP1,0.11013387085466297
LAMTOR3,0.0682370032049832
DNAJB14,-0.13010564657647736
EMCN,0.1560534424383922
PPP3CA,-0.1704167046949702
BANK1,0.12023100704547349
SLC39A8,-0.13482215406565973
NFKB1,-0.021357582918373974
MANBA,-0.03503807204036693
UBE2D3,-0.019113148100796524
CISD2,0.00824414174456052
SLC9B2,0.06407410601644048
BDH2,0.02267858731691178
CENPE,0.010493835110814871
CXXC4,-0.15107998636199158
TET2,0.06576476992625992
PPA2,0.0031801263649110754
ARHGEF38,0.2389128367848719
INTS12,-0.2518156695597196
GSTCD,-0.14897904461744416
NPNT,-0.03005067063148832
TBCK,0.1386833891967155
AIMP1,-0.09398784667451189
DKK2,0.044738784351841684
PAPSS1,-0.07472573219677306
SGMS2,-0.05589195912159025
CYP2U1,0.13334723654418643
HADH,0.0680350458830075
LEF1,-0.04060923402767356
RPL34,0.03411966375725688
OSTC,-0.03999393293012572
SEC24B,0.19735938519906301
CASP6,0.02734603350353712
PLA2G12A,0.026787200997293883
CFI,-0.08063280471331134
GAR1,0.3385623532183518
EGF,-0.14934395340336018
ELOVL6,-0.30263605042762226
ENPEP,-0.03224988089163387
AP1AR,-0.13021703253794903
TIFA,0.21475356938330933
ALPK1,0.16409400119769801
ZGRF1,0.0794189433792914
LARP7,0.015772875278395812
ANK2,-0.19390804898089983
CAMK2D,0.044609332267059154
ARSJ,-0.023499464790362447
SNHG8,-0.12385711058873215
PRSS12,0.18561636106270152
METTL14,-0.17485126680808105
SEC24D,-0.16052559189474946
SYNPO2,-0.10335411741888914
USP53,0.17169709075492126
C4orf3,0.03413799208249671
PDE5A,-0.03549564538092949
MAD2L1,0.009317948871461677
PRDM5,0.1713564515628587
NDNF,-0.14531558408479942
TNIP3,-0.07712724959222482
ANXA5,-0.13037165892956568
EXOSC9,0.059289702849612505
CCNA2,0.12788731885807206
BBS7,0.1632579817955524
BBS12,-0.03190208591538971
FGF2,-0.012936947208989566
SPRY1,0.13344123186121792
LINC01091,-0.006963853111826684
ANKRD50,-0.00632704606882685
FAT4,0.08675277487140043
INTU,-0.09937204720114709
HSPA4L,-0.08335835116233667
MFSD8,-0.23864993000032414
ABHD18,0.012059247463233311
LARP1B,-0.12993009967608238
PGRMC2,0.09969351048949712
JADE1,-0.21847166002487495
SCLT1,0.12638621518172014
C4orf33,-0.057255991613941806
PCDH18,-0.09424143083053699
SLC7A11,0.15981679945638697
ELF2,0.09063162599185826
NDUFC1,0.24018063194514752
NAA15,0.05647464005182064
RAB33B,-0.018728297096423333
SETD7,0.015224173634085188
MGST2,0.11326166851699013
MAML3,0.20029333442453856
SCOC,-0.04251001928956981
ELMOD2,0.06637904640849285
TBC1D9,0.1484682895866713
RNF150,-0.011668124267650262
ZNF330,0.07362443543051415
IL15,-0.08566809398150668
INPP4B,-0.06759767004634822
USP38,0.27397144768295156
GAB1,-0.0361804036433256
SMARCA5,0.18937685557409542
GYPB,0.08169618215259027
HHIP-AS1,-0.10799305859153073
HHIP,-0.16522411665213826
ANAPC10,-0.09160386797438445
ABCE1,-0.0960743407375135
OTUD4,-0.030795839659561185
SMAD1,0.16529134413579966
MMAA,0.13202840350148004
ZNF827,-0.15205459662805396
LSM6,0.21382473631039137
SLC10A7,0.11201866351667092
TTC29,0.1370013197963644
EDNRA,-0.013013782003214222
TMEM184C,-0.10057608091490434
PRMT9,-0.00582770768089023
ARHGAP10,-0.185928335482516
NR3C2,0.1501919167739828
DCLK2,0.07099675931643275
LRBA,-0.07005962388063904
RPS3A,0.02855383751108701
SH3D19,0.14920954583762266
GATB,-0.041246077396065964
FBXW7,-0.15358422535264463
TMEM154,0.16611242201907833
ARFIP1,0.26594016775994733
FHDC1,0.21847159684655906
TRIM2,0.1471165909018059
MND1,-0.11164185911719447
TLR2,0.15111797712349614
SFRP2,0.14179640966348758
PLRG1,-0.0006322098015522663
FGA,
FGG,-0.05443697592905931
MAP9,-0.07130133539602283
TDO2,-0.08480384564977105
CTSO,-0.03622955930514664
PDGFC,-0.05137421774453725
TMEM144,-0.0251409467709036
C4orf46,-0.08492022622084547
ETFDH,-0.12093600295142153
PPID,0.07136741257788648
FNIP2,0.2081240362213578
RAPGEF2,0.012997208862327162
NAF1,-0.2717457354587988
TMA16,0.21706061807507837
TMEM192,-0.1372347661262094
KLHL2,0.21811844672926703
MSMO1,-0.27885380212852645
CPE,-0.10736455488806995
TLL1,0.0740875629499167
ANXA10,0.10170559241550849
DDX60,0.10085970653133056
DDX60L,-0.041385140322101666
PALLD,-0.07547337243562444
CBR4,0.06815951958295047
SH3RF1,0.25612388169651795
NEK1,-0.09138469781555547
CLCN3,0.10667273801242187
MFAP3L,-0.13678068853426345
AADAT,-0.12572476085573395
GALNT7,0.032866955566068216
HMGB2,0.05536581965674885
SAP30,-0.1449357402184578
FBXO8,-0.037307353951623115
CEP44,0.10836696957925382
HPGD,0.09799440072898784
GPM6A,0.027371519177678313
WDR17,-0.16260420398672465
SPCS3,0.03201433067958743
VEGFC,0.1224601325529068
AGA,0.2525911043365773
TENM3,0.1042492498377901
DCTD,0.01612198958506839
WWC2,-0.04104136008506143
CDKN2AIP,-0.21907288270816588
ING2,-0.13784352303382516
RWDD4,0.0295233826511948
TRAPPC11,0.19793806290692154
STOX2,0.1717174630766641
IRF2,0.0993452895677085
CASP3,0.10907044532821424
PRIMPOL,-0.13214510833691662
CENPU,-0.139372051867837
ACSL1,-0.10909573583419818
MIR3945HG,-0.1384306813335134
SLC25A4,-0.17087934323966542
CFAP97,-0.008266467158499944
SNX25,0.09447459373244352
LRP2BP,0.18745259086367239
ANKRD37,-0.0993541070051987
UFSP2,-0.21328907007578923
PDLIM3,-0.1433904589347751
SORBS2,-0.12200332641351863
TLR3,0.2373464150330234
FAM149A,0.15935036448225587
CYP4V2,-0.12170042723184311
FAT1,0.07653701678381271
FRG1,-0.1331893205605818
CCDC127,0.08090571239078936
SDHA,0.061967320311217995
PDCD6,0.012369725994248218
EXOC3-AS1,0.07057254150223284
EXOC3,0.042401957914545714
TPPP,-0.043097600625963725
BRD9,-0.2805051875706258
TRIP13,-0.06318357136641203
NKD2,0.06407124590144146
SLC12A7,0.06086693831513651
CLPTM1L,-0.05243077320395663
LPCAT1,-0.10784163034251394
MRPL36,-0.07350776384067118
NDUFS6,-0.21218594535254054
IRX2,-0.22223354914943677
IRX1,-0.14785468072704885
ICE1,0.26187962873303383
MED10,0.3338188726602432
NSUN2,-0.15147354444288375
SRD5A1,0.10268342713213752
MTRR,-0.013449213973756919
FASTKD3,0.08224773737271325
MIR4458HG,0.1457015421368222
SEMA5A,-0.12885556814405874
SNHG18,-0.05841612579522955
CCT5,0.03818968405463072
CMBL,-0.060300448333152144
ROPN1L,0.06723368870668187
ANKRD33B,0.04324464504943652
DAP,0.06396582175494771
CTNND2,-0.09715841516066773
DNAH5,0.18723577618037252
TRIO,0.03624314395890995
OTULIN,0.07854663675226418
ANKH,-0.2790102921146597
FBXL7,0.13364901916167454
ZNF622,-0.08134735785003845
MYO10,0.15832342952852443
BASP1,0.1626298038963291
CDH6,-0.11520121598290635
DROSHA,-0.09729651501430402
C5orf22,-0.19200328195112684
PDZD2,0.04782019992578335
GOLPH3,-0.13794866917803944
MTMR12,-0.07133267629688374
ZFR,-0.07375880750745308
SUB1,0.08933461491436934
NPR3,0.023761615714021564
ADAMTS12,0.004020726513069464
RAI14,0.10777396241169676
RAD1,-0.08448529004564913
BRIX1,-0.10028222165240806
DNAJC21,-0.013935378311674221
SPEF2,0.12110748578638258
IL7R,-0.028531385110458114
CAPSL,0.14649290756324157
LMBRD2,0.11400573402158873
SKP2,0.23583363530598853
NADK2,-0.09869375330822765
SLC1A3,-0.0802301172956781
NIPBL,-0.006903915690788506
NUP155,-0.028796574448296974
WDR70,-0.14916911438249092
LIFR,0.08213945642175874
OSMR,0.14213440472626498
RICTOR,0.08659580345055941
DAB2,-0.13963020389430972
TTC33,-0.2715725832220583
PTGER4,-0.18099056505611866
PRKAA1,-0.05699644289710536
RPL37,0.2845841298212242
CARD6,0.006698520085131058
C7,-0.027431657390251767
C6,0.16260446741306553
PLCXD3,0.07951635184438843
OXCT1,-0.126142360759695
FBXO4,-0.11785856564175248
GHR,0.011128902779709265
CCDC152,0.008141716741919373
ANXA2R,0.05475538305967151
ZNF131,-0.08088692209027676
HMGCS1,-0.20729627000680048
CCL28,-0.09100423889346775
PAIP1,-0.026182192384646485
NNT-AS1,0.08879574443851491
NNT,0.07287442900047869
MRPS30,-0.025423051580569903
EMB,-0.1076139020886736
PARP8,-0.21665653010409555
ITGA1,0.06598138258335282
ITGA2,0.14061214876059341
MOCS2,-0.1138242884164146
FST,-0.07461417248241753
NDUFS4,0.052580575129621644
ARL15,-0.01401125990275026
SNX18,-0.057658220728666186
GZMK,-0.09932679123525684
GZMA,-0.22307797039803373
GPX8,0.13896663662188713
DHX29,0.09308331380553878
PLPP1,0.1607719830807866
SLC38A9,0.022846275252805155
IL6ST,0.15199355809854337
MAP3K1,0.19666913618578333
MIER3,0.14542487003740756
GPBP1,-0.031626399986498015
PLK2,0.009721784248636248
GAPT,0.1607866389295884
PDE4D,0.19470466760188465
ELOVL7,-0.13221565988542466
ERCC8,0.19402965499699826
NDUFAF2,0.0922592893713223
SMIM15,0.021340795403734476
ZSWIM6,0.3572683180818366
KIF2A,0.0812330921139226
DIMT1,0.20457866165845806
IPO11,-0.19412844644867447
RNF180,-0.01931977281497362
RGS7BP,-0.10134799312979934
SREK1IP1,-0.11864597867334072
CWC27,0.07731275879013261
ADAMTS6,-0.0369142507905551
CENPK,-0.15549025550945453
PPWD1,-0.11240898522707156
TRIM23,-0.01148831258446463
TRAPPC13,0.07154163877202643
SGTB,-0.020249291796883614
NLN,0.07351215674413959
SREK1,-0.10466978256820601
MAST4,0.21385653177774602
CD180,0.18451775998013834
PIK3R1,-0.1377213340842369
SLC30A5,0.15283733311688663
CCNB1,0.12162227181503238
CENPH,-0.04851308116812085
CDK7,0.13192993417202906
CCDC125,-0.184096685969428
AK6,0.03278664251699544
RAD17,0.05656291926628787
MARVELD2,0.05388605272228861
OCLN,0.19508423262500846
GTF2H2,0.21233903132690957
BDP1,0.1736916374785076
MCCC2,0.1495466228398431
MAP1B,-0.1358176575609355
MRPS27,0.2987947727156812
PTCD2,0.14119086860340135
ZNF366,0.15284155055396317
TNPO1,-0.13075218507788208
FCHO2,0.06494638054237192
TMEM171,
BTF3,-0.014529547595067624
ANKRA2,0.07453243518797262
UTP15,0.06178474002726398
ARHGEF28,-0.08247512156662218
ENC1,0.007700547427433142
HEXB,0.019880956906718004
GFM2,-0.09703737516039562
NSA2,-0.31016539785129016
HMGCR,0.018092667856944487
POLK,0.09760043636400915
POC5,-0.015922486221974366
IQGAP2,-0.1488829270762909
F2R,0.11853958935850048
F2RL1,0.1083106926578493
AGGF1,-0.10764584590407493
ZBED3,0.18652490714025657
PDE8B,-0.003976778836389011
WDR41,0.07695546056971325
TBCA,0.06792138477032683
AP3B1,-0.07859505314809492
SCAMP1-AS1,0.2913981460227661
SCAMP1,0.10134049048640059
LHFPL2,0.06982097337654783
ARSB,0.13302278832230935
JMY,-0.015238950217787098
HOMER1,-0.1649730902845691
CMYA5,0.049890396703963544
MTX3,-0.03385137903818085
SERINC5,0.030204774117265937
ZFYVE16,-0.015332264338379128
DHFR,0.005545315325264066
MSH3,0.1117190671204497
RASGRF2,0.16044526446536012
CKMT2-AS1,-0.05137326829681083
ZCCHC9,0.06045879931349435
SSBP2,0.1593931230326736
ATG10,-0.036401884881801634
RPS23,0.03386938095504299
ATP6AP1L,-0.027440083446492958
TMEM167A,0.04339172188913981
XRCC4,0.04556582196280433
VCAN,0.0581674089179113
HAPLN1,-0.032326955026230994
EDIL3,-0.021652680917547282
COX7C,-0.046831277222661526
RASA1,0.024377171858411782
CCNH,-0.05570785579071225
TMEM161B,0.02918042963532079
MEF2C,0.14213616909919516
CETN3,0.032171148464615815
MBLAC2,-0.0037549242964425543
POLR3G,0.05797223883495911
LYSMD3,-0.04423576310357767
ADGRV1,0.10877333568990011
LUCAT1,0.09787077545976748
ARRDC3,0.10119655170736486
NR2F1-AS1,0.07248497914401925
NR2F1,-0.031825337232699605
SLF1,-0.10074466379585018
MCTP1,0.046557829248624824
FAM81B,0.13577288249946115
ARSK,0.06769367912879036
RHOBTB3,-0.17962334763848037
GLRX,-0.010838788330754145
ELL2,-0.15493218593660288
CAST,0.02685293946377984
ERAP1,-0.046006945352755284
ERAP2,0.10620151002291933
LNPEP,-0.10635565219944368
RIOK2,0.03993793584799627
RGMB,0.19696205636414518
CHD1,-0.06901874477958186
FAM174A,-0.05268590094260622
ST8SIA4,0.15612142496515033
SLCO4C1,-0.13588960514725837
PAM,-0.05343557180285779
GIN1,-0.14959635442226357
PPIP5K2,0.12227045218637998
NUDT12,-0.14770306296653962
EFNA5,0.07369273916167303
FBXL17,-0.14655908768742196
LINC01023,-0.07537218110245167
FER,0.030675356501307677
PJA2,0.011602641341953934
MAN2A1,-0.11772394494122188
TMEM232,0.19918010167348765
SLC25A46,-0.027958693650110552
WDR36,-0.1315363763940995
CAMK4,-0.08258036692314931
STARD4,-0.01469626527384024
NREP,0.16434391507277055
EPB41L4A,0.04314414186747248
EPB41L4A-AS1,0.4502678977501055
APC,0.08623324654445895
SRP19,-0.002718864429069872
REEP5,0.1327426019665875
DCP2,0.032157036171042805
MCC,0.21090620177243427
YTHDC2,0.14205980992604356
PGGT1B,0.09832384920441825
CCDC112,-0.0138310712983225
FEM1C,-0.09405742781717442
CDO1,-0.005667913282574335
ATG12,0.06293748836885403
AP3S1,-0.03433160769381301
COMMD10,0.18634105176771526
SEMA6A,0.19638770776360784
DMXL1,-0.0775382872726373
TNFAIP8,-0.14801949943417322
HSD17B4,-0.017102872352291305
PRR16,0.08128780178931448
SRFBP1,-0.00352307719561499
LOX,-0.06117648604751697
SNCAIP,0.10872926212022799
SNX2,0.14176797048091155
SNX24,-0.25259824923979474
PPIC,-0.0017383176616010848
PRDM6,-0.05421306715895814
CEP120,-0.002137900951175416
CSNK1G3,-0.07422298085251548
ZNF608,0.2760869483378464
ALDH7A1,0.14952490839235522
PHAX,0.014911525245965111
LMNB1,-0.055771979728389674
C5orf63,0.19805300694603134
PRRC1,-0.08905986475121794
SLC12A2,0.2656607423474432
ISOC1,-0.02624853156614798
CHSY3,0.13341223852821976
HINT1,-0.010217859876430454
LYRM7,0.06092927177760674
CDC42SE2,-0.016636193339382408
RAPGEF6,0.2767533275928925
FNIP1,-0.03142547264650011
P4HA2,-0.21112041444866897
PDLIM4,0.04182946839244848
SLC22A5,-0.19131258913159602
IRF1,0.07425745575717099
RAD50,0.026159170828481126
KIF3A,-0.08283714429467412
SHROOM1,0.001673983579788374
UQCRQ,-0.10323457477019848
AFF4,0.011989507716175577
ZCCHC10,0.012455733799150513
HSPA4,-0.027053236449408193
C5orf15,-0.03699646664965103
VDAC1,-0.11031864045073463
TCF7,0.05114526964236939
SKP1,0.20286162952908227
PPP2CA,-0.08665073654568162
UBE2B,-0.04774333563801718
CDKN2AIPNL,0.003849818002643682
JADE2,-0.16156136981157015
SAR1B,0.06713824953710068
SEC24A,-0.11816609513849527
CAMLG,-0.036112700567225306
DDX46,0.05367907679906445
C5orf24,-0.07797938298300025
TXNDC15,-0.25484134262332747
PCBD2,0.06953722341963296
CXCL14,
TGFBI,0.04025997795780385
SMAD5,0.2607501006212697
SPOCK1,0.17040752059342607
KLHL3,0.05507238778227773
HNRNPA0,-0.0729818170234279
FAM13B,0.006528306866107878
NME5,0.17246188952775912
BRD8,-0.08689690649585798
KIF20A,
CDC23,0.12549218514515645
FAM53C,0.11261973389952477
KDM3B,0.2077794653623829
EGR1,0.14072522229941192
ETF1,0.0026296092857098063
HSPA9,-0.3235665319573085
CTNNA1,0.07019389209318472
SIL1,0.09541217462827126
MATR3,0.10245638677494541
PAIP2,0.118424394278533
MZB1,-0.07278782230184005
DNAJC18,0.18041832551903253
ECSCR,-0.05986272416818333
UBE2D2,0.1659767793705419
CXXC5,0.025265786216152997
PURA,-0.03518482898340325
IGIP,-0.030375083131377996
CYSTM1,0.04383780716442655
PFDN1,0.15319261825608443
HBEGF,-0.20697506686949596
ANKHD1,-0.06643472844184084
SRA1,0.10823166842750635
APBB3,-0.09250849295799932
SLC35A4,0.062208855714070685
CD14,0.17701786558885776
NDUFA2,0.15951057950384004
TMCO6,-0.05379917005561054
IK,0.1642790856105058
WDR55,-0.013676655733785893
HARS2,0.16923558745806663
ZMAT2,-0.06998358592779504
PCDHB2,-0.08061415855822807
PCDHB16,-0.07669417676756049
PCDHB9,-0.1190919409552073
PCDHB14,-0.08803895367399425
PCDHB15,-0.09071237870457913
TAF7,0.16411136462382594
DIAPH1,-0.07091733022250028
HDAC3,-0.12549806170399136
RELL2,0.035809740540503524
FCHSD1,-0.0070972557319529984
ARAP3,0.12860153035149202
PCDH1,0.20079778540300375
PCDH12,0.333994919314206
RNF14,0.043021144807113026
GNPDA1,0.03570208438407023
NDFIP1,0.10364373449521036
SPRY4,0.22715758427418617
ARHGAP26,0.00077731815838002
NR3C1,-0.1225382534142299
YIPF5,-0.0237456224577181
KCTD16,-0.09220802461706665
PRELID2,0.06862948897651401
SH3RF2,0.019349644823407886
RBM27,-0.056904957310683645
TCERG1,-0.018994070349337675
STK32A,0.04932962081258758
DPYSL3,0.18707189773340369
JAKMIP2,-0.25279471053664243
SPINK1,
SCGB3A2,0.18679667346086407
SPINK5,-0.06528750013959451
FBXO38,0.2138883399354761
ADRB2,-0.1451589991602328
ABLIM3,0.13240620075705847
AFAP1L1,0.23636647222841956
GRPEL2,0.16154030012687054
PCYOX1L,0.08979261338468085
CSNK1A1,-0.0021103322271303
ARHGEF37,0.0881890056351576
PPARGC1B,0.039554072588591636
SLC26A2,0.23890437368842665
HMGXB3,-0.005017971389719132
CSF1R,0.042677757871826094
PDGFRB,-0.07220962823234814
ARSI,0.040548555592560716
TCOF1,0.03820413544629922
CD74,0.19236500354413444
RPS14,-0.007991387299031434
NDST1,-0.09291499384170962
SYNPO,-0.02985151085405751
MYOZ3,0.0025810232964919152
RBM22,-0.010965697573741351
DCTN4,-0.040496094208256145
SMIM3,0.06575623373439023
GPX3,0.039156276378076185
TNIP1,0.1209810535340145
ANXA6,-0.14077466045667736
CCDC69,0.056253475811599715
GM2A,-0.08455961228395283
SLC36A1,0.07833430667302096
SPARC,-0.022260096555767897
ATOX1,-0.040106241614239806
G3BP1,0.1029309467982334
GRIA1,0.013900028854944728
FAM114A2,-0.1589401598350151
MFAP3,0.19482784178248674
GALNT10,-0.044694631780927016
SAP30L,0.18852710271095427
LARP1,-0.013283373356918423
FAXDC2,0.03789239777307201
CNOT8,0.17322719391336186
GEMIN5,0.20191445279757905
MRPL22,0.2648572717131929
SGCD,-0.25224274731978247
HAVCR2,0.0011210095487158966
MED7,0.0744177606520244
ITK,-0.16874077840783008
CYFIP2,-0.008641396709353561
ADAM19,0.02069128798118515
THG1L,-0.0938546064492985
LSM11,0.01162017883251229
CLINT1,0.007433768094642233
EBF1,0.01776568786996342
RNF145,0.1445827938115127
UBLCP1,0.15582861979756774
TTC1,0.23360767477448668
PWWP2A,-0.050942598984088316
FABP6,0.11109576197919001
CCNJL,-0.01715457669171145
C1QTNF2,-0.015153132149876153
SLU7,0.028796032235198152
PTTG1,0.15250242279222714
GABRB2,0.0036335532140788873
CCNG1,-0.2031135138816766
NUDCD2,0.12706004086533837
HMMR,-0.012950448489060597
MAT2B,0.1292603881155762
TENM2,-0.024299237293485952
WWC1,0.039160500641016574
PANK3,-0.12059686787540409
SLIT3,-0.12372994490394172
SPDL1,0.18978903084946905
DOCK2,-0.10915569486972504
LCP2,-0.1263949102392213
KCNMB1,-0.17698704901003684
GABRP,-0.05776972594776563
RANBP17,-0.034334395133307445
NPM1,0.02593915283503106
FGF18,0.020136255563626866
FBXW11,-0.06519135204239127
STK10,-0.022268131308735954
UBTD2,-0.07082366617311893
SH3PXD2B,0.11270450140396522
NEURL1B,-0.07730593581484502
DUSP1,0.054292617800426664
ERGIC1,0.20017065955884594
RPL26L1,0.07800814523751651
ATP6V0E1,-0.019312279985879387
CREBRF,-0.022302320848197443
BNIP1,0.09312205994701744
STC2,0.046205300154805354
BOD1,0.03837394482820912
CPEB4,-0.23838417362758993
SFXN1,-0.08519460136813536
HRH2,0.13612883034364165
THOC3,0.0617267416558021
SIMC1,-0.10222219837904449
KIAA1191,-0.017514391870141387
ARL10,-0.20954294613813604
NOP16,0.030803662154232515
HIGD2A,
CLTB,0.11830140482025972
FAF2,0.003568837517258436
RNF44,0.05793286631005573
TSPAN17,-0.28419194661446406
HK3,0.0237548272011645
UIMC1,0.11056490308664915
ZNF346,0.19651160548306507
FGFR4,-0.05760794314753846
NSD1,-0.024651725085205384
MXD3,-0.04876664600377407
PRELID1,0.21955691136009547
LMAN2,0.19753223747394327
RGS14,0.15807297001067167
GRK6,0.12577142224488877
DBN1,-0.059023313792552254
PDLIM7,-0.18517328452793885
DOK3,0.06157865278021638
DDX41,0.14669808388031153
FAM193B,0.12618239138242374
TMED9,0.10619796876137422
B4GALT7,0.06519517830563959
N4BP3,-0.001051692439119188
RMND5B,-0.15372774783374232
NHP2,0.014114704303274505
HNRNPAB,0.12340184807092805
PHYKPL,0.23330152959549644
CLK4,0.05522096373959032
ZNF354A,-0.1477509960403063
ZNF354B,0.08363597315489213
ZNF354C,-0.045044298389148724
ADAMTS2,0.07311039988522346
RUFY1,-0.12133659375714202
HNRNPH1,-0.16090359702039692
CANX,0.1184205316160099
MAML1,0.0226685719915374
MGAT4B,0.10392554450840231
SQSTM1,0.016974001068488613
TBC1D9B,0.12107278043053506
RNF130,0.0776124585126985
MAPK9,-0.14101857691917463
GFPT2,0.00939210482576261
CNOT6,0.09381115368405873
SCGB3A1,0.141522307973695
FLT4,0.15015706364399345
MGAT1,-0.047713283164489174
LINC00847,0.10087568827384656
ZFP62,-0.0608674769475292
BTNL8,0.14481702020712797
BTNL9,0.14743721175243943
TRIM41,0.010485337563150381
TRIM52,-0.12722150899291598
DUSP22,-0.006761213366531699
EXOC2,-0.16634279736893715
FOXF2,-0.09679955937573963
FOXC1,-0.03051317668274443
GMDS,-0.11761145229725797
WRNIP1,0.07180728618608229
SERPINB1,0.0964034905656883
SERPINB9,0.11882470015949213
SERPINB6,0.01604971658566363
NQO2,-0.041160652536828386
RIPK1,-0.09420159035606603
BPHL,0.1591907925536851
TUBB2A,0.15906602871844594
PSMG4,0.1804458488494956
SLC22A23,0.2981228982667356
PXDC1,0.08653825377337662
FAM50B,-0.0597153822828015
ECI2,0.10749281042387746
CDYL,0.17432617074709084
RPP40,0.20553532156255208
LYRM4,0.15163895759010335
FARS2,-0.11963275410982395
NRN1,-0.00039960129279143983
F13A1,-0.06350759372573697
LY86,0.15401337884766522
RREB1,0.07425649400148018
SSR1,0.07626405389543586
RIOK1,0.13039306705393808
DSP,0.13213681898287846
SNRNP48,-0.1359100813560242
BMP6,0.03225858075350575
EEF1E1,0.0016291065543192777
SLC35B3,0.11381187725847042
GCNT2,0.018417783011041453
PAK1IP1,0.05654324709499404
TMEM14C,0.03389390306359876
TMEM14B,-0.05262415120927451
SMIM13,-0.07975928676708731
NEDD9,0.06547648942824212
TMEM170B,-0.10064888038369975
ADTRP,-0.13469746621860665
HIVEP1,0.10861042315942976
EDN1,-0.14765537889210706
PHACTR1,0.09835633004203001
TBC1D7,-0.07032102901509603
GFOD1,0.023048663824105475
SIRT5,-0.017956548887471675
NOL7,0.2032383471906915
RANBP9,0.2741781917307307
MCUR1,-0.04792745399972687
RNF182,-0.05012275705192919
CD83,0.0014717502722604182
JARID2,-0.02645328219927478
DTNBP1,-0.11817810509355428
MYLIP,0.0862010986197636
GMPR,-0.15302983299462472
ATXN1,-0.3410482756559511
STMND1,0.13975924588617464
CAP2,-0.29482628640771846
FAM8A1,-0.09871326095256495
NUP153,-0.019061137802825513
KIF13A,0.06418200770352421
TPMT,0.029818268138887712
KDM1B,0.15116058006889552
DEK,0.06551661820866711
RNF144B,0.1577893451371697
ID4,-0.11689800556634954
E2F3,-0.1197491759033445
CDKAL1,-0.19214740012870554
SOX4,0.22728228649651763
CASC15,0.12195009750894013
DCDC2,0.04832876642074815
MRS2,0.03363103746537382
GPLD1,-0.08199951255325931
ALDH5A1,-0.1741178561962314
TDP2,-0.33413025294499327
ACOT13,0.0029735021682032042
C6orf62,-0.08267227425303413
GMNN,0.11574078771293023
TRIM38,0.15870006344503795
HFE,-0.17565578496468584
BTN3A2,0.0810989636275605
BTN2A2,0.12872596195781225
BTN3A1,-0.016216353828611692
BTN3A3,0.06721955714259428
BTN2A1,0.12900039477364578
HCG11,0.12910595518838505
ABT1,0.27809907772778525
ZNF322,-0.203582029292812
PRSS16,-0.1093225489001796
ZNF184,-0.048245717798664114
ZSCAN16-AS1,0.014724091309663661
ZKSCAN8,-0.16504345394296677
ZSCAN9,-0.007915046949159241
NKAPL,0.008525946479255591
ZSCAN26,-0.04860194624461501
PGBD1,-0.009823914485430837
ZSCAN31,0.034927055410946595
ZKSCAN3,-0.10058258669961109
TRIM27,-0.04690614803835021
GABBR1,0.2617131925389889
HLA-F,0.054627304419088
HLA-G,-0.05615722988309946
HLA-A,0.18033186091613312
PPP1R11,0.26147835697396277
TRIM26,0.1377133398085234
HCG18,0.054908251000632916
TRIM39,-0.058396023033129504
HLA-E,0.16884692884002955
GNL1,0.0893577953310426
PRR3,0.06389812766471942
ABCF1,0.10295270746730635
PPP1R10,0.19286084262806968
MRPS18B,-0.28738069090247204
ATAT1,-0.09340546451911938
C6orf136,-0.18848822548904923
DHX16,0.15742949783180094
PPP1R18,-0.0163885707156455
NRM,0.012222651433443811
MDC1,-0.026569204904142118
TUBB,0.21348343987408314
FLOT1,0.1505757667200706
IER3,-0.051039635333746974
DDR1,0.16690353796774773
VARS2,-0.22956119164699385
SFTA2,-0.07737792946600228
MUC21,-0.043326943650234685
PSORS1C1,-0.08839751885762503
CCHCR1,-0.0811579771410734
TCF19,0.06433495897799642
HLA-C,0.1555405131672217
HLA-B,0.20945448909929387
MICA,0.14655797251609487
MICB,0.12275621147462416
DDX39B,0.0005558356089518706
NFKBIL1,-0.08127059988954376
TNF,-0.1753014139595767
LTB,0.1277436194568947
LST1,0.10447311249355871
AIF1,0.07203614672998344
PRRC2A,0.12810836393324712
BAG6,0.13462725102505857
C6orf47,-0.013902066137830904
GPANK1,-0.027588857758894473
CSNK2B,0.08814544774864971
LY6G5C,-0.08345525354069684
DDAH2,-0.07002757457155241
CLIC1,-0.25055230359624153
LSM2,-0.05075168831105874
HSPA1L,-0.017288076332200263
HSPA1A,-0.04728599474009121
HSPA1B,0.2054277122489681
NEU1,0.1350505968830371
SLC44A4,0.17290674077865334
EHMT2,-0.1964344067583509
C2,0.018376248215681186
NELFE,-0.03630731327071823
DXO,-0.0995649173863866
ATF6B,-0.10721590182524124
FKBPL,-0.07813946055885806
PRRT1,-0.10316600853458527
PPT2,
AGPAT1,-0.16775763864579013
RNF5,0.14976458036262227
AGER,-0.12418640124791028
GPSM3,-0.024804237084599966
NOTCH4,0.17919614904030115
HLA-DRA,0.14642652206114828
HLA-DRB5,0.10092969006254533
HLA-DRB1,0.1855707700899283
HLA-DQA1,0.10297371096538506
HLA-DQB1,0.07138147124651747
HLA-DQA2,0.07828608655626286
HLA-DQB2,0.37755589454207095
HLA-DOB,-0.07381906100494061
PSMB8,0.25410255150731986
PSMB9,0.15566092085450436
TAP1,0.07576195918332843
HLA-DMB,0.08103490615045467
HLA-DMA,0.13117378424268622
BRD2,0.08046860863814886
HLA-DOA,0.08087775511666079
HLA-DPA1,0.13114743355676364
HLA-DPB1,0.164018617532834
RXRB,0.01632858287182077
SLC39A7,0.02371803138071121
HSD17B8,-0.08434768266663806
RING1,-0.2235999104312095
VPS52,0.12242485198844039
RPS18,-0.17833686356890402
B3GALT4,-0.19291881739361175
WDR46,-0.006208654943648712
PFDN6,-0.061517575614165744
RGL2,-0.03298946017226881
TAPBP,0.14820682734869425
ZBTB22,-0.007236660513835418
DAXX,0.12129606984243595
KIFC1,-0.06727891041097625
PHF1,-0.30359110281262763
CUTA,-0.09841569126944923
SYNGAP1,0.07316132429985119
BAK1,0.10478687748051925
ITPR3,0.04600644996122821
UQCC2,-0.13960522306097614
IP6K3,-0.08795286846145049
LEMD2,0.054490053307849264
HMGA1,-0.11179883298904326
NUDT3,-0.050164333577356904
RPS10,-0.011221272609190059
SNRPC,0.1982976285764926
TAF11,0.11971236124349606
ANKS1A,-0.07975930641759924
SCUBE3,-0.17818144997412105
ZNF76,0.05864341946923701
DEF6,0.01072811763550714
PPARD,-0.1760861459897625
FANCE,-0.1299269954642495
RPL10A,-0.01366894533466073
TEAD3,0.07052181862622547
FKBP5,-0.18324072798507074
SRPK1,-0.0818269227692192
MAPK14,-0.21381216644565404
MAPK13,0.06693854874596525
BRPF3,-0.1813509415292237
ETV7,-0.07451259927574276
KCTD20,-0.11814709190792703
STK38,0.10672223948220212
SRSF3,0.0499979020883076
CDKN1A,-0.11676461622812483
CPNE5,-0.043191095838261175
PPIL1,0.20904387418496498
C6orf89,-0.15571615652770618
MTCH1,-0.08341107239435781
FGD2,0.05062162748563435
PIM1,0.014226438153343112
TMEM217,-0.04090118946865946
TBC1D22B,0.010586841657638815
RNF8,0.08360071585844961
CMTR1,-0.06231695453376469
CCDC167,0.005894680504145027
MDGA1,0.03687382389385891
ZFAND3,0.0006506805356987916
BTBD9,0.08421119282275245
GLO1,0.10164174157179091
SAYSD1,0.12539760469570949
KCNK5,0.25926086375025076
KCNK17,0.01427116273729802
DAAM2,-0.1470927569848204
MOCS1,-0.04155142763084502
UNC5CL,-0.011789855399773378
OARD1,-0.15654246890271312
NFYA,0.032620140502474075
TREM2,0.024481366472178256
TREM1,-0.06792730019963909
FOXP4,-0.0972929192340725
MDFI,0.04004871700710427
TFEB,0.13665781079096032
PGC,-0.012768906592542229
USP49,0.030012273449206428
MED20,-0.05503764622274919
BYSL,0.13445804417862162
CCND3,0.03581369108672001
TAF8,0.04262587972432564
C6orf132,0.07579292021462411
MRPS10,0.122008882315994
TRERF1,0.017488762508946983
UBR2,0.041323768272753456
TBCC,0.020027074597869197
RPL7L1,-0.09506201738238197
C6orf226,-0.060124121711444746
PTCRA,0.0416093833369201
CNPY3,0.04209578721180259
PEX6,0.07040208175616158
PPP2R5D,-0.024738729571036153
MEA1,0.19992704161014319
KLHDC3,0.21940727582002156
RRP36,0.006039017447842871
CUL7,-0.1757969294416776
KLC4,0.09866813087542724
MRPL2,-0.03616272102032611
PTK7,0.032064882964118614
SRF,0.03866234679504959
CUL9,-0.1138838883263257
DNPH1,-0.1399257589544515
ZNF318,-0.1348431700820281
ABCC10,0.1773904756246992
TJAP1,-0.1579111333282271
POLR1C,-0.004975434563691166
YIPF3,-0.19521568843576076
XPO5,-0.10776469391161496
POLH,0.003959234968931686
GTPBP2,0.17262428596949872
MAD2L1BP,0.021340053239949634
RSPH9,0.18921103701806022
MRPS18A,-0.1043047334077252
VEGFA,0.008745801948026696
MRPL14,-0.10787212213037708
TMEM63B,-0.018075376856566048
SLC29A1,-0.06617265413112353
HSP90AB1,-0.03419214292485252
SLC35B2,-0.008177294956521846
NFKBIE,0.07445790110589347
CDC5L,0.11421922584845334
SUPT3H,0.009973189286976034
RUNX2,-0.004333416072698186
CLIC5,-0.04351334068928333
ENPP4,0.08801979915882446
ENPP5,-0.0059256729885469595
RCAN2,-0.26431281467478346
SLC25A27,0.03270958460243813
PLA2G7,-0.03478863145755268
ANKRD66,
ADGRF5,0.022694034222480522
ADGRF1,0.004583148720111525
TNFRSF21,0.14868754936772735
CD2AP,0.026409650900975183
CENPQ,0.13158508881584033
C6orf141,0.11718171171911836
MCM3,-0.0809216845974055
EFHC1,0.17458975811088864
TRAM2,-0.13297331313222419
TRAM2-AS1,0.32654433718115217
TMEM14A,-0.07988236205292056
GSTA2,
GSTA1,0.03441604985509998
GSTA4,-0.008025718776507082
FBXO9,-0.1331990928635908
ELOVL5,0.01658008887090205
GCLC,0.09201973146901413
LRRC1,0.007074686792156726
BMP5,0.035643938113729394
COL21A1,-0.056952227352518446
DST,-0.03842614891779745
BEND6,0.060871975751136516
KIAA1586,0.009029331956654493
ZNF451,0.05811104350545121
BAG2,0.013311753398030696
RAB23,-0.09640618193058739
PRIM2,-0.15392880221333696
PTP4A1,-0.014969623664103636
PHF3,-0.08782473311907624
ADGRB3,-0.09055980075577011
LMBRD1,0.12067019063588642
FAM135A,0.1531709338105037
SDHAF4,-0.0752396315691961
SMAP1,-0.04360227264149913
OGFRL1,0.133360868137894
LINC00472,0.03022559891257305
RIMS1,0.04519592946865814
DDX43,-0.13701719373002924
MTO1,-0.0010859777936708098
EEF1A1,-0.07923201681409581
SLC17A5,-0.1533664190617185
CD109,0.06127761886648636
COL12A1,-0.2418298267505921
COX7A2,-0.11915843999880665
TMEM30A,-0.06887637390091383
FILIP1,0.0045787512377708645
SENP6,0.08747279899705318
MYO6,-0.07653046896561226
IRAK1BP1,-0.037955976348274315
PHIP,0.15893452697088767
HMGN3,0.07391888667058275
LCA5,0.04280580614741861
SH3BGRL2,0.32762877155905556
TTK,0.005901264483817259
BCKDHB,-0.08398852241304548
IBTK,-0.037868343256036795
TPBG,0.09729307281397528
UBE3D,-0.05738577641963314
PGM3,-0.017153861882373916
ME1,-0.08560729746048121
CYB5R4,-0.061304077582301844
CEP162,0.0406254339238271
NT5E,0.03009887042341549
SNX14,-0.1595899350624356
SYNCRIP,-0.0797282204661156
ZNF292,0.1344677200050522
SMIM8,0.05737927888431226
SLC35A1,0.01778625384845475
RARS2,-0.036191744478817
ORC3,-0.015386635572382845
AKIRIN2,-0.12897370675467243
CNR1,-0.12305392163577777
RNGTT,-0.23726983432072593
PNRC1,0.05188906591571181
PM20D2,0.1766448232778394
UBE2J1,0.009265846573183818
RRAGD,-0.14684853208949517
ANKRD6,-0.14651255453807846
LYRM2,0.07904216023345334
MDN1,0.09147438198803814
CASP8AP2,0.23912016190819782
BACH2,0.09902408027154437
MAP3K7,-0.034056815328372785
MANEA,-0.11805018261717051
UFL1,0.2185756407641015
FHL5,-0.10326101415900635
NDUFAF4,0.09123848724319841
MMS22L,-0.04077820113037185
FBXL4,0.012609617133025181
FAXC,-0.033097904251759125
PNISR,-0.06893301184957415
USP45,0.12829807934096146
TSTD3,0.21919795473295986
CCNC,0.18303675075898623
ASCC3,-0.09005746275412502
HACE1,0.14882138554093138
BVES,0.07960704653030073
PREP,0.006680166641513624
ATG5,0.009698449688062322
PRDM1,-0.10754588919410348
RTN4IP1,0.12452059762808286
QRSL1,0.08633401176650364
CD24,0.040822400949976204
PDSS2,0.19082458303972377
SOBP,0.11558962812786903
SCML4,-0.1505376076058746
SEC63,-0.13665630132993908
OSTM1,-0.0851778119875615
SNX3,0.11802629307604906
FOXO3,-0.18041126649321304
ARMC2,-0.11625695368251812
SESN1,-0.23063679161447861
CEP57L1,-0.17887856751788894
CD164,-0.07442781916804053
PPIL6,0.103485980037178
SMPD2,0.05725893607927398
MICAL1,-0.17525423294833214
ZBTB24,-0.16883194889698858
AK9,0.135690767269766
FIG4,-0.09879553047080501
WASF1,0.057533726513926214
CDC40,0.2510968169976807
CDK19,0.15314118272463353
AMD1,-0.07188644387134306
GTF3C6,0.08655922454862132
RPF2,0.0459619520261549
SLC16A10,0.03141386956697348
REV3L,-0.14775242155406773
TRAF3IP2-AS1,0.03073047862500024
TRAF3IP2,-0.2025389575887181
FYN,0.07560303396002824
TUBE1,-0.2547024961328898
FAM229B,0.24729060709115003
LAMA4,0.06608361994471294
MARCKS,0.06045135658482703
HDAC2,-0.2054671133449037
FRK,-0.04174393781924192
NT5DC1,0.042124586906508055
COL10A1,0.2766452413068947
TSPYL4,-0.11288103538769202
DSE,0.05282473724409695
TSPYL1,0.12915556616652693
RWDD1,-0.13230694324852682
RSPH4A,0.12960935483972705
KPNA5,0.2601192666130818
FAM162B,-0.04890038118178295
ROS1,0.046691049667447984
DCBLD1,0.3353771574323403
GOPC,-0.10460779772135792
NUS1,-0.15229828777706794
CEP85L,-0.01370453036616759
PLN,-0.14069488165422356
MCM9,0.05517828765665862
ASF1A,0.16912900907535663
FAM184A,0.11176338080810054
MAN1A1,0.051429182737076716
TBC1D32,0.22080095548361145
GJA1,0.018766229320522673
HSF2,0.04244285120847081
SERINC1,0.034090091472985404
PKIB,0.09180263467925383
SMPDL3A,-0.0961621477286606
RNF217,0.05975773929364728
TPD52L1,-0.09978449201290474
HDDC2,0.0066895911599760055
HEY2,-0.040882910507423945
NCOA7,-0.20378031097093302
HINT3,-0.018329936259367578
TRMT11,-0.062106100013670756
CENPW,0.09692092514991041
RSPO3,0.07221278080842874
RNF146,0.08702185571102604
ECHDC1,-0.028568882699568213
PTPRK,0.20516921216675388
LAMA2,0.106403103110527
ARHGAP18,0.06249283006209968
L3MBTL3,0.10247965408769119
TMEM200A,-0.016553370580209125
EPB41L2,0.18893311027517015
AKAP7,0.10952415168221565
ARG1,-0.18007363213441913
MED23,-0.08588558748186548
ENPP1,0.050552923818070195
MOXD1,-0.08193811060128821
STX7,0.08212294756630698
VNN1,-0.046751626005752375
VNN2,0.06712841639716571
SLC18B1,0.07904492000271286
RPS12,0.04563551275809639
EYA4,-0.0004445958980011343
TCF21,-0.053448418409910346
TBPL1,-0.11794750981587797
SLC2A12,0.0069098585293924765
SGK1,0.09824287995709936
HBS1L,-0.10350860663030828
MYB,0.0010883931786317136
AHI1,-0.065992522707903
PDE7B,0.038070130751951085
BCLAF1,-0.1677393641364306
MAP7,-0.03447918288221986
MAP3K5,-0.12739978911719135
PEX7,0.007766158346797107
IL20RA,0.012741072059434666
IFNGR1,0.07072691578253475
TNFAIP3,-0.13357865695412963
PERP,-0.020682202549027785
ARFGEF3,0.08262942959501414
HEBP2,-0.09928563955377288
NHSL1,0.1878919118659885
CCDC28A,0.04047147912510755
ECT2L,0.04457851559350793
REPS1,0.06865350819870945
ABRACL,0.06849713810581269
HECA,-0.02450113362363005
CITED2,-0.05664534724182254
VTA1,-0.11936693154621537
ADGRG6,0.08978977558087803
HIVEP2,0.16455969980811053
AIG1,0.07829621725543362
ADAT2,-0.08628161849763236
PEX3,0.12520570817109813
FUCA2,-0.16701848701547142
PHACTR2,-0.054715124870627845
LTV1,0.09361722242032851
PLAGL1,0.05929517399447873
SF3B5,-0.15767124699581186
STX11,-0.14003603133800607
UTRN,0.0938992487652525
FBXO30,0.04692366743755361
SHPRH,-0.0006820001565390902
RAB32,-0.1716909271970203
ADGB,0.1425779000517643
STXBP5,-0.3735185890451851
SAMD5,0.03132648488604666
SASH1,0.06024655882801284
UST,-0.05251603702421352
TAB2,-0.021182749169331487
ZC3H12D,0.24029199801687157
PPIL4,-0.13902847871892196
GINM1,0.2939335392618084
KATNA1,0.1587718725922508
LATS1,0.11118378008341141
NUP43,0.05694073678962587
PCMT1,-0.08287911284945532
LRP11,0.09751124339171968
PPP1R14C,0.22592358235007198
PLEKHG1,0.1353301581783605
MTHFD1L,-0.10022442938167626
AKAP12,0.03311277308800331
ZBTB2,-0.08542744597619299
RMND1,-0.18787952678101644
ARMT1,-0.35651424121698416
CCDC170,-0.006222042003389173
ESR1,-0.07693879396079042
SYNE1,0.07154923653238664
MYCT1,0.06487220831515753
FBXO5,0.09998295187136558
MTRF1L,0.01331416458842271
IPCEF1,-0.009195921666427024
CNKSR3,0.016470121278462528
SCAF8,-0.01878569620294612
TIAM2,-0.18991373497855926
TFB1M,-0.04937061295698604
ARID1B,-0.07476177009390515
TMEM242,0.2454099838921884
ZDHHC14,0.1554479940356581
SNX9,-0.004762180525826521
SYNJ2,-0.10004057991196227
SERAC1,-0.039345630067524714
GTF2H5,-0.15367071694796658
TULP4,-0.06174502298783221
TMEM181,-0.2435925347809465
DYNLT1,-0.11464617715764261
SYTL3,-0.16064249630478403
EZR,0.010332774505720854
RSPH3,0.02652335784947986
TAGAP,-0.10573641526512198
SOD2,-0.1557424033443841
WTAP,-0.13406311615196245
ACAT2,0.0028697460862864652
TCP1,0.0737985148365537
MRPL18,-0.016843065218527516
IGF2R,0.026481959953490827
SLC22A3,0.11262020388060917
MAP3K4,0.12781345522487836
AGPAT4,-0.18297702341106586
PACRG,0.10073794033921642
QKI,0.19691968644204694
SFT2D1,-0.13391593212761269
MPC1,0.08370666162858346
RPS6KA2,0.3186186693125467
RNASET2,0.14584730484548372
DACT2,-0.10095054491472445
SMOC2,-0.07924028497308455
THBS2,-0.08667306926311484
WDR27,0.02220751716829886
C6orf120,0.012891385217238925
PHF10,-0.1413680221058097
ERMARD,0.13371008972422685
DLL1,0.027675237115246692
FAM120B,-0.00521451360181846
PSMB1,-0.1564827959126399
TBP,-0.09986600211848189
PDCD2,0.007512889686123939
FAM20C,0.037344150092227975
PDGFA,-0.21867513268971614
PRKAR1B,-0.037580285362567904
DNAAF5,-0.22020841473760913
SUN1,0.12422847027281378
ADAP1,0.19056151510396893
COX19,-0.12284441042817966
C7orf50,-0.09647672969365462
GPR146,-0.005485759601747298
GPER1,0.18318292798133445
ZFAND2A,0.07042224689015911
MICALL2,0.011352956379065773
INTS1,0.08499127597122437
MAFK,-0.1186945242519696
TMEM184A,0.12928545833283037
PSMG3,0.0162122087588763
PSMG3-AS1,-0.0473331590319302
ELFN1,0.13189356579966519
MAD1L1,-0.01121358743018066
NUDT1,0.1556396585026201
SNX8,-0.08378691753645356
EIF3B,-0.057632968461084885
CHST12,-0.09423946552731112
LFNG,0.12653837159929313
BRAT1,0.0019926368320611447
IQCE,0.3390225778470092
TTYH3,-0.03500945057050253
GNA12,-0.05094184902389866
CARD11,-0.061397204531618135
SDK1,0.027349066326258817
FOXK1,0.14339148892298498
AP5Z1,-0.19984246677637707
RADIL,-0.09419808771685333
WIPI2,0.0404222274925759
TNRC18,0.1273038117087714
FBXL18,0.04528387384109665
ACTB,-0.12123591216702113
FSCN1,0.0345901521278022
RNF216,-0.1471260065404768
CCZ1,-0.06878296664447844
AIMP2,0.08457550423215662
EIF2AK1,0.07109703431387285
USP42,0.1271523917365967
CYTH3,0.021957611457927285
FAM220A,-0.12377523719348857
RAC1,0.05450907882110512
DAGLB,0.09127797274020877
KDELR2,-0.08383499605129191
ZDHHC4,-0.16381309390472962
ZNF853,-0.06907737408598744
ZNF316,0.06669407914120563
ZNF12,0.2008374968304018
RSPH10B2,0.03387339326287403
CCZ1B,-0.14668080463591954
C1GALT1,0.21898858433915605
MIOS,-0.012262335391054723
RPA3,0.08452151780972017
UMAD1,-0.01333576945720139
GLCCI1,-0.07197964647503327
ICA1,0.06719704028550218
NDUFA4,-0.1632462178925604
PHF14,0.2638655423790151
THSD7A,0.15414360483159234
TMEM106B,-0.05544599182511894
SCIN,-0.12431543891619666
ARL4A,-0.011224571308211449
ETV1,0.04163497272895304
MEOX2,0.01514263584287813
SOSTDC1,0.029470057809904877
ANKMY2,-0.022124492775433
BZW2,-0.011486301335515425
TSPAN13,-0.12048586663316738
AGR2,0.20254139919548989
AGR3,0.19867083804059768
AHR,0.09477538230990304
SNX13,-0.06955237556726604
HDAC9,-0.010549464500252258
MACC1,-0.14379212693765128
ITGB8,-0.12071302960952401
SP4,0.15817234956527054
DNAH11,0.08507471885101513
CDCA7L,0.008225841727148825
RAPGEF5,0.22327441075307097
IL6,0.09237285721297495
TOMM7,-0.09193461122768025
KLHL7,0.3050919095041175
GPNMB,-0.0739576430646741
MALSU1,0.30826249856032395
IGF2BP3,-0.08680655004855406
TRA2A,0.20094336368645568
CCDC126,0.12517256824009582
FAM221A,-0.05227159696501492
OSBPL3,-0.1346735009225272
CYCS,0.15397168038341963
NFE2L3,-0.03515369785118251
HNRNPA2B1,0.006938206307891175
CBX3,-0.013417163025561585
SNX10,-0.019036981666865703
SKAP2,0.13237630973760828
HOTAIRM1,0.0006702428010108043
HOXA3,0.0857696888269469
HOXA-AS2,-0.003239586968114037
HOXA5,-0.0968734167074109
HOXA7,-0.0873133673388507
HIBADH,-0.17060956114915432
TAX1BP1,-0.1454169980604271
JAZF1,-0.09360612089787694
CREB5,0.014221940037182725
TRIL,-0.04379295073194492
CPVL,0.1092114085120823
SCRN1,0.0523079718669162
FKBP14,-0.029976336464953318
PLEKHA8,0.06693729025437431
MTURN,0.2312447599396348
ZNRF2,-0.1772251098789954
NOD1,0.002140159779724248
GGCT,0.014193592424413728
INMT,-0.08993781014061217
AQP1,0.07994754870656039
PDE1C,-0.05543553488186456
LSM5,-0.10555666111287498
AVL9,0.1247754190390906
KBTBD2,0.022205891613483637
FKBP9,0.07379327534526346
NT5C3A,0.1773298475115556
RP9,-0.15731277409355135
BBS9,0.006031193124603322
BMPER,0.19451485289346088
DPY19L1,0.1246009918155228
HERPUD2,-0.03087056069821158
EEPD1,0.1663412212515685
ANLN,-0.11160051740188419
AOAH,-0.11782807650214071
ELMO1,0.005581962569519464
EPDR1,0.04667906886418682
SFRP4,0.008774668989428427
STARD3NL,-0.1331152621397385
TRGC2,-0.005465146949528481
TRG-AS1,-0.14889779775831538
VPS41,0.005766155072723813
RALA,0.14781941862760634
CDK13,0.18006492838855967
MPLKIP,-0.09256229124208976
INHBA,-0.09343313935117441
GLI3,0.12512575418406482
PSMA2,-0.015489358048575125
MRPL32,-0.04272622020021575
STK17A,-0.06848299224783412
COA1,-0.07415877932316102
BLVRA,-0.1265687661434097
URGCP,0.09272661942975335
UBE2D4,0.24371877909415776
DBNL,0.02827808603261455
POLM,0.04710746355960592
AEBP1,-0.004600754652727777
POLD2,-0.00386913874204117
YKT6,-0.11600362409506854
NUDCD3,-0.10392222936377918
DDX56,0.1399312821303317
TMED4,0.020119358472743244
OGDH,-0.023559256143333266
ZMIZ2,0.19025695120643482
PPIA,-0.024872379272235817
PURB,0.1483120406482621
MYO1G,0.11448426237985448
SNHG15,0.0711142870617336
CCM2,-0.03021029322678148
TBRG4,0.05663068110862162
RAMP3,0.12291308509885182
IGFBP3,0.009754626957733888
TNS3,-0.04530535332226655
HUS1,-0.31679411473198066
UPP1,-0.1537273297085081
ABCA13,0.14375515049095297
IKZF1,-0.12488519728727038
FIGNL1,-0.1368290481059596
GRB10,0.13025937495963028
COBL,-0.12032948143643316
SEC61G,0.07405996987197787
EGFR,0.11708586255489994
LANCL2,0.16923987598586276
VOPP1,-0.002568415055165224
PSPH,0.053571714697706024
CCT6A,0.042569463649770566
SUMF2,0.0032658879721014014
CHCHD2,0.07867589457148143
ZNF736,0.05980951938059753
ZNF680,-0.18062523288190074
ZNF107,0.02529436897409148
ZNF273,0.08633035124776574
ZNF117,0.016106745312896218
ERV3-1,0.031673814712629415
ZNF92,-0.10158793797928932
VKORC1L1,0.16606399587835494
GUSB,-0.030132746889512077
ASL,0.2200567333838017
CRCP,0.2611298615123012
TPST1,0.3189599146972387
RABGEF1,-0.023355201879116532
TMEM248,-0.060176050847116816
SBDS,0.08979002542084086
TYW1,0.1336624834446661
AUTS2,0.3049521909743975
TYW1B,-0.02822098392062381
POM121,-0.04365969893396502
NSUN5,-0.15739051218298705
BAZ1B,-0.04540570857379461
BCL7B,0.12959463987041325
TBL2,0.10867500612736215
DNAJC30,-0.2184375725433967
STX1A,0.08396320213573975
ABHD11,0.15811334382908176
CLDN3,-0.09056704001050267
CLDN4,0.2150383928401022
ELN,-0.04039748922384325
LIMK1,-0.13850049845174645
EIF4H,-0.1590121322079468
LAT2,-0.09090520996565138
RFC2,0.07973383059680286
CLIP2,0.13639501985545227
GTF2IRD1,0.05924236416748243
GTF2I,0.16737885204587552
GTF2IRD2,-0.03842737783985392
GTF2IRD2B,-0.017374724289711027
POM121C,0.08763400800036687
HIP1,0.07606400171694858
RHBDD2,-0.051666155101671246
POR,0.05850206755091147
TMEM120A,-0.0529068172161789
STYXL1,-0.009292632303056722
MDH2,0.13174800897536712
HSPB1,-0.016313919702331748
YWHAG,-0.10144482052456545
ZP3,-0.10268282031099954
DTX2,0.07631921067938247
UPK3B,-0.037379043822522794
CCDC146,0.04471337602170542
FGL2,0.14939968700903075
GSAP,-0.24331714517675757
PTPN12,-0.0886294025145024
APTR,-0.11069560610790033
RSBN1L,-0.1506956895463116
TMEM60,0.17898773582995312
PHTF2,0.017724045466284102
MAGI2,0.12305976099404796
GNAI1,-0.0031653730550024323
CD36,0.1609897945029226
SEMA3C,0.04182985864506395
HGF,0.022995774335115505
CACNA2D1,-0.1059076837105834
PCLO,-0.0174901697199208
SEMA3E,0.02779780966864432
SEMA3A,0.19559879646734804
SEMA3D,0.012150528663146889
DMTF1,0.09874499589305734
TMEM243,0.11643061412048998
TP53TG1,0.012155133538925321
CROT,0.1129763256553694
ABCB1,-0.1470246991683376
RUNDC3B,-0.10835106204614275
SLC25A40,0.1145502950596683
DBF4,-0.18455364492705403
SRI,-0.07826217679584589
STEAP4,-0.1269835812231124
STEAP1,0.14944556388941466
STEAP2,0.012709700413390803
CFAP69,0.07979075011793363
GTPBP10,0.06275427449114736
CLDN12,-0.23220218775839369
CDK14,0.024662180721654964
FZD1,-0.07299675125553387
MTERF1,0.11449022381282471
AKAP9,0.037935426163648624
KRIT1,-0.0035060221363801213
ANKIB1,-0.05253775448791813
GATAD1,0.08177337997786166
PEX1,-0.06059354345706025
RBM48,-0.15184368939329998
FAM133B,-0.11223204114617194
CDK6,-0.1658205624540838
SAMD9,0.06271081874813092
SAMD9L,0.13724778576333896
VPS50,-0.18573819616192885
TFPI2,-0.0380110939884701
GNG11,0.15271228967216585
BET1,0.11635161225581205
COL1A2,-0.03565188224731418
CASD1,0.06970806552681143
SGCE,-0.020686719155491192
PEG10,0.1346114150620202
PPP1R9A,0.013155407211234534
PON3,0.14254492147434117
PON2,0.13458140818210373
PDK4,0.029764698769958624
DYNC1I1,0.07035991633162017
SLC25A13,0.015486914208483008
SDHAF3,0.09189075534701877
ASNS,-0.21559245470639085
LMTK2,0.1299720032101789
TECPR1,0.05926828164703806
BRI3,0.18934063437758494
BAIAP2L1,0.020840876526453306
TMEM130,-0.08609314036438896
TRRAP,-0.1536778294189609
SMURF1,0.008404864042713369
ARPC1A,-0.05726903670168063
ARPC1B,0.0050603162045778785
PDAP1,-0.2896991641180589
BUD31,0.22065829111298027
PTCD1,-0.006159388532927182
CPSF4,0.044807797942175424
ZNF394,0.1985079606955542
ZKSCAN5,-0.050934391077081156
FAM200A,0.07603726602600852
ZNF655,-0.016648288799788885
ZSCAN25,-0.0007447956329854413
CYP3A5,0.1726123337362045
TRIM4,0.006015902947500855
AZGP1,-0.10689865682947437
ZKSCAN1,-0.09766210685318828
ZSCAN21,0.07227509488229289
ZNF3,0.21197122956210943
COPS6,0.023137969480555257
MCM7,-0.14532705918310534
AP4M1,0.061219913220611794
TAF6,-0.16526166834380368
CNPY4,-0.10871889212138429
LAMTOR4,0.08715291287155431
GAL3ST4,-0.09379540653546452
PILRB,-0.023634911056683604
PILRA,0.02554160294408686
ZCWPW1,0.10595049221268009
MEPCE,0.08327598971655194
PPP1R35,0.11239224590447994
TSC22D4,-0.10681777020036666
AGFG2,-0.0952183886276847
PCOLCE,0.10734800519297075
MOSPD3,-0.08914550381265023
GNB2,0.01817586804732537
GIGYF1,-0.11868608678804596
POP7,-0.12478643086595013
EPHB4,0.11999611365647007
SLC12A9,0.2182895848375781
TRIP6,-0.1403239615169699
SRRT,0.17967944993628593
ACHE,-0.08057200592370414
TRIM56,0.17402809252053697
SERPINE1,-0.014358184771306785
AP1S1,-0.03740356579727947
PLOD3,0.17079090612577338
ZNHIT1,0.0785407073869957
CLDN15,0.16754031454829796
FIS1,0.23063812228096048
IFT22,0.025095747871975993
CUX1,-0.024924815855516192
SH2B2,0.1944765604307653
PRKRIP1,-0.06860580882417343
ORAI2,-0.005310955326217325
ALKBH4,0.10509149354322583
LRWD1,0.14005449183683563
POLR2J,-0.06511911532809499
POLR2J3,-0.018336185938885613
LRRC17,-0.09983051643449496
ARMC10,0.2302725358837192
NAPEPLD,-0.14040985502712322
PMPCB,0.0786558601035549
DNAJC2,0.1191443224705313
PSMC2,-0.1250261375279463
ORC5,0.00047978291421686
KMT2E,-0.0518008874698462
SRPK2,0.20426773306918775
PUS7,-0.05122266402279986
RINT1,0.17789310800916772
ATXN7L1,0.18749605655592222
CDHR3,0.1437565643424908
SYPL1,0.3009290278734538
NAMPT,0.02474850818232383
CCDC71L,0.19317687208978435
PIK3CG,0.054754326401726144
PRKAR2B,0.07119815356389898
HBP1,-0.1254250338210139
COG5,-0.11245951629210511
DUS4L,-0.020547875600013754
BCAP29,-0.035105087858571776
CBLL1,0.04810511235027285
DLD,0.01622889270234785
LAMB1,0.020236244803162766
NRCAM,0.007536860172392252
PNPLA8,0.04550359628144943
THAP5,-0.05696287821718276
DNAJB9,-0.14825203841698897
IMMP2L,0.09216420828311861
LRRN3,-0.0025780377338998238
DOCK4,0.04885937959515391
ZNF277,0.1737811815360413
IFRD1,0.03502709136393136
TMEM168,-0.11305683658150863
FOXP2,0.14104332914543669
MDFIC,0.11056138826578761
TFEC,0.01718096461773595
TES,-0.17782035003702862
CAV2,-0.04925607639552655
CAV1,-0.04205119816084731
MET,0.1076649445538519
CAPZA2,0.08621232833094433
ST7-AS1,-0.01303636686705283
ST7,-0.0019126932230918222
WNT2,-0.01298955925050798
CFTR,0.1245730441064744
CTTNBP2,-0.05058309726319052
LSM8,0.11647227945820032
TSPAN12,0.2836577172202586
ING3,0.10622070256931766
CPED1,-0.21042752650713178
FAM3C,0.25193971083159017
PTPRZ1,0.056220711115681374
AASS,0.0869242109461766
CADPS2,0.217530825756259
NDUFA5,0.05596794111949601
WASL,-0.04634755138647169
POT1,-0.10791619247363991
ZNF800,0.12490432993703046
GCC1,0.062067525594577566
SND1,0.02466621577035411
LRRC4,0.048779240024259395
RBM28,-0.036956208627016554
IMPDH1,-0.06033992410135539
HILPDA,-0.25854671895921105
METTL2B,-0.10710622544502214
CALU,0.1695568712526139
FLNC,-0.13874365920883147
ATP6V1F,-0.12961028668685926
IRF5,0.17607409060170698
TNPO3,-0.028420650082983834
TSPAN33,0.14310663957284336
SMO,0.13705516073274393
AHCYL2,0.022575311342948517
NRF1,-0.07191253382289439
UBE2H,0.07735543427770024
ZC3HC1,-0.08057302277647622
KLHDC10,-0.057631296709016684
TMEM209,0.07770753290457784
CEP41,-0.15481055608482464
MEST,-0.04656683877962142
COPG2,0.01917511376433547
MKLN1,0.12438742348035896
PODXL,0.22695695850376582
PLXNA4,0.07993458945248634
CHCHD3,-0.08322959351889297
EXOC4,-0.11913912351716188
SLC35B4,0.11932677489213553
AKR1B1,0.08710799467194325
BPGM,0.0012548461843389378
CALD1,0.06081916131548699
AGBL3,0.2184017985854892
TMEM140,0.10253854594242573
WDR91,-0.12636584427090405
CNOT4,-0.2516349604758458
NUP205,-0.11274438715059709
FAM180A,-0.010908229011341463
MTPN,0.1921496658344212
CHRM2,0.0995035610254314
PTN,0.004817164321426488
CREB3L2,-0.20598335951157598
TRIM24,0.06655255352299753
TMEM213,-0.06640204848785074
KIAA1549,0.03352293351826846
ZC3HAV1,-0.08335350238373414
UBN2,0.012110170916114844
LUC7L2,-0.03642440917433194
HIPK2,-0.035587879687606745
TBXAS1,-0.031373522326975656
PARP12,-0.007641140333503983
KDM7A,0.15504429488087887
SLC37A3,0.021066023071655997
MKRN1,0.08246187401313163
DENND2A,0.00789857790050789
ADCK2,-0.06684138051995764
NDUFB2,0.04605203238870493
BRAF,-0.035395510936989345
MRPS33,-0.07519573422572108
AGK,0.018766272892995532
SSBP1,-0.20955387357210886
MGAM,-0.055748469824496084
CLEC5A,0.060531534878728296
TRBC1,0.10261149536578817
TRBC2,-0.12536990985581203
EPHB6,0.09308968256271224
PIP,
GSTK1,0.1000097499369774
TMEM139,-0.12607695357253995
CASP2,0.0752064664525076
ZYX,0.14264924633218748
EPHA1-AS1,0.11544412869202697
TCAF2,0.028373473791841984
TCAF1,0.1120740269643614
ARHGEF5,-0.053944377873229074
TPK1,-0.04192353989293108
CUL1,0.14653782156908565
EZH2,0.004846296165305041
PDIA4,-0.10373116052307461
ZNF398,-0.10687021700931391
ZNF282,0.1388383018816817
ZNF212,0.0585857626081073
ZNF783,-0.055787150035990746
ZNF777,0.23288664971246312
ZNF746,0.20255454969056186
KRBA1,0.14695782565869064
ZNF467,0.05464846348995987
ZNF862,0.04984687171113704
ATP6V0E2,-0.14193242423521585
ACTR3C,0.004728612231081456
LRRC61,0.07074320923429135
RARRES2,0.016492845473247787
ZNF775,-0.09227566660339391
GIMAP8,0.14763342137751892
GIMAP7,-0.06782032708303083
GIMAP4,0.06419305179706825
GIMAP6,-0.1659986723879483
GIMAP2,0.07043929607352928
GIMAP5,-0.06429523851997412
TMEM176B,-0.0376559593852537
TMEM176A,-0.13188549230151644
KCNH2,-0.09207995675570592
NOS3,0.023733130996441906
ABCB8,-0.19436176059046684
CDK5,0.02621883438657729
SLC4A2,-0.18679414490966742
FASTK,-0.005058138269932009
TMUB1,0.13959974022289084
AGAP3,0.11010417510657759
ABCF2,-0.05260709144920109
CHPF2,-0.0731055060420412
SMARCD3,-0.1413322847632964
NUB1,0.12833587701372534
RHEB,-0.058652917914846024
PRKAG2,0.049323804780741484
PRKAG2-AS1,0.12704073792509346
GALNT11,-0.06639701784768823
KMT2C,0.1069505317620576
LINC01003,-0.03435400335605454
ACTR3B,-0.04514548382235214
DPP6,0.06427111442366042
PAXIP1-AS2,0.15190248990969038
PAXIP1,-0.1645117231764191
INSIG1,-0.06106806078189195
RBM33,-0.12104469330246524
SHH,0.10112144074435821
LMBR1,0.0410294624859118
NOM1,0.09480050059378142
UBE3C,-0.10348769928971646
DNAJB6,-0.061039144913297885
PTPRN2,-0.019207580711148642
NCAPG2,-0.08708903024660514
ESYT2,0.020874989419385804
PLCXD1,-0.035632535455236376
GTPBP6,0.07464459456222704
PPP2R3B,0.0782758754646249
CSF2RA,0.11121742261572337
IL3RA,0.04090535817355942
SLC25A6,-0.08773785960539712
LINC00106,0.04402589971034884
ASMTL,-0.043792509627854706
P2RY8,-0.06976617080636718
AKAP17A,-0.1599115761762895
DHRSX,0.09563085486326832
CD99,0.004885678739299865
ARSD,0.055823918376842696
MXRA5,-0.030064534817685624
PRKX,0.1302124056748947
NLGN4X,0.04412847478551275
PUDP,0.32712082646978546
STS,0.15639646150916162
PNPLA4,-0.03926851087282237
ANOS1,-0.05291818100612646
TBL1X,0.0263826516614102
SHROOM2,0.10122368735330793
WWC3,-0.028058551724306283
CLCN4,0.12209772586321761
MID1,0.07346519880815806
HCCS,-0.010842082326377128
ARHGAP6,-0.023650137385063802
MSL3,0.0892401556051337
PRPS2,0.04810801467462388
TLR7,0.0604648963011975
TLR8,0.032939998744577724
TMSB4X,-0.018717361950165472
EGFL6,-0.07285704725793424
TCEANC,-0.18138014063317423
RAB9A,0.07239401366826333
TRAPPC2,-0.06616502897411816
OFD1,0.053297253353241425
GPM6B,0.101498834072386
GEMIN8,0.17872320037157982
MOSPD2,0.007875721308919075
PIGA,-0.07753038641289817
PIR,0.09021735862632871
BMX,0.027346539524040744
CA5B,-0.16578060631094108
ZRSR2,-0.025773392436578314
AP1S2,0.06907810194307751
CTPS2,-0.021876173019343206
SYAP1,0.00038405534851024357
TXLNG,0.08267839861008208
RBBP7,-0.029758827351359873
REPS2,0.15649991532093
NHS,0.10019818352843715
SCML1,0.13758359727153624
RAI2,0.33053975032648086
CDKL5,-0.14619579200316501
RS1,-0.03480319400928496
PHKA2,0.20429743167459433
PDHA1,0.1270112357335841
SH3KBP1,0.05150351041232787
EIF1AX,0.035051806755264085
RPS6KA3,0.044425438076448366
CNKSR2,0.049678888777637445
MBTPS2,-0.08369718247049576
SMS,-0.21634245581836664
PHEX,0.07860529246089179
PRDX4,0.043032827133242225
ACOT9,-0.1242740069633071
SAT1,0.10645993166632506
APOO,0.21280247356616902
KLHL15,0.06978851929386923
EIF2S3,0.05939268284219856
ZFX,-0.09271546375404809
PDK3,0.004447213337252315
POLA1,0.16083075580967393
GK,-0.07493090595951195
TAB3,0.0766865298933335
DMD,-0.02178802054965962
TMEM47,-0.09946920200552795
CFAP47,0.1170842002713175
PRRG1,-0.1051772815878811
CYBB,0.07356796205907443
DYNLT3,0.10880390376392261
SRPX,0.04412268321632563
RPGR,-0.02367791227345464
TSPAN7,-0.1276899834214483
MID1IP1,-0.005282727979136382
BCOR,0.12326896625709059
ATP6AP2,0.2262519524717293
CXorf38,0.24586481349443967
MED14,-0.029490216036000782
USP9X,0.121578813961366
DDX3X,-0.04597911112500785
CASK,0.009753668237951655
GPR34,-0.2249793853187545
MAOA,0.12547503015975497
MAOB,-0.07071210288207778
EFHC2,0.0010070259669731213
FUNDC1,-0.05288543407392063
KDM6A,0.17238565998095087
MIR222HG,0.04687965832571282
KRBOX4,0.05973154366369669
CHST7,0.07860868679967753
SLC9A7,0.0899241849268339
RP2,0.09642142517416404
JADE3,0.28233790582376367
RGN,-0.025157201378749085
NDUFB11,0.14908303990792282
RBM10,0.1250549433363875
UBA1,0.14611299336594458
CDK16,-0.05414306415773657
USP11,-0.2640194191501334
LINC01560,-0.03252294196044186
ARAF,-0.04855498101960741
SYN1,0.01212397451737096
TIMP1,0.1853904673714226
CFP,0.04825007981234871
ELK1,-0.06578591964855782
UXT,-0.08631326158082596
ZNF81,-0.03956570415589199
ZNF182,0.03238943259694481
SLC38A5,-0.10002783540702066
FTSJ1,-0.11766172155474225
PORCN,-0.06211162165105316
EBP,-0.01581056162817422
TBC1D25,-0.08264653759944979
RBM3,-0.0330743160134603
WDR13,-0.033886718987760224
WAS,0.04414776243515158
GATA1,-0.05507780742513651
HDAC6,-0.18031972269382263
TIMM17B,-0.1707093866881327
PQBP1,0.008971490339195223
SLC35A2,-0.1272801236993956
PIM2,0.007299275324200785
OTUD5,0.0761765167891174
GRIPAP1,0.1751751243524934
TFE3,0.15651212223737163
CCDC120,0.04560865341504208
PRAF2,-0.1202257882520736
WDR45,-0.06311052091279161
GPKOW,0.09036940923975263
MAGIX,0.025629902467900232
PLP2,-0.09413077715261714
CCDC22,0.07700680631535427
PPP1R3F,-0.1506813031385087
USP27X,0.004318965196723256
CLCN5,0.01347598032105133
SHROOM4,0.12351853164366348
GSPT2,-0.09516994299796686
MAGED1,-0.18456746553539793
XAGE2,0.1807339068617418
GPR173,0.08928374022724286
TSPYL2,-0.19664387487285248
KDM5C,-0.04901556778184738
IQSEC2,-0.08520045618105712
SMC1A,0.09437994949068701
RIBC1,0.18483968786541446
HSD17B10,0.16571948673847134
HUWE1,0.11630444889652218
PHF8,0.2089689900911309
FAM120C,0.08456660806194433
TSR2,-0.09329815093224626
GNL3L,0.1469177168195784
MAGED2,-0.26304632453538795
TRO,-0.08020037243630523
APEX2,0.3579053646213379
ALAS2,-0.2146823323842897
MAGEH1,-0.10475638807515188
USP51,-0.02996767388378901
RRAGB,0.20230812463300857
KLF8,-0.05053937964559124
UBQLN2,0.06439914603255001
FAAH2,0.11203174283456187
ZXDB,0.03950681181612331
SPIN4,-0.14911533404962624
ARHGEF9,-0.2460466635897648
AMER1,-0.06555725058615486
ZC4H2,0.007674026408002611
LAS1L,0.03472215798584736
MSN,-0.05692958104530294
VSIG4,-0.039055471869976356
HEPH,-0.0582475940058025
EDA2R,0.001117733031129111
AR,0.18146939985826227
OPHN1,0.2592232103882122
YIPF6,0.027115109275608715
STARD8,0.03531074120411303
EFNB1,0.13416788414839265
PJA1,-0.09147528673340015
EDA,-0.03670370811528096
IGBP1,-0.012424815876960791
PDZD11,0.08610408140492297
KIF4A,0.0008252348102111172
DLG3,-9.464382559849077e-06
SNX12,-0.013545654425244424
FOXO4,0.07578018363916772
MED12,0.12968051901747937
ZMYM3,-0.04989402448971018
NONO,-0.07684113469612155
TAF1,0.23779000137732134
OGT,-0.13053502609747472
CXCR3,-0.006075956630055954
LINC00891,-0.16862617587525267
NHSL2,-0.037601956928844035
PIN4,-0.05482957139278565
RPS4X,-0.08178782078601976
HDAC8,0.030954664403399113
CHIC1,0.10922074540706228
JPX,0.1532243841855217
FTX,-0.08474541532184147
SLC16A2,-0.008592910992021648
RLIM,0.0920269355391346
ABCB7,0.11104470995455641
UPRT,0.1808922296938835
PBDC1,-0.24669756578154098
MAGEE1,-0.0855513303118056
ATRX,0.14325477335107295
MAGT1,-0.06948625814964889
COX7B,0.038743969067638884
ATP7A,-0.04184092524144828
PGK1,-0.10523278679946864
TAF9B,-0.004961200871446938
CYSLTR1,-0.030847086520496184
ITM2A,0.1252872590196566
BRWD3,0.20945590716883544
HMGN5,-0.2518100885227963
SH3BGRL,0.021307048503154524
RPS6KA6,-0.042815125810180585
HDX,0.21416538042149888
APOOL,-0.05101481130300238
ZNF711,-0.023631242686277885
CHM,-0.14722835177854682
PABPC5,-0.008797692073068127
DIAPH2,-0.08531929747058735
TSPAN6,0.06226770565200397
SRPX2,0.007792354280711253
SYTL4,0.053858856252731076
CSTF2,0.31346023918220167
TRMT2B,0.03131940523972102
TIMM8A,-0.12489182549670927
BTK,-0.010505292448507439
RPL36A,-0.10018854886371181
GLA,0.08130291003169456
HNRNPH2,-0.08800402058100806
ARMCX4,0.12063668876274025
ARMCX1,-0.12832550261089293
ARMCX3,-0.12501211542988114
ARMCX2,-0.07494581300690378
ZMAT1,0.23981127929273197
TCEAL2,-0.12724453870709299
BEX5,-0.09369244655043737
ARMCX5,-0.1315291045103919
GPRASP1,0.26509425280136567
GPRASP2,0.05996192621117015
BEX1,-0.10663578983972426
BEX4,0.0045346651213111575
TCEAL8,-0.05838583548871537
BEX2,-0.041697131357940724
TCEAL7,-0.08341502785556838
TCEAL4,-0.1582740873723786
TCEAL3,-0.13301471406608667
TCEAL1,-0.11401865398964933
MORF4L2,-0.1444031352126448
RAB9B,-0.10099956606143692
SLC25A53,0.33318878454263395
FAM199X,0.054483337153486945
RNF128,0.05406629251796977
TBC1D8B,0.11538721948260128
MORC4,0.14309463386490032
RBM41,-0.029033027630165187
PRPS1,0.155064738622021
TSC22D3,-0.10356388422092871
MID2,0.20484008223400443
VSIG1,-0.040026017979497536
PSMD10,-0.04182113790934824
ATG4A,-0.06321641831610512
COL4A5,-0.03622410602305467
NXT2,-0.06475298121716144
ACSL4,-0.0609782399470896
TMEM164,0.09077872631531232
AMMECR1,0.03025012818596561
CHRDL1,-0.1035173519593813
PAK3,0.03760147245463082
ALG13,0.008933116335729914
AMOT,0.0005462177329685247
IL13RA2,
LRCH2,-0.030946095661897304
PLS3,-0.006645580455291046
DANT2,0.1024322169388461
SLC6A14,0.10759827823268953
WDR44,0.10462315538504138
DOCK11,-0.33546193857816264
IL13RA1,0.1633160545174348
LONRF3,-0.1793999129415083
PGRMC1,0.03194542116336682
SLC25A43,-0.2302228965969659
SLC25A5,0.15558999501299067
UBE2A,0.10027268658499479
NKRF,-0.12295138087917742
RPL39,-0.12652764538604497
UPF3B,0.08921043036085784
RNF113A,0.15868107127314657
NDUFA1,0.04409586461187547
AKAP14,0.18045756443236574
NKAP,0.09274967575955152
RHOXF1-AS1,0.04470738467551913
ZBTB33,0.19537354696848347
LAMP2,-0.0998803855011944
CUL4B,0.11050855856762924
MCTS1,-0.152226558044474
C1GALT1C1,0.14693840960276658
GLUD2,-0.03514849628007341
THOC2,-0.13917325705221006
XIAP,0.09951941253639653
STAG2,-0.12840568172599667
TENM1,0.002788118731396217
SMARCA1,0.0056552323180770955
OCRL,0.002597449170982596
XPNPEP2,-0.07124694745105697
SASH3,-0.14463342960998035
ZDHHC9,-0.022295834428804444
UTP14A,0.1432866442338624
BCORL1,-0.1571254378331043
ELF4,0.16232920106735055
AIFM1,-0.0772391223917905
RAB33A,0.07078186485793499
ZNF280C,0.16416325074860416
SLC25A14,0.11416196849474064
RBMX2,0.06634850242877217
ENOX2,-0.10852668279246262
STK26,-0.07138684345315371
RAP2C,-0.16547292545511874
MBNL3,-0.08309177119951548
GPC4,-0.047580300918136795
GPC3,0.07437174693680051
PHF6,0.06513089862098527
HPRT1,0.04639086487397954
MOSPD1,-0.06796356269776149
SMIM10,0.10691980999964756
SMIM10L2B,-0.07105165835594578
ZNF75D,0.1419085246650673
ZNF449,-0.20397424840420508
SMIM10L2A,-0.10538826357690256
MMGT1,-0.10071040249423044
SLC9A6,-0.05905462035426712
FHL1,-0.1711723445138314
MAP7D3,0.13188552376933632
HTATSF1,-0.11604868480742414
CD40LG,-0.11807037538034926
ARHGEF6,0.06368744725448003
RBMX,0.006281175886144435
FGF13,0.003297897114935909
ATP11C,-0.052889666407965955
LDOC1,-0.10505336294157726
SLITRK4,0.04375725013266818
FMR1,0.0015404458936011164
AFF2,0.04824130598720086
IDS,-0.0627829656925513
MAMLD1,-0.047729259098276355
MTM1,0.20026997088738135
MTMR1,-0.07165397899822
CD99L2,0.22226762351482163
HMGB3,0.1579481103629962
VMA21,0.10199499272412828
GABRE,0.11461864913394336
CETN2,0.0026376113835470567
NSDHL,-0.0477368604165599
ZNF185,0.027833580054443134
PNMA6A,
ZNF275,-0.08358489412994168
ZFP92,-0.05316362789083071
BGN,-0.15959164024616088
BCAP31,0.06821710757275644
ABCD1,-0.09263203845978776
IDH3G,-0.11586427122890591
SSR4,0.21117111467620003
ARHGAP4,-0.09357159136989303
NAA10,-0.0879902590462819
RENBP,-0.21497257407848278
HCFC1,0.1106096626566859
TMEM187,-0.0606017724622388
IRAK1,0.06490560802463471
MECP2,-0.19980871257232607
FLNA,-0.15995232420813155
EMD,-0.10087294843430386
RPL10,-0.06624775867697189
DNASE1L1,0.2818699788537186
ATP6AP1,0.037238087342698054
GDI1,0.126421125015479
FAM50A,-0.026715928166086773
PLXNA3,-0.04143162772789221
LAGE3,0.20237333601397547
UBL4A,0.050012671170413664
SLC10A3,-0.08770616606785633
FAM3A,-0.09812222351017777
G6PD,-0.047255224014243556
IKBKG,0.1278486287186972
GAB3,-0.15703660904484606
DKC1,0.15023560440972505
MPP1,0.09052723407852191
F8,0.15436483889229455
FUNDC2,0.0924846507725506
BRCC3,0.13534835538162182
VBP1,0.03500102087650441
CLIC2,0.17926710619608915
SPRY3,0.08429257097458359
VAMP7,-0.3202950332139832
FBXO25,0.1747948924630741
TDRP,0.09375015735374638
ERICH1,0.12670397013437945
CLN8,0.19505459910155132
ARHGEF10,-0.09874485026935131
KBTBD11,-0.0028348474270061073
MYOM2,0.07024816522902792
MCPH1,-0.04852146032009172
ANGPT2,-0.012029244378346878
AGPAT5,0.15699440351435567
DEFB1,
CLDN23,0.3626459150920878
MFHAS1,-0.23376585688355517
ERI1,-0.07414851960110745
PPP1R3B,-0.009898791168008864
TNKS,-0.014220572480520777
MSRA,-0.16744245278268183
SOX7,-0.027818396802266145
PINX1,-0.2505940301862849
XKR6,-0.028428339556739575
MTMR9,-0.023520220499262653
FAM167A,0.12444136063418894
NEIL2,-0.18567849557905805
FDFT1,0.017384179174401215
CTSB,0.001426668194985204
LONRF1,-0.013158192178883426
DLC1,-0.04435573987048836
TUSC3,0.162925609781855
MSR1,-0.15871281120965217
MICU3,0.020839865326710654
ZDHHC2,-0.19233764512988138
CNOT7,0.20426637769949152
VPS37A,0.0969287544387338
SLC7A2,-0.09859431207323871
PDGFRL,0.001318099250112835
MTUS1,0.008197550171717931
PCM1,-0.1994480662947249
ASAH1,-0.08428301990924371
NAT1,0.030224891545253083
PSD3,0.03432932159959267
SH2D4A,0.21601077853843462
CSGALNACT1,-0.04572753255398722
INTS10,-0.2143552324143322
LPL,-0.05978684142328338
ATP6V1B2,0.010018563837893995
LZTS1,-0.14087093542324003
GFRA2,0.07207468300157834
DOK2,-0.05250248378410214
XPO7,0.02788274905769717
DMTN,-0.143306532947071
NUDT18,-0.023606364037878247
REEP4,0.1732980930841402
LGI3,0.4779358925197697
SFTPC,-0.05708224816484977
BMP1,-0.03731404420205784
POLR3D,-0.12446167578371624
SLC39A14,-0.15123365732780497
PPP3CC,-0.15488996792998666
SORBS3,-0.0568338748831695
PDLIM2,-0.13823791456885456
C8orf58,0.013140597118861626
CCAR2,-0.2386978100478623
BIN3,0.15180920079888457
EGR3,0.07533123281986247
PEBP4,0.032870633458318706
RHOBTB2,0.20686884081864404
TNFRSF10B,-0.03141022242219998
TNFRSF10C,-0.04712292545144249
TNFRSF10D,0.10264814970502464
TNFRSF10A,0.06245431255879233
CHMP7,0.0737019941502444
R3HCC1,0.19150534523486365
LOXL2,0.05387122413832551
ENTPD4,-0.05795011728047677
SLC25A37,0.1967942346949372
NKX3-1,-0.012818364905446028
STC1,0.09498943204198676
ADAM28,0.07637476481233602
DOCK5,0.12218605115650746
KCTD9,0.14825572766957135
CDCA2,-0.002621111034564419
PPP2R2A,0.1282791597621337
BNIP3L,0.04754818901724372
PNMA2,-0.09708537261697603
DPYSL2,0.17422309376703815
TRIM35,0.027267834269621247
PTK2B,-0.08248478296561364
EPHX2,0.1157478651282709
CLU,0.05232333673851568
SCARA3,0.10810588408439996
CCDC25,0.43104227125571015
ESCO2,-0.017121613292416432
PBK,0.008628532258049269
SCARA5,0.11578962173998941
ELP3,-0.12113219750023316
ZNF395,-0.14083255813727955
FZD3,0.18584948776793794
EXTL3,-0.05515368882442478
INTS9,0.21364294978485862
HMBOX1,0.23775940138183324
KIF13B,-0.21906654253702074
DUSP4,0.14747345411206883
SARAF,-0.0076702609244322685
LEPROTL1,-0.02412074713379711
DCTN6,-0.14947333821237457
RBPMS,0.06079424675313341
GTF2E2,0.18886061707506524
GSR,-0.02818153764636762
UBXN8,0.04240617620093766
PPP2CB,0.027639925238343084
WRN,0.0026761737406092584
NRG1,-0.0720876360084139
FUT10,0.09051843266285375
TTI2,0.1045953200398538
MAK16,0.17218163807370523
RNF122,-0.007211210997202993
ZNF703,-0.06653865170303218
ERLIN2,0.21425538827141094
ADGRA2,-0.01881878084517563
BRF2,-0.11965300208479629
RAB11FIP1,-0.11154680476413739
EIF4EBP1,0.04126850175569848
ASH2L,-0.09396164308233504
LSM1,-0.251067913888002
BAG4,0.07976437130439389
DDHD2,0.19248220416362039
PLPP5,-0.2402412365978958
FGFR1,0.0016534971159199137
TACC1,-0.060459435067925296
PLEKHA2,0.02316983878854258
HTRA4,-0.16835926131795367
TM2D2,0.10768825078815902
ADAM9,0.011609045234330793
IDO1,0.20877994263816896
SFRP1,-0.028062949327756877
GOLGA7,-0.02971918670478685
GINS4,-0.15866368277567353
GPAT4,0.0547734683013635
ANK1,0.045781066873408306
KAT6A,0.047360843898096076
AP3M2,-0.004500328962612734
PLAT,-0.11049091621295518
IKBKB,0.03882750595358367
POLB,0.1794474793858343
VDAC3,-0.005044741682665128
SLC20A2,0.21672664570370653
SMIM19,-0.11898772886882032
THAP1,0.07270747111337593
RNF170,0.04405239926386218
HOOK3,0.12951435861545774
FNTA,-0.09474631358680109
HGSNAT,0.16737876523993933
SPIDR,0.016559825733299626
CEBPD,0.12004916490142853
PRKDC,0.02452341676198186
MCM4,0.17565776593764212
UBE2V2,0.05742504499789609
SNAI2,-0.06288065927805692
PCMTD1,0.10370209350727422
RB1CC1,0.01228850624953252
ATP6V1H,-0.18247795648352277
TCEA1,-0.1788913618981855
LYPLA1,-0.09492011519295053
MRPL15,-0.0074907216035319
SOX17,-0.06916048551074105
RP1,0.05867112348858652
TMEM68,0.18580774570651895
TGS1,0.025504953272987747
LYN,0.08875851856590816
RPS20,0.13134406240572766
PLAG1,0.13463677921880365
CHCHD7,-0.2437011466495838
SDR16C5,-0.12897269238733725
PENK,0.0433385720524766
LINC00968,0.04805717038153115
FAM110B,-0.15541360376593824
UBXN2B,-0.04409424416892538
SDCBP,0.12153745735015223
NSMAF,-0.03361611224546118
TOX,-0.10659236285586716
CA8,0.06751784141163941
RAB2A,-0.021574987447522065
CHD7,0.048545195427419245
ASPH,0.07155627000629972
GGH,0.012563398641266887
YTHDF3,-0.013926068273473704
BHLHE22,
CYP7B1,0.10742675576538437
ARMC1,0.15525961556647344
MTFR1,-0.05062837506176397
PDE7A,-0.01561406832418017
RRS1,0.11579353101259464
ADHFE1,0.05247670318773259
MYBL1,-0.14554824932038932
VCPIP1,-0.06337650871883775
SGK3,-0.04087505548252407
COPS5,-0.221899938893419
CSPP1,0.09073464201040014
ARFGEF1,0.036709847401346196
PREX2,0.1884156029634749
C8orf34-AS1,0.1009887911271126
C8orf34,0.06944459185802103
SULF1,0.07490447106805766
NCOA2,0.09002917447251327
TRAM1,0.056737269719863016
LACTB2,0.006135082154154056
MSC-AS1,-0.26947386443954047
MSC,
TERF1,-0.04167037307689721
SBSPON,-0.15912507405761375
RPL7,0.064209964349077
RDH10,-0.03183321362020784
STAU2,-0.012658975722649726
UBE2W,0.011055620458321688
TMEM70,0.026704183127764805
LY96,-0.08019125255659133
JPH1,0.094138876178409
GDAP1,0.014873514161466046
PI15,-0.1916626579441354
CRISPLD1,0.10618182982814613
ZFHX4,0.10739507642523988
PEX2,-0.1975977560483838
PKIA,0.12195743306086061
ZC2HC1A,0.11058207188888895
IL7,0.19214585064955794
HEY1,0.09509521960958137
MRPS28,-0.1162977136686641
TPD52,-0.053951573731965304
ZBTB10,0.2053551710667772
ZNF704,0.11788802642949897
PAG1,-0.03993160816586308
FABP5,0.13076010091299164
FABP4,-0.18645899628474694
IMPA1,0.1529518042089118
ZFAND1,-0.14690241148807445
CHMP4C,-0.12862577451538884
SNX16,-0.06591546637530384
LRRCC1,0.3275713450137073
E2F5,0.11500493360532253
CA13,0.0946884363491572
CA1,0.14716278553150852
CA3,0.04861545156295237
CA2,-0.17730327011185237
ATP6V0D2,0.04897426847281049
WWP1,0.029378133770854
RMDN1,0.006520573969288933
CPNE3,-0.13455163105697152
CNGB3,-0.02888707684855861
RIPK2,-0.11809942400280746
OSGIN2,-0.024699416757563684
NBN,-0.14303011156267414
DECR1,2.8704510903285012e-05
TMEM64,0.0322963367698554
NECAB1,-0.26058889493809645
OTUD6B-AS1,-0.19085596895225898
OTUD6B,0.04216633583089297
LRRC69,-0.022975324022936505
RUNX1T1,0.07422243640151785
TRIQK,0.17176319240802784
RBM12B,0.05918039043591119
TMEM67,0.09267321559184302
PDP1,0.14321673155041484
GEM,-0.05141715705694831
ESRP1,0.03330460959736556
DPY19L4,0.014773577630670208
INTS8,0.23006379846382852
CCNE2,0.004247083318644295
NDUFAF6,-0.1337488250237523
TP53INP1,-0.034299806992510104
PLEKHF2,0.07235174021853655
UQCRB,0.11107548862262578
MTERF3,0.26035031065190933
PTDSS1,0.18196847725649146
SDC2,-0.10972949872903025
CPQ,-0.09136937415233212
TSPYL5,0.169086582941535
MTDH,-0.2303235386940091
LAPTM4B,0.01887216487898857
MATN2,0.0115643151307025
RPL30,-0.04767194466401176
POP1,0.0580280241343958
NIPAL2,0.16752271551928355
STK3,0.19393318682328264
OSR2,-0.08132925330639468
VPS13B,-0.0844040407249046
COX6C,-0.026064432039862778
RGS22,0.1924688554188736
POLR2K,0.26669867229978295
SPAG1,0.10280336153870694
RNF19A,-0.09774535363323972
ANKRD46,0.1346977636769223
PABPC1,0.07733156237222827
YWHAZ,-0.10212991628323398
ZNF706,-0.17305070200277797
GRHL2,0.0695962880508132
NCALD,0.07088190797764
RRM2B,0.0006206980701030217
UBR5,-0.10556698871325695
KLF10,0.12968476133127269
AZIN1,0.19245805776248245
ATP6V1C1,-0.017233421271277784
BAALC,0.06104224404321546
FZD6,0.04127822735106436
CTHRC1,0.11397682021428056
SLC25A32,-0.07036812791938345
DCAF13,0.26665650072581804
DCSTAMP,-0.18231565228894356
LRP12,-0.20584753184923302
ZFPM2,0.056884827969699646
OXR1,0.11805205920348112
ANGPT1,-0.09293127097406584
RSPO2,-0.03430251721360773
EIF3E,0.15016893228393424
EMC2,-0.02621152470808306
NUDCD1,-0.2150389065609149
ENY2,-0.03837292477152116
PKHD1L1,0.03155991909121382
EBAG9,-0.09945926443650879
SYBU,0.12625618047155143
TRPS1,-0.006374599044385136
EIF3H,-0.21241679354428644
UTP23,-0.14228471004780863
RAD21,0.04731839500258997
AARD,-0.07127316610961322
MED30,-0.24757481325312175
EXT1,0.1566049051049626
SAMD12,0.1952516162542557
TNFRSF11B,-0.011929056591001963
MAL2,0.006929327296219237
ENPP2,0.04376022541185291
TAF2,0.031066495630074444
DEPTOR,0.10136996497848112
COL14A1,-0.11722841181182596
MRPL13,-0.042557045850480736
SNTB1,-0.13005751397027251
HAS2,-0.13726969755975008
ZHX2,-0.16975698357626323
DERL1,0.04812266269644615
TBC1D31,-0.1772353215823548
C8orf76,0.0422989858705055
ZHX1,-0.054727439336596684
ATAD2,-0.07256642489232107
FBXO32,-0.07157636728532565
FAM91A1,-0.08492457733102513
TMEM65,0.15692374764780373
TRMT12,-0.05377242572357399
RNF139,-0.1362965377993752
TATDN1,0.23349884953527017
NDUFB9,-0.02265568240249911
MTSS1,0.11441523973082027
SQLE,0.08218776910647438
NSMCE2,-0.032814722810061044
TRIB1,0.07965466920161705
LINC00861,-0.0986339418914225
MYC,-0.06066643148537798
PVT1,-0.13166433372768288
ASAP1,0.007891683758615604
EFR3A,-0.10727024037050015
KCNQ3,0.07737854110383055
TMEM71,-0.014410851125820866
PHF20L1,0.20058507195085923
SLA,-0.16055694947905372
NDRG1,0.07122855407933155
ST3GAL1,-0.014455135164765888
ZFAT,0.07469907760410363
KHDRBS3,0.1841727079764522
TRAPPC9,-0.10671715646043942
CHRAC1,0.024418774853116783
AGO2,-0.058801424293835156
PTK2,0.21645797049479013
DENND3,-0.01648380865215676
SLC45A4,-0.22502914730617646
GPR20,-0.08394666440633922
PTP4A3,0.01947082245822419
ARC,-0.008877441512876704
JRK,0.11307449711565373
PSCA,-0.09628782770854408
LY6K,
THEM6,0.10627262248393096
LY6E,-0.05467713584509386
GPIHBP1,0.17905948700634283
ZFP41,-0.04085517399105412
GLI4,0.10892366755817834
MINCR,0.05519865725812655
ZNF696,0.06092461140806678
TOP1MT,0.06592308016808049
RHPN1,0.09563605147159254
ZC3H3,0.02728881622747359
GSDMD,-0.04200673096010694
MROH6,0.014913944883241687
NAPRT,0.07844645858393258
EEF1D,0.2596600739878016
TIGD5,0.008513194774749324
ZNF623,-0.04349074011441321
FAM83H,0.177350158382255
SCRIB,0.2637440973608981
PUF60,0.03659465884879414
NRBP2,-0.08630693078818501
EPPK1,0.03174061552540845
PLEC,0.0903088950117592
PARP10,-0.021534788612645125
GRINA,0.11049635231798721
OPLAH,-0.04701183530257795
EXOSC4,0.3652642407977932
GPAA1,-0.12198962482204932
CYC1,-0.09416316340830946
SHARPIN,0.08952706936400658
MAF1,-0.0583337218615703
HGH1,-0.06473791104872727
MROH1,-0.031296949085060276
BOP1,-0.14828561854824704
SCX,-0.07682069298927853
HSF1,0.06926573061448595
DGAT1,0.0477108250431249
SLC52A2,-0.006141721177046397
ADCK5,-0.1487178723577888
CPSF1,0.1494621198807001
SLC39A4,-0.024833598170430318
VPS28,0.112870511955735
KIFC2,-0.061365294397889
PPP1R16A,0.09595211558316429
MFSD3,0.059290998077276384
LRRC14,-0.15613424197504056
C8orf82,-0.07250044086576793
ARHGAP39,0.14868528351368893
ZNF251,-0.027909383888752356
ZNF34,-0.08353087363054806
RPL8,0.11606223890079434
ZNF7,-0.058284230274474144
COMMD5,-0.29062227119274975
ZNF16,0.04385250764725674
C8orf33,0.35908565509080004
DOCK8,-0.09046982142561413
KANK1,-0.10925112114126921
SMARCA2,-0.15490899485601645
VLDLR,-0.027550199034216946
PUM3,0.1379150309591782
RFX3,0.07733425726811559
GLIS3,-0.01383185059958255
SLC1A1,-0.028809218393443563
PLPP6,-0.0802796721616526
CDC37L1,-0.2691025572331015
AK3,0.0740002815239886
RCL1,-0.03248682413125465
JAK2,0.02851440235927976
PLGRKT,-0.2044565502011999
CD274,-0.10193978874199239
PDCD1LG2,-0.11739769581036875
RIC1,0.258334898508183
ERMP1,-0.08387369107908497
RANBP6,0.1750407103572625
IL33,0.045544322199203804
UHRF2,-0.06337340387071932
KDM4C,-0.04273284503575529
PTPRD,0.03232739761294599
LURAP1L,0.0068776019401415
MPDZ,0.13444841274116018
NFIB,0.12107975731873474
ZDHHC21,0.1165070570760719
TTC39B,-0.26444643289716674
SNAPC3,0.06317067382143908
PSIP1,-0.05778717730977147
CCDC171,0.0257926379452367
BNC2,-0.1341297020300356
CNTLN,0.03734603254674784
RRAGA,-0.06253189749519888
HAUS6,0.09510088041729439
PLIN2,-0.1892151749279295
DENND4C,-0.15680496358992752
RPS6,-0.12592259213343562
MLLT3,0.11991173086781354
FOCAD,-0.043783263680856235
HACD4,-0.09626294358377147
KLHL9,0.03780852259832618
MTAP,-0.011787551123296554
CDKN2A,0.04374727866493944
CDKN2B,0.06552119633671506
DMRTA1,0.005635807531104828
LINC01239,0.13457884601172962
TUSC1,-0.03758557269881875
CAAP1,-0.023691483191313256
PLAA,-0.19555234107523703
IFT74,0.04880826583182271
TEK,0.11244421568671506
MOB3B,-0.04857725014762607
C9orf72,0.17498542967180425
ACO1,0.14950588580315932
TOPORS,-0.2027354809187405
NDUFB6,0.06555796046097573
APTX,0.11241431874232669
DNAJA1,0.04278237978071306
SMU1,0.21407485752220454
B4GALT1,0.07413897923266635
BAG1,-0.0354057214757954
CHMP5,-0.1226133447800147
NFX1,0.006242110779100148
AQP3,-0.033331433351301544
NOL6,0.19065381003386683
UBE2R2,0.1380771822745448
UBAP2,0.023617271061053748
DCAF12,-0.03363758766169466
UBAP1,-0.09668381375961613
NUDT2,-0.15483443429591429
FAM219A,-0.07039562815332566
DNAI1,0.11731411933903094
RPP25L,0.20254988984181665
DCTN3,0.016259199296192663
SIGMAR1,-0.09032657202573827
GALT,0.3118296885338103
IL11RA,-0.14730492387095098
CCL19,
CCL21,0.00729820310595093
DNAJB5,-0.12414943155344553
VCP,0.0340519650269261
FANCG,-0.09051057359815592
PIGO,-0.1121388212808533
STOML2,0.12145778319751696
UNC13B,-0.010724273961975145
RUSC2,0.007881053180608133
TESK1,0.10762247298459349
CD72,-0.15469826691845776
CCDC107,-0.056753365715858844
TPM2,-0.21672877269458318
TLN1,-0.11772372359406795
CREB3,0.20702331862975293
GBA2,-0.012165845324273688
RGP1,-0.09272191878819598
NPR2,-0.1088285801809603
HINT2,0.17476729170332359
TMEM8B,0.009742705675698142
HRCT1,-0.14416358137729451
RECK,0.07724409937970748
GLIPR2,-0.09598859501509575
CLTA,-0.0826167676106103
GNE,0.06489556235325777
RNF38,-0.11260580417304562
MELK,-0.055770340727089855
ZCCHC7,-0.0511901287183769
GRHPR,0.13776172853985003
ZBTB5,0.05142094106752493
POLR1E,-0.04975742453145212
FBXO10,0.15254358056014106
TRMT10B,0.16132190634615362
EXOSC3,0.013561269860886342
DCAF10,-0.072039312253332
SLC25A51,-0.0131837945480076
SHB,-0.02386754857143571
ALDH1B1,-0.0835362529605796
ANKRD18A,-0.05456085311849201
CNTNAP3,0.04739608105435639
PGM5,-0.10471572317241157
PIP5K1B,0.12540938099811388
TJP2,0.10368024934756379
APBA1,0.07823728213516509
PTAR1,-0.04849635686539097
MAMDC2,-0.030204463128217115
SMC5,0.018037546199344435
KLF9,0.09829506025690851
ABHD17B,0.04397854666823152
C9orf85,-0.0684644366745461
LINC01504,0.095400629682892
ZFAND5,-0.022925857071903172
ALDH1A1,0.1017543740259386
ANXA1,-0.19242995040469763
RORB,0.10683383772097972
C9orf40,0.18337586009751897
CARNMT1,-0.01249198782986275
NMRK1,0.05608697732381782
OSTF1,0.1588416249768217
PCSK5,0.1071846191376843
RFK,-0.0859305590592183
GCNT1,0.10438246316333794
PRUNE2,-0.17856780669628003
VPS13A,-0.20028413369954967
GNA14,0.15898711510704133
GNAQ,0.09170133514451848
CEP78,-0.14231023957443883
PSAT1,0.08690320973094331
TLE4,-0.03247506339083177
TLE1,0.22882178826252342
RASEF,0.006972558013876017
FRMD3,0.07436641637702363
IDNK,-0.1828446415472919
UBQLN1,-0.1672297107253118
GKAP1,-0.23238019032216756
KIF27,0.1615817436541538
HNRNPK,0.12254564637885187
RMI1,0.00306522597650358
NTRK2,-0.2402166200826427
AGTPBP1,-0.14836205768260521
NAA35,0.04103485093297685
GOLM1,0.18023628846296869
ISCA1,0.005643277481119834
GAS1,-0.03970191736699189
DAPK1,0.012118688580478824
CTSL,-0.0651544541125042
SPIN1,-0.08571015121580232
S1PR3,-0.10120507866377619
SHC3,0.1307768566837746
CKS2,-0.04378521185929908
SECISBP2,0.1714719952248293
SEMA4D,-0.1341655583641843
GADD45G,0.0668391587520583
SYK,0.018908469420629112
AUH,0.05110065567327939
NFIL3,-0.04120003016521652
ROR2,0.033729761684802996
SPTLC1,0.10989644006959001
NOL8,0.07321934426936066
CENPP,0.0013585971966815855
OGN,-0.05709858806454078
OMD,0.008067535787111437
ASPN,-0.1772706013154773
ECM2,-0.12077843502809855
IPPK,-0.05467443421649177
BICD2,0.11515632323760805
FGD3,-0.07841712446006549
SUSD3,-0.06025169271781672
CARD19,0.00730637620454387
NINJ1,-0.09773479580639555
FAM120AOS,0.07102875763935271
FAM120A,0.1419099972879184
PHF2,-0.0804848727831016
PTPDC1,-0.08926339894156965
ZNF169,0.29776987658958853
FBP1,-0.03275002045713856
FANCC,-0.08762226664129016
PTCH1,-0.034893403933805016
ERCC6L2,0.16473894876016226
SLC35D2,0.011150345070520795
ZNF367,-0.05473766807934029
HABP4,0.007029182880258035
CDC14B,0.039678178008019815
ZNF510,-0.015831217055923066
TDRD7,0.0017319371874256234
TMOD1,-0.09227012934367629
TSTD2,0.08444111392112667
NCBP1,-0.09248789629122586
XPA,0.21614608896156934
TRMO,-0.22062679283280345
HEMGN,-0.04833416067622362
ANP32B,0.003115543249516836
NANS,-0.257540109251459
TRIM14,-0.09197534909415121
CORO2A,-0.2384465702271565
TBC1D2,-0.08363186151788801
GABBR2,-0.10560018796890652
ANKS6,0.14197252823856363
GALNT12,0.0147668734510558
COL15A1,-0.11586561758951058
TGFBR1,-0.18338831390381857
ALG2,0.03581709122189338
SEC61B,-0.18324869308920255
NR4A3,0.04179786108719147
STX17,-0.0842260539044191
ERP44,0.21467923383077028
INVS,0.042156921926693
TEX10,-0.06260210045054752
MSANTD3,-0.18793573572275685
PLPPR1,0.019567082012313733
MRPL50,-0.08613882690079597
ZNF189,0.07907925164103258
RNF20,0.20622933993098513
SMC2,0.005576543832410661
NIPSNAP3A,-0.16559587010250965
ABCA1,0.01616103836917814
SLC44A1,0.032286998978334445
FSD1L,0.0027984930698022534
FKTN,0.0895431664537289
TMEM38B,-0.03394171971345607
ZNF462,0.07580408666355876
RAD23B,-0.16337462884139223
KLF4,0.0900023759428154
CTNNAL1,0.12415584523274772
TMEM245,0.12590142354118505
EPB41L4B,0.03329678485000325
PTPN3,-0.030872954627845298
C9orf152,-0.0011107670579082194
TXN,-0.13129193221547172
SVEP1,0.021871617019972783
LPAR1,0.049289080267878954
PTGR1,0.07089628398025669
DNAJC25,-0.08660426367451875
UGCG,0.15948703038633816
SUSD1,0.01668648736307038
PTBP3,0.035536928369168094
HSDL2,0.035228161137767264
KIAA1958,-0.11407000142696075
INIP,-0.013952624534417039
SNX30,-0.002345758763193791
SLC46A2,-0.06318074361060322
SLC31A2,-0.08318064419876141
FKBP15,0.06782732557425827
SLC31A1,-0.03720933293036985
PRPF4,-0.023816284366219066
WDR31,0.12565416035659696
BSPRY,0.13201412798971057
HDHD3,-0.1780721902617471
ALAD,0.3150183697288126
POLE3,0.15396461873776965
RGS3,0.11462342592316069
ZNF618,0.10068235539212532
COL27A1,-0.13352421056677502
AKNA,-0.03875962714868217
ATP6V1G1,-0.05729191386343363
TNFSF15,-0.10763599213721602
TNC,-0.0878443440976023
PAPPA,0.13742864079552478
TRIM32,0.21630057961080756
BRINP1,0.18741087741933904
CDK5RAP2,0.09979516828653306
MEGF9,0.021272135597570314
FBXW2,-0.013635015719035712
PSMD5,0.21255696482119668
PHF19,-0.10151722677805321
TRAF1,0.02686054082318361
C5,-0.006462136171879677
CNTRL,0.019018785604070457
RAB14,-0.02082061330121366
GSN,-0.011090999807264646
STOM,0.04764856047465906
DAB2IP,-0.05146846065872399
NDUFA8,0.14048074040430378
MORN5,0.03113203822594445
LHX6,-0.053510507190482864
RBM18,0.23188148823360624
MRRF,0.13096526474646736
PTGS1,-0.09830519808901543
PDCL,0.07879701375151385
RC3H2,0.16496975986940063
ZBTB6,0.1691990283683782
ZBTB26,0.1490037249593078
RABGAP1,0.010005014508200585
STRBP,0.0605782139976505
DENND1A,-0.10690901675641606
NEK6,-0.1712236042100446
PSMB7,-0.06152276883544506
NR6A1,0.10970551701737366
OLFML2A,-0.13788595370690904
RPL35,0.13169681822764046
ARPC5L,-0.07054559214814488
GOLGA1,-0.04456896733443014
SCAI,-0.04849318676492589
PPP6C,0.14475149442816465
RABEPK,-0.05320595352770937
HSPA5,0.024540005953921987
GAPVD1,-0.09581780609259558
MAPKAP1,-0.0598872124845055
PBX3,-0.20041536975309712
MVB12B,-0.13751885279171008
ZBTB43,0.01441059579289881
ZBTB34,0.16941853819990815
RALGPS1,-0.08138464077464859
ANGPTL2,-0.05590728472904444
GARNL3,0.026224819676067795
SLC2A8,-0.0397547065041972
RPL12,-0.10331540625846523
LRSAM1,0.1148982115516404
STXBP1,-0.07980385198700896
PTRH1,0.11975081747980326
CFAP157,0.058382643740793806
TTC16,-0.035349398890014545
TOR2A,-0.01796851630924994
SH2D3C,0.155701416207206
CDK9,0.08028029904733358
FPGS,-0.14415831188130374
ENG,0.09137146797122474
AK1,-0.014924913756787204
ST6GALNAC4,-0.13206712192425463
DPM2,-0.06643745301449028
NAIF1,0.17226110970534372
SLC25A25,-0.08227588505300241
SLC25A25-AS1,0.02310648816019045
PTGES2,-0.14607110201914647
LCN2,-0.14796787028064654
CIZ1,-0.09168341381394347
DNM1,-0.03968051842898676
GOLGA2,0.18423641799041374
SWI5,0.10137085105370622
TRUB2,-0.29441867893816775
COQ4,-0.09015134595389708
SLC27A4,-0.24915309604943695
URM1,0.05107931546319446
CERCAM,0.07617352020287294
ODF2,-0.03994051550278167
GLE1,-0.02525060794861398
SPTAN1,-0.1281512607127244
SET,-0.1432641413480972
PKN3,0.19218517287006742
ZDHHC12,-0.15925048911844678
ZER1,0.11183108652007517
TBC1D13,0.01790804169547486
ENDOG,-0.0415960684545784
LRRC8A,0.16408531288096367
PHYHD1,0.23126554101334962
DOLK,-0.08576071274643747
NUP188,0.1237005223582994
SH3GLB2,-0.08299250492822437
DOLPP1,-0.0906547865841296
CRAT,0.0329270729036782
IER5L,-0.16160259899526158
LINC01503,0.015565886516447545
NTMT1,0.09193040893180203
ASB6,0.049551554291666765
PRRX2,-0.1625717393024592
PTGES,-0.05961404487886841
TOR1B,-0.21374944431063259
TOR1A,0.052337631102521376
C9orf78,-0.11985733912461877
USP20,-0.1405337329154001
FNBP1,-0.04249392563399963
GPR107,0.052511067518232014
NCS1,-0.16155493008043512
ASS1,0.03646306876027667
FUBP3,-0.01800178134582455
EXOSC2,0.05880744974948295
ABL1,0.22267807349930718
LAMC3,-0.011184339157517102
AIF1L,0.05883829712170585
NUP214,0.047320849530082094
FAM78A,-0.14484543842004016
PRRC2B,-0.10775782455848607
POMT1,-0.19894876823577942
UCK1,-0.15241307035940327
RAPGEF1,-0.01308168399006171
MED27,0.019756471042995737
NTNG2,0.020173685358607273
SETX,-0.07158003783870398
TTF1,0.08992942741202276
CFAP77,0.12262945754403579
DDX31,0.18217568121570857
GTF3C4,0.17478411075807104
TSC1,0.20537532564385128
GFI1B,-0.06395440446185502
GTF3C5,-0.24058922863298293
RALGDS,-0.0924588730885591
GBGT1,
ABO,0.05109887202214327
SURF6,0.10237360796725158
MED22,-0.019069548214486205
RPL7A,0.1320240500597864
SURF1,0.06293016826940415
SURF2,-0.18451901837955517
SURF4,-0.20464900302914985
REXO4,-0.060960416527255534
CACFD1,-0.20386522686063915
SLC2A6,0.06427004560362128
ADAMTSL2,0.0921697967357014
VAV2,0.1002735828832914
BRD3,0.22019012675607658
WDR5,-0.1702984310712682
RXRA,0.021577434190091612
COL5A1,-0.04638005523356473
FCN1,0.03944909136994139
OLFM1,0.0014926621965613632
PPP1R26,-0.1584538634999782
MRPS2,-0.12156906781291704
CAMSAP1,-0.03410665109185792
UBAC1,0.11146011066381663
NACC2,0.013748288389635967
QSOX2,0.04820973736394712
GPSM1,0.07554422677556824
SNAPC4,-0.21497931591793362
PMPCA,0.06331164265580708
INPP5E,-0.001366368485334548
SEC16A,-0.07172589056191282
NOTCH1,0.1588157387950505
EGFL7,0.15245332784963123
AGPAT2,0.04487333338568283
SNHG7,0.24524281247783536
RABL6,0.13512127792626685
PHPT1,-0.027682262542470276
MAMDC4,-0.13978857022698588
EDF1,-0.1556628258007147
TRAF2,0.11246319816080168
FBXW5,0.05712399550184309
PTGDS,-0.07339504020438475
CLIC3,0.033987086940485585
ABCA2,0.1862406412977692
NPDC1,-0.008047955839718304
SAPCD2,-0.04052047971111858
UAP1L1,-0.12929959492112036
MAN1B1,-0.08931095414542309
DPP7,-0.11793655965036473
ANAPC2,-0.05439677066227396
SSNA1,0.09824891337422041
TPRN,0.11197629169283922
RNF208,-0.08999776926293802
TUBB4B,0.1187396709354021
NELFB,0.018041366033655987
TOR4A,0.07078338531084742
EXD3,-0.025738077158515817
NOXA1,0.05946657486342555
NSMF,-0.011242325301838385
PNPLA7,-0.025346925438265947
MRPL41,-0.12956410981257713
DPH7,-0.13641205022948166
ZMYND19,0.08124730170000928
ARRDC1,0.09841425208482238
EHMT1,0.004855978327093542
BET1L,0.049533241234678026
RIC8A,-0.05257718326987577
SIRT3,0.048326323822719196
PSMD13,0.20214773673786643
IFITM2,-0.16096216993610354
IFITM3,-0.18129796422521532
PKP3,-0.0024381566726681195
SIGIRR,-0.15208301962340615
ANO9,0.017807843496545454
PTDSS2,-0.12764836891228026
RNH1,0.049198462034610355
HRAS,-0.04440563593133492
RASSF7,0.05372619810192185
MIR210HG,-0.05744108928947034
PHRF1,0.05126645528233698
IRF7,0.19506615509998457
DEAF1,0.01670194927852917
EPS8L2,0.010133298766897007
TMEM80,0.0010071576222872537
TALDO1,0.2094827342684686
SLC25A22,-0.09540030475784618
PIDD1,0.08392695977340886
RPLP2,0.1359029486097358
PNPLA2,-0.08194715387406172
CRACR2B,0.1568461416549476
CD151,-0.0561762747670487
POLR2L,0.050797226178993585
TSPAN4,-0.1077711538578197
CHID1,0.12019527051062055
AP2A2,-0.008679816382844246
MUC5AC,
MUC5B,0.14172449837647255
TOLLIP,0.02436477765587218
MOB2,-0.035354838105031844
DUSP8,-0.029711061072229223
IFITM10,0.040407984607360656
SYT8,0.14128293878436432
TNNI2,-0.05182491529449108
LSP1,0.14843323592924962
ASCL2,-0.034963439378009865
C11orf21,-0.05874749660467301
TSPAN32,0.08881391765881645
CD81,-0.10024173868581872
TSSC4,-0.01460438852302484
KCNQ1,0.1102319779594906
KCNQ1OT1,0.24595671144413225
CDKN1C,-0.12297040985403043
SLC22A18,0.11418175334151044
PHLDA2,-0.015498240908619272
NAP1L4,-0.040023728633674774
OSBPL5,-2.9474543459577507e-05
ZNF195,0.032264228802096145
NUP98,0.044213846475783664
PGAP2,-0.013308305899763135
RHOG,-0.11671319686195854
STIM1,-0.1411631433579046
RRM1,0.0353798830410699
TRIM21,-0.2995974923512651
TRIM68,0.012495197875202443
HBB,0.07133778820957482
TRIM5,0.04048741624118643
TRIM22,0.11382674508565004
SMPD1,-0.15555696978185318
APBB1,-0.1866698555015025
TRIM3,-0.11568424499054683
ARFIP2,0.004311779278397504
DNHD1,0.05328657888296204
RRP8,0.13760201122637003
ILK,-0.26346175961008594
TAF10,-0.022580801426238625
TPP1,0.016474504810987983
DCHS1,-0.10143757209451691
MRPL17,-0.055070969761744956
OLFML1,-0.0855003601059508
PPFIBP2,-0.1271875523596683
CYB5R2,-0.020376708537012064
EIF3F,-0.033254536447835395
TUB,0.05821461832748119
RIC3,-0.10064603777980745
STK33,0.053667387904647985
TRIM66,0.07815781870825257
RPL27A,0.132953764503296
AKIP1,0.039288935991041586
TMEM9B,-0.07506451384458594
NRIP3,-0.00815451210224822
SCUBE2,0.032237017071522205
DENND5A,0.07926217837066836
TMEM41B,0.27466858988611914
IPO7,0.040613145344091724
ZNF143,-0.1905874187470096
WEE1,-0.11222172142410833
SWAP70,0.15170677383638873
SBF2-AS1,0.23895016944294334
SBF2,0.06361520415238778
ADM,0.15806412787100727
AMPD3,0.027336443841757388
RNF141,-0.08524721025852026
LYVE1,-0.018887080919637728
CTR9,-0.11363589349003879
EIF4G2,-0.16437227325413512
ZBED5,0.2158178911986446
ZBED5-AS1,-0.19048047030698145
GALNT18,0.06586823916990787
USP47,-0.05847521460884991
DKK3,-0.10571870666341394
MICAL2,-0.23123839007865865
PARVA,-0.0481421688292506
TEAD1,0.11410381054172464
BTBD10,0.027464212743488165
FAR1,0.031892998894080066
SPON1,0.047083867347501175
RRAS2,-0.10516399637838929
COPB1,-0.061617104466561004
PSMA1,-0.03881806228586508
PDE3B,-0.0758863933920399
CYP2R1,0.12612708127505848
SOX6,-0.06521096892539543
C11orf58,-0.3436665861808918
PLEKHA7,0.08424830447567837
RPS13,-0.21916314962460137
PIK3C2A,0.05000074372147387
NUCB2,-0.03142987434031974
NCR3LG1,-0.17396317484486024
KCNJ11,-0.06973405075441269
ABCC8,-0.030553112607028296
SERGEF,-0.06922948623874113
SAAL1,-0.14346696396108483
SAA2,
SAA1,0.11022050944982117
HPS5,0.058334919590147534
GTF2H1,0.23145432672599145
LDHA,-0.24199456449135343
TSG101,-0.03246231585624337
UEVLD,0.07415720600295955
SPTY2D1,-0.16244424186349055
TMEM86A,0.15147869342607465
ZDHHC13,-0.051857745640947965
NAV2,-0.0586190314591625
HTATIP2,-0.20041213328677895
PRMT3,-0.008351458574229824
ANO5,-0.16717482634765668
FANCF,-0.1086083089290195
SVIP,0.1201066154155897
MUC15,0.09100296150022275
FIBIN,-0.09381641288762965
CCDC34,0.07872897017432748
LGR4,0.10817157378295154
LIN7C,-0.18807238792127656
BDNF-AS,0.16654528522897072
BDNF,-0.1536782010745259
METTL15,0.12447788532746419
ARL14EP,0.08646591487530154
DCDC1,0.14732571022021093
DNAJC24,-0.09533568955033161
IMMP1L,-0.0394693948005039
ELP4,-0.12829266092909788
RCN1,0.23865373229941841
EIF3M,0.10802804907033058
PRRG4,-0.00929766560168586
QSER1,0.15139048812855715
TCP11L1,-0.06747521634447633
CSTF3,0.1998196334555428
HIPK3,-0.021911420922037673
CD59,-0.03512233601939995
FBXO3,-0.01712395638208714
LMO2,0.11900134199612347
CAPRIN1,0.1879550115094885
NAT10,-0.15834398450761322
ABTB2,0.08909188769249947
CAT,0.09511317852805987
ELF5,0.14232609927535542
EHF,0.16921686735088923
APIP,-0.1607409340645819
PDHX,-0.06629823078165727
CD44,-0.09129281451197933
PAMR1,0.15813045542767376
FJX1,0.01525090535391032
TRIM44,0.09684829502896378
LDLRAD3,-0.04712556653544117
COMMD9,-0.0959283127515425
PRR5L,0.01724470264556434
TRAF6,-0.07292583606976076
LRRC4C,0.05735623613924396
API5,-0.17992559709058253
TTC17,0.15378056804513526
HSD17B12,0.17113661820808349
ALKBH3,0.07856108699043303
C11orf96,-0.21105677385295407
ACCS,0.18241051486193033
EXT2,0.07235605360896598
CD82,-0.03937072953727983
TSPAN18,0.06078777405327633
TP53I11,0.17276862185906305
PRDM11,0.05475387862417073
CHST1,-0.0977530225816825
SLC35C1,0.06585780249732648
CRY2,-0.01601234650686586
PEX16,-0.01413308378697178
PHF21A,0.19860225334579965
CREB3L1,-0.14665532888808364
DGKZ,-0.006153750717791777
MDK,-0.04285507006940001
AMBRA1,-0.18094082675638537
ATG13,0.0321151151694314
ARHGAP1,-0.1236993490672163
ZNF408,0.05430075106752699
CKAP5,-0.07339021528135044
LRP4,-0.12543571015762808
ARFGAP2,0.013688013050839888
PACSIN3,-0.05413226675801693
DDB2,-0.07254880628511996
ACP2,-0.19450487296729202
NR1H3,0.11729488954827132
MADD,0.011849085525070198
SPI1,0.05030727805190399
SLC39A13,0.17438267545681901
PSMC3,0.04261310536239686
CELF1,0.0761487178232613
NDUFS3,-0.11731810375096519
PTPMT1,0.5715768639067305
KBTBD4,-0.23950169883185837
MTCH2,-0.06780124824401065
AGBL2,0.037021325935209834
FNBP4,-0.0750493422901494
NUP160,0.02014588862877921
PTPRJ,-0.034681709166569714
FOLH1,0.12820149480625423
APLNR,-0.13946072495087183
TNKS1BP1,0.07176970733472002
SSRP1,0.05038904672145819
SLC43A3,-0.03512101799571669
RTN4RL2,-0.08709335748303758
SLC43A1,-0.1312738086673187
TIMM10,-0.010184503656031501
UBE2L6,0.03916379378321129
SERPING1,0.008108769281746402
YPEL4,0.04703105727266123
CLP1,0.17122981620251543
ZDHHC5,0.08229213635436822
MED19,0.25352647676790685
TMX2,-0.02882262000655614
CTNND1,-0.010809396553614748
LPXN,0.05619958159506609
FAM111B,-0.12543138916224306
FAM111A,0.08870386362578576
DTX4,-0.054783533259910304
MPEG1,0.03043165786310444
OSBP,0.026087810422395205
PATL1,0.007291536012472214
STX3,-0.18448658604216384
MRPL16,-0.19514262712514097
TCN1,
MS4A3,0.016403653088782156
MS4A2,-0.12748246940364974
MS4A6A,0.11492296079355922
MS4A4A,-0.04987137340508697
MS4A7,0.40541035214098603
MS4A14,-0.09909703859418435
MS4A1,0.06937398687279252
MS4A8,0.00987571524900892
MS4A15,-0.0588478288254787
CCDC86,0.004327224338650436
PRPF19,-0.1528415185763185
TMEM109,0.3179555550678546
TMEM132A,0.17419567050457313
SLC15A3,-0.06496307602198276
CD6,-0.12117126837799096
CD5,-0.03595991036995848
VPS37C,0.011467663623140716
DDB1,-0.1850489970582077
TKFC,0.02857532169311676
CYB561A3,0.21733137244261827
TMEM138,0.20550450187074276
TMEM216,0.008289548197732147
CPSF7,-0.26673523755294065
LRRC10B,
SYT7,-0.02558987797092871
DAGLA,-0.09090471426815
MYRF,-0.18694303604414134
TMEM258,-0.1958300233567661
FADS2,0.11548951477938138
FADS1,0.1551238061260643
FADS3,-0.01744056454508624
RAB3IL1,-0.09755957221845488
BEST1,-0.03196996889623504
FTH1,0.044996805738225995
INCENP,0.1828946715488972
ASRGL1,0.039246371535606464
SCGB1A1,0.12228617913143547
AHNAK,-0.08761793336414953
MTA2,0.11167865952601452
EML3,0.092446390136842
ROM1,0.012804597616162282
B3GAT3,0.08358452723504457
GANAB,-0.23481444891377845
INTS5,-0.045458979128206935
UQCC3,-0.08152024370290435
UBXN1,-0.024563995477477254
LRRN4CL,-0.0631440461908562
HNRNPUL2,-0.07084020942540474
TTC9C,-0.22601532125617674
ZBTB3,0.38679335205835524
POLR2G,-0.03194800420677687
TAF6L,-0.05156245088819267
TMEM223,-0.022506943967319705
TMEM179B,-0.13742668653266302
NXF1,-0.24515669652169564
STX5,0.02536245794076151
WDR74,0.041649867598421327
SLC3A2,-0.07188083202914725
ATL3,0.07704969858615027
RTN3,-0.17779901869787818
MARK2,-0.1137563973905944
NAA40,0.027702867368539184
COX8A,-0.00035823291392593926
OTUB1,-0.049242287026920475
MACROD1,0.03377251381154146
STIP1,0.1274290077881564
FERMT3,-0.11228611351738989
TRPT1,-0.2771557793740472
NUDT22,0.0137380255799649
DNAJC4,0.04579727144707458
VEGFB,0.020767633648580044
FKBP2,0.3187551327129855
PPP1R14B,0.05171231416631861
PLCB3,0.009449608201563299
BAD,0.21043393803373353
GPR137,-0.1584371640880745
ESRRA,-0.006796559709575814
TRMT112,0.019194427344057415
PRDX5,-0.035579314687883695
CCDC88B,0.045070726414242715
RPS6KA4,0.09981243288445252
RASGRP2,0.0028337498551058403
SF1,0.25178784951132427
MAP4K2,0.1830955822591533
MEN1,0.11030108094435062
EHD1,-0.15013909879438944
ATG2A,0.08122110910988563
PPP2R5B,0.013742411974206063
BATF2,0.16184242352962724
ARL2,-0.03223398020179611
SAC3D1,0.01651100533252248
NAALADL1,-0.08814196380216482
ZFPL1,-0.11707507055917732
VPS51,-0.05081384100972588
TM7SF2,-0.09864062681810483
ZNHIT2,-0.04532062347364466
FAU,-0.04365190531648293
SYVN1,0.20306883373993453
MRPL49,-0.10100879703074753
CAPN1,0.15340468197997648
POLA2,0.13737230558710267
CDC42EP2,-0.036334882210399266
DPF2,-0.12203475850957815
SLC25A45,-0.06581818022014224
FRMD8,0.05517818647189259
NEAT1,0.061181025470056036
MALAT1,-0.23394618448242624
SCYL1,-0.11731732078709446
LTBP3,-0.018127745599106414
FAM89B,0.010589859328698607
EHBP1L1,-0.009767315655258643
MAP3K11,0.22881069758290246
SIPA1,0.027991160112641873
RELA,-0.017992465483200666
KAT5,0.0015310315435647197
RNASEH2C,-0.17939384233580083
AP5B1,-0.14282496905079917
CFL1,-0.033893193877617085
MUS81,-0.1891258026179943
EFEMP2,-0.11055698892093904
CTSW,-0.009722612601587514
FIBP,0.001987218262802017
CCDC85B,-0.12266135083144133
FOSL1,0.032773066717281585
C11orf68,0.13275377397101054
DRAP1,-0.06533168711048906
SART1,0.13239350067097352
EIF1AD,0.19285374253912477
BANF1,-0.21375281400220814
CST6,-0.12389446936404891
SF3B2,0.15391183392136926
PACS1,-0.18614459843138936
KLC2,0.08180050971755401
RAB1B,0.051930993279101285
YIF1A,-0.12828008852348136
CD248,-0.06142677869344828
RIN1,0.1039373845274852
BRMS1,-0.0968434025541732
B4GAT1,-0.15387847077394182
SLC29A2,-0.0037087380458533064
MRPL11,-0.09439056935065293
PELI3,0.0358540569267001
DPP3,0.08780982204760009
ZDHHC24,-0.10117945319247507
CTSF,-0.04049363574525103
CCS,-0.0014153539449392877
RBM4,0.21115291420115917
RBM4B,0.21656460219417353
RCE1,-0.04925644835323772
LRFN4,-0.3135491485555301
RHOD,-0.04734954439705983
KDM2A,0.1624079632513434
ANKRD13D,0.026323450519375943
SSH3,0.20957204807036248
RAD9A,-0.026752575836431952
CLCF1,0.023269870666509544
PPP1CA,0.21523473708215068
TBC1D10C,-0.03553563696771724
RPS6KB2,0.10214529645081896
CORO1B,0.13259234278919202
CABP4,0.062482912354323766
TMEM134,-0.27280574479341757
AIP,-0.0948633014624012
PITPNM1,-0.03547248306393504
CDK2AP2,-0.15670365612928353
GSTP1,0.05081073548227341
NDUFV1,-0.00811382121552554
UNC93B1,0.1004945877194522
ALDH3B1,0.006577541262847234
NDUFS8,-0.048909002739551864
CHKA,0.1010265791138251
C11orf24,-0.05773464336477988
LRP5,-0.05367055397460062
PPP6R3,0.15490432898535647
CPT1A,0.11127867803952408
MRPL21,0.06228046883375785
IGHMBP2,0.07833855607333369
MRGPRF,-0.14177542280174132
TPCN2,-0.1231822396889803
CCND1,0.2965701990530125
ANO1,-0.10257996061904244
FADD,-0.05121600902406198
PPFIA1,-0.009005924724735426
CTTN,0.08030605757155904
SHANK2,0.07924186645042029
DHCR7,0.04307596604902482
NADSYN1,0.1449487971430275
RNF121,0.008869703171037384
IL18BP,0.08336317294307287
NUMA1,0.04256246963294703
LRTOMT,
LAMTOR1,-0.14289867288241903
ANAPC15,0.08968466094361538
FOLR3,0.38768032971663474
FOLR1,0.007672165030702553
FOLR2,-0.06937712094189295
INPPL1,-0.02063369731911913
CLPB,-0.03289607308940137
PDE2A,-0.053704738039883085
ARAP1,0.051214719869245966
STARD10,-0.1323839917311952
ATG16L2,0.10271637067592733
FCHSD2,0.1660945038751868
ARHGEF17,-0.09799683478391986
RELT,0.07281478864647445
FAM168A,-0.09061128725045466
PLEKHB1,-0.042532747071402956
RAB6A,-0.09571243095958845
MRPL48,0.05913250735667988
COA4,0.032196007624464285
PAAF1,-0.13444543329558248
UCP2,0.09129103020825498
C2CD3,-0.2284963005956257
PPME1,-0.0358405511189416
P4HA3,-0.05303836647556718
PGM2L1,0.08336665003771147
KCNE3,0.1813988873370088
POLD3,-0.06926832131763683
CHRDL2,-0.14541116594683967
RNF169,0.14399049131612446
XRRA1,0.13939153285393552
SPCS2,0.09103880861789035
NEU3,-0.09594782495719041
SLCO2B1,-0.11264374685277155
ARRB1,0.10364742700938842
RPS3,0.06409299993063448
KLHL35,0.12655492197093873
GDPD5,0.06449156748328774
SERPINH1,0.007476729121797232
MAP6,-0.0043949392826890255
DGAT2,0.016523109834675177
UVRAG,0.18064456421618758
LRRC32,0.023054313061222388
TSKU,-0.034187236838344445
ACER3,-0.069228295541441
CAPN5,0.0007902186605135688
MYO7A,-0.07442419741843774
PAK1,0.07500597341057903
CLNS1A,0.23013116531395597
RSF1,-0.27864499435302703
AAMDC,0.07342353764979233
INTS4,0.14762862272669164
KCTD14,-0.06698121188737997
NDUFC2,-0.06264927182317308
ALG8,-0.09213382125478393
KCTD21-AS1,0.17975261548377194
KCTD21,-0.10836918247736539
GAB2,0.06779338055189212
NARS2,0.14765059130131833
PRCP,0.034495727984111275
RAB30,-0.056026049313805976
PCF11,0.21617365844786024
ANKRD42,-0.0195429823088469
CCDC90B,0.03439327597508837
DLG2,0.1308635300126654
TMEM126B,-0.1700817210287292
TMEM126A,-0.05886957441527594
CREBZF,0.09153042236218403
SYTL2,-0.23873466276938693
PICALM,-0.02190841237038737
EED,-0.12082467323866974
CCDC81,0.05462588991962631
ME3,0.04000351372306009
PRSS23,0.07540332708772146
FZD4,0.13478767323953064
TMEM135,0.07509932999615246
RAB38,0.017116019107970677
CTSC,-0.07722814580510967
NAALAD2,-0.06048064665393349
CHORDC1,-0.17453217748054203
FAT3,-0.045833795808435544
SLC36A4,-0.05526488005459965
SMCO4,-0.015623226661240552
CEP295,0.029343477105333186
TAF1D,-0.10655522335995354
C11orf54,-0.07644814945036117
MED17,-0.07125599684212207
PANX1,-0.0528219680629848
ANKRD49,-0.16104179970299215
PIWIL4,-0.07398928853116396
AMOTL1,0.07027598445940654
CWC15,0.02029851322705263
SRSF8,-0.05277053217184952
ENDOD1,0.12646357997354646
SESN3,0.1742999636700112
FAM76B,-0.02079549844360774
CEP57,0.0006656843612963343
MTMR2,0.029545030162056785
MAML2,0.05736496633970975
CCDC82,0.044586445540974816
JRKL,0.10557756316249471
ARHGAP42,0.07489312287333133
PGR,-0.08131836331376038
TRPC6,0.08779447138568044
CEP126,-0.029021054954823898
YAP1,0.1055229507120419
BIRC3,0.050853947742574485
BIRC2,0.12055316253542375
TMEM123,0.302058431773909
MMP7,0.028810595199564776
MMP8,
MMP1,-0.05541484171994374
DCUN1D5,0.1861645033951334
DYNC2H1,0.10135624865986466
PDGFD,-0.08467289538699092
CASP4,0.09283309711962578
CASP5,-0.06732324894070366
CASP1,-0.07629735181774093
CARD16,0.25445915398108715
MSANTD4,0.16893166188885406
KBTBD3,0.23293104807542028
AASDHPPT,0.10174224546941035
GUCY1A2,-0.03155949466683264
CWF19L2,0.07261798462403922
ALKBH8,0.23988673918220005
SLC35F2,0.013458083373126994
CUL5,0.12670872294053226
ACAT1,0.09187503746680059
NPAT,0.029824523628623728
ATM,-0.11912768699270643
EXPH5,0.20788399792045584
DDX10,-0.15196669134291813
RDX,0.02832320413543834
ZC3H12C,0.13725361904642447
FDX1,0.02985363131767753
ARHGAP20,0.16328814160982358
COLCA1,0.13904283866268735
POU2AF1,-0.0493179814711664
LAYN,0.10529886902171547
SIK2,-0.04923835842705808
PPP2R1B,-0.17860342002095458
ALG9,0.011988326727037608
CRYAB,-0.2479499569087977
DIXDC1,-0.20393688551392264
DLAT,-0.008855800194656266
TIMM8B,0.14908215500104724
SDHD,-0.09843636186874821
IL18,-0.19652656528187187
BCO2,0.0602194875766638
PTS,0.03050884252676339
NCAM1,-0.059772781730005754
TTC12,-0.11236622306235168
ZW10,-0.13541108408778105
USP28,-0.09779533816698158
ZBTB16,0.087561304449634
NNMT,0.03356613941383511
C11orf71,-0.11920741843267077
RBM7,-0.054673167648026426
REXO2,-0.17760889683751388
CADM1,0.03316831165165154
BUD13,0.00842407737603759
ZPR1,0.016039521345452775
APOA1,-0.06751022265505377
SIK3,-0.11432142999953487
PAFAH1B2,0.004752067864884474
SIDT2,-0.10669418616555548
TAGLN,-0.24560750897311912
PCSK7,-0.23902905643349173
RNF214,0.03652367183268131
BACE1,-0.16606766751749213
BACE1-AS,0.21692700972874807
CEP164,-0.00949529362294383
FXYD6,-0.0442136188384472
IL10RA,-0.05561055607774126
SCN4B,-0.08637862178402825
MPZL3,-0.0394527435713959
MPZL2,-0.06701379394626311
CD3E,-0.12470559507775629
CD3D,0.002724379538755748
CD3G,0.21210581307720827
UBE4A,-0.0037184087407156246
KMT2A,-0.1735293929878102
TMEM25,-0.04744160014285556
IFT46,-0.11272877624689592
ARCN1,0.0757742330332512
PHLDB1,0.1166831833185548
DDX6,0.0721788785580385
BCL9L,-0.1311500331923528
RPS25,0.04339448508639524
TRAPPC4,0.022673109536844926
SLC37A4,0.04907471609776349
HYOU1,-0.11153430122369704
VPS11,0.0872733419111036
HMBS,-0.23299128093235677
DPAGT1,0.07494137489880133
C2CD2L,-0.05697004597637138
HINFP,-0.2234035549816117
NLRX1,-0.21148351363736165
CBL,0.014205676274600038
MCAM,-0.1351806535256607
RNF26,-0.08502676052782127
THY1,0.07493573054096354
OAF,0.02526209216487302
POU2F3,0.14006590890982526
ARHGEF12,0.046358690276081235
GRIK4,-0.04055264585257387
TBCEL,-0.045541391383409326
SC5D,0.2316721130309898
SORL1,0.0016273951506556028
UBASH3B,0.004015881173052606
CRTAM,-0.04675492581563361
HSPA8,-0.046544460918681335
CLMP,0.13213968283053004
GRAMD1B,-0.08192542465050119
SCN3B,0.00347228101005218
ZNF202,0.09068732903189612
VWA5A,-0.11344897451235235
TBRG1,0.05909669409219374
SIAE,0.10611340045765362
SPA17,-0.04218445686140018
NRGN,0.01904627828936922
VSIG2,-0.03859250502333299
ESAM,0.10805958150272683
MSANTD2,0.08971733793954614
ROBO3,0.15973488184882015
ROBO4,0.17522016972955107
CCDC15,-0.031821915330802523
SLC37A2,0.08128922735610301
TMEM218,0.20879239632993213
PKNOX2,-0.007471482144462844
FEZ1,-0.09510713740710364
EI24,-0.022621038385601634
STT3A,0.06907043616720315
CHEK1,-0.17529435494410342
HYLS1,-0.1738037898130856
PUS3,0.08105730150135207
CDON,0.2181904493044705
RPUSD4,0.043453327372233196
FAM118B,0.014191686695823134
FOXRED1,0.026988182528507498
DCPS,-0.23703797125996212
ST3GAL4,0.11842859843066932
ETS1,0.1256193876673606
FLI1,0.034626609078703505
SENCR,-0.10602071957148185
KCNJ5,-0.07815434666486544
ARHGAP32,0.27709640515253287
TMEM45B,-0.010307571808462776
NFRKB,0.08876523338865125
PRDM10,-0.004516829169442067
APLP2,0.12011310337571933
ST14,0.04545610436504406
ZBTB44,-0.005319605867068511
ADAMTS8,-0.017228070558621224
ADAMTS15,0.04335831945689971
SNX19,-0.024277357811933353
NTM,-0.12953329103987435
JAM3,-0.029510637135186327
NCAPD3,-0.204299059171746
VPS26B,0.03938747706438315
THYN1,0.048287214645221906
ACAD8,-0.031131886407845796
GLB1L2,-0.16418268050143603
ZMYND11,-0.042299847844862404
DIP2C,-0.012280368832538857
LARP4B,0.02761505830830809
GTPBP4,0.0677918406057474
IDI1,0.06142812271525516
WDR37,0.05012271766835335
PFKP,-0.05132014246359737
PITRM1,-0.020724503615156258
KLF6,-0.09735816314390225
LINC00702,-0.24865877241942574
AKR1C1,0.01239677832461213
AKR1C2,0.05123203451312909
AKR1C3,-0.042656170660431
NET1,0.15410472014752713
ASB13,0.13426511130282096
GDI2,0.1652210630095793
ANKRD16,-0.01093869654287569
IL15RA,0.13163806016902635
IL2RA,-0.02536008955645774
RBM17,-0.020196677255244266
PFKFB3,-0.012886051917140862
PRKCQ,-0.06837628363976252
SFMBT2,-0.190884954324303
ITIH5,-0.03177819745275799
KIN,0.07843415567171698
TAF3,0.04544635709800001
GATA3,0.019544804975835668
SFTA1P,0.05371470481905266
CELF2,-0.05584017875875938
USP6NL,0.1969316471245449
ECHDC3,0.11643248021362472
PROSER2,0.11026951936818148
UPF2,0.20060602229867747
DHTKD1,-0.09650346487188932
SEC61A2,-0.02520931787720134
NUDT5,-0.15216995190618512
CDC123,-0.051161733296495704
CAMK1D,-0.035685024126175774
CCDC3,-0.02816177288615949
OPTN,-0.16366439005764505
MCM10,-0.1359214388611557
PHYH,-0.23330703619671328
SEPHS1,0.021232594382470032
BEND7,0.19849944935064662
PRPF18,0.14849811303329424
FRMD4A,-0.1543581681827249
FAM107B,-0.17312041824403024
DCLRE1C,-0.013509644331275175
OLAH,-0.13604904655801298
RPP38,-0.058228216725721496
NMT2,-0.28392738414439905
FAM171A1,0.132759901773677
ITGA8,-0.06314081432865623
PTER,-0.12229031038736522
RSU1,-0.20100076407837947
TRDMT1,0.08429716287196831
VIM-AS1,-0.15235861362896772
VIM,0.002433948913515996
ST8SIA6,0.04094617200926737
HACD1,-0.0933199056688671
STAM,0.17146924268782274
TMEM236,-0.026266740235535987
MRC1,-0.06526373201340613
CACNB2,-0.12046789722052154
NSUN6,0.268030350053101
ARL5B,0.017501264988967383
PLXDC2,0.04733715423862269
NEBL,0.0009212351598250953
SKIDA1,-0.05951724239296097
MLLT10,0.010040286389569898
DNAJC1,-0.014558866881688972
COMMD3,0.08641227958227801
BMI1,-0.042751820572669484
SPAG6,0.06845422384847454
PIP4K2A,-0.21588122009085012
ARMC3,0.12023689994817648
MSRB2,0.02930759494551256
OTUD1,-0.07881629764510076
KIAA1217,0.254629281272635
ARHGAP21,0.12226813891118112
PRTFDC1,-0.048846753442670296
ENKUR,0.11607458303129634
THNSL1,-0.08324321970564083
APBB1IP,-0.03012276497732776
PDSS1,-0.006320201427086567
ABI1,-0.0501665659387557
ANKRD26,0.10526912180711351
YME1L1,0.11200382869928374
MASTL,0.05064411582724067
ACBD5,0.22206104742807958
RAB18,-0.11759191944879063
MPP7,0.01806882947930899
WAC-AS1,-0.0404911420802332
WAC,0.10239352591607806
BAMBI,-0.11509452348438726
SVIL,-0.11448657125296095
MTPAP,-0.02420680624228601
MAP3K8,0.022901725142245245
ZNF438,0.0787836032253045
ZEB1-AS1,0.2321945935208279
ZEB1,0.11236524454667168
ARHGAP12,-0.05399603073227959
KIF5B,-0.009574694733036479
EPC1,-0.1565226358458187
CCDC7,-0.10959907387799847
ITGB1,-0.03666396258994317
NRP1,0.0979970149577476
PARD3,0.1876376280984557
CUL2,0.07922795743187866
CREM,-0.16799439752389017
CCNY,0.055723086744110126
FZD8,-0.2190832503762158
ZNF248,0.17611924774995624
ZNF25,-0.06133907976387172
ZNF33A,-0.07897326622722563
ZNF37A,0.25675397618766066
ZNF33B,0.19694972997508495
BMS1,-0.0848746391740031
CSGALNACT2,-0.028040912836533125
RASGEF1A,-0.07012959247657764
HNRNPF,0.08600902370346945
ZNF487,0.039884563826706784
ZNF32,0.12276209122585646
CXCL12,0.09723050804738236
RASSF4,0.07456172170196532
ZNF22,-0.0056047085203343614
ALOX5,-0.10533797941299884
ZFAND4,-0.08450185858958606
TIMM23,0.011198406202797377
NCOA4,-0.035019983530612545
MSMB,
ANXA8L1,-0.06226653396278854
GPRIN2,-0.083444089408321
SYT15,-0.1801884522079825
GDF10,-0.08829816334700313
MAPK8,0.20905697966173103
ARHGAP22,-0.019070376641371747
WDFY4,0.08062639262404604
VSTM4,0.07333990586640174
ERCC6,-0.025955343434356265
PARG,0.1581422734707789
TIMM23B,0.010473061660817674
AGAP6,-0.05416561369978833
SGMS1,-0.013915557952940243
SGMS1-AS1,0.18039085947398223
ASAH2B,0.057754025877804385
PRKG1,0.023041815679665508
CSTF2T,-0.013851934030056143
DKK1,-0.047316156173537925
ZWINT,0.10420925022098045
IPMK,0.006911016923947557
CISD1,0.10347393441315175
UBE2D1,0.06917860873158083
TFAM,0.020570082135009306
BICC1,0.023223371000190923
FAM13C,0.042864237432420335
SLC16A9,-0.06684971928034848
CCDC6,-0.08413647190477651
ANK3,0.03285243094547163
CDK1,-0.06306942419946618
RHOBTB1,0.05493548885849461
TMEM26,-0.03652129748216101
ARID5B,-0.005092588574459761
RTKN2,-0.002501068650476431
ZNF365,-0.2825458761608693
ADO,0.22043136642636058
EGR2,-0.2227362254110413
NRBF2,-0.13557261914996724
JMJD1C,-0.0022186021323997752
REEP3,0.12709213698754887
DNAJC12,-0.11977201126766256
SIRT1,0.09415187747530365
HERC4,-0.023098063174924566
PBLD,-0.004014673349180216
HNRNPH3,-0.02401612449361541
RUFY2,-0.05970764780776083
SLC25A16,-0.052570620632650014
TET1,-0.04845755878507697
CCAR1,0.08099651790106717
STOX1,0.016279147574641467
DDX50,-0.24574074257685669
DDX21,0.023324674500104982
SRGN,-0.05212602622061855
VPS26A,0.04658313182600535
SUPV3L1,0.06516013804020593
HKDC1,0.060326131824803786
HK1,-0.03209181900015888
TSPAN15,0.178073884115764
COL13A1,-0.03827491560262139
AIFM2,-0.09592261137863595
TYSND1,0.1668778168505964
SAR1A,-0.09009501554666131
PPA1,0.18975807252163915
LRRC20,-0.08276291436380423
EIF4EBP2,-0.033982585712447534
PALD1,0.2296651417222676
PRF1,-0.08170171105591419
SGPL1,0.021036379725351433
PCBD1,0.2897459530557682
UNC5B,0.1223208881263599
SLC29A3,0.045931329636042496
CDH23,0.12687294153742704
PSAP,0.0812215486449897
CHST3,0.1782600188308546
SPOCK2,-0.09800877207392289
ASCC1,-0.07755026628344375
ANAPC16,0.008595284199420614
DDIT4,-0.052525174219444595
DNAJB12,0.05866096054997001
MICU1,-0.015023734833250037
MCU,-0.03472680739897532
P4HA1,0.025280458253333787
ECD,0.12780353357704155
FAM149B1,0.06441114008836638
DNAJC9,0.09932154046344857
MRPS16,0.032256215582074116
CFAP70,0.09646151015310649
ANXA7,-0.13280573037070278
PPP3CB,0.09700825631247313
USP54,0.12403159391056245
MYOZ1,0.02437166732912356
SYNPO2L,-0.05043726580029347
SEC24C,-0.151050403907493
FUT11,-0.18713972186084143
CHCHD1,-0.08419252565913281
ZSWIM8,-0.06375589534459765
CAMK2G,-0.16903181309034934
PLAU,0.011219353269709017
VCL,-0.11659439910201796
AP3M1,-0.15935936398772668
ADK,-0.0002853152404782887
KAT6B,0.1578314075376209
SAMD8,0.10224784277126167
VDAC2,0.03119895873421426
COMTD1,-0.14796919900258146
ZNF503-AS2,0.06065093480385594
KCNMA1,-0.1576838995386979
DLG5,0.02726840971123763
POLR3A,-0.04643132108316319
RPS24,0.03120945602238543
ZMIZ1,0.16354015086767607
PPIF,-0.2358110845163846
ZCCHC24,0.05821242770232624
EIF5AL1,0.12547839089874327
SFTPA2,0.06598546657967864
SFTPA1,-0.06475221847408738
NUTM2B-AS1,0.05280932637143315
SFTPD,-0.23401080488004453
TMEM254,-0.02344115223974052
PLAC9,-0.11618140683987943
ANXA11,-0.1651648162105743
DYDC2,0.0014047155035642805
TSPAN14,0.06905914405109281
GHITM,0.0009292811854086738
CCSER2,0.022651027722066612
WAPL,0.05199440250162615
LDB3,-0.2695026606251097
BMPR1A,-0.11855578217679542
MMRN2,0.12481980327871907
SNCG,-0.001522827739580273
ADIRF,-0.20977995768282595
GLUD1,0.07613090367105783
NUTM2A-AS1,0.11857284409430909
MINPP1,0.1645205420903232
PAPSS2,0.05723192443822105
ATAD1,0.10628677310149731
PTEN,0.20365589634339537
ANKRD22,0.015127017999963719
STAMBPL1,-0.10807672312719845
ACTA2,-0.2976913941836059
FAS,0.03673628997515205
CH25H,-0.037272576835272894
LIPA,-0.05035873680700695
IFIT2,0.20176384278849116
IFIT3,-0.03135093563069848
IFIT1,0.02873772798329126
IFIT5,0.08068545677977289
SLC16A12,-0.03340506698381262
PANK1,0.2401106159426193
KIF20B,0.06992785111429939
LINC00865,-0.03684382588107706
RPP30,-0.22140734552629207
ANKRD1,-0.029310573229713477
PCGF5,-0.1452030271851937
HECTD2,-0.15705174479961165
PPP1R3C,-0.13163949811785725
TNKS2,-0.2558629979219846
BTAF1,0.04797847027050825
CPEB3,0.041616985069904924
IDE,0.04559626936767919
KIF11,-0.015816085282764035
HHEX,0.014342336170838004
EXOC6,0.049243436787684704
MYOF,-0.05975440881425003
CEP55,-0.07476056896650161
FFAR4,-0.13342944819103902
RBP4,0.024534968252864907
FRA10AC1,-0.0033421827967073485
SLC35G1,0.11652511479481711
PLCE1,0.04275305472435564
NOC3L,0.09796406237610904
TBC1D12,-0.037126616294455156
HELLS,0.03215824506637398
PDLIM1,0.030751569893855468
SORBS1,-0.017512571246383765
ALDH18A1,0.14741975144802225
TCTN3,0.11707928950961773
ENTPD1,0.04365804245970988
ENTPD1-AS1,-0.048347689113890126
CCNJ,-0.08062938157253718
ZNF518A,0.1656190507150176
BLNK,0.020322471083941942
TM9SF3,0.12700065739576083
PIK3AP1,-0.0793033445301913
LCOR,-0.03690943370593521
FRAT1,0.013306479453314736
FRAT2,-0.03749535428411747
RRP12,0.02562529648006086
EXOSC1,-0.09782179493764345
ZDHHC16,0.09735437362383552
MMS19,0.0046352133253223455
UBTD1,0.09533447111984114
MORN4,0.044204694322292404
PI4K2A,0.08716811112031374
AVPI1,-0.05600670040030463
MARVELD1,-0.04958935644341241
ZFYVE27,-0.04217042827880002
SFRP5,-0.0973380370646546
CRTAC1,0.143827575517995
R3HCC1L,-0.25535326705379313
LOXL4,0.07003956682954106
PYROXD2,0.10851974374614137
HPS1,0.10066310613781354
GOT1,0.08285142210659618
SLC25A28,0.08368741265955909
CUTC,-0.10576838817816103
COX15,0.06253282104723606
DNMBP,0.15171819919358123
ERLIN1,0.09060032492563175
CHUK,0.1799259953518102
CWF19L1,0.13697408896441068
BLOC1S2,0.1643006881102463
SCD,-0.004386633609703399
SEC31B,-0.08926575484135729
NDUFB8,-0.10076292912584592
HIF1AN,0.11216937799946972
SLF2,-0.1395792244795241
MRPL43,-0.04700904464673266
LZTS2,-0.1884283768284079
SFXN3,0.027626551245522397
KAZALD1,-0.03154944026745549
BTRC,-0.17318012226886403
DPCD,0.08068590050527498
POLL,0.12593053257342327
FBXW4,-0.09116223419931076
NPM3,0.3098236393262643
HPS6,-0.05698652495493293
LDB1,-0.13935674387323949
PPRC1,-0.04236613353614606
NOLC1,0.0021446516382476752
GBF1,0.08086949801116491
NFKB2,0.17949629815323875
FBXL15,-0.1712892549322612
CUEDC2,-0.09518388181447163
C10orf95,0.09666832487496771
ACTR1A,0.11696040164196933
SUFU,0.0079670323784491
TRIM8,0.04432131077196185
ARL3,0.17450558748329398
SFXN2,0.04481173046746523
WBP1L,-0.09571426155556728
BORCS7,-0.023463158170945898
CNNM2,-0.03666800841404218
NT5C2,0.030664156754966723
PCGF6,-0.020471307590476415
TAF5,0.13081521278229383
PDCD11,0.12587074274823332
CALHM2,0.05876538008648492
SH3PXD2A,0.19733965475799517
SLK,0.18445602183355544
SFR1,-0.04451287531722556
CFAP43,0.1257487394562057
GSTO1,0.028492805264284007
GSTO2,0.2194247808531961
ITPRIP,-0.013132115908754977
XPNPEP1,0.1362014887875236
ADD3,0.17470382438980056
MXI1,0.0008073871230855935
SMNDC1,-0.24613542834980745
DUSP5,-0.06539489984585278
SMC3,0.0015386409172304062
PDCD4,-0.10309915533088562
BBIP1,-0.09915841832491376
SHOC2,0.14372170458047634
ADRA2A,-0.03599663519022854
GPAM,-0.000381956423156052
ACSL5,0.030314390399648488
ZDHHC6,-0.2112302079380068
VTI1A,-0.09612896799307824
TCF7L2,-0.021563862341065772
CASP7,0.007023696222456681
PLEKHS1,0.0937544765431233
DCLRE1A,0.01872376810336188
NHLRC2,0.08627789012355097
ADRB1,-0.0023848776084784765
CCDC186,0.19464175149570062
AFAP1L2,0.11547997279950352
ABLIM1,0.19147000471514003
TRUB1,-0.05960820774260983
GFRA1,0.03535826203365285
HSPA12A,0.07010188252132404
ENO4,-0.08027166048829433
SHTN1,-0.001998167886205897
SLC18A2,-0.1849093567623958
PDZD8,-0.05929386936371665
RAB11FIP2,-0.0778146615860808
CASC2,0.24091148596986953
FAM204A,-0.0981831262409016
CACUL1,0.027905177148870842
EIF3A,-0.09600682710271621
SFXN4,-0.39013318443049283
PRDX3,0.20570588024840136
GRK5,0.0043506619614329285
RGS10,-0.08700398956740124
TIAL1,0.19998720220352734
BAG3,-0.09886917484163349
INPP5F,0.07065990992396928
MCMBP,-0.0014719941158881818
SEC23IP,0.04297135993633474
WDR11,0.14681196119479847
FGFR2,0.1287176704427641
ATE1,0.10206992584302887
NSMCE4A,0.18311793228976936
TACC2,0.060117816777552395
PLEKHA1,0.11604071255058834
HTRA1,-0.04081916749367854
DMBT1,0.08088343677518874
C10orf88,0.07984692917530463
IKZF5,-0.22831639486156544
ACADSB,-0.07769738935068159
BUB3,0.019628292610623897
CPXM2,-0.13667677666689002
CHST15,0.1612301873609085
OAT,0.0373182455379203
LHPP,0.08742916030476304
FAM53B,-0.03795728098276761
ZRANB1,0.18871938638373634
CTBP2,0.16947492244106968
EDRF1,-0.032871541498457675
UROS,-0.05139971688875903
BCCIP,-0.04630345156865485
DHX32,0.2340058042809707
FANK1,0.060711245832240926
ADAM12,-0.006328205988347645
DOCK1,0.1012799884877241
PTPRE,0.10016232352423744
MKI67,0.04666419249723148
MGMT,-0.06491002159547549
GLRX3,0.06497149871030412
PPP2R2D,0.062163361050509125
BNIP3,0.12950616204966064
STK32C,0.24583064975463753
LRRC27,0.06847798832055887
PWWP2B,0.16725663659184392
INPP5A,0.1615797358477518
CFAP46,0.11779862818109284
KNDC1,0.054017220097500554
VENTX,0.0014079587488638363
ADAM8,-0.015483356085793551
TUBGCP2,0.11972792960210975
ZNF511,-0.056926046805389985
FUOM,-0.058695762052531325
ECHS1,-0.03512139573346015
IQSEC3,-0.06338982251756131
KDM5A,0.06025419369082767
CCDC77,-0.24063175044584362
NINJ2,-0.04052257621462102
WNK1,-0.048575227657447116
RAD52,0.21670704210572794
ERC1,-0.012934342211878145
WNT5B,0.06674533854898738
ADIPOR2,0.2249150158556162
CACNA2D4,0.017983538198765955
DCP1B,0.0938675160819738
CACNA1C,-0.15902520312172413
FKBP4,0.49161350573288437
ITFG2,-0.058441565307322266
FOXM1,-0.04424023852644566
TULP3,-0.006819690258720585
TEAD4,0.08667979223102039
TSPAN9,0.16378732653720623
PARP11,0.12502194072879924
CCND2,-0.08889150162731432
TIGAR,-0.11084396781449332
RAD51AP1,0.09792451914048189
DYRK4,0.13654088997541056
NDUFA9,-0.04751991470972431
KCNA5,-0.05097495727410212
VWF,0.13744633165589928
CD9,0.006341208092185281
TNFRSF1A,-0.11344858226645375
SCNN1A,0.16773952858187768
LTBR,-0.01091026426495988
TAPBPL,-0.0705416316044087
MRPL51,0.0008934164563406573
NCAPD2,0.009590976993850768
GAPDH,0.09787513130315435
IFFO1,-0.27249265553571567
NOP2,-0.033261733662644795
CHD4,0.048587858478255495
ACRBP,-0.13384834082197694
ING4,0.14759143340686848
ZNF384,0.19861862679885028
COPS7A,-0.2316673593992346
MLF2,0.1381505736455158
PTMS,-0.0828246174743968
LAG3,0.09812008319624797
CD4,0.0964141427104551
GPR162,-0.04774061494207849
P3H3,-0.2263661995176743
CDCA3,-0.056369237738948134
USP5,-0.03501418913755467
TPI1,0.00896912238912978
SPSB2,-0.1665716644485677
LRRC23,0.015505973151735524
ENO2,-0.11869652614953372
ATN1,-0.12399838825204182
C12orf57,-0.11122897998091899
PTPN6,-0.0014866087953457497
PHB2,0.058686827214422366
EMG1,-0.0287349163265672
LPCAT3,0.06297106259499655
C1S,0.008176627310880664
C1R,-0.1244892842126265
C1RL,0.001909647034076721
C1RL-AS1,0.2071963679091882
RBP5,0.09599649086742093
CLSTN3,0.057995749761467395
PEX5,-0.014213083958686893
CD163,-0.01816416773801438
SLC2A3,-0.19390290643864794
FOXJ2,-0.037039604644905084
C3AR1,-0.23653528393355333
NECAP1,-0.045580076963950125
CLEC4A,0.17291601769253304
CLEC4D,-0.04312380029896951
CLEC4E,0.002470624429748414
MFAP5,-0.0071965260873715214
RIMKLB,0.06604087559717378
PHC1,-0.0758015299613374
M6PR,-0.061142278165572314
KLRG1,-0.20089368735819682
A2M,-0.021944997704243005
LINC00987,-0.1534913069332507
KLRB1,-0.04831698103512164
CLEC2D,0.002000436991296404
CD69,-0.18625694443774876
KLRF1,-0.05262985985550432
CLEC2B,0.06364723938285712
CLEC12A,-0.016678803893306275
CLEC1B,-0.09161457539141725
CLEC1A,0.1368268112663468
CLEC7A,-0.055150957096661776
OLR1,-0.08164403867047702
GABARAPL1,-0.11609264304562354
KLRD1,-0.025857824747411287
MAGOHB,0.043191770473349766
YBX3,0.050420871482528114
SMIM10L1,0.10224093550657244
ETV6,0.03265004474184736
LRP6,0.29136174708509754
MANSC1,-0.09573390773507742
BORCS5,-0.03063912752848147
DUSP16,0.08637947482258541
CREBL2,-0.024941456406137312
CDKN1B,-0.1661513717952637
APOLD1,0.10667173108888531
GPRC5A,-0.10080587655747202
HEBP1,0.14366556130444424
FAM234B,0.05167285561907058
EMP1,0.16351747061049415
ATF7IP,0.12458236237586057
PLBD1,-0.03943311929702153
WBP11,0.028728205903424873
SMCO3,-0.06774630387505051
ART4,0.0064719487901217995
MGP,-0.08332305514568818
ERP27,0.07091665382897971
ARHGDIB,0.038885119145705346
RERG,-0.06432023395008205
PTPRO,0.039503166817606156
EPS8,0.0435643761997887
STRAP,-0.003286917061527421
DERA,0.11353622372971146
MGST1,0.05027014614716085
LMO3,0.04959633009672582
RERGL,0.29343667944065166
PLEKHA5,0.02619986066320949
AEBP2,0.010042361567528846
PDE3A,-0.05502022979904277
SLCO1A2,-0.13251793390461053
PYROXD1,-0.12509605176192093
RECQL,-0.13287509299017355
GOLT1B,-0.07582763524445178
LDHB,-0.10389311327839293
KCNJ8,0.3142010978917939
ABCC9,-0.08103862883507355
CMAS,0.0971163252654816
ST8SIA1,-0.006169452933643023
C2CD5,-0.09380115961828002
ETNK1,-0.025586197975984746
SOX5,-0.005919200115541498
BCAT1,0.1615254226660368
KRAS,0.11484968477744065
RASSF8-AS1,0.028588155127933078
RASSF8,0.07171293964906236
BHLHE41,-0.20606458433559294
SSPN,-0.06429461845310598
ITPR2,-0.07121448108459633
FGFR1OP2,-0.1212274219888752
TM7SF3,0.13297197267392993
MED21,0.15441215872732397
STK38L,-0.021984214203969028
PPFIBP1,0.2280464386529166
REP15,-0.045922243231686546
MRPS35,0.10482019337015185
KLHL42,-0.043347665127184416
CCDC91,-0.0791525209636653
FAR2,-0.13032644802702542
ERGIC2,0.0587459419246871
TMTC1,0.12716100373861183
IPO8,-0.1782641232381991
CAPRIN2,0.05007752839063924
TSPAN11,0.09472795160413895
DDX11,-0.03129983668427011
DENND5B,0.029316581261841314
AMN1,0.039918983172062786
BICD1,-0.13618646145551025
FGD4,0.069639823737698
DNM1L,-0.03412899625332707
YARS2,-0.040072582259486435
PKP2,-0.10750930788669172
ALG10,0.15508628419292825
ALG10B,0.2558345519502527
CPNE8,0.23144738086185113
KIF21A,-0.02096424087553033
SLC2A13,0.0392150981815743
LRRK2,0.15800329254577788
MUC19,0.05164782953412677
CNTN1,0.14288936411687014
GXYLT1,0.02761803126302692
YAF2,-0.04922127133466387
PPHLN1,0.19751782129893702
ZCRB1,0.06566716452437879
PRICKLE1,0.0816290758655995
PUS7L,-0.08617700564197558
IRAK4,-0.003699643240176402
TWF1,-0.0027806341974912227
TMEM117,-0.27643443228914666
NELL2,0.009162486493372217
ANO6,-0.08342152378843332
ARID2,0.0343875545782438
SCAF11,0.10555847932525433
SLC38A1,-0.12694118657140796
SLC38A2,-0.05115043101579404
AMIGO2,0.1055562432328046
PCED1B,-0.13435004817391463
RPAP3,0.27531265405179084
RAPGEF3,0.08935028580666728
SLC48A1,0.04653887341577613
HDAC7,0.0804025940730591
VDR,-0.1571033711948465
TMEM106C,0.09642913106254997
SENP1,0.00772561094332451
PFKM,0.08334194056814999
ASB8,-0.17697301368356588
ZNF641,-0.04567315644603158
KANSL2,0.14818579557922096
CCNT1,-0.07645671578612485
ADCY6,-0.10050273668433969
CACNB3,0.042145303097418506
DDX23,0.2116098043894858
RND1,-0.12254899432366406
FKBP11,-0.09632986766663386
ARF3,-0.027272938943612646
PRKAG1,0.19817282435459974
KMT2D,-0.13830762213465228
LMBR1L,0.20550627435462482
TUBA1B,0.33426627323351227
TUBA1A,0.13262820576158252
TUBA1C,0.09986951414105093
TROAP,-0.1397412968436773
SPATS2,0.058905510931746265
MCRS1,0.03264620153778903
PRPF40B,-0.11548562552095344
FMNL3,-0.03288734704398234
TMBIM6,0.22060459410085906
NCKAP5L,-0.06310004122062263
BCDIN3D,0.16952550783555115
AQP5,0.13270418562554562
RACGAP1,-0.032010690357745085
SMARCD1,-0.10357829319486857
GPD1,0.7960190444313727
COX14,0.27871841027943633
CERS5,-0.035096000037379095
LIMA1,0.09323945285130134
LARP4,-0.18277171850552737
DIP2B,-0.02482520013485795
ATF1,-0.0903157792414419
SLC11A2,-0.2635416715150685
LETMD1,-0.025931538333402532
CSRNP2,-0.12290281060750866
TFCP2,-0.04469659170196238
POU6F1,0.023785040649588727
DAZAP2,0.15301736133544186
SMAGP,0.038745647886137276
BIN2,0.0046912523026878036
GALNT6,-0.059886781620675615
SLC4A8,-0.15952982841771535
ACVRL1,0.12370157592316114
ACVR1B,0.12472570691867746
NR4A1,0.06596364093535473
ATG101,0.1741982905768954
KRT80,-0.0007517023152047156
KRT7,0.18494503832396555
KRT6A,
KRT5,
KRT4,0.01394793412738676
KRT8,-0.00407068073991655
KRT18,-0.14727079460728668
EIF4B,-0.18213333849961108
TNS2,0.1110974746965399
SPRYD3,-0.22203797965566385
IGFBP6,-0.016034442463188223
CSAD,0.2858847100227446
ZNF740,-0.04187463449580101
ITGB7,0.09757225376966054
RARG,0.20470365863343423
MFSD5,-0.06859579524420086
PFDN5,0.06233944059077848
AAAS,0.005781046440549709
SP1,0.01965981188457717
PRR13,0.007675426372583843
PCBP2,0.2595223879415292
MAP3K12,0.07923397459619838
TARBP2,-0.16539413700939534
ATF7,-0.05567162118010933
CALCOCO1,-0.02922010736282694
SMUG1,-0.14581839077399952
CBX5,0.06542461585458974
HNRNPA1,0.00915718402097933
NFE2,-0.08701223274295582
COPZ1,0.08435110252118014
GPR84,
ZNF385A,0.14746583948125974
ITGA5,0.05829954773011865
NCKAP1L,-0.054281518812425204
PDE1B,-0.23048438265892507
MUCL1,0.503516901959562
TESPA1,-0.1259827615009559
ITGA7,-0.21596312781476085
BLOC1S1,0.15525969520985117
CD63,0.11256019419512374
GDF11,0.06612636500326168
SARNP,-0.030922078477606668
ORMDL2,-0.16386387650852485
DNAJC14,0.013224281867557398
MMP19,-0.12211300699850731
PYM1,0.2785791235307498
DGKA,0.018101391564238248
CDK2,0.2839630789276884
RAB5B,-0.11275040631429815
SUOX,-0.08236613560954377
IKZF4,0.1228347494934313
RPS26,-0.12429310100070542
ERBB3,-0.055334599544729024
PA2G4,0.06638311183529731
RPL41,-0.07148564959153639
ESYT1,-0.06373521084333528
MYL6B,0.16573699511780754
MYL6,0.12400215163145352
SMARCC2,-0.161469496722074
RNF41,-0.0036106474870932874
NABP2,0.05130129279366378
ANKRD52,-0.159794259478232
COQ10A,-0.05795392546422064
CS,-0.17453433117606085
CNPY2,0.09344305229479616
PAN2,0.07583754460748543
STAT2,0.19840893174254878
TIMELESS,0.16305102283641948
SPRYD4,-0.04039509316462712
RBMS2,0.007177313148461033
BAZ2A,0.08778332376667008
PTGES3,0.14139643338307198
NACA,0.21090821967188775
HSD17B6,-0.0868051699467305
ZBTB39,-0.09031912914727229
NEMP1,0.04137487298470664
NAB2,0.11010117043295355
STAT6,0.21827910877652845
LRP1,0.07183376096756916
SHMT2,-0.04510892502151179
NDUFA4L2,-0.08412737454889696
STAC3,0.023972675989156634
R3HDM2,0.13414604918464942
ARHGAP9,0.037461935832098996
DDIT3,-0.1541167352476869
MBD6,0.043766435155790206
DCTN2,-0.20297217345496257
PIP4K2C,-0.030127179997968295
DTX3,-0.22915370956244063
ARHGEF25,-0.10120809633468472
OS9,0.07930609209050961
AGAP2-AS1,-0.08261352585328617
TSPAN31,0.06750411141645381
CDK4,0.22564570005287019
CYP27B1,-0.009426317351452329
METTL1,0.046993559834609275
TSFM,-0.10628056858990026
AVIL,0.11830848735539162
CTDSP2,-0.10696615445894707
LRIG3,0.09856340755053761
SLC16A7,-0.10644313837994188
USP15,0.05111181939705385
MON2,0.03639722591789478
PPM1H,-0.03964424999850331
SRGAP1,0.15116946197898506
XPOT,0.15761801442886117
TBK1,0.23038246439704238
RASSF3,0.0069994583761349176
GNS,0.06447678913146898
TBC1D30,0.001141202083072227
WIF1,0.05113067768068448
LEMD3,0.20390714740583307
MSRB3,0.033830769300024016
LLPH,-0.05821044461677573
TMBIM4,-0.13615910078187224
IRAK3,0.08834355201655147
HELB,-0.08308841270692621
CAND1,-0.07884213985198117
DYRK2,-0.09758093506217047
MDM1,0.11351901551347483
RAP1B,-0.04412295189123306
NUP107,-0.08486838574792692
SLC35E3,-0.09248972307839896
MDM2,-0.0508839116894573
CPM,-0.044725373552515595
CPSF6,0.04876291811336342
LYZ,0.24872908830389984
YEATS4,0.07890034352694499
FRS2,0.11960428867844367
CCT2,-0.030183231172943824
RAB3IP,-0.051502968045410366
CNOT2,0.22995216857850642
KCNMB4,0.06381881480779479
PTPRB,0.06616855897050258
TSPAN8,0.2443278010298345
ZFC3H1,0.07103504985225366
THAP2,0.0639892827237268
TMEM19,0.04473896023094875
RAB21,-0.0642089034251824
TBC1D15,0.07643627939086065
TRHDE,-0.10966482848799988
ATXN7L3B,0.010666702217806329
CAPS2,0.24051065169250052
GLIPR1,-0.09317612417221699
KRR1,-0.07180825288450822
PHLDA1,-0.13937558788339519
NAP1L1,0.07589567761965844
BBS10,0.01190936160329523
OSBPL8,0.12536946132606547
ZDHHC17,0.07413624405559319
CSRP2,-0.11927076745177266
NAV3,0.14119081603085734
PAWR,0.15136618698627582
PPP1R12A,-0.15605409911721208
PTPRQ,-0.00367356947684409
LIN7A,-0.020625367787145407
ACSS3,0.05182185574797772
PPFIA2,-0.038597966853586116
CCDC59,0.03905965422709454
METTL25,0.10470049151414552
TMTC2,0.014621546242682047
LRRIQ1,0.11582832286474057
RASSF9,0.14025368857703555
CEP290,0.033846403375529494
TMTC3,-0.10900833011443736
KITLG,0.04831971860128782
DUSP6,0.06224410628313651
POC1B,-0.0691531382562724
ATP2B1,0.13139809288864462
LUM,-0.09310051082794467
DCN,-0.005419382863851885
BTG1,-0.049987137729214814
EEA1,0.19924882246609724
NUDT4,0.14789175370650456
UBE2N,0.1529870902182807
MRPL42,0.030723488770766874
SOCS2,-0.07865155993003266
CRADD,-0.007754308154195637
PLXNC1,0.07661204866716473
CEP83,-0.024649451759096632
TMCC3,0.10315831958119501
NDUFA12,-0.04457461679089444
NR2C1,0.016256666826211193
FGD6,0.11362339963642748
VEZT,0.025648704968962814
METAP2,-0.10414697319477066
USP44,-0.008631146878251355
NTN4,0.08024877024557606
SNRPF,0.10976318409785243
HAL,0.14770006256863444
LTA4H,0.062368396342232235
ELK3,0.18030720257743377
CDK17,0.031011327019575475
CFAP54,0.13621502198641122
NEDD1,-0.21821003056995816
TMPO,0.024254490443584423
SLC25A3,0.1615836632164123
IKBIP,0.20821384210108262
APAF1,0.02377635491401546
ACTR6,0.11056955116940012
SCYL2,0.11238565180222057
GAS2L3,-0.04199000409945914
SLC5A8,-0.17241816875876648
UTP20,-0.15623685709168408
ARL1,-0.18916419524095374
CHPT1,0.09012734617648097
GNPTAB,-0.16900420213973946
DRAM1,-0.06390498007443085
NUP37,-0.06787459489331452
PARPBP,-0.028976612692269713
IGF1,0.10538135519723267
NT5DC3,-0.07898555854807211
HSP90B1,-0.017145898179000862
TDG,-0.08224086398188543
GLT8D2,0.11353034160805486
HCFC2,-0.02113496899841287
NFYB,0.12382387814303963
TXNRD1,-0.1356608487650321
CHST11,-0.06168535712104161
SLC41A2,0.10310448549255896
ALDH1L2,-0.09911641520536064
APPL2,0.08540694789355885
C12orf75,-0.08503982506072179
NUAK1,-0.028057065399446413
CKAP4,-0.17504236605775744
TCP11L2,0.15024480077727378
POLR3B,-0.021505612310917355
RIC8B,0.12961266862231555
TMEM263,0.059983625647437144
MTERF2,-0.11035603148307874
CRY1,-0.07844991837792478
PWP1,0.1709314304925892
PRDM4,0.09488827511420794
CMKLR1,-0.02417420630870766
FICD,0.11025071963754125
SART3,0.06796146380396068
ISCU,0.07426099728573386
TMEM119,-0.07064698328327156
SELPLG,-0.11612381369270154
CORO1C,-0.1237912126677355
SSH1,0.18018877503257677
USP30,0.019965349630141224
USP30-AS1,0.09445675681018638
ALKBH2,-0.053496187070051715
UNG,-0.052717166816566095
ACACB,-0.021046970986882848
KCTD10,-0.0916776571272558
UBE3B,0.02759159002478832
MMAB,-0.08365132699334604
MVK,0.11489203490272921
FAM222A,0.14956623010812573
TRPV4,0.09181461900185767
GLTP,0.2004531882774223
TCHP,0.05933628481134917
GIT2,0.09287721888886774
ANKRD13A,0.3257863937668115
C12orf76,-0.07185046652584824
IFT81,-0.1413373134601973
ATP2A2,-0.11873832180942351
ANAPC7,-0.20194445942970796
ARPC3,-0.021003723466856916
GPN3,-0.05877617435347156
FAM216A,0.06437130937669663
VPS29,-0.10330940544877303
PPTC7,-0.045925793533286845
TCTN1,0.22401544214146438
HVCN1,0.0017144149386515628
PPP1CC,0.06194121368592117
SH2B3,0.06512342583406666
ATXN2,0.07770573378056168
BRAP,-0.07597195174733226
ACAD10,0.16786042372111046
ALDH2,0.22626613776387022
MAPKAPK5-AS1,-0.008846138180297494
MAPKAPK5,0.0006446234199618114
TMEM116,-0.13243648657867102
ERP29,0.011872579445484603
NAA25,0.22047265925975615
TRAFD1,0.10169445757173505
HECTD4,0.15128022576189434
RPL6,0.02009552605061737
PTPN11,-0.001161407926429825
RPH3A,-0.032242564459026374
OAS1,0.14765200348381144
OAS3,0.09700814431141737
OAS2,0.049998777587507544
CFAP73,0.1867612046922144
DDX54,-0.11741075650725036
RITA1,-0.11051313892574123
IQCD,0.05790585433426479
TPCN1,0.06614091276184594
SLC8B1,0.09844768934972921
PLBD2,0.11469077577285094
SDS,-0.07654623303909076
SDSL,-0.1303138391054289
RBM19,-0.13664508451896387
TBX5,0.03426975261268504
TBX5-AS1,-0.09543697931040566
TBX3,0.08189323160357932
MED13L,0.24239865766617755
FBXW8,-0.09695924367958123
TESC,-0.20432334075315536
FBXO21,-0.260917001793354
NOS1,0.06549523147428718
RFC5,0.02276708361966568
WSB2,-0.002059049378823131
VSIG10,-0.003802932563504285
PEBP1,-0.23832785896295725
TAOK3,0.029885687069052404
SUDS3,0.261555520621276
HSPB8,0.012095882848008183
TMEM233,-0.19155770363222024
PRKAB1,0.2638967336568196
CIT,0.08745778196707098
RAB35,-0.09669348697235035
GCN1,0.0022451742724029482
RPLP0,-0.39805264067791146
PXN-AS1,-0.013788073296815416
PXN,0.0961672865788657
COX6A1,-0.0730503411008633
TRIAP1,-0.07530645638819004
GATC,-0.05162599178554129
SRSF9,0.07315588794741104
DYNLL1,0.3093779332427045
COQ5,-0.05853473404194383
RNF10,-0.1709697639921619
POP5,-0.07890595474510023
MLEC,0.05766489411519094
UNC119B,0.05142068516914464
ACADS,0.0442178726831889
SPPL3,0.1405487083836937
C12orf43,0.2527933343042312
OASL,-0.17703247792141125
P2RX7,-0.030320295255580797
P2RX4,-0.15309713033394132
CAMKK2,-0.030591060786411002
ANAPC5,0.06895878844776734
RNF34,-0.07244929450887748
KDM2B,0.17438759947648647
ORAI1,-0.03997076351308664
MORN3,0.1183358895224273
TMEM120B,0.16396933118817414
RHOF,-0.009030294977815876
LINC01089,0.18047258088539653
SETD1B,0.15192253800827843
PSMD9,-0.05128956052158852
BCL7A,0.18188745347692808
MLXIP,0.03176147493220843
VPS33A,-0.06984426721278791
CLIP1,-0.2696490748438137
ZCCHC8,-0.13156124633388655
RSRC2,-0.21118950628758473
KNTC1,0.036601534120151234
HCAR2,0.21537190278319684
DENR,0.08705125067061208
HIP1R,-0.029949334035882753
VPS37B,-0.11379704275967302
PITPNM2,0.11324837938468513
MPHOSPH9,-0.16702587514756384
SBNO1,0.015903041324756603
RILPL2,0.07172928696762723
SNRNP35,0.03399232283314896
RILPL1,0.00489262264663121
TMED2,-0.09104572512025397
DDX55,-0.002903348902938005
EIF2B1,0.21684773701790022
GTF2H3,0.059149553701240365
TCTN2,0.14514221792113977
ATP6V0A2,-0.018622565270323
DNAH10,0.059342028610548284
CCDC92,-0.07372969941749555
ZNF664,-0.10367223522814395
NCOR2,0.06933623992733737
SCARB1,0.06020686707909598
UBC,-0.15485831708449038
DHX37,0.2545770806782222
BRI3BP,0.05703187327417399
AACS,-0.07938436456104135
SLC15A4,0.05589107018437508
GLT1D1,0.04791267838897733
STX2,0.11598417684709292
RAN,-0.07408762802502117
ADGRD1,0.06703085075176088
SFSWAP,-0.06299491662551153
ULK1,0.18433119963427502
PUS1,0.07907608060621574
EP400,-0.276908693092507
DDX51,0.1250874753666411
NOC4L,0.004251759158758262
FBRSL1,0.1618368385297332
POLE,0.11794859977695335
PXMP2,-0.09584861065804826
PGAM5,0.08010345030136497
ANKLE2,0.0020550378027142
GOLGA3,-0.11212854280197204
CHFR,-0.02103783154509188
ZNF605,0.04270047903240244
ZNF26,0.13274205583378687
ZNF84,-0.2527672284227429
ZNF140,0.05904291909191286
ZNF891,-0.01733171461472225
ZNF10,0.16606143127937728
ZNF268,-0.17649691020683037
MPHOSPH8,-0.04190955630680602
PSPC1,0.2574671909796273
ZMYM5,0.02720113678110328
ZMYM2,0.0072511226719772165
CRYL1,-0.1653594746329181
IFT88,-0.05177296560124381
XPO4,-0.016165472519260718
LATS2,0.09952381668140112
SAP18,0.025374175602686816
MRPL57,0.05888975522876794
ZDHHC20,0.009244145344488395
MICU2,-0.06251831032581655
FGF9,-0.07582560525446438
SACS,-0.19669475234791486
TNFRSF19,0.1215009065958221
MIPEP,-0.0006485901850250405
SPATA13,-0.11036760758524879
PARP4,-0.10614782835303661
CENPJ,0.06045860758903591
MTMR6,-0.017710600714070664
NUP58,-0.19865361275697302
ATP8A2,-0.13767433420366632
SHISA2,-0.08601424141025506
RNF6,0.008855977167474579
CDK8,-0.20027744570712608
WASF3,0.06554758891754381
USP12,0.019181211277737135
RPL21,-0.09296178446345768
GTF3A,-0.1990190817334993
MTIF3,-0.12037535971974905
LNX2,-0.07998676366266527
POLR1D,-0.03716386292202206
PAN3,0.08356250419088057
FLT1,0.13085374050535467
POMP,-0.011545221871812717
SLC46A3,0.1868248017140785
SLC7A1,-0.09825205889105922
UBL3,0.013214421541377423
KATNAL1,-0.18689656517248782
HMGB1,0.04120572553326093
USPL1,-0.17374255803293415
ALOX5AP,-0.11767026496018124
MEDAG,0.016378144818455263
HSPH1,0.014696271049923836
B3GLCT,-0.09841714095785833
FRY,0.057559868349843016
BRCA2,0.03370145250265253
N4BP2L1,0.2240349205946232
N4BP2L2,-0.22801231368837271
PDS5B,0.004346804898003875
KL,0.09411058370926084
STARD13,0.11158152659467072
RFC3,0.13291606885155602
NBEA,-0.016420185791496116
DCLK1,0.022904462111363773
SERTM1,-0.07151979163935467
RFXAP,-0.06432186961063162
SMAD9,0.0018430999137879212
ALG5,0.07075283409547978
EXOSC8,0.19105161391782494
SUPT20H,0.2351471148811515
POSTN,0.07079167452672423
UFM1,-0.060798104320015076
FREM2,0.03188395418896278
STOML3,0.17326331966215833
PROSER1,-0.23722011012129096
NHLRC3,0.0642145265848241
COG6,0.030445504960292358
FOXO1,0.03731520204886792
MRPS31,-0.04354863694914069
ELF1,-0.2472365685963755
WBP4,0.13527759907194328
KBTBD6,0.08471313488910999
KBTBD7,0.03326044044892457
MTRF1,-0.2634915425065576
NAA16,-0.24089364145227515
RGCC,0.008438757657215468
VWA8,-0.224231781253172
DGKH,0.0636353950020812
AKAP11,0.09547597967396206
FAM216B,0.07763855219995261
EPSTI1,0.055116306714961844
DNAJC15,-0.06869414534708372
CCDC122,0.023720079916987893
LACC1,-0.0006603022928267116
SERP2,-0.1450426432915145
TSC22D1,0.027822727158469958
NUFIP1,0.027427477203341107
GPALPP1,-0.026115186889446754
GTF2F2,-0.11477687459460179
TPT1,-0.01006331365414297
SLC25A30,0.030211031888229368
COG3,0.016532957236506503
ZC3H13,-0.16070076905518607
CPB2,-0.11498259059520692
LCP1,-0.03663739380990493
LRCH1,0.009106021742829332
ESD,-0.09384045443719792
SUCLA2,-0.10283428610020934
NUDT15,-0.003510161011511215
MED4,-0.10216756157171121
ITM2B,0.08718138943992934
RB1,0.08705571564253847
LPAR6,0.1893812568272444
RCBTB2,-0.09868206882459822
CYSLTR2,-0.051739680927512945
FNDC3A,-0.14090650852533423
CDADC1,0.1612119047799305
CAB39L,-0.02896517830328784
SETDB2,0.12427979024231332
PHF11,0.00913800482455355
RCBTB1,0.06600528785799326
ARL11,-0.028013669026862684
EBPL,0.14959480991189222
KPNA3,0.006086944117305168
SPRYD7,-0.13366960410114587
DLEU2,-0.05728548352978276
TRIM13,-0.02242110557986335
KCNRG,-0.026990052645373512
RNASEH2B,-0.0740928236543957
FAM124A,0.1251759378252857
INTS6,0.050967123020481286
INTS6-AS1,-0.028721793179893852
WDFY2,-0.026961595603507235
DHRS12,-0.06951916382533944
ALG11,0.18689097972347665
UTP14C,0.046893537557964896
NEK5,0.21727566314977625
NEK3,0.25182931038697587
THSD1,0.03153944843592474
VPS36,-0.09448368739805305
CKAP2,0.11328385879899044
HNRNPA1L2,-0.07699813739496447
SUGT1,-0.01954102746441559
PCDH17,0.18746710386676926
DIAPH3,-0.028367625667260192
TDRD3,0.2280863253409383
PCDH9,0.15848318405084943
DACH1,0.08494318976744927
MZT1,0.1006141256067871
DIS3,0.015920233238168678
PIBF1,0.054002847875897965
KLF5,0.04096403240930612
KLF12,-0.1696112615630045
TBC1D4,0.3124998876959378
COMMD6,0.019634644987578873
UCHL3,-0.020422750802659644
LMO7,0.049342639038668756
KCTD12,0.11246854198514204
CLN5,0.0394059661201113
FBXL3,-0.15079001750988394
MYCBP2,-0.07821566982138883
SCEL,-0.2044314080438493
SLAIN1,0.22078634868995078
EDNRB,-0.009824261865984365
RBM26,0.12364436115812297
RBM26-AS1,0.004103274703381725
NDFIP2,0.24864095121166385
SPRY2,0.14768448897741654
SLITRK6,0.06148916291989294
SLITRK5,-0.04614138218856331
GPC6,-0.050855846757075676
TGDS,0.09968317002156575
GPR180,-0.1594248020919745
ABCC4,0.09545614939884481
CLDN10,0.10008057198256419
DZIP1,0.05556825361979979
DNAJC3,0.11146041796024345
UGGT2,0.11480487427485227
MBNL2,0.10365858524750667
RAP2A,-0.017017410777307465
IPO5,0.098714716066327
FARP1,0.16538774870719417
STK24,0.06636129275506075
DOCK9,0.21204710679359606
UBAC2,0.018486965447685074
GPR183,0.07570084676456393
TM9SF2,0.27210676248033544
CLYBL,0.0806265200821234
PCCA,0.01907389906170802
GGACT,0.012241901010314702
TMTC4,0.23026260647411695
ITGBL1,-0.02387256296617394
FGF14,-0.00961516269794497
FGF14-AS2,-0.10437791526185841
TPP2,-0.20671806704553222
TEX30,0.08046388708521594
ERCC5,-0.05148334389492333
EFNB2,0.1428450827013343
ARGLU1,0.16628966722663105
LIG4,0.061715737355018806
ABHD13,0.07787470034594429
TNFSF13B,0.06237063952371571
MYO16,-0.11764619610174894
MYO16-AS1,-0.08652340445525264
IRS2,0.026529596837764423
COL4A1,0.03359375529257506
COL4A2,0.005466734191859557
RAB20,-0.1705455135619999
CARS2,-0.1261062357047737
ING1,0.2648698294997076
ANKRD10,0.38542603659708835
ARHGEF7,-0.12427945382206036
TUBGCP3,-0.11381972554105993
ATP11A,0.1798830676930141
MCF2L,0.019711206856896125
F10,0.010471691715937993
PCID2,-0.10979016120398541
CUL4A,-0.03512942462123909
LAMP1,0.15341573279423443
ADPRHL1,-0.1882346284464496
DCUN1D2,0.022197270822696544
TMCO3,-0.09924107382313313
TFDP1,-0.07921089383732433
TMEM255B,-0.01756104699365184
GAS6,0.039651931896122164
RASA3,-0.02254414279126643
CDC16,0.04886941192156401
UPF3A,0.0510505200527295
CHAMP1,0.27382995211240446
TTC5,-0.10820327795178447
CCNB1IP1,-0.17102851533788432
PARP2,0.15294352593650623
TEP1,0.2133417289862612
OSGEP,0.07880513652156192
APEX1,-0.0972096321892282
PNP,-0.1251035851511367
RNASE6,-0.02042322088307553
RNASE1,-0.007142057341164872
METTL17,-0.03530528395016902
NDRG2,0.05816376921999625
ARHGEF40,0.007124271546429026
ZNF219,-0.08946931008177418
HNRNPC,0.04332945800497193
SUPT16H,0.1599379142983657
CHD8,0.04911415179335979
RAB2B,-0.010668754811932154
TOX4,0.08936645809714919
METTL3,0.04171095309190162
SALL2,-0.07570311132210138
TRAC,0.0767617962850115
DAD1,0.03081506873149977
ABHD4,-0.10140650680651829
OXA1L,-0.06773597533996682
SLC7A7,0.021092053990083015
MRPL52,-0.21657680879339278
MMP14,0.001990496415140215
LRP10,-0.04093803557069339
RBM23,-0.04448669070531792
PRMT5,0.05408296742696718
AJUBA,-0.04776318974130438
C14orf93,-0.03382994961890832
PSMB5,0.24787565200834413
ACIN1,-0.01950297145705314
C14orf119,0.062346522445700575
SLC7A8,-0.24708575499150917
HOMEZ,0.08403716479262727
PPP1R3E,-0.06223753536334556
BCL2L2,-0.1506583470108865
PABPN1,-0.005635216622500746
SLC22A17,-0.10098846127149252
EFS,0.02589629672287118
NGDN,-0.011792428727973241
ZFHX2,0.11360985328392259
AP1G2,0.16281769531551124
DHRS4-AS1,0.19796243045536208
PCK2,-0.1917239703550557
DCAF11,-0.24317315765224642
PSME1,0.11663004872952992
PSME2,0.025161713261472797
IRF9,0.00870540730477848
REC8,0.0167829023186781
IPO4,-0.058396267599093436
CHMP4A,0.03019354646646637
NEDD8,-0.10743874710234305
GMPR2,-0.15316869567493216
TINF2,0.01929059847305668
TGM1,-0.048366832900921634
RABGGTA,0.1366858353204613
DHRS1,0.11846366866379297
NOP9,-0.030671322843574128
CIDEB,-0.1094817190302505
LTB4R,-0.022474731619144428
ADCY4,0.1192304160136313
RIPK3,-0.013279430265559224
NFATC4,0.010296811910687096
NYNRIN,0.15108432304295993
CBLN3,0.12644489585166696
KHNYN,0.13671087577253582
SDR39U1,-0.02081454654236524
CTSG,
GZMH,-0.0893466748930739
GZMB,0.040427698727739284
STXBP6,0.10945916088120286
NOVA1,-0.020100487553562627
PRKD1,0.2243325312253107
G2E3,-0.033098785932952526
SCFD1,0.3373171188307646
COCH,0.2100228456274363
STRN3,-0.01024397849764832
AP4S1,0.08206550982624848
HECTD1,0.15074747057600907
HEATR5A,0.14566587296352473
DTD2,-0.07343633339555446
NUBPL,0.17074398499750032
ARHGAP5,0.16840694251457428
AKAP6,-0.06359521587681591
EGLN3,0.2998679652391108
SPTSSA,
EAPP,0.10933807714359184
SNX6,-0.09055694226285879
CFL2,-0.24862571644985984
BAZ1A,-0.0054557512115001195
SRP54,-0.06692988315917082
FAM177A1,0.03503869708085269
PPP2R3C,-0.14067678827752103
PSMA6,0.22388393054480424
NFKBIA,0.004676430878510565
RALGAPA1,-0.006785398377384797
BRMS1L,0.03649177731584224
MBIP,0.06730717381270271
SFTA3,0.12649261721999988
NKX2-1,0.031998104207445
SLC25A21-AS1,-0.13349485850557202
MIPOL1,0.14386329551645277
FOXA1,0.2339239845989337
SSTR1,-0.12610832744701905
CLEC14A,0.17122471135177753
SEC23A,-0.2526693883941122
GEMIN2,-0.06679017315798005
TRAPPC6B,-0.036913910125139254
PNN,0.0848125637525608
FBXO33,-0.029679109563726377
C14orf28,0.045398219318536465
KLHL28,0.013251661009908345
PRPF39,-0.07750535066477
FKBP3,-0.21918871696006237
FANCM,0.00042162058429159877
MIS18BP1,0.21660135501202654
RPS29,-0.208974974117624
LRR1,0.10428084160870651
RPL36AL,-0.13625716709529406
MGAT2,0.10618278768114223
DNAAF2,0.13645863235405928
KLHDC1,-0.08745472404076514
KLHDC2,-0.2900293758708338
NEMF,0.0620366297528316
ARF6,0.01598155936251346
VCPKMT,-0.09692874506359185
SOS2,-0.057091324293328714
L2HGDH,0.012795962711635914
CDKL1,0.12000750328830802
MAP4K5,-0.05687321484879461
ATL1,-0.1762551667938671
SAV1,0.016107416558340408
NIN,0.10582354964828677
PYGL,0.024079297420557068
TMX1,0.021286118295991092
FRMD6,0.012130915506130898
GNG2,-0.14124392021119075
NID2,-0.01327836811295489
PTGER2,0.07983613196751968
TXNDC16,0.11411998858027095
GPR137C,0.016808869862716073
ERO1A,0.03341127651193443
PSMC6,-0.10569134972549817
STYX,-0.08506840382685765
GNPNAT1,0.13787137336097552
FERMT2,0.033305521168830704
DDHD1,-0.12689164376100925
BMP4,-0.10980080447279934
CDKN3,-0.045032240598900354
CNIH1,0.1645942479014607
GMFB,-0.04386955337527366
CGRRF1,-0.08485952219138272
SAMD4A,-0.09784680298878105
GCH1,0.023936390210323143
WDHD1,-0.023746976867919274
SOCS4,0.07251080419865308
MAPK1IP1L,-0.013988048773337394
LGALS3,-0.1309756486305309
DLGAP5,-0.07105627359629584
FBXO34,0.1055455151838358
ATG14,0.2239290676504865
KTN1,0.14931253927898855
PELI2,0.19159756330030087
TMEM260,0.3032897514954723
EXOC5,0.19414143785884494
AP5M1,-0.0982494888630423
NAA30,0.01802489710869452
ACTR10,0.0016651452774240835
PSMA3,-0.042817357635796985
PSMA3-AS1,0.0700056220621471
ARID4A,0.23658579001192262
TIMM9,-0.09961780357513504
KIAA0586,-0.11184460670181728
DACT1,0.10576893890575005
DAAM1,0.12815328605627332
L3HYPDH,0.019479345357161445
JKAMP,0.013679790407615237
RTN1,-0.05027855053942761
DHRS7,-0.15112970364691977
PPM1A,0.11742608741484901
SIX1,0.03898246690923026
SIX4,0.17403928295054263
MNAT1,-0.04427950623710527
TRMT5,0.01811848305436507
SLC38A6,-0.011652681430468787
PRKCH,-0.07150142275149114
TMEM30B,-0.06752265488404904
HIF1A,0.054378549251128575
SNAPC1,0.07724018633666005
RHOJ,0.16688664047960183
PPP2R5E,0.11029160088756958
WDR89,0.05711940439967858
SGPP1,-0.1674068815140326
SYNE2,-0.032483583610847494
MTHFD1,-0.11527449388303058
ZBTB25,0.014989255708818391
AKAP5,-0.10341941128488823
ZBTB1,-0.3089110898896055
HSPA2,-0.1453977099015249
PLEKHG3,-0.11028268998498322
SPTB,-0.1943998427535992
CHURC1,-0.09597163875476468
RAB15,-0.003655756487447084
FNTB,-0.09039224995833318
MAX,-0.09363327801679659
FUT8,0.09630745654168993
GPHN,0.180007797088765
ATP6V1D,0.1294684814532022
EIF2S1,0.044463608316413786
TMEM229B,0.12648532184313072
PIGH,0.18780946714867583
ARG2,0.11321078111253505
VTI1B,0.06787931623075243
RDH11,-0.1142374437228697
ZFYVE26,0.06067697241293486
RAD51B,0.14048650354112222
ZFP36L1,0.2330123455152333
ACTN1,-0.23540983427839396
DCAF5,-0.0701700749530406
EXD2,0.04403282678563715
GALNT16,-0.12141545338044825
ERH,0.024868943417917972
SLC39A9,0.1444659272926107
SUSD6,-0.1419790454802427
SRSF5,-0.05632642229086508
SLC8A3,-0.22460561635177712
COX16,-0.05297989761376389
MED6,-0.12877135640596507
TTC9,-0.13755827266571408
MAP3K9,-0.028241292218996156
SIPA1L1,-0.11902560577050446
DCAF4,0.06782171111394682
ZFYVE1,0.04611486493423347
RBM25,-0.06854744997030685
PSEN1,-0.01990286435584116
PAPLN,0.04192096323712638
NUMB,0.12061871003903367
ACOT2,-0.11023874909787039
ACOT4,-0.03936381298147532
DNAL1,0.2094958259770372
PNMA1,-0.2471448390634136
PTGR2,0.034381005409314463
COQ6,-0.18063359777098853
ENTPD5,-0.015899280025616382
BBOF1,0.11261667772731161
ALDH6A1,0.05349186751937548
LIN52,0.09385021131184565
ABCD4,0.2670252841167416
NPC2,0.11611776436786499
ISCA2,0.022768325860782722
LTBP2,-0.013762128662994654
AREL1,-0.04237335520598485
FCF1,0.19966010060558056
YLPM1,0.06889972200500241
DLST,-0.08315918722924637
PGF,-0.07828094195711212
EIF2B2,-0.07615033135629129
MLH3,0.1752968041399697
ACYP1,-0.2046888126475045
ZC2HC1C,0.20862358542996054
NEK9,0.17696376972964167
TMED10,-0.02311460804702627
FOS,0.04342145906138519
JDP2,0.11543901643782363
BATF,-0.026651587767963135
FLVCR2,-0.2269173040447931
TTLL5,0.009342933245180565
IFT43,0.0612349207401517
TGFB3,-0.18699528699475865
GPATCH2L,-0.09792818031367864
VASH1,0.10900792252727443
ANGEL1,-0.012637842470894622
IRF2BPL,-0.033358056207595334
CIPC,-0.040974721558273385
POMT2,-0.07092626578507141
GSTZ1,0.00897070097524385
TMED8,-0.038964277468435934
VIPAS39,-0.06806869973092301
AHSA1,-0.05709805491116342
SPTLC2,0.05729679145166122
ALKBH1,0.15081413222377532
SLIRP,0.2040814488293726
SNW1,0.032019623508348236
ADCK1,-0.11895355703961293
NRXN3,0.1028212103069787
DIO2,-0.03288721440800098
CEP128,-0.07676503714833031
GTF2A1,0.10040992422956341
STON2,-0.032653743398752974
SEL1L,-0.07110772193845641
FLRT2,0.15309862438418417
GALC,-0.22065140843681086
GPR65,-0.09038956779346247
SPATA7,0.09394879791638934
PTPN21,0.05567558851439658
ZC3H14,-0.20387769699270333
TTC8,-0.23549533045991303
FOXN3,-0.05260894558767549
EFCAB11,0.18785095156988982
TDP1,-0.16233195440280918
PSMC1,0.045221648394135
NRDE2,0.07856469012972987
CALM1,-0.07675787692509713
TTC7B,-0.10915640256621113
RPS6KA5,-0.02257998557141895
CCDC88C,0.00029038221951363345
PPP4R3A,0.17978459845326725
TC2N,0.0036381740242327244
FBLN5,0.100017040604758
TRIP11,-0.08490385170167962
ATXN3,0.14401075581907874
NDUFB1,0.23296407773083033
CPSF2,0.02643903945820169
SLC24A4,-0.0191580748118097
RIN3,-0.09072673517996561
LGMN,0.0889866766074552
GOLGA5,2.3760990485622614e-05
ITPK1,-0.2087272850173491
MOAP1,-0.1383314944996965
UBR7,-0.06194541624764599
BTBD7,-0.028416624294686
FAM181A,-0.10863518966269288
DDX24,-0.2378173912586137
IFI27L1,-0.04981290885586692
IFI27,0.03148498469144374
IFI27L2,0.006332931596865876
SERPINA1,0.031074580307270467
DICER1,0.062123721821449866
CLMN,-0.06732004555443813
SYNE3,0.12770495791477682
GLRX5,-0.2782775998089384
C14orf132,-0.0039629953118274835
ATG2B,0.054442168135228605
GSKIP,-0.137692115355302
AK7,0.17938103331401167
PAPOLA,0.16184585619604178
VRK1,-0.06786765207800485
BCL11B,-0.11288537829963385
SETD3,-0.23406111870964025
CCNK,-0.010910580902183083
CCDC85C,0.07847688319602143
EML1,0.13201488748239365
EVL,-0.16737231265860694
DEGS2,0.11367080287215235
YY1,0.10839780092453044
SLC25A29,0.09078933372962586
WDR25,-0.1258072847349664
MEG3,0.14612182318609773
DIO3OS,0.06359499058686428
PPP2R5C,-0.0831715421873356
DYNC1H1,-0.29454670477044365
HSP90AA1,0.06594909828663462
WDR20,0.24932194632395613
MOK,0.10912810790800831
ZNF839,0.0765236322672883
CINP,0.05977206274329583
TECPR2,0.08634492111273594
ANKRD9,-0.07777866534990599
RCOR1,0.279077872764921
TRAF3,0.07152208190541948
AMN,-0.004519412113834363
CDC42BPB,0.09377952729720415
TNFAIP2,0.026471310515066265
EIF5,-0.08307445380376763
MARK3,0.18829454414027877
CKB,-0.2333075349846517
TRMT61A,-0.10106687396030914
BAG5,0.07277913531877171
KLC1,0.055113617929162396
XRCC3,-0.09037814798072617
ZFYVE21,-0.18979879662138188
PPP1R13B,0.16492678890569787
TDRD9,-0.1365780600441947
KIF26A,0.008394222594162152
INF2,0.0750682362915152
SIVA1,0.0913523443056631
AKT1,0.03046104864489067
ZBTB42,-0.07504879582171335
CEP170B,-0.15157139700082073
AHNAK2,-0.1746610566781781
CDCA4,0.06156355289747968
GPR132,0.013433009576541081
JAG2,0.09213157985527981
NUDT14,0.0012713455687845064
BRF1,0.11313981551980445
BTBD6,0.16672707550214128
PACS2,0.2030935019487555
MTA1,0.2595383509343113
CRIP2,0.0018643225950015982
TMEM121,-0.09043967358558172
IGHA2,
IGHG4,
IGHGP,-0.12347205445862727
IGHA1,-0.14749076656351864
IGHG1,-0.04177577866079135
IGHG3,0.12183852049395891
IGHD,
IGHM,0.025403180748450407
NIPA1,0.03255479037933926
NIPA2,-0.11651962977149315
CYFIP1,0.12484573176567619
TUBGCP5,0.0633807887520216
NDN,-0.10300672599605003
SNRPN,-0.17483871018117722
UBE3A,0.059606207876801286
ATP10A,-0.25326656807987835
GABRB3,-0.08237815517560587
HERC2,0.019760585680627118
APBA2,-0.07193806055781968
TJP1,0.06716756510628266
FAN1,-0.11005013503460362
MTMR10,0.1558008788980613
KLF13,0.03652848487247379
OTUD7A,-0.025632236532059163
ARHGAP11A,0.08866536552472462
GREM1,0.002684319633450473
FMN1,-0.020306351825391922
AVEN,-0.11950733050681185
EMC7,-0.17900040154236624
PGBD4,-0.03081644007781935
KATNBL1,0.2596795940861305
EMC4,0.21685943557482795
SLC12A6,-0.16355514850597577
NOP10,0.13176785088161935
GOLGA8A,-0.17982048175584442
GOLGA8B,-0.08795992181297613
AQR,-0.09558150971455243
ZNF770,-0.055471421381582994
DPH6,-0.002580984360106193
MEIS2,0.15801521295647986
SPRED1,-0.003693339873910505
FAM98B,0.10897220409669972
RASGRP1,-0.11327334222491321
THBS1,-0.1858725443854282
GPR176,0.03930462694351852
EIF2AK4,-0.0012162121040828928
SRP14,0.11183431326614794
BMF,0.050953988584583935
BUB1B,-0.02018713685463724
PAK6,-0.038084923409866384
PLCB2,-0.03816761059384448
INAFM2,0.0011208418404368534
KNSTRN,0.1404387530152745
IVD,0.08720412022065706
BAHD1,-0.1983190474745846
CHST14,-0.08897475065088067
RPUSD2,-0.016784011785158585
RMDN3,-0.2042625805672347
GCHFR,-0.026692179352392292
DNAJC17,-0.2939254183030915
ZFYVE19,-0.14378210293179725
SPINT1,-0.15299217487602293
VPS18,0.061093288465926425
DLL4,0.06839264984461453
INO80,-0.2643020639092369
CHP1,-0.14726501795642544
NUSAP1,-0.040402829519824435
NDUFAF1,0.09732521938755131
RTF1,0.13292551559609872
LTK,0.37096688631276625
RPAP1,0.05969422289160598
TYRO3,0.09864089470358962
MGA,0.0015208306146200189
MAPKBP1,0.08371119773586598
EHD4,0.08744923212528016
PLA2G4F,-0.12595424890201082
VPS39,0.055602560712241615
TMEM87A,0.010661423418609478
GANC,0.23768947466425375
ZNF106,0.2385146624014468
SNAP23,0.04485338589202016
LRRC57,0.04909415643870199
HAUS2,-0.23311199665441767
STARD9,-0.06490725942132541
CDAN1,-0.055323446461725025
TTBK2,0.13409961135356133
UBR1,-0.08479879776196456
TMEM62,-0.1540360540596078
CCNDBP1,0.07767054013625888
LCMT2,0.13443177193880768
ADAL,0.17267049548000496
ZSCAN29,-0.014263820333854904
TUBGCP4,0.08958394130723803
TP53BP1,-0.03928650940977325
MAP1A,-0.04356048676684849
PPIP5K1,-0.013792746969029303
PDIA3,0.1631635132106988
SERF2,0.07853398488683877
MFAP1,0.18170972093546844
WDR76,-0.09287620481351344
CTDSPL2,0.03938899820873355
EIF3J,-0.07128911545058471
SPG11,-0.010308853529584286
PATL2,0.032956382508656165
B2M,0.13340743650666917
TRIM69,0.07308939829034973
SORD,0.006144045015840082
DUOX2,0.12025524648627375
DUOXA1,0.04821697232828962
DUOX1,-0.09936082306092861
GATM,-0.11602250259808833
C15orf48,0.11947480884362176
SLC30A4,-0.07403473143593912
BLOC1S6,0.17981035098685633
SEMA6D,-0.17060734420439508
MYEF2,0.19558733628086952
DUT,0.03497570320310227
FBN1,-0.010062284254659815
CEP152,0.09536710334579898
EID1,-0.04419875583298321
SECISBP2L,0.11142187959072967
COPS2,-0.27390473599135157
GALK2,0.10352484582623697
FAM227B,0.2555671705084519
FGF7,0.06821896820469474
DTWD1,0.03640884640564472
ATP8B4,-0.022080405748155132
SLC27A2,0.03469693141668699
GABPB1,0.07584525064503946
GABPB1-AS1,-0.005779535028006412
USP8,0.04666895992971523
TRPM7,-0.08114652247653424
SPPL2A,0.1557724416412991
AP4E1,-0.11547871724974426
TNFAIP8L3,0.15504075303794165
CYP19A1,-0.011794734109863828
GLDN,-0.031587921133883604
DMXL2,-0.028652531831962737
LYSMD2,0.45707079227081043
TMOD2,0.006166051485707
TMOD3,-0.1118362889067722
LEO1,0.03483188863797604
MAPK6,-0.026737207935955444
GNB5,-0.08252689956704289
MYO5C,-0.0017971219993474213
MYO5A,-0.23613430858265858
ARPP19,-0.13888282731203275
RSL24D1,0.13641169135887085
RAB27A,-0.035584607241251405
PIGBOS1,0.17650906429171662
PIGB,-0.20829077939397125
CCPG1,-0.11738371133571264
PYGO1,0.023044105511332062
PRTG,0.1235484183533672
NEDD4,0.24657559032291432
RFX7,0.1274053716261066
TEX9,0.03138831217273469
MNS1,0.26973034971435245
ZNF280D,0.15455941813513704
TCF12,-0.1617656842657463
CGNL1,0.07336286172755888
POLR2M,0.02583176106768478
ALDH1A2,-0.11682963954490642
AQP9,-0.1272690132097213
ADAM10,-0.007194056735377857
RNF111,-0.013186773504105992
SLTM,-0.01740020020325233
CCNB2,-0.11811634922546088
MYO1E,0.18255734918630898
GTF2A2,-0.04748547814535172
BNIP2,0.0735928047183082
ANXA2,-0.1215284940515691
ICE2,-0.04472573978141985
RORA,-0.09465720952518679
VPS13C,0.05385881697568004
C2CD4A,
C2CD4B,-0.031456835860754005
TLN2,0.031078033207787997
TPM1,-0.22627349912087766
LACTB,-0.06330279276643132
RPS27L,0.21358538349781628
RAB8B,-0.06955714568640459
APH1B,0.004160866413972635
CA12,-0.1761819422312332
USP3,0.10115000683536916
HERC1,0.04609892201742734
DAPK2,0.02393650436531872
SNX1,0.12262309257016694
SNX22,0.1978113157114716
PPIB,0.282487116340744
CSNK1G1,0.17336342223132986
TRIP4,0.09420750916400365
ZNF609,-0.14417993883042474
OAZ2,0.10327946539571428
RBPMS2,0.014812333891988584
PIF1,0.07271090395849553
ANKDD1A,0.14863466291312852
SPG21,-0.0015519744365632441
MTFMT,-0.03070637838203024
RASL12,-0.11077844689452324
PDCD7,0.05133262593200187
CLPX,0.02079006447834021
CILP,-0.019906320691474275
PARP16,-0.025525571863742942
DPP8,0.027354515611558647
HACD3,-0.024163963184100676
SLC24A1,0.03513003298859338
DENND4A,-0.26713814877021846
RAB11A,-0.13329852250576218
DIS3L,-0.05102457483471215
TIPIN,0.1445213565807944
MAP2K1,0.03907016939928241
SNAPC5,-0.06078569753503671
RPL4,0.09925788048132925
ZWILCH,-0.09234997011632123
SMAD6,0.1143380489912261
SMAD3,-0.04859341910697858
AAGAB,0.26374705451137315
IQCH-AS1,0.21152255098091144
C15orf61,-0.0007806625524339843
MAP2K5,-0.13141406942639228
PIAS1,-0.09434374679414095
CLN6,0.18627210155860288
FEM1B,-0.2559123955561277
ITGA11,-0.0528352036901512
CORO2B,0.21876429965474503
ANP32A,0.23936618510557134
GLCE,0.0838392547009554
PAQR5,-0.09947735349693436
KIF23,-0.0852872138983151
RPLP1,-0.047212851569869776
TLE3,0.006361725856476717
UACA,0.057657396344575534
LARP6,0.0648291004109226
LRRC49,0.2608374241196821
THSD4,0.09257969897443533
MYO9A,0.2246643083583289
PKM,-0.26795244941316126
PARP6,0.042532157542606516
HEXA,0.04468178436359289
ARIH1,-0.0901031543661783
BBS4,-0.20120456522401234
ADPGK,-0.21762763917641953
NEO1,0.10951241020896138
NPTN,0.16253173665295673
CD276,-0.27153691987544143
LOXL1,-0.22053407703905675
STOML1,-0.08776182744377135
PML,0.08955790662627643
ISLR,-0.06708910924524247
SEMA7A,0.13150335890359272
UBL7,-0.1439628017081671
ARID3B,-0.11332492282956477
CLK3,0.13077230755506503
EDC3,0.20896168890153566
CSK,-0.008231254707056513
ULK3,0.01991661742545402
SCAMP2,0.045844459717484645
MPI,-0.056249193452705
FAM219B,-0.08816392231505947
COX5A,0.18664540938224514
RPP25,0.006527663526715254
SCAMP5,-0.09056059184062284
PPCDC,-0.03769555693895771
C15orf39,0.09203626250904241
COMMD4,0.04046118358607664
NEIL1,0.09729229244322933
MAN2C1,-0.07202334887461513
SIN3A,0.05698529001534283
PTPN9,0.06791564553453351
SNUPN,-0.17652100795488126
IMP3,-0.025800619076239043
SNX33,-0.2154833164635397
CSPG4,-0.06247366763991642
UBE2Q2,0.05827101711036705
FBXO22,0.15650100187095134
ETFA,0.03074216881513814
SCAPER,0.06672415442586346
RCN2,0.13782661263615884
PSTPIP1,-0.03830322437785464
TSPAN3,-0.09573406139293426
PEAK1,0.032431816588099405
HMG20A,0.10769929405432666
TBC1D2B,0.06661937133742266
CIB2,-0.019826592952489803
IDH3A,0.11911745168588211
DNAJA4,-0.0706794762554741
IREB2,0.15124912372909222
HYKK,0.2116574180515683
PSMA4,-0.04272321905181573
ADAMTS7,-0.00251254061125246
MORF4L1,-0.10697576809207504
CTSH,0.023739950529178894
RASGRF1,-0.06379405011700401
TMED3,0.03188264824201904
MTHFS,-0.07665648420600654
ST20,-0.036197812535744056
ST20-AS1,-0.003798468272149977
BCL2A1,-0.059363209845117504
ZFAND6,0.13926899840150295
FAH,-0.16787054591461714
ARNT2,0.061956176406031786
ABHD17C,0.08211368175200748
CEMIP,0.03692778397268775
IL16,0.06913850177461017
STARD5,-0.09920612772031051
SAXO2,0.06348500912238805
GOLGA6L9,-0.054261930212127926
RPS17,0.1311922827587182
CPEB1,0.14448814267553056
WHAMM,0.19828200227212697
HOMER2,-0.08152651715720596
C15orf40,-0.01669463920050365
BTBD1,-0.009901704277512673
TM6SF1,-0.10492851731324787
SH3GL3,-0.1499554717841109
ADAMTSL3,-0.010022240306307677
WDR73,-0.14547938488540746
NMB,-0.08460522260399159
SEC11A,-0.014758968595939143
ZNF592,-0.2311570226761282
ALPK3,-0.12589323560367874
PDE8A,-0.007403552456058024
AKAP13,0.13348706895316728
KLHL25,0.11775104384566928
AGBL1,0.27224718962188477
NTRK3,-0.15470467390346768
MRPL46,0.043396634381523455
MRPS11,0.09810728541264972
AEN,0.010493330416134717
ISG20,-0.06643988332809957
ACAN,0.024557134716638056
HAPLN3,-0.04333539453751066
MFGE8,-0.07674447936631106
ABHD2,-0.1551899897080552
FANCI,-0.11699508746840144
POLG,-0.05219430281758654
PEX11A,0.13726534318127906
ANPEP,0.1662990698795327
AP3S2,-0.06942343539066152
ARPIN,0.27490575375218257
ZNF710,0.15931550863992253
IDH2,-0.038565904769861464
SEMA4B,0.22634130386742232
CIB1,0.20517096522098657
ZNF774,0.1481784064685717
IQGAP1,-0.19270760680088253
CRTC3,-0.18592394254898154
BLM,0.006247940804130391
FURIN,-0.09800111011376159
FES,0.17900315563778882
MAN2A2,0.06320031672777895
HDDC3,-0.06551971384875806
UNC45A,-0.11931675634849802
RCCD1,-0.04780422436108188
PRC1,0.28151072994931237
VPS33B,0.20804845020856053
SLCO3A1,-0.022832768636434932
FAM174B,0.08601707193273568
CHD2,-0.11113101130504263
RGMA,0.14418458707944282
MCTP2,-0.05929890505634381
NR2F2-AS1,0.060800561083624624
NR2F2,0.011461363423901697
ARRDC4,-0.039938880407250174
IGF1R,0.2307659567373575
SYNM,-0.0380336641467771
TTC23,0.08620793186741796
LRRC28,0.10566861223529583
MEF2A,0.1798197101633811
LINS1,0.0520268307819058
ASB7,0.09485964769196444
ALDH1A3,-0.22339774861471196
LRRK1,0.19880841654289327
CHSY1,-0.04857447818400852
SNRPA1,0.050162075229280616
PCSK6,0.19397834563016156
TM2D3,-0.11054757622185099
POLR3K,0.13288944937951608
SNRNP25,0.0681206975233354
RHBDF1,0.006919200451786432
MPG,0.16236318886949316
NPRL3,-0.10241305505618373
HBA2,-0.016616420826455383
HBA1,
LUC7L,-0.21990601389821016
FAM234A,-0.1776532840128301
RGS11,-0.06097936509206675
AXIN1,0.14479016459424038
MRPL28,-0.07876836308459383
NME4,-0.15852371614847957
DECR2,0.22141114576119178
RAB11FIP3,0.01456139837763531
CAPN15,-0.06187996304338021
PIGQ,-0.14720447628164313
RAB40C,-0.11756220761575599
WDR90,0.18947610134984477
RHOT2,-0.05100906907904782
STUB1,-0.2584107731633415
JMJD8,-0.11873769286477909
METRN,-0.08046665471312595
HAGHL,-0.14450340351091617
MSLN,-0.08035150171722681
RPUSD1,0.04487884391811939
CHTF18,-0.05113301550944657
LMF1,-0.14590385415784984
CACNA1H,-0.1745913344402449
TPSB2,-0.15494421246320722
TPSAB1,-0.0724704078382933
UBE2I,0.06008812850462135
BAIAP3,0.040004354325058694
TSR3,0.02798795984279294
GNPTG,-0.013358852783388418
UNKL,0.09067376227746823
CLCN7,0.057496988070699466
TELO2,-0.0014618226431469296
IFT140,0.025063662119302284
TMEM204,0.3874338244796367
CRAMP1,-0.006332064406286499
MAPK8IP3,-0.1780875989081083
NME3,0.059603227369839765
MRPS34,-0.12326729309586901
EME2,-0.21217641234723847
SPSB3,0.05416747078102985
NUBP2,-0.19492889634488805
HAGH,0.08199786253554255
FAHD1,0.26509529781890956
MSRB1,-0.014440940411965303
NDUFB10,-0.07392228903883041
RPS2,0.02822684004673308
SNHG9,-0.01659641567061888
TBL3,-0.23457967889636097
GFER,-0.06168149531592009
ZNF598,0.11169546492331643
NTHL1,-0.09131516927986152
TSC2,-0.06437878676846162
PKD1,-0.01720654423147521
SNHG19,-0.03111519171098865
TRAF7,-0.1880124823460588
MLST8,0.1805947002683429
PGP,-0.15584860467814646
E4F1,-0.009920544993416103
ECI1,-0.061537028842148705
RNPS1,0.009426336127217827
ABCA3,0.09267543975068543
CCNF,0.16192373096246154
TBC1D24,-0.055128420622137596
AMDHD2,0.1847227232456564
PDPK1,0.0865831451307523
KCTD5,-0.03446530266917307
SRRM2,0.0064465723737355506
PRSS21,0.18046246702917737
PRSS22,0.02064166996296114
FLYWCH2,0.03040706212161052
FLYWCH1,-0.004120562903412015
PKMYT1,0.007480550223472464
PAQR4,0.13071886251650733
TNFRSF12A,-0.1329713324581492
HCFC1R1,-0.007357169465775361
THOC6,-0.10774266502205657
MMP25,-0.06393026635364575
MMP25-AS1,-0.028761427848546885
IL32,-0.002624573521581924
ZNF213-AS1,0.09466916128040155
ZNF205,-0.03955335933029952
ZNF213,0.02777216455921067
ZNF200,-0.1621288265750513
MEFV,-0.05264230360327906
ZNF263,0.052338417940788404
TIGD7,-0.03978749864843633
ZNF75A,-0.04166901668584753
ZSCAN32,0.009570914984677376
ZNF597,-0.07670593465003074
NAA60,0.10613852370447868
CLUAP1,0.12178324793840611
SLX4,0.046925197637731245
DNASE1,-0.08193805946744862
TRAP1,0.08281242254845925
CREBBP,-0.027734819352709862
ADCY9,0.05221752986823747
TFAP4,-0.013265412939611306
GLIS2,0.07889227409806228
CORO7,-0.06539031802697362
VASN,0.2626637562279879
DNAJA3,-0.020864681672312722
NMRAL1,-0.1524565167494798
HMOX2,-0.1204106326907992
CDIP1,-0.0421814530448349
UBALD1,-0.1954823814708095
MGRN1,-0.020331929255466244
NUDT16L1,-0.02060216025631361
ANKS3,-0.0606166628196384
ZNF500,-0.07940019311176667
SMIM22,0.08417027131017776
ROGDI,-0.10789718285590465
GLYR1,-0.0110089939685797
UBN1,0.18743063274617766
PPL,0.1680943718478517
NAGPA,-0.1023948254127773
ALG1,-0.05751423383348349
C16orf89,-0.0728727439110122
METTL22,0.07078335414067359
ABAT,0.0020054264539642397
TMEM186,-0.08182572947802896
PMM2,-0.08843575508448123
CARHSP1,0.12031215556830316
USP7,-0.05690984589894359
ATF7IP2,-0.05465425653898564
LINC01290,0.10210901015327337
EMP2,-0.006853657556876032
NUBP1,-0.08786873250776633
CIITA,0.15126606847324464
DEXI,0.14110065576508218
CLEC16A,-0.0292746336159209
RMI2,0.16300232705278722
SOCS1,-0.17061932719942213
LITAF,-0.095638883334485
SNN,-0.10785032507557116
TXNDC11,-0.22821610376798895
ZC3H7A,-0.17485815266859306
RSL1D1,-0.18448050157150486
GSPT1,-0.09498378257332232
SNX29,0.04357064347083564
CPPED1,-0.023095908117959793
ERCC4,-0.013358090239991086
PARN,0.13449482260006995
BFAR,0.17940240308116673
PLA2G10,0.12770807804972314
NOMO1,-0.0422563790308453
PDXDC1,0.14303593540356332
NTAN1,0.29941882767425715
RRN3,-0.04557809715021916
NDE1,0.17218578877940394
MYH11,-0.2782076243967917
ABCC1,-0.00892216588837127
ABCC6,0.04543773267065562
NOMO3,0.11957184049410251
XYLT1,-0.03064688683094422
RPS15A,-0.1676771296197514
ARL6IP1,-0.05965789414672762
SMG1,0.17324638077695725
TMC7,0.08691379646425461
COQ7,0.17490461181998954
SYT17,0.16429925179317356
TMC5,0.16526332427437
GDE1,0.11324576421740389
CCP110,0.06737276122968663
KNOP1,0.20083094841620552
IQCK,0.2196744614500445
GPRC5B,0.07181672475749477
ACSM5,-0.05917298004544873
ACSM3,0.05685245967294166
THUMPD1,0.11990298069430541
ERI2,-0.048198385475770114
DCUN1D3,-0.06259973008775535
LYRM1,-0.002930053201388368
METTL9,-0.3336854552980593
IGSF6,-0.014953351820883838
UQCRC2,0.01380389227489081
VWA3A,0.17740319904002963
EEF2K,-0.0794634808523675
POLR3E,-0.11931375739072503
CDR2,0.0035087338005234895
NPIPB5,-0.0832558786481812
HS3ST2,0.08405326227548492
USP31,0.08155861969404254
SCNN1G,0.13302131241716214
SCNN1B,-0.007763462906919268
COG7,-0.02651869680428398
GGA2,-0.038294810667490534
EARS2,-0.12568820775613337
UBFD1,0.05770784713366913
NDUFAB1,0.0892776799479889
PALB2,0.10711244711778924
DCTN5,-0.22325834161177438
PLK1,0.10324369139243549
PRKCB,0.03591623759941094
RBBP6,0.02553452266799878
TNRC6A,-0.17663710359296456
ARHGAP17,0.17200557819007514
LCMT1,-0.1955129290033897
KDM8,0.17716381229864409
NSMCE1,-0.08757920951903389
IL4R,-0.0004618714006170213
IL21R,0.08531230286801045
GTF3C1,0.13596067467148734
XPO6,-0.17871658108169405
SBK1,0.23004107396768236
EIF3CL,0.14262891881682907
CLN3,0.11925599985071458
APOBR,-0.12581982497355002
NUPR1,-0.09646438697770915
SGF29,-0.05578875720841557
SULT1A2,-0.14367969315421417
SULT1A1,0.2011688033616181
EIF3C,0.015420377878751354
ATXN2L,-0.17062226044960627
TUFM,0.03127619353468138
SH2B1,-0.051756581822316065
RABEP2,0.05724537314982886
NFATC2IP,0.020765146964195763
QPRT,0.01214479658816268
C16orf54,-0.09591700813619451
KIF22,0.12616202948421756
MAZ,-0.21184429838094485
PRRT2,-0.06789925002752456
MVP,0.005733201570579081
CDIPT,0.15531166490367299
SEZ6L2,0.004254844403440195
KCTD13,0.09785809227031225
TMEM219,-0.1350424429168885
TAOK2,0.08567291681274608
HIRIP3,0.13452953642947799
INO80E,0.04970994176498831
ALDOA,-0.0028122010978116757
PPP4C,0.19030840309535588
YPEL3,0.15883635471716226
GDPD3,0.01542576258632568
MAPK3,0.2241065799151226
CD2BP2,0.1252347698066409
TBC1D10B,-0.12881095783002083
ZNF48,0.031587653836375996
ZNF771,-0.16514333814342338
DCTPP1,0.014384494020171895
ITGAL,-0.1276616987056904
ZNF768,-0.07572547184523283
ZNF764,-0.07489342063452917
ZNF688,-0.21865452933602128
ZNF785,-0.2206700086061504
ZNF689,0.008051923090932903
PRR14,0.21899953075703674
FBRS,0.08677215540215864
SRCAP,0.11541861909469228
PHKG2,-0.04854363606306297
RNF40,0.23338151010592031
ZNF629,0.015721270343298174
BCL7C,0.20991366840678283
MIR762HG,0.10458661127468849
CTF1,-0.025927609255722926
FBXL19,-0.035456308014445714
ORAI3,0.07873822400204272
SETD1A,-0.20706736494210182
HSD3B7,0.10939654966746462
STX4,-0.023572173445191656
ZNF668,-0.06826961331845817
ZNF646,-0.23405610520290196
BCKDK,0.07858684517657412
KAT8,-0.11132458189949752
PRSS8,0.0749288205976579
FUS,-0.004023327940682886
PYCARD,0.11111873793847805
ITGAM,0.015424332476049383
ITGAX,0.03297943867130395
ARMC5,0.04160254011995401
TGFB1I1,-0.2122527656443308
ZNF267,-0.15835442283310477
SHCBP1,0.07318613891979737
VPS35,-0.03677622314779856
ORC6,-0.0037575296284705455
C16orf87,0.14597530151093938
GPT2,-0.047414806994994355
DNAJA2,-0.12481574225223009
NETO2,0.10708929199578934
ITFG1,0.03532519949429189
PHKB,0.030010622084968522
LONP2,0.05149214489689536
SIAH1,0.33568165388243565
N4BP1,-0.25443822211040285
ZNF423,0.10089755822298453
CNEP1R1,-0.12509556879663034
HEATR3,-0.12257947844985206
ADCY7,-0.0712518786560383
BRD7,0.01651035762982089
NKD1,-0.06715813234755023
SNX20,0.15017935987429115
NOD2,-0.004168584925054297
CYLD,0.013964361238150116
LINC01571,
TOX3,-0.017997813759407455
CHD9,0.1082599722853526
RBL2,-0.01744174231435136
AKTIP,-0.05538279880899704
RPGRIP1L,0.1888270172624751
FTO,0.13359632035395258
IRX3,-0.1183328466642822
CRNDE,0.061726054261092234
IRX5,0.1374586029649589
IRX6,-0.0808690791633514
MMP2,0.14701008303631677
LPCAT2,-0.011895736107207585
CES1,0.10958841965501662
AMFR,-0.05792590892158555
NUDT21,0.033807473558838466
OGFOD1,-0.2075603478068685
BBS2,-0.02780992125716748
MT2A,0.11106517167832491
MT1E,0.0884075788463546
MT1M,-0.03029026403042488
MT1A,
MT1F,-0.04549586915219197
MT1G,
MT1X,-0.1655154130017371
NUP93,0.1295146896258039
HERPUD1,-0.01860890630782043
NLRC5,0.07742312478384429
CPNE2,0.06603168317009582
RSPRY1,0.052663296461922506
ARL2BP,-0.12244784451099663
PLLP,0.023818895905083955
CCL22,0.1566341142756119
CX3CL1,0.19463013463422166
CCL17,-0.09502993891536839
CIAPIN1,0.12482891721454815
COQ9,0.10940548064303521
POLR2C,-0.23975770639121208
DOK4,-0.14626960450778123
CCDC102A,-0.023632658959605576
ADGRG1,0.024401504962056224
ADGRG3,-0.14243534860393636
DRC7,0.03675134042580227
KATNB1,-0.09360272124885469
KIFC3,0.09626902500848664
ZNF319,0.09677148365366296
USB1,-0.15024400538217914
MMP15,0.047156988146371745
CFAP20,0.12037565553017016
CSNK2A2,0.021794433049186535
GINS3,0.08616166353129326
NDRG4,0.007093568028417645
SETD6,0.16086562555029515
CNOT1,-0.09378034145933284
SLC38A7,0.17414426862157184
GOT2,0.11490833022430588
CDH11,0.08653862064122209
CDH5,0.21457561972302103
TK2,-0.14488674993430425
CKLF,-0.12906582786736828
CMTM2,0.12569729012735026
CMTM3,-0.01427081744172655
CMTM4,-0.051421722235573605
DYNC1LI2,0.06296594213476417
NAE1,0.15279395395343628
PDP2,-0.16297295491144492
RRAD,-0.04892356625702992
CES2,-0.10417089649122073
CES4A,0.04021229017039418
CBFB,-0.061745518517039154
B3GNT9,-0.04146824506068961
TRADD,-0.23746905697535833
HSF4,0.0724010110143416
NOL3,0.23623052211183224
E2F4,-0.03631937575411551
ELMO3,-0.052928661121822006
TMEM208,0.10517126851281912
FHOD1,0.20863512088218394
PLEKHG4,0.44834901970968993
LRRC36,0.1058015305032461
TPPP3,0.055320911051182975
ZDHHC1,0.017068331929957527
HSD11B2,-0.010004790930905248
ATP6V0D1,0.0010918393235943118
CTCF,0.038607415083776866
ACD,-0.009692597128409149
PARD6A,
ENKD1,0.09510578200377791
C16orf86,-0.014500051709970601
GFOD2,0.11943667259292805
RANBP10,0.0685108754143774
CENPT,0.15899715489331043
THAP11,-0.0955056224295397
NUTF2,-0.23539280205282817
PSKH1,0.00898935255394058
LCAT,0.08784442150155705
SLC12A4,0.16666066909753136
DPEP2,0.09172493933654356
DUS2,0.02069679453034265
DDX28,-0.019298443370952018
NFATC3,-0.02304071693838617
ESRP2,0.0156691463027323
PLA2G15,-0.12170362871713424
SLC7A6,0.09769387670269165
SLC7A6OS,0.0338891451065006
PRMT7,0.14129024594822176
SMPD3,0.21877050480679194
ZFP90,-0.14629705045929559
CDH3,-0.04378423009621106
CDH1,-0.0659906362869606
TANGO6,0.1257167689060653
HAS3,-0.07832692907769524
CHTF8,0.10780107755846341
SNTB2,0.0646134036472041
VPS4A,-0.0012716233002900389
COG8,-0.1104660558192119
NIP7,-0.02119143897912489
TERF2,0.16514073319657643
CYB5B,-0.05438472892294061
NFAT5,0.36303516729966995
NQO1,-0.0638651276338406
NOB1,-0.07757125034725194
WWP2,0.03438804652175088
PDPR,-0.08365506296352723
EXOSC6,0.05656761439687255
DDX19B,-0.09007536575484308
DDX19A,-0.1363423962985567
ST3GAL2,0.19544806677534285
COG4,0.33576339141540795
SF3B3,-0.14725711495428487
IL34,0.010009851870184529
VAC14,-0.008043291049751225
HYDIN,0.05389141920639165
CMTR2,-0.007949357728189523
ZNF19,0.06466091671054802
MARVELD3,0.039895240483470484
PHLPP2,-0.11292878031409476
AP1G1,-0.1627795780386989
ATXN1L,-0.0802901539235332
IST1,0.058001932765195545
DHODH,0.032359991262902385
TXNL4B,-0.1782495258902868
DHX38,-0.06923373428386757
ZFHX3,-0.027803412350096535
PSMD7,-0.004373858826226078
GLG1,0.036582037948194965
RFWD3,-0.03843811018585578
MLKL,-0.035949335759194165
WDR59,0.11333380205359428
ZNRF1,0.08256422383684717
LDHD,0.4150590226325206
ZFP1,0.16977005455058922
BCAR1,-0.022462189316329165
CFDP1,0.16701495569682612
TMEM231,0.04372298411128854
GABARAPL2,0.1333809626521199
ADAT1,-0.12802078607740833
TERF2IP,-0.0015787962461308175
MON1B,0.05743021207606057
SYCE1L,-0.0002104552122905249
WWOX,-0.023301890002219373
MAF,-0.08680831362077873
DYNLRB2,0.05894872238014695
CDYL2,0.012689220789773876
CMC2,-0.09679215204895382
CENPN,-0.12120267220991525
ATMIN,0.1944974857094522
GAN,-0.09432072917756885
CMIP,0.05832867421463919
PLCG2,0.09572449525111554
MPHOSPH6,-0.17638956653462762
CDH13,-0.0730869857606428
HSBP1,-0.07497669577666231
MLYCD,0.1862981592250036
OSGIN1,0.07269713612871062
MBTPS1,-0.027943278507826234
HSDL1,-0.23848260199834342
DNAAF1,0.12489653295419417
TAF1C,-0.08916304846813639
WFDC1,-0.13120901134565038
ATP2C2,0.05886716470655764
COTL1,0.08474116497519758
KLHL36,0.0044411089957405595
USP10,-0.02725117046313188
CRISPLD2,0.12196768711011499
ZDHHC7,0.12578374095811645
KIAA0513,-0.06006132777841516
GSE1,0.008762128502126827
C16orf74,-0.027070000988438935
EMC8,0.022184010008683256
COX4I1,-0.14315461669275206
IRF8,0.1461439220165062
FENDRR,0.1491095271629085
FOXF1,0.23448142314292475
MTHFSD,-0.02331813745094792
FOXC2,-0.09018588301629483
FBXO31,-0.09321877649820143
MAP1LC3B,-0.30877494318670334
ZCCHC14,0.10680216405856581
KLHDC4,-0.09277651404839482
SLC7A5,0.02969133525460697
BANP,-0.014972077666545748
ZNF469,-0.07722568949032318
ZFPM1,-0.015464966821790944
ZC3H18,-0.11539922391057865
CYBA,-0.043316614809058504
MVD,0.02381108801492461
SNAI3,-0.22516194031252038
RNF166,0.09867285338482687
CTU2,-0.0036697066470929903
PIEZO1,-0.11192581999501622
CDT1,0.0025626434431663563
APRT,0.05824013220102506
GALNS,0.17976869098945694
TRAPPC2L,0.05087252166136557
CBFA2T3,0.1603838337085626
ACSF3,0.019335944994246144
SLC22A31,0.0648404654765462
ZNF778,0.16398909842030224
ANKRD11,0.040735997719943504
SPG7,-0.08370194358911888
RPL13,0.033207053073740556
CHMP1A,0.011899981729266826
SPATA33,0.1892475050952264
CDK10,0.08741537329318788
VPS9D1,-0.015244148797522786
ZNF276,0.05814798183295007
FANCA,-0.03835458582677894
SPIRE2,-0.11944691750710423
TCF25,-0.1450026660635345
DEF8,-0.09828419826769388
GAS8,0.072016818669926
FAM157C,-0.06828033570804012
DOC2B,0.008866200817010408
RPH3AL,0.09032303302652944
VPS53,-0.0057133500276400255
GEMIN4,-0.06608973224892115
GLOD4,0.11326080408391793
NXN,0.16585292313221314
TIMM22,0.23235607677054695
ABR,0.0840729922137285
YWHAE,-0.12052018635124427
CRK,0.05656913762994978
MYO1C,0.04111851826345178
INPP5K,-0.001263168240822159
PITPNA-AS1,-0.11518544724639186
PITPNA,-0.007601746356376715
SLC43A2,0.001828760170377728
SCARF1,0.07956103770696234
RILP,0.1867106999138931
PRPF8,-0.023235761345878833
TLCD2,-0.2297858968532376
MIR22HG,-0.29714163644720515
WDR81,-0.1284993975610355
SERPINF2,0.11071799412781094
SERPINF1,0.19291608738665528
SMYD4,0.10334679033735962
RPA1,-0.1821414671976825
RTN4RL1,0.03632217835750424
HIC1,-0.024640385392366015
SMG6,-0.1185567062375168
SRR,-0.007169725801180565
TSR1,-0.09166773477959961
SGSM2,0.07231684218600737
MNT,-0.10848123175400687
METTL16,-0.007183679931918793
PAFAH1B1,-0.1498927120981802
CLUH,-0.05554940349332805
RAP1GAP2,-0.07424912507972184
ASPA,-0.09599837983481774
TRPV1,0.2068763902769368
CTNS,-0.09212192266528657
TAX1BP3,-0.030326701951461924
EMC6,-0.09917487441012517
ITGAE,-0.22715275077682573
NCBP3,0.07081695416953573
P2RX1,-0.1704557053899372
ATP2A3,-0.04952926238969907
ZZEF1,-0.1829403671105133
CYB5D2,0.18391227283317352
ANKFY1,-0.020795183372912432
UBE2G1,-0.1652022601311805
SPNS2,0.09864075308981038
MYBBP1A,0.14912049246858333
GGT6,-0.03342362537565265
SMTNL2,-0.0211939667483977
ALOX15,0.19177736229401351
PELP1,0.015220989805995198
ARRB2,-0.021791201272019906
MED11,0.09545410918836061
CXCL16,0.013225390082143091
ZMYND15,-0.08504535823699115
VMO1,0.07426206502620367
PSMB6,0.07257573454931815
PLD2,-0.04051492581182158
MINK1,0.024395459077694956
GP1BA,0.4432987366740667
SLC25A11,-0.07885632399183765
RNF167,0.07847822020160689
PFN1,0.064455299806822
SPAG7,-0.11275717319203139
CAMTA2,0.09189431572076562
KIF1C,-0.1402929088012317
ZFP3,-0.05952469232156121
ZNF232,-0.0635755781770552
SCIMP,0.1485625606967178
RABEP1,0.018660148375617622
NUP88,0.08447735921216666
RPAIN,0.11125965560108832
C1QBP,-0.08555833887990548
DHX33,0.021027993117743657
DERL2,-0.09030507049509294
MIS12,0.0012829577700822856
NLRP1,-0.042409108090326705
WSCD1,0.06453242383228541
PITPNM3,0.06284879876519733
KIAA0753,-0.03814337626283469
TXNDC17,-0.04324486452183309
MED31,0.02579776564479625
XAF1,0.12933374201013978
TEKT1,0.10534003757919229
BCL6B,0.15149358078798034
ASGR2,0.08066666426483454
DLG4,0.15033846712365131
ACADVL,-0.24583236181855606
DVL2,0.02499339169923219
PHF23,-0.04628960707619899
GABARAP,-0.07185694375135046
CTDNEP1,-0.02747234044540707
ELP5,0.23032700604005465
CLDN7,0.4457987989201491
SLC2A4,-0.07122671141088789
EIF5A,0.09384473805218817
ACAP1,-0.04985197018747446
KCTD11,0.0848725807910966
TNK1,0.09504836249332659
TMEM256-PLSCR3,-0.08846461946874691
TMEM256,-0.09755727410094273
NLGN2,0.18729815353657916
CHRNB1,-0.06400378177435681
ZBTB4,-0.1837816579559965
POLR2A,-0.06136454140098032
SENP3,0.09510221159190457
EIF4A1,-0.04871698427811093
CD68,0.11537321727768841
MPDU1,-0.02792023868786908
FXR2,0.06707875132793102
SAT2,0.12796272636885755
ATP1B2,-0.07716582574353159
TP53,0.055651208433697016
EFNB3,-0.042015350459001614
DNAH2,0.1308441706782786
KDM6B,-0.05240700772223293
TMEM88,0.1122679109181383
NAA38,0.04716497165369232
CHD3,0.030024334450590832
TRAPPC1,-0.06472429717568397
CNTROB,-0.19625536033512553
ALOX15B,-0.04779023118261384
PER1,0.11648329875165786
VAMP2,-0.09269341214067194
TMEM107,-0.15747892509350403
BORCS6,-0.09762378703347191
AURKB,0.1077919271817206
LINC00324,0.01655071702201544
CTC1,-0.011248138911746558
PFAS,0.03599102091060419
SLC25A35,0.13863834470870692
RANGRF,-0.010248452160883898
ARHGEF15,0.35340182401350684
RPL26,0.01333945354960022
NDEL1,0.09736468281570021
MYH10,-0.05876483171076465
PIK3R5,-0.1043784943756102
NTN1,0.21292806222666516
STX8,0.01661772926930398
CFAP52,0.006093087671798301
GAS7,0.04722448880451391
SCO1,-0.0345541175119581
ADPRM,-0.19857052705584863
TMEM220,-0.1759306678500757
DNAH9,0.09612973366834243
MAP2K4,0.13286351994347184
MYOCD,-0.2608624641054108
ARHGAP44,-0.027366564093604974
ELAC2,0.08386623719579325
HS3ST3A1,0.138457721149996
COX10,-0.13564163384893038
HS3ST3B1,0.10202853703969354
PMP22,-0.03235870326529699
TRIM16,-0.021962731945064647
ZSWIM7,0.19422970625718694
TTC19,-0.013317564707860502
NCOR1,-0.11138430434127633
PIGL,0.13023470515514754
CENPV,0.14785693394539057
UBB,-0.14397886706865962
TRPV2,0.08271088554499792
MPRIP,-0.03985158690255401
FLCN,-0.11440557171748118
COPS3,-0.06742241333929738
MED9,-0.11361930209670754
RASD1,0.2615544421062358
PEMT,0.1720069937733287
RAI1,0.18738025934579267
SREBF1,0.004963074381929473
TOM1L2,-0.052424611684672925
DRC3,0.15414049619353992
ATPAF2,0.10983256404466582
GID4,-0.11732342334022719
DRG2,0.15682776215611288
ALKBH5,-0.038796819769581006
LLGL1,-0.14756057895117664
FLII,-0.01126789339585152
MIEF2,-0.1469302752666299
TOP3A,0.0888811617793771
SMCR8,0.18137045770575327
SHMT1,-0.0663746965431384
TRIM16L,-0.16229276202340892
TVP23B,0.10089508120076099
PRPSAP2,0.04530979442664177
FAM83G,-0.08924452647459519
GRAP,0.2903451340663977
EPN2,0.1362727587071401
B9D1,-0.0832535887487601
MAPK7,0.00959480564187083
MFAP4,-0.20989625947918797
RNF112,-0.1241877167282104
SLC47A1,-0.1957786158626444
ALDH3A2,0.08528012379565737
ALDH3A1,0.1507259479353393
ULK2,0.026546670997725078
AKAP10,0.06915746406689349
SPECC1,-0.01835079970798825
USP22,0.030504579236817417
DHRS7B,-0.09886104642636268
TMEM11,0.04694642577778355
NATD1,-0.06787724653969442
MAP2K3,0.09275891731102139
KCNJ12,-0.05795601644924683
WSB1,0.13275598121137833
KSR1,-0.05090530973471985
LGALS9,0.19623513811173104
NLK,-0.11960258611368688
TMEM97,-0.05429758117798504
IFT20,0.07354623149451907
TNFAIP1,0.00926766805769167
POLDIP2,-0.1606357151539944
TMEM199,-0.1504728407112187
SARM1,-0.08304335611986928
SLC46A1,0.043774022405849676
UNC119,-0.050578899326891746
PIGS,0.1408851006249932
SPAG5,-0.043210471361268724
SDF2,0.004853431499196816
SUPT6H,-0.10804450765399934
RAB34,0.06738638761543478
RPL23A,-0.07490203357389766
TLCD1,-0.010445796742500272
NEK8,0.046018688592986155
TRAF4,0.13980510845178523
FAM222B,0.08589956200527939
ERAL1,0.03157451068708489
FLOT2,-0.09621339468887732
DHRS13,0.017049223226379757
PHF12,-0.05031074165065787
MYO18A,0.14612402626362014
NUFIP2,0.08062388424468456
TAOK1,-0.13329282885105193
ABHD15,0.10447121545870358
TP53I13,0.07686033269091944
GIT1,0.05815671207371915
CORO6,0.09558814739157365
SSH2,0.14600129944405446
NSRP1,-0.12338307449489369
SLC6A4,0.030028436435302484
BLMH,-0.1051776589880378
CPD,0.000983877725796209
GOSR1,-0.07519406408062548
CRLF3,0.03733098521841865
ATAD5,-0.15431798456795404
TEFM,-0.13252561302684696
ADAP2,0.03195549292377174
RNF135,0.09793957057493381
NF1,0.2530988253587266
OMG,0.0238092615744904
EVI2B,0.026828267609399097
EVI2A,-0.17199690246978444
RAB11FIP4,0.1377323011031476
COPRS,-0.06351296992649219
UTP6,0.22606551762071037
SUZ12,0.11203991344165519
LRRC37B,-0.12047671608916724
RHOT1,0.07414007975750643
C17orf75,0.01300793187205388
ZNF207,-0.03735260265220641
PSMD11,0.2553129308225104
MYO1D,-0.008437959111326752
TMEM98,0.016245058213945986
CCL2,0.09042051251630118
CCL7,
CCL11,
CCL8,-0.05798006485897857
CCL13,-0.06372144532086012
ZNF830,0.09829694111269993
LIG3,-0.029664238105277185
RFFL,-0.08999334262460866
NLE1,-0.045919628609948984
SLFN5,-0.09163920282107303
SLFN11,0.04131426257007478
SLFN12,-0.12916866470185068
SLFN13,-0.24258110032237884
SLFN12L,-0.1349194282011185
AP2B1,0.024807857384518815
TAF15,0.06838220156936095
GAS2L2,0.006806518430304099
MMP28,0.02422680260102962
CCL5,-0.13246385005733846
CCL23,-0.10897707743826235
CCL18,-0.00025531157209530714
CCL3,-0.18561874442019907
CCL4,-0.191669494232212
CCL4L2,-0.08323875501163985
ZNHIT3,0.11554015326609855
MYO19,-0.15032369297855677
PIGW,0.26237203692192174
GGNBP2,0.08137702556466415
DHRS11,-0.008191114673117077
MRM1,-0.05631735734191025
AATF,-0.18691871945378966
ACACA,0.22467861215773727
TADA2A,-0.015755167341025562
DUSP14,-0.0002800026635900541
SYNRG,-0.05684889303303006
DDX52,0.06917200300080575
HNF1B,-0.09137135121498277
MRPL45,0.04187488730642821
SOCS7,0.09457795475688009
ARHGAP23,-0.02404781593451685
MLLT6,-0.2242388891873535
CISD3,0.17398059151282022
PCGF2,0.05195303927216684
PSMB3,-0.06225871995761289
PIP4K2B,0.2092067793072668
CWC25,0.07765208609320853
RPL23,-0.03526492518526371
LASP1,-0.016496843679689583
PLXDC1,-0.12572649129344446
CACNB1,-0.018719121131822836
RPL19,-0.12890797570471027
FBXL20,0.08968194955219064
MED1,-0.1617994109976693
CDK12,0.014015199558370757
PPP1R1B,-0.00893016595891506
STARD3,0.14630508548626175
TCAP,-0.08138677356428235
PNMT,-0.04606329861235839
PGAP3,-0.057846726384092564
ERBB2,0.20816319565725142
MIEN1,0.07485927514335311
GRB7,-0.16508993549790296
IKZF3,-0.11165776787284952
GSDMB,0.029138803767486197
ORMDL3,0.05550456554465157
PSMD3,-0.06258497440473335
CSF3,0.11424372235608544
MED24,-0.02928367521274277
THRA,-0.2211914595192309
NR1D1,-0.033425406134339995
MSL1,-0.03418503050788655
CASC3,-0.1986820074171848
WIPF2,0.23615861391942267
CDC6,0.10012720290467016
RARA,0.010188515955701874
RARA-AS1,-0.17195780160242072
TOP2A,0.07878939466125193
IGFBP4,0.13084875166315812
CCR7,0.2273713992170379
SMARCE1,-0.07274270574047026
KRT10,0.06021963746362358
KRT13,
KRT15,0.05242913184853684
KRT19,0.08073070829195962
KRT17,0.06711990264414287
EIF1,0.09569344079926599
JUP,0.11815524720831178
P3H4,-0.08410256665584094
FKBP10,0.10715684532735932
NT5C3B,-0.09332105483663038
ACLY,0.12280602891558308
CNP,-0.13197228770958833
DNAJC7,-0.004367449414673421
NKIRAS2,0.22899215086130198
DHX58,0.04883135751767349
KAT2A,-0.05406167672982244
RAB5C,0.015205691182290863
GHDC,-0.2610171779785546
STAT5B,-0.06462132920476005
STAT5A,-0.09787524391499906
STAT3,-0.10721235912694702
ATP6V0A1,-0.11140246437595672
NAGLU,-0.03764971846836555
COASY,0.16458278481957847
MLX,-0.07064597070613281
PSMC3IP,0.08708304921499095
TUBG1,-0.007511688766951586
TUBG2,-0.0978698056243509
PLEKHH3,-0.04240881552172421
EZH1,-0.1242852435766268
RAMP2,-0.03172292382350859
VPS25,-0.017808819848933108
COA3,-0.02268514430385716
BECN1,-0.0903043237050248
PSME3,0.20813897194018283
AOC3,-0.061940603294537024
RUNDC1,0.004367886141949905
RPL27,-0.22908736229064403
IFI35,-0.03599263643194299
VAT1,0.07056798989445441
BRCA1,-0.013962684079886078
NBR1,0.07360200023962682
TMEM106A,0.01438862995912263
ARL4D,-0.07529320273676512
DHX8,0.031875237423442955
DUSP3,-0.044073313251996885
MPP3,0.11996282255819823
CD300LG,0.02476215434485937
NAGS,0.03340043107837691
TMEM101,-0.13555167230026272
G6PC3,0.03480456729017933
HDAC5,0.11031208595636899
ASB16-AS1,-0.06771303916691943
TMUB2,0.0016564585871605333
ATXN7L3,-0.0499672299352934
UBTF,0.04580547265868414
SLC4A1,-0.05478407068119995
SLC25A39,0.046811356741166946
GRN,0.11597717190666232
ITGA2B,-0.014238946021940938
GPATCH8,-0.07927873803970334
FZD2,-0.10154754005345194
CCDC43,-0.035351076991887345
GJC1,-0.07305292794466255
HIGD1B,-0.016651176481455556
EFTUD2,0.20194327459578904
DCAKD,0.01128090359024644
NMT1,0.13022223248540557
PLCD3,0.03676707920139402
ACBD4,-0.22996267795222683
HEXIM1,-0.21312026690092495
HEXIM2,-0.1024016213843171
FMNL1,0.0954404515233446
MAP3K14,0.1675654830961925
ARHGAP27,0.34245868844860444
PLEKHM1,0.3167425853430617
MAPT,0.019242820301065094
KANSL1,-0.005936045981008104
KANSL1-AS1,0.11230219243158858
NSF,0.07173371896512207
CDC27,0.11948215257490918
EFCAB13,0.11613730363294084
NPEPPS,0.1628366801416885
KPNB1,-0.025079136778515455
TBKBP1,-0.07596649372460884
TBX21,-0.09502752583605803
OSBPL7,-0.08021661018345332
MRPL10,-0.17258324349155618
LRRC46,0.04968518233127595
SCRN2,-0.02980525157432549
SP6,-0.010022551569781508
SP2,0.09134067138560782
PNPO,-0.15754308798291203
PRR15L,0.005284576982042577
CDK5RAP3,-0.22345528163455447
COPZ2,-0.0037795890567657066
NFE2L1,0.21973806477760396
CBX1,0.2544269276829188
SNX11,0.08748611186639237
SKAP1,-0.1872489675156466
HOXB2,-0.016137144594923325
HOXB-AS1,-0.08979023785986825
HOXB3,-0.07470648775075889
HOXB-AS3,-0.019663080030709854
HOXB7,-0.0976802208378653
CALCOCO2,-0.18264259062443472
UBE2Z,0.04063180024590345
SNF8,0.2971075239563955
GNGT2,0.19996304274375507
ABI3,0.1485471823272332
ZNF652,0.060436446448782946
NGFR,
NXPH3,-0.10173390303173391
SPOP,-0.1188749776291012
SLC35B1,-0.20470669970142824
FAM117A,-0.07577395718053655
KAT7,-0.1624225527508713
ITGA3,0.0022760133113091593
PDK2,0.02427647178249811
SAMD14,-0.11233340547219484
PPP1R9B,-0.09408969450774221
SGCA,-0.07434304809016688
COL1A1,-0.13123840303754283
TMEM92,-0.09273861243335524
XYLT2,-0.09491417259765995
MRPL27,-0.03500627225153229
LRRC59,-0.04441543966274415
ACSF2,-0.04920452108775862
RSAD1,0.25643127187355697
SPATA20,-0.1639512605571118
ABCC3,0.06239092686868131
ANKRD40,-0.12893503811227183
LUC7L3,0.11662541227820203
TOB1,0.05822799157345804
SPAG9,0.007177762887882851
NME1,
MBTD1,-0.11584304906129587
UTP18,-0.16889972659792804
TOM1L1,-0.08730030232334851
COX11,-0.07041324026865439
STXBP4,0.016480645448437126
HLF,-0.13709764351253675
MMD,-0.10032763454380722
TMEM100,0.05434302238740174
PCTP,-0.007211627562936404
ANKFN1,0.13417287641079853
C17orf67,0.02100830816744826
DGKE,0.0005752394158389587
TRIM25,-0.11339127351021848
COIL,0.1505931269110742
SCPEP1,0.18158472910661763
AKAP1,-0.10770713356092969
MSI2,-0.05049464636007965
MRPS23,0.09885285677692286
CUEDC1,0.00481056422741216
VEZF1,-0.0029839680673107907
SRSF1,-0.037086573840946185
DYNLL2,-0.17387522797431734
MKS1,0.0442739000415161
MPO,-0.04456955438155183
SUPT4H1,0.007896837619896718
RNF43,-0.010441648396340406
MTMR4,0.030722406811298564
RAD51C,-0.24017564270848937
TRIM37,0.01430532012005904
SKA2,0.05859742866712793
PRR11,0.057911337785097196
GDPD1,0.20745495302852698
YPEL2,0.022158419255460273
DHX40,0.3047977079567252
CLTC,-0.16955196162653552
PTRH2,-0.12430145894215913
VMP1,0.03841836743780929
TUBD1,0.14981345949084468
RPS6KB1,0.026181633829061156
RNFT1,-0.16930025065055446
HEATR6,-0.00520673811603899
CA4,0.20150791082348488
USP32,0.05761597797379092
APPBP2,0.2196274707407294
PPM1D,0.10953294950697254
BCAS3,0.014065032844793348
TBX2-AS1,-0.03621694578737515
TBX2,-0.01892167255766837
TBX4,-0.024429223970713662
BRIP1,-0.051852509926715605
INTS2,-0.03255466538318427
MED13,0.05885503960576323
METTL2A,-0.1323769443577674
TLK2,-0.010289160771654022
MRC2,0.09606234980846501
TANC2,-0.012680510129762002
CYB561,-0.02337333158341457
ACE,0.0874946834575133
DCAF7,0.10826131333727473
TACO1,-0.07093419060903383
MAP3K3,0.28334015202059476
CCDC47,-0.17886716411246245
DDX42,0.0029420368917936826
FTSJ3,0.06867063747811541
PSMC5,0.033110571499692834
SMARCD2,0.2255424408138563
PRR29,0.027579316379390168
ICAM2,0.16637963119726085
ERN1,-0.11346671885819709
SNHG25,0.03491239659305699
TEX2,0.015540821514814729
PECAM1,0.15391927433853048
MILR1,-0.016918811490783916
POLG2,-0.04634025335358779
DDX5,-0.35610075014934256
CEP95,0.02069823228136397
SMURF2,0.04252149904353898
GNA13,-0.13427202656205717
RGS9,0.004088297233400019
AXIN2,0.05551232442633287
CEP112,0.20940185818928717
PRKCA,-0.007636859790976128
CACNG4,0.0019038123144945159
HELZ,0.02998834422988712
PSMD12,-0.10727417768172866
PITPNC1,-0.07022855677962371
NOL11,0.0512991716173311
BPTF,0.031079497940122373
C17orf58,-0.06809563283087959
KPNA2,0.10459202071424743
AMZ2,-0.13027445667960616
ARSG,-0.16964579692583306
SLC16A6,-0.057164437822122514
WIPI1,0.0243882544654831
PRKAR1A,0.15765537957221767
FAM20A,0.07255719737384264
ABCA8,0.012042860820977497
ABCA9,0.0934530700649654
ABCA6,0.07463676280822638
ABCA10,0.007728227365670215
ABCA5,-0.18472057727787855
MAP2K6,-0.1917371736904654
KCNJ2,-0.029127943014395752
SOX9,-0.10054475214157449
SLC39A11,-0.21521356768711108
SSTR2,-0.03259022885796694
COG1,-0.1428469271683891
CDC42EP4,0.20497670663972806
SDK2,0.1251925508131926
RPL38,0.14969998961829695
DNAI2,0.034985335648447836
KIF19,-0.07086427147573031
GPRC5C,0.009581461277708755
CD300A,-0.10961769017210829
CD300LB,0.017300795886027516
CD300C,-0.05066749663856285
CD300E,0.044703229313446766
RAB37,-0.02523065858474348
CD300LF,-0.04006417016656406
NAT9,0.07920114358610453
TMEM104,-0.22396394148294974
FDXR,-0.052924400152469235
HID1,-0.12187457603608945
CDR2L,0.007810147133005964
KCTD2,-0.07705692505808387
SLC16A5,0.038323642194561774
ARMC7,-0.047152256899174065
NT5C,0.031167268095675587
SUMO2,0.25956083553677733
NUP85,-0.03896523339786112
GGA3,-0.2660124488203165
MRPS7,0.10246454959598203
MIF4GD,-0.15090586157540872
SLC25A19,-0.12404459270099402
GRB2,0.0048452647279757025
TMEM94,-0.22059286906135617
CASKIN2,0.11839713527123413
TSEN54,0.020705367836296586
LLGL2,-0.19073743326785292
MYO15B,0.20129762108990285
RECQL5,0.22566179384952292
SMIM6,-0.03696662361741469
SAP30BP,0.0631078458091339
ITGB4,0.11706127414932924
GALK1,0.008790460890144663
UNK,-0.15138996427437473
UNC13D,-0.13563689121678407
WBP2,-0.03437404481229554
TRIM47,-0.1666447094205581
TRIM65,0.04892686247081308
FBF1,-0.08103920045361718
ACOX1,0.22424331170807488
EVPL,-0.12349784466034279
SRP68,-0.025164018452909113
EXOC7,-0.016295689821084123
FOXJ1,0.12808982592810433
UBALD2,0.0512703216146239
PRPSAP1,0.21372246868872477
SPHK1,-0.07248652836919967
UBE2O,0.05842728702564135
RHBDF2,0.03762954279006092
CYGB,-0.04089719177799243
PRCD,0.028346030034164485
ST6GALNAC2,0.05104778332848775
ST6GALNAC1,0.21788932688960144
MXRA7,-0.10888652171321238
JMJD6,-0.08962634286459562
METTL23,-0.15460115679300365
SRSF2,0.09104698931815504
MFSD11,-0.1370050520885761
SEC14L1,0.13121694444467746
TNRC6C,-0.11814339798243012
TMC6,-0.012986377432610422
TMC8,-0.12380788457675121
SYNGR2,0.09867484608679492
TK1,0.018034927163182272
AFMID,0.3348227511753736
BIRC5,-0.013043001846314737
SOCS3,0.14695623275211933
PGS1,0.0022339917460954973
CYTH1,-0.03080025537801846
USP36,-0.07172573138273974
TIMP2,0.026574077524400032
LGALS3BP,-0.1609981715028839
CANT1,0.07347250344250748
C1QTNF1,-0.1427233711752205
ENGASE,0.05874231398200987
CBX4,-0.005870919320492669
TBC1D16,0.04661415941623999
CCDC40,0.04629143746727075
GAA,0.00946561931502145
EIF4A3,0.011045719451372627
SGSH,-0.12507546785062096
SLC26A11,-0.012479254105940236
RNF213,-0.1126694294363981
ENDOV,0.13212810027832317
RPTOR,0.07167672824469594
CHMP6,0.05011969750569068
BAIAP2,0.08406450871310464
AATK,-0.04679117639410433
CEP131,-0.022471693238954638
SLC38A10,0.12757427672753624
BAHCC1,0.17758090919739358
ACTG1,-0.10734651503683668
FAAP100,-0.19127543568307837
NPLOC4,-0.05246651879082799
TSPAN10,-0.0985341077767767
OXLD1,0.024961766925304007
CCDC137,0.048579249002345865
ARL16,0.043616189351732074
HGS,0.1333440621147814
P4HB,0.05859135939661288
ARHGDIA,0.05728742842039497
ALYREF,0.011311805660930164
ANAPC11,-0.20120877717063246
PCYT2,0.015484617231588962
SIRT7,-0.03693191672821257
MAFG,0.25197443493944877
PYCR1,-0.09674629480871483
ASPSCR1,0.018705343389913812
LRRC45,0.006284359835543826
DCXR,0.1739320468778885
RFNG,-0.01835126440999579
GPS1,-0.06741272211692219
DUS1L,0.12789998497123023
FASN,0.0950399951356961
CCDC57,0.043074743303568225
SLC16A3,-0.01603315596622477
CSNK1D,-0.14642373349655988
CD7,-0.1360072739998646
SECTM1,-0.022669946485749385
OGFOD3,0.18130846270640352
NARF,-0.028352132112600816
FOXK2,-0.017509544008882234
WDR45B,0.24521878200756173
RAB40B,-0.15910790197113345
FN3KRP,-0.0016264486813628246
TBCD,-0.04118723140565031
ZNF750,-0.021517442482740796
B3GNTL1,-0.10604686669011786
METRNL,0.08999632651835787
USP14,-0.2081264122208668
THOC1,-0.06897457175584978
COLEC12,-0.033126959748192644
TYMS,0.03463088333708437
ENOSF1,0.032428176441512635
YES1,0.02457123376531539
METTL4,0.02937552888862166
NDC80,-0.14806739198195976
SMCHD1,-0.07047415938922288
EMILIN2,-0.03828143041307782
LPIN2,-0.09935963979538345
MYOM1,-0.23348939532339447
MYL12A,-0.003545076337535395
MYL12B,0.044377205830918615
TGIF1,0.02721802265525461
DLGAP1,0.017354250977430243
DLGAP1-AS1,-0.0019639921437941063
LINC00667,0.18578710987351607
ZBTB14,-0.1611242204607054
EPB41L3,-0.14925057359162602
L3MBTL4,0.1778834231064511
ARHGAP28,0.10705967230367834
LAMA1,-0.1929905917267475
PTPRM,0.09081218073400944
RAB12,0.02675511703404919
MTCL1,-0.1126385931587023
NDUFV2,-0.07053953291049948
ANKRD12,-0.02020713207775593
TWSG1,-0.2571583173637961
RALBP1,-0.06338663550114547
PPP4R1,-0.05858464582890782
RAB31,-0.019415904361961053
VAPA,-0.015717820029316713
APCDD1,0.15442199196287254
NAPG,0.05359278103600544
PIEZO2,0.15463279947032518
GNAL,0.014811980540076281
MPPE1,-0.05681750120390085
IMPA2,0.03374565480020786
ANKRD62,-0.04359136113756489
TUBB6,0.1590092556795212
AFG3L2,0.1306997522850613
PRELID3A,-0.08937804260154587
SPIRE1,0.0397365561807338
PSMG2,-0.09345923396063599
CEP76,-0.07604865786454514
PTPN2,-0.0817158696729866
SEH1L,-0.03931399588219803
CEP192,-0.025098017803626818
LDLRAD4,-0.110365323710787
FAM210A,-0.010142901502160486
RNMT,0.15168551449043016
ZNF519,0.04800609890504877
ROCK1,-0.2199628764145715
GREB1L,-0.08314182723840897
ESCO1,0.014659663119276984
SNRPD1,0.05630921270886398
ABHD3,-0.01713309042475501
MIB1,0.22086796901864572
MIR133A1HG,-0.11859576666612409
GATA6-AS1,-0.13131722151382264
GATA6,0.10506760265814802
RBBP8,0.14670527260413707
CABLES1,-0.20537818435043492
TMEM241,0.17607746460408982
RIOK3,-0.1002494514562207
NPC1,-0.15016213808990184
ANKRD29,-0.21891526658316016
LAMA3,-0.16163803910169278
TTC39C,-0.1272788611199381
OSBPL1A,0.041863512943769984
IMPACT,0.06137789208065911
ZNF521,0.10335297479762945
SS18,0.3128675768640096
TAF4B,-0.15753181321621018
KCTD1,0.2561840380935365
AQP4,-0.12682401513428096
CHST9,0.12062317988403444
CDH2,0.09769908927354459
DSC2,-0.008896465660185232
DSG2,0.0032978007928917627
TRAPPC8,0.08844897728526338
RNF125,-0.039658328568394983
RNF138,-0.09466014173447179
DTNA,-0.17398530993081313
MAPRE2,-0.06318390215458401
ZNF397,0.08085409521799221
ZSCAN30,-0.04682799517957379
ZNF24,-0.0014890160642134183
INO80C,-0.05552599202563164
GALNT1,-0.07753198251254496
C18orf21,-0.07817364988659012
RPRD1A,-0.14310535081715844
SLC39A6,-0.11489180772824804
ELP2,0.14032708940316602
MOCOS,0.11831947846876542
TPGS2,0.35652861369586697
KIAA1328,0.07772431906801916
CELF4,-0.17803786337169014
PIK3C3,-0.11257841617576307
SETBP1,0.013286236928518751
SLC14A1,-0.043599988414665135
EPG5,-0.2425207453672993
PSTPIP2,-0.0803632682172841
HAUS1,0.14129398314246935
PIAS2,0.08550261030244496
KATNAL2,0.20002673740659524
HDHD2,-0.00789008609876815
SMAD2,-0.04301874341177545
ZBTB7C,-0.054412788139143645
CTIF,-0.10254875182908751
SMAD7,-0.05071256391721548
DYM,0.045755405824536494
C18orf32,0.04200638639130133
LIPG,-0.036622404508716594
ACAA2,-0.022540728324470606
MYO5B,-0.0064655720428990395
CFAP53,0.05338826579077925
MBD1,-0.08951635927680515
CXXC1,-0.1767252819490056
SKA1,0.06273333749355793
MAPK4,-0.19962622393762894
ME2,0.20709629394523665
SMAD4,0.03987516459803282
MEX3C,-0.07758442823505729
DCC,-0.0829340433867371
MBD2,-0.0009238000761690145
POLI,0.2568159408071425
C18orf54,0.05038129957441555
RAB27B,-0.17707287039648942
CCDC68,0.10927811401579993
TCF4,0.24127271425264304
TXNL1,0.004518070595030116
WDR7,0.27180787264203127
FECH,0.039606754974034056
ATP8B1,0.06180268658553492
NEDD4L,0.16722403904635963
MALT1,-0.049423659627140584
ZNF532,0.10811966611916146
SEC11C,-0.11507897345017336
LMAN1,-0.038487193081667696
CCBE1,0.040714573763287645
PMAIP1,0.28404359729806666
RNF152,0.03665798707861137
PIGN,0.07241331034033281
TNFRSF11A,0.18229082176874828
ZCCHC2,-0.011996418477604427
PHLPP1,0.1971308057953494
BCL2,-0.18551297060564964
KDSR,0.1506073774117531
VPS4B,0.0900353998812661
SERPINB2,-0.03500381549547556
SERPINB8,0.046056574859740296
CDH19,-0.018849256752093813
DSEL,0.025784126830904478
TMX3,0.0051525618957754295
CCDC102B,0.10954975915801357
DOK6,0.008412749133003697
CD226,-0.08548037214763618
SOCS6,-0.01724137397922899
FBXO15,0.017297135445630194
TIMM21,-0.2779728969192477
CYB5A,0.11296628975786735
CNDP2,0.10400483933013371
ZNF407,0.11074975768253095
TSHZ1,-0.08177332087390556
ZNF516,0.17034920406115148
ZNF236,0.00838535867872757
MBP,-0.032799034924713824
ATP9B,0.013638045265074587
NFATC1,-0.08615536491211338
CTDP1,-0.16843548337323586
KCNG2,0.1104442709829702
HSBP1L1,0.15028608121392315
TXNL4A,0.022139106153317774
RBFA,-0.09782902274625627
ADNP2,0.05323671440311112
PARD6G,0.11406966751072108
C20orf96,0.21715241056671578
ZCCHC3,0.026711096659089856
SOX12,-0.13519400274460577
NRSN2,0.06255064956242304
TRIB3,-0.04895786977194505
RBCK1,-0.12446309891168014
TBC1D20,-0.007424138061338966
CSNK2A1,-0.054487933788790445
FAM110A,0.017587741077207272
RSPO4,0.008807588593569188
PSMF1,0.11050789712707063
TMEM74B,-0.05271290060184439
SNPH,-0.09778073407301963
SDCBP2,-0.1315419482143892
FKBP1A,-0.15591637703278968
NSFL1C,0.13573555976593446
SIRPA,0.054298834910583134
STK35,0.1988587858541753
SNRPB,-0.035569529229274005
ZNF343,0.02874488691140953
NOP56,-0.019462792167208
IDH3B,-0.11834649539559011
EBF4,0.030429244934361173
PCED1A,-0.13330526678778945
VPS16,-0.06516173886808448
PTPRA,-0.21081754748325604
MRPS26,-0.020323643601083564
UBOX5,-0.026368597940505327
DDRGK1,-0.0664077816121923
ITPA,0.010880420949732447
ATRN,-0.08058631200779423
ADAM33,-0.021619328041880034
SIGLEC1,-0.04714893496778746
HSPA12B,0.026726419599215026
CENPB,-0.164954068347234
CDC25B,0.007511293668729144
AP5S1,0.11736359323701762
MAVS,0.24967299243100585
PANK2,-0.0403357599755721
RNF24,0.15279612388317018
SMOX,0.017772562642319606
PRNP,-0.1669420306066579
RASSF2,0.24287498429983762
SLC23A2,0.1522203866909099
TMEM230,0.0024849962269710354
PCNA,0.03413944698702364
CDS2,0.1515368520138244
GPCPD1,-0.09440005525185091
TRMT6,0.03199391642341866
MCM8,0.0485936120356279
CRLS1,-0.11440020406703623
LRRN4,0.03653344440209094
FERMT1,0.019714073614153737
BMP2,-0.1526755836069881
TMX4,-0.22198828452319438
PLCB1,-0.02379859382879836
PLCB4,0.0678328934331686
SNAP25,-0.20195616809963168
MKKS,0.2173665396295253
SLX4IP,0.1879551909760811
JAG1,0.03386592522021347
BTBD3,0.20645379189823948
SPTLC3,0.17210751232304214
ISM1,0.12098256653032508
TASP1,-0.16889955395599154
ESF1,0.08704294576571449
NDUFAF5,-0.11166030404993124
MACROD2,0.09395305525360688
FLRT3,0.08874746961447205
KIF16B,-0.06128029627018278
SNRPB2,0.03683573135033416
PCSK2,-0.11044531375552799
DSTN,-0.27477742739032823
RRBP1,-0.06643774086613324
SNX5,0.0026310423909713518
MGME1,-0.019819161038917073
PET117,-0.05258701211069357
ZNF133,-0.14004158756531393
POLR3F,-0.08636455202272934
RBBP9,0.12170029091197768
SEC23B,-0.25327239152819614
DTD1,-0.0325407006842154
SLC24A3,-0.005475064715991091
RIN2,0.07665528938177678
NAA20,0.0402741825057312
CRNKL1,0.14160303977536318
RALGAPA2,0.14983325189102448
KIZ,-0.08977451166989585
XRN2,0.1554032097538465
FOXA2,-0.023498993406761492
THBD,0.02983189222121048
CD93,0.06021906298117153
NXT1,0.06806255713878342
GZF1,0.008814188030541636
NAPB,-0.10675260988017163
CST3,0.006361140456244148
GGTLC1,-0.05712582469262234
CST7,-0.03883539031474576
APMAP,-0.12981180728997396
ACSS1,-0.028929210132143942
ENTPD6,0.07971192435091688
PYGB,0.017466613324826533
ABHD12,-0.1477664179407662
GINS1,-0.05221608171237389
NINL,0.046742640532362066
NANP,0.07182969290173702
ZNF337,-0.18909220275849029
HM13,-0.10518327963421938
ID1,0.04736980292809188
COX4I2,-0.09614672222651313
BCL2L1,-0.2716788564342108
TPX2,-0.025649248843873505
PDRG1,-0.040122043102926774
CCM2L,0.0938786827118821
HCK,0.026435905919839645
TM9SF4,-0.1105493016586438
PLAGL2,0.012723267492177077
POFUT1,-0.14985017402533712
KIF3B,-0.09274165057167007
ASXL1,0.13231365862540476
NOL4L,-0.01833659133253859
MAPRE1,-0.1472723735549547
BPIFB1,0.08765597857138464
CDK5RAP1,0.07551815580071461
SNTA1,0.01800010966110116
CBFA2T2,-0.11870769042943531
NECAB3,0.1646752914311612
E2F1,0.05958013411544118
PXMP4,-0.0633674219485716
ZNF341,-0.17819515652766435
CHMP4B,-0.11376688801329056
RALY,0.06694934808901354
EIF2S2,-0.03432584832734068
AHCY,0.1452098918399718
ITCH,0.019064273282221624
DYNLRB1,0.2741731787898409
MAP1LC3A,0.05114559085799583
PIGU,0.1038054389513191
NCOA6,0.2771227518418818
TP53INP2,-0.06767870548504354
GGT7,0.2169668881915956
ACSS2,0.10606184896732539
GSS,-0.14843974247691383
TRPC4AP,0.06843736510859608
EDEM2,-0.25187857290571714
PROCR,0.055595161093599355
MMP24,-0.15947393611237964
EIF6,-0.06602106606636651
UQCC1,0.12026012170084777
CEP250,0.009225001623925623
ERGIC3,-0.007905593933237049
CPNE1,-0.042744901706028834
NFS1,0.0457555622291973
ROMO1,-0.07270479328904306
RBM39,-0.11812368967301486
PHF20,-0.03132368973431527
SCAND1,-0.16874387116369055
CNBD2,0.12996266689862507
EPB41L1,-0.024356769500026774
AAR2,0.019888665100691365
DLGAP4,0.1431003732773517
MYL9,-0.25076341930404433
TGIF2,-0.056383614609098416
SLA2,-0.15000998237673757
NDRG3,-0.0588438680401942
DSN1,0.06990907711651301
SAMHD1,-0.016281077593757323
RBL1,-0.07786880152795118
RPN2,0.020043371991494526
MANBAL,-0.03987256131326066
SRC,-0.1222904426140804
BLCAP,-0.06888782220841595
CTNNBL1,0.024352301166959495
VSTM2L,-0.043041015362433876
TTI1,0.12180007145347384
RPRD1B,-0.09813346484486499
TGM2,-0.0023243966460787177
BPI,0.05024949316285433
RALGAPB,0.04802890774451017
ACTR5,0.20444236633688864
PPP1R16B,0.09081877967316807
FAM83D,-0.19628712244957758
DHX35,-0.11279946361759037
MAFB,-0.07994832771287996
TOP1,0.1896010799081526
PLCG1,0.07113546967297454
ZHX3,0.06200768064986184
LPIN3,0.1269509791370429
CHD6,0.047090402185817934
PTPRT,0.05377054737553216
SRSF6,-0.12432980342335775
L3MBTL1,-0.15975832698155837
IFT52,0.10662564892465769
MYBL2,-0.038589046053715964
TOX2,0.07612630196261588
JPH2,-0.2551988065812538
OSER1,0.03722502348156897
FITM2,0.22887229653962354
TTPAL,-0.045379868460355764
SERINC3,-0.06156224816073963
PKIG,0.05962612031066987
ADA,-0.04421744067320836
KCNK15,-0.09389153110425642
RIMS4,-0.07916324693548629
YWHAB,-0.03677912329054559
PABPC1L,0.20823284906387407
TOMM34,0.0627285547951603
STK4,-0.05755361822233093
PI3,
SLPI,-0.0779255543976349
SDC4,0.08450032529089646
SYS1,-0.01374458300023803
PIGT,-0.09625444309953712
WFDC2,-0.08667881670642391
DNTTIP1,-0.031025432246376827
UBE2C,-0.0391571527379734
SNX21,-0.11253387973528058
ACOT8,-0.03971075829082652
ZSWIM3,0.27392030498930736
ZSWIM1,-0.03542849996103972
CTSA,0.09927055311143479
PLTP,0.07108656310165434
PCIF1,-0.06898714377589978
ZNF335,0.024924135514035398
MMP9,-0.13400757939743113
SLC12A5,-0.09663613810984197
NCOA5,-0.06253039233181594
CD40,0.20338446998831028
SLC35C2,0.07569334173412455
ELMO2,0.09652498140399848
TP53RK,-0.07062104150139847
SLC2A10,0.09163991626771152
ZMYND8,-0.09616717003673095
NCOA3,0.1667688299141687
SULF2,0.22662466014207713
PREX1,0.07605157620613787
ARFGEF2,-0.14357713418661003
CSE1L,-0.11420775071017894
STAU1,0.001915320412658534
DDX27,-0.056338222599509505
ZNFX1,-0.10930561001483964
ZFAS1,0.10050262482289928
KCNB1,-0.11378949638180466
PTGIS,-0.09197794267797015
B4GALT5,-0.06695948455000712
SLC9A8,0.1448021352053742
SPATA2,-0.1651710035236452
RNF114,-0.15016365418530825
SNAI1,0.5573381271127004
CEBPB,0.07247857808407938
PTPN1,-0.16538122486275353
PARD6B,0.07544688675863659
BCAS4,0.06455059557916724
ADNP,-0.0007540652596599966
DPM1,0.1044710786022417
MOCS3,-0.06462508595756936
NFATC2,-0.11209579360150143
ATP9A,0.06868901066539719
ZFP64,-0.17341911088258777
TSHZ2,0.21476975674603238
ZNF217,-0.06746472975552832
BCAS1,0.11151569327164945
PFDN4,0.026153460545198483
DOK5,0.15893726665838823
FAM210B,0.002268867922406711
AURKA,-0.06494651736525782
CSTF1,-0.13999189761578415
CASS4,-0.004382815980822708
TFAP2C,-0.01511058250886798
BMP7,-0.1904660306256958
RAE1,0.15358326741613904
RBM38,-0.008771593091617421
ZBP1,-0.12435984765428733
PMEPA1,0.05288141857051004
RAB22A,0.03312097325567177
VAPB,-0.06673117389406226
STX16,0.04383470896114079
NPEPL1,-0.18011811363614705
GNAS,0.047118110945003254
NELFCD,-0.07419180747951686
CTSZ,0.21471257906683247
TUBB1,-0.07902009315167258
PRELID3B,-0.06649025951411427
PHACTR3,0.07927878140024174
SYCP2,0.09940522973433322
FAM217B,-0.019393452346537696
PPP1R3D,0.0398529721295503
CDH26,0.1593414607875548
CDH4,-0.008993971885138657
TAF4,0.16034448361620543
LSM14B,0.10962916841032586
PSMA7,0.06537777141079353
SS18L1,0.06607509722557975
MTG2,-0.07807916738924132
OSBPL2,-0.013565295871507597
ADRM1,0.07081892024059264
LAMA5,0.018394297221792612
RPS21,0.1663866051077086
CABLES2,0.052261004861666675
SLCO4A1,0.12569797183100906
MRGBP,-0.20333793561143074
OGFR,-0.15741697965272644
TCFL5,0.30368288614805694
DIDO1,-0.08507679407870106
GID8,-0.10384970092632438
SLC17A9,-0.10801316696243188
YTHDF1,0.15062761320514242
BIRC7,-0.026792038463722766
ARFGAP1,-0.03877054578329917
PPDPF,0.02372781155929147
PTK6,-0.05113751060512674
HELZ2,0.03247838168506344
GMEB2,0.07709948395042321
STMN3,-0.13050136404404966
ARFRP1,-0.03726002574648868
SLC2A4RG,-0.03239060408227415
ZBTB46,0.24367430407167245
TPD52L2,-0.09927750796522897
DNAJC5,-0.0708223768052247
UCKL1,0.0004305227276613717
UCKL1-AS1,0.10615475363763066
ZNF512B,-0.12141206191633742
SAMD10,-0.06965310653251096
PRPF6,0.12018233595889909
SOX18,-0.026270767029808725
TCEA2,0.10061952758455214
RGS19,0.04206151180998433
PCMTD2,-0.0224228498340945
PLPP2,0.24726362185547876
MIER2,0.0641697741605837
SHC2,-0.010531979570310976
TPGS1,-0.006052928055771685
CDC34,-0.1707757537038055
BSG,-0.06453168136851747
POLRMT,0.23650251247046586
RNF126,-0.0028671854638300538
FSTL3,-0.17121861353364343
PALM,0.20986353927386175
MISP,-0.033174222225014795
PTBP1,0.1926508882636766
AZU1,-0.11969173305365746
ELANE,0.19284834936245945
CFD,0.2133192987616265
MED16,-0.10173088447851533
R3HDM4,0.030359377350182248
ARID3A,0.0781196260779469
WDR18,0.14986152113410967
TMEM259,0.10340273222180568
CNN2,-0.04203467544353891
ABCA7,0.02970320032775192
POLR2E,0.10643855642224209
GPX4,0.10222937917370883
SBNO2,0.18226205631525066
STK11,0.09399364139285632
MIDN,0.1794272824031336
CIRBP,0.11636002828394199
NDUFS7,-0.07794336218448361
GAMT,-0.17545958584307492
DAZAP1,0.041894848647619096
RPS15,0.11870175030090281
C19orf25,-0.05061371405971915
MEX3D,0.11820776489696715
MBD3,0.20879987717876924
UQCR11,-0.03144339538617328
TCF3,-0.12301771426043874
REXO1,-0.16072088310340038
KLF16,-0.0019559559442311274
ABHD17A,-0.11713905280427352
SCAMP4,0.37390364378312474
CSNK1G2,0.13865969395121813
BTBD2,-0.003438617379556804
MKNK2,0.01948506828291312
MOB3A,0.14893837680436267
AP3D1,-0.05088848793478257
DOT1L,-0.06234757271543986
PLEKHJ1,0.11927605630535065
SF3A2,-0.011228061569823583
OAZ1,0.19459165885462434
LSM7,-0.014102013091492411
SPPL2B,0.11853400490993225
TIMM13,-0.22344487339259791
LMNB2,0.19414891314515148
GADD45B,0.0826503930226039
GNG7,0.2005507482150229
SGTA,0.19036854876603515
THOP1,0.08318788015316014
ZNF554,0.051429187917875215
ZNF555,0.05971859780529854
ZNF57,0.14783303480006535
TLE6,0.10195117366786116
TLE2,-0.0001658542855682392
GNA11,-0.06146856129076812
GNA15,0.02960988645076568
S1PR4,-0.11482392931308918
NCLN,0.05430390344642082
CELF5,-0.14373099559853422
NFIC,0.07145793210319742
DOHH,-0.13908529552718152
FZR1,0.02424302889085847
MFSD12,0.3106405272064743
HMG20B,0.38202160638839533
TBXA2R,-0.020233233584146013
CACTIN,0.07755366238493774
PIP5K1C,0.1868916210226203
TJP3,0.08568022907035983
APBA3,0.03173952009684007
MRPL54,-0.18834263736013585
MATK,-0.17566753597151016
DAPK3,0.05018322793258364
EEF2,-0.3139931218368123
PIAS4,-0.20845403067034615
ZBTB7A,0.15133784862320337
MAP2K2,0.059989651466163516
SIRT6,0.05000445490566715
EBI3,-0.14800503239163604
STAP2,0.259309218879728
MPND,0.0614103509464977
SH3GL1,0.3049093977862741
CHAF1A,0.22883295911268045
UBXN6,0.02396273314358438
PLIN5,0.1679741302734652
SEMA6B,0.018045243328672904
TNFAIP8L1,0.07180198441264073
MYDGF,0.12338954390596645
DPP9,-0.1092536861775256
FEM1A,0.24881202242978875
TICAM1,-0.11665582716814327
PLIN3,0.18751438194601328
KDM4B,0.0523881512363618
PTPRS,0.20920903196448545
SAFB2,-0.0737571685290524
SAFB,0.05372721353236357
RPL36,0.042269337063786355
HSD11B1L,-0.07122922050334093
LONP1,-0.015493815119531178
CATSPERD,0.1729080836297772
DUS3L,0.21673099084262523
NDUFA11,-0.1005325656938278
CAPS,0.07963903245806106
RANBP3,0.165712811088414
RFX2,-0.042655683643422204
MLLT1,-0.050354921794053764
CLPP,-0.28733454595535796
ALKBH7,-0.09512730496052005
GTF2F1,-0.03503832361474489
KHSRP,-0.09239602859477997
SLC25A23,-0.12265493547989904
CRB3,-0.05707499067156339
DENND1C,-0.07329091618605099
TNFSF9,-0.13151765838054888
TNFSF14,0.07845324979244078
C3,0.10184813793809488
GPR108,0.24556837490396222
TRIP10,0.04686763516363031
SH2D3A,-0.0002370398119120841
VAV1,-0.08222359674077187
ADGRE1,-0.09060272634823657
ZNF557,-0.06631315165412348
INSR,0.12341141373540855
ZNF358,-0.1256510438795921
MCOLN1,-0.1127738358435211
PNPLA6,-0.05896994679670556
CAMSAP3,-0.057858671408522036
PET100,-0.05160162320152173
STXBP2,0.10970528081417828
RETN,0.09321859434409899
MCEMP1,0.6900988412201627
CD209,-0.052612272269172415
EVI5L,0.1160454202228029
LRRC8E,-0.06054548720510018
MAP2K7,0.19819525489342066
SNAPC2,-0.05223382724187245
CTXN1,0.00911022962321365
TIMM44,-0.05065000457693531
ELAVL1,-0.09861070296435455
CERS4,0.08022543264473991
CD320,0.09614993070855155
NDUFA7,-0.031047612312488985
RPS28,0.047423471471966155
KANK3,0.25903765452715766
ANGPTL4,-0.09480704741065894
RAB11B-AS1,0.1935813787445616
RAB11B,0.14774417838575435
HNRNPM,-0.13140630716247312
PRAM1,0.03458905321373727
MYO1F,-0.05153146169592637
ADAMTS10,-0.007492396538053132
ZNF558,0.23730668496087082
MUC16,0.1184651963252733
ZNF317,-0.04089428613899302
ZNF559,-0.0842418735545229
ZNF266,-0.06711693090235969
ZNF426,-0.24046519642669573
ZNF121,-0.01716117617726197
ZNF561,-0.0685875482072142
ZNF562,0.08792556267300947
FBXL12,-0.03339667016821667
UBL5,-0.16771330559892672
PIN1,0.1358929645020005
COL5A3,0.02145784176819398
P2RY11,0.0400026679162897
EIF3G,-0.009796338163668301
DNMT1,-0.14631430363672418
MRPL4,0.18128282956742484
ICAM1,0.12163737667688765
ICAM4,0.18088466566040257
ICAM5,0.08069497142192271
ICAM3,-0.03278062108182155
TYK2,-0.009575191178406833
CDC37,0.0956259739661269
PDE4A,-0.09740567144037575
KEAP1,-0.16416369859732605
ATG4D,0.048782218346050274
KRI1,-0.03658623356821729
CDKN2D,-0.03718070790963002
AP1M2,-0.024752956041694404
SLC44A2,0.03035039571364158
ILF3,-0.007667265126416484
QTRT1,-0.1424300000673546
DNM2,-0.030880157887967875
TMED1,-0.0212145591665701
C19orf38,0.2740076262357843
CARM1,0.05249196256888545
YIPF2,0.104811342715463
SMARCA4,0.2151436870322714
LDLR,0.09051182946657042
SPC24,-0.1434449992671843
KANK2,0.003351016978075805
DOCK6,0.13364840624366137
RAB3D,0.07312355760950258
TMEM205,-0.08866657416793855
CCDC159,0.01852648257358992
PLPPR2,0.11428237117013818
SWSAP1,-0.09800109253835317
EPOR,-0.27068770120727637
RGL3,-0.018695256107103247
PRKCSH,-0.12288062698116871
ECSIT,-0.17702621616971817
CNN1,-0.27325162276902354
ELOF1,-0.1241998782655652
ZNF627,0.05405914472731513
ACP5,-0.010751092730722379
ZNF441,-0.08784625269458861
ZNF440,0.021100411327745212
ZNF439,0.15805893553953043
ZNF700,-0.06288123366299307
ZNF763,0.0913059466363214
ZNF844,-0.09212658535339577
ZNF136,-0.0029948912743430096
ZNF44,0.2823316172861788
ZNF442,0.19674355342982494
ZNF791,0.10030470351228754
WDR83OS,-0.08489777005813384
DHPS,-0.10022339171821419
FBXW9,-0.03992019223435197
TNPO2,0.13861821473565425
HOOK2,0.09187543229714862
JUNB,0.2899044494484013
PRDX2,-0.0888567095249533
RNASEH2A,-0.10388245534280455
DNASE2,-0.16471201647303496
GCDH,-0.15073096606823855
FARSA,-0.06410298779974027
CALR,-0.013972069136817701
RAD23A,0.082495827255698
GADD45GIP1,-0.18715567326801472
NFIX,0.1482278944085735
LYL1,0.08257925930927211
TRMT1,-0.03284328475600232
NACC1,0.06380348946699119
STX10,0.046467969849577864
IER2,0.11798607093457482
CACNA1A,-0.15116838341129432
MRI1,-0.25882969676747364
C19orf53,-0.24973855496834999
ZSWIM4,0.13887337880692763
CC2D1A,-0.012517168307589937
PODNL1,0.2243397520275616
DCAF15,0.19676770594439708
RFX1,0.1517307154660112
IL27RA,0.13346088388006833
PALM3,0.0034819019155863766
SAMD1,0.04045876965590012
PRKACA,0.08978978649999948
ASF1B,0.0413379578499465
ADGRL1,0.019078347379228387
ADGRE5,-0.04138671047893913
DDX39A,-0.046386412008242874
PKN1,0.1644666407306731
PTGER1,-0.03907801594042869
GIPC1,-0.093176488165046
DNAJB1,0.013119410054159602
TECR,0.00967642435691002
NDUFB7,-0.22646245817815588
ZNF333,-0.00011877431451929503
ADGRE2,0.03877549002217689
SYDE1,-0.13977749282703003
ILVBL,0.1778411473183349
NOTCH3,-0.08571874093890985
EPHX3,0.11693429539725124
BRD4,0.00577440331569035
AKAP8,0.025540878283330574
AKAP8L,0.12008946215275873
WIZ,-0.11143205824409728
RASAL3,-0.11677231747097712
CYP4F3,-0.12271412708974963
TPM4,-0.07893638511339493
RAB8A,0.022171713379539063
HSH2D,0.06028186832689099
FAM32A,0.0261908296095035
AP1M1,0.012942934133216637
KLF2,0.10023414239974102
EPS15L1,-0.027970463614087712
C19orf44,0.06087983216711743
CHERP,0.009431189518931443
SLC35E1,-0.049883600630344804
SMIM7,-0.0025610191469820657
TMEM38A,0.1754390177647866
NWD1,-0.03366423968124896
SIN3B,0.0233168403082196
F2RL3,0.0946873782241578
CPAMD8,0.1463916447335449
HAUS8,0.23123337610887146
MYO9B,-0.11953871020792518
USE1,0.12621997864507864
OCEL1,0.020472568219809514
NR2F6,0.07644286235374466
USHBP1,0.22115255983191504
BABAM1,
ABHD8,0.0598494861369234
MRPL34,-0.033924632625610955
DDA1,0.012060921216722045
ANO8,-0.2111390652769066
GTPBP3,0.32025322424779423
PLVAP,-0.07286714733697572
BST2,0.1319691635487134
BISPR,0.019244442872083305
MVB12A,-0.14228270498806356
SLC27A1,-0.13620466651569527
PGLS,0.037210791784442795
COLGALT1,0.008055174699692408
MAP1S,0.07165969528598527
FCHO1,0.07364398861382263
JAK3,-0.09838472817028744
RPL18A,-0.04384444146903688
CCDC124,-0.2816866628677196
ARRDC2,0.08255687967945843
MAST3,-0.0750177465214138
IFI30,-0.03208250858204107
MPV17L2,0.146449808092627
JUND,-0.007789723942043993
LSM4,-0.019090986209827767
PGPEP1,-0.2026194436772117
GDF15,0.07915901931201398
LRRC25,-0.025099437890416097
SSBP4,-0.09070025126580995
ISYNA1,-0.13221968783614796
ELL,0.029218662169575776
FKBP8,0.22120800962966283
KXD1,0.06975125590583833
UBA52,0.03965003840999933
CRLF1,0.20466571262286806
KLHL26,-0.10461560465484657
CRTC1,0.07680201420805964
COMP,0.10941724802684133
UPF1,0.23323421212454695
COPE,0.01884965635926886
DDX49,0.09659334284634542
HOMER3,-0.08304282990674443
SUGP2,0.06497293271332703
ARMC6,-0.022284447729102555
SLC25A42,0.07798214561894924
TMEM161A,0.09577433060696716
RFXANK,0.01765821753539372
NR2C2AP,0.15960682408841342
SUGP1,-0.05640300010131638
MAU2,0.05439599928593154
GATAD2A,-0.018308202011925238
NDUFA13,-0.009130686734494102
PBX4,-0.10155778035543131
LPAR2,0.035352900757422576
GMIP,-0.06864117756394979
ATP13A1,-0.01996020009095424
ZNF101,-0.002357101110236499
ZNF506,-0.08183659587751811
ZNF253,0.10959507506843136
ZNF682,0.08718297559436786
ZNF486,0.1434927270223929
ZNF626,-0.11741878233407771
ZNF430,0.18480528364970256
ZNF714,0.16668298508462734
ZNF431,0.06669389743721982
ZNF708,-0.054200556750810064
ZNF738,0.005343706043659345
ZNF493,-0.24975948172470946
ZNF100,0.08921997237660399
ZNF43,0.3097409147738327
ZNF91,0.10187460011562252
ZNF675,-0.10309812731840852
ZNF254,0.2216697375431945
LINC00662,0.0023814886477146373
UQCRFS1,-0.03379460454750975
POP4,-0.0026258402370518364
PLEKHF1,-0.12317611381254076
C19orf12,0.06649085577987371
CCNE1,-0.06137447385627059
URI1,-0.11788049696160599
TSHZ3,0.09499963909981197
ZNF507,-0.05975650307151779
DPY19L3,0.1045994307385193
PDCD5,-0.12815621562741364
ANKRD27,-0.18738946919850918
NUDT19,-0.15397910662548125
CEP89,0.19078741461985207
RHPN2,0.03806711428974821
GPATCH1,0.08663680597118162
CEBPA,0.16041089516566137
CEBPG,0.16755061506559663
PEPD,0.016666816963788862
KCTD15,0.07235960421309195
LSM14A,0.14928394655351698
GPI,-0.12027116318389183
PDCD2L,0.24431723917239864
UBA2,0.09206100252217492
WTIP,-0.09024122298734562
ZNF302,-0.15981031486119215
ZNF181,0.10196722629519589
ZNF599,-0.0822772033825693
ZNF792,-0.12354332932135954
GRAMD1A,-0.10974150737629862
SCN1B,0.075796644244801
HPN,-0.06699507224617382
FXYD3,0.11996478912685697
LGI4,-0.06808505235137781
FXYD5,0.01725666534527843
LSR,-0.011159422373165667
USF2,-0.2146065768147144
HAMP,
CD22,-0.042288537877589245
FFAR2,-0.10546928128969955
DMKN,0.09354541095447003
TMEM147-AS1,0.07258128963754454
TMEM147,-0.10023304916202386
HAUS5,-0.03903168075410051
RBM42,-0.2535925179347884
COX6B1,0.052705258665080294
KMT2B,-0.00045192615433097254
IGFLR1,-0.05900656430461962
PSENEN,-0.07135839365650418
HSPB6,0.0686444109358457
PROSER3,0.06390087506887596
ARHGAP33,0.09217368771970469
NFKBID,0.03016038649272363
HCST,-0.035611073263192426
TYROBP,0.14513121186160202
SDHAF1,-0.06447663957294975
SYNE4,0.08363108136513987
ALKBH6,-0.23595776310629946
CLIP3,0.11714351049183619
THAP8,0.124207559776124
POLR2I,0.0205265820181871
TBCB,-0.10077749389459174
CAPNS1,-0.03916832637321567
COX7A1,-0.004165046863743253
ZNF146,-0.03922386172944245
LINC00665,-0.032427478292821686
ZFP14,-0.13115140520795912
ZFP82,-0.008010730810437036
ZNF566,-0.016782690397777168
ZNF260,-0.08671387969945468
ZNF529,0.02529472786994843
ZNF567,-0.02239355864329301
ZNF790,0.18437506490881866
ZNF345,0.09331229463863712
ZNF829,-0.13490379077731454
ZNF568,-0.18196192336304795
ZNF420,-0.034599216095053655
ZNF585A,-0.03162388964639974
ZNF585B,-0.0868596596835642
ZNF383,0.1304818465713945
ZNF527,0.028190482562131032
ZNF569,-0.23717873111922097
ZNF570,-0.022931158251520995
ZNF793,0.09911071671255645
ZFP30,-0.20736159788739644
ZNF573,0.07633769861943006
SIPA1L3,0.008441662067978842
SPINT2,0.13830240866491642
PPP1R14A,-0.20505158533454745
C19orf33,0.14780841538132672
YIF1B,0.07848648856840404
KCNK6,-0.025629484129614702
PSMD8,0.009385603000155004
FAM98C,-0.004599170444776285
RASGRP4,0.04606339390882314
MAP4K1,0.020521327013846825
EIF3K,0.054721703486164834
ACTN4,-0.07995269218759932
CAPN12,-0.06206652769388427
ECH1,0.005944806827527396
HNRNPL,0.07097412492235905
RINL,0.04242874236857269
SIRT2,0.01999895139462371
NFKBIB,-0.13730257049725325
SARS2,-0.16545099590557302
MRPS12,0.014121750599079183
FBXO17,0.15825153621928476
PAK4,0.14853751920345265
GMFG,0.001907944408132859
SAMD4B,0.10447071727002086
PAF1,0.05707932433756311
MED29,0.16709674704575753
ZFP36,0.06658766641071157
PLEKHG2,0.1265172741817843
RPS16,0.07901241883466202
SUPT5H,0.008326105755827838
TIMM50,-0.14766657633110022
EID2B,-0.016856578901861242
EID2,-0.1731781722133564
DYRK1B,-0.09348065733280407
FBL,-0.08990837851281559
FCGBP,0.22065161969294375
PSMC4,-0.002068376427124471
ZNF546,0.02509025252039957
ZNF780B,-0.05944338266204515
ZNF780A,0.10204744628318334
MAP3K10,-0.15984757492267804
AKT2,-0.18769839013600878
C19orf47,0.02016868286401323
PLD3,-0.12642995605148538
PRX,0.06725040622320315
SERTAD1,0.08052113261102789
SERTAD3,0.00520642147782732
BLVRB,-0.10526994613526688
SHKBP1,0.10888248352135708
LTBP4,-0.08444227826691814
NUMBL,0.026769331213957286
ITPKC,0.06996032225350723
SNRPA,-0.027203973063603462
CYP2F1,0.015508809101213147
CYP2S1,0.0734764973528718
AXL,0.004256354971546765
HNRNPUL1,0.07025745164342743
TGFB1,-0.10420090025846744
CCDC97,0.06639253793127307
TMEM91,0.06655300605519973
B9D2,-0.076231620369995
EXOSC5,0.06700415928677407
B3GNT8,-0.058613761498765966
PCAT19,0.07546705929992947
CEACAM6,0.08465815386087422
RPS19,0.14496606574548745
CD79A,
ARHGEF1,-0.02006535649784655
RABAC1,-0.051387998528683684
ZNF574,0.10929743964329185
POU2F2,0.009776408427993127
DEDD2,-0.06800520015583345
ZNF526,0.049309769631112596
GSK3A,0.08695199211651074
ERF,0.049901154492690114
CIC,0.14547990345626116
PAFAH1B3,0.3744044938008662
MEGF8,0.012877892190215484
CXCL17,0.14400513184904304
CEACAM1,0.15502045494376698
CEACAM8,0.4317009122449651
CD177,-0.053734642344816695
PHLDB3,0.27855235110234733
ETHE1,0.01707656734797392
ZNF575,0.12874211115629666
XRCC1,-0.08270093221458817
PINLYP,-0.0022052651674698033
IRGQ,-0.05110914752674182
ZNF428,0.025419072229196708
CADM4,0.16893255896219264
PLAUR,-0.08472577341218053
SMG9,-0.29670339110353583
KCNN4,0.11168745074845268
LYPD5,-0.03754341890830207
ZNF283,-0.03793661816492239
ZNF155,-0.02371462722609011
ZNF224,-0.09687972179839774
ZNF225,-0.03192881473177017
ZNF234,0.05086469151724149
ZNF226,-0.17612145621344089
ZNF227,0.09127533571520904
ZNF180,0.1771567824366508
PVR,-0.0019701972572979884
BCL3,0.13340589441405687
BCAM,-0.04258735372837309
TOMM40,0.055103211042815514
APOE,-0.07918598848609146
APOC1,0.11874744243400695
CLPTM1,0.2033315714640452
RELB,0.12137837852247964
CLASRP,-0.08728323719467228
ZNF296,-0.027686160544283984
MARK4,0.17514417109024302
PPP1R37,0.09354337824633138
TRAPPC6A,-0.10326276866387056
PPP1R13L,0.17219485091921116
ERCC1,0.015683168288701758
FOSB,-0.12360090809314525
RTN2,-0.19561840078889264
PPM1N,-0.07918705117343583
VASP,0.040509649182443264
OPA3,-0.04034503735516026
EML2,0.0734890302900583
GIPR,-0.13770130004146922
SNRPD2,-0.0029195868803471373
FBXO46,0.014280304350747088
SIX5,-0.17972963116254936
DMPK,-0.03220585158961686
DMWD,0.06505320564469202
SYMPK,0.07274841479452276
MYPOP,0.10180708891527612
NOVA2,0.11367537239122147
CCDC61,-0.047084763013316384
PGLYRP1,0.14049523432170133
HIF3A,0.1339364911351831
PPP5C,-0.06738650316815058
CCDC8,-0.0971342322416174
CALM3,-0.12117149192032403
PTGIR,0.07972237716048092
DACT3,-0.11661478377958018
PRKD2,0.08100285059440748
STRN4,0.12310669386254157
FKRP,0.12755452606764411
SLC1A5,0.07718368095273477
AP2S1,0.1316481143253236
ARHGAP35,-0.09098574656136149
TMEM160,0.14626312567433863
ZC3H4,0.0006175419696859471
SAE1,0.22750603773915523
BBC3,-0.001726650888607878
CCDC9,0.30942408929786974
INAFM1,0.054888120606454954
C5AR1,-0.07162469214431033
C5AR2,0.057771319560735036
DHX34,-0.11775861917156268
MEIS3,-0.1843989969547215
KPTN,-0.05484943534880741
EHD2,0.13840512914338104
PLA2G4C,0.06189594865870586
LIG1,-0.09270870671168839
CARD8,0.12238403612991897
CARD8-AS1,0.126161034627663
EMP3,0.00015570139905049865
TMEM143,0.14053532412363193
KDELR1,0.10216343847409043
GRWD1,0.1280685942060947
KCNJ14,0.0031259695044433336
CYTH2,0.1312691880372184
LMTK3,0.1105337639096098
SULT2B1,0.06927350112646874
RPL18,-0.060843672348671975
SPHK2,0.12382189013540414
DBP,-0.06102725056831378
CA11,-0.25450844182582194
RASIP1,0.14730362523035723
FUT1,0.09584229536468408
BCAT2,0.0583821545107664
HSD17B14,-0.041866677092026364
PLEKHA4,0.12485758991557948
PPP1R15A,-0.06073451346189723
NUCB1,0.1397061422673404
DHDH,-0.029152605558897683
BAX,0.10179030825281114
FTL,0.04904100383493734
GYS1,-0.057238030835972994
RUVBL2,0.02842356078851168
SNRNP70,-0.1346634630510145
LIN7B,0.03931033889604131
PPFIA3,0.11297823353941676
TRPM4,0.2178426417824239
CD37,-0.08684924187302161
TEAD2,-0.04133949850945523
PIH1D1,0.005289089163342387
ALDH16A1,0.14750075308683638
RPL13A,-0.16778219365408006
RPS11,0.08372938105489917
FCGRT,-0.01589970497626688
RCN3,-0.05977584146763491
NOSIP,0.05637243825665909
PRRG2,-0.030807759097687647
PRR12,-0.3332626324635465
RRAS,-0.0916013127921277
SCAF1,-0.09014515365691395
IRF3,-0.20758968283593046
BCL2L12,0.6033003189532528
PRMT1,-0.004319324278940325
AP2A1,-0.03551794813523798
FUZ,0.1728634881481809
MED25,-0.1990063206826358
PTOV1,0.030584093690234414
PNKP,0.034243441939468745
TBC1D17,-0.10480759148856061
IL4I1,0.09331841537927796
ATF5,-0.02397871998531005
VRK3,0.13348285855095532
ZNF473,0.07351904458221596
MYH14,0.07112570376064789
NR1H2,0.11343157358261992
NAPSA,-0.15735207793027092
POLD1,-0.11365338172341828
EMC10,0.06175048960335706
JOSD2,-0.1120670319805083
LRRC4B,-0.09210545207455681
CLEC11A,-0.04218687182238072
KLK10,-0.025454376895547092
KLK11,0.0661972933920647
CTU1,0.10191600411916382
SIGLEC9,0.14622566989825844
SIGLEC7,-0.021062751272477576
CD33,0.10597139248282142
ETFB,-0.1544540570926983
NKG7,-0.11497852823262575
SIGLEC10,0.23748405520819196
SIGLEC8,-0.07707258290343845
SIGLEC12,0.05180700862449987
ZNF175,-0.04257307046858155
FPR1,0.02946755542258379
FPR2,-0.09919995726731293
FPR3,-0.031265826049354316
ZNF577,0.09529161311761122
ZNF649,-0.12030142221900618
ZNF350,0.3140351868607728
ZNF615,-0.1689010630642261
ZNF614,-0.1329172223217266
ZNF432,-0.02503905198608861
ZNF841,-0.040937228699848005
ZNF616,0.14823609138647992
ZNF836,0.02619067893438198
PPP2R1A,-0.0850997898728784
ZNF766,0.01646518327502525
ZNF480,-0.04668829696451844
ZNF880,0.04593703482182963
ZNF528,-0.2816371871344819
ZNF808,-0.035185560941704254
ZNF701,0.0034655403337581067
ZNF83,-0.08923657459347552
ZNF611,-0.0014356406147193104
ZNF600,-0.12597128440839306
ZNF28,-0.03630069138669786
ZNF320,-0.03718662093230779
ZNF160,-0.007321432997720541
ZNF415,-0.05074827475919156
ZNF347,0.031120419351062245
ZNF677,-0.022063870978748075
ZNF845,-0.02579662902132174
ZNF525,0.00967166321869267
ZNF765,0.09628184767735715
ZNF761,0.17881009356630856
ZNF813,0.029638709874845792
ZNF331,0.09958106504604028
MYADM,-0.26116510015828653
OSCAR,0.054655055860832635
NDUFA3,-0.10646462169638347
TFPT,-0.16323291668091366
PRPF31,0.004608882694699965
CNOT3,-0.24017377983368862
LENG1,0.1915666369398901
TMC4,-0.1508798950997758
MBOAT7,0.13142904403755365
TSEN34,0.08422857952567148
RPS9,0.11111657611170374
LILRB3,0.09975267087987685
LILRA6,0.07236874734243791
LILRB5,-0.09574142650980161
LILRB2,0.005467583028324281
LILRA5,-0.016090955061438747
LAIR1,-0.11461587676545677
LENG8,-0.14173677667708443
CDC42EP5,0.03058677072880126
LILRA2,0.0364607628112944
LILRA1,0.07434598566490366
LILRB1,-0.02973041379833434
LILRB4,-0.00269118574442561
FCAR,0.012843555513474648
NCR1,0.028698087123210956
NLRP2,-0.08929676884989779
GP6,-0.02657227271514249
RDH13,-0.20108576513363707
EPS8L1,-0.07126829552993054
PPP1R12C,0.14364703857751396
TNNT1,-0.02339329963971714
PPP6R1,-0.04035696187494506
HSPBP1,-0.026606878743668665
BRSK1,-0.2465744253107344
TMEM150B,-0.14766071829710878
IL11,-0.011371324271793132
TMEM190,0.14028927673596525
TMEM238,-0.08208940163709745
RPL28,0.029358982046184444
ISOC2,0.052739653973523225
NAT14,-0.016336047091178602
SSC5D,-0.036438116173472354
ZNF579,-0.046575830592621
FIZ1,0.23119803901166164
ZNF524,0.030817666071604265
ZNF865,-0.19673878217161192
ZNF784,0.12001820325182755
ZNF580,0.004169980757599336
CCDC106,0.2628667758871975
U2AF2,0.18027962718462032
EPN1,0.09048090854695397
ZNF787,0.28468913634853454
ZNF444,0.24275204576001433
ZSCAN5A,0.11812544226240555
ZNF583,0.09459208617803552
ZNF667,-0.09420671731674522
ZNF667-AS1,0.015709087981880535
ZNF471,0.09893868053250246
ZFP28,0.2043058651988789
ZNF470,-0.04441541843170562
ZNF71,-0.07752132592033584
ZNF264,0.24199188998365562
ZNF543,-0.014510288206512212
ZNF304,-0.013402285662246062
ZNF773,0.14545607152118536
ZNF549,0.0055214959180554714
ZNF550,0.009925943136366671
ZNF134,0.1909204335951993
ZNF211,0.2775611220968676
ZNF154,-0.055177697782938656
ZNF671,-0.16464242638345783
ZNF776,-0.09479711264421768
ZNF586,0.16123520069444966
ZNF552,-0.0012977830821913634
ZNF587B,-0.025035006983953584
ZNF814,-0.15827500629703453
ZNF587,0.260667105585717
ZNF417,0.053823790985249066
ZNF606,0.30290520893277717
ZNF135,0.22244083863513955
ZSCAN18,0.248010526057103
ZNF329,0.07221419612553473
ZNF274,0.10589105045854033
ZNF544,0.10546546747115357
ERVK3-1,-0.12369425908505646
ZSCAN22,0.17970069348398118
A1BG-AS1,0.04704177219467212
RPS5,-0.07154888710986225
ZNF584,0.03483839336354604
ZNF324B,0.04882173251922507
ZNF324,-0.022804915333289332
ZNF446,-0.20594086098568298
SLC27A5,0.05753475340150402
ZBTB45,0.13494950221628765
TRIM28,-0.33430512642806626
CHMP2A,0.045950291091889243
UBE2M,0.08977419021141145
MZF1,0.05693976295161623
RPS4Y1,-0.11224160642513484
ZFY,0.06437987643444237
USP9Y,-0.0056647660486625635
DDX3Y,0.015388110902511484
UTY,0.028460510054249637
TTTY14,0.1711595860915291
KDM5D,-0.0559943396970724
EIF1AY,0.12818609562535635
IL17RA,-0.0049026357003003704
CECR2,0.13803292256965066
ATP6V1E1,0.17403045099646314
BCL2L13,0.19256198255180804
BID,0.05361272288569905
MICAL3,-0.007521243990095443
PEX26,0.02649338640056723
USP18,0.11918762855667003
DGCR2,-0.12542096678694686
SLC25A1,-0.03612674475583145
HIRA,-0.03608847547071633
C22orf39,-0.033163784523278506
MRPL40,0.0004715322269894986
CLDN5,0.19938984213570943
TBX1,-0.035227964493517
TXNRD2,-0.0008583631987843059
COMT,0.14731451314852645
ARVCF,-0.14017543910056
TANGO2,-0.21680156808919807
DGCR8,-0.13034769226839954
TRMT2A,0.03208268183497033
RANBP1,-0.052087017908323686
ZDHHC8,0.057085193261894096
RTN4R,-0.0533107587133368
DGCR6L,-0.22115890447982164
ZNF74,-0.15386654191067675
SCARF2,-0.09750945683667288
KLHL22,-0.023291044414526327
MED15,0.13962263853922685
PI4KA,-0.11004720087625952
SERPIND1,-0.014749211869540164
SNAP29,0.08646222758899215
CRKL,0.05398472710322276
LZTR1,-0.298740761710189
THAP7,-0.19233476475573824
HIC2,-0.21965703210147486
UBE2L3,0.06033607685582649
YDJC,0.04788547290641652
SDF2L1,-0.11283455101106599
PPIL2,-0.018416810057279527
YPEL1,-0.02395552469334486
MAPK1,-0.0025307139561838135
PPM1F,0.22251140416350623
IGLL5,
IGLC2,-0.16642138328513775
IGLC3,-0.16729408658883715
IGLC7,
RSPH14,0.1376268964278634
GNAZ,-0.0031682269271378505
RAB36,-0.021354394036401884
BCR,0.14597708444569416
RGL4,-0.16976576764666734
ZNF70,0.074270346647102
C22orf15,
CHCHD10,0.04936505625946053
SMARCB1,-0.02731058108949527
DERL3,-0.06422837349103457
SLC2A11,-0.06247081703122802
DDT,-0.1829168637815732
CABIN1,-0.1664937233855084
SUSD2,-0.07292198940005329
GGT5,0.1496918588263063
SPECC1L,-0.19577976896957108
GUCD1,-0.21570666594213628
SNRPD3,-0.10601268223242911
GGT1,-0.19504756683684923
SGSM1,-0.08211028399791853
KIAA1671,0.1538681444168463
ASPHD2,0.15587127196303416
HPS4,0.03216171270449809
SRRD,-0.08290207989467119
TFIP11,0.0849002421758459
TPST2,0.041480947199095036
MIAT,-0.024922967327331336
MIATNB,0.014705659275039426
MN1,-0.024407018468422775
PITPNB,0.22004396887339275
TTC28,0.13580008614598643
HSCB,-0.01572278830757321
CCDC117,-0.2204616351687157
XBP1,-0.0557701379344114
ZNRF3,-0.03336260830178987
KREMEN1,-0.03747781963019183
EMID1,-0.05943354321384768
RHBDD3,-0.060358826581051024
EWSR1,0.05446999291827938
GAS2L1,0.09121704711716931
AP1B1,0.1176138009183328
THOC5,-0.04423444304767234
NIPSNAP1,0.19170452148934608
NF2,-0.02718210882239014
ZMAT5,-0.15078129936902795
UQCR10,0.03295441210009208
ASCC2,-0.11516897381914236
MTMR3,-0.037758504782136104
LIF,-0.12547331579536078
OSM,-0.05500204981494859
TBC1D10A,0.0339651477963271
SF3A1,-0.04553770071709899
SEC14L2,0.24712199051861636
SEC14L4,-0.0093056421078241
SEC14L6,-0.044831377598032386
PES1,-0.10520273647517278
TCN2,0.09423780559285891
SLC35E4,0.11449697791209869
DUSP18,-0.040975314667575514
OSBP2,0.10058830031641249
MORC2,-0.08223074330235028
SMTN,-0.11958586921053455
RNF185,-0.08141712247858653
LIMK2,0.12937684200669544
PIK3IP1,-0.09933616650652373
PATZ1,0.1274665500309639
DRG1,-0.12946105612616915
EIF4ENIF1,0.40357253591559905
SFI1,-0.016268596257866547
PISD,0.16930751994571103
PRR14L,-0.10709342880068093
DEPDC5,-0.07337435752816772
YWHAH,-0.11986884450367787
SLC5A1,-0.025301346399033222
RTCB,-0.20604470244749912
FBXO7,-0.0794276753263739
TIMP3,0.08604956193500536
HMGXB4,-0.045375957791634114
TOM1,0.019049632765782382
HMOX1,0.05982496340147931
MCM5,0.06758787694490526
RASD2,-0.07771520661975911
APOL6,-0.005299556832256366
RBFOX2,0.115792601303398
APOL3,0.09426188620744638
APOL4,0.199226561818257
APOL2,0.03906113439840512
APOL1,-0.05861626503652812
MYH9,-0.01630851836563109
TXN2,-0.006559629283447565
FOXRED2,-0.10406053118447502
EIF3D,0.044161886235842704
IFT27,-0.009111653248995856
NCF4,-0.009116860446291545
CSF2RB,0.07411315651509573
TST,-0.01899024646464106
MPST,-0.10505079386234843
KCTD17,-0.040890745593064035
IL2RB,-0.08560928746870872
C1QTNF6,0.2076920025651918
RAC2,-0.11581345210944348
CYTH4,-0.05064641645820976
MFNG,-0.0209501527101624
CARD10,0.12499615490385446
CDC42EP1,0.026839514521229693
LGALS2,0.1679560657413086
GGA1,0.11503028946295099
SH3BP1,0.0034792859948959997
LGALS1,0.08235604029087876
NOL12,-0.10910268409741569
TRIOBP,0.16247271251842374
GCAT,-0.07144160657127795
ANKRD54,-0.06432613675759498
MICALL1,-0.011208472473770539
PICK1,0.0931367926422657
MAFF,0.09743026187674095
TMEM184B,-0.031033917663659902
CSNK1E,-0.10207688367104159
KDELR3,-0.001418891709795327
DDX17,-0.09339407492743619
FAM227A,0.06510858442713638
CBY1,0.07798537897897664
TOMM22,-0.12599767303324136
JOSD1,0.04431343398309236
GTPBP1,-0.09413917705654762
SUN2,-0.0864621650686189
NPTXR,0.14130630857760812
CBX6,0.18462516808473173
APOBEC3A,-0.05404871105245851
APOBEC3F,-0.044672667035388566
APOBEC3G,-0.010567023198399068
CBX7,0.013724402182116657
PDGFB,0.008140622518430448
RPL3,0.11330097960631447
SYNGR1,0.1366507686410338
TAB1,-0.17427158183356198
MGAT3,-0.0743257107743091
MIEF1,-0.01520588717153483
ATF4,-0.014141445163799568
RPS19BP1,0.2110961105788227
GRAP2,-0.1507877453249587
TNRC6B,-0.007606458585026791
ADSL,-0.07061099169764364
SGSM3,-0.07590431510876768
SLC25A17,-0.05695278531388914
ST13,-0.08112249932898102
XPNPEP3,0.19524266312453395
RBX1,-0.07734246577425587
EP300,0.0025180134997095753
L3MBTL2,0.16103865686372418
RANGAP1,0.1639917658082782
ZC3H7B,-0.14043547118192065
TEF,-0.038572908257458946
TOB2,0.06954425709835499
PHF5A,-0.062340861119125436
ACO2,0.13312610616229079
POLR3H,0.04119658952416812
CSDC2,-0.1774853854275641
PMM1,0.08832688848828682
DESI1,-0.13177582779553187
XRCC6,-0.1262296040941311
SNU13,-0.01617512897869216
MEI1,-0.173183384290139
SREBF2,-0.14837275038479716
CENPM,-0.06265794810155874
NAGA,-0.12223840338233842
SMDT1,-0.07916402931078062
NDUFA6,-0.0301972570167863
TCF20,0.001969833142490736
NFAM1,-0.03581311832673609
RRP7A,-0.10191216857685229
POLDIP3,0.16673008669262218
CYB5R3,-0.048704920204463396
A4GALT,-0.04613306382951172
ARFGAP3,-0.27762858680953445
PACSIN2,0.02762989212918903
TTLL1,-0.08104939014129756
MCAT,-0.1868420274003197
TSPO,0.0045382591197226495
TTLL12,0.14653992189011047
SCUBE1,-0.13241899571537724
EFCAB6,0.04070019228653394
PNPLA3,-0.15280963543326048
SAMM50,0.18892751152649673
PARVB,-0.011855434762081313
PARVG,0.049026506697253905
PRR5,-0.07148018575516371
ARHGAP8,-0.08682083772768291
NUP50,0.05272053992921646
KIAA0930,0.09059847392862072
FAM118A,0.05370863523795619
FBLN1,0.11713846769569297
ATXN10,0.09498428010073469
WNT7B,0.18795392757863089
MIRLET7BHG,-0.007647625244914724
PPARA,-0.056950653333500134
CDPF1,0.3568662128333444
TTC38,0.03665064742701179
GTSE1,-0.014881954379671712
TRMU,-0.1940163079997399
CELSR1,0.1003637582046322
GRAMD4,-0.01102518850766243
CERK,0.11514957929678712
TBC1D22A,0.024624269545823644
BRD1,-0.01772839626998069
ZBED4,-0.00629418047732621
ALG12,0.024588130997388123
CRELD2,0.01043150573938602
PIM3,-0.02305164950928885
PANX2,-0.12480596807570576
TRABD,-0.07326473100001116
TUBGCP6,0.21428700502988682
HDAC10,-0.018251547784330253
MAPK12,0.19809184977156707
MAPK11,0.17138325978129537
PLXNB2,0.01683351733313236
DENND6B,0.08934545858656104
PPP6R2,-0.1582918072469435
SBF1,0.0023236541630926155
LMF2,-0.09440754662743309
NCAPH2,0.032645331015467856
TYMP,0.03156515711516624
KLHDC7B,0.05806480624280883
CHKB,-0.14961756349856153
ARSA,-0.15011996189252486
SHANK3,0.15130701783717218
RABL2B,0.12898426407090213
HSPA13,-0.13337440896354325
SAMSN1,-0.21627765463278947
NRIP1,-0.08789943491883337
USP25,-0.0474856870091906
MIR99AHG,0.12881357791672415
CXADR,-0.02482119200161615
BTG3,0.07445464886472017
C21orf91,0.330121114088798
NCAM2,0.05878281295003656
MRPL39,0.09175140014131966
JAM2,0.09536226356203228
GABPA,0.028215438378717636
APP,0.29004159604818575
CYYR1,0.17887818288353097
ADAMTS1,-0.06848316306118328
ADAMTS5,-0.15037993475051506
N6AMT1,-0.042919632863094276
LTN1,0.0627209164666442
RWDD2B,0.0447222073952643
USP16,-0.1754156913420331
CCT8,-0.04620568921141761
MAP3K7CL,-0.17021316402452635
BACH1,-0.04331445843487061
TIAM1,-0.07284221577705498
SOD1,0.032256320634711996
SCAF4,0.15893175967964976
HUNK,-0.00449335033246575
MIS18A,0.11585992752692745
URB1,-0.08077878093903802
URB1-AS1,0.044162406012803086
EVA1C,0.03488551354084995
SYNJ1,-0.08291903719869154
PAXBP1,-0.28819178272480145
IFNAR2,
IL10RB,-0.033188603711739574
IFNAR1,0.31785311715239023
IFNGR2,0.11796082512903157
TMEM50B,-0.05484650724294933
GART,-0.17302882046387083
SON,-0.15465603535157607
DONSON,-0.1764501874734761
CRYZL1,-0.06649778500867347
ITSN1,0.11579540500086566
LINC00649,-0.15656144673561442
MRPS6,-0.11740843684968427
SLC5A3,0.042195531081554535
KCNE1,-0.0586954383531607
RCAN1,0.17923953136172793
CLIC6,0.14819172690962137
RUNX1,-0.08963113937130787
SETD4,0.12847620332561868
CBR1,0.03779347839341435
CBR3,0.22906057292360685
MORC3,0.031162076182634876
HLCS,-0.03179660161481963
PIGP,0.25025882901397933
TTC3,-0.012779233001140838
DYRK1A,0.0875449922031325
KCNJ15,0.026919235630431894
ERG,0.1389858999477091
ETS2,0.06242416664785184
PSMG1,0.2642779803204781
BRWD1,0.15357957791566845
HMGN1,-0.303021942160432
SH3BGR,0.1655222047832212
BACE2,-0.0150640394859574
FAM3B,-0.07910136968352446
MX2,0.024729299242342302
MX1,0.10854982376468654
TMPRSS2,-0.03831979275066978
RIPK4,0.13104620769965775
PRDM15,-0.046887245822372185
C2CD2,0.1738212696827976
ZBTB21,0.10941350951620464
ABCG1,-0.02289480780858675
TFF3,0.09306158420824356
TMPRSS3,-0.1460660863873671
RSPH1,0.09128449367888399
SLC37A1,0.19425398593008417
PDE9A,0.14120523748471248
WDR4,0.045146527170658424
NDUFV3,-0.04476119454607756
PKNOX1,-0.1636652008185621
U2AF1,0.13479050513721744
RRP1B,-0.06411068189541515
PDXK,-0.26779439395351917
CSTB,0.06338749176512976
RRP1,-0.11588760846426857
AATBC,0.10166821967885002
AGPAT3,0.025229354602669302
TRAPPC10,0.05136618601050335
PWP2,
PFKL,0.1265822830212273
TRPM2,-0.058574271445020365
LRRC3,-0.08826710245010613
UBE2G2,0.1367805951419096
SUMO3,-0.19331525974485822
PTTG1IP,-0.049408248561348594
ITGB2,-0.047465008076222996
ITGB2-AS1,0.1678056615504243
ADARB1,-0.15382979938181468
POFUT2,-0.0030572660789374715
COL18A1,-0.12620263241624594
SLC19A1,-0.2003130029957675
PCBP3,-0.08752908217100307
COL6A1,-0.11585891302812401
COL6A2,-0.14739903428008222
SPATC1L,-0.07215428895117527
LSS,-0.009081510118094317
MCM3AP,0.15645501431150474
C21orf58,-0.02694824440612255
PCNT,-0.15182109377658415
DIP2A,0.06260627327350957
S100B,-0.0031496334275974962
PRMT2,0.031778378473211605
MT-ND1,0.376208366171685
MT-ND2,0.36654711109664
MT-CO1,0.14962781037044134
MT-CO2,0.2095005227925672
MT-ATP8,0.027501718996644157
MT-ATP6,0.2534966979087628
MT-CO3,0.22276868509372064
MT-ND3,0.30332765505268794
MT-ND4L,0.2415432294068494
MT-ND4,0.29875128525971134
MT-ND5,0.2522928518340589
MT-ND6,0.1808732256723815
MT-CYB,0.2576052432045732
C1orf50,-0.024321573455746228
MOB3C,0.09934468599519401
LRRC8C,
S100A12,
PMF1,0.11547819476215108
ITLN2,-0.07435088649584737
PYCR2,-0.04196940406012431
SLC35F6,
BBS5,
CAMP,
CYB561D2,
ZBED2,-0.07398909699023765
GP9,-0.09177954042069095
FGFBP2,-0.014204198245654087
SEPSECS-AS1,-0.010696493473421602
SHISA3,-0.05772388161964452
PF4,-0.1750478155875243
PPBP,-0.08087455818580883
CXCL11,-0.06763214197577312
ESM1,-0.02674945118724318
TMED7,0.010880735504987554
PSMB8-AS1,-0.06612305346422716
RBAK,-0.0694407271269274
CHN2,
MRPS17,
KCTD7,
GIMAP1,-0.022159727476151882
IL2RG,
TSIX,
XIST,-0.04174620304259069
TMSB15A,-0.0585194803821386
AGTR2,-0.08931656288743026
SOWAHD,0.3415693355185087
SH2D1A,0.05806316948093017
APLN,-0.04595823803633353
SLITRK2,-0.07177736590884697
DEFA3,
C8orf44,-0.03323203784892341
LINC01506,0.37488723573713917
TLR4,
TMEM141,-0.04813333335291264
TIMM10B,-0.007870594822121083
ZFP91,0.10214885863633001
TUT1,-0.03814408877517218
RBM14,
ZNF503,0.01552783804133252
ARHGAP19,0.2839500121861905
RHNO1,-0.04449613811283953
PLA2G1B,-0.13182186970166657
OLFM4,0.9848573727074631
TM9SF1,
CHAC1,-0.0634859302325381
EPB42,-0.0012386328330383797
LINC00921,-0.06439187129400477
SPN,0.26429417883756107
VKORC1,
TMEM170A,-0.05071808830780512
SHPK,-0.06787554722588203
TNFSF12,-0.029558798931369794
LYRM9,
RAD51D,-0.05376306799283341
GOSR2,-0.07040362998830477
HOXB4,
IER3IP1,0.4774817440342636
ELAC1,-0.04317207493479628
SIRPB1,
COMMD7,-0.05983067625692952
VMAC,-0.007457121717190779
S1PR2,
BORCS8,-0.03542191935908719
CEACAM5,
GEMIN7,0.11758437295715418
SIGLEC5,
ZNF468,
ZNF551,
APOBEC3D,-0.09525140526685227
PELO,
DEFA4,
RNASE2,
DIO3,
HBM,
LINC00261,-0.05462492176305366
PRTN3,-0.05649727467051996
CLEC4M,
PPAN,
ZNF548,-0.06905176097974569
ZNF713,
SERPINB3,
BPIFA1,
P2RX5,
BLOC1S5,
LRG1,
DNAL4,
AMT,
MT1H,
SERPINA3,
CHMP1B,
