path	bytes	sha256	h5ad_shape
CITATION.cff	587	62c31d80347893a48ef66dd9e00d0b1e33f004ff53866cdffb09e9ff0e4fbe51	
LICENSE.txt	573	cc329ca036b7dea38e0398be185316c6cf467e40c1d26e7632c77318cd36b2bc	
README.md	17626	a7740fb99143e4ff935ee160e247fafcc3a625cffb4a32927b32cb5401602afa	
VERSION	6	59854984853104df5c353e2f681a15fc7924742f9a2e468c29af248dce45ce03	
benchmark_tables/expression_prediction/03_result_tables/GSE141115/BayesPrism/pearson_gene_all_genes.csv	414548	56170ed679fdb7e44af2f0e435c0f242a8a0eb19d338d687b6fe287621890910	
benchmark_tables/expression_prediction/03_result_tables/GSE141115/BayesPrism/pearson_gene_marker_genes.csv	8733	f3a1486348946dafe73a67a9b70ad52bbdfd88d46c54869f12361818a9132f24	
benchmark_tables/expression_prediction/03_result_tables/GSE141115/BayesPrism/pearson_profile_all_genes.csv	1373	fe8dab5d43dd5421d7ef308012c13bd7d8c6f03a74af66864d920ed5806c55d4	
benchmark_tables/expression_prediction/03_result_tables/GSE141115/BayesPrism/pearson_profile_marker_genes.csv	1360	64a1f0e3cd6cc4063acb4cd5fbcb4a796509cec54ec728a3306e310676b269f3	
benchmark_tables/expression_prediction/03_result_tables/GSE141115/BayesPrism/pearson_pseudobulk_all_genes.csv	402	e3976dda74212fbea0baa19a26a1038489e8d96887821c739043e82eb34fcabd	
benchmark_tables/expression_prediction/03_result_tables/GSE141115/BayesPrism/pearson_pseudobulk_marker_genes.csv	401	a1d51af995a44e79e4db09d89e95e193ee3079463a79544f020dfc130f67b253	
benchmark_tables/expression_prediction/03_result_tables/GSE141115/BayesPrism/pearson_sample_all_genes.csv	83	f5469cedd03ff4bfe4e90d4246c887487c17cf6bc99b445269a58dc9943b1f18	
benchmark_tables/expression_prediction/03_result_tables/GSE141115/BayesPrism/pearson_sample_marker_genes.csv	84	4b4fa88c782567dcb8887e66eed62526391623941caee15ee77dd4f9dbf7b874	
benchmark_tables/expression_prediction/03_result_tables/GSE141115/CIBERSORTx/pearson_gene_all_genes.csv	13632	c33ac132df74f3e016ef5262586c93cf1c7dd0e4c914a6309adb46d7ced78cfa	
benchmark_tables/expression_prediction/03_result_tables/GSE141115/CIBERSORTx/pearson_gene_marker_genes.csv	5280	fae423e4921f69721bd4ca4676e8f3511f131c4cc22a31a4fefb5f2c748ea7ce	
benchmark_tables/expression_prediction/03_result_tables/GSE141115/CIBERSORTx/pearson_profile_all_genes.csv	598	b022421e9cc140678fb4171ee9aa1c750162a05c546fde9277c06997fd60d6d3	
benchmark_tables/expression_prediction/03_result_tables/GSE141115/CIBERSORTx/pearson_profile_marker_genes.csv	606	ff2926fbf92d69c12e5bd14031bf3b8640148159af2c1606c83dcb191ca2820d	
benchmark_tables/expression_prediction/03_result_tables/GSE141115/CIBERSORTx/pearson_pseudobulk_all_genes.csv	186	8c1e6266d55e6304efeafd9da3cee54897331457c097a7d9b9f149c08fd0b4aa	
benchmark_tables/expression_prediction/03_result_tables/GSE141115/CIBERSORTx/pearson_pseudobulk_marker_genes.csv	184	25a5d065e68ffadf8213484696e59097447f988ab18e0189d8d59d7b0e438b8d	
benchmark_tables/expression_prediction/03_result_tables/GSE141115/CIBERSORTx/pearson_sample_all_genes.csv	85	12e61daec4b639bcb51e10e0a1aa4d99b244d25b77cdfc2ba3c379f59b37cf6e	
benchmark_tables/expression_prediction/03_result_tables/GSE141115/CIBERSORTx/pearson_sample_marker_genes.csv	86	3a58b5029891dd63901d2191cb8b6fd74666e1324ba215f4b0d7521d5ad99287	
benchmark_tables/expression_prediction/03_result_tables/GSE141115/DISSECT/pearson_gene_all_genes.csv	370922	1346c17ff8577bbbabf2ed609d4687be7cf8a7830a15a69803b6fb2b871756d7	
benchmark_tables/expression_prediction/03_result_tables/GSE141115/DISSECT/pearson_gene_marker_genes.csv	8718	124a7527fdf12c8862c01ed4d09bfaea00325fe1e878db0346a719d895f1e123	
benchmark_tables/expression_prediction/03_result_tables/GSE141115/DISSECT/pearson_profile_all_genes.csv	1359	43124e59691608f110fe68ee8f4d1b58c94dcbd22a96a81b6ef0c06b69151f6c	
benchmark_tables/expression_prediction/03_result_tables/GSE141115/DISSECT/pearson_profile_marker_genes.csv	1356	2c4866e39299ac4f69c6a3e2a44c072e8c0fa93272fc28542cca88f032d21ebf	
benchmark_tables/expression_prediction/03_result_tables/GSE141115/DISSECT/pearson_pseudobulk_all_genes.csv	398	c439f76e791026dd28f8f81e015a48861673b74fee0405c4db77f3dcd3a6f2d9	
benchmark_tables/expression_prediction/03_result_tables/GSE141115/DISSECT/pearson_pseudobulk_marker_genes.csv	402	26a1de2eb7bd315e22aea5487d2682cf05a868a76bf22c28a790ece0b5dfe4b0	
benchmark_tables/expression_prediction/03_result_tables/GSE141115/DISSECT/pearson_sample_all_genes.csv	84	b644e1a94ae5b46510deb605f6b794732e04bfc1169190d31bad90ff455df6e6	
benchmark_tables/expression_prediction/03_result_tables/GSE141115/DISSECT/pearson_sample_marker_genes.csv	84	4aff11409a33f1b3b260e99f76fb7b19b4b966405416a8b9671907aaf7eaec3a	
benchmark_tables/expression_prediction/03_result_tables/GSE141115/TAPE/pearson_gene_all_genes.csv	409778	6e93b7fec1cdcf37ad74d08c8cb80ab287d9d3093f4030e747794f0fac5df9ad	
benchmark_tables/expression_prediction/03_result_tables/GSE141115/TAPE/pearson_gene_marker_genes.csv	8976	669c5a292a55fb047834275b51d827bf10bb5f6489cd6fd9580fedef6ff24421	
benchmark_tables/expression_prediction/03_result_tables/GSE141115/TAPE/pearson_profile_all_genes.csv	1376	a1b84fb9995ef15ec6c9b66deec92670a3284d21507dc98f551fecf2a5926de6	
benchmark_tables/expression_prediction/03_result_tables/GSE141115/TAPE/pearson_profile_marker_genes.csv	1373	8706235b1a34569faced8c429d2d3033175aeee9c69022c0aa301048e5de6d57	
benchmark_tables/expression_prediction/03_result_tables/GSE141115/TAPE/pearson_pseudobulk_all_genes.csv	410	da75fda9fb72f17e937eb08c3d670eb168da5ea42486a874b5d3b1d8cbf4a40f	
benchmark_tables/expression_prediction/03_result_tables/GSE141115/TAPE/pearson_pseudobulk_marker_genes.csv	406	77ef50a8ec4beba08dec84d10c0d0ae532c95073a8bcff80387df6cbb3bdd139	
benchmark_tables/expression_prediction/03_result_tables/GSE141115/TAPE/pearson_sample_all_genes.csv	84	5898958a223437e7b00d0bde9833b8b1959580c63efae954cfe004055bf59814	
benchmark_tables/expression_prediction/03_result_tables/GSE141115/TAPE/pearson_sample_marker_genes.csv	84	d82daecdef4c73041cfbfa08dbc1253f674e75555ac6cc43f776262befadc3b2	
benchmark_tables/expression_prediction/03_result_tables/GSE141115/cVAE/pearson_gene_all_genes.csv	156860	8366c7ff821da5e1c6f04d7e5e2daa711877200fe3ce8b1fdfdb34b6d41345e4	
benchmark_tables/expression_prediction/03_result_tables/GSE141115/cVAE/pearson_gene_marker_genes.csv	8235	a07ace35344c8405356ab0f42951c296d3f21715adcceb0af54de4839fa0721f	
benchmark_tables/expression_prediction/03_result_tables/GSE141115/cVAE/pearson_profile_all_genes.csv	366	8323ce4642ab233e1060c2970b5732aa2591f4543034f2cf0bdc53fc8dbdd044	
benchmark_tables/expression_prediction/03_result_tables/GSE141115/cVAE/pearson_profile_marker_genes.csv	366	b9502c34bc09fa0b017106c053f3cff9c571544e8a937946b6188b59ba60b4d0	
benchmark_tables/expression_prediction/03_result_tables/GSE141115/cVAE/pearson_pseudobulk_all_genes.csv	371	5a671815218a0a15c3e6d608c9c1b185400df72747d321264b7c99e995fb5a49	
benchmark_tables/expression_prediction/03_result_tables/GSE141115/cVAE/pearson_pseudobulk_marker_genes.csv	370	4432c67fac0f3c9b45c11fc3daf63d34db2caa597a6b14f1c2de9a9f811f5647	
benchmark_tables/expression_prediction/03_result_tables/GSE141115/cVAE/pearson_sample_all_genes.csv	85	81ce1ab30edf8b2d2ee997503ca6052d6026c6ccda48cd51b524d61ce95ddf70	
benchmark_tables/expression_prediction/03_result_tables/GSE141115/cVAE/pearson_sample_marker_genes.csv	84	b97670a277d18e74c952d2d7edaf88f384b140912ab8565e0c8ba45d82a2f1a7	
benchmark_tables/expression_prediction/03_result_tables/GSE141115/cVAE/pearson_sample_profile_all_genes.csv	972	8b41bd81df1a6ffc11b83adde427eed2ce34fb18e1b32d6f34b1a04dbfa62991	
benchmark_tables/expression_prediction/03_result_tables/GSE141115/cVAE/pearson_sample_profile_marker_genes.csv	973	590b4c29b13c18a38e05505b76954c9f6cf32f3905e5d92f96f984a76357b641	
benchmark_tables/expression_prediction/03_result_tables/GSE141115/summary_all_methods.csv	6558	e8167f3fef18a6c4ddade1d64ce8f168b8b9590edba15a1f79b90be1c5569107	
benchmark_tables/expression_prediction/03_result_tables/GSE159585/BayesPrism/pearson_gene_all_genes.csv	330486	46456e828cb256e94030267e398c843e957d701da30ed0f74c02b463557a6f23	
benchmark_tables/expression_prediction/03_result_tables/GSE159585/BayesPrism/pearson_gene_marker_genes.csv	12338	b53161bb7468dd3227f82ed63a698154fb218ae9930d5937fe15be09cd3e727b	
benchmark_tables/expression_prediction/03_result_tables/GSE159585/BayesPrism/pearson_profile_all_genes.csv	1958	f10e487fc4deb0a3fd3573738abdb44dd6a1ea02f8d03f13fc185a81d2c2a4b4	
benchmark_tables/expression_prediction/03_result_tables/GSE159585/BayesPrism/pearson_profile_marker_genes.csv	1953	1c6c42863796b3fd8226e9b14e4f2d4316f51e055bd735c8b2e0918b5abecad2	
benchmark_tables/expression_prediction/03_result_tables/GSE159585/BayesPrism/pearson_pseudobulk_all_genes.csv	1961	3af6dfe6392de1c3046fb760f60c49c8cc52a6321681a59ee88e9db95c5e5601	
benchmark_tables/expression_prediction/03_result_tables/GSE159585/BayesPrism/pearson_pseudobulk_marker_genes.csv	1956	170ad1c0618c75e3c37d3448446248619bfe38449a19c5ebea60ea32d4de7cfb	
benchmark_tables/expression_prediction/03_result_tables/GSE159585/BayesPrism/pearson_sample_all_genes.csv	9	c3cec8647738097b6c1c48fccaf6f796c35ef91c5b8535ba3175d6583613be49	
benchmark_tables/expression_prediction/03_result_tables/GSE159585/BayesPrism/pearson_sample_marker_genes.csv	9	c3cec8647738097b6c1c48fccaf6f796c35ef91c5b8535ba3175d6583613be49	
benchmark_tables/expression_prediction/03_result_tables/GSE159585/CIBERSORTx/pearson_gene_all_genes.csv	8027	da4089cc3d90a61ae87b8357f5711ac885c112b3144442dcba350f60f0f9aded	
benchmark_tables/expression_prediction/03_result_tables/GSE159585/CIBERSORTx/pearson_gene_marker_genes.csv	1898	8c063a17c0b94b72139cb02cfe9a0b28ce19f69efd65a108649766d21455241c	
benchmark_tables/expression_prediction/03_result_tables/GSE159585/CIBERSORTx/pearson_profile_all_genes.csv	178	354e56613ff619d24fbae6bc5ce9ba9d59831aa8c45aedd343e4b242a12fb652	
benchmark_tables/expression_prediction/03_result_tables/GSE159585/CIBERSORTx/pearson_profile_marker_genes.csv	181	99354afdb6a674c346afdba1202d806ff8570fa5e0ef9b91429b683cc22abff6	
benchmark_tables/expression_prediction/03_result_tables/GSE159585/CIBERSORTx/pearson_pseudobulk_all_genes.csv	181	2c0204f1ceccc4d9413091352a4013f669e60a99b53bf76752636bc27664e991	
benchmark_tables/expression_prediction/03_result_tables/GSE159585/CIBERSORTx/pearson_pseudobulk_marker_genes.csv	184	c22b9969bd0a581366c28092e286b6fbc78916b5f7b5f46d1d46c7e94c990e2d	
benchmark_tables/expression_prediction/03_result_tables/GSE159585/CIBERSORTx/pearson_sample_all_genes.csv	9	c3cec8647738097b6c1c48fccaf6f796c35ef91c5b8535ba3175d6583613be49	
benchmark_tables/expression_prediction/03_result_tables/GSE159585/CIBERSORTx/pearson_sample_marker_genes.csv	9	c3cec8647738097b6c1c48fccaf6f796c35ef91c5b8535ba3175d6583613be49	
benchmark_tables/expression_prediction/03_result_tables/GSE159585/DISSECT/pearson_gene_all_genes.csv	308903	7cb4697d19b5c7cd4a55b00db1197cf3c382bd7b1b0fab49a7ec3de65f89f6c0	
benchmark_tables/expression_prediction/03_result_tables/GSE159585/DISSECT/pearson_gene_marker_genes.csv	12168	9957721e7acd671fd8f000ddeaad011ecb7c9ec56e46d58d20d94d71a06ab217	
benchmark_tables/expression_prediction/03_result_tables/GSE159585/DISSECT/pearson_profile_all_genes.csv	1926	5246d6783a8b578a07c1d222a991d72e1be23c69667932747a263e81ed4db684	
benchmark_tables/expression_prediction/03_result_tables/GSE159585/DISSECT/pearson_profile_marker_genes.csv	1927	d8329f2a3740b687c31c360fe7ae50cd31e57e76a414722267ac831688946bbe	
benchmark_tables/expression_prediction/03_result_tables/GSE159585/DISSECT/pearson_pseudobulk_all_genes.csv	1929	e8c3fd642d73ea9edb1aa73e76fb0dd381ce5e234c2238a96e6b768aea91d6e2	
benchmark_tables/expression_prediction/03_result_tables/GSE159585/DISSECT/pearson_pseudobulk_marker_genes.csv	1930	a3d529f056f478454fdbbff5c024878988290293151ba824dd8609517ab44cf6	
benchmark_tables/expression_prediction/03_result_tables/GSE159585/DISSECT/pearson_sample_all_genes.csv	9	c3cec8647738097b6c1c48fccaf6f796c35ef91c5b8535ba3175d6583613be49	
benchmark_tables/expression_prediction/03_result_tables/GSE159585/DISSECT/pearson_sample_marker_genes.csv	9	c3cec8647738097b6c1c48fccaf6f796c35ef91c5b8535ba3175d6583613be49	
benchmark_tables/expression_prediction/03_result_tables/GSE159585/TAPE/pearson_gene_all_genes.csv	337976	2714f2c33046e29f838794d134b6bc3db9574eb23db6f7bf73492b7bb50be6fa	
benchmark_tables/expression_prediction/03_result_tables/GSE159585/TAPE/pearson_gene_marker_genes.csv	12895	2e88421a452e4e2f11b87e6f773486b4a9c53cbef47fdfe2cb3c44861217a047	
benchmark_tables/expression_prediction/03_result_tables/GSE159585/TAPE/pearson_profile_all_genes.csv	1993	ccb28bc7754100bc1a13deda4a6e5e1cf2abb924d7668de0bc57c75a96aa7d2f	
benchmark_tables/expression_prediction/03_result_tables/GSE159585/TAPE/pearson_profile_marker_genes.csv	1523	9b5e290eef7c3d0b195a4218e6c726127c214d64833d18b4824f95051c918509	
benchmark_tables/expression_prediction/03_result_tables/GSE159585/TAPE/pearson_pseudobulk_all_genes.csv	1996	fde14ee3e23b8b6ec78ac56dfec5f56a517658e6fa53e7320a01994f127335c1	
benchmark_tables/expression_prediction/03_result_tables/GSE159585/TAPE/pearson_pseudobulk_marker_genes.csv	1526	1add0b34ca490294b0e165408490fb696e4dfa0edf34d07e85d29ce11d903095	
benchmark_tables/expression_prediction/03_result_tables/GSE159585/TAPE/pearson_sample_all_genes.csv	9	c3cec8647738097b6c1c48fccaf6f796c35ef91c5b8535ba3175d6583613be49	
benchmark_tables/expression_prediction/03_result_tables/GSE159585/TAPE/pearson_sample_marker_genes.csv	9	c3cec8647738097b6c1c48fccaf6f796c35ef91c5b8535ba3175d6583613be49	
benchmark_tables/expression_prediction/03_result_tables/GSE159585/cVAE/pearson_gene_all_genes.csv	221956	d7d5aa80d238af95aa10da8160680b5aa21f33b4859c73c275f1d6cb048d4d52	
benchmark_tables/expression_prediction/03_result_tables/GSE159585/cVAE/pearson_gene_marker_genes.csv	11714	76bfaa46a8a5ac710660713f1613a54b7775f460a764633ffb23d1a56198582c	
benchmark_tables/expression_prediction/03_result_tables/GSE159585/cVAE/pearson_profile_all_genes.csv	1511	915b8aef850fdb5c98767861663f9aff358d7f8422f88c231718c0bdd4ca96c3	
benchmark_tables/expression_prediction/03_result_tables/GSE159585/cVAE/pearson_profile_marker_genes.csv	1509	ec80cd2d7c0d2e2d9755d0258966e1f998d3c0812bfe5dc6d2d0f33490cd3cd7	
benchmark_tables/expression_prediction/03_result_tables/GSE159585/cVAE/pearson_pseudobulk_all_genes.csv	1514	bb49ddbf81597a2b2fcdbd3d5d9d82aa004832dcf62be8cd29e669dfdb34e511	
benchmark_tables/expression_prediction/03_result_tables/GSE159585/cVAE/pearson_pseudobulk_marker_genes.csv	1512	f3dcad44e3be8770e04238abd3e4f7bdfeffc294c61159b583c8ee111d976c0f	
benchmark_tables/expression_prediction/03_result_tables/GSE159585/cVAE/pearson_sample_all_genes.csv	8	2581c9697d72a328f2f0fc2c4238ecc6566e87706c7db979b4ef911879e5c079	
benchmark_tables/expression_prediction/03_result_tables/GSE159585/cVAE/pearson_sample_marker_genes.csv	8	2581c9697d72a328f2f0fc2c4238ecc6566e87706c7db979b4ef911879e5c079	
benchmark_tables/expression_prediction/03_result_tables/GSE159585/cVAE/pearson_sample_profile_all_genes.csv	16	d9ed4e07602a63f40e8320c0a91fc8fbacb6a4732e3add1c324a047a5df4ba6c	
benchmark_tables/expression_prediction/03_result_tables/GSE159585/cVAE/pearson_sample_profile_marker_genes.csv	16	d9ed4e07602a63f40e8320c0a91fc8fbacb6a4732e3add1c324a047a5df4ba6c	
benchmark_tables/expression_prediction/03_result_tables/GSE159585/summary_all_methods.csv	5275	f25fb57b822eb1a57237c9b2a3a4d6385cf5bd14ba19f25d84f811feb779b674	
benchmark_tables/expression_prediction/03_result_tables/HCA_fold2/BayesPrism/pearson_gene_all_genes.csv	820383	5b3af1946d5db8246957fe6646cd0e92f1e3d4a530b561fa63fd30cb440b28c5	
benchmark_tables/expression_prediction/03_result_tables/HCA_fold2/BayesPrism/pearson_gene_marker_genes.csv	15196	515587f61c4bd094d1f8ce0b7a6cbcd95d182112d3a0d3e2a30b5ad56131f087	
benchmark_tables/expression_prediction/03_result_tables/HCA_fold2/BayesPrism/pearson_profile_all_genes.csv	708	3a37878f7ee854ffa6e695f6dd86aad46e53967622c71f2f24fb88674d00074b	
benchmark_tables/expression_prediction/03_result_tables/HCA_fold2/BayesPrism/pearson_profile_marker_genes.csv	705	e7809550fbb0f0c5f6e6b28bf90077cb59b58ba3b68798cc987cb6ad3fe9bc13	
benchmark_tables/expression_prediction/03_result_tables/HCA_fold2/BayesPrism/pearson_pseudobulk_all_genes.csv	709	b4ba6784efa1dbdb4f8f4b30f17711939974ea4d18d73d255c888d1d0548691e	
benchmark_tables/expression_prediction/03_result_tables/HCA_fold2/BayesPrism/pearson_pseudobulk_marker_genes.csv	711	9e93f893b312001c2349848af16e1571c51c8caf6c8bbf0201157572da0c36ca	
benchmark_tables/expression_prediction/03_result_tables/HCA_fold2/BayesPrism/pearson_sample_all_genes.csv	10986	853ef7f1b8ec6aabe21ad9025cbd7409ae3d98e6c79bfc211608f9f8de434901	
benchmark_tables/expression_prediction/03_result_tables/HCA_fold2/BayesPrism/pearson_sample_marker_genes.csv	10981	2f2091dc6a154659aed1408dbba5a89fb4458cc693a5178025c0ff3887f35c99	
benchmark_tables/expression_prediction/03_result_tables/HCA_fold2/BayesPrism/pearson_sample_profile_all_genes.csv	150634	fc069ce4866117e8c7769cc2563371426cd8c13d16f480bbbca733b4e3db1390	
benchmark_tables/expression_prediction/03_result_tables/HCA_fold2/BayesPrism/pearson_sample_profile_marker_genes.csv	150629	c56e6e60663ac1b64e08fa6204f9f10c11efb7e827c042f469eb363709ccfa9b	
benchmark_tables/expression_prediction/03_result_tables/HCA_fold2/CIBERSORTx/pearson_gene_all_genes.csv	58882	858cc440c6f4e2193af682158bdd9dfb7ba65b3d575183db66ccefd51500986b	
benchmark_tables/expression_prediction/03_result_tables/HCA_fold2/CIBERSORTx/pearson_gene_marker_genes.csv	11553	563da1d23f9f0c5493750232369e0833e80440f8e7a3a77e84f461208488df34	
benchmark_tables/expression_prediction/03_result_tables/HCA_fold2/CIBERSORTx/pearson_profile_all_genes.csv	691	d4ed335508d2026097e06afb6e29ffbf7e48f443c50994f08c9deb594616fea6	
benchmark_tables/expression_prediction/03_result_tables/HCA_fold2/CIBERSORTx/pearson_profile_marker_genes.csv	694	fd3c4db42e63e29f29a4d87fe2c671d05932f796bcde133434bbde0ca9a36678	
benchmark_tables/expression_prediction/03_result_tables/HCA_fold2/CIBERSORTx/pearson_pseudobulk_all_genes.csv	684	1bddc3f600b56a0e8f83675b29d2afc2ac07ad8776236aaebc5661954d06e05a	
benchmark_tables/expression_prediction/03_result_tables/HCA_fold2/CIBERSORTx/pearson_pseudobulk_marker_genes.csv	687	2b3abe084cac54fe875754d86f4c977368287c67aa754ce20d7c2c67a0e63d9a	
benchmark_tables/expression_prediction/03_result_tables/HCA_fold2/CIBERSORTx/pearson_sample_all_genes.csv	10989	0cba8bc5c620addc079c4536f3946d6d0ef30ceec2a60e9094c8b238f2bdf4bb	
benchmark_tables/expression_prediction/03_result_tables/HCA_fold2/CIBERSORTx/pearson_sample_marker_genes.csv	10998	894a24ecac25dae4ebe6d7bb109dc42fc48f5a6218ea67e2709cfc776797ea85	
benchmark_tables/expression_prediction/03_result_tables/HCA_fold2/CIBERSORTx/pearson_sample_profile_all_genes.csv	140630	52f554d3eef51bef4c04759af9db49b5584538ff9286ba5120657cb3471fcc92	
benchmark_tables/expression_prediction/03_result_tables/HCA_fold2/CIBERSORTx/pearson_sample_profile_marker_genes.csv	140599	2c871b24f7d38bb01a09e7bb9ddfc9ad0a4ec18edb0a2be750d84f6aa40cb0b4	
benchmark_tables/expression_prediction/03_result_tables/HCA_fold2/DISSECT/pearson_gene_all_genes.csv	773947	368abfb57501f5f8e7a4e8d4999cd1b0f32fb27c99df5a18759f9d717e856f17	
benchmark_tables/expression_prediction/03_result_tables/HCA_fold2/DISSECT/pearson_gene_marker_genes.csv	15635	2260865812fd6eb0e41ebc29506cb293e75f3923fb21d199809427552572ce28	
benchmark_tables/expression_prediction/03_result_tables/HCA_fold2/DISSECT/pearson_profile_all_genes.csv	706	fb87afe48194557407876a82d2524ebbaa6a649d675bbab6b4292bbb0654ffeb	
benchmark_tables/expression_prediction/03_result_tables/HCA_fold2/DISSECT/pearson_profile_marker_genes.csv	705	6b243a8c860054e87427ab9f0786940d218acf51f1d593bd9fc6212a03f9ed2f	
benchmark_tables/expression_prediction/03_result_tables/HCA_fold2/DISSECT/pearson_pseudobulk_all_genes.csv	706	14021a188c55b65faa574c9f51c54a017ec2805a10d2d5c30148545ea93a0e0b	
benchmark_tables/expression_prediction/03_result_tables/HCA_fold2/DISSECT/pearson_pseudobulk_marker_genes.csv	709	01afd47d86ecb035b30faa442cc3e8bf3acf92a2eb790668cf0ca9c6d0c90619	
benchmark_tables/expression_prediction/03_result_tables/HCA_fold2/DISSECT/pearson_sample_all_genes.csv	10993	f4131b14dd0e7329eee29f0c8f63ceaf160de9f356510eead4aa4229b5b82c94	
benchmark_tables/expression_prediction/03_result_tables/HCA_fold2/DISSECT/pearson_sample_marker_genes.csv	10984	254e55c5a241c612c8e2fa464427e74c3e4f25b782f6587d65dfd2dc95cb50ef	
benchmark_tables/expression_prediction/03_result_tables/HCA_fold2/DISSECT/pearson_sample_profile_all_genes.csv	150725	21768e1b5a0d710cc7f6b14546c8392d130256bfa0e1a9725078b5362881b815	
benchmark_tables/expression_prediction/03_result_tables/HCA_fold2/DISSECT/pearson_sample_profile_marker_genes.csv	150731	95e21b14092250e0fc64f2cf15421aac86713a209b9df1a28d08011a1fceb047	
benchmark_tables/expression_prediction/03_result_tables/HCA_fold2/TAPE/pearson_gene_all_genes.csv	780394	a25bb61a55b3a1260ce7f69256b6a1fb180ae15ed8c1fadcb3b1dcb6feebea36	
benchmark_tables/expression_prediction/03_result_tables/HCA_fold2/TAPE/pearson_gene_marker_genes.csv	15941	dacbc83d2a3c666c88f7c855b033b9b833693eef3b759daaa6abd7f5f47feb77	
benchmark_tables/expression_prediction/03_result_tables/HCA_fold2/TAPE/pearson_profile_all_genes.csv	708	591c2008f4268630e9c51c31ed78764791a9572502d9014ca303dc527b98c71b	
benchmark_tables/expression_prediction/03_result_tables/HCA_fold2/TAPE/pearson_profile_marker_genes.csv	687	1e792f16eee5088260d589bb884aea90f639face80f003bb1e460075000d8a75	
benchmark_tables/expression_prediction/03_result_tables/HCA_fold2/TAPE/pearson_pseudobulk_all_genes.csv	716	a3f66ad705b5b273db31950e3b30dc93d895e7fd1a2e9ca47a46e745bbe0416e	
benchmark_tables/expression_prediction/03_result_tables/HCA_fold2/TAPE/pearson_pseudobulk_marker_genes.csv	715	e88f51f5291bcf08a3414981bc44928e22ce48f6642f53a0027ca5a12ffaa331	
benchmark_tables/expression_prediction/03_result_tables/HCA_fold2/TAPE/pearson_sample_all_genes.csv	10985	d75d64697067877be1ed32ee022c9fcf65f99df604932492533cb8986148044d	
benchmark_tables/expression_prediction/03_result_tables/HCA_fold2/TAPE/pearson_sample_marker_genes.csv	10992	fdd5fb92ce394b2355078480732ac4ab01f59c6bfa03958afd715eded1495700	
benchmark_tables/expression_prediction/03_result_tables/HCA_fold2/TAPE/pearson_sample_profile_all_genes.csv	150826	b0977a0fd445e01063d1b0e48dac5a01c4e1bf6b604242755d192d8bdce91598	
benchmark_tables/expression_prediction/03_result_tables/HCA_fold2/TAPE/pearson_sample_profile_marker_genes.csv	150114	033892d5b605ffdf8fd8284f214cba32992483e745ceb3d5bb6fe3b73382280d	
benchmark_tables/expression_prediction/03_result_tables/HCA_fold2/cVAE/pearson_gene_all_genes.csv	830865	9fef19a7e3ebaa69e6c02f0c029c2a8cf79aa2f4a8b2c4767de0cdefc2fd44ca	
benchmark_tables/expression_prediction/03_result_tables/HCA_fold2/cVAE/pearson_gene_marker_genes.csv	15525	6bd4ed16e7a6fcc5e28ab025cf0802b06b0f43268b83a291c0da0b32fc598c41	
benchmark_tables/expression_prediction/03_result_tables/HCA_fold2/cVAE/pearson_profile_all_genes.csv	679	2f19f17bf13b3745beb7509e8b51853dfa512fe42ab1dff3e70ef78721c4e122	
benchmark_tables/expression_prediction/03_result_tables/HCA_fold2/cVAE/pearson_profile_marker_genes.csv	681	ccff9da98927ea9134e1485229987c8047112e30ab57f9d19e6d19285ea0c266	
benchmark_tables/expression_prediction/03_result_tables/HCA_fold2/cVAE/pearson_pseudobulk_all_genes.csv	681	03719060bf384c9c1a35c68a01557f1fc813c83d5062a8d7a59307c7d55fe6dc	
benchmark_tables/expression_prediction/03_result_tables/HCA_fold2/cVAE/pearson_pseudobulk_marker_genes.csv	681	fa1828a628755bf9b4b0dd79b58dc5717145649f75a8dc87ae771e17b5b9e99f	
benchmark_tables/expression_prediction/03_result_tables/HCA_fold2/cVAE/pearson_sample_all_genes.csv	10993	755e6c038663eb04d670f98a495bc59f24297ae30e81b4bd9d19e4346d8d22c0	
benchmark_tables/expression_prediction/03_result_tables/HCA_fold2/cVAE/pearson_sample_marker_genes.csv	10994	870251da79cc989c84cddfb6a940c6f0ff1a99f5cc3fad9db99fcad098bec76e	
benchmark_tables/expression_prediction/03_result_tables/HCA_fold2/cVAE/pearson_sample_profile_all_genes.csv	22757	a2161d666404ffb7fb7b4ad5abff9940a0a910910b189bd3a62904d058c99dbb	
benchmark_tables/expression_prediction/03_result_tables/HCA_fold2/cVAE/pearson_sample_profile_marker_genes.csv	22739	6ef515be695d15833bca50695aac9d6e4b992ae13a189aea35597236706125da	
benchmark_tables/expression_prediction/03_result_tables/HCA_fold2/summary_all_methods.csv	7897	c1771177d6adee3617d5d477359758997c6b7ec95d722253021d33d9db7cdcc4	
benchmark_tables/expression_prediction/03_result_tables/PROPORTION_group7_HCA_prophead_PCC.csv	498	a4001a8ec9e953cd03b80f764a2974cc08553829543936eb6c1ff2c068f6aec9	
benchmark_tables/expression_prediction/03_result_tables/PROPORTION_lineage5_HCA_prophead_PCC.csv	388	830e54affb6651cbbb088ae5d72f67037e0d7ad81baef3271fddec951549ff60	
benchmark_tables/expression_prediction/03_result_tables/PROPORTION_merged14_by_celltype_PCC_HCA_fold2.csv	760	cacfbcf7ac49ef47e954631b4bcd7fe439d4723fc4b20794b1c74c8c298ce9cc	
benchmark_tables/expression_prediction/03_result_tables/TABLE_GSE141115.csv	22443	8ce252c58548704c7dd16dcd104c43ea43d487582671276e4941bb99451a536b	
benchmark_tables/expression_prediction/03_result_tables/TABLE_GSE141115_genewise_by_method.csv	663	7cb956611ca2b3f43ce3c61fdb66cde185385e9ccae98a5f2233e32adfef0f40	
benchmark_tables/expression_prediction/03_result_tables/TABLE_GSE159585.csv	31593	6736a7a6755fbbf6ceab01adb599c0c94ee256170ffbd7bec1b234b5ca0c5a7e	
benchmark_tables/expression_prediction/03_result_tables/TABLE_GSE159585_genewise_by_method.csv	668	c2ef428648fd86a374d15b658fe08055012ada5c964e126d27c57980688c87f8	
benchmark_tables/expression_prediction/03_result_tables/TABLE_HCA_fold2.csv	1101028	9a802c6b4ba35e8b54ff8b05b5bbba02f177f107ba659f1889cc1130d5663358	
benchmark_tables/expression_prediction/03_result_tables/TABLE_HCA_fold2_genewise_by_method.csv	670	8273a7b807c836f2400f28abaa736aad69abb63232845d7b33717819f91ea056	
benchmark_tables/expression_prediction/03_result_tables/benchmark_tables.xlsx	225985	a44443b2fefa7780ad534fa8817aa816de85fef43c0f04670a5045639110b709	
benchmark_tables/expression_prediction/03_result_tables/celltype_table_GSE141115.csv	4256	5379f675a7c58627a9c2f23da189a3301061aefc83d0d6ad7016184b74d7cc4d	
benchmark_tables/expression_prediction/03_result_tables/celltype_table_GSE159585.csv	14173	5eabe000ea872068e843fbc0224558ebb6c23d50b740e59866af6d84e1c74a51	
benchmark_tables/expression_prediction/03_result_tables/celltype_table_HCA_fold2.csv	7046	866471d2ef5b4d548b76d85fdd2301b47cfcce469c19796305fd05ba07b35159	
benchmark_tables/expression_prediction/03_result_tables/celltype_tables_by_dataset.xlsx	32717	c1b2514b3b7d470a3b0c98e7015fc2ee2fe99059a6bcfc2f74561c6f5d8d48fa	
benchmark_tables/expression_prediction/03_result_tables/summary_all_methods.csv	19643	f5c033dc9635642e14a4ed7fb64a4374e791fe31c39471abfa9e130e223152db	
benchmark_tables/expression_prediction/03_result_tables/summary_table_GSE141115.csv	1583	413eefb676042f70111008d71b88e01a02f6b6d17a7627377a65ba9790fbbe61	
benchmark_tables/expression_prediction/03_result_tables/summary_table_GSE159585.csv	1448	e3b8cda178bd34bab754f5d669af274133888965207260a607ae46becdfca75a	
benchmark_tables/expression_prediction/03_result_tables/summary_table_HCA_fold2.csv	1677	df3956fc359f08f6686a4f13d9b033c46a1ec7e83ffc89e37310f3f9af63c4cc	
benchmark_tables/expression_prediction/03_result_tables/summary_tables_by_dataset.xlsx	9120	c31709d198cd403dfb9328d82d95dcf897dbed70fe8cbea379cd8b7fa963053e	
benchmark_tables/expression_prediction/03_result_tables/unified/UNIFIED_proportion_gse141115_pb.csv	638	024ff416497df5bb978293c1e92e8dcfff53662b965933476f9b6122a11ce8a6	
benchmark_tables/expression_prediction/03_result_tables/unified/UNIFIED_proportion_gse141115_pb.png	88661	8bba48d0569de96e9ac44a37c7b3f8ffee94274eb8aa54ad9150f6124b4e5f99	
benchmark_tables/expression_prediction/03_result_tables/unified/UNIFIED_proportion_gse159585_pb.csv	650	3a1dabf8ecd227f2ef1268649b7ec2e67bb9500f0770c1ad69298da90eb0555a	
benchmark_tables/expression_prediction/03_result_tables/unified/UNIFIED_proportion_gse159585_pb.png	89356	affd99cce15b07dd6b61683d8641fc86d7b5f335939dd9e1e71f1db57994ee0b	
benchmark_tables/expression_prediction/03_result_tables/unified/UNIFIED_proportion_hca_fold2.csv	971	51f6096a3bb5575660ea200b6937d7da8b23c4df1e7540e9a62d0fcf47e02b2f	
benchmark_tables/expression_prediction/03_result_tables/unified/UNIFIED_proportion_hca_fold2.png	96301	01bee4e308b999808cd0b983ff66e2286fa1415cc1fc5f8078532c5963e22b42	
benchmark_tables/expression_prediction/03_result_tables/unified/cache_gse141115.npz	29634586	715fe069e7910a658d50a1276e0e67890a4cb62a8f9fcf85177b5b9a4d5769ae	
benchmark_tables/expression_prediction/03_result_tables/unified/cache_gse141115_pb.npz	38909288	187fc45dcc2ad2590be3be8c7b2c1262020040cb5129ab3b0f289a1a5f9c557b	
benchmark_tables/expression_prediction/03_result_tables/unified/cache_gse159585.npz	29863675	241dfd7351c86e0c72896e09b03087f1d5e74097ab33b320385f302becf850a9	
benchmark_tables/expression_prediction/03_result_tables/unified/cache_gse159585_pb.npz	48855654	3d830c38b35bed5dc6da29bb4e522fedcf999dd008b305e268741c2b75c8e567	
benchmark_tables/expression_prediction/03_result_tables/unified/cache_gse159585_real.npz	21647385	fdb7af571c30140793beaaa03208c024544875c519461b4f169441aacdca9c08	
benchmark_tables/expression_prediction/03_result_tables/unified/cache_gse226077.npz	11363645	42ad6e1ddde5da6d9d3a02feaf74a356d3d11ace73228a3729335b43cb402145	
benchmark_tables/expression_prediction/03_result_tables/unified/cache_hca_fold2.npz	67488811	e8275af8edb79c0352c4b2a711e92bbd54f876b962075b5cb2fbda312309bfaa	
benchmark_tables/expression_prediction/03_result_tables/unified/pi_ref_gse141115.csv	519	d83a52418c1ffb70cc1158edc25cd6f9857e8f8deba391a6cd76682674781ecf	
benchmark_tables/expression_prediction/03_result_tables/unified/pi_ref_gse159585.csv	2034	48e39dde12aab6b7cb1d631a1fdb1658e772fe4c2359514b51cd531ad83e194a	
benchmark_tables/expression_prediction/03_result_tables/unified/pi_ref_gse226077.csv	277	0958a2f4d08133a80d505b894550aa6a7aee090fbe8e2d9002fafe1f2a312da7	
benchmark_tables/expression_prediction/03_result_tables/unified/pi_ref_hca_fold2.csv	811	289ee896cc1476ef20a9a2108f2e5d3fcc551d6e622a1be85fedb1f80af8b6b5	
benchmark_tables/expression_prediction/03_result_tables/unified/proportions_gse141115_dirichlet_map.csv	2621	d9ad16f80bcf7666e2e4e4b45396919ad798b66976c9723c343b5b45d90c32ab	
benchmark_tables/expression_prediction/03_result_tables/unified/proportions_gse141115_nnls_core.csv	801	21dfa06b67098100ca5f5419cd735675d7c1566bf4ca91ab5951b04282fc2ef2	
benchmark_tables/expression_prediction/03_result_tables/unified/proportions_gse141115_nnls_ridge.csv	800	95912b755970596c3e544dfe46ddcf8954a17640a9ceef3746972390b6299100	
benchmark_tables/expression_prediction/03_result_tables/unified/proportions_gse141115_pb_dirichlet_map.csv	26016	5e79b8fb60006b34a61c42da3b40272e1a749ed27adc4187462c44a803f38e89	
benchmark_tables/expression_prediction/03_result_tables/unified/proportions_gse141115_pb_nnls_core.csv	8637	19e5375c47bfd7b3efcc3b0c44c8d567af1be9f84e1a66d5d07e5489f030b95f	
benchmark_tables/expression_prediction/03_result_tables/unified/proportions_gse141115_pb_nnls_ridge.csv	9788	38d5e1ef630f3fb6b0f945a636f92d7ac221d233bae3d54615d522ca9f6fb840	
benchmark_tables/expression_prediction/03_result_tables/unified/proportions_gse141115_pb_prophead.csv	15691	8df6458c68958e778f66145fdb3181afa8e3d44e60b77cb5e621770aa8c190fb	
benchmark_tables/expression_prediction/03_result_tables/unified/proportions_gse141115_pb_prophead_ref.csv	26412	0381ae08277f016b05c7e5259ae850d2ffc07ea8096041b779482c45297d7736	
benchmark_tables/expression_prediction/03_result_tables/unified/proportions_gse141115_pb_softmax.csv	15054	032cbffbbab39d784010e2904c627308a03aed8c4a91ded6b034da37f5838d00	
benchmark_tables/expression_prediction/03_result_tables/unified/proportions_gse141115_prophead.csv	1619	b6188f52de18ec4708bb5c811d1bea11c2b4494e713a46d7bc310932dfb1de9e	
benchmark_tables/expression_prediction/03_result_tables/unified/proportions_gse141115_prophead_ref.csv	2666	ac919600a6fc9dc0c470cb71c4bed38037fbcd919644633871fc03f8ac0ea119	
benchmark_tables/expression_prediction/03_result_tables/unified/proportions_gse141115_softmax.csv	1556	2e7a3f90c37ec26420ce9e7fed976f65b133a25598220bab86705358930d95f8	
benchmark_tables/expression_prediction/03_result_tables/unified/proportions_gse159585_dirichlet_map.csv	37571	321abaaa76fd7a3768f7270f96c1f7b3f2198f0d5f654658d30bc1580ab08492	
benchmark_tables/expression_prediction/03_result_tables/unified/proportions_gse159585_nnls_core.csv	9008	65f4c454a8b6ee271c0dd71138c11d1bc81c3887136f9b331defcc07200ad30c	
benchmark_tables/expression_prediction/03_result_tables/unified/proportions_gse159585_nnls_ridge.csv	9962	a46a275bbedbcc020d5c69813bc6cdf7fddc15d910158c302864bb39e4ea41af	
benchmark_tables/expression_prediction/03_result_tables/unified/proportions_gse159585_pb_dirichlet_map.csv	81022	7a7d8be9822d75cdabd3d7cc9a98f400bb707fc109531bfb52268d6e46d87ded	
benchmark_tables/expression_prediction/03_result_tables/unified/proportions_gse159585_pb_nnls_core.csv	23464	38b370e26768ad9af2c61389416eff57c4dacdeaa76f6644a29f29834d95d500	
benchmark_tables/expression_prediction/03_result_tables/unified/proportions_gse159585_pb_nnls_ridge.csv	28504	ca319ca5bce190bc1601120512ddd708535741160eb5a87ac2cf89a0689a191e	
benchmark_tables/expression_prediction/03_result_tables/unified/proportions_gse159585_pb_prophead.csv	48488	84263fac6c4028792caa1ea930a0f9118108c59cd7279caae3af1eaef0e8de12	
benchmark_tables/expression_prediction/03_result_tables/unified/proportions_gse159585_pb_prophead_ref.csv	81534	1c6f8271adfa063015e872f0ee48846d45bee78e259f830ab5c363df7834a64c	
benchmark_tables/expression_prediction/03_result_tables/unified/proportions_gse159585_pb_softmax.csv	46471	10da16be0ffa0191fd8793fe9c4bdd2f81baaae3a0a400719e57cf0e9ee12ef9	
benchmark_tables/expression_prediction/03_result_tables/unified/proportions_gse159585_prophead.csv	23141	bd954df540926d1d44c8cc4ef5e6785d3f1870ec5c678076ddf6fa8eae47679f	
benchmark_tables/expression_prediction/03_result_tables/unified/proportions_gse159585_prophead_ref.csv	38288	509932ee2d093c9097102f8504f2944a42b5fb41200bccf85f4dad16cced4910	
benchmark_tables/expression_prediction/03_result_tables/unified/proportions_gse159585_real_dirichlet_map.csv	19154	106ba140ae1a0f9e80049dffe260660a148e274e808e6711212da9b053863b71	
benchmark_tables/expression_prediction/03_result_tables/unified/proportions_gse159585_real_nnls_core.csv	4820	1686ac5fbdf7d0502a90f4286d61c02ef5097284ef9e3a9ee31ba8ad528cf521	
benchmark_tables/expression_prediction/03_result_tables/unified/proportions_gse159585_real_nnls_ridge.csv	4833	bf76684172583dd3613ac0131bd1d75b3f527291a0f8445fae40cd3d15e16439	
benchmark_tables/expression_prediction/03_result_tables/unified/proportions_gse159585_real_prophead.csv	11918	eb8773b50fd692a2696f3a5a2c060932f30683430702a7fa479dff76a7497143	
benchmark_tables/expression_prediction/03_result_tables/unified/proportions_gse159585_real_prophead_ref.csv	19525	838175d8a304202a4a64b44c15e0480e2250baa5232e267201d9930bffa0ca70	
benchmark_tables/expression_prediction/03_result_tables/unified/proportions_gse159585_real_softmax.csv	11208	27cb279b4083f2264aac83b6744b3a1f98c6d389b38ec4a956ce364ddfbefd76	
benchmark_tables/expression_prediction/03_result_tables/unified/proportions_gse159585_softmax.csv	21688	00a90ad22f80d7c2e098956a328aba863d2a6d33e88bb9ac10f90e493da6845a	
benchmark_tables/expression_prediction/03_result_tables/unified/proportions_gse226077_dirichlet_map.csv	2113	49a561b270a29cefd17d29bb4851e97930ece78cb5606cb2165363a2ef064b4e	
benchmark_tables/expression_prediction/03_result_tables/unified/proportions_gse226077_nnls_core.csv	1553	bea619d0b90fc00e6d27003ec57466be06c3c2e7cd9a8bc85c7fc470bd9d51fa	
benchmark_tables/expression_prediction/03_result_tables/unified/proportions_gse226077_nnls_ridge.csv	1566	016c7e1afc50851e4989a37a60c496b84783a914926804c2bceb0876f8d5a68d	
benchmark_tables/expression_prediction/03_result_tables/unified/proportions_gse226077_prophead.csv	1465	dcfaac055835eca44f68cfd57782977b12ba0b12a867c8881b1b425420b424d5	
benchmark_tables/expression_prediction/03_result_tables/unified/proportions_gse226077_prophead_ref.csv	2111	92af7495a3a1efc2aaae98d736d8ed561bbedff82f2063e00241322ae5ec9528	
benchmark_tables/expression_prediction/03_result_tables/unified/proportions_gse226077_softmax.csv	1432	4a40cc08f086cddfd33d03837a3085ff4875ac697470e9900dbaf162376904b5	
benchmark_tables/expression_prediction/03_result_tables/unified/proportions_hca_fold2_dirichlet_map.csv	59921	119fc9c0615e57b187993da46f77c1961603bee77fbdb81e9224c1e9034bd58e	
benchmark_tables/expression_prediction/03_result_tables/unified/proportions_hca_fold2_nnls_core.csv	35367	b2562f7849ee69fc6a1e5b8303a1e071f13942b3bb10a92b57950593300966db	
benchmark_tables/expression_prediction/03_result_tables/unified/proportions_hca_fold2_nnls_ridge.csv	58459	683e8394d9773d7da13c39fb060f8c421d0b68fb0980f04060fea8d5c0da2ae0	
benchmark_tables/expression_prediction/03_result_tables/unified/proportions_hca_fold2_prophead.csv	39938	6fd8f4171c2116a7a433bb772682a381ba2fc813e02a90e8c4c83dc8e33334af	
benchmark_tables/expression_prediction/03_result_tables/unified/proportions_hca_fold2_prophead_ref.csv	61023	aea30b0c9824e18e3826ceb452416cd863ee426fc3bab88c699d42b730dc152f	
benchmark_tables/expression_prediction/03_result_tables/unified/proportions_hca_fold2_softmax.csv	37300	4cf7fda085b4b931fd647577a14b7213048fd5389cc275cf8521820211b5f20d	
benchmark_tables/expression_prediction/03_result_tables/unified/pseudobulk/pb_gse141115_bulk.tsv	5365743	bdbc9dcb42e70211650830e0a85b6d3813f86910b9e93c412a3953bad9b32092	
benchmark_tables/expression_prediction/03_result_tables/unified/pseudobulk/pb_gse141115_gt.csv	14765	87d09b25cbeb6612cadad36624329db29c2fd088468e7f8f391427138b998dd7	
benchmark_tables/expression_prediction/03_result_tables/unified/pseudobulk/pb_gse141115_split.csv	1043	3b3d9e8780de0389a977542c1d1cfeeb3b4990b968dd6306b0f1bf4d5a0eae05	
benchmark_tables/expression_prediction/03_result_tables/unified/pseudobulk/pb_gse159585_bulk.tsv	6420937	abb2d3659143d907f8318ecba1dcc352b31bf2d0c166efd26bf01a34ac1c8cab	
benchmark_tables/expression_prediction/03_result_tables/unified/pseudobulk/pb_gse159585_gt.csv	36241	f919235e69a9481006f846eb91b95337b802646fb5821bbb3021804b90f4d69c	
benchmark_tables/expression_prediction/03_result_tables/unified/pseudobulk/pb_gse159585_split.csv	1043	3b3d9e8780de0389a977542c1d1cfeeb3b4990b968dd6306b0f1bf4d5a0eae05	
benchmark_tables/expression_prediction/figure4_support/GSE141115/pb_predicted_log1p_cp10k.csv.gz	932478	c8a55efa9a53888c7e7255153939bd588ad9b911dd5d40e2d16519f7619a556d	
code/01_preprocessing/README.md	436	f1e7d0ef801b49bdc62b400289799d2cb8e915d49eaeeeb0f4f9d8137eba77a6	
code/01_preprocessing/preprocess_data.py	4867	f994f9b9acba7a63e50a7f4c8e73b6074dbb20ca65354af63c9c4cbfe5bcc7d4	
code/02_model_training/README.md	621	68add0dc7b04460203c70f2def833be92ad99ee51ab91ff8d752fec7debc3dbf	
code/02_model_training/prophead_GSE141115_architecture_reference.py	122375	3358087f5c36f52c721098bbfd9f414fc75b66edb5cca9676d2ad9a489fe1f88	
code/02_model_training/train_model.py	5207	0ae134391a8bf28309b75cb17f92d23f3ac367416036cee4acbaeb5718d082a0	
code/03_model_evaluation/README.md	595	522c39a208a8a3f558c6c8aabe049b5753f1e66200bcb5ac2e35dfffda118d1c	
code/03_model_evaluation/evaluate_prediction.py	6730	20de0b2a6df8a3e062cc99a62fa3e0fa8e8cdbf82b33456eed89ab28be8beb21	
code/03_model_evaluation/expression_benchmark/plot_pcc_per_dataset.R	35751	56fdf801a86e92bac0d2872555736a21eb77edcf3e472fe5625c43f828f71578	
code/03_model_evaluation/expression_benchmark/plot_proportion_pcc.R	6302	c239eb00e3bd1b29c7361a0adb1f4eddb3cad8b18e95056c13dbf3669bfad982	
code/03_model_evaluation/supplementary_figure5/build_supplementary_figure5.py	43412	3c5ff4d8a360f11598ebc665bd40f7c98d8d9e394b329736b7296e54f3936e8f	
code/03_model_evaluation/support/plot_style.py	5226	72465634d63e241fbb542f37c685e24c159fd92a7333f24b340cbc834a22c729	
code/03_model_evaluation/support/within_type_module_l2.py	9349	bd550e977ec4b9adc99c439b61c78c2f2967c616527498cef90cc5d36a6308f1	
code/04_ablation/README.md	554	a47a7a77a07cffd0b2065d6510dce90429494f6f532a93b01e92858a2d41aed4	
code/04_ablation/within_celltype/pca50_support/run_denoised_stable_edge_profiles.py	44235	68fb4c0539ea80b364ae8d7819f66c44051466e25373c1a53f289d5b1e3fc1ed	
code/04_ablation/within_celltype/pca50_support/training_stable_gene_ranking.csv	198149	26bdfc4b53b8f80b2b3c15652c0139923a2f50a82c776b051b26f2ffb1dbc3ea	
code/04_ablation/within_celltype/run_no_real_split.py	12022	504ef22cb96201cc585466ccf7e0af72d54a70272b767989b7847d78c1dba355	
code/04_ablation/within_celltype/scripts/compare_legacy_bridge.py	1888	f61705f24906fb73b22068e02988da7a54fb649bf10ee0032b4d7d3cad9331a1	
code/04_ablation/within_celltype/scripts/compare_reproducibility.py	4715	efd858603723c70028e71f1a1c6ebfb1c495e16059395003cc5f8f18087138fc	
code/04_ablation/within_celltype/scripts/plot_figure4_within_celltype.py	20470	5f7a891f68c97b4ca7ad52822564e55b1965f836c7590f8635aa3dfb89dc0ca0	
code/04_ablation/within_celltype/scripts/run_within_celltype_topology.py	56801	725d04e6d003540594c07287e0cc80b35d72ae00885284584991df8d3a5c218d	
code/04_ablation/within_celltype/scripts/validate_figure4_pca50.py	4772	4009860c81a2749f8e721898c84578c92997d2faf738a44577d5bc374d8422c6	
code/04_ablation/within_celltype/scripts/validate_outputs.py	20677	47da98ee0df67a40314185663367801e55e5f7984c3e225d81b82831dff9ebcb	
code/05_downstream/README.md	2236	d98f5682c51136ff1cc6bdda71c30b89a0ee2c8c827a1058a711cd43d82f0831	
code/05_downstream/_build_raster_svg.py	1469	f537b85e012caa08c244313692566a9707a3938c6132155ac3d63aa1d9330dd9	
code/05_downstream/_regen_interaction_barplot.R	3948	b949aea9cfde29fdfc9feb734ac12ac77d263251a1c2d1232541dc80577aef19	
code/05_downstream/cellchat_linux.R	16089	f5896c30ad19795cf4d3a9bf05710c18ddf29eef84a3a6cf69e657703579c49d	
code/05_downstream/figure6_ab_gse226077.py	9482	9d7a63a5bc405f4078074256034cfbbd6da9101daa93db37d9e2cdea897ceca1	
code/05_downstream/monocle2_GSE226077_linux.R	15210	a5705bd46f50477265532288d446ba6f4df919e2849f03cd7dd98e470fecaf13	
code/05_downstream/plot_style.py	5226	72465634d63e241fbb542f37c685e24c159fd92a7333f24b340cbc834a22c729	
code/05_downstream/prep_ssgsea_avg.py	2694	968b27363668b8d8abb323d37b108e064fefd150cf0fad7c106cdc185139e17c	
code/05_downstream/prep_ssgsea_gse226077.py	2502	e06909bbde1fae3b11500a8dec5a32113531ebd8cd7a82382f89254dc4bf5f94	
code/05_downstream/ssGSEA_GSE226077_linux.R	13620	890ea6744c58508e8f723f3774d3662f5724e75071f77f16089db4c38efb4a5b	
code/05_downstream/ssGSEA_linux.R	19125	75aeace41d41bdcaa3e49178064609ce6901185ff2b6c6b2fbe9988e7d328639	
configs/evaluate_gse141115.yaml	1686	3c05dfbdf86b4ce6850b07403538ba87695e257c166127922149b53f16cc3984	
configs/evaluate_gse159585.yaml	906	d711c548b8d46b813802471ebef3aedb7b15a3a6f661e240e159e5cb69908d82	
configs/evaluate_hca.yaml	1122	78329d5f51e38cc90551e3b47141435d6e44ca7425c5e76324ec6e01e18bc533	
configs/pipeline_gse141115.yaml	502	14ae992b8b430c7f0a7440f03d485051fc44218fcab09aa869d61f364ddd5bbe	
configs/pipeline_gse159585.yaml	403	249f036ebd14fd504f7c0fdb74d8b3f5d3fdb3549672e628bb0da2dfb0c47a4a	
configs/pipeline_hca.yaml	474	b05e8ea5d4c3e3cb184e20af66f40391fc0ba6b1bce08c0dce778d133dc4ce29	
configs/predict_gse141115.yaml	1808	5d28b489f312f68bc7eb64b378cd853f3259960bbdc2deb730b394ab29f0208c	
configs/predict_gse159585.yaml	1110	b4c2c830f000eaf1f739e38b3d8f1bfcf2ee95ad9d2d44bd95e4eed03936ebee	
configs/predict_hca.yaml	1394	06dde40e13ed597d93207bf70cd4fd5afbd1292aad41e4f39ec2fc428f88e79a	
configs/preprocess_gse141115.yaml	273	29d8f2eb528542b311622816e7a49bd9efb0e1d8e457a4602c391c360423c655	
configs/preprocess_gse159585.yaml	259	e28f6d357fb7eb7123edbc9c5252f80ac7f52c7c3700d49552c8b01edf6880ab	
configs/preprocess_hca.yaml	252	7c569a78542d74563d0822a756cc55eea17e7b21f3598c8e26364058faf5c85e	
configs/train_gse141115.yaml	436	4e2d25c41b26e35a6f44149fd492b970b2633000de51539c2331931fed6b8699	
configs/train_gse159585.yaml	431	e09e06870a12d83b24813c7147065d8c0ab05c75d1dfee79c3e02ac558dc35eb	
configs/train_hca.yaml	691	21448a741c25556cf6b112fc34e745a29bc7bb1f29c0cf7d047ef3a7ad9d0edf	
deconvsc/__init__.py	239	4abf94f7ec3d08562b1e98738a9f8dcca9cb5535f278043ca2513de7204f3e0c	
deconvsc/config.py	2517	1b41e00b6c15247ff65896c5e797cbc0b5b85070c122597cc7a5a4f0fbe42c60	
deconvsc/evaluate.py	40145	0bfc34d3a6cc1825b9a67a25226da9254e133b11777d5097d940b7e806d16a64	
deconvsc/infer.py	17915	83f66bb8608fef5590ff95455e2d5f07c30d1c0a84f28ef9311595e5c2a7ba34	
deconvsc/io.py	9681	810ec2bc6b06d80ec5fa50c2e33db43753c2ce63f4c56e4ea0caff42a7a6671e	
deconvsc/loss.py	1147	024a22b9207acdcf8c9b0dde58e39a6b5ff7f6519519fc089f7387f06c7dfe2c	
deconvsc/main.py	8882	458c60704a08d11a4c843e8683571df3b681342bf4e3f6d55dfac4e23e697678	
deconvsc/model.py	4327	b752a21fc76bdb7a4102e3d92fda24ee6b96d76719ea4e57aacddf58eb8851b0	
deconvsc/plot_style.py	5453	c04b505b0410570ac9240bdf3a43fdb83abf8623c7ed09c423be095c3f65165a	
deconvsc/preprocess.py	7720	e2f754a7f56c96eb8045b6ecf47111664e5cd199aa56d0e9f70f4f4a3b96b99b	
deconvsc/trainer.py	5749	ea5d9573de4ac407ce18800654cd7d010788352d5a60aa01a6737e2cc64f2f50	
deconvsc/utils.py	4614	37d8f5c61cb4c17b536c8edd1fc897192e50bb7a7cadb685d6445783fc9737f8	
deconvsc/visualization.py	3639	457bb653e9888a6b0104f55d78af0db468e6839b37c6bbb7c22ffab52a46ccfa	
environment/README.md	932	0dd50eb5c8669a709f9df9902784f7b3768758f0cbbb100ec285178b12267765	
environment/R_packages.txt	405	f29f76722ad4f4393e7b213a969e1d19cbb7424710ebfa6649e8750834badae1	
environment/conda_environment.yml	452	79a46b9729910d1e660628e4ff8b088190b4193c807067511532530d5cf111b9	
environment/install_R_packages.R	1090	52bb43d456032aeea24407461c64c00abfe96ca3fa6be8907305da00b12b309c	
environment/requirements.txt	263	43db1c75a474461f055e65b8d25b011075b3fa5beea629076e95f12bf332d3b2	
environment/session_info.txt	1065	95e1313db15f937e214490377ec3a5f99866bc3780d3e02cbd2c63cce4b13224	
metadata/GSE141115/figure4_ablated_vae_generated_obs.csv.gz	47187	2a55cd1e6655eaed5a29a0d6e2183a27812a7799f752507d3c80813bdb569a52	
metadata/GSE141115/figure4_source_label_map.csv	594	3dac1b3d41f1cd5596b273d6b0fcf4e82cea290a77f39ce283a50f2ed1d258d0	
metadata/GSE141115/figure4_suppfigure5_deconvsc_generated_obs.csv.gz	22719	173b9ce17455cb7bd1b07680e4569c7ee69fac7d25231a3485d1bd73f37a0b34	
metadata/GSE141115/label_id_to_celltype_functional.csv	2061	1f72d7b55fd044f5e17ac6eace8d00d868da2a2df70bfca67c45cbd24d0aa456	
metadata/GSE141115/prophead_generated_obs.csv.gz	21626	3ad712c67bd845c2329092ac9eb5122c776baa1cbb51fe482b0cfd2634882da4	
metadata/GSE159585/covid_application_generated_obs.csv.gz	42048	de2866711ba63546f8724f63c3c5c63e4cd65af933a6c5f4d6073d00cae1edca	
metadata/GSE159585/normal_application_generated_obs.csv.gz	41537	054fb8fad3284a6f19ff4ae17549cd4e8ba4e4ce03e6f3d663d1adeec6691c62	
metadata/GSE159585/prophead_generated_obs.csv.gz	37443	bd827134c4a2f6beeea4bbb2521deb9e743bacde2f1ccfb840a019bed87436ca	
metadata/GSE226077/prophead_generated_obs.csv.gz	12816	f74f01d29e9c1544e35f5627d853257ac690a71e3afb888a9a9dc3f3ed8ad4ab	
metadata/HCA/prophead_generated_obs.csv.gz	60046	3e8f90c3df4a5b41adfb247e5331ffc06b4afc9db6dca36424713b8615534ccb	
model_outputs/GSE141115/figure4_ablated_vae_generated.h5ad	1340758632	78eb9a7b675195ade922f5bb122e8760ffebbca44ccd596d1dbddd45e6f08429	19936x16792
model_outputs/GSE141115/figure4_suppfigure5_deconvsc_generated.h5ad	668794348	a78885bd8f53c1fbfee611f62844033f669af77bd245273e986d001a1817af41	9934x16801
model_outputs/GSE141115/prophead_generated.h5ad	152870249	cac25d4f0fd3a4e9df2a80e36f9182b40aaedd50d0d839bd0255b441eaa7694c	9598x16801
model_outputs/GSE159585/covid_application_generated.h5ad	306728923	428c32ed0411e5f079629d8a2cef22c3e6c4c0e1a9ddf3571602d12b98930397	13985x12593
model_outputs/GSE159585/normal_application_generated.h5ad	361526392	c548d20970182f3d6e9de5286689e36eec11a7105d0e57cfa214c1a250f17f78	13990x12220
model_outputs/GSE159585/prophead_generated.h5ad	355323467	bd78d0ea785b64912ce48b911d0e4f78f7a1e07e9d21702ac3115ff355ea6d9f	13986x12220
model_outputs/GSE226077/prophead_generated.h5ad	151925786	fdf4f1708105c79d46c413025b07b3b55c450b096938517d3a85061e86313841	4800x16129
model_outputs/HCA/prophead_generated.h5ad	710439171	617c28bc0e4fd52636905fde726d2e0ad175a53b292094ac79aaa6bf23c68f22	20943x25366
model_weights/GSE141115/deconvsc/cell_type_mu_logvar_best.pt	53241	9928fa65639282bfcab0eca7949cb361aeb9583d5a613b480221aa1b8cb2140a	
model_weights/GSE141115/deconvsc/scvae_best.pth	436650495	296248e289267fb44aeddb49bf7a255c410d33babad28cffbbe6d040ea9d01c7	
model_weights/GSE159585/benchmark_reference/cell_type_mu_logvar_best.pt	163497	576f032ac6fed8dd27cf51b846a962d2fda292afa9bf6ca7f7c6b8c3bb771ff2	
model_weights/GSE159585/benchmark_reference/scvae_best.pth	346591039	0b2c50608194b49409fc931afef24afbfd62faf574fd8e227748b6f6d41836dc	
model_weights/GSE159585/covid_application/cell_type_mu_logvar_best.pt	163497	e41d545aacda04246ea75db1ea979813cc473676d86ea717666d1bf0df34521a	
model_weights/GSE159585/covid_application/id2name.json	1390	c79e5761efa885d0cb142b93eb9f9e907be5725adfdecc180bed66c81f823583	
model_weights/GSE159585/covid_application/meta.json	265	67cdf607468ecdff816a9240cea0a8fd8650bb571ef7a7979ea8cccc964d951b	
model_weights/GSE159585/covid_application/prediction_genes.csv	80593	7e3870b017386367b53bd9fa6f35b49827a278e151f18f373ecd4ae7b6d041cc	
model_weights/GSE159585/covid_application/scvae_best.pth	351168191	5423e4f1af73d0da49d0a2c92c2b4d10d3431a7d8371369e74979cd64562fae4	
model_weights/GSE159585/normal_application/cell_type_mu_logvar_best.pt	163497	326f109985a971d03da0e8f0c967cf4f2b24699ebae7c0fdc1ff6036ac2a7faf	
model_weights/GSE159585/normal_application/id2name.json	1390	c79e5761efa885d0cb142b93eb9f9e907be5725adfdecc180bed66c81f823583	
model_weights/GSE159585/normal_application/meta.json	265	67cdf607468ecdff816a9240cea0a8fd8650bb571ef7a7979ea8cccc964d951b	
model_weights/GSE159585/normal_application/prediction_genes.csv	80593	7e3870b017386367b53bd9fa6f35b49827a278e151f18f373ecd4ae7b6d041cc	
model_weights/GSE159585/normal_application/scvae_best.pth	347664319	30e38f796630640a75dcf1d0e1f4dee4dd016b0a6a5b36dd0a3fc679794620ba	
model_weights/GSE226077/application/cell_type_mu_logvar_best.pt	14421	68be57f543a660b2b29c15aea3dcf52cdeeff04db09a7789567951c7d0c54caf	
model_weights/GSE226077/application/prediction_genes.csv	108899	5ca59d8a7a7c46010ed916f2f2af75c54222109b81067ae5b2a7e79072fa46b9	
model_weights/GSE226077/application/scvae_best.pth	415239807	581cc81e5af4c8b8bf0efec34962b0f58d60942ad258ea94e1e43b2257859f38	
model_weights/GSE226077/application/signature_genes.csv	2323	64b96ba94885b112b0735d4fe6449ff0863c2b62218d83b1563a0ffe69940cb7	
model_weights/HCA/fold2/cell_type_mu_logvar_best.pt	108237	defe0ec8d6dd448c6654caee61a6717f69bf3e3076158b952d076fb26808df5e	
model_weights/HCA/fold2/scvae_best.pth	288534901	6cf71c87c5ebfd4c88f39607224955ae3eb8b496b65d2a31763aaf392b5f1efe	
processed_data/real_data/human_iMGL/bulk_tpm.csv	3389604	0579bdf282d9c7f97689aca3aff95ff0321d20d8eeba9e1a47a216d745a0480b	
processed_data/real_data/human_iMGL/train_data.h5ad	331132380	3651b1d8b83b66f91ae80970ee8447b849369b400547da6005c985c8c9b46500	10856x20661
processed_data/real_data/human_lung/bulk_counts.txt	1406094	3bf150aabba83743ab54e383ff788cdbf85ae4c9a6bc9384fa4aae77317a8a90	
processed_data/real_data/human_lung/test_data.h5ad	202915110	17c11720bcb643b3360bdad56907e3b32f2e8b0d8ee7549b924d2485c81aecb6	9532x19479
processed_data/real_data/human_lung/train_data.h5ad	1047227206	a56911878c17ab8d888d199533a499ac9d0ad55623705d93b4d9eeeef9b64f9f	51436x19479
processed_data/real_data/mouse_kidney/bulk_counts.txt	1232951	66e23c443e567c2588fd48baaebfe5a2f830e37cb613d1defbab2b03f7748e62	
processed_data/real_data/mouse_kidney/test_data.h5ad	159406372	ddb79eea4ebea57b8a2977ebac42a0fa290690f0a88d260f10cfcf456b57b9eb	16947x17328
processed_data/real_data/mouse_kidney/train_data.h5ad	344441032	f0e7e71727f0d48732d48ec7e71dd052fa009b68604b24432f8e4624c12b37bb	63376x17328
processed_data/real_data/mouse_kidney/train_data_canonical20.h5ad	344506424	c68934bcf605d9e64c9520c567d0845d4293dffcbec1a4489f3848db3f17ef1f	63376x17328
processed_data/simulation_data/HCA/bulk_synthetic.txt	19963130	d543026f16d9875dd017621dcadab928909348ea356565d9360a9331dc346d8d	
processed_data/simulation_data/HCA/gt_validation.h5ad	153160981	f88456421cc10566a827b1ae36df2907c137a15723743992ea8824e1626f59ae	52500x25366
processed_data/simulation_data/HCA/reference.h5ad	362622904	b5f224e87c58de0ae29e305ded007aac6fcb3b059d8f5b49a23a465aa0189ef1	97489x25366
provenance/ARTIFACT_SOURCE_MAP.tsv	3167	79fa4541732a45637ab6e81cedd1bbe5b73871eab3a67eaa0297eef92dcafde4	
provenance/DATA_DICTIONARY.tsv	2559	def97586b4a22bb0afb88aa42487ad00519d82236de7b6cf1530e00b60bfd073	
provenance/EXTERNAL_RESOURCES.md	820	25d6ce191f7a4ec7026c086342b78426161855dfc90a6a6a5975f5dd1668d868	
provenance/FIGURE_SOURCE_MAP.tsv	1531	8dbd979d4787a6026cef219d90611a3adee08474f333591f9d4ac0ec5a7582b4	
provenance/REPRODUCIBILITY_SCOPE.md	2222	b466806345bd41eec6a6da1afc84f3bd2b04db32081fd80338f22011188b6c98	
provenance/source_snapshot_deconv_20260610/01_data_processing/README.md	1906	a485c741c2e4e2fd90f2fd742ac12e4253ff2ac5145e3e4e46eadc9f46153d76	
provenance/source_snapshot_deconv_20260610/01_data_processing/make_pseudobulk_gt.py	5494	19893676d6d7737dc41a47f5783abf560d5ecb386d0961e3b08e4d541d8796e3	
provenance/source_snapshot_deconv_20260610/01_data_processing/prepare_benchmark_inputs.py	5307	18d6361c4953f353be7bea74a267616ecf5d9e55fff22423511438093f164c1d	
provenance/source_snapshot_deconv_20260610/02_training/GSE141115_geneembed_vae_noiter.py	115424	db537e07265f28554eedb212e6ae9638325f389a9329b894aa43793a2e67b6b3	
provenance/source_snapshot_deconv_20260610/02_training/GSE159585-geneembed.py	125685	6fb46d66119d25f24e3251fdd060b87f92ac453cb5009fe31171ed3a06ae74b0	
provenance/source_snapshot_deconv_20260610/02_training/GSE226077-geneembed.py	85788	782d943f365bf6cc44451454a80433b3b414b48dfc66529f414596ca4212b29f	
provenance/source_snapshot_deconv_20260610/02_training/HCA_simulation_v3.py	112050	a04a8d88921f48746e9688170b3f12cddecf1051fb4f2add9f0232aaa1bdd04e	
provenance/source_snapshot_deconv_20260610/02_training/README.md	1965	ca542b31379e8dcc2d60605bb465af6825fc822074c3140f0ff630cd7f209089	
provenance/source_snapshot_deconv_20260610/02_training/covid_train.py	6017	2cd969b269b714ab5bf688a9d2dc0b6a4c46cff99bb073f51e2fcdbbd2849583	
provenance/source_snapshot_deconv_20260610/03_inference/README.md	2517	caf9db06d5279bc2ace0a9e8a6425041b30eabf7d6499e10dd04b14e46c9eaa4	
provenance/source_snapshot_deconv_20260610/03_inference/eval_proportions_unified.py	6051	21f786ab5dafc88d43f13eae0c2aa7d2f792ed74336de3f70233c17175b239c0	
provenance/source_snapshot_deconv_20260610/03_inference/expr_coverage_test.py	5353	4ef117603cfa398f0277530638184c6050cddf37979e94685f2b308825002afe	
provenance/source_snapshot_deconv_20260610/03_inference/expr_coverage_test_gse159585.py	5129	2eaaf32d907e75876658d8fbd71e1425b27b3f119d477c5eef3301de396ae127	
provenance/source_snapshot_deconv_20260610/03_inference/identity_realbulk.py	3355	3dad9eb103044ee673b561aae8f20b42baa20225edb4dc5927ea2aeff90c7077	
provenance/source_snapshot_deconv_20260610/03_inference/route2_generate_downstream.py	10483	87dc7423edfd668a4a881599e9afd7d237a160954a087e41a947b273544c6b60	
provenance/source_snapshot_deconv_20260610/03_inference/route2_generate_gse.py	10511	537c41eee6a8da0d3bdfa40c890b601aa3cba04956ba1602079c8159a4059dc7	
provenance/source_snapshot_deconv_20260610/03_inference/route2_generate_gse226077.py	12160	3a1f0093a1e1294be2bbb4d66e1d293e6461442708ff14c454347767cbc218d0	
provenance/source_snapshot_deconv_20260610/03_inference/route2_generate_hca.py	8387	c617d23ab68691b79321ff0b97f623f48eb3126b503937a156771d3c941e55ca	
provenance/source_snapshot_deconv_20260610/03_inference/route2_generate_nnls.py	10991	643e4c9bc45d78106731b10f84e05ed0cf1172f898e2043192e1bc1596298012	
provenance/source_snapshot_deconv_20260610/04_evaluation/04_plot_pcc_per_dataset.R	35750	566ffb4646139e1715b26dc0e243e36b8501769d6a9aa382350fc82949a44cd7	
provenance/source_snapshot_deconv_20260610/04_evaluation/05_Figure4_visualization.py	13231	28f971249288545213c184d8854bf2fd41701937307e1b9abdf2193ed433d734	
provenance/source_snapshot_deconv_20260610/04_evaluation/05_calculate_attention_ablation.py	18684	ca17a7e19b25658a8dbe98ec75b094a33666c39e042a07d10d0d239c582075d3	
provenance/source_snapshot_deconv_20260610/04_evaluation/ABLATION_topology_metric_scope.md	8129	96b45d681c2056c877f95976f4e9a442107e86abded732544497fc5bc722b826	
provenance/source_snapshot_deconv_20260610/04_evaluation/README.md	2429	1d8cd97da8c341eda249a6be4506f7ef34e7696d0c8359aacbfbd27d9ae14db5	
provenance/source_snapshot_deconv_20260610/04_evaluation/ablation_metric_tables.py	6434	cf89caf4c17f4712df3ac92c401c93520702e5cfa12aef6f04774748989f6e2b	
provenance/source_snapshot_deconv_20260610/04_evaluation/ablation_prophead_noise_hca.py	3889	d751d510a7ea85cb11b74d7c1d5f064dcebf28fb122de232e2de91e6ca95e735	
provenance/source_snapshot_deconv_20260610/04_evaluation/add_competitor_others_profile.py	3595	cdb40b4dfd4062fa31f93ce93970edce49978ac4b415eef4e9a755147a6edf77	
provenance/source_snapshot_deconv_20260610/04_evaluation/apply_common_genewise.py	2386	1703170afcc26be5fddab55b2fd49b2030e42c56421afefc0c561ed47421fa6c	
provenance/source_snapshot_deconv_20260610/04_evaluation/compare_pred_snRNA.py	24051	e326f62c783d030c9317fc470e1789c6501a0c7ef36a060960495a2e3e8d3604	
provenance/source_snapshot_deconv_20260610/04_evaluation/export_benchmark_tables_v3.py	11061	f9b777c122781fcaed531f58e2004493651f362311ff194481724ed1971ff024	
provenance/source_snapshot_deconv_20260610/04_evaluation/make_celltype_tables_by_dataset.py	8376	ace19793d1ec910957a192c5332b92e5397f21e92915632191e51d28a6880df0	
provenance/source_snapshot_deconv_20260610/04_evaluation/make_route2_figures.py	5249	4c9db30aa1f4ddd1ac38bfd10cec4e1455f8cf256709807314ee3550614e49c9	
provenance/source_snapshot_deconv_20260610/04_evaluation/make_summary_tables_by_dataset.py	7079	f281406b736a357eb6fe0dd9807e4ab02488d47c93d66f85f8e4a748781dba8d	
provenance/source_snapshot_deconv_20260610/04_evaluation/measure_cellchat_edges.R	1352	e531023a50dbdbe9a3fefa430b414b76a68b0aa2f4614da9c2408c761ffa3990	
provenance/source_snapshot_deconv_20260610/04_evaluation/measure_prophead_nofloor_impact.py	7762	ca4a59108c7d48a0a1ee22c3c0caa40a5878fa8be63f8f8ca254105930634bec	
provenance/source_snapshot_deconv_20260610/04_evaluation/measure_ssgsea_result_loss.py	1656	58e8e2345b03c7926a6d2f8b6ec21f7db8255a644ead9bf2fe1b84af9379a13b	
provenance/source_snapshot_deconv_20260610/04_evaluation/plot_coverage_downstream.py	6860	4359073023235e1b537f91f22d53e911092f08f6c446f3d061613a2afb5432cf	
provenance/source_snapshot_deconv_20260610/04_evaluation/plot_marker_heatmap.py	11019	039a0de8d9e7c690ea9b6ee85accba341240438c324a04d679d0c7fd0f9f951c	
provenance/source_snapshot_deconv_20260610/04_evaluation/plot_prophead_nofloor_impact.py	6042	8ed066e389ea98fdab1ef9ffe759762579d820de355e9b1c1c164043d3fc6fd7	
provenance/source_snapshot_deconv_20260610/04_evaluation/plot_prophead_schematic.py	4665	18ef75558a1b2da5fc5865a150c0ec4662cf514f65b8628698e88418e83007ae	
provenance/source_snapshot_deconv_20260610/04_evaluation/plot_proportion_pcc.R	6019	4554c2af8a142877968d40d0c557a474edf4e18f9c454ce7f89c76df5f1348cd	
provenance/source_snapshot_deconv_20260610/04_evaluation/plot_proportion_realism.py	4863	c1e53e3d64390b60d1d8a16d39b8d3d18cf16fc9477fcb2eb47675a404cf408f	
provenance/source_snapshot_deconv_20260610/04_evaluation/plot_umap_panels.py	9071	3e48bd77242d6081f3c418148558ce2d4a28b2a90eff80f2d9d71759e469da93	
provenance/source_snapshot_deconv_20260610/04_evaluation/plot_v3_full_figures.py	13968	1f2308f37e53af5cf622f61649954287e3afdf5f360832876c080ab320a51cc5	
provenance/source_snapshot_deconv_20260610/04_evaluation/proportion_realism_scorecard.py	6136	48fc6615f925d74a5913a01a5556f7dcc519bc175665944eea8fbaece341bbe1	
provenance/source_snapshot_deconv_20260610/04_evaluation/proportion_s4_hca.py	7817	f58d64bd51bb98aaf1e6300293c5a82055df2461cf19c97be9530d1bf67fc5b3	
provenance/source_snapshot_deconv_20260610/04_evaluation/rare_celltypes_table.py	2994	abedf202051c4e5cdc1fd8c7a7a219ab7919440a0fbd868b549f60499092c88a	
provenance/source_snapshot_deconv_20260610/04_evaluation/run_eval_v3_route2.py	14513	eabcda3f8febde815041cd74132c0521171e78bec6cb890060d3d710de46c06c	
provenance/source_snapshot_deconv_20260610/04_evaluation/s4_optimize_grouping.py	14073	36fd30954126d3b6599d74fc48d0f76d294b8b8b7109ba41e5718f2c61f14cd3	
provenance/source_snapshot_deconv_20260610/04_evaluation/within_type_module_l2.py	9238	fc6ad9fa15d813ecc703a7f97fa3fdfef3e5315cc179149ae318e9769371812b	
provenance/source_snapshot_deconv_20260610/05_downstream/README.md	2196	8ec8e4d1396330e2e538b11723f9b9499762d91fda235a694de543a2dbcae567	
provenance/source_snapshot_deconv_20260610/05_downstream/_build_raster_svg.py	1469	f537b85e012caa08c244313692566a9707a3938c6132155ac3d63aa1d9330dd9	
provenance/source_snapshot_deconv_20260610/05_downstream/_regen_interaction_barplot.R	3747	6b59f61475eaea49ef043f5aa6f880911d3c6f578f3a96c2e1dbe9d1df626beb	
provenance/source_snapshot_deconv_20260610/05_downstream/ablation_pathway_recovery.R	2375	f86dcbcdb59edef544416c54c3e349d8f5953d23053dbdb3efe80fb4b9b22446	
provenance/source_snapshot_deconv_20260610/05_downstream/alpha_scan_shrinkage.py	9914	e456340511e9d41580805cb06416e9500da0ff8a683febdaaf78aa967ec12a9a	
provenance/source_snapshot_deconv_20260610/05_downstream/beyond_centroid_analysis.py	6131	9eba048d2ae15838a0979f39556730728f00cbde7ac9cb24a30436efe93363bd	
provenance/source_snapshot_deconv_20260610/05_downstream/beyond_centroid_figures.py	5537	ab5f8f3c6a7a1b513bd09717496650a9e8ab4dad1878d2ce1f07c35700089fa8	
provenance/source_snapshot_deconv_20260610/05_downstream/cellchat_linux.R	15770	18b55a123aaba1c91270a1bd04f9ea7645bf8a1cf02afe8b2d77dd164c0e01e8	
provenance/source_snapshot_deconv_20260610/05_downstream/cov_check.R	2120	48b5440585df58552308bc80b1a4b68d714cd0328a26e7d85fc5937518a59d8c	
provenance/source_snapshot_deconv_20260610/05_downstream/covid_nnls_proportions.py	6525	a4b524d9f37da0938264078ff173c21e291f73f99e8007eb09c164eca2321989	
provenance/source_snapshot_deconv_20260610/05_downstream/export_gsva_full.R	242	11b0d5b6ecfc5eb074bba50c85abf17257947ee1ae9e3bf27675f253b45ae121	
provenance/source_snapshot_deconv_20260610/05_downstream/extract_gsva_nozscore.R	1780	0b81c5c55a70d54dae62461b747490710678d3f67d651e573f88b8c2f2cbc036	
provenance/source_snapshot_deconv_20260610/05_downstream/faithfulness_figure.py	3539	6f182f5f270920ded9fd541ea17505f00c7c989569062d3d26ca5aeda24af389	
provenance/source_snapshot_deconv_20260610/05_downstream/faithfulness_vs_truth.py	4485	b66f8da533b7939bd1d4437c270960628310f10877a8a0737fbf3d5fb3342d22	
provenance/source_snapshot_deconv_20260610/05_downstream/figure6_ab_gse226077.py	9407	42501d89cb09cde2697b53dae84632724f95e53b01db35b9ea67a6442aa4642a	
provenance/source_snapshot_deconv_20260610/05_downstream/identity_both_conditions.py	4166	972e3304df3bbc205d9b401a42b2be9370efd83bd332dc3a02a6c6c421f1af7b	
provenance/source_snapshot_deconv_20260610/05_downstream/monocle2_GSE226077_linux.R	14782	245c3c9ea0ead66d0f0b2b3478446c02b07b47e577b70d30cd76b276deb0b089	
provenance/source_snapshot_deconv_20260610/05_downstream/plot_gsva_nozscore.py	3666	69099179fa8dc948e9a7dd82dc9ec356ceb97dc24a7b26d8f8c216dee71292a3	
provenance/source_snapshot_deconv_20260610/05_downstream/plot_nnls_fix.py	1878	b0e6533e19fdb38864d6bf2fd54a1df6adca00d85ad9a9a3e8d3f9d679fd146b	
provenance/source_snapshot_deconv_20260610/05_downstream/prep_ssgsea_avg.py	2498	d0b96c0e48c437612fb43150232fef20e35b19b7d1a05a70665a11cc6263d8db	
provenance/source_snapshot_deconv_20260610/05_downstream/prep_ssgsea_gse226077.py	2341	bf94cb769a7f60a37a5515d7e2872ff9cb52e0c0c715bfff0ec4359ba6a79e58	
provenance/source_snapshot_deconv_20260610/05_downstream/residual_realmag_heatmap.py	6066	c111c9bbc153a72fb3f31982ecbb9823ca0f03969efc09626b14fd19d5b0cf2d	
provenance/source_snapshot_deconv_20260610/05_downstream/sample_specificity_heatmap.py	6973	afaa8c193abf14e004ceea428d60d83c38cc97e441c185d684318749e16e9c49	
provenance/source_snapshot_deconv_20260610/05_downstream/solver_search_covid.py	6764	1c4707c02f2e3996781aae5e8f7d596dc9b0cfd05c54f7832af4792d9c0d27ad	
provenance/source_snapshot_deconv_20260610/05_downstream/ssGSEA_GSE226077_linux.R	13297	ebaeab0320852a15fe6993d9d78aaf3adab0da52f2501b7976949562653369f8	
provenance/source_snapshot_deconv_20260610/05_downstream/ssGSEA_linux.R	18794	ae5edca9331ad8da891e64c3a048cf51894035f7db120009cbe166796872cde3	
provenance/source_snapshot_deconv_20260610/05_downstream/within_condition_old_vs_new.py	5302	53a46159f799dbab367f47f3133c5804ef4df7ad8e3ea505545492ba383b6a83	
provenance/source_snapshot_deconv_20260610/05_downstream/within_condition_resolution.py	5950	d6ff90d835337f0abad717653cb3308c498b9121e88d4f620a12129cbdfbbfd2	
provenance/source_snapshot_deconv_20260610/README.md	537	6854524cfc0e840f8980c68802d74e987004f02bf0fd15b602144d60cf60d92e	
provenance/source_snapshot_deconv_20260610/lib/common_gene_set.py	2788	e1c1aada4fad140c74441160fe6ffe17f3ae4e85d103e0345dbad6a288cac0d0	
provenance/source_snapshot_deconv_20260610/lib/eval_proportion_variants_hca.py	5376	d7c9bdc79fdeaa7c67a93c36435d1cef5f4b73717f29f99fee0c3251400dd3c6	
provenance/source_snapshot_deconv_20260610/lib/make_arial_font.py	1821	8a663c5dcc11b7f51880d2d60a490c530e4b902f326b0e3b6f1ccb9c0fa5c35b	
provenance/source_snapshot_deconv_20260610/lib/plot_style.py	5226	72465634d63e241fbb542f37c685e24c159fd92a7333f24b340cbc834a22c729	
provenance/source_snapshot_deconv_20260610/lib/proportions_unified.py	20585	8b77ed108339ab4120e4f3412c08be775a9ef650c4d9be684d8972a8a6861da5	
provenance/source_snapshot_deconv_20260610/lib/route2_lib.py	25316	dc43bfcd8795ddc299564b49840c675f5ab74fa718014d026e2b8b4d54816c51	
provenance/source_snapshot_deconv_20260610/lib/run_eval_HCA_fold2.py	16084	6419f47995def03e1e3e3eda0431c706bc1358db04581c11b63ba8d0479c99b3	
provenance/validation_report.json	13511	85f3b45c7803c73349ce9785c95b1bead3a4ea98a3ad05261442a5791d9669ea	
results/ablation/alpha_sweep/panel_e_alpha_ablation.pdf	17937	be7632372c69bf212ea5ef1872bd887c0ce69c5dd27c5716321d9bc65791200e	
results/ablation/alpha_sweep/panel_e_alpha_ablation.png	163024	7f461128678bf0e3f9542cd0b4d221a84eba4e66bef2655f232ad1f8e2c450cb	
results/ablation/alpha_sweep/panel_e_alpha_ablation.svg	15703	1b86c3be1f177bd26637e383cdd61d64f560f43c7baa1c4ecbf09efa4a3f047f	
results/ablation/alpha_sweep/result_gse141115.csv	516	69ef20dc944cc76682d06bc74295910a220b6af14021b0fa404dc374956c4252	
results/ablation/within_celltype/analysis_config.json	5062	a7600c40ff4be4bf60f57e1c5139f06a686e1df93e122a7e641a891da201329d	
results/ablation/within_celltype/analysis_report_zh.md	10514	7f6fc2d9a2dab6009dd0f98d3839d467fc70784e38f6773d21b4c719880dd601	
results/ablation/within_celltype/architecture_equivalence_audit.csv	1195	50fb9ac01afa60d8ba9f253b658bef55fe4cf0439c3b974003eec868e020ef3a	
results/ablation/within_celltype/cell_count_audit.csv	4734	a6283a7821b9be19c95edf8a826d1eebd6cc2c0948ae892693ae3bee5e3743f8	
results/ablation/within_celltype/comparison_with_split_real.csv	1772	ee3d4594188729cb165030e961051432403755c854a6c8685c91c8dfeb955ce4	
results/ablation/within_celltype/eligibility_matrix.csv	444	23b9432e5a3e479129b617e65dba3d92086c21813041feda7926106aa1b5331e	
results/ablation/within_celltype/experiment_record.md	5620	85ec904ea2b3ccf01fb8ac8b7e5d16b625a984f458c257e213df9548c9f118cc	
results/ablation/within_celltype/figure4_inputs/README.md	1594	a5e8355bb8397e23145b3061403884fff02b33bd20bccc0543b8942aac2e145b	
results/ablation/within_celltype/figure4_inputs/figure4_input_manifest.csv	1144	7d90c5fb3172a076f80dbb4ef89debd2a658d440c3fdff765bc1d0b85592602c	
results/ablation/within_celltype/figure4_inputs/figure4d_pca50_symmetric_profile_pcc.csv	1572	b6401a5ed0cb47277c74f534e260c02713e18e7e60440a9c0602fbfdc677aede	
results/ablation/within_celltype/figure4_inputs/module_l2_withinType_dists.npz	1579	d6ebd833810209839bf8f7248884e5cfa7fc70e13f2fda82868bd2a51fa91aa9	
results/ablation/within_celltype/figure4_inputs/paired_statistics.csv	3231	a9ff0c22ccf8ecf8ec5a8aa7e3f3e1d1c3953da995ec7526007f2c98c0509e01	
results/ablation/within_celltype/figure4_inputs/topology_metrics_long.csv	6823	b547f90d4510b81294d8faf3e89623da9b8d1e97f74b12cd9b0b95c632cd7a89	
results/ablation/within_celltype/figure4_inputs/within_celltype_panel_data.npz	3246	b29b60140efd4a2ffcfcd72c84e1d85f47695ca75c6065fffb4a64ae7a5131b6	
results/ablation/within_celltype/figures/Figure4_within_celltype_ABCD.emf	247684	cf66a33d90b0487624b10f0862954fb4016b9d3c167c1182233d7fc8952358cd	
results/ablation/within_celltype/figures/Figure4_within_celltype_ABCD.pdf	26052	3cf82e9106cd288907f2616340a855ae7f1a079cee6803bb5091d17458e77b60	
results/ablation/within_celltype/figures/Figure4_within_celltype_ABCD.png	656418	d4f0d271086d8796e4953e03a414d2b1b401baf135840dce98d51c2438d34467	
results/ablation/within_celltype/figures/Figure4_within_celltype_ABCD.svg	41707	e261361d68231b35643f286424879cce978dcc2b312440aa8e19b21985b3aea1	
results/ablation/within_celltype/figures/Figure4_within_celltype_ABCD_caption.md	4136	97a507abd85eebdc880e3d53c3158077450bff0d7e262a80fcec9f5894dacfa6	
results/ablation/within_celltype/figures/Figure4_within_celltype_ABCD_plot_audit.csv	601	9cd5da58f96daab68c7b1b677da04c6e8a0e9aa702e23773d73e28b9bd3da98d	
results/ablation/within_celltype/figures/panel_a_within_celltype_hub_jaccard.emf	63716	d35e0986ecfcdb0b8de0a8ee40fc042d55dab13784ec01813b8984064114b238	
results/ablation/within_celltype/figures/panel_a_within_celltype_hub_jaccard.pdf	17076	da4b3d80d4d79a6702aa5a48751ac9f3cca54692b86c973a5bb50c2b6a099525	
results/ablation/within_celltype/figures/panel_a_within_celltype_hub_jaccard.png	202239	7c27402f98bb4920d1a47932f8b6704720857087cf6124e7e1843c0fcab23a5a	
results/ablation/within_celltype/figures/panel_a_within_celltype_hub_jaccard.svg	11444	9d977a99b160be0575dda9e5c6b5d05fa07e71de34b2081acb57d2652511683c	
results/ablation/within_celltype/figures/panel_b_within_celltype_mi_fidelity.emf	53680	a92c56d630dc8a7262f1d5cd2a30dd1628dcee0f67074db9ef5932557fd15ecb	
results/ablation/within_celltype/figures/panel_b_within_celltype_mi_fidelity.pdf	17605	bc19d591aa5131f7180a77da48a493ae86b1895c968639accae8c6a4355410fb	
results/ablation/within_celltype/figures/panel_b_within_celltype_mi_fidelity.png	181490	02852722385aed990dc1e12f71862290222986bfc38e069eed5cf2b80a237b30	
results/ablation/within_celltype/figures/panel_b_within_celltype_mi_fidelity.svg	12137	bc84eb5e0739b638d59a9f89466db5a1d8babfaa664615628997c8f6149a574c	
results/ablation/within_celltype/figures/panel_c_within_celltype_module_l2.emf	53960	8e75b0a8209c8b9d266044ac741552ea8f431797e30666f1e0b2d0c00f3008f0	
results/ablation/within_celltype/figures/panel_c_within_celltype_module_l2.pdf	17070	09cf5fb26125dc72acf219bb96e84cc72c1ad835b0d98b8ac6ce2c6243d84f6f	
results/ablation/within_celltype/figures/panel_c_within_celltype_module_l2.png	184613	bb50771138c615f321dcedb7a37d387cbe556214d4cc2436a96bcfd839468b2d	
results/ablation/within_celltype/figures/panel_c_within_celltype_module_l2.svg	11031	fc5ad72c032213401080f9495f7292f255f056b88961a1b38f176a944f4b4629	
results/ablation/within_celltype/figures/panel_d_within_celltype_coexpression_profile_pcc_pca50.emf	73364	467ca83fc708645a359ee268b09079bda0ceb22bfd3b1d2b8956b33f54745ad3	
results/ablation/within_celltype/figures/panel_d_within_celltype_coexpression_profile_pcc_pca50.pdf	18082	b13896ac6950e2ec28fd7f5a51ec65caff4a8ef23b0424ff339ee7d5e5f3ec18	
results/ablation/within_celltype/figures/panel_d_within_celltype_coexpression_profile_pcc_pca50.png	237226	eddef6c1f2a1132916d8c098135ed63a89adebb41ad9ee00ff98d8ed3812972f	
results/ablation/within_celltype/figures/panel_d_within_celltype_coexpression_profile_pcc_pca50.svg	12653	bd9c4aea410e6b454b6283a41d7cb457fe0cd88a7607d319d61f90efbf75a526	
results/ablation/within_celltype/hub_jaccard_by_celltype_hub_seed.csv	1031529	e9f4fb4cb5f1d295a2ba8257002afa75a402c86b492821bacc0e4c4e56bfc45a	
results/ablation/within_celltype/input_manifest.csv	1348	5057b6619958f3567d383f193fb678ac7e5ed90a089443e285d6a301a5dd07fa	
results/ablation/within_celltype/input_schema_audit.csv	1182	7e5c5097fb3972c5ba7367ce3bd493237085384dc84bd6e9190a0a316064fcf4	
results/ablation/within_celltype/legacy_bridge_reproduction.csv	365	327925f8424defd53589ef7cd928eaabc574492f120eb76c84aee6b643c3a8cb	
results/ablation/within_celltype/module_l2_by_celltype_module_seed.csv	1040287	951b31b18d2fbff39ce3f4eef10bde801c22c01a87634af4cd72dbbb259b6948	
results/ablation/within_celltype/output_manifest.csv	16367	0bcbe3358a06c1e91afd146d24ed5f1e67e6e5726ddc2785e33b8a700a134a3a	
results/ablation/within_celltype/overall_summary.csv	239	e31e992e6a1b1c7af996354edb142f93315fba556c40c34fd2319229d9f22dff	
results/ablation/within_celltype/per_gene_profile_pcc.csv.gz	310759	53291056a206733eba8b25f77a230e50866710dcb41807fafb6c7ad10546f718	
results/ablation/within_celltype/plan.md	15526	2272e1c414240aea9c912933721b1ac583835d8f8087d0571a84fb2cc42b55e3	
results/ablation/within_celltype/profile_pcc_by_celltype.csv	1238	bc5d1e97917b4a7cb83cc676cdbbeb158e5397081fd6c6e7676813699d3f17ff	
results/ablation/within_celltype/profile_pcc_by_seed.csv	4957	80af36dc57147bd032655b82a5561eb96935a8e193e26a176e63eb1b59991a13	
results/ablation/within_celltype/protocol_deviations.csv	1249	159231e4587c05fd646a896a69748d215640db409352f709095e5887395ad04f	
results/ablation/within_celltype/provenance_checks.csv	424	8173d9f7d426396b2d95c3af23c6b9164a52720ba17b0613d736dfc2931c10e0	
results/ablation/within_celltype/reproducibility_comparison.csv	1648	3c6b6fb1ac307b89cc2bb247207fbe9fc3cf569bb4f344197b26e2b1ad748a02	
results/ablation/within_celltype/run_metadata.json	501	63009cabf25adb1e0e1ac50a8d88a6612960ed3ca84bfee7979e9edbdb82b69e	
results/ablation/within_celltype/sampling_design.csv	525	7ae0c24fff941739e019e6acaa251f029d3eb660f335a087269308bc10a7e0c5	
results/ablation/within_celltype/sensitivity_analysis.csv	4051	474b2f981ef9ab552b1cac664f3013fc49556dba0487287ee36f9850d78c0431	
results/ablation/within_celltype/setting_eligibility.csv	18297	fac3369bb7ec2b9fb450711e0c19f2f4ddfa69e8c290baa8db17252cc705fdc0	
results/ablation/within_celltype/statistical_tests.csv	3231	a9ff0c22ccf8ecf8ec5a8aa7e3f3e1d1c3953da995ec7526007f2c98c0509e01	
results/ablation/within_celltype/training_pca_audit.csv	315	08d323d70e415b6aa4233e1f491908169e903deba17ca48262718521e5da2ad1	
results/ablation/within_celltype/validation.json	365	46da742bd0f64ada3730a952dbfd6f0ade7c8b7f95d34ac542201a612fd9e1ce	
results/ablation/within_celltype/validation_checks.csv	6433	769140842d590c6a104e7b13603b2b632260b7c64c5338dbc32498065f97d750	
results/ablation/within_celltype/validation_report.md	5549	306734b364c3dafa378230bfd5c4acd160a047337ebc2c454641586fb2e2716e	
results/ablation/within_celltype/within_type_gene_panel.csv	278941	63a3faa9de02662f06624f4f8b07e902a077673da7b7f244e81c4c482cabc724	
results/ablation/within_celltype/within_type_metrics_by_celltype.csv	29788	2b24fd9421b93968dd622b4c73c00d47452cf89ad0a8c8be5c56048949e1d5cc	
results/ablation/within_celltype/within_type_metrics_by_seed.csv	419977	346ef500024210424bd658bc63f496e46b705fb94026def238ae8690be74ab08	
results/ablation/within_celltype/within_type_modules.csv	56267	85fe1021cbdf360e945d23b5569a95c4d7fbc74583385227dc7e3c4a72de9301	
results/downstream/GSE159585/cellchat/chord_COLLAGEN_fibroblast.pdf	79593	7d19a09e7557cedb4165dad5e8468882d5c6de7dd689b1150176b39d32351745	
results/downstream/GSE159585/cellchat/chord_COLLAGEN_fibroblast.png	355227	2eaa8c0bd558fef9557611bbb39318abc65b532cae130ae5dd377b87a09f60be	
results/downstream/GSE159585/cellchat/chord_COLLAGEN_fibroblast.svg	189622	82536f0cb55986397d7ffc85dbfa1a09bfd23555bf034e90aa26b02bd0504fe4	
results/downstream/GSE159585/cellchat/chord_MHCII_immune.pdf	60460	0884e14257020c8814d54fdf715fb683f0f936e897c75b40b5b022a020e1ffb1	
results/downstream/GSE159585/cellchat/chord_MHCII_immune.png	311954	1a75f39d2b4bb6c86f3d211683625d19febe68ae58c433874ed5034200661b5e	
results/downstream/GSE159585/cellchat/chord_MHCII_immune.svg	134017	e5e68dc015c7fa881358e2e15b2a00e1bd288a618ea6b3a13043595610ce4cb4	
results/downstream/GSE159585/cellchat/chord_VEGF_vascular.pdf	59802	6655d8ff7c5299ae365bd13cf9d898d1c5ede9f384822f44cbe9d9427cf16f67	
results/downstream/GSE159585/cellchat/chord_VEGF_vascular.png	298727	1f5c7fc4b71a9ba8ca560ada37075b69fd178fbea78f40b4672b29474b992bd5	
results/downstream/GSE159585/cellchat/chord_VEGF_vascular.svg	138436	fe39a384830437f6ed053340b28120808df25cd81196d48ae8ff49d64fd9c054	
results/downstream/GSE159585/cellchat/comparison_df.csv	3172	2a3d4f19b1dd16940cac804fbb6818c2acbe698559a910eaecdec8c9120b3783	
results/downstream/GSE159585/cellchat/covid_cellchat.rds	712453629	3932fb44b44cb3af0a02f7193f2fa5a83e1242590061c4351977fc8b34498074	
results/downstream/GSE159585/cellchat/covid_pathway_counts.csv	124	5476f7334accc8fb5ff3e451513007683cc6c83461af02e6e8a3b253b93b9275	
results/downstream/GSE159585/cellchat/interaction_difference_barplot.pdf	128759	471af3a57bbc63b59e8510ed3f78e0ea47e552984b519a5476a136034180164c	
results/downstream/GSE159585/cellchat/interaction_difference_barplot.png	315389	76c149d636c5d30d5c575bf6f8cb4483e9f508f151e664909d901fb5992ce91c	
results/downstream/GSE159585/cellchat/interaction_difference_barplot.svg	22074	7d96d24130f1562fc90465fe25defad401d0b595037115fc9bc622929bb8b8d0	
results/downstream/GSE159585/cellchat/normal_cellchat.rds	847854009	cc15eb82215b66b52833faff13ebea4706932a1798bd2e02708688d7f83a78c9	
results/downstream/GSE159585/cellchat/top10_signalingpathway.pdf	17652	17cb8e95182150458a557e15c380aa20f474eb51f2998efa2c9708b1f3843408	
results/downstream/GSE159585/cellchat/top10_signalingpathway.png	67345	f81830aac1bf9826b7b8f83505574d623260936e627e12a40e99cfe19545b0cc	
results/downstream/GSE159585/cellchat/top10_signalingpathway.svg	6673	fbe2ce7e4d98a1979f51882f7d80beadf944bf805b715c9de1f8b7017596339c	
results/downstream/GSE159585/ssGSEA/combined_gsva_scores.rds	296397	c2bf48013fe7180d795a3df3b7d71a449530966a6d7ef41521b200d5c73d79b5	
results/downstream/GSE159585/ssGSEA/gsva_scores.rds	331266	bf16c1a052fcb02904f1a50d45ba06663691159ad8f1a8e80143514ccc7c8bb0	
results/downstream/GSE159585/ssGSEA/ht_main_sdlogfc_specific.pdf	238191	ded25b0bc002b38926303e3c0c1987aa19fa0da6ab8cd2f88126c7bfa3eea838	
results/downstream/GSE159585/ssGSEA/ht_main_sdlogfc_specific.png	649000	31d81fb2748481da85c91410afde5cc769ababb00f4984a231e35207ad3f5308	
results/downstream/GSE159585/ssGSEA/ht_main_sdlogfc_specific.svg	252535	4246aeb1e0b7fd0c10804d67a3b5e7340d161d2a68947aff353e470ed50e481f	
results/downstream/GSE159585/ssGSEA/limma_result.rds	143405	34d88ff51bcc025bf1fbdaddb72a2dffbefad7953cc00a2bd4d0b722f61bad61	
results/downstream/GSE159585/ssGSEA/sample_heatmap.pdf	216219	b05fbb07c37c196f6943e6bac600d99d46e0994327f54d6bbbacb38c3e8c8666	
results/downstream/GSE159585/ssGSEA/sample_heatmap.png	725731	b24be60c22813c56619b3ebff75bc9fe764e648088d0d14fb5c43aa20c373468	
results/downstream/GSE159585/ssGSEA/sample_heatmap.svg	76230	5094f74c1a62e269291a3faba7b0ab7469e2e6ca263b3a3fdf17c27453658230	
results/downstream/GSE159585/ssGSEA/ssgsea_avg_expr.csv	63863583	c1bd88e7e6dc1baef5b00f57d91fdb98581b9cc63af088ecceaf61f2704d7a32	
results/downstream/GSE159585/ssGSEA/ssgsea_avg_meta.csv	34327	88433f16ecd8dc0f5e6b2a623dcf26d376435c7f3e919608e679a04ed571127f	
results/downstream/GSE226077/BEAM_res.csv	1106174	0beaf346a369f91e647014cf7bfb69d881cfd4225c4845a4523e36f42d331624	
results/downstream/GSE226077/beam_cluster3_membership.csv	84322	263b8d2595d5c675d057a528f96252da5b1bcaf7b0e568e4caaf763711527511	
results/downstream/GSE226077/figures/marker_dotplot.pdf	127699	2319262e8a5d0c6fdb21bad28b8ecce34506eea863ef6110fea0b6fd75cea75e	
results/downstream/GSE226077/figures/marker_dotplot.png	971848	065fbd4fa7304b495ffbafe349853eef84d102811ca452328f0b9242756e4c31	
results/downstream/GSE226077/figures/marker_dotplot.svg	133393	137b3c439fc403065ad82e8d9dfeda06b2ed203b8289f978fd403f9f9ef48f03	
results/downstream/GSE226077/figures/plot_genes_branched_heatmap_cluster3_1e4.pdf	305079	2ff23260914b95736dd12555b5f3976ab5cb40615a2457963d285ad0074d5e5b	
results/downstream/GSE226077/figures/plot_genes_branched_heatmap_cluster3_1e4.svg	2184256	228eeb7704505fe225106f2b5649d2296feb78786dc95de6fe5f7bb4a963db3b	
results/downstream/GSE226077/figures/trajectory_celltype.pdf	211118	aaf9183516e1738c594cf0a559086274e1976a7027f8712cbd7a1c1d2fce2495	
results/downstream/GSE226077/figures/trajectory_celltype.png	206183	9b84e33055ab3ea51e3a577a10fa3651ed170a536b14eb76428d128d3669dcb9	
results/downstream/GSE226077/figures/trajectory_celltype.svg	719984	1bb8ce3bc6990d956bb8db8e212b343c4a2bb2f51e0db5488769212fdc4e9bd4	
results/downstream/GSE226077/figures/trajectory_pseudotime.pdf	211449	445405894bd5696e37d47eb5066af36c0477d381f2b578c1ee3e794802a65ca7	
results/downstream/GSE226077/figures/trajectory_pseudotime.png	149931	d505ae4d3be9931e8b118cf7ee8960daf0b8b3c685ace24d7b9fde583899ba7e	
results/downstream/GSE226077/figures/trajectory_pseudotime.svg	719716	a0951ca38afce91c21e1e303b50a8c116e67d99ae87262aa0fb0a598512ea557	
results/downstream/GSE226077/figures/umap_celltype.pdf	49430	858a5fba28d62843f9ccb31a0eeef890038e763b1c5c24d23ceda50e171d46fa	
results/downstream/GSE226077/figures/umap_celltype.png	410999	20f20ed433b6c8a807a287b15f92535034dcc3a7650dac5d84c8f54b30655102	
results/downstream/GSE226077/figures/umap_celltype.svg	38057	026ce517c9513b354437f5463750fb3f7ea0a0ee96db6f67e4a58f66b720115e	
results/downstream/GSE226077/monocle2_HSMM_order.rds	400276402	7ed9645de519d6b1fe3f8a3d42d321b030ebcfff8225f82aa8221df3a5455a45	
results/downstream/GSE226077/ordering_genes.csv	1724	5db27e746365c5f363897b37b0c81862cf8f2f499cf48937091d8c2c0280d354	
results/downstream/GSE226077/ssGSEA/combined_gsva_scores.rds	22238	9582da1fdd943ddd19da850d969904c598ea7ec32714f924dc79e24c904982c7	
results/downstream/GSE226077/ssGSEA/gsva_scores.rds	56323	6f26e70821991cdcfe81e81b825abaff1d81b460e34a5880db37297a65079311	
results/downstream/GSE226077/ssGSEA/ht_main_sample.pdf	199797	03089950c7bc67e78de8866c717a66699ba62c587885455f20886f120be87e43	
results/downstream/GSE226077/ssGSEA/ht_main_sample.png	569275	d3754c29ea9e8a47f8fc48466c26c7de68dd6af2ccd49c5287557afa6ee132ea	
results/downstream/GSE226077/ssGSEA/ht_main_sample.svg	38760	003c4fa724546d6f1eca9221f1172b31dd75abcfe2177943b18d8fe56137dd81	
results/downstream/GSE226077/ssGSEA/limma_result.rds	11278	26f89ba164ca74c643ae0062e434bc1ff46f0535f0bff56b6dab020c8a850164	
results/downstream/GSE226077/ssGSEA/ssgsea_avg_expr.csv	6580681	c1f5a27ead1f7cb0c6412c570c00a8b4264fa341d25c459853db3a76499aa946	
results/downstream/GSE226077/ssGSEA/ssgsea_avg_meta.csv	3013	41f663d0ee4fe153b28648c4f73fff8a2c4c5dcc900e7118a99a32827075eec5	
results/downstream/GSE226077/umap_embedding.h5ad	210757848	d448eca3bb6fae366c850178e8d6504baecbd1d6ddc340a5c434e033ca4d0cad	3200x16129
results/expression_prediction/figures/GSE141115_methods_box_all_genes.csv	2187723	1d9375f2265b43ba08fd8a3f0fe1deadf804942355dec02a8735116bb4f3d439	
results/expression_prediction/figures/GSE141115_methods_box_all_genes.emf	203064	021561125b82c4c2ac2f01f4a76cb90a62fed24f414eb2921c801d3179f96ae0	
results/expression_prediction/figures/GSE141115_methods_box_all_genes.pdf	23547	74fb931017d32b68f7ee836122db393b49e49ff373149f1559f43d0a56122377	
results/expression_prediction/figures/GSE141115_methods_box_all_genes.png	215153	fa6d366b6164039ac5c0a46277d2179fd50622c4b80f8288c70481ce337a449d	
results/expression_prediction/figures/GSE141115_methods_box_all_genes.svg	27181	ffb3b83160bee1eaf302eb11b46ecd89b63d3faee79b7fd6cc7d8db6ded35bf3	
results/expression_prediction/figures/GSE141115_methods_box_marker_genes.csv	83665	cf40958292773b0ac0ac4a8fe7dbc77eeb0702c42f331676a705bfd4478098fe	
results/expression_prediction/figures/GSE141115_methods_box_marker_genes.emf	189224	47bb69af998c59888ea0f447af1fb7bbbe81a79e8a4c48700957e041e6c1e900	
results/expression_prediction/figures/GSE141115_methods_box_marker_genes.pdf	22720	6c14c1d9700762a59ff7e9b6f67f5253f85393a79039a2935c13a9f9bb97fd73	
results/expression_prediction/figures/GSE141115_methods_box_marker_genes.png	218170	362a58617f8b06e2a80cc71d836f8d4bf98b93c8eec1517f8b3a024c1ed7606d	
results/expression_prediction/figures/GSE141115_methods_box_marker_genes.svg	23748	b4e98c9737effdf536c721d55e8bb68e7540ca6d7736ca5b7f7b248b31cca0e4	
results/expression_prediction/figures/GSE141115_profile_fine_pcc.csv	2612	6f8ad2a687281ba4e8962b067946369e865e6d09754ab3ccdb234b6d05616122	
results/expression_prediction/figures/GSE141115_profile_fine_pcc.emf	281596	1d78df5ae0d5c9d4d756d789df0ca102b7306055abfa76f617196f37acfb117f	
results/expression_prediction/figures/GSE141115_profile_fine_pcc.pdf	22472	0be47bf4d0b36837a0fc934cebdd2cf622dc0b7012a795e9423d05468a2cb45a	
results/expression_prediction/figures/GSE141115_profile_fine_pcc.png	462321	abbede649506cb16d3d1975bef0108495e51aaa008639aaaebfca37ebb99affe	
results/expression_prediction/figures/GSE141115_profile_fine_pcc.svg	18156	4a12dac6abd0a1da74c4802ced0c5d097fdecf976d29805f77c989a7bd6fdabe	
results/expression_prediction/figures/GSE141115_profile_major_pcc.csv	1091	39e8a109bc165673b710fc99f44c36a64d74a9bf40e5d4898b2823b460003c91	
results/expression_prediction/figures/GSE141115_profile_major_pcc.emf	156364	06b609fcbb446e467d9e4b2a8d896cbd1aac6f58cb68036a6ce356fc5facff66	
results/expression_prediction/figures/GSE141115_profile_major_pcc.pdf	19833	964bb588b0c3c54e99a3f8517f7bc4256aa0c22cf586115119157bae199f255d	
results/expression_prediction/figures/GSE141115_profile_major_pcc.png	236828	86098cefe0334196e3e4f62cdc7c1086c2029478c68177c9ebf1b5209f8af1f6	
results/expression_prediction/figures/GSE141115_profile_major_pcc.svg	10152	29aedac55210417e2e72cf1923bd07512ac014650d88a5245c400ae01907d8cd	
results/expression_prediction/figures/GSE141115_pseudobulk_fine_pcc.csv	2614	e6da9a4179e89c7d383d1957a43af3c0b21094dba53aa45ed269122f894155b5	
results/expression_prediction/figures/GSE141115_pseudobulk_fine_pcc.emf	283588	1084562559fb4a5cd0b00b41d6709b783a14010fc4d4836de2968c27dbfc9510	
results/expression_prediction/figures/GSE141115_pseudobulk_fine_pcc.pdf	21782	a94f0368640fdba3bcaebd5bf34e5a4b3a981d8f634f6774d50b166922d17752	
results/expression_prediction/figures/GSE141115_pseudobulk_fine_pcc.png	465017	238e2bc0c19bc425603a37b05d7126bd721caf742ef4d9be9f481e77d51a9b68	
results/expression_prediction/figures/GSE141115_pseudobulk_fine_pcc.svg	18159	c32571aeb3a751d4b6b1e952dec33b07766e0b6a99718d86c071188e0a90003c	
results/expression_prediction/figures/GSE141115_pseudobulk_major_pcc.csv	1090	324ca964a2bd0c0eccfe894a2cc3882ceeaf05fe1ef4b256ca46ec40319ccdff	
results/expression_prediction/figures/GSE141115_pseudobulk_major_pcc.emf	157800	b7a39712b897938b91458c1d94bca9ec2b6c95003a798768034afece2c4d4a23	
results/expression_prediction/figures/GSE141115_pseudobulk_major_pcc.pdf	19844	923b04df461f6f1dea217b443af649038a33488715bcbf1aad0b2d96eae7329f	
results/expression_prediction/figures/GSE141115_pseudobulk_major_pcc.png	237795	1185fa79915aa994987adc83b29d395602e35d0b3f64e3d5fb44aef2e754d8aa	
results/expression_prediction/figures/GSE141115_pseudobulk_major_pcc.svg	9842	bdd6c1564102bcfaf22650fd023965e798650f1ead90eb9115eae1c85884269a	
results/expression_prediction/figures/GSE159585_methods_box_all_genes.csv	2090027	8134988469b154a8c4ef35f71dd519b2561680c6035fba7e0df4f25ed09515f6	
results/expression_prediction/figures/GSE159585_methods_box_all_genes.emf	274752	5d08b96d02a02505cf8d14dd06a3ce2388325e601ddf7c4f148684f28c730ddc	
results/expression_prediction/figures/GSE159585_methods_box_all_genes.pdf	27647	355240d758705c92b308a059c42ee2df1878926f5a97da5b74778697c0a9fd2a	
results/expression_prediction/figures/GSE159585_methods_box_all_genes.png	207494	b9dc25976d87416f527c89508d49f3c68d74c6f4bb6af06d9e289b0cc5cd1bd6	
results/expression_prediction/figures/GSE159585_methods_box_all_genes.svg	41568	a56df2882c928275c1a7038bdddc3f4067b9b2454674dbeb8257dd07320e40e6	
results/expression_prediction/figures/GSE159585_methods_box_marker_genes.csv	110710	48b73fd42dcc0880ceaab53da455138efb496ae27373e9cb8f23a44dc8fc9484	
results/expression_prediction/figures/GSE159585_methods_box_marker_genes.emf	180160	0f85fc028f0a94a1c6d54f5ebbf4f0832db1cc8601e7dca79aa33fa9dd4eda42	
results/expression_prediction/figures/GSE159585_methods_box_marker_genes.pdf	22501	3fdb559a7c3c0fa5940599774e32fcc7867fa46230a963fc89f16bc9edf89859	
results/expression_prediction/figures/GSE159585_methods_box_marker_genes.png	206393	b1f4de1ed56c6536dcb9dcea5de5ad59a1ec369c51e81d74315d5b6a1160f323	
results/expression_prediction/figures/GSE159585_methods_box_marker_genes.svg	21878	56b633e8399df139c3cdc3c16ab6329ca89edcdd7f98116d539d1922b90bfa9f	
results/expression_prediction/figures/GSE159585_profile_fine_pcc.csv	7490	32192db5583b241473679f8f7cf9b3836ded3c5ccf047e9db2a7da8e7ce43ffc	
results/expression_prediction/figures/GSE159585_profile_fine_pcc.emf	548752	b6976b260d7bbe7400b71f1ba233ec1e60eba21a9f0bb895970cfaf2ee767cc6	
results/expression_prediction/figures/GSE159585_profile_fine_pcc.pdf	27095	87ca813d71800c927fef16f49a3207a63d1661a4b0250e830cf359c2e8663101	
results/expression_prediction/figures/GSE159585_profile_fine_pcc.png	931222	0d96427ad7b421d9862c25bb0e14ce39714da998a7ceeaee9db986bf2526e719	
results/expression_prediction/figures/GSE159585_profile_fine_pcc.svg	48004	f648a7409a336c0f8446054a8e27d9e4253f7f7b2ab5548af53c4d93096281e1	
results/expression_prediction/figures/GSE159585_profile_major_pcc.csv	1541	8fd6967ba8f48dbe26ee129a3c96f3703ce963618ba56b39407022a98331c9e7	
results/expression_prediction/figures/GSE159585_profile_major_pcc.emf	171840	8c08b8c5dd5d23b4cd148030ff2dbaffd8cbc78c239fbe0d038f2ff0f916ba67	
results/expression_prediction/figures/GSE159585_profile_major_pcc.pdf	21131	14235deb068d3b59060ea5931d2e08b5529d6a471a3d860a2dbff78a7df29f30	
results/expression_prediction/figures/GSE159585_profile_major_pcc.png	263933	ba97563550d8804d8f8acd4a98930ddb51896d04d9e3297b76cc9b29f37ff39e	
results/expression_prediction/figures/GSE159585_profile_major_pcc.svg	13530	fd01d0f793e894e688c0648b1be26603f6fd6d2f64c9757a48064d312b7bf05c	
results/expression_prediction/figures/GSE159585_pseudobulk_fine_pcc.csv	7490	32192db5583b241473679f8f7cf9b3836ded3c5ccf047e9db2a7da8e7ce43ffc	
results/expression_prediction/figures/GSE159585_pseudobulk_fine_pcc.emf	555436	dacee3e0733e0c21265691eebf1963976fd19cece209d2ca00c501128272f036	
results/expression_prediction/figures/GSE159585_pseudobulk_fine_pcc.pdf	25762	ee3ccd5c02c03bf230f5a2d294cc7d24a721b4a28d93f521db653a9cace0693d	
results/expression_prediction/figures/GSE159585_pseudobulk_fine_pcc.png	932187	6738e8ee5624ad4da48ee8f90ac1cc8511992e62a8087165398b916560ad30c2	
results/expression_prediction/figures/GSE159585_pseudobulk_fine_pcc.svg	50782	2bbe9f7ef1368d6eee831e34c1d69e66069bcdd865e122c99dd4974649b3457b	
results/expression_prediction/figures/GSE159585_pseudobulk_major_pcc.csv	1541	8fd6967ba8f48dbe26ee129a3c96f3703ce963618ba56b39407022a98331c9e7	
results/expression_prediction/figures/GSE159585_pseudobulk_major_pcc.emf	173552	d73ea96e8cf9cc199f25837971009bac543b79ddfbd8b27b420f3142eff69f71	
results/expression_prediction/figures/GSE159585_pseudobulk_major_pcc.pdf	20655	2a6fe5daa173092e73cb728e885d4ec1645ba748c34fc75ecb6c25a5bb5927a5	
results/expression_prediction/figures/GSE159585_pseudobulk_major_pcc.png	265314	d1c8f6c82c1d73a595dbb5de612e1baf40d3bba83939e05c9070a8e7106ad93b	
results/expression_prediction/figures/GSE159585_pseudobulk_major_pcc.svg	13355	6c3e5ee70bab67b42cfc643638c1b245ae03d83349850f3011b820171618b77d	
results/expression_prediction/figures/HCA_fold2_methods_box_all_genes.csv	3965672	ec0fc9543456394155ab44131b7afa3f3a65baaa249f27a36acf7e76697892c0	
results/expression_prediction/figures/HCA_fold2_methods_box_all_genes.emf	1719228	5c29e826aceb287d84f97cf5ed8f982d98bbe11ea14ce6ea23c8ca120d13127a	
results/expression_prediction/figures/HCA_fold2_methods_box_all_genes.pdf	100851	e086a6cd86ee4c1f263c06979f008fad67d245abd8892b630a6170b6762b5ec4	
results/expression_prediction/figures/HCA_fold2_methods_box_all_genes.png	209606	fd2de538ea05c73b71b92359963e1110c57f3fe228118aa9c7b0960994d4e709	
results/expression_prediction/figures/HCA_fold2_methods_box_all_genes.svg	340575	48d7264e8ed304702269e9874188be4b70f6fe0965d7f4cef3dcd7b2972a0fae	
results/expression_prediction/figures/HCA_fold2_methods_box_marker_genes.csv	133485	fd68e38020e61be550909780d696d46deb3b10f999aac23344eeb5298d48e618	
results/expression_prediction/figures/HCA_fold2_methods_box_marker_genes.emf	192224	9af20e50acd4081e485abeeb3788cfe37993da13e1ac70be445ef418532776c1	
results/expression_prediction/figures/HCA_fold2_methods_box_marker_genes.pdf	23386	d4dd069749def1be386d642a47dfa1222e3639c89ee1f38c2de3ed31b57d0959	
results/expression_prediction/figures/HCA_fold2_methods_box_marker_genes.png	208293	95a6739133bf83a728a667466b1a5bfc49fb7bf1a6ebf007e809f1c92842dfab	
results/expression_prediction/figures/HCA_fold2_methods_box_marker_genes.svg	26527	b9206fba4d52b93f64f64270d80aaec843bb2820d7a5a1dc67849ceeca07bc7f	
results/expression_prediction/figures/HCA_fold2_profile_fine_pcc.csv	3228	8136ac2c1f196e81973af58614b6d666f8cb272ca51692fb372eeb9c927856e3	
results/expression_prediction/figures/HCA_fold2_profile_fine_pcc.emf	326952	f453ac5169d1cadd2210e819a3e4589e7e69e015c6cfc7de2656fa802f0a5edf	
results/expression_prediction/figures/HCA_fold2_profile_fine_pcc.pdf	23742	5a6f5fa8e917a185036879856454219987fa3d2297a57d3e30cc396a49a6ada3	
results/expression_prediction/figures/HCA_fold2_profile_fine_pcc.png	528297	b4c2a5d53754716db5b57505ba494edc29584a5f00632689b205a00d74bdafa6	
results/expression_prediction/figures/HCA_fold2_profile_fine_pcc.svg	22948	63473abe152e1444c8c96a95d6cc02a91d840d0e2122eb983bbbc2e999948f91	
results/expression_prediction/figures/HCA_fold2_profile_major_pcc.csv	1200	a3cf49844f8dad60396a4efa0bc9333d238d4f732bfea88f360c1538f16b8a05	
results/expression_prediction/figures/HCA_fold2_profile_major_pcc.emf	170532	abcfcee90da5c3b867a4590ccb57caa5d3019c6802312ce53e93ba99b8ad5603	
results/expression_prediction/figures/HCA_fold2_profile_major_pcc.pdf	20378	2d3fcad17c1a8498063ccb80f5d28d5f8fa1380d0842a146f4dbf8186d004940	
results/expression_prediction/figures/HCA_fold2_profile_major_pcc.png	259141	fccac12c1738301528abeffbcd00b69240d6a91770526a334c4db3d7848ba487	
results/expression_prediction/figures/HCA_fold2_profile_major_pcc.svg	10160	fbbe36f2d907eb6760bbfb6d89313dfb000bd505cdfb996af31cedf0ed03e2fe	
results/expression_prediction/figures/HCA_fold2_proportion_S4_pcc.csv	1643	a8ff4f1ef7f4b31cfc9c6779152d0a189e7f227f1aec47c3502618bcd9e8fc22	
results/expression_prediction/figures/HCA_fold2_proportion_S4_pcc.emf	216916	b9b899cd3b1766a7ad682207a993a88063d52ee9a3a304c09d52231cde840cae	
results/expression_prediction/figures/HCA_fold2_proportion_S4_pcc.pdf	21509	66194a3de029ab379b70eefc48c583179bb7b9ca53bda2bce612671f24234f3c	
results/expression_prediction/figures/HCA_fold2_proportion_S4_pcc.png	344828	a8c386c61080f6986bc0d25665891c7effaab81f32add739486e2d26fc0cce7e	
results/expression_prediction/figures/HCA_fold2_proportion_S4_pcc.svg	17530	032c1f767a42e0a4e26776e769a44781cdd271b0ca8e915ecf9aa4a85a2164f3	
results/expression_prediction/figures/HCA_fold2_proportion_group7_prophead_pcc.csv	917	1deb52dab792196b7fa85bb79d7c35fc4ad502c59398ae1c6f7b134d38f35e9b	
results/expression_prediction/figures/HCA_fold2_proportion_group7_prophead_pcc.emf	153084	fe50d4020163a8a180ee7f8d5531d44ce6681ebc5cf8e08351e0e9b97faaec01	
results/expression_prediction/figures/HCA_fold2_proportion_group7_prophead_pcc.pdf	21153	f20df77895e18c1c475f57206859ecd01e7ad6c77514868a626d0fc6bdfef6b4	
results/expression_prediction/figures/HCA_fold2_proportion_group7_prophead_pcc.png	246902	718430a1e27ed45e10359033020cb46aa31dd60fd10fe4c0b24cd19df1fe4bed	
results/expression_prediction/figures/HCA_fold2_proportion_group7_prophead_pcc.svg	12196	66db79571f2a3e65c25a220699653e07e9294728f27660522d21ffacb92756fd	
results/expression_prediction/figures/HCA_fold2_proportion_lineage5_prophead_pcc.csv	655	d366e05db74ad65a8cd52ad364e53f45d9d8daaab0bf177465bcff09c96c3754	
results/expression_prediction/figures/HCA_fold2_proportion_lineage5_prophead_pcc.emf	134048	b81f8fc4411bfa58c3c9814ceecea6e66a2b7e9d9127c32b4dbd9653929b8e2e	
results/expression_prediction/figures/HCA_fold2_proportion_lineage5_prophead_pcc.pdf	18629	572b833f8822a1350c177f4faeb0419d9e8720690d57e9d7e89dc323bcb788d1	
results/expression_prediction/figures/HCA_fold2_proportion_lineage5_prophead_pcc.png	212115	40c6275d6eaa8f0f2ff9f463e55bb4f3eece606995f5476a53912752c51dced3	
results/expression_prediction/figures/HCA_fold2_proportion_lineage5_prophead_pcc.svg	10010	f0e58e82ebfecd9b84992b1ce9b1803aa477a2d33e26f89f37d238f950e6d2d8	
results/expression_prediction/figures/HCA_fold2_pseudobulk_fine_pcc.csv	3251	87fd634cb1abe63e47ab30c41194c67572660fbc483527d8a068ed5b57b5a1d5	
results/expression_prediction/figures/HCA_fold2_pseudobulk_fine_pcc.emf	328680	d7a3349cea90b9669df17133ef97ad71a0f3d6cacc982dae795ce30216e2e6e5	
results/expression_prediction/figures/HCA_fold2_pseudobulk_fine_pcc.pdf	23133	b758b51380818e7c3e99255fb3a51ef6b561708666993665b59a8f832c9d4930	
results/expression_prediction/figures/HCA_fold2_pseudobulk_fine_pcc.png	530359	93274bb63154b0163e88eec6a569fc780a4048493cbc084d71d1ace7bde3c341	
results/expression_prediction/figures/HCA_fold2_pseudobulk_fine_pcc.svg	22783	dd94fe0657a30efacc07c7f482b09ff0f4c4341fa3de4581b4a3fabb65bbd020	
results/expression_prediction/figures/HCA_fold2_pseudobulk_major_pcc.csv	1201	dd6a7c844fb5c127760257e97a768c821b5d457e5c27e8cefb377088729f393a	
results/expression_prediction/figures/HCA_fold2_pseudobulk_major_pcc.emf	171968	ffcb6fa237f4cf854c98401476a8176a861b327da829c7a954902fa30c2b0d08	
results/expression_prediction/figures/HCA_fold2_pseudobulk_major_pcc.pdf	20376	11e73f2830bb60c56d64470df22763b0f9073ad1d7b4b82fbcefb3e25d85d68b	
results/expression_prediction/figures/HCA_fold2_pseudobulk_major_pcc.png	266876	f9fc6e1b3c7ec6c3f218e6a80521d82e986b42c7820146de19597bc90908dafe	
results/expression_prediction/figures/HCA_fold2_pseudobulk_major_pcc.svg	9854	e0dcbba1032e04507ce50f426b434aefbcadb03368dba6877bcbc9ba878face1	
results/expression_prediction/figures/UNIFIED_proportion_gse159585_pb.png	89356	affd99cce15b07dd6b61683d8641fc86d7b5f335939dd9e1e71f1db57994ee0b	
results/expression_prediction/figures/main_genewise_allgenes_pcc.csv	498524	a2e1d06ed71ec2ac718e7ea00251f8b76dcb0d31706ee830377aa7f138237587	
results/expression_prediction/figures/main_genewise_allgenes_pcc_GSE141115.csv	97134	1acbfb6cb3f5361c51dc17e594fd5bd7990e1d2a70b9cac7814ec34a0661c398	
results/expression_prediction/figures/main_genewise_allgenes_pcc_GSE141115.emf	182632	e648e77abeb23a0bb3ef344642f89896a162a3bcf6fed641cd7122c7c0f98e5b	
results/expression_prediction/figures/main_genewise_allgenes_pcc_GSE141115.pdf	21936	4b2509013a6e96d936a3f07a99825f8f6a19bb26f2b5015fe74f7f5d0816a6ec	
results/expression_prediction/figures/main_genewise_allgenes_pcc_GSE141115.png	265024	fbf9b7b5a14f90548345213fb6d7e675f7b24baa1e47f3e05959f424be61fee2	
results/expression_prediction/figures/main_genewise_allgenes_pcc_GSE141115.svg	15153	82ea8ad3e60c0e40180dc5458818b50ecc6caca5dbe5e89d858c4a316f636452	
results/expression_prediction/figures/main_genewise_allgenes_pcc_GSE159585.csv	57037	34379e1127dff08ebbe5673840cd0005b8789edd65982bfb1ffe919db1667ab3	
results/expression_prediction/figures/main_genewise_allgenes_pcc_GSE159585.emf	163304	ca0e6739364d5de092f5034ffd9a0130871477e0e94b12c5a5cc1e2ce3c2a074	
results/expression_prediction/figures/main_genewise_allgenes_pcc_GSE159585.pdf	21015	0253b4281a316f0544e4903fdaf6b9a6bc0689f13789d62d15edfa75f2afdc83	
results/expression_prediction/figures/main_genewise_allgenes_pcc_GSE159585.png	248745	2005907223bb9b9c91f961b95ff5c07fea448b9a1bcf2e7b3928186f0d18a660	
results/expression_prediction/figures/main_genewise_allgenes_pcc_GSE159585.svg	11302	a9edd8ef525f8264064def96fbcaa46956f064e475f0c4a7fa26732a237dbee6	
results/expression_prediction/figures/main_genewise_allgenes_pcc_HCA_fold2.csv	344397	e4fd606e5d23e74854d5c16bd8ac96dc380bc2e22d320f4588f9c0f0cc83edf8	
results/expression_prediction/figures/main_genewise_allgenes_pcc_HCA_fold2.emf	154660	188aac669fbbded52b3cf0f9fa03a557f0c9832f2e6c176af33b3c67a85e0c00	
results/expression_prediction/figures/main_genewise_allgenes_pcc_HCA_fold2.pdf	20882	0e29ed24f1f7857f35485b929147e4d35d6223d2f74b6a73f79b62400f18f355	
results/expression_prediction/figures/main_genewise_allgenes_pcc_HCA_fold2.png	235749	2999012fa3f42c1db6d8821629a7dda20fce78558f67310e8ff09278898b918b	
results/expression_prediction/figures/main_genewise_allgenes_pcc_HCA_fold2.svg	11789	df9844823fc3a4a7bcdffe440236e7901c3bf38a0a4b4dabc379a5d8202ef1db	
results/expression_prediction/figures/main_genewise_pcc.csv	231127	9142944804877b3dfb8d39fedca4c7ffbb5a7efc4583f8c9a4f9f9fee3812c6e	
results/expression_prediction/figures/main_genewise_pcc_GSE141115.csv	63714	202e75e175d4bc3aef7a67693e570ae4f654d25dc8cc959d90a853ef7d23dcd3	
results/expression_prediction/figures/main_genewise_pcc_GSE141115.emf	147708	7c8d34c4e36c4d3e7ff26a5bfc77ae888bac577d95d54b3c9b63b6ab397543f0	
results/expression_prediction/figures/main_genewise_pcc_GSE141115.pdf	20051	5a9e2ce3c973720139c45c9793ccb85fdc37f16f48ca5a5fbae69c5905283b3a	
results/expression_prediction/figures/main_genewise_pcc_GSE141115.png	232726	50aac8036d10b49084383de8c4a740753d30e3adc760d5699e01eac86aad234e	
results/expression_prediction/figures/main_genewise_pcc_GSE141115.svg	11502	3e2733a01cae65cc59b1263ad85ff926107b38130d6d5fc29b37a7483bd5384c	
results/expression_prediction/figures/main_genewise_pcc_GSE159585.csv	80085	2a1974a2c36c8cd8b9748e6624358f0f1c52b0956d602b034c2b07e4079554d4	
results/expression_prediction/figures/main_genewise_pcc_GSE159585.emf	150236	d7c6e43408d59a76ac57131bdfb2cd90c57b53555c27aa28e853204a5c52b31c	
results/expression_prediction/figures/main_genewise_pcc_GSE159585.pdf	20723	bb57241866ea10f02778ded79f39c2cbc71fd1ec948fbbf8b59f073c41d3bcf0	
results/expression_prediction/figures/main_genewise_pcc_GSE159585.png	226867	8de3d4dea33e215c14ce27de5808e88949eedb100af3515b7b660394c9e9a286	
results/expression_prediction/figures/main_genewise_pcc_GSE159585.svg	12499	fd5ac816c64f396bb274701fb524ef24854f2171a7f877011971733280fb6261	
results/expression_prediction/figures/main_genewise_pcc_HCA_fold2.csv	87372	4c661fa42db44ac55e819346ede7642a77a022994f2f36f1c6f334a1c88f0d84	
results/expression_prediction/figures/main_genewise_pcc_HCA_fold2.emf	138268	526ee4afe25efa31f228c5402c813dfcfc94d33f4c094cc7df2b1257aa644374	
results/expression_prediction/figures/main_genewise_pcc_HCA_fold2.pdf	20525	c2d97c6fdae598ab99a997109746fdddba89909faff7d1fc42a4992708f4a46f	
results/expression_prediction/figures/main_genewise_pcc_HCA_fold2.png	218218	1e6efdbcc46a624d4930ba5e86bc1d3e33df2857006a3cadce9dee287251486a	
results/expression_prediction/figures/main_genewise_pcc_HCA_fold2.svg	12527	bc2321af796e3897a1583bfe5c6a789ed4eda46f771d91d10f6b23509c385eb3	
results/expression_prediction/figures/main_profile_genewise_marker.csv	229071	2e2d2702b356bb9a5099994207d705b998421b81fefc07c6874f3c0cd176508d	
results/expression_prediction/figures/main_profile_pcc.csv	21539	4a26e41f284856ec7af7026b7e94915da643a3184ef8e47738b0fd1b779e28c8	
results/expression_prediction/figures/main_profile_pcc_GSE141115.csv	7472	d13118fe75d04b7ec180874b463c9c9861d8625b3a6c10d3585b6b41f39eb672	
results/expression_prediction/figures/main_profile_pcc_GSE141115.emf	131560	ff557c3e8d733539639f2c10690e92bf9f685680d2effd24ca994e771ca38319	
results/expression_prediction/figures/main_profile_pcc_GSE141115.pdf	19689	96fe51abffbe8744d1f8c1caa2abd3dd23e83aff0bdb2487794f5ce99b623c95	
results/expression_prediction/figures/main_profile_pcc_GSE141115.png	220122	c040b2fc2517f531b9e0ece7f34ddc922d20d31dacede06e9da5c2689fd99bd4	
results/expression_prediction/figures/main_profile_pcc_GSE141115.svg	9632	4ac05a4c6a0755cd47d17979bda63c82b056df16d108e967c72cda4816a32022	
results/expression_prediction/figures/main_profile_pcc_GSE159585.csv	9554	fc1814c87a491f0bc7a3cc47753674c888cb37ee9b6c95df819e7228fd1369d2	
results/expression_prediction/figures/main_profile_pcc_GSE159585.emf	132356	1d5925f415826c4d6db97ac68c04488672f7f74f9666d5074b59a135e390767e	
results/expression_prediction/figures/main_profile_pcc_GSE159585.pdf	19537	a042cb14a6544861c1efe1c4bf70ad90606c4fee90201e1565c773156d031a61	
results/expression_prediction/figures/main_profile_pcc_GSE159585.png	216194	047bfaa822cb61e9fc277f95e2d151588552346a24e3695f0ba9aa0ed5dd26c4	
results/expression_prediction/figures/main_profile_pcc_GSE159585.svg	9455	8aec99871ccebc7013963576ef489939b5045b5016f760e065e24e479adb9fa1	
results/expression_prediction/figures/main_profile_pcc_HCA_fold2.csv	4557	9a473203033bb9d4d550b39da4dcc29d0ca9b72db02a71ffed58566d3079c6bf	
results/expression_prediction/figures/main_profile_pcc_HCA_fold2.emf	122556	ca6b19cf06c55d0c21fe758d89e85bfcab4e7988f79e59fa3f9f52b002b05918	
results/expression_prediction/figures/main_profile_pcc_HCA_fold2.pdf	19021	f9409d3eaaca72c6dffadb5019050ec1aaf0889200acffac2ade09ce537a002d	
results/expression_prediction/figures/main_profile_pcc_HCA_fold2.png	207573	934d86d96a7cab373565a14adde6334272f0a398f15c57f766f34283a848bcfb	
results/expression_prediction/figures/main_profile_pcc_HCA_fold2.svg	9185	9be003907fdf284c2f57498286e030fe612592a0e0442f095cf890a577237845	
results/expression_prediction/figures/main_samplewise_pcc.csv	23616	03848c0d72629b81101c31bb3a96f616746b7a83364dd98e343153eca06c64e8	
results/expression_prediction/figures/main_samplewise_pcc_GSE141115.csv	676	42f2f77fcfd6beb4c2142319308207ca3a09363b874fea05ae13fd89e52c6c2d	
results/expression_prediction/figures/main_samplewise_pcc_GSE141115.emf	126160	17abea2a503b02baae2f07248a3efdd0d34bacc1a309ffbc0fd96d4a87e719a9	
results/expression_prediction/figures/main_samplewise_pcc_GSE141115.pdf	19739	ac040b11efd7a115ad57e6b4dee5c59a604b6434a643e610714e3dc7fdad6f8c	
results/expression_prediction/figures/main_samplewise_pcc_GSE141115.png	211808	b47b687f2d580674e6428bbf25e7c544c9d722ae3c189ca7c0e658847020c93f	
results/expression_prediction/figures/main_samplewise_pcc_GSE141115.svg	8591	d8fe029a95656e894428b37eaa8519c671b9730ac5cc57f18b814ae3226534c6	
results/expression_prediction/figures/main_samplewise_pcc_HCA_fold2.csv	22962	f9471f388d9fbd5cd0dec6d98d11bc673ca168338fdcd4f23cda932931a18b8f	
results/expression_prediction/figures/main_samplewise_pcc_HCA_fold2.emf	131876	6cd33a1b0c382984b9774d0cce949e045703c7228d552d552f74ed21c06b13b6	
results/expression_prediction/figures/main_samplewise_pcc_HCA_fold2.pdf	20123	32c7e2ebf9868625e990e969d9ae5a31403325e1c2174a1aa9f040bab7e5a6a7	
results/expression_prediction/figures/main_samplewise_pcc_HCA_fold2.png	209527	77958bf7baa6b2acf846e1f17ce4cfb87cbf66fb5e040b7ced006092d6b8e96a	
results/expression_prediction/figures/main_samplewise_pcc_HCA_fold2.svg	10532	67e44bbf868eece9e9d0ac83562ce4e575b11485c42ca1055f0144b126144358	
results/manuscript_tables/SupplementaryTables.xlsx	50403	99d9d34511be983e070f98d1d3b3e4461697882f6d46cf0dde8bc9300f65033f	
results/supplementary_figure5/README.md	2414	b28d5bb0ffdf63205cb08691045881c0bd079ce8ed6e4496cb248c6668267820	
results/supplementary_figure5/analysis_config.json	2841	da9ca473f8678cc83f0ff7ce3886d19ff7eb8b96be1bb9a079df33be48d79239	
results/supplementary_figure5/analysis_report_zh.md	10066	c6b7489baca43854f4888e077d46b0473eda592045f553ecda38b5e0abe490e0	
results/supplementary_figure5/data/correlation_matrices.npz	981207	0fbac03c5dd0c8554a9602e6a7c37adfe69980c0d3c50595badfeecceec8f61e	
results/supplementary_figure5/data/hvg_panel.csv	64517	f6c9c272517017d8c72c78b32545becfc09386e37eebca71eb71cd8e4b0920f1	
results/supplementary_figure5/data/matched_cell_ids.csv	3042053	f6173e2cd9532ec2009189ddfbb68dba1f642f0995219062ceee34edee70c275	
results/supplementary_figure5/data/metric_summary.csv	1851	0da8be4caa8aa7bc2fb1d3041212db8dc4c0d2025b21bb1517e7c8b9b5aae6e3	
results/supplementary_figure5/data/metrics_by_seed.csv	3097	a1a9365d2b16e5f520d5acde8a85e37ddd2cc7558e6ed9504055b3691c0287a8	
results/supplementary_figure5/data/panel_a_mean_variance_correlations.csv	285	b46ad5d9e06cab3576b792a63cab1e328751edc8dffd9bd4f39084a1337acd2a	
results/supplementary_figure5/data/per_gene_normalized_moments.csv	2807807	dabfd549c9c04ab5af654241f6f69c976158992e5cfcb92d2bf7af687cf2e4c5	
results/supplementary_figure5/data/sample_celltype_counts.csv	1210	c79077dbff5b6eb3a789303cfa452a83769ed8a57f529ce24f509a70d7625d57	
results/supplementary_figure5/data/within_stratum_variance_by_seed.csv	29983	3fb94eb827d43fdc4f1b3da964749df7fce82bd4a938b226a44ebcdd2515be27	
results/supplementary_figure5/data/within_stratum_variance_summary_by_seed.csv	568	553e256d8c3228ee7e2feff17d4434c33e55cee7372a3557a592efb048492995	
results/supplementary_figure5/figures/Supplementary_Figure5_corrected_AB.pdf	640004	bbf70e419c107efe062fe7de6626c67cfb8f5b9284c56c48c26e62c847034f5a	
results/supplementary_figure5/figures/Supplementary_Figure5_corrected_AB.png	1324835	7fd581b7c973726e4837f0b16e02f62c3d122601382236b800cf09a3aa35d914	
results/supplementary_figure5/figures/Supplementary_Figure5_corrected_AB.svg	1324773	a5bab0a0621792aae408215e74152e3f417bc33bb967c75007d702b666953d33	
results/supplementary_figure5/figures/Supplementary_Figure5_corrected_caption.md	2535	64983be0d5b7fac91103bd6a84cd6da76066fa2b632582cfed562bf4c787bc80	
results/supplementary_figure5/figures/Supplementary_Figure5a_normalized_expression.pdf	343265	b6e2bfd64ea4414a1d91fa44a894704ee9f4d675479e8f8c4597fb8a83ffe5ff	
results/supplementary_figure5/figures/Supplementary_Figure5a_normalized_expression.png	798278	e28436c69a5e2ee9c2c6f394e0d31c04b36fb76ceb5143c81dafc81945e3ec10	
results/supplementary_figure5/figures/Supplementary_Figure5a_normalized_expression.svg	727114	be605c0503e4af3303183d9ccb93740dec56bb0cfba2777070821f440f492cfe	
results/supplementary_figure5/figures/Supplementary_Figure5b_coexpression.pdf	314802	2a8b36073f1f2481bcbc67970f3412170de182a98641810f38141d15d57350a0	
results/supplementary_figure5/figures/Supplementary_Figure5b_coexpression.png	526285	80a04b136bfc8779209527e2a3c3d51c24eeb6d2d01165147a6247c0fe601a17	
results/supplementary_figure5/figures/Supplementary_Figure5b_coexpression.svg	601444	04eb80cb3489372756c093f2fc4b9663075bfe9462ff9f75d30db6ceb6aea4be	
results/supplementary_figure5/input_manifest.csv	508	d4ea3c752e6573156721aa126e8c3a3bcab268265940912128a1e974933c913a	
results/supplementary_figure5/package_validation.csv	764	d8f76ca38861cde9c75b14c1864df1db0dcc44ec1856e1bdeccab3e05fec1c3d	
results/supplementary_figure5/reproducibility_check.csv	856	51cd5a03f89c6b02f8915bd8c25db791d2f8b0f0dfcb766a7cd0989d6c6f955c	
results/supplementary_figure5/run_metadata.json	308	3941252eb7a73a545487819b4e5cfa3a033104362e8c25fb4445d3d225b79b6a	
results/supplementary_figure5/validation_checks.csv	835	3c14b478532afb487004865665f983c5242e236f4ace3e0e7dd7fb18cadc88ec	
scripts/build_release_manifests.py	1787	65b942aa680ce13718478c4f62249121a7f07838a651bdd65ea175966eb27fc1	
scripts/evaluate_prediction.py	6730	20de0b2a6df8a3e062cc99a62fa3e0fa8e8cdbf82b33456eed89ab28be8beb21	
scripts/export_release_metadata.py	683	ec045cfa0f18c03979888811de6987ec9f4ab3fafd710f082fda440498884b31	
scripts/make_archive.sh	315	f5c931b522cce8568e1fa64e98d8c81a2df472bb44caa60f71d349703b3c8616	
scripts/predict_bulk.py	9234	6782e2ff50cb7084a14642cdbbce18b5d692953cf3259ab81da73f887da7ae69	
scripts/preprocess_data.py	4867	f994f9b9acba7a63e50a7f4c8e73b6074dbb20ca65354af63c9c4cbfe5bcc7d4	
scripts/reproduce_figures.sh	736	5b8aa134757d23193635fb34f0e5bb9b68c36b754c55e0b0efced498ba935ace	
scripts/run_pipeline.py	1667	ca21aba13698d1533db8aa91cebfafbdb7a382c82ca6a8d91ea6bb3c272b5eac	
scripts/train_model.py	5207	0ae134391a8bf28309b75cb17f92d23f3ac367416036cee4acbaeb5718d082a0	
scripts/validate_release.py	10391	0a557d110b55683dfdb21f57614c56ebb1ce161d726bc31031367bf86b511ac9	
scripts/visualize_results.py	2700	734ec9330e47fa7a6b80cd263c11f4ae9429ee118d9c5c74b380ae5dbae62167	
