sample,cell_type,sample_profile
homosapiens_None_2023_None_sikkemalisa_001_d10_1101_2022_03_10_483747THD0007__rep0000,Activated myofibroblasts,0.6842512294196317
homosapiens_None_2023_None_sikkemalisa_001_d10_1101_2022_03_10_483747THD0007__rep0001,Activated myofibroblasts,0.5832946810968134
homosapiens_None_2023_None_sikkemalisa_001_d10_1101_2022_03_10_483747THD0007__rep0002,Activated myofibroblasts,0.7272028711203384
homosapiens_None_2023_None_sikkemalisa_001_d10_1101_2022_03_10_483747THD0007__rep0003,Activated myofibroblasts,0.6762314706028484
homosapiens_None_2023_None_sikkemalisa_001_d10_1101_2022_03_10_483747THD0007__rep0004,Activated myofibroblasts,0.7434117560686647
homosapiens_None_2023_None_sikkemalisa_001_d10_1101_2022_03_10_483747THD0007__rep0005,Activated myofibroblasts,0.6707601254748247
homosapiens_None_2023_None_sikkemalisa_001_d10_1101_2022_03_10_483747THD0007__rep0006,Activated myofibroblasts,0.5763884295027969
homosapiens_None_2023_None_sikkemalisa_001_d10_1101_2022_03_10_483747THD0007__rep0007,Activated myofibroblasts,0.7083563568962999
homosapiens_None_2023_None_sikkemalisa_001_d10_1101_2022_03_10_483747THD0007__rep0008,Activated myofibroblasts,0.6683146724633131
homosapiens_None_2023_None_sikkemalisa_001_d10_1101_2022_03_10_483747THD0007__rep0009,Activated myofibroblasts,0.6573100426677334
homosapiens_None_2023_None_sikkemalisa_001_d10_1101_2022_03_10_483747THD0007__rep0010,Activated myofibroblasts,0.6027337099474666
homosapiens_None_2023_None_sikkemalisa_001_d10_1101_2022_03_10_483747THD0007__rep0011,Activated myofibroblasts,0.6688277947288737
homosapiens_None_2023_None_sikkemalisa_001_d10_1101_2022_03_10_483747THD0007__rep0012,Activated myofibroblasts,0.6705313111255461
homosapiens_None_2023_None_sikkemalisa_001_d10_1101_2022_03_10_483747THD0007__rep0013,Activated myofibroblasts,0.6916608940757383
homosapiens_None_2023_None_sikkemalisa_001_d10_1101_2022_03_10_483747THD0007__rep0014,Activated myofibroblasts,0.7398201921360646
homosapiens_None_2023_None_sikkemalisa_001_d10_1101_2022_03_10_483747THD0014__rep0000,Activated myofibroblasts,0.561324720956118
homosapiens_None_2023_None_sikkemalisa_001_d10_1101_2022_03_10_483747THD0014__rep0001,Activated myofibroblasts,0.6163749101681633
homosapiens_None_2023_None_sikkemalisa_001_d10_1101_2022_03_10_483747THD0014__rep0003,Activated myofibroblasts,0.7343155963223702
homosapiens_None_2023_None_sikkemalisa_001_d10_1101_2022_03_10_483747THD0014__rep0004,Activated myofibroblasts,0.6908452729362913
homosapiens_None_2023_None_sikkemalisa_001_d10_1101_2022_03_10_483747THD0014__rep0005,Activated myofibroblasts,0.7491105190396219
homosapiens_None_2023_None_sikkemalisa_001_d10_1101_2022_03_10_483747THD0014__rep0006,Activated myofibroblasts,0.6769813436877264
homosapiens_None_2023_None_sikkemalisa_001_d10_1101_2022_03_10_483747THD0014__rep0007,Activated myofibroblasts,0.6400113322224998
homosapiens_None_2023_None_sikkemalisa_001_d10_1101_2022_03_10_483747THD0014__rep0008,Activated myofibroblasts,0.6389198433301627
homosapiens_None_2023_None_sikkemalisa_001_d10_1101_2022_03_10_483747THD0014__rep0009,Activated myofibroblasts,0.7130675017266876
homosapiens_None_2023_None_sikkemalisa_001_d10_1101_2022_03_10_483747THD0014__rep0010,Activated myofibroblasts,0.7786659180431118
homosapiens_None_2023_None_sikkemalisa_001_d10_1101_2022_03_10_483747THD0014__rep0011,Activated myofibroblasts,0.6822065861282139
homosapiens_None_2023_None_sikkemalisa_001_d10_1101_2022_03_10_483747THD0014__rep0012,Activated myofibroblasts,0.5671663468065319
homosapiens_None_2023_None_sikkemalisa_001_d10_1101_2022_03_10_483747THD0014__rep0013,Activated myofibroblasts,0.686211894960249
homosapiens_None_2023_None_sikkemalisa_001_d10_1101_2022_03_10_483747THD0014__rep0014,Activated myofibroblasts,0.7230554255053105
homosapiens_None_2023_None_sikkemalisa_001_d10_1101_2022_03_10_483747VUHD103__rep0000,Activated myofibroblasts,0.5116595141681101
homosapiens_None_2023_None_sikkemalisa_001_d10_1101_2022_03_10_483747VUHD103__rep0001,Activated myofibroblasts,0.6976767773730641
homosapiens_None_2023_None_sikkemalisa_001_d10_1101_2022_03_10_483747VUHD103__rep0002,Activated myofibroblasts,0.6784839833253682
homosapiens_None_2023_None_sikkemalisa_001_d10_1101_2022_03_10_483747VUHD103__rep0003,Activated myofibroblasts,0.7126781529867455
homosapiens_None_2023_None_sikkemalisa_001_d10_1101_2022_03_10_483747VUHD103__rep0004,Activated myofibroblasts,0.7133850331807317
homosapiens_None_2023_None_sikkemalisa_001_d10_1101_2022_03_10_483747VUHD103__rep0005,Activated myofibroblasts,0.6390634607269483
homosapiens_None_2023_None_sikkemalisa_001_d10_1101_2022_03_10_483747VUHD103__rep0006,Activated myofibroblasts,0.6736175662099969
homosapiens_None_2023_None_sikkemalisa_001_d10_1101_2022_03_10_483747VUHD103__rep0008,Activated myofibroblasts,0.5130351655367325
homosapiens_None_2023_None_sikkemalisa_001_d10_1101_2022_03_10_483747VUHD103__rep0009,Activated myofibroblasts,0.6935317593498955
homosapiens_None_2023_None_sikkemalisa_001_d10_1101_2022_03_10_483747VUHD103__rep0010,Activated myofibroblasts,0.5402407563383516
homosapiens_None_2023_None_sikkemalisa_001_d10_1101_2022_03_10_483747VUHD103__rep0011,Activated myofibroblasts,0.7187864894336249
homosapiens_None_2023_None_sikkemalisa_001_d10_1101_2022_03_10_483747VUHD103__rep0012,Activated myofibroblasts,0.7097472584954146
homosapiens_None_2023_None_sikkemalisa_001_d10_1101_2022_03_10_483747VUHD103__rep0013,Activated myofibroblasts,0.6246392832016964
homosapiens_None_2023_None_sikkemalisa_001_d10_1101_2022_03_10_483747VUHD103__rep0014,Activated myofibroblasts,0.4562563621183889
homosapiens_None_2023_None_sikkemalisa_001_d10_1101_2022_03_10_483747VUHD85__rep0000,Activated myofibroblasts,0.4079844273069701
homosapiens_None_2023_None_sikkemalisa_001_d10_1101_2022_03_10_483747VUHD85__rep0001,Activated myofibroblasts,0.5576458444077443
homosapiens_None_2023_None_sikkemalisa_001_d10_1101_2022_03_10_483747VUHD85__rep0002,Activated myofibroblasts,0.5729638184235045
homosapiens_None_2023_None_sikkemalisa_001_d10_1101_2022_03_10_483747VUHD85__rep0003,Activated myofibroblasts,0.6692020428925834
homosapiens_None_2023_None_sikkemalisa_001_d10_1101_2022_03_10_483747VUHD85__rep0004,Activated myofibroblasts,0.6454338044031687
homosapiens_None_2023_None_sikkemalisa_001_d10_1101_2022_03_10_483747VUHD85__rep0005,Activated myofibroblasts,0.6211654590773125
homosapiens_None_2023_None_sikkemalisa_001_d10_1101_2022_03_10_483747VUHD85__rep0006,Activated myofibroblasts,0.6304141922682387
homosapiens_None_2023_None_sikkemalisa_001_d10_1101_2022_03_10_483747VUHD85__rep0007,Activated myofibroblasts,0.6202524138762442
homosapiens_None_2023_None_sikkemalisa_001_d10_1101_2022_03_10_483747VUHD85__rep0008,Activated myofibroblasts,0.5947224747343041
homosapiens_None_2023_None_sikkemalisa_001_d10_1101_2022_03_10_483747VUHD85__rep0009,Activated myofibroblasts,0.5884963097217975
homosapiens_None_2023_None_sikkemalisa_001_d10_1101_2022_03_10_483747VUHD85__rep0011,Activated myofibroblasts,0.597179004433626
homosapiens_None_2023_None_sikkemalisa_001_d10_1101_2022_03_10_483747VUHD85__rep0012,Activated myofibroblasts,0.4024865495103396
homosapiens_None_2023_None_sikkemalisa_001_d10_1101_2022_03_10_483747VUHD85__rep0013,Activated myofibroblasts,0.3780327516433852
homosapiens_None_2023_None_sikkemalisa_001_d10_1101_2022_03_10_483747VUHD85__rep0014,Activated myofibroblasts,0.6124139759585803
homosapiens_None_2023_None_sikkemalisa_001_d10_1101_2022_03_10_483747THD0007__rep0000,Alveolar macrophages,0.778661317673222
homosapiens_None_2023_None_sikkemalisa_001_d10_1101_2022_03_10_483747THD0007__rep0001,Alveolar macrophages,0.7790022834356731
homosapiens_None_2023_None_sikkemalisa_001_d10_1101_2022_03_10_483747THD0007__rep0002,Alveolar macrophages,0.6899094412400342
homosapiens_None_2023_None_sikkemalisa_001_d10_1101_2022_03_10_483747THD0007__rep0003,Alveolar macrophages,0.7666713464624869
homosapiens_None_2023_None_sikkemalisa_001_d10_1101_2022_03_10_483747THD0007__rep0004,Alveolar macrophages,0.7753928279836879
homosapiens_None_2023_None_sikkemalisa_001_d10_1101_2022_03_10_483747THD0007__rep0005,Alveolar macrophages,0.7575058876979123
homosapiens_None_2023_None_sikkemalisa_001_d10_1101_2022_03_10_483747THD0007__rep0006,Alveolar macrophages,0.7671845670237925
homosapiens_None_2023_None_sikkemalisa_001_d10_1101_2022_03_10_483747THD0007__rep0007,Alveolar macrophages,0.7521716666672416
homosapiens_None_2023_None_sikkemalisa_001_d10_1101_2022_03_10_483747THD0007__rep0008,Alveolar macrophages,0.7754705217307118
homosapiens_None_2023_None_sikkemalisa_001_d10_1101_2022_03_10_483747THD0007__rep0009,Alveolar macrophages,0.7600982980000672
homosapiens_None_2023_None_sikkemalisa_001_d10_1101_2022_03_10_483747THD0007__rep0011,Alveolar macrophages,0.786100247696198
homosapiens_None_2023_None_sikkemalisa_001_d10_1101_2022_03_10_483747THD0007__rep0012,Alveolar macrophages,0.7805411874044971
homosapiens_None_2023_None_sikkemalisa_001_d10_1101_2022_03_10_483747THD0007__rep0013,Alveolar macrophages,0.7706852960983224
homosapiens_None_2023_None_sikkemalisa_001_d10_1101_2022_03_10_483747THD0007__rep0014,Alveolar macrophages,0.5819099727056267
homosapiens_None_2023_None_sikkemalisa_001_d10_1101_2022_03_10_483747THD0014__rep0000,Alveolar macrophages,0.7804023579844561
homosapiens_None_2023_None_sikkemalisa_001_d10_1101_2022_03_10_483747THD0014__rep0001,Alveolar macrophages,0.7695556949634419
homosapiens_None_2023_None_sikkemalisa_001_d10_1101_2022_03_10_483747THD0014__rep0002,Alveolar macrophages,0.7826586613887658
homosapiens_None_2023_None_sikkemalisa_001_d10_1101_2022_03_10_483747THD0014__rep0003,Alveolar macrophages,0.7319787532914689
homosapiens_None_2023_None_sikkemalisa_001_d10_1101_2022_03_10_483747THD0014__rep0005,Alveolar macrophages,0.7894422470804876
homosapiens_None_2023_None_sikkemalisa_001_d10_1101_2022_03_10_483747THD0014__rep0006,Alveolar macrophages,0.7614770364734726
homosapiens_None_2023_None_sikkemalisa_001_d10_1101_2022_03_10_483747THD0014__rep0007,Alveolar macrophages,0.7831600031020993
homosapiens_None_2023_None_sikkemalisa_001_d10_1101_2022_03_10_483747THD0014__rep0008,Alveolar macrophages,0.5459091252442951
homosapiens_None_2023_None_sikkemalisa_001_d10_1101_2022_03_10_483747THD0014__rep0009,Alveolar macrophages,0.799070205900861
homosapiens_None_2023_None_sikkemalisa_001_d10_1101_2022_03_10_483747THD0014__rep0010,Alveolar macrophages,0.6921890070935208
homosapiens_None_2023_None_sikkemalisa_001_d10_1101_2022_03_10_483747THD0014__rep0011,Alveolar macrophages,0.7876881813861887
homosapiens_None_2023_None_sikkemalisa_001_d10_1101_2022_03_10_483747THD0014__rep0012,Alveolar macrophages,0.7940989559256462
homosapiens_None_2023_None_sikkemalisa_001_d10_1101_2022_03_10_483747THD0014__rep0013,Alveolar macrophages,0.6794752055823453
homosapiens_None_2023_None_sikkemalisa_001_d10_1101_2022_03_10_483747THD0014__rep0014,Alveolar macrophages,0.7871682881583772
homosapiens_None_2023_None_sikkemalisa_001_d10_1101_2022_03_10_483747VUHD071__rep0000,Alveolar macrophages,0.7324298775703533
homosapiens_None_2023_None_sikkemalisa_001_d10_1101_2022_03_10_483747VUHD071__rep0001,Alveolar macrophages,0.7477433026750784
homosapiens_None_2023_None_sikkemalisa_001_d10_1101_2022_03_10_483747VUHD071__rep0002,Alveolar macrophages,0.7519598781872627
homosapiens_None_2023_None_sikkemalisa_001_d10_1101_2022_03_10_483747VUHD071__rep0003,Alveolar macrophages,0.762591080343619
homosapiens_None_2023_None_sikkemalisa_001_d10_1101_2022_03_10_483747VUHD071__rep0004,Alveolar macrophages,0.742014869835114
homosapiens_None_2023_None_sikkemalisa_001_d10_1101_2022_03_10_483747VUHD071__rep0005,Alveolar macrophages,0.6746731066231888
homosapiens_None_2023_None_sikkemalisa_001_d10_1101_2022_03_10_483747VUHD071__rep0007,Alveolar macrophages,0.7514635412793398
homosapiens_None_2023_None_sikkemalisa_001_d10_1101_2022_03_10_483747VUHD071__rep0008,Alveolar macrophages,0.5746324991796947
homosapiens_None_2023_None_sikkemalisa_001_d10_1101_2022_03_10_483747VUHD071__rep0009,Alveolar macrophages,0.6512926533915926
homosapiens_None_2023_None_sikkemalisa_001_d10_1101_2022_03_10_483747VUHD071__rep0010,Alveolar macrophages,0.7349097138069436
homosapiens_None_2023_None_sikkemalisa_001_d10_1101_2022_03_10_483747VUHD071__rep0011,Alveolar macrophages,0.7632445093591163
homosapiens_None_2023_None_sikkemalisa_001_d10_1101_2022_03_10_483747VUHD071__rep0012,Alveolar macrophages,0.7501401936028662
homosapiens_None_2023_None_sikkemalisa_001_d10_1101_2022_03_10_483747VUHD071__rep0013,Alveolar macrophages,0.7618426098233413
homosapiens_None_2023_None_sikkemalisa_001_d10_1101_2022_03_10_483747VUHD071__rep0014,Alveolar macrophages,0.6594709151976141
homosapiens_None_2023_None_sikkemalisa_001_d10_1101_2022_03_10_483747VUHD103__rep0000,Alveolar macrophages,0.7634409852494712
homosapiens_None_2023_None_sikkemalisa_001_d10_1101_2022_03_10_483747VUHD103__rep0001,Alveolar macrophages,0.734490361243233
homosapiens_None_2023_None_sikkemalisa_001_d10_1101_2022_03_10_483747VUHD103__rep0002,Alveolar macrophages,0.761310610514369
homosapiens_None_2023_None_sikkemalisa_001_d10_1101_2022_03_10_483747VUHD103__rep0003,Alveolar macrophages,0.7630003940675818
homosapiens_None_2023_None_sikkemalisa_001_d10_1101_2022_03_10_483747VUHD103__rep0004,Alveolar macrophages,0.740470509624088
homosapiens_None_2023_None_sikkemalisa_001_d10_1101_2022_03_10_483747VUHD103__rep0005,Alveolar macrophages,0.7297527561632575
homosapiens_None_2023_None_sikkemalisa_001_d10_1101_2022_03_10_483747VUHD103__rep0006,Alveolar macrophages,0.7528097691762379
homosapiens_None_2023_None_sikkemalisa_001_d10_1101_2022_03_10_483747VUHD103__rep0007,Alveolar macrophages,0.7363509524178352
homosapiens_None_2023_None_sikkemalisa_001_d10_1101_2022_03_10_483747VUHD103__rep0008,Alveolar macrophages,0.7431554259919468
homosapiens_None_2023_None_sikkemalisa_001_d10_1101_2022_03_10_483747VUHD103__rep0009,Alveolar macrophages,0.7192391595179899
homosapiens_None_2023_None_sikkemalisa_001_d10_1101_2022_03_10_483747VUHD103__rep0010,Alveolar macrophages,0.7192930674812248
homosapiens_None_2023_None_sikkemalisa_001_d10_1101_2022_03_10_483747VUHD103__rep0011,Alveolar macrophages,0.683321441856718
homosapiens_None_2023_None_sikkemalisa_001_d10_1101_2022_03_10_483747VUHD103__rep0013,Alveolar macrophages,0.7630089351691585
homosapiens_None_2023_None_sikkemalisa_001_d10_1101_2022_03_10_483747VUHD103__rep0014,Alveolar macrophages,0.7361506040569881
homosapiens_None_2023_None_sikkemalisa_001_d10_1101_2022_03_10_483747THD0007__rep0000,B cells,0.6910853526873093
homosapiens_None_2023_None_sikkemalisa_001_d10_1101_2022_03_10_483747THD0007__rep0001,B cells,0.6666897072249149
homosapiens_None_2023_None_sikkemalisa_001_d10_1101_2022_03_10_483747THD0007__rep0002,B cells,0.6608176887706279
homosapiens_None_2023_None_sikkemalisa_001_d10_1101_2022_03_10_483747THD0007__rep0003,B cells,0.6082960346074391
homosapiens_None_2023_None_sikkemalisa_001_d10_1101_2022_03_10_483747THD0007__rep0004,B cells,0.6458206852685247
homosapiens_None_2023_None_sikkemalisa_001_d10_1101_2022_03_10_483747THD0007__rep0005,B cells,0.6672861014967064
homosapiens_None_2023_None_sikkemalisa_001_d10_1101_2022_03_10_483747THD0007__rep0006,B cells,0.6478024100678615
homosapiens_None_2023_None_sikkemalisa_001_d10_1101_2022_03_10_483747THD0007__rep0007,B cells,0.6813347196135622
homosapiens_None_2023_None_sikkemalisa_001_d10_1101_2022_03_10_483747THD0007__rep0008,B cells,0.5775082386732212
homosapiens_None_2023_None_sikkemalisa_001_d10_1101_2022_03_10_483747THD0007__rep0009,B cells,0.5838048222989873
homosapiens_None_2023_None_sikkemalisa_001_d10_1101_2022_03_10_483747THD0007__rep0010,B cells,0.6735601901036699
homosapiens_None_2023_None_sikkemalisa_001_d10_1101_2022_03_10_483747THD0007__rep0012,B cells,0.3479736170502923
homosapiens_None_2023_None_sikkemalisa_001_d10_1101_2022_03_10_483747THD0007__rep0013,B cells,0.6517649551382259
homosapiens_None_2023_None_sikkemalisa_001_d10_1101_2022_03_10_483747THD0007__rep0014,B cells,0.621256888006689
homosapiens_None_2023_None_sikkemalisa_001_d10_1101_2022_03_10_483747VUHD071__rep0000,B cells,0.6649068441484483
homosapiens_None_2023_None_sikkemalisa_001_d10_1101_2022_03_10_483747VUHD071__rep0001,B cells,0.6672260599667953
homosapiens_None_2023_None_sikkemalisa_001_d10_1101_2022_03_10_483747VUHD071__rep0002,B cells,0.6378873237789078
homosapiens_None_2023_None_sikkemalisa_001_d10_1101_2022_03_10_483747VUHD071__rep0003,B cells,0.6874668245836206
homosapiens_None_2023_None_sikkemalisa_001_d10_1101_2022_03_10_483747VUHD071__rep0004,B cells,0.6766348224590523
homosapiens_None_2023_None_sikkemalisa_001_d10_1101_2022_03_10_483747VUHD071__rep0005,B cells,0.6362232008794861
homosapiens_None_2023_None_sikkemalisa_001_d10_1101_2022_03_10_483747VUHD071__rep0006,B cells,0.6693290669770549
homosapiens_None_2023_None_sikkemalisa_001_d10_1101_2022_03_10_483747VUHD071__rep0007,B cells,0.6632825961690659
homosapiens_None_2023_None_sikkemalisa_001_d10_1101_2022_03_10_483747VUHD071__rep0008,B cells,0.5959963097285157
homosapiens_None_2023_None_sikkemalisa_001_d10_1101_2022_03_10_483747VUHD071__rep0009,B cells,0.7207647516709339
homosapiens_None_2023_None_sikkemalisa_001_d10_1101_2022_03_10_483747VUHD071__rep0010,B cells,0.6787771834690294
homosapiens_None_2023_None_sikkemalisa_001_d10_1101_2022_03_10_483747VUHD071__rep0011,B cells,0.43042273935137
homosapiens_None_2023_None_sikkemalisa_001_d10_1101_2022_03_10_483747VUHD071__rep0013,B cells,0.6800176700116974
homosapiens_None_2023_None_sikkemalisa_001_d10_1101_2022_03_10_483747VUHD071__rep0014,B cells,0.6453017684530924
homosapiens_None_2023_None_sikkemalisa_001_d10_1101_2022_03_10_483747VUHD69__rep0000,B cells,0.7314900841826808
homosapiens_None_2023_None_sikkemalisa_001_d10_1101_2022_03_10_483747VUHD69__rep0001,B cells,0.7210446246025414
homosapiens_None_2023_None_sikkemalisa_001_d10_1101_2022_03_10_483747VUHD69__rep0002,B cells,0.5458181488963948
homosapiens_None_2023_None_sikkemalisa_001_d10_1101_2022_03_10_483747VUHD69__rep0003,B cells,0.6869996787853078
homosapiens_None_2023_None_sikkemalisa_001_d10_1101_2022_03_10_483747VUHD69__rep0004,B cells,0.6150876826671046
homosapiens_None_2023_None_sikkemalisa_001_d10_1101_2022_03_10_483747VUHD69__rep0005,B cells,0.6517843029444423
homosapiens_None_2023_None_sikkemalisa_001_d10_1101_2022_03_10_483747VUHD69__rep0006,B cells,0.6939032933372923
homosapiens_None_2023_None_sikkemalisa_001_d10_1101_2022_03_10_483747VUHD69__rep0007,B cells,0.6172941797103844
homosapiens_None_2023_None_sikkemalisa_001_d10_1101_2022_03_10_483747VUHD69__rep0008,B cells,0.531385017340306
homosapiens_None_2023_None_sikkemalisa_001_d10_1101_2022_03_10_483747VUHD69__rep0009,B cells,0.7373196158225762
homosapiens_None_2023_None_sikkemalisa_001_d10_1101_2022_03_10_483747VUHD69__rep0010,B cells,0.6195782909275571
homosapiens_None_2023_None_sikkemalisa_001_d10_1101_2022_03_10_483747VUHD69__rep0011,B cells,0.6798824625298361
homosapiens_None_2023_None_sikkemalisa_001_d10_1101_2022_03_10_483747VUHD69__rep0012,B cells,0.5990556423136371
homosapiens_None_2023_None_sikkemalisa_001_d10_1101_2022_03_10_483747VUHD69__rep0013,B cells,0.6539319802681309
homosapiens_None_2023_None_sikkemalisa_001_d10_1101_2022_03_10_483747VUHD69__rep0014,B cells,0.6339490911747694
homosapiens_None_2023_None_sikkemalisa_001_d10_1101_2022_03_10_483747THD0007__rep0000,CD4 T cells,0.7279315251099707
homosapiens_None_2023_None_sikkemalisa_001_d10_1101_2022_03_10_483747THD0007__rep0001,CD4 T cells,0.73247472126691
homosapiens_None_2023_None_sikkemalisa_001_d10_1101_2022_03_10_483747THD0007__rep0002,CD4 T cells,0.6267187352152925
homosapiens_None_2023_None_sikkemalisa_001_d10_1101_2022_03_10_483747THD0007__rep0003,CD4 T cells,0.6825281918216942
homosapiens_None_2023_None_sikkemalisa_001_d10_1101_2022_03_10_483747THD0007__rep0005,CD4 T cells,0.6764778884772764
homosapiens_None_2023_None_sikkemalisa_001_d10_1101_2022_03_10_483747THD0007__rep0006,CD4 T cells,0.6865238242351488
homosapiens_None_2023_None_sikkemalisa_001_d10_1101_2022_03_10_483747THD0007__rep0007,CD4 T cells,0.6129905762543213
homosapiens_None_2023_None_sikkemalisa_001_d10_1101_2022_03_10_483747THD0007__rep0008,CD4 T cells,0.6874495084531358
homosapiens_None_2023_None_sikkemalisa_001_d10_1101_2022_03_10_483747THD0007__rep0009,CD4 T cells,0.7628164008455975
homosapiens_None_2023_None_sikkemalisa_001_d10_1101_2022_03_10_483747THD0007__rep0010,CD4 T cells,0.7573937083136335
homosapiens_None_2023_None_sikkemalisa_001_d10_1101_2022_03_10_483747THD0007__rep0012,CD4 T cells,0.7593181971320719
homosapiens_None_2023_None_sikkemalisa_001_d10_1101_2022_03_10_483747THD0007__rep0013,CD4 T cells,0.6596436608096414
homosapiens_None_2023_None_sikkemalisa_001_d10_1101_2022_03_10_483747THD0007__rep0014,CD4 T cells,0.6444665684749787
homosapiens_None_2023_None_sikkemalisa_001_d10_1101_2022_03_10_483747VUHD071__rep0000,CD4 T cells,0.7309271727437334
homosapiens_None_2023_None_sikkemalisa_001_d10_1101_2022_03_10_483747VUHD071__rep0002,CD4 T cells,0.5913006043089117
homosapiens_None_2023_None_sikkemalisa_001_d10_1101_2022_03_10_483747VUHD071__rep0003,CD4 T cells,0.6944870495573363
homosapiens_None_2023_None_sikkemalisa_001_d10_1101_2022_03_10_483747VUHD071__rep0004,CD4 T cells,0.6273198750118346
homosapiens_None_2023_None_sikkemalisa_001_d10_1101_2022_03_10_483747VUHD071__rep0005,CD4 T cells,0.6801992521287258
homosapiens_None_2023_None_sikkemalisa_001_d10_1101_2022_03_10_483747VUHD071__rep0006,CD4 T cells,0.7115118102270108
homosapiens_None_2023_None_sikkemalisa_001_d10_1101_2022_03_10_483747VUHD071__rep0007,CD4 T cells,0.7252833593049516
homosapiens_None_2023_None_sikkemalisa_001_d10_1101_2022_03_10_483747VUHD071__rep0008,CD4 T cells,0.5227938460466713
homosapiens_None_2023_None_sikkemalisa_001_d10_1101_2022_03_10_483747VUHD071__rep0009,CD4 T cells,0.7469526916246545
homosapiens_None_2023_None_sikkemalisa_001_d10_1101_2022_03_10_483747VUHD071__rep0010,CD4 T cells,0.6213262019755206
homosapiens_None_2023_None_sikkemalisa_001_d10_1101_2022_03_10_483747VUHD071__rep0011,CD4 T cells,0.5615320085739385
homosapiens_None_2023_None_sikkemalisa_001_d10_1101_2022_03_10_483747VUHD071__rep0012,CD4 T cells,0.6772799732630981
homosapiens_None_2023_None_sikkemalisa_001_d10_1101_2022_03_10_483747VUHD071__rep0013,CD4 T cells,0.7384877605932763
homosapiens_None_2023_None_sikkemalisa_001_d10_1101_2022_03_10_483747VUHD071__rep0014,CD4 T cells,0.6785852721692289
homosapiens_None_2023_None_sikkemalisa_001_d10_1101_2022_03_10_483747VUHD077__rep0000,CD4 T cells,0.5980310210825897
homosapiens_None_2023_None_sikkemalisa_001_d10_1101_2022_03_10_483747VUHD077__rep0001,CD4 T cells,0.6712000691838316
homosapiens_None_2023_None_sikkemalisa_001_d10_1101_2022_03_10_483747VUHD077__rep0002,CD4 T cells,0.625342355647998
homosapiens_None_2023_None_sikkemalisa_001_d10_1101_2022_03_10_483747VUHD077__rep0003,CD4 T cells,0.3860956737301451
homosapiens_None_2023_None_sikkemalisa_001_d10_1101_2022_03_10_483747VUHD077__rep0004,CD4 T cells,0.496038432754174
homosapiens_None_2023_None_sikkemalisa_001_d10_1101_2022_03_10_483747VUHD077__rep0005,CD4 T cells,0.6402770624946246
homosapiens_None_2023_None_sikkemalisa_001_d10_1101_2022_03_10_483747VUHD077__rep0006,CD4 T cells,0.5417491358663634
homosapiens_None_2023_None_sikkemalisa_001_d10_1101_2022_03_10_483747VUHD077__rep0007,CD4 T cells,0.7181949478231074
homosapiens_None_2023_None_sikkemalisa_001_d10_1101_2022_03_10_483747VUHD077__rep0008,CD4 T cells,0.6853110064807084
homosapiens_None_2023_None_sikkemalisa_001_d10_1101_2022_03_10_483747VUHD077__rep0009,CD4 T cells,0.6937653259416237
homosapiens_None_2023_None_sikkemalisa_001_d10_1101_2022_03_10_483747VUHD077__rep0010,CD4 T cells,0.7462453074058202
homosapiens_None_2023_None_sikkemalisa_001_d10_1101_2022_03_10_483747VUHD077__rep0011,CD4 T cells,0.5296080161023531
homosapiens_None_2023_None_sikkemalisa_001_d10_1101_2022_03_10_483747VUHD077__rep0012,CD4 T cells,0.6791956775395998
homosapiens_None_2023_None_sikkemalisa_001_d10_1101_2022_03_10_483747VUHD077__rep0013,CD4 T cells,0.2799326735214016
homosapiens_None_2023_None_sikkemalisa_001_d10_1101_2022_03_10_483747VUHD077__rep0014,CD4 T cells,0.5803201547343786
homosapiens_None_2023_None_sikkemalisa_001_d10_1101_2022_03_10_483747VUHD103__rep0000,CD4 T cells,0.6788444803420888
homosapiens_None_2023_None_sikkemalisa_001_d10_1101_2022_03_10_483747VUHD103__rep0001,CD4 T cells,0.6901083520020916
homosapiens_None_2023_None_sikkemalisa_001_d10_1101_2022_03_10_483747VUHD103__rep0002,CD4 T cells,0.7217920010619755
homosapiens_None_2023_None_sikkemalisa_001_d10_1101_2022_03_10_483747VUHD103__rep0003,CD4 T cells,0.7178638439282108
homosapiens_None_2023_None_sikkemalisa_001_d10_1101_2022_03_10_483747VUHD103__rep0004,CD4 T cells,0.6922002443180963
homosapiens_None_2023_None_sikkemalisa_001_d10_1101_2022_03_10_483747VUHD103__rep0005,CD4 T cells,0.6936763665610934
homosapiens_None_2023_None_sikkemalisa_001_d10_1101_2022_03_10_483747VUHD103__rep0007,CD4 T cells,0.6196924549014752
homosapiens_None_2023_None_sikkemalisa_001_d10_1101_2022_03_10_483747VUHD103__rep0008,CD4 T cells,0.6915515382963535
homosapiens_None_2023_None_sikkemalisa_001_d10_1101_2022_03_10_483747VUHD103__rep0009,CD4 T cells,0.5055278948971405
homosapiens_None_2023_None_sikkemalisa_001_d10_1101_2022_03_10_483747VUHD103__rep0010,CD4 T cells,0.5210508554738009
homosapiens_None_2023_None_sikkemalisa_001_d10_1101_2022_03_10_483747VUHD103__rep0011,CD4 T cells,0.6886326302463472
homosapiens_None_2023_None_sikkemalisa_001_d10_1101_2022_03_10_483747VUHD103__rep0013,CD4 T cells,0.5383992654139803
homosapiens_None_2023_None_sikkemalisa_001_d10_1101_2022_03_10_483747VUHD69__rep0000,CD4 T cells,0.785786601523131
homosapiens_None_2023_None_sikkemalisa_001_d10_1101_2022_03_10_483747VUHD69__rep0001,CD4 T cells,0.6763805125484211
homosapiens_None_2023_None_sikkemalisa_001_d10_1101_2022_03_10_483747VUHD69__rep0002,CD4 T cells,0.6962851320247196
homosapiens_None_2023_None_sikkemalisa_001_d10_1101_2022_03_10_483747VUHD69__rep0003,CD4 T cells,0.4765680576189097
homosapiens_None_2023_None_sikkemalisa_001_d10_1101_2022_03_10_483747VUHD69__rep0004,CD4 T cells,0.5118584443313001
homosapiens_None_2023_None_sikkemalisa_001_d10_1101_2022_03_10_483747VUHD69__rep0005,CD4 T cells,0.6999666946331864
homosapiens_None_2023_None_sikkemalisa_001_d10_1101_2022_03_10_483747VUHD69__rep0006,CD4 T cells,0.6469869965015411
homosapiens_None_2023_None_sikkemalisa_001_d10_1101_2022_03_10_483747VUHD69__rep0007,CD4 T cells,0.6005874934616257
homosapiens_None_2023_None_sikkemalisa_001_d10_1101_2022_03_10_483747VUHD69__rep0008,CD4 T cells,0.6921452361529579
homosapiens_None_2023_None_sikkemalisa_001_d10_1101_2022_03_10_483747VUHD69__rep0009,CD4 T cells,0.6169372187224524
homosapiens_None_2023_None_sikkemalisa_001_d10_1101_2022_03_10_483747VUHD69__rep0010,CD4 T cells,0.7268580264282832
homosapiens_None_2023_None_sikkemalisa_001_d10_1101_2022_03_10_483747VUHD69__rep0012,CD4 T cells,0.6414645872130497
homosapiens_None_2023_None_sikkemalisa_001_d10_1101_2022_03_10_483747VUHD69__rep0013,CD4 T cells,0.6658156168116761
homosapiens_None_2023_None_sikkemalisa_001_d10_1101_2022_03_10_483747VUHD69__rep0014,CD4 T cells,0.708299606533279
homosapiens_None_2023_None_sikkemalisa_001_d10_1101_2022_03_10_483747VUHD85__rep0000,CD4 T cells,0.6501001479051893
homosapiens_None_2023_None_sikkemalisa_001_d10_1101_2022_03_10_483747VUHD85__rep0001,CD4 T cells,0.6464362653716766
homosapiens_None_2023_None_sikkemalisa_001_d10_1101_2022_03_10_483747VUHD85__rep0002,CD4 T cells,0.7247603623406725
homosapiens_None_2023_None_sikkemalisa_001_d10_1101_2022_03_10_483747VUHD85__rep0003,CD4 T cells,0.7227145903654291
homosapiens_None_2023_None_sikkemalisa_001_d10_1101_2022_03_10_483747VUHD85__rep0004,CD4 T cells,0.7050069709987936
homosapiens_None_2023_None_sikkemalisa_001_d10_1101_2022_03_10_483747VUHD85__rep0005,CD4 T cells,0.5015413431432085
homosapiens_None_2023_None_sikkemalisa_001_d10_1101_2022_03_10_483747VUHD85__rep0006,CD4 T cells,0.7287736573781053
homosapiens_None_2023_None_sikkemalisa_001_d10_1101_2022_03_10_483747VUHD85__rep0007,CD4 T cells,0.7133444344591804
homosapiens_None_2023_None_sikkemalisa_001_d10_1101_2022_03_10_483747VUHD85__rep0008,CD4 T cells,0.6823146823066666
homosapiens_None_2023_None_sikkemalisa_001_d10_1101_2022_03_10_483747VUHD85__rep0009,CD4 T cells,0.6208390456797825
homosapiens_None_2023_None_sikkemalisa_001_d10_1101_2022_03_10_483747VUHD85__rep0010,CD4 T cells,0.6969487991127916
homosapiens_None_2023_None_sikkemalisa_001_d10_1101_2022_03_10_483747VUHD85__rep0011,CD4 T cells,0.7207693807950535
homosapiens_None_2023_None_sikkemalisa_001_d10_1101_2022_03_10_483747VUHD85__rep0012,CD4 T cells,0.613372585040362
homosapiens_None_2023_None_sikkemalisa_001_d10_1101_2022_03_10_483747VUHD85__rep0013,CD4 T cells,0.6710906464674797
homosapiens_None_2023_None_sikkemalisa_001_d10_1101_2022_03_10_483747VUHD85__rep0014,CD4 T cells,0.7504924320465864
homosapiens_None_2023_None_sikkemalisa_001_d10_1101_2022_03_10_483747THD0007__rep0000,Classical monocytes,0.7436227980280317
homosapiens_None_2023_None_sikkemalisa_001_d10_1101_2022_03_10_483747THD0007__rep0001,Classical monocytes,0.7408261741388305
homosapiens_None_2023_None_sikkemalisa_001_d10_1101_2022_03_10_483747THD0007__rep0002,Classical monocytes,0.7451041301991481
homosapiens_None_2023_None_sikkemalisa_001_d10_1101_2022_03_10_483747THD0007__rep0004,Classical monocytes,0.7756656735736418
homosapiens_None_2023_None_sikkemalisa_001_d10_1101_2022_03_10_483747THD0007__rep0005,Classical monocytes,0.7784072595930407
homosapiens_None_2023_None_sikkemalisa_001_d10_1101_2022_03_10_483747THD0007__rep0006,Classical monocytes,0.7588478084604486
homosapiens_None_2023_None_sikkemalisa_001_d10_1101_2022_03_10_483747THD0007__rep0007,Classical monocytes,0.7052190500576772
homosapiens_None_2023_None_sikkemalisa_001_d10_1101_2022_03_10_483747THD0007__rep0008,Classical monocytes,0.7969472111523802
homosapiens_None_2023_None_sikkemalisa_001_d10_1101_2022_03_10_483747THD0007__rep0009,Classical monocytes,0.7475344552662104
homosapiens_None_2023_None_sikkemalisa_001_d10_1101_2022_03_10_483747THD0007__rep0010,Classical monocytes,0.7674396403168957
homosapiens_None_2023_None_sikkemalisa_001_d10_1101_2022_03_10_483747THD0007__rep0011,Classical monocytes,0.7365996721818417
homosapiens_None_2023_None_sikkemalisa_001_d10_1101_2022_03_10_483747THD0007__rep0013,Classical monocytes,0.7957892038753902
homosapiens_None_2023_None_sikkemalisa_001_d10_1101_2022_03_10_483747THD0007__rep0014,Classical monocytes,0.778980014749797
homosapiens_None_2023_None_sikkemalisa_001_d10_1101_2022_03_10_483747THD0014__rep0000,Classical monocytes,0.7059631246824627
homosapiens_None_2023_None_sikkemalisa_001_d10_1101_2022_03_10_483747THD0014__rep0001,Classical monocytes,0.5946052661566352
homosapiens_None_2023_None_sikkemalisa_001_d10_1101_2022_03_10_483747THD0014__rep0002,Classical monocytes,0.700432490631262
homosapiens_None_2023_None_sikkemalisa_001_d10_1101_2022_03_10_483747THD0014__rep0003,Classical monocytes,0.7224063329226535
homosapiens_None_2023_None_sikkemalisa_001_d10_1101_2022_03_10_483747THD0014__rep0004,Classical monocytes,0.734920464031848
homosapiens_None_2023_None_sikkemalisa_001_d10_1101_2022_03_10_483747THD0014__rep0005,Classical monocytes,0.7985113477655741
homosapiens_None_2023_None_sikkemalisa_001_d10_1101_2022_03_10_483747THD0014__rep0006,Classical monocytes,0.7371135266671772
homosapiens_None_2023_None_sikkemalisa_001_d10_1101_2022_03_10_483747THD0014__rep0009,Classical monocytes,0.6932899186454946
homosapiens_None_2023_None_sikkemalisa_001_d10_1101_2022_03_10_483747THD0014__rep0010,Classical monocytes,0.7668169839383562
homosapiens_None_2023_None_sikkemalisa_001_d10_1101_2022_03_10_483747THD0014__rep0011,Classical monocytes,0.7530618466786263
homosapiens_None_2023_None_sikkemalisa_001_d10_1101_2022_03_10_483747THD0014__rep0013,Classical monocytes,0.6253863444165961
homosapiens_None_2023_None_sikkemalisa_001_d10_1101_2022_03_10_483747THD0014__rep0014,Classical monocytes,0.7720084703025804
homosapiens_None_2023_None_sikkemalisa_001_d10_1101_2022_03_10_483747VUHD071__rep0000,Classical monocytes,0.683983436567152
homosapiens_None_2023_None_sikkemalisa_001_d10_1101_2022_03_10_483747VUHD071__rep0001,Classical monocytes,0.6634305977554447
homosapiens_None_2023_None_sikkemalisa_001_d10_1101_2022_03_10_483747VUHD071__rep0002,Classical monocytes,0.684348112665643
homosapiens_None_2023_None_sikkemalisa_001_d10_1101_2022_03_10_483747VUHD071__rep0003,Classical monocytes,0.7755826099710414
homosapiens_None_2023_None_sikkemalisa_001_d10_1101_2022_03_10_483747VUHD071__rep0006,Classical monocytes,0.7113090927753163
homosapiens_None_2023_None_sikkemalisa_001_d10_1101_2022_03_10_483747VUHD071__rep0007,Classical monocytes,0.6911566555455676
homosapiens_None_2023_None_sikkemalisa_001_d10_1101_2022_03_10_483747VUHD071__rep0009,Classical monocytes,0.4986854665840963
homosapiens_None_2023_None_sikkemalisa_001_d10_1101_2022_03_10_483747VUHD071__rep0010,Classical monocytes,0.6838417621516859
homosapiens_None_2023_None_sikkemalisa_001_d10_1101_2022_03_10_483747VUHD071__rep0011,Classical monocytes,0.4663172890503513
homosapiens_None_2023_None_sikkemalisa_001_d10_1101_2022_03_10_483747VUHD071__rep0012,Classical monocytes,0.7149348748471407
homosapiens_None_2023_None_sikkemalisa_001_d10_1101_2022_03_10_483747VUHD071__rep0013,Classical monocytes,0.6382199147494242
homosapiens_None_2023_None_sikkemalisa_001_d10_1101_2022_03_10_483747VUHD071__rep0014,Classical monocytes,0.7164757790084212
homosapiens_None_2023_None_sikkemalisa_001_d10_1101_2022_03_10_483747VUHD077__rep0000,Classical monocytes,0.7591915872356665
homosapiens_None_2023_None_sikkemalisa_001_d10_1101_2022_03_10_483747VUHD077__rep0001,Classical monocytes,0.7859381531796631
homosapiens_None_2023_None_sikkemalisa_001_d10_1101_2022_03_10_483747VUHD077__rep0002,Classical monocytes,0.7755349657455185
homosapiens_None_2023_None_sikkemalisa_001_d10_1101_2022_03_10_483747VUHD077__rep0003,Classical monocytes,0.776887332310806
homosapiens_None_2023_None_sikkemalisa_001_d10_1101_2022_03_10_483747VUHD077__rep0004,Classical monocytes,0.7379776807997853
homosapiens_None_2023_None_sikkemalisa_001_d10_1101_2022_03_10_483747VUHD077__rep0005,Classical monocytes,0.7177126233250998
homosapiens_None_2023_None_sikkemalisa_001_d10_1101_2022_03_10_483747VUHD077__rep0006,Classical monocytes,0.4835192523078778
homosapiens_None_2023_None_sikkemalisa_001_d10_1101_2022_03_10_483747VUHD077__rep0007,Classical monocytes,0.5216942700778588
homosapiens_None_2023_None_sikkemalisa_001_d10_1101_2022_03_10_483747VUHD077__rep0008,Classical monocytes,0.4657382945441165
homosapiens_None_2023_None_sikkemalisa_001_d10_1101_2022_03_10_483747VUHD077__rep0009,Classical monocytes,0.8314632195428082
homosapiens_None_2023_None_sikkemalisa_001_d10_1101_2022_03_10_483747VUHD077__rep0010,Classical monocytes,0.7797245166972646
homosapiens_None_2023_None_sikkemalisa_001_d10_1101_2022_03_10_483747VUHD077__rep0011,Classical monocytes,0.7369901108924031
homosapiens_None_2023_None_sikkemalisa_001_d10_1101_2022_03_10_483747VUHD077__rep0012,Classical monocytes,0.7090940603937085
homosapiens_None_2023_None_sikkemalisa_001_d10_1101_2022_03_10_483747VUHD077__rep0013,Classical monocytes,0.6904242945003554
homosapiens_None_2023_None_sikkemalisa_001_d10_1101_2022_03_10_483747VUHD077__rep0014,Classical monocytes,0.4611796543606494
homosapiens_None_2023_None_sikkemalisa_001_d10_1101_2022_03_10_483747VUHD103__rep0000,Classical monocytes,0.7564829553302309
homosapiens_None_2023_None_sikkemalisa_001_d10_1101_2022_03_10_483747VUHD103__rep0001,Classical monocytes,0.4969486988367358
homosapiens_None_2023_None_sikkemalisa_001_d10_1101_2022_03_10_483747VUHD103__rep0002,Classical monocytes,0.6934038310419757
homosapiens_None_2023_None_sikkemalisa_001_d10_1101_2022_03_10_483747VUHD103__rep0004,Classical monocytes,0.5309816060345609
homosapiens_None_2023_None_sikkemalisa_001_d10_1101_2022_03_10_483747VUHD103__rep0005,Classical monocytes,0.7497162861151279
homosapiens_None_2023_None_sikkemalisa_001_d10_1101_2022_03_10_483747VUHD103__rep0006,Classical monocytes,0.6436483256081251
homosapiens_None_2023_None_sikkemalisa_001_d10_1101_2022_03_10_483747VUHD103__rep0008,Classical monocytes,0.769574376049683
homosapiens_None_2023_None_sikkemalisa_001_d10_1101_2022_03_10_483747VUHD103__rep0009,Classical monocytes,0.6816940288755484
homosapiens_None_2023_None_sikkemalisa_001_d10_1101_2022_03_10_483747VUHD103__rep0010,Classical monocytes,0.7461966749920377
homosapiens_None_2023_None_sikkemalisa_001_d10_1101_2022_03_10_483747VUHD103__rep0011,Classical monocytes,0.6914382604781117
homosapiens_None_2023_None_sikkemalisa_001_d10_1101_2022_03_10_483747VUHD103__rep0012,Classical monocytes,0.7283601279407665
homosapiens_None_2023_None_sikkemalisa_001_d10_1101_2022_03_10_483747VUHD103__rep0013,Classical monocytes,0.752775670189626
homosapiens_None_2023_None_sikkemalisa_001_d10_1101_2022_03_10_483747VUHD103__rep0014,Classical monocytes,0.7013689379761929
homosapiens_None_2023_None_sikkemalisa_001_d10_1101_2022_03_10_483747VUHD69__rep0000,Classical monocytes,0.5900810381527145
homosapiens_None_2023_None_sikkemalisa_001_d10_1101_2022_03_10_483747VUHD69__rep0001,Classical monocytes,0.6518448730839028
homosapiens_None_2023_None_sikkemalisa_001_d10_1101_2022_03_10_483747VUHD69__rep0002,Classical monocytes,0.6890624977616
homosapiens_None_2023_None_sikkemalisa_001_d10_1101_2022_03_10_483747VUHD69__rep0004,Classical monocytes,0.6677324661637337
homosapiens_None_2023_None_sikkemalisa_001_d10_1101_2022_03_10_483747VUHD69__rep0005,Classical monocytes,0.6218506838903086
homosapiens_None_2023_None_sikkemalisa_001_d10_1101_2022_03_10_483747VUHD69__rep0006,Classical monocytes,0.5632751903295066
homosapiens_None_2023_None_sikkemalisa_001_d10_1101_2022_03_10_483747VUHD69__rep0007,Classical monocytes,0.3751145398419004
homosapiens_None_2023_None_sikkemalisa_001_d10_1101_2022_03_10_483747VUHD69__rep0008,Classical monocytes,0.5548258008141808
homosapiens_None_2023_None_sikkemalisa_001_d10_1101_2022_03_10_483747VUHD69__rep0009,Classical monocytes,0.7046885734548753
homosapiens_None_2023_None_sikkemalisa_001_d10_1101_2022_03_10_483747VUHD69__rep0011,Classical monocytes,0.4339024718174585
homosapiens_None_2023_None_sikkemalisa_001_d10_1101_2022_03_10_483747VUHD69__rep0012,Classical monocytes,0.6371209259665191
homosapiens_None_2023_None_sikkemalisa_001_d10_1101_2022_03_10_483747VUHD69__rep0013,Classical monocytes,0.7600245422122187
homosapiens_None_2023_None_sikkemalisa_001_d10_1101_2022_03_10_483747VUHD69__rep0014,Classical monocytes,0.6113540792038681
homosapiens_None_2023_None_sikkemalisa_001_d10_1101_2022_03_10_483747VUHD85__rep0000,Classical monocytes,0.7368807538826648
homosapiens_None_2023_None_sikkemalisa_001_d10_1101_2022_03_10_483747VUHD85__rep0001,Classical monocytes,0.7899675803950919
homosapiens_None_2023_None_sikkemalisa_001_d10_1101_2022_03_10_483747VUHD85__rep0002,Classical monocytes,0.595793039469442
homosapiens_None_2023_None_sikkemalisa_001_d10_1101_2022_03_10_483747VUHD85__rep0004,Classical monocytes,0.7676176373057719
homosapiens_None_2023_None_sikkemalisa_001_d10_1101_2022_03_10_483747VUHD85__rep0005,Classical monocytes,0.6917497405835025
homosapiens_None_2023_None_sikkemalisa_001_d10_1101_2022_03_10_483747VUHD85__rep0006,Classical monocytes,0.5587531462376198
homosapiens_None_2023_None_sikkemalisa_001_d10_1101_2022_03_10_483747VUHD85__rep0007,Classical monocytes,0.7389723333836722
homosapiens_None_2023_None_sikkemalisa_001_d10_1101_2022_03_10_483747VUHD85__rep0008,Classical monocytes,0.7227253142553225
homosapiens_None_2023_None_sikkemalisa_001_d10_1101_2022_03_10_483747VUHD85__rep0009,Classical monocytes,0.7745809964056986
homosapiens_None_2023_None_sikkemalisa_001_d10_1101_2022_03_10_483747VUHD85__rep0010,Classical monocytes,0.5949005718178605
homosapiens_None_2023_None_sikkemalisa_001_d10_1101_2022_03_10_483747VUHD85__rep0011,Classical monocytes,0.7259061904974392
homosapiens_None_2023_None_sikkemalisa_001_d10_1101_2022_03_10_483747VUHD85__rep0012,Classical monocytes,0.7537434627512221
homosapiens_None_2023_None_sikkemalisa_001_d10_1101_2022_03_10_483747VUHD85__rep0013,Classical monocytes,0.7477474488992824
homosapiens_None_2023_None_sikkemalisa_001_d10_1101_2022_03_10_483747VUHD85__rep0014,Classical monocytes,0.7209092029679752
homosapiens_None_2023_None_sikkemalisa_001_d10_1101_2022_03_10_483747THD0007__rep0000,Club,0.6769194143007715
homosapiens_None_2023_None_sikkemalisa_001_d10_1101_2022_03_10_483747THD0007__rep0001,Club,0.5518531602148359
homosapiens_None_2023_None_sikkemalisa_001_d10_1101_2022_03_10_483747THD0007__rep0002,Club,0.5909435231272084
homosapiens_None_2023_None_sikkemalisa_001_d10_1101_2022_03_10_483747THD0007__rep0003,Club,0.6634853976918668
homosapiens_None_2023_None_sikkemalisa_001_d10_1101_2022_03_10_483747THD0007__rep0004,Club,0.3997799800911831
homosapiens_None_2023_None_sikkemalisa_001_d10_1101_2022_03_10_483747THD0007__rep0005,Club,0.5431778591777378
homosapiens_None_2023_None_sikkemalisa_001_d10_1101_2022_03_10_483747THD0007__rep0006,Club,0.6446902000319634
homosapiens_None_2023_None_sikkemalisa_001_d10_1101_2022_03_10_483747THD0007__rep0007,Club,0.6827291947141508
homosapiens_None_2023_None_sikkemalisa_001_d10_1101_2022_03_10_483747THD0007__rep0009,Club,0.6180280625393368
homosapiens_None_2023_None_sikkemalisa_001_d10_1101_2022_03_10_483747THD0007__rep0010,Club,0.5844944301288835
homosapiens_None_2023_None_sikkemalisa_001_d10_1101_2022_03_10_483747THD0007__rep0011,Club,0.550346162818987
homosapiens_None_2023_None_sikkemalisa_001_d10_1101_2022_03_10_483747THD0007__rep0012,Club,0.6679834555855899
homosapiens_None_2023_None_sikkemalisa_001_d10_1101_2022_03_10_483747THD0007__rep0014,Club,0.634367059234034
homosapiens_None_2023_None_sikkemalisa_001_d10_1101_2022_03_10_483747THD0014__rep0000,Club,0.5797691820133912
homosapiens_None_2023_None_sikkemalisa_001_d10_1101_2022_03_10_483747THD0014__rep0001,Club,0.6151731601860644
homosapiens_None_2023_None_sikkemalisa_001_d10_1101_2022_03_10_483747THD0014__rep0002,Club,0.693464163580361
homosapiens_None_2023_None_sikkemalisa_001_d10_1101_2022_03_10_483747THD0014__rep0003,Club,0.5925535394445032
homosapiens_None_2023_None_sikkemalisa_001_d10_1101_2022_03_10_483747THD0014__rep0005,Club,0.5932910307896966
homosapiens_None_2023_None_sikkemalisa_001_d10_1101_2022_03_10_483747THD0014__rep0006,Club,0.6197366097917628
homosapiens_None_2023_None_sikkemalisa_001_d10_1101_2022_03_10_483747THD0014__rep0007,Club,0.6357098539277879
homosapiens_None_2023_None_sikkemalisa_001_d10_1101_2022_03_10_483747THD0014__rep0008,Club,0.5507387114898319
homosapiens_None_2023_None_sikkemalisa_001_d10_1101_2022_03_10_483747THD0014__rep0009,Club,0.648319226667573
homosapiens_None_2023_None_sikkemalisa_001_d10_1101_2022_03_10_483747THD0014__rep0010,Club,0.6859928150385683
homosapiens_None_2023_None_sikkemalisa_001_d10_1101_2022_03_10_483747THD0014__rep0011,Club,0.5692656396540917
homosapiens_None_2023_None_sikkemalisa_001_d10_1101_2022_03_10_483747THD0014__rep0012,Club,0.6579076880320709
homosapiens_None_2023_None_sikkemalisa_001_d10_1101_2022_03_10_483747THD0014__rep0013,Club,0.5914887039264227
homosapiens_None_2023_None_sikkemalisa_001_d10_1101_2022_03_10_483747THD0014__rep0014,Club,0.6606175776764824
homosapiens_None_2023_None_sikkemalisa_001_d10_1101_2022_03_10_483747VUHD071__rep0000,Club,0.513793554426581
homosapiens_None_2023_None_sikkemalisa_001_d10_1101_2022_03_10_483747VUHD071__rep0002,Club,0.6599256395778927
homosapiens_None_2023_None_sikkemalisa_001_d10_1101_2022_03_10_483747VUHD071__rep0003,Club,0.514313167206761
homosapiens_None_2023_None_sikkemalisa_001_d10_1101_2022_03_10_483747VUHD071__rep0004,Club,0.6086287909437738
homosapiens_None_2023_None_sikkemalisa_001_d10_1101_2022_03_10_483747VUHD071__rep0005,Club,0.5742897903869466
homosapiens_None_2023_None_sikkemalisa_001_d10_1101_2022_03_10_483747VUHD071__rep0006,Club,0.6038101677574246
homosapiens_None_2023_None_sikkemalisa_001_d10_1101_2022_03_10_483747VUHD071__rep0007,Club,0.5756876018235366
homosapiens_None_2023_None_sikkemalisa_001_d10_1101_2022_03_10_483747VUHD071__rep0008,Club,0.5851836870535418
homosapiens_None_2023_None_sikkemalisa_001_d10_1101_2022_03_10_483747VUHD071__rep0009,Club,0.5799378334811056
homosapiens_None_2023_None_sikkemalisa_001_d10_1101_2022_03_10_483747VUHD071__rep0010,Club,0.6032563537614053
homosapiens_None_2023_None_sikkemalisa_001_d10_1101_2022_03_10_483747VUHD071__rep0011,Club,0.6015986326529947
homosapiens_None_2023_None_sikkemalisa_001_d10_1101_2022_03_10_483747VUHD071__rep0012,Club,0.5134677312396234
homosapiens_None_2023_None_sikkemalisa_001_d10_1101_2022_03_10_483747VUHD071__rep0013,Club,0.5005095455295067
homosapiens_None_2023_None_sikkemalisa_001_d10_1101_2022_03_10_483747VUHD071__rep0014,Club,0.6196480863746809
homosapiens_None_2023_None_sikkemalisa_001_d10_1101_2022_03_10_483747VUHD103__rep0000,Club,0.5104821292921076
homosapiens_None_2023_None_sikkemalisa_001_d10_1101_2022_03_10_483747VUHD103__rep0001,Club,0.5994678072923144
homosapiens_None_2023_None_sikkemalisa_001_d10_1101_2022_03_10_483747VUHD103__rep0002,Club,0.6636134881176339
homosapiens_None_2023_None_sikkemalisa_001_d10_1101_2022_03_10_483747VUHD103__rep0003,Club,0.4397010127434175
homosapiens_None_2023_None_sikkemalisa_001_d10_1101_2022_03_10_483747VUHD103__rep0004,Club,0.5980692372972742
homosapiens_None_2023_None_sikkemalisa_001_d10_1101_2022_03_10_483747VUHD103__rep0005,Club,0.6437440824917241
homosapiens_None_2023_None_sikkemalisa_001_d10_1101_2022_03_10_483747VUHD103__rep0006,Club,0.5342536890193456
homosapiens_None_2023_None_sikkemalisa_001_d10_1101_2022_03_10_483747VUHD103__rep0007,Club,0.6400185179821793
homosapiens_None_2023_None_sikkemalisa_001_d10_1101_2022_03_10_483747VUHD103__rep0008,Club,0.6877480784501153
homosapiens_None_2023_None_sikkemalisa_001_d10_1101_2022_03_10_483747VUHD103__rep0009,Club,0.6810651303298771
homosapiens_None_2023_None_sikkemalisa_001_d10_1101_2022_03_10_483747VUHD103__rep0011,Club,0.5749217504721569
homosapiens_None_2023_None_sikkemalisa_001_d10_1101_2022_03_10_483747VUHD103__rep0013,Club,0.5415043069003329
homosapiens_None_2023_None_sikkemalisa_001_d10_1101_2022_03_10_483747VUHD103__rep0014,Club,0.5834717249222219
homosapiens_None_2023_None_sikkemalisa_001_d10_1101_2022_03_10_483747VUHD85__rep0001,Club,0.6781309884678538
homosapiens_None_2023_None_sikkemalisa_001_d10_1101_2022_03_10_483747VUHD85__rep0002,Club,0.576512560398705
homosapiens_None_2023_None_sikkemalisa_001_d10_1101_2022_03_10_483747VUHD85__rep0004,Club,0.6312004501011912
homosapiens_None_2023_None_sikkemalisa_001_d10_1101_2022_03_10_483747VUHD85__rep0006,Club,0.6819635228894403
homosapiens_None_2023_None_sikkemalisa_001_d10_1101_2022_03_10_483747VUHD85__rep0007,Club,0.5242397592731731
homosapiens_None_2023_None_sikkemalisa_001_d10_1101_2022_03_10_483747VUHD85__rep0008,Club,0.6752027780753158
homosapiens_None_2023_None_sikkemalisa_001_d10_1101_2022_03_10_483747VUHD85__rep0009,Club,0.7086285995401158
homosapiens_None_2023_None_sikkemalisa_001_d10_1101_2022_03_10_483747VUHD85__rep0010,Club,0.4189511919369381
homosapiens_None_2023_None_sikkemalisa_001_d10_1101_2022_03_10_483747VUHD85__rep0011,Club,0.7000359964030032
homosapiens_None_2023_None_sikkemalisa_001_d10_1101_2022_03_10_483747VUHD85__rep0012,Club,0.6452695183656618
homosapiens_None_2023_None_sikkemalisa_001_d10_1101_2022_03_10_483747VUHD85__rep0013,Club,0.5713045491778617
homosapiens_None_2023_None_sikkemalisa_001_d10_1101_2022_03_10_483747VUHD85__rep0014,Club,0.6831604957312554
homosapiens_None_2023_None_sikkemalisa_001_d10_1101_2022_03_10_483747THD0007__rep0000,DC monocyte,0.7533686907502645
homosapiens_None_2023_None_sikkemalisa_001_d10_1101_2022_03_10_483747THD0007__rep0001,DC monocyte,0.741698790956685
homosapiens_None_2023_None_sikkemalisa_001_d10_1101_2022_03_10_483747THD0007__rep0002,DC monocyte,0.7672469697313561
homosapiens_None_2023_None_sikkemalisa_001_d10_1101_2022_03_10_483747THD0007__rep0004,DC monocyte,0.6099978606157275
homosapiens_None_2023_None_sikkemalisa_001_d10_1101_2022_03_10_483747THD0007__rep0005,DC monocyte,0.7377866583293012
homosapiens_None_2023_None_sikkemalisa_001_d10_1101_2022_03_10_483747THD0007__rep0006,DC monocyte,0.7731683933878625
homosapiens_None_2023_None_sikkemalisa_001_d10_1101_2022_03_10_483747THD0007__rep0008,DC monocyte,0.7602469081549865
homosapiens_None_2023_None_sikkemalisa_001_d10_1101_2022_03_10_483747THD0007__rep0010,DC monocyte,0.7280781292948562
homosapiens_None_2023_None_sikkemalisa_001_d10_1101_2022_03_10_483747THD0007__rep0011,DC monocyte,0.7716384109693845
homosapiens_None_2023_None_sikkemalisa_001_d10_1101_2022_03_10_483747THD0007__rep0012,DC monocyte,0.6245830057552285
homosapiens_None_2023_None_sikkemalisa_001_d10_1101_2022_03_10_483747THD0007__rep0013,DC monocyte,0.7789867732197573
homosapiens_None_2023_None_sikkemalisa_001_d10_1101_2022_03_10_483747THD0007__rep0014,DC monocyte,0.7633844878293998
homosapiens_None_2023_None_sikkemalisa_001_d10_1101_2022_03_10_483747THD0014__rep0001,DC monocyte,0.7214818155230238
homosapiens_None_2023_None_sikkemalisa_001_d10_1101_2022_03_10_483747THD0014__rep0003,DC monocyte,0.6861955731035337
homosapiens_None_2023_None_sikkemalisa_001_d10_1101_2022_03_10_483747THD0014__rep0004,DC monocyte,0.7314937050062887
homosapiens_None_2023_None_sikkemalisa_001_d10_1101_2022_03_10_483747THD0014__rep0006,DC monocyte,0.7308870975378067
homosapiens_None_2023_None_sikkemalisa_001_d10_1101_2022_03_10_483747THD0014__rep0007,DC monocyte,0.7237454998354662
homosapiens_None_2023_None_sikkemalisa_001_d10_1101_2022_03_10_483747THD0014__rep0008,DC monocyte,0.7086727349992188
homosapiens_None_2023_None_sikkemalisa_001_d10_1101_2022_03_10_483747THD0014__rep0009,DC monocyte,0.7340170896882223
homosapiens_None_2023_None_sikkemalisa_001_d10_1101_2022_03_10_483747THD0014__rep0010,DC monocyte,0.770714110913715
homosapiens_None_2023_None_sikkemalisa_001_d10_1101_2022_03_10_483747THD0014__rep0011,DC monocyte,0.7160138811966072
homosapiens_None_2023_None_sikkemalisa_001_d10_1101_2022_03_10_483747THD0014__rep0012,DC monocyte,0.5526082396948598
homosapiens_None_2023_None_sikkemalisa_001_d10_1101_2022_03_10_483747THD0014__rep0013,DC monocyte,0.758744120964455
homosapiens_None_2023_None_sikkemalisa_001_d10_1101_2022_03_10_483747THD0014__rep0014,DC monocyte,0.5916814949873606
homosapiens_None_2023_None_sikkemalisa_001_d10_1101_2022_03_10_483747VUHD071__rep0000,DC monocyte,0.7114230387643936
homosapiens_None_2023_None_sikkemalisa_001_d10_1101_2022_03_10_483747VUHD071__rep0001,DC monocyte,0.6061669033724644
homosapiens_None_2023_None_sikkemalisa_001_d10_1101_2022_03_10_483747VUHD071__rep0002,DC monocyte,0.7157919906499476
homosapiens_None_2023_None_sikkemalisa_001_d10_1101_2022_03_10_483747VUHD071__rep0003,DC monocyte,0.7447680152077216
homosapiens_None_2023_None_sikkemalisa_001_d10_1101_2022_03_10_483747VUHD071__rep0004,DC monocyte,0.7558274071557871
homosapiens_None_2023_None_sikkemalisa_001_d10_1101_2022_03_10_483747VUHD071__rep0005,DC monocyte,0.7097033578687131
homosapiens_None_2023_None_sikkemalisa_001_d10_1101_2022_03_10_483747VUHD071__rep0007,DC monocyte,0.7194416613083354
homosapiens_None_2023_None_sikkemalisa_001_d10_1101_2022_03_10_483747VUHD071__rep0009,DC monocyte,0.6926784300045825
homosapiens_None_2023_None_sikkemalisa_001_d10_1101_2022_03_10_483747VUHD071__rep0010,DC monocyte,0.7039045419565115
homosapiens_None_2023_None_sikkemalisa_001_d10_1101_2022_03_10_483747VUHD071__rep0011,DC monocyte,0.7089459912202358
homosapiens_None_2023_None_sikkemalisa_001_d10_1101_2022_03_10_483747VUHD071__rep0012,DC monocyte,0.7486002112560531
homosapiens_None_2023_None_sikkemalisa_001_d10_1101_2022_03_10_483747VUHD071__rep0013,DC monocyte,0.6850059407665765
homosapiens_None_2023_None_sikkemalisa_001_d10_1101_2022_03_10_483747VUHD071__rep0014,DC monocyte,0.7277469448536471
homosapiens_None_2023_None_sikkemalisa_001_d10_1101_2022_03_10_483747VUHD077__rep0000,DC monocyte,0.6799898931942363
homosapiens_None_2023_None_sikkemalisa_001_d10_1101_2022_03_10_483747VUHD077__rep0003,DC monocyte,0.7078130202059283
homosapiens_None_2023_None_sikkemalisa_001_d10_1101_2022_03_10_483747VUHD077__rep0005,DC monocyte,0.6305549013979681
homosapiens_None_2023_None_sikkemalisa_001_d10_1101_2022_03_10_483747VUHD077__rep0006,DC monocyte,0.6068716185417253
homosapiens_None_2023_None_sikkemalisa_001_d10_1101_2022_03_10_483747VUHD077__rep0007,DC monocyte,0.6666329520706054
homosapiens_None_2023_None_sikkemalisa_001_d10_1101_2022_03_10_483747VUHD077__rep0008,DC monocyte,0.7220907259574485
homosapiens_None_2023_None_sikkemalisa_001_d10_1101_2022_03_10_483747VUHD077__rep0009,DC monocyte,0.644274804799134
homosapiens_None_2023_None_sikkemalisa_001_d10_1101_2022_03_10_483747VUHD077__rep0010,DC monocyte,0.6439373456443406
homosapiens_None_2023_None_sikkemalisa_001_d10_1101_2022_03_10_483747VUHD077__rep0012,DC monocyte,0.7556907490953672
homosapiens_None_2023_None_sikkemalisa_001_d10_1101_2022_03_10_483747VUHD077__rep0014,DC monocyte,0.4843501883243828
homosapiens_None_2023_None_sikkemalisa_001_d10_1101_2022_03_10_483747VUHD103__rep0000,DC monocyte,0.7835830793830599
homosapiens_None_2023_None_sikkemalisa_001_d10_1101_2022_03_10_483747VUHD103__rep0001,DC monocyte,0.7608334400760373
homosapiens_None_2023_None_sikkemalisa_001_d10_1101_2022_03_10_483747VUHD103__rep0002,DC monocyte,0.7361219963251282
homosapiens_None_2023_None_sikkemalisa_001_d10_1101_2022_03_10_483747VUHD103__rep0004,DC monocyte,0.7384470768315793
homosapiens_None_2023_None_sikkemalisa_001_d10_1101_2022_03_10_483747VUHD103__rep0005,DC monocyte,0.7650719771397485
homosapiens_None_2023_None_sikkemalisa_001_d10_1101_2022_03_10_483747VUHD103__rep0006,DC monocyte,0.6205544658682296
homosapiens_None_2023_None_sikkemalisa_001_d10_1101_2022_03_10_483747VUHD103__rep0007,DC monocyte,0.6684393226331068
homosapiens_None_2023_None_sikkemalisa_001_d10_1101_2022_03_10_483747VUHD103__rep0008,DC monocyte,0.7277759559119172
homosapiens_None_2023_None_sikkemalisa_001_d10_1101_2022_03_10_483747VUHD103__rep0009,DC monocyte,0.774751233629405
homosapiens_None_2023_None_sikkemalisa_001_d10_1101_2022_03_10_483747VUHD103__rep0011,DC monocyte,0.7092864807615011
homosapiens_None_2023_None_sikkemalisa_001_d10_1101_2022_03_10_483747VUHD103__rep0012,DC monocyte,0.6869228518772604
homosapiens_None_2023_None_sikkemalisa_001_d10_1101_2022_03_10_483747VUHD103__rep0013,DC monocyte,0.7565541037805077
homosapiens_None_2023_None_sikkemalisa_001_d10_1101_2022_03_10_483747VUHD103__rep0014,DC monocyte,0.7361363093741031
homosapiens_None_2023_None_sikkemalisa_001_d10_1101_2022_03_10_483747VUHD69__rep0000,DC monocyte,0.692038527471348
homosapiens_None_2023_None_sikkemalisa_001_d10_1101_2022_03_10_483747VUHD69__rep0002,DC monocyte,0.7200838103487042
homosapiens_None_2023_None_sikkemalisa_001_d10_1101_2022_03_10_483747VUHD69__rep0003,DC monocyte,0.75296572379684
homosapiens_None_2023_None_sikkemalisa_001_d10_1101_2022_03_10_483747VUHD69__rep0004,DC monocyte,0.7913264110540825
homosapiens_None_2023_None_sikkemalisa_001_d10_1101_2022_03_10_483747VUHD69__rep0005,DC monocyte,0.7243124505581314
homosapiens_None_2023_None_sikkemalisa_001_d10_1101_2022_03_10_483747VUHD69__rep0006,DC monocyte,0.7216420037613667
homosapiens_None_2023_None_sikkemalisa_001_d10_1101_2022_03_10_483747VUHD69__rep0007,DC monocyte,0.7675544115401232
homosapiens_None_2023_None_sikkemalisa_001_d10_1101_2022_03_10_483747VUHD69__rep0008,DC monocyte,0.6153040582322293
homosapiens_None_2023_None_sikkemalisa_001_d10_1101_2022_03_10_483747VUHD69__rep0009,DC monocyte,0.5952448099117624
homosapiens_None_2023_None_sikkemalisa_001_d10_1101_2022_03_10_483747VUHD69__rep0010,DC monocyte,0.7486175624379146
homosapiens_None_2023_None_sikkemalisa_001_d10_1101_2022_03_10_483747VUHD69__rep0011,DC monocyte,0.7870205118264215
homosapiens_None_2023_None_sikkemalisa_001_d10_1101_2022_03_10_483747VUHD69__rep0012,DC monocyte,0.7374284541584938
homosapiens_None_2023_None_sikkemalisa_001_d10_1101_2022_03_10_483747VUHD69__rep0014,DC monocyte,0.6113230496056077
homosapiens_None_2023_None_sikkemalisa_001_d10_1101_2022_03_10_483747THD0007__rep0000,DC1,0.7324945422096258
homosapiens_None_2023_None_sikkemalisa_001_d10_1101_2022_03_10_483747THD0007__rep0001,DC1,0.6758690484849657
homosapiens_None_2023_None_sikkemalisa_001_d10_1101_2022_03_10_483747THD0007__rep0002,DC1,0.7593172863876425
homosapiens_None_2023_None_sikkemalisa_001_d10_1101_2022_03_10_483747THD0007__rep0003,DC1,0.7223598922508216
homosapiens_None_2023_None_sikkemalisa_001_d10_1101_2022_03_10_483747THD0007__rep0004,DC1,0.7150297845104379
homosapiens_None_2023_None_sikkemalisa_001_d10_1101_2022_03_10_483747THD0007__rep0006,DC1,0.667484401930583
homosapiens_None_2023_None_sikkemalisa_001_d10_1101_2022_03_10_483747THD0007__rep0007,DC1,0.7436466054676447
homosapiens_None_2023_None_sikkemalisa_001_d10_1101_2022_03_10_483747THD0007__rep0008,DC1,0.7222600844074668
homosapiens_None_2023_None_sikkemalisa_001_d10_1101_2022_03_10_483747THD0007__rep0009,DC1,0.713306127520928
homosapiens_None_2023_None_sikkemalisa_001_d10_1101_2022_03_10_483747THD0007__rep0010,DC1,0.7467366818564892
homosapiens_None_2023_None_sikkemalisa_001_d10_1101_2022_03_10_483747THD0007__rep0011,DC1,0.7509371893597494
homosapiens_None_2023_None_sikkemalisa_001_d10_1101_2022_03_10_483747THD0007__rep0012,DC1,0.6902817305411426
homosapiens_None_2023_None_sikkemalisa_001_d10_1101_2022_03_10_483747THD0007__rep0014,DC1,0.6854055393839682
homosapiens_None_2023_None_sikkemalisa_001_d10_1101_2022_03_10_483747THD0014__rep0000,DC1,0.7175471513140801
homosapiens_None_2023_None_sikkemalisa_001_d10_1101_2022_03_10_483747THD0014__rep0001,DC1,0.7441165218031344
homosapiens_None_2023_None_sikkemalisa_001_d10_1101_2022_03_10_483747THD0014__rep0002,DC1,0.7433667831460562
homosapiens_None_2023_None_sikkemalisa_001_d10_1101_2022_03_10_483747THD0014__rep0003,DC1,0.6362581486690613
homosapiens_None_2023_None_sikkemalisa_001_d10_1101_2022_03_10_483747THD0014__rep0004,DC1,0.462932923358157
homosapiens_None_2023_None_sikkemalisa_001_d10_1101_2022_03_10_483747THD0014__rep0005,DC1,0.5754817070030934
homosapiens_None_2023_None_sikkemalisa_001_d10_1101_2022_03_10_483747THD0014__rep0006,DC1,0.7361975315363776
homosapiens_None_2023_None_sikkemalisa_001_d10_1101_2022_03_10_483747THD0014__rep0007,DC1,0.7275634352380462
homosapiens_None_2023_None_sikkemalisa_001_d10_1101_2022_03_10_483747THD0014__rep0008,DC1,0.7587238235219638
homosapiens_None_2023_None_sikkemalisa_001_d10_1101_2022_03_10_483747THD0014__rep0009,DC1,0.7408443797302389
homosapiens_None_2023_None_sikkemalisa_001_d10_1101_2022_03_10_483747THD0014__rep0010,DC1,0.7318026053523499
homosapiens_None_2023_None_sikkemalisa_001_d10_1101_2022_03_10_483747THD0014__rep0011,DC1,0.7530992623261976
homosapiens_None_2023_None_sikkemalisa_001_d10_1101_2022_03_10_483747THD0014__rep0012,DC1,0.6408113495755003
homosapiens_None_2023_None_sikkemalisa_001_d10_1101_2022_03_10_483747THD0014__rep0013,DC1,0.696465701439002
homosapiens_None_2023_None_sikkemalisa_001_d10_1101_2022_03_10_483747VUHD071__rep0000,DC1,0.5518888090797899
homosapiens_None_2023_None_sikkemalisa_001_d10_1101_2022_03_10_483747VUHD071__rep0001,DC1,0.6673363649491929
homosapiens_None_2023_None_sikkemalisa_001_d10_1101_2022_03_10_483747VUHD071__rep0002,DC1,0.6821035590084132
homosapiens_None_2023_None_sikkemalisa_001_d10_1101_2022_03_10_483747VUHD071__rep0003,DC1,0.6730179552306181
homosapiens_None_2023_None_sikkemalisa_001_d10_1101_2022_03_10_483747VUHD071__rep0004,DC1,0.6620019944911235
homosapiens_None_2023_None_sikkemalisa_001_d10_1101_2022_03_10_483747VUHD071__rep0005,DC1,0.5028520522392794
homosapiens_None_2023_None_sikkemalisa_001_d10_1101_2022_03_10_483747VUHD071__rep0006,DC1,0.6120435375891098
homosapiens_None_2023_None_sikkemalisa_001_d10_1101_2022_03_10_483747VUHD071__rep0007,DC1,0.4020982029617496
homosapiens_None_2023_None_sikkemalisa_001_d10_1101_2022_03_10_483747VUHD071__rep0008,DC1,0.6608160463441051
homosapiens_None_2023_None_sikkemalisa_001_d10_1101_2022_03_10_483747VUHD071__rep0009,DC1,0.6508480634560868
homosapiens_None_2023_None_sikkemalisa_001_d10_1101_2022_03_10_483747VUHD071__rep0010,DC1,0.5865681173158478
homosapiens_None_2023_None_sikkemalisa_001_d10_1101_2022_03_10_483747VUHD071__rep0011,DC1,0.6647593432031933
homosapiens_None_2023_None_sikkemalisa_001_d10_1101_2022_03_10_483747VUHD071__rep0012,DC1,0.6873533223437689
homosapiens_None_2023_None_sikkemalisa_001_d10_1101_2022_03_10_483747VUHD071__rep0013,DC1,0.59738089619967
homosapiens_None_2023_None_sikkemalisa_001_d10_1101_2022_03_10_483747VUHD071__rep0014,DC1,0.5819823211704171
homosapiens_None_2023_None_sikkemalisa_001_d10_1101_2022_03_10_483747VUHD077__rep0000,DC1,0.7185318505254579
homosapiens_None_2023_None_sikkemalisa_001_d10_1101_2022_03_10_483747VUHD077__rep0001,DC1,0.7523806324252786
homosapiens_None_2023_None_sikkemalisa_001_d10_1101_2022_03_10_483747VUHD077__rep0002,DC1,0.5628293478581201
homosapiens_None_2023_None_sikkemalisa_001_d10_1101_2022_03_10_483747VUHD077__rep0003,DC1,0.6456785074605452
homosapiens_None_2023_None_sikkemalisa_001_d10_1101_2022_03_10_483747VUHD077__rep0004,DC1,0.6424142670277996
homosapiens_None_2023_None_sikkemalisa_001_d10_1101_2022_03_10_483747VUHD077__rep0005,DC1,0.7130020420867171
homosapiens_None_2023_None_sikkemalisa_001_d10_1101_2022_03_10_483747VUHD077__rep0006,DC1,0.7771202918909781
homosapiens_None_2023_None_sikkemalisa_001_d10_1101_2022_03_10_483747VUHD077__rep0008,DC1,0.7612273984648278
homosapiens_None_2023_None_sikkemalisa_001_d10_1101_2022_03_10_483747VUHD077__rep0009,DC1,0.7891603906881153
homosapiens_None_2023_None_sikkemalisa_001_d10_1101_2022_03_10_483747VUHD077__rep0010,DC1,0.756093067935009
homosapiens_None_2023_None_sikkemalisa_001_d10_1101_2022_03_10_483747VUHD077__rep0011,DC1,0.6948237331976151
homosapiens_None_2023_None_sikkemalisa_001_d10_1101_2022_03_10_483747VUHD077__rep0012,DC1,0.7569622656016333
homosapiens_None_2023_None_sikkemalisa_001_d10_1101_2022_03_10_483747VUHD077__rep0013,DC1,0.6921521813267318
homosapiens_None_2023_None_sikkemalisa_001_d10_1101_2022_03_10_483747VUHD077__rep0014,DC1,0.6919179014965411
homosapiens_None_2023_None_sikkemalisa_001_d10_1101_2022_03_10_483747VUHD103__rep0000,DC1,0.7246162635519462
homosapiens_None_2023_None_sikkemalisa_001_d10_1101_2022_03_10_483747VUHD103__rep0001,DC1,0.6982979464993616
homosapiens_None_2023_None_sikkemalisa_001_d10_1101_2022_03_10_483747VUHD103__rep0002,DC1,0.6536183424459048
homosapiens_None_2023_None_sikkemalisa_001_d10_1101_2022_03_10_483747VUHD103__rep0003,DC1,0.6638220149058762
homosapiens_None_2023_None_sikkemalisa_001_d10_1101_2022_03_10_483747VUHD103__rep0004,DC1,0.7331642433724382
homosapiens_None_2023_None_sikkemalisa_001_d10_1101_2022_03_10_483747VUHD103__rep0005,DC1,0.7369302541332283
homosapiens_None_2023_None_sikkemalisa_001_d10_1101_2022_03_10_483747VUHD103__rep0006,DC1,0.6356398525502118
homosapiens_None_2023_None_sikkemalisa_001_d10_1101_2022_03_10_483747VUHD103__rep0007,DC1,0.7083872693962352
homosapiens_None_2023_None_sikkemalisa_001_d10_1101_2022_03_10_483747VUHD103__rep0008,DC1,0.6132450281481738
homosapiens_None_2023_None_sikkemalisa_001_d10_1101_2022_03_10_483747VUHD103__rep0009,DC1,0.5780902028955432
homosapiens_None_2023_None_sikkemalisa_001_d10_1101_2022_03_10_483747VUHD103__rep0010,DC1,0.7259460345749025
homosapiens_None_2023_None_sikkemalisa_001_d10_1101_2022_03_10_483747VUHD103__rep0011,DC1,0.6631729206485999
homosapiens_None_2023_None_sikkemalisa_001_d10_1101_2022_03_10_483747VUHD103__rep0012,DC1,0.6492671525418322
homosapiens_None_2023_None_sikkemalisa_001_d10_1101_2022_03_10_483747VUHD103__rep0013,DC1,0.7224037249726549
homosapiens_None_2023_None_sikkemalisa_001_d10_1101_2022_03_10_483747VUHD103__rep0014,DC1,0.6686736269708929
homosapiens_None_2023_None_sikkemalisa_001_d10_1101_2022_03_10_483747VUHD69__rep0000,DC1,0.7225713309957547
homosapiens_None_2023_None_sikkemalisa_001_d10_1101_2022_03_10_483747VUHD69__rep0001,DC1,0.6710493874131807
homosapiens_None_2023_None_sikkemalisa_001_d10_1101_2022_03_10_483747VUHD69__rep0002,DC1,0.7780254783285194
homosapiens_None_2023_None_sikkemalisa_001_d10_1101_2022_03_10_483747VUHD69__rep0004,DC1,0.7195360242284279
homosapiens_None_2023_None_sikkemalisa_001_d10_1101_2022_03_10_483747VUHD69__rep0005,DC1,0.6802043538605572
homosapiens_None_2023_None_sikkemalisa_001_d10_1101_2022_03_10_483747VUHD69__rep0006,DC1,0.6960253744877323
homosapiens_None_2023_None_sikkemalisa_001_d10_1101_2022_03_10_483747VUHD69__rep0007,DC1,0.7672155762541136
homosapiens_None_2023_None_sikkemalisa_001_d10_1101_2022_03_10_483747VUHD69__rep0008,DC1,0.7201311008477786
homosapiens_None_2023_None_sikkemalisa_001_d10_1101_2022_03_10_483747VUHD69__rep0009,DC1,0.6809662871715798
homosapiens_None_2023_None_sikkemalisa_001_d10_1101_2022_03_10_483747VUHD69__rep0010,DC1,0.7192424413377249
homosapiens_None_2023_None_sikkemalisa_001_d10_1101_2022_03_10_483747VUHD69__rep0011,DC1,0.7428683104082604
homosapiens_None_2023_None_sikkemalisa_001_d10_1101_2022_03_10_483747VUHD69__rep0012,DC1,0.7266026063423192
homosapiens_None_2023_None_sikkemalisa_001_d10_1101_2022_03_10_483747VUHD69__rep0013,DC1,0.7040455527467222
homosapiens_None_2023_None_sikkemalisa_001_d10_1101_2022_03_10_483747VUHD85__rep0000,DC1,0.7544033491259244
homosapiens_None_2023_None_sikkemalisa_001_d10_1101_2022_03_10_483747VUHD85__rep0003,DC1,0.6418618127553177
homosapiens_None_2023_None_sikkemalisa_001_d10_1101_2022_03_10_483747VUHD85__rep0004,DC1,0.7546852995381494
homosapiens_None_2023_None_sikkemalisa_001_d10_1101_2022_03_10_483747VUHD85__rep0006,DC1,0.7405863560697699
homosapiens_None_2023_None_sikkemalisa_001_d10_1101_2022_03_10_483747VUHD85__rep0007,DC1,0.7470472439230347
homosapiens_None_2023_None_sikkemalisa_001_d10_1101_2022_03_10_483747VUHD85__rep0008,DC1,0.6836155758989686
homosapiens_None_2023_None_sikkemalisa_001_d10_1101_2022_03_10_483747VUHD85__rep0009,DC1,0.6771224511793565
homosapiens_None_2023_None_sikkemalisa_001_d10_1101_2022_03_10_483747VUHD85__rep0010,DC1,0.6326537324010348
homosapiens_None_2023_None_sikkemalisa_001_d10_1101_2022_03_10_483747VUHD85__rep0011,DC1,0.7584736515490209
homosapiens_None_2023_None_sikkemalisa_001_d10_1101_2022_03_10_483747VUHD85__rep0012,DC1,0.4535110252777186
homosapiens_None_2023_None_sikkemalisa_001_d10_1101_2022_03_10_483747VUHD85__rep0013,DC1,0.5906315847017236
homosapiens_None_2023_None_sikkemalisa_001_d10_1101_2022_03_10_483747VUHD85__rep0014,DC1,0.7280150759549819
homosapiens_None_2023_None_sikkemalisa_001_d10_1101_2022_03_10_483747VUHD071__rep0000,Deuterosomal,0.5138721570926545
homosapiens_None_2023_None_sikkemalisa_001_d10_1101_2022_03_10_483747VUHD071__rep0001,Deuterosomal,0.6505384634126986
homosapiens_None_2023_None_sikkemalisa_001_d10_1101_2022_03_10_483747VUHD071__rep0002,Deuterosomal,0.6653203334221389
homosapiens_None_2023_None_sikkemalisa_001_d10_1101_2022_03_10_483747VUHD071__rep0003,Deuterosomal,0.6361012543320501
homosapiens_None_2023_None_sikkemalisa_001_d10_1101_2022_03_10_483747VUHD071__rep0004,Deuterosomal,0.5199026817828224
homosapiens_None_2023_None_sikkemalisa_001_d10_1101_2022_03_10_483747VUHD071__rep0005,Deuterosomal,0.6733282316472052
homosapiens_None_2023_None_sikkemalisa_001_d10_1101_2022_03_10_483747VUHD071__rep0006,Deuterosomal,0.6634925444867398
homosapiens_None_2023_None_sikkemalisa_001_d10_1101_2022_03_10_483747VUHD071__rep0007,Deuterosomal,0.5826583544872694
homosapiens_None_2023_None_sikkemalisa_001_d10_1101_2022_03_10_483747VUHD071__rep0008,Deuterosomal,0.6832790845550147
homosapiens_None_2023_None_sikkemalisa_001_d10_1101_2022_03_10_483747VUHD071__rep0009,Deuterosomal,0.4507022761756629
homosapiens_None_2023_None_sikkemalisa_001_d10_1101_2022_03_10_483747VUHD071__rep0010,Deuterosomal,0.575329795202087
homosapiens_None_2023_None_sikkemalisa_001_d10_1101_2022_03_10_483747VUHD071__rep0011,Deuterosomal,0.6191689499824511
homosapiens_None_2023_None_sikkemalisa_001_d10_1101_2022_03_10_483747VUHD071__rep0012,Deuterosomal,0.624522905241337
homosapiens_None_2023_None_sikkemalisa_001_d10_1101_2022_03_10_483747VUHD071__rep0013,Deuterosomal,0.6722111749402282
homosapiens_None_2023_None_sikkemalisa_001_d10_1101_2022_03_10_483747VUHD071__rep0014,Deuterosomal,0.6928263563080725
homosapiens_None_2023_None_sikkemalisa_001_d10_1101_2022_03_10_483747VUHD103__rep0000,Deuterosomal,0.644042427307211
homosapiens_None_2023_None_sikkemalisa_001_d10_1101_2022_03_10_483747VUHD103__rep0001,Deuterosomal,0.6954077343248521
homosapiens_None_2023_None_sikkemalisa_001_d10_1101_2022_03_10_483747VUHD103__rep0002,Deuterosomal,0.7425271988813125
homosapiens_None_2023_None_sikkemalisa_001_d10_1101_2022_03_10_483747VUHD103__rep0003,Deuterosomal,0.5944182520770034
homosapiens_None_2023_None_sikkemalisa_001_d10_1101_2022_03_10_483747VUHD103__rep0005,Deuterosomal,0.7254514815933786
homosapiens_None_2023_None_sikkemalisa_001_d10_1101_2022_03_10_483747VUHD103__rep0006,Deuterosomal,0.585342386196203
homosapiens_None_2023_None_sikkemalisa_001_d10_1101_2022_03_10_483747VUHD103__rep0007,Deuterosomal,0.712101618452577
homosapiens_None_2023_None_sikkemalisa_001_d10_1101_2022_03_10_483747VUHD103__rep0008,Deuterosomal,0.5926561969833338
homosapiens_None_2023_None_sikkemalisa_001_d10_1101_2022_03_10_483747VUHD103__rep0009,Deuterosomal,0.7419043820524079
homosapiens_None_2023_None_sikkemalisa_001_d10_1101_2022_03_10_483747VUHD103__rep0010,Deuterosomal,0.7401609672385991
homosapiens_None_2023_None_sikkemalisa_001_d10_1101_2022_03_10_483747VUHD103__rep0012,Deuterosomal,0.6313677017287035
homosapiens_None_2023_None_sikkemalisa_001_d10_1101_2022_03_10_483747VUHD103__rep0013,Deuterosomal,0.6535107444646866
homosapiens_None_2023_None_sikkemalisa_001_d10_1101_2022_03_10_483747THD0007__rep0000,EC aerocyte capillary,0.7101932753673286
homosapiens_None_2023_None_sikkemalisa_001_d10_1101_2022_03_10_483747THD0007__rep0001,EC aerocyte capillary,0.6900180225626664
homosapiens_None_2023_None_sikkemalisa_001_d10_1101_2022_03_10_483747THD0007__rep0002,EC aerocyte capillary,0.6641797068361895
homosapiens_None_2023_None_sikkemalisa_001_d10_1101_2022_03_10_483747THD0007__rep0003,EC aerocyte capillary,0.7159939896898564
homosapiens_None_2023_None_sikkemalisa_001_d10_1101_2022_03_10_483747THD0007__rep0004,EC aerocyte capillary,0.7263409022010312
homosapiens_None_2023_None_sikkemalisa_001_d10_1101_2022_03_10_483747THD0007__rep0005,EC aerocyte capillary,0.6308924261832457
homosapiens_None_2023_None_sikkemalisa_001_d10_1101_2022_03_10_483747THD0007__rep0007,EC aerocyte capillary,0.6560178477157419
homosapiens_None_2023_None_sikkemalisa_001_d10_1101_2022_03_10_483747THD0007__rep0008,EC aerocyte capillary,0.6123190025497125
homosapiens_None_2023_None_sikkemalisa_001_d10_1101_2022_03_10_483747THD0007__rep0010,EC aerocyte capillary,0.7018434247955677
homosapiens_None_2023_None_sikkemalisa_001_d10_1101_2022_03_10_483747THD0007__rep0011,EC aerocyte capillary,0.6901659609495525
homosapiens_None_2023_None_sikkemalisa_001_d10_1101_2022_03_10_483747THD0007__rep0012,EC aerocyte capillary,0.7080983528440872
homosapiens_None_2023_None_sikkemalisa_001_d10_1101_2022_03_10_483747THD0007__rep0013,EC aerocyte capillary,0.7582435145903208
homosapiens_None_2023_None_sikkemalisa_001_d10_1101_2022_03_10_483747THD0007__rep0014,EC aerocyte capillary,0.7393065259610676
homosapiens_None_2023_None_sikkemalisa_001_d10_1101_2022_03_10_483747THD0014__rep0000,EC aerocyte capillary,0.7648298356739145
homosapiens_None_2023_None_sikkemalisa_001_d10_1101_2022_03_10_483747THD0014__rep0001,EC aerocyte capillary,0.6876201822959642
homosapiens_None_2023_None_sikkemalisa_001_d10_1101_2022_03_10_483747THD0014__rep0002,EC aerocyte capillary,0.6401102156826997
homosapiens_None_2023_None_sikkemalisa_001_d10_1101_2022_03_10_483747THD0014__rep0003,EC aerocyte capillary,0.6430153208343092
homosapiens_None_2023_None_sikkemalisa_001_d10_1101_2022_03_10_483747THD0014__rep0004,EC aerocyte capillary,0.6123969126204204
homosapiens_None_2023_None_sikkemalisa_001_d10_1101_2022_03_10_483747THD0014__rep0005,EC aerocyte capillary,0.6901326599785833
homosapiens_None_2023_None_sikkemalisa_001_d10_1101_2022_03_10_483747THD0014__rep0006,EC aerocyte capillary,0.6754341642743622
homosapiens_None_2023_None_sikkemalisa_001_d10_1101_2022_03_10_483747THD0014__rep0007,EC aerocyte capillary,0.7605991170285824
homosapiens_None_2023_None_sikkemalisa_001_d10_1101_2022_03_10_483747THD0014__rep0008,EC aerocyte capillary,0.5627079980801004
homosapiens_None_2023_None_sikkemalisa_001_d10_1101_2022_03_10_483747THD0014__rep0009,EC aerocyte capillary,0.6927178413550101
homosapiens_None_2023_None_sikkemalisa_001_d10_1101_2022_03_10_483747THD0014__rep0010,EC aerocyte capillary,0.7228561256985525
homosapiens_None_2023_None_sikkemalisa_001_d10_1101_2022_03_10_483747THD0014__rep0011,EC aerocyte capillary,0.7781258427079467
homosapiens_None_2023_None_sikkemalisa_001_d10_1101_2022_03_10_483747THD0014__rep0012,EC aerocyte capillary,0.4033105469011226
homosapiens_None_2023_None_sikkemalisa_001_d10_1101_2022_03_10_483747THD0014__rep0014,EC aerocyte capillary,0.6947187893193744
homosapiens_None_2023_None_sikkemalisa_001_d10_1101_2022_03_10_483747VUHD071__rep0000,EC aerocyte capillary,0.5739045352103005
homosapiens_None_2023_None_sikkemalisa_001_d10_1101_2022_03_10_483747VUHD071__rep0001,EC aerocyte capillary,0.6533634062955922
homosapiens_None_2023_None_sikkemalisa_001_d10_1101_2022_03_10_483747VUHD071__rep0003,EC aerocyte capillary,0.6384741695650719
homosapiens_None_2023_None_sikkemalisa_001_d10_1101_2022_03_10_483747VUHD071__rep0004,EC aerocyte capillary,0.739867658865943
homosapiens_None_2023_None_sikkemalisa_001_d10_1101_2022_03_10_483747VUHD071__rep0007,EC aerocyte capillary,0.6755411491128432
homosapiens_None_2023_None_sikkemalisa_001_d10_1101_2022_03_10_483747VUHD071__rep0008,EC aerocyte capillary,0.715589962593951
homosapiens_None_2023_None_sikkemalisa_001_d10_1101_2022_03_10_483747VUHD071__rep0009,EC aerocyte capillary,0.6963997329043503
homosapiens_None_2023_None_sikkemalisa_001_d10_1101_2022_03_10_483747VUHD071__rep0010,EC aerocyte capillary,0.6199001126523522
homosapiens_None_2023_None_sikkemalisa_001_d10_1101_2022_03_10_483747VUHD071__rep0011,EC aerocyte capillary,0.6617773653327946
homosapiens_None_2023_None_sikkemalisa_001_d10_1101_2022_03_10_483747VUHD071__rep0012,EC aerocyte capillary,0.7268517369176888
homosapiens_None_2023_None_sikkemalisa_001_d10_1101_2022_03_10_483747VUHD071__rep0013,EC aerocyte capillary,0.7191399297351262
homosapiens_None_2023_None_sikkemalisa_001_d10_1101_2022_03_10_483747VUHD071__rep0014,EC aerocyte capillary,0.6509314156028463
homosapiens_None_2023_None_sikkemalisa_001_d10_1101_2022_03_10_483747VUHD077__rep0000,EC aerocyte capillary,0.6398803875941445
homosapiens_None_2023_None_sikkemalisa_001_d10_1101_2022_03_10_483747VUHD077__rep0001,EC aerocyte capillary,0.6035648976311454
homosapiens_None_2023_None_sikkemalisa_001_d10_1101_2022_03_10_483747VUHD077__rep0002,EC aerocyte capillary,0.6086303853888837
homosapiens_None_2023_None_sikkemalisa_001_d10_1101_2022_03_10_483747VUHD077__rep0003,EC aerocyte capillary,0.6128019205926133
homosapiens_None_2023_None_sikkemalisa_001_d10_1101_2022_03_10_483747VUHD077__rep0004,EC aerocyte capillary,0.4193229573976211
homosapiens_None_2023_None_sikkemalisa_001_d10_1101_2022_03_10_483747VUHD077__rep0005,EC aerocyte capillary,0.5051019804189982
homosapiens_None_2023_None_sikkemalisa_001_d10_1101_2022_03_10_483747VUHD077__rep0006,EC aerocyte capillary,0.693311145870933
homosapiens_None_2023_None_sikkemalisa_001_d10_1101_2022_03_10_483747VUHD077__rep0007,EC aerocyte capillary,0.6552645604769707
homosapiens_None_2023_None_sikkemalisa_001_d10_1101_2022_03_10_483747VUHD077__rep0010,EC aerocyte capillary,0.5840122258825352
homosapiens_None_2023_None_sikkemalisa_001_d10_1101_2022_03_10_483747VUHD077__rep0011,EC aerocyte capillary,0.5650937081431828
homosapiens_None_2023_None_sikkemalisa_001_d10_1101_2022_03_10_483747VUHD077__rep0012,EC aerocyte capillary,0.7499899482944641
homosapiens_None_2023_None_sikkemalisa_001_d10_1101_2022_03_10_483747VUHD077__rep0013,EC aerocyte capillary,0.6915294647008647
homosapiens_None_2023_None_sikkemalisa_001_d10_1101_2022_03_10_483747VUHD077__rep0014,EC aerocyte capillary,0.6795073806767173
homosapiens_None_2023_None_sikkemalisa_001_d10_1101_2022_03_10_483747VUHD103__rep0000,EC aerocyte capillary,0.6511121744032768
homosapiens_None_2023_None_sikkemalisa_001_d10_1101_2022_03_10_483747VUHD103__rep0001,EC aerocyte capillary,0.712089335624594
homosapiens_None_2023_None_sikkemalisa_001_d10_1101_2022_03_10_483747VUHD103__rep0002,EC aerocyte capillary,0.6813498996304417
homosapiens_None_2023_None_sikkemalisa_001_d10_1101_2022_03_10_483747VUHD103__rep0003,EC aerocyte capillary,0.7414500726123097
homosapiens_None_2023_None_sikkemalisa_001_d10_1101_2022_03_10_483747VUHD103__rep0004,EC aerocyte capillary,0.7040128541511186
homosapiens_None_2023_None_sikkemalisa_001_d10_1101_2022_03_10_483747VUHD103__rep0005,EC aerocyte capillary,0.7013697924429926
homosapiens_None_2023_None_sikkemalisa_001_d10_1101_2022_03_10_483747VUHD103__rep0006,EC aerocyte capillary,0.6965113116222086
homosapiens_None_2023_None_sikkemalisa_001_d10_1101_2022_03_10_483747VUHD103__rep0007,EC aerocyte capillary,0.7842726230109291
homosapiens_None_2023_None_sikkemalisa_001_d10_1101_2022_03_10_483747VUHD103__rep0008,EC aerocyte capillary,0.6486818089229347
homosapiens_None_2023_None_sikkemalisa_001_d10_1101_2022_03_10_483747VUHD103__rep0009,EC aerocyte capillary,0.7025936846753521
homosapiens_None_2023_None_sikkemalisa_001_d10_1101_2022_03_10_483747VUHD103__rep0010,EC aerocyte capillary,0.4478474982688806
homosapiens_None_2023_None_sikkemalisa_001_d10_1101_2022_03_10_483747VUHD103__rep0011,EC aerocyte capillary,0.7404918033847432
homosapiens_None_2023_None_sikkemalisa_001_d10_1101_2022_03_10_483747VUHD103__rep0012,EC aerocyte capillary,0.7390177073054891
homosapiens_None_2023_None_sikkemalisa_001_d10_1101_2022_03_10_483747VUHD103__rep0013,EC aerocyte capillary,0.4879424979405097
homosapiens_None_2023_None_sikkemalisa_001_d10_1101_2022_03_10_483747VUHD69__rep0000,EC aerocyte capillary,0.7226314303907589
homosapiens_None_2023_None_sikkemalisa_001_d10_1101_2022_03_10_483747VUHD69__rep0001,EC aerocyte capillary,0.6251708081129994
homosapiens_None_2023_None_sikkemalisa_001_d10_1101_2022_03_10_483747VUHD69__rep0002,EC aerocyte capillary,0.5454995191905643
homosapiens_None_2023_None_sikkemalisa_001_d10_1101_2022_03_10_483747VUHD69__rep0003,EC aerocyte capillary,0.7055330689682275
homosapiens_None_2023_None_sikkemalisa_001_d10_1101_2022_03_10_483747VUHD69__rep0004,EC aerocyte capillary,0.6275334578742369
homosapiens_None_2023_None_sikkemalisa_001_d10_1101_2022_03_10_483747VUHD69__rep0005,EC aerocyte capillary,0.6993205732398744
homosapiens_None_2023_None_sikkemalisa_001_d10_1101_2022_03_10_483747VUHD69__rep0006,EC aerocyte capillary,0.3929017066615476
homosapiens_None_2023_None_sikkemalisa_001_d10_1101_2022_03_10_483747VUHD69__rep0007,EC aerocyte capillary,0.6916025084115524
homosapiens_None_2023_None_sikkemalisa_001_d10_1101_2022_03_10_483747VUHD69__rep0008,EC aerocyte capillary,0.5878556936388721
homosapiens_None_2023_None_sikkemalisa_001_d10_1101_2022_03_10_483747VUHD69__rep0009,EC aerocyte capillary,0.6345809919058363
homosapiens_None_2023_None_sikkemalisa_001_d10_1101_2022_03_10_483747VUHD69__rep0010,EC aerocyte capillary,0.5759173178541366
homosapiens_None_2023_None_sikkemalisa_001_d10_1101_2022_03_10_483747VUHD69__rep0011,EC aerocyte capillary,0.6544650962641323
homosapiens_None_2023_None_sikkemalisa_001_d10_1101_2022_03_10_483747VUHD69__rep0012,EC aerocyte capillary,0.6437759650777489
homosapiens_None_2023_None_sikkemalisa_001_d10_1101_2022_03_10_483747VUHD69__rep0013,EC aerocyte capillary,0.6222432889779477
homosapiens_None_2023_None_sikkemalisa_001_d10_1101_2022_03_10_483747VUHD69__rep0014,EC aerocyte capillary,0.4303556798866445
homosapiens_None_2023_None_sikkemalisa_001_d10_1101_2022_03_10_483747VUHD85__rep0000,EC aerocyte capillary,0.6498565614992313
homosapiens_None_2023_None_sikkemalisa_001_d10_1101_2022_03_10_483747VUHD85__rep0001,EC aerocyte capillary,0.6391746334548245
homosapiens_None_2023_None_sikkemalisa_001_d10_1101_2022_03_10_483747VUHD85__rep0002,EC aerocyte capillary,0.7468342239801925
homosapiens_None_2023_None_sikkemalisa_001_d10_1101_2022_03_10_483747VUHD85__rep0004,EC aerocyte capillary,0.5513356208791296
homosapiens_None_2023_None_sikkemalisa_001_d10_1101_2022_03_10_483747VUHD85__rep0005,EC aerocyte capillary,0.6244516837153555
homosapiens_None_2023_None_sikkemalisa_001_d10_1101_2022_03_10_483747VUHD85__rep0006,EC aerocyte capillary,0.6576742615600081
homosapiens_None_2023_None_sikkemalisa_001_d10_1101_2022_03_10_483747VUHD85__rep0007,EC aerocyte capillary,0.7646105359934618
homosapiens_None_2023_None_sikkemalisa_001_d10_1101_2022_03_10_483747VUHD85__rep0009,EC aerocyte capillary,0.713571713475051
homosapiens_None_2023_None_sikkemalisa_001_d10_1101_2022_03_10_483747VUHD85__rep0010,EC aerocyte capillary,0.5490532191837907
homosapiens_None_2023_None_sikkemalisa_001_d10_1101_2022_03_10_483747VUHD85__rep0011,EC aerocyte capillary,0.664975395674207
homosapiens_None_2023_None_sikkemalisa_001_d10_1101_2022_03_10_483747VUHD85__rep0012,EC aerocyte capillary,0.6720393717214614
homosapiens_None_2023_None_sikkemalisa_001_d10_1101_2022_03_10_483747VUHD85__rep0013,EC aerocyte capillary,0.6141458958542803
homosapiens_None_2023_None_sikkemalisa_001_d10_1101_2022_03_10_483747VUHD85__rep0014,EC aerocyte capillary,0.7313136150244595
homosapiens_None_2023_None_sikkemalisa_001_d10_1101_2022_03_10_483747THD0007__rep0000,EC venous systemic,0.692676356231882
homosapiens_None_2023_None_sikkemalisa_001_d10_1101_2022_03_10_483747THD0007__rep0001,EC venous systemic,0.6809643477850169
homosapiens_None_2023_None_sikkemalisa_001_d10_1101_2022_03_10_483747THD0007__rep0002,EC venous systemic,0.7599572730521252
homosapiens_None_2023_None_sikkemalisa_001_d10_1101_2022_03_10_483747THD0007__rep0003,EC venous systemic,0.6776769662153981
homosapiens_None_2023_None_sikkemalisa_001_d10_1101_2022_03_10_483747THD0007__rep0004,EC venous systemic,0.5996915295676735
homosapiens_None_2023_None_sikkemalisa_001_d10_1101_2022_03_10_483747THD0007__rep0006,EC venous systemic,0.6616185048921763
homosapiens_None_2023_None_sikkemalisa_001_d10_1101_2022_03_10_483747THD0007__rep0007,EC venous systemic,0.5328545446079382
homosapiens_None_2023_None_sikkemalisa_001_d10_1101_2022_03_10_483747THD0007__rep0008,EC venous systemic,0.6961144045215364
homosapiens_None_2023_None_sikkemalisa_001_d10_1101_2022_03_10_483747THD0007__rep0009,EC venous systemic,0.7050176948387354
homosapiens_None_2023_None_sikkemalisa_001_d10_1101_2022_03_10_483747THD0007__rep0010,EC venous systemic,0.7326285530205486
homosapiens_None_2023_None_sikkemalisa_001_d10_1101_2022_03_10_483747THD0007__rep0011,EC venous systemic,0.6852034439682262
homosapiens_None_2023_None_sikkemalisa_001_d10_1101_2022_03_10_483747THD0007__rep0012,EC venous systemic,0.6550971097514964
homosapiens_None_2023_None_sikkemalisa_001_d10_1101_2022_03_10_483747THD0007__rep0013,EC venous systemic,0.6729850202259979
homosapiens_None_2023_None_sikkemalisa_001_d10_1101_2022_03_10_483747THD0007__rep0014,EC venous systemic,0.7201954114927362
homosapiens_None_2023_None_sikkemalisa_001_d10_1101_2022_03_10_483747THD0014__rep0000,EC venous systemic,0.5200130112736345
homosapiens_None_2023_None_sikkemalisa_001_d10_1101_2022_03_10_483747THD0014__rep0001,EC venous systemic,0.7123782954921165
homosapiens_None_2023_None_sikkemalisa_001_d10_1101_2022_03_10_483747THD0014__rep0002,EC venous systemic,0.7244899992191536
homosapiens_None_2023_None_sikkemalisa_001_d10_1101_2022_03_10_483747THD0014__rep0003,EC venous systemic,0.643322943301897
homosapiens_None_2023_None_sikkemalisa_001_d10_1101_2022_03_10_483747THD0014__rep0005,EC venous systemic,0.7030408235800714
homosapiens_None_2023_None_sikkemalisa_001_d10_1101_2022_03_10_483747THD0014__rep0006,EC venous systemic,0.660073095588432
homosapiens_None_2023_None_sikkemalisa_001_d10_1101_2022_03_10_483747THD0014__rep0007,EC venous systemic,0.6315408908045435
homosapiens_None_2023_None_sikkemalisa_001_d10_1101_2022_03_10_483747THD0014__rep0008,EC venous systemic,0.682126583117947
homosapiens_None_2023_None_sikkemalisa_001_d10_1101_2022_03_10_483747THD0014__rep0009,EC venous systemic,0.6464875689533901
homosapiens_None_2023_None_sikkemalisa_001_d10_1101_2022_03_10_483747THD0014__rep0010,EC venous systemic,0.7246512597760706
homosapiens_None_2023_None_sikkemalisa_001_d10_1101_2022_03_10_483747THD0014__rep0011,EC venous systemic,0.7233308916241592
homosapiens_None_2023_None_sikkemalisa_001_d10_1101_2022_03_10_483747THD0014__rep0012,EC venous systemic,0.6553700548305577
homosapiens_None_2023_None_sikkemalisa_001_d10_1101_2022_03_10_483747THD0014__rep0013,EC venous systemic,0.7293874444852814
homosapiens_None_2023_None_sikkemalisa_001_d10_1101_2022_03_10_483747THD0014__rep0014,EC venous systemic,0.6936173386319118
homosapiens_None_2023_None_sikkemalisa_001_d10_1101_2022_03_10_483747VUHD103__rep0000,EC venous systemic,0.7632110967516761
homosapiens_None_2023_None_sikkemalisa_001_d10_1101_2022_03_10_483747VUHD103__rep0001,EC venous systemic,0.7005634435181698
homosapiens_None_2023_None_sikkemalisa_001_d10_1101_2022_03_10_483747VUHD103__rep0002,EC venous systemic,0.6790092118994967
homosapiens_None_2023_None_sikkemalisa_001_d10_1101_2022_03_10_483747VUHD103__rep0003,EC venous systemic,0.6167507498533757
homosapiens_None_2023_None_sikkemalisa_001_d10_1101_2022_03_10_483747VUHD103__rep0004,EC venous systemic,0.7068001511601985
homosapiens_None_2023_None_sikkemalisa_001_d10_1101_2022_03_10_483747VUHD103__rep0005,EC venous systemic,0.6490303479755067
homosapiens_None_2023_None_sikkemalisa_001_d10_1101_2022_03_10_483747VUHD103__rep0006,EC venous systemic,0.7308217449009871
homosapiens_None_2023_None_sikkemalisa_001_d10_1101_2022_03_10_483747VUHD103__rep0008,EC venous systemic,0.557474294468888
homosapiens_None_2023_None_sikkemalisa_001_d10_1101_2022_03_10_483747VUHD103__rep0009,EC venous systemic,0.6932722486322387
homosapiens_None_2023_None_sikkemalisa_001_d10_1101_2022_03_10_483747VUHD103__rep0010,EC venous systemic,0.6994670540270629
homosapiens_None_2023_None_sikkemalisa_001_d10_1101_2022_03_10_483747VUHD103__rep0011,EC venous systemic,0.5753635585510352
homosapiens_None_2023_None_sikkemalisa_001_d10_1101_2022_03_10_483747VUHD103__rep0012,EC venous systemic,0.5752967841124814
homosapiens_None_2023_None_sikkemalisa_001_d10_1101_2022_03_10_483747VUHD103__rep0013,EC venous systemic,0.7644181551554081
homosapiens_None_2023_None_sikkemalisa_001_d10_1101_2022_03_10_483747VUHD103__rep0014,EC venous systemic,0.7129208411567385
homosapiens_None_2023_None_sikkemalisa_001_d10_1101_2022_03_10_483747THD0007__rep0001,Fibroblasts PLIN2+,0.6614011994919617
homosapiens_None_2023_None_sikkemalisa_001_d10_1101_2022_03_10_483747THD0007__rep0002,Fibroblasts PLIN2+,0.753065046977461
homosapiens_None_2023_None_sikkemalisa_001_d10_1101_2022_03_10_483747THD0007__rep0003,Fibroblasts PLIN2+,0.6984005611972914
homosapiens_None_2023_None_sikkemalisa_001_d10_1101_2022_03_10_483747THD0007__rep0004,Fibroblasts PLIN2+,0.6645691950666525
homosapiens_None_2023_None_sikkemalisa_001_d10_1101_2022_03_10_483747THD0007__rep0006,Fibroblasts PLIN2+,0.6498037358457109
homosapiens_None_2023_None_sikkemalisa_001_d10_1101_2022_03_10_483747THD0007__rep0007,Fibroblasts PLIN2+,0.7702073987112399
homosapiens_None_2023_None_sikkemalisa_001_d10_1101_2022_03_10_483747THD0007__rep0008,Fibroblasts PLIN2+,0.6804113309575508
homosapiens_None_2023_None_sikkemalisa_001_d10_1101_2022_03_10_483747THD0007__rep0009,Fibroblasts PLIN2+,0.7335698659960161
homosapiens_None_2023_None_sikkemalisa_001_d10_1101_2022_03_10_483747THD0007__rep0010,Fibroblasts PLIN2+,0.724897557519586
homosapiens_None_2023_None_sikkemalisa_001_d10_1101_2022_03_10_483747THD0007__rep0011,Fibroblasts PLIN2+,0.6890616705319799
homosapiens_None_2023_None_sikkemalisa_001_d10_1101_2022_03_10_483747THD0007__rep0012,Fibroblasts PLIN2+,0.6929011662972643
homosapiens_None_2023_None_sikkemalisa_001_d10_1101_2022_03_10_483747THD0007__rep0014,Fibroblasts PLIN2+,0.5930500470919857
homosapiens_None_2023_None_sikkemalisa_001_d10_1101_2022_03_10_483747THD0014__rep0001,Fibroblasts PLIN2+,0.6942917920693881
homosapiens_None_2023_None_sikkemalisa_001_d10_1101_2022_03_10_483747THD0014__rep0002,Fibroblasts PLIN2+,0.7100704718255036
homosapiens_None_2023_None_sikkemalisa_001_d10_1101_2022_03_10_483747THD0014__rep0003,Fibroblasts PLIN2+,0.6556396012758157
homosapiens_None_2023_None_sikkemalisa_001_d10_1101_2022_03_10_483747THD0014__rep0004,Fibroblasts PLIN2+,0.4357460640679544
homosapiens_None_2023_None_sikkemalisa_001_d10_1101_2022_03_10_483747THD0014__rep0005,Fibroblasts PLIN2+,0.6687071325649203
homosapiens_None_2023_None_sikkemalisa_001_d10_1101_2022_03_10_483747THD0014__rep0006,Fibroblasts PLIN2+,0.6860937667630725
homosapiens_None_2023_None_sikkemalisa_001_d10_1101_2022_03_10_483747THD0014__rep0007,Fibroblasts PLIN2+,0.7368030680905813
homosapiens_None_2023_None_sikkemalisa_001_d10_1101_2022_03_10_483747THD0014__rep0008,Fibroblasts PLIN2+,0.559839055630899
homosapiens_None_2023_None_sikkemalisa_001_d10_1101_2022_03_10_483747THD0014__rep0009,Fibroblasts PLIN2+,0.6742819190292211
homosapiens_None_2023_None_sikkemalisa_001_d10_1101_2022_03_10_483747THD0014__rep0010,Fibroblasts PLIN2+,0.7247904135633711
homosapiens_None_2023_None_sikkemalisa_001_d10_1101_2022_03_10_483747THD0014__rep0011,Fibroblasts PLIN2+,0.7441332981487917
homosapiens_None_2023_None_sikkemalisa_001_d10_1101_2022_03_10_483747THD0014__rep0014,Fibroblasts PLIN2+,0.7101939417854691
homosapiens_None_2023_None_sikkemalisa_001_d10_1101_2022_03_10_483747VUHD103__rep0000,Fibroblasts PLIN2+,0.6670741330767211
homosapiens_None_2023_None_sikkemalisa_001_d10_1101_2022_03_10_483747VUHD103__rep0001,Fibroblasts PLIN2+,0.7139486557604724
homosapiens_None_2023_None_sikkemalisa_001_d10_1101_2022_03_10_483747VUHD103__rep0002,Fibroblasts PLIN2+,0.7130622582503485
homosapiens_None_2023_None_sikkemalisa_001_d10_1101_2022_03_10_483747VUHD103__rep0003,Fibroblasts PLIN2+,0.4667164462074784
homosapiens_None_2023_None_sikkemalisa_001_d10_1101_2022_03_10_483747VUHD103__rep0004,Fibroblasts PLIN2+,0.6746756561180842
homosapiens_None_2023_None_sikkemalisa_001_d10_1101_2022_03_10_483747VUHD103__rep0005,Fibroblasts PLIN2+,0.5947274185742312
homosapiens_None_2023_None_sikkemalisa_001_d10_1101_2022_03_10_483747VUHD103__rep0006,Fibroblasts PLIN2+,0.710402261683686
homosapiens_None_2023_None_sikkemalisa_001_d10_1101_2022_03_10_483747VUHD103__rep0007,Fibroblasts PLIN2+,0.7175495381621693
homosapiens_None_2023_None_sikkemalisa_001_d10_1101_2022_03_10_483747VUHD103__rep0009,Fibroblasts PLIN2+,0.7369008455561407
homosapiens_None_2023_None_sikkemalisa_001_d10_1101_2022_03_10_483747VUHD103__rep0010,Fibroblasts PLIN2+,0.7541099542986882
homosapiens_None_2023_None_sikkemalisa_001_d10_1101_2022_03_10_483747VUHD103__rep0011,Fibroblasts PLIN2+,0.6905050703828638
homosapiens_None_2023_None_sikkemalisa_001_d10_1101_2022_03_10_483747VUHD103__rep0012,Fibroblasts PLIN2+,0.6864669159616628
homosapiens_None_2023_None_sikkemalisa_001_d10_1101_2022_03_10_483747VUHD103__rep0013,Fibroblasts PLIN2+,0.5190239495923108
homosapiens_None_2023_None_sikkemalisa_001_d10_1101_2022_03_10_483747VUHD103__rep0014,Fibroblasts PLIN2+,0.6264292922651362
homosapiens_None_2023_None_sikkemalisa_001_d10_1101_2022_03_10_483747THD0014__rep0000,Goblet,0.6553795179651283
homosapiens_None_2023_None_sikkemalisa_001_d10_1101_2022_03_10_483747THD0014__rep0001,Goblet,0.7268653188661718
homosapiens_None_2023_None_sikkemalisa_001_d10_1101_2022_03_10_483747THD0014__rep0002,Goblet,0.6120746794163042
homosapiens_None_2023_None_sikkemalisa_001_d10_1101_2022_03_10_483747THD0014__rep0003,Goblet,0.6870390448257008
homosapiens_None_2023_None_sikkemalisa_001_d10_1101_2022_03_10_483747THD0014__rep0005,Goblet,0.7243292721255552
homosapiens_None_2023_None_sikkemalisa_001_d10_1101_2022_03_10_483747THD0014__rep0006,Goblet,0.6614387894600819
homosapiens_None_2023_None_sikkemalisa_001_d10_1101_2022_03_10_483747THD0014__rep0007,Goblet,0.5192768186009322
homosapiens_None_2023_None_sikkemalisa_001_d10_1101_2022_03_10_483747THD0014__rep0008,Goblet,0.6035200980422184
homosapiens_None_2023_None_sikkemalisa_001_d10_1101_2022_03_10_483747THD0014__rep0009,Goblet,0.6432834721991707
homosapiens_None_2023_None_sikkemalisa_001_d10_1101_2022_03_10_483747THD0014__rep0010,Goblet,0.6819021118348749
homosapiens_None_2023_None_sikkemalisa_001_d10_1101_2022_03_10_483747THD0014__rep0011,Goblet,0.6861447858941717
homosapiens_None_2023_None_sikkemalisa_001_d10_1101_2022_03_10_483747THD0014__rep0012,Goblet,0.6744892720795661
homosapiens_None_2023_None_sikkemalisa_001_d10_1101_2022_03_10_483747THD0014__rep0013,Goblet,0.6853047246759212
homosapiens_None_2023_None_sikkemalisa_001_d10_1101_2022_03_10_483747VUHD103__rep0000,Goblet,0.469890841617516
homosapiens_None_2023_None_sikkemalisa_001_d10_1101_2022_03_10_483747VUHD103__rep0001,Goblet,0.6927042618316741
homosapiens_None_2023_None_sikkemalisa_001_d10_1101_2022_03_10_483747VUHD103__rep0002,Goblet,0.6992543453805068
homosapiens_None_2023_None_sikkemalisa_001_d10_1101_2022_03_10_483747VUHD103__rep0003,Goblet,0.6240246781944709
homosapiens_None_2023_None_sikkemalisa_001_d10_1101_2022_03_10_483747VUHD103__rep0004,Goblet,0.6727272224303413
homosapiens_None_2023_None_sikkemalisa_001_d10_1101_2022_03_10_483747VUHD103__rep0005,Goblet,0.5747316436824208
homosapiens_None_2023_None_sikkemalisa_001_d10_1101_2022_03_10_483747VUHD103__rep0006,Goblet,0.6987462458088638
homosapiens_None_2023_None_sikkemalisa_001_d10_1101_2022_03_10_483747VUHD103__rep0007,Goblet,0.6416659530231519
homosapiens_None_2023_None_sikkemalisa_001_d10_1101_2022_03_10_483747VUHD103__rep0008,Goblet,0.7490390841134138
homosapiens_None_2023_None_sikkemalisa_001_d10_1101_2022_03_10_483747VUHD103__rep0009,Goblet,0.6989421121177255
homosapiens_None_2023_None_sikkemalisa_001_d10_1101_2022_03_10_483747VUHD103__rep0010,Goblet,0.7073294983322307
homosapiens_None_2023_None_sikkemalisa_001_d10_1101_2022_03_10_483747VUHD103__rep0011,Goblet,0.6872431584099902
homosapiens_None_2023_None_sikkemalisa_001_d10_1101_2022_03_10_483747VUHD103__rep0012,Goblet,0.6682720248252728
homosapiens_None_2023_None_sikkemalisa_001_d10_1101_2022_03_10_483747VUHD103__rep0013,Goblet,0.7340856917685212
homosapiens_None_2023_None_sikkemalisa_001_d10_1101_2022_03_10_483747VUHD103__rep0014,Goblet,0.5744285855386255
homosapiens_None_2023_None_sikkemalisa_001_d10_1101_2022_03_10_483747THD0007__rep0000,Macrophages MARCO-,0.7865511400995799
homosapiens_None_2023_None_sikkemalisa_001_d10_1101_2022_03_10_483747THD0007__rep0001,Macrophages MARCO-,0.6841242853828162
homosapiens_None_2023_None_sikkemalisa_001_d10_1101_2022_03_10_483747THD0007__rep0002,Macrophages MARCO-,0.7062553356140514
homosapiens_None_2023_None_sikkemalisa_001_d10_1101_2022_03_10_483747THD0007__rep0003,Macrophages MARCO-,0.7311781046831598
homosapiens_None_2023_None_sikkemalisa_001_d10_1101_2022_03_10_483747THD0007__rep0004,Macrophages MARCO-,0.7770544019034437
homosapiens_None_2023_None_sikkemalisa_001_d10_1101_2022_03_10_483747THD0007__rep0005,Macrophages MARCO-,0.7169801536288405
homosapiens_None_2023_None_sikkemalisa_001_d10_1101_2022_03_10_483747THD0007__rep0007,Macrophages MARCO-,0.726093630159965
homosapiens_None_2023_None_sikkemalisa_001_d10_1101_2022_03_10_483747THD0007__rep0008,Macrophages MARCO-,0.7876864579526233
homosapiens_None_2023_None_sikkemalisa_001_d10_1101_2022_03_10_483747THD0007__rep0009,Macrophages MARCO-,0.6698365313568224
homosapiens_None_2023_None_sikkemalisa_001_d10_1101_2022_03_10_483747THD0007__rep0010,Macrophages MARCO-,0.7990982866053327
homosapiens_None_2023_None_sikkemalisa_001_d10_1101_2022_03_10_483747THD0007__rep0011,Macrophages MARCO-,0.5440259242856187
homosapiens_None_2023_None_sikkemalisa_001_d10_1101_2022_03_10_483747THD0007__rep0012,Macrophages MARCO-,0.7820479671429685
homosapiens_None_2023_None_sikkemalisa_001_d10_1101_2022_03_10_483747THD0007__rep0013,Macrophages MARCO-,0.7962565825916355
homosapiens_None_2023_None_sikkemalisa_001_d10_1101_2022_03_10_483747THD0007__rep0014,Macrophages MARCO-,0.7761643216670351
homosapiens_None_2023_None_sikkemalisa_001_d10_1101_2022_03_10_483747THD0014__rep0001,Macrophages MARCO-,0.7948893738229076
homosapiens_None_2023_None_sikkemalisa_001_d10_1101_2022_03_10_483747THD0014__rep0003,Macrophages MARCO-,0.7911444605007183
homosapiens_None_2023_None_sikkemalisa_001_d10_1101_2022_03_10_483747THD0014__rep0004,Macrophages MARCO-,0.6944630791449888
homosapiens_None_2023_None_sikkemalisa_001_d10_1101_2022_03_10_483747THD0014__rep0005,Macrophages MARCO-,0.7430936932914931
homosapiens_None_2023_None_sikkemalisa_001_d10_1101_2022_03_10_483747THD0014__rep0007,Macrophages MARCO-,0.5428837265630284
homosapiens_None_2023_None_sikkemalisa_001_d10_1101_2022_03_10_483747THD0014__rep0008,Macrophages MARCO-,0.8216119458306022
homosapiens_None_2023_None_sikkemalisa_001_d10_1101_2022_03_10_483747THD0014__rep0009,Macrophages MARCO-,0.719786095149023
homosapiens_None_2023_None_sikkemalisa_001_d10_1101_2022_03_10_483747THD0014__rep0010,Macrophages MARCO-,0.7889757457510885
homosapiens_None_2023_None_sikkemalisa_001_d10_1101_2022_03_10_483747THD0014__rep0011,Macrophages MARCO-,0.7984084619738843
homosapiens_None_2023_None_sikkemalisa_001_d10_1101_2022_03_10_483747THD0014__rep0012,Macrophages MARCO-,0.776783407651692
homosapiens_None_2023_None_sikkemalisa_001_d10_1101_2022_03_10_483747THD0014__rep0013,Macrophages MARCO-,0.8033423187264612
homosapiens_None_2023_None_sikkemalisa_001_d10_1101_2022_03_10_483747THD0014__rep0014,Macrophages MARCO-,0.7144202872490355
homosapiens_None_2023_None_sikkemalisa_001_d10_1101_2022_03_10_483747VUHD071__rep0000,Macrophages MARCO-,0.6703686354605732
homosapiens_None_2023_None_sikkemalisa_001_d10_1101_2022_03_10_483747VUHD071__rep0001,Macrophages MARCO-,0.7277183630163686
homosapiens_None_2023_None_sikkemalisa_001_d10_1101_2022_03_10_483747VUHD071__rep0002,Macrophages MARCO-,0.7444095262433446
homosapiens_None_2023_None_sikkemalisa_001_d10_1101_2022_03_10_483747VUHD071__rep0003,Macrophages MARCO-,0.7086611015609502
homosapiens_None_2023_None_sikkemalisa_001_d10_1101_2022_03_10_483747VUHD071__rep0004,Macrophages MARCO-,0.718003691478339
homosapiens_None_2023_None_sikkemalisa_001_d10_1101_2022_03_10_483747VUHD071__rep0005,Macrophages MARCO-,0.704536222452258
homosapiens_None_2023_None_sikkemalisa_001_d10_1101_2022_03_10_483747VUHD071__rep0006,Macrophages MARCO-,0.7553931712098014
homosapiens_None_2023_None_sikkemalisa_001_d10_1101_2022_03_10_483747VUHD071__rep0007,Macrophages MARCO-,0.6888063738158883
homosapiens_None_2023_None_sikkemalisa_001_d10_1101_2022_03_10_483747VUHD071__rep0008,Macrophages MARCO-,0.7517252546595212
homosapiens_None_2023_None_sikkemalisa_001_d10_1101_2022_03_10_483747VUHD071__rep0010,Macrophages MARCO-,0.677709047048794
homosapiens_None_2023_None_sikkemalisa_001_d10_1101_2022_03_10_483747VUHD071__rep0011,Macrophages MARCO-,0.754501769266342
homosapiens_None_2023_None_sikkemalisa_001_d10_1101_2022_03_10_483747VUHD071__rep0012,Macrophages MARCO-,0.753637531469177
homosapiens_None_2023_None_sikkemalisa_001_d10_1101_2022_03_10_483747VUHD071__rep0013,Macrophages MARCO-,0.7306835351018409
homosapiens_None_2023_None_sikkemalisa_001_d10_1101_2022_03_10_483747VUHD071__rep0014,Macrophages MARCO-,0.6339621579808208
homosapiens_None_2023_None_sikkemalisa_001_d10_1101_2022_03_10_483747VUHD077__rep0000,Macrophages MARCO-,0.6657709386741574
homosapiens_None_2023_None_sikkemalisa_001_d10_1101_2022_03_10_483747VUHD077__rep0002,Macrophages MARCO-,0.5351803042925651
homosapiens_None_2023_None_sikkemalisa_001_d10_1101_2022_03_10_483747VUHD077__rep0003,Macrophages MARCO-,0.6776827422325489
homosapiens_None_2023_None_sikkemalisa_001_d10_1101_2022_03_10_483747VUHD077__rep0004,Macrophages MARCO-,0.5896367433368115
homosapiens_None_2023_None_sikkemalisa_001_d10_1101_2022_03_10_483747VUHD077__rep0005,Macrophages MARCO-,0.7688414032777484
homosapiens_None_2023_None_sikkemalisa_001_d10_1101_2022_03_10_483747VUHD077__rep0006,Macrophages MARCO-,0.7708321481817442
homosapiens_None_2023_None_sikkemalisa_001_d10_1101_2022_03_10_483747VUHD077__rep0007,Macrophages MARCO-,0.5205554069731693
homosapiens_None_2023_None_sikkemalisa_001_d10_1101_2022_03_10_483747VUHD077__rep0008,Macrophages MARCO-,0.6875885581072692
homosapiens_None_2023_None_sikkemalisa_001_d10_1101_2022_03_10_483747VUHD077__rep0009,Macrophages MARCO-,0.8172641438698243
homosapiens_None_2023_None_sikkemalisa_001_d10_1101_2022_03_10_483747VUHD077__rep0010,Macrophages MARCO-,0.7341677450002603
homosapiens_None_2023_None_sikkemalisa_001_d10_1101_2022_03_10_483747VUHD077__rep0011,Macrophages MARCO-,0.7989183120470177
homosapiens_None_2023_None_sikkemalisa_001_d10_1101_2022_03_10_483747VUHD077__rep0013,Macrophages MARCO-,0.7081102934597503
homosapiens_None_2023_None_sikkemalisa_001_d10_1101_2022_03_10_483747VUHD077__rep0014,Macrophages MARCO-,0.7325215488972239
homosapiens_None_2023_None_sikkemalisa_001_d10_1101_2022_03_10_483747VUHD103__rep0000,Macrophages MARCO-,0.7126759790213621
homosapiens_None_2023_None_sikkemalisa_001_d10_1101_2022_03_10_483747VUHD103__rep0001,Macrophages MARCO-,0.7255204405503377
homosapiens_None_2023_None_sikkemalisa_001_d10_1101_2022_03_10_483747VUHD103__rep0002,Macrophages MARCO-,0.7592647007636648
homosapiens_None_2023_None_sikkemalisa_001_d10_1101_2022_03_10_483747VUHD103__rep0003,Macrophages MARCO-,0.604490908507489
homosapiens_None_2023_None_sikkemalisa_001_d10_1101_2022_03_10_483747VUHD103__rep0004,Macrophages MARCO-,0.6359686598840546
homosapiens_None_2023_None_sikkemalisa_001_d10_1101_2022_03_10_483747VUHD103__rep0005,Macrophages MARCO-,0.6947919049411511
homosapiens_None_2023_None_sikkemalisa_001_d10_1101_2022_03_10_483747VUHD103__rep0006,Macrophages MARCO-,0.7572394741533263
homosapiens_None_2023_None_sikkemalisa_001_d10_1101_2022_03_10_483747VUHD103__rep0007,Macrophages MARCO-,0.6007103807132114
homosapiens_None_2023_None_sikkemalisa_001_d10_1101_2022_03_10_483747VUHD103__rep0008,Macrophages MARCO-,0.7908439894396881
homosapiens_None_2023_None_sikkemalisa_001_d10_1101_2022_03_10_483747VUHD103__rep0009,Macrophages MARCO-,0.6924581825692437
homosapiens_None_2023_None_sikkemalisa_001_d10_1101_2022_03_10_483747VUHD103__rep0010,Macrophages MARCO-,0.7682570636138822
homosapiens_None_2023_None_sikkemalisa_001_d10_1101_2022_03_10_483747VUHD103__rep0011,Macrophages MARCO-,0.7240055016308006
homosapiens_None_2023_None_sikkemalisa_001_d10_1101_2022_03_10_483747VUHD103__rep0012,Macrophages MARCO-,0.738484929881553
homosapiens_None_2023_None_sikkemalisa_001_d10_1101_2022_03_10_483747VUHD103__rep0013,Macrophages MARCO-,0.7257593723264615
homosapiens_None_2023_None_sikkemalisa_001_d10_1101_2022_03_10_483747VUHD103__rep0014,Macrophages MARCO-,0.6563037196077462
homosapiens_None_2023_None_sikkemalisa_001_d10_1101_2022_03_10_483747VUHD69__rep0000,Macrophages MARCO-,0.7171026898474975
homosapiens_None_2023_None_sikkemalisa_001_d10_1101_2022_03_10_483747VUHD69__rep0001,Macrophages MARCO-,0.629956930734012
homosapiens_None_2023_None_sikkemalisa_001_d10_1101_2022_03_10_483747VUHD69__rep0002,Macrophages MARCO-,0.7499372497847206
homosapiens_None_2023_None_sikkemalisa_001_d10_1101_2022_03_10_483747VUHD69__rep0003,Macrophages MARCO-,0.7756253294232411
homosapiens_None_2023_None_sikkemalisa_001_d10_1101_2022_03_10_483747VUHD69__rep0004,Macrophages MARCO-,0.7344391766209416
homosapiens_None_2023_None_sikkemalisa_001_d10_1101_2022_03_10_483747VUHD69__rep0005,Macrophages MARCO-,0.7601329264019709
homosapiens_None_2023_None_sikkemalisa_001_d10_1101_2022_03_10_483747VUHD69__rep0006,Macrophages MARCO-,0.7707494534079202
homosapiens_None_2023_None_sikkemalisa_001_d10_1101_2022_03_10_483747VUHD69__rep0007,Macrophages MARCO-,0.7004522137406279
homosapiens_None_2023_None_sikkemalisa_001_d10_1101_2022_03_10_483747VUHD69__rep0008,Macrophages MARCO-,0.7893617158878445
homosapiens_None_2023_None_sikkemalisa_001_d10_1101_2022_03_10_483747VUHD69__rep0009,Macrophages MARCO-,0.7322139683931687
homosapiens_None_2023_None_sikkemalisa_001_d10_1101_2022_03_10_483747VUHD69__rep0010,Macrophages MARCO-,0.7924663640361641
homosapiens_None_2023_None_sikkemalisa_001_d10_1101_2022_03_10_483747VUHD69__rep0011,Macrophages MARCO-,0.7633055456870357
homosapiens_None_2023_None_sikkemalisa_001_d10_1101_2022_03_10_483747VUHD69__rep0012,Macrophages MARCO-,0.7860158189596438
homosapiens_None_2023_None_sikkemalisa_001_d10_1101_2022_03_10_483747VUHD69__rep0013,Macrophages MARCO-,0.7679999812290672
homosapiens_None_2023_None_sikkemalisa_001_d10_1101_2022_03_10_483747VUHD69__rep0014,Macrophages MARCO-,0.7101375084033702
homosapiens_None_2023_None_sikkemalisa_001_d10_1101_2022_03_10_483747VUHD85__rep0000,Macrophages MARCO-,0.7335208153408244
homosapiens_None_2023_None_sikkemalisa_001_d10_1101_2022_03_10_483747VUHD85__rep0001,Macrophages MARCO-,0.7996185834675889
homosapiens_None_2023_None_sikkemalisa_001_d10_1101_2022_03_10_483747VUHD85__rep0002,Macrophages MARCO-,0.7707455098451454
homosapiens_None_2023_None_sikkemalisa_001_d10_1101_2022_03_10_483747VUHD85__rep0004,Macrophages MARCO-,0.7496045750871567
homosapiens_None_2023_None_sikkemalisa_001_d10_1101_2022_03_10_483747VUHD85__rep0005,Macrophages MARCO-,0.7698934529601491
homosapiens_None_2023_None_sikkemalisa_001_d10_1101_2022_03_10_483747VUHD85__rep0006,Macrophages MARCO-,0.6620130371696809
homosapiens_None_2023_None_sikkemalisa_001_d10_1101_2022_03_10_483747VUHD85__rep0007,Macrophages MARCO-,0.5770293824604045
homosapiens_None_2023_None_sikkemalisa_001_d10_1101_2022_03_10_483747VUHD85__rep0008,Macrophages MARCO-,0.738179815575408
homosapiens_None_2023_None_sikkemalisa_001_d10_1101_2022_03_10_483747VUHD85__rep0009,Macrophages MARCO-,0.7652470869751116
homosapiens_None_2023_None_sikkemalisa_001_d10_1101_2022_03_10_483747VUHD85__rep0010,Macrophages MARCO-,0.7748347935881272
homosapiens_None_2023_None_sikkemalisa_001_d10_1101_2022_03_10_483747VUHD85__rep0011,Macrophages MARCO-,0.5622125618702042
homosapiens_None_2023_None_sikkemalisa_001_d10_1101_2022_03_10_483747VUHD85__rep0012,Macrophages MARCO-,0.5736131882565951
homosapiens_None_2023_None_sikkemalisa_001_d10_1101_2022_03_10_483747VUHD85__rep0013,Macrophages MARCO-,0.7724299022683
homosapiens_None_2023_None_sikkemalisa_001_d10_1101_2022_03_10_483747VUHD85__rep0014,Macrophages MARCO-,0.7960094159672545
homosapiens_None_2023_None_sikkemalisa_001_d10_1101_2022_03_10_483747THD0007__rep0000,Macrophages SPP1 high,0.781518888231227
homosapiens_None_2023_None_sikkemalisa_001_d10_1101_2022_03_10_483747THD0007__rep0001,Macrophages SPP1 high,0.820304405011801
homosapiens_None_2023_None_sikkemalisa_001_d10_1101_2022_03_10_483747THD0007__rep0002,Macrophages SPP1 high,0.8001462799123291
homosapiens_None_2023_None_sikkemalisa_001_d10_1101_2022_03_10_483747THD0007__rep0003,Macrophages SPP1 high,0.5558026318025638
homosapiens_None_2023_None_sikkemalisa_001_d10_1101_2022_03_10_483747THD0007__rep0004,Macrophages SPP1 high,0.7385282069558092
homosapiens_None_2023_None_sikkemalisa_001_d10_1101_2022_03_10_483747THD0007__rep0005,Macrophages SPP1 high,0.7651353877294949
homosapiens_None_2023_None_sikkemalisa_001_d10_1101_2022_03_10_483747THD0007__rep0006,Macrophages SPP1 high,0.8280006987114932
homosapiens_None_2023_None_sikkemalisa_001_d10_1101_2022_03_10_483747THD0007__rep0007,Macrophages SPP1 high,0.7783201596430566
homosapiens_None_2023_None_sikkemalisa_001_d10_1101_2022_03_10_483747THD0007__rep0008,Macrophages SPP1 high,0.7807426444013712
homosapiens_None_2023_None_sikkemalisa_001_d10_1101_2022_03_10_483747THD0007__rep0011,Macrophages SPP1 high,0.6916903859001362
homosapiens_None_2023_None_sikkemalisa_001_d10_1101_2022_03_10_483747THD0007__rep0012,Macrophages SPP1 high,0.7982036145926836
homosapiens_None_2023_None_sikkemalisa_001_d10_1101_2022_03_10_483747THD0007__rep0013,Macrophages SPP1 high,0.8082926078836155
homosapiens_None_2023_None_sikkemalisa_001_d10_1101_2022_03_10_483747THD0007__rep0014,Macrophages SPP1 high,0.6951583355130865
homosapiens_None_2023_None_sikkemalisa_001_d10_1101_2022_03_10_483747THD0014__rep0000,Macrophages SPP1 high,0.725698332931807
homosapiens_None_2023_None_sikkemalisa_001_d10_1101_2022_03_10_483747THD0014__rep0001,Macrophages SPP1 high,0.7396366002385614
homosapiens_None_2023_None_sikkemalisa_001_d10_1101_2022_03_10_483747THD0014__rep0002,Macrophages SPP1 high,0.7058406540830896
homosapiens_None_2023_None_sikkemalisa_001_d10_1101_2022_03_10_483747THD0014__rep0003,Macrophages SPP1 high,0.7017522394441409
homosapiens_None_2023_None_sikkemalisa_001_d10_1101_2022_03_10_483747THD0014__rep0004,Macrophages SPP1 high,0.70173353950325
homosapiens_None_2023_None_sikkemalisa_001_d10_1101_2022_03_10_483747THD0014__rep0006,Macrophages SPP1 high,0.7135322367736907
homosapiens_None_2023_None_sikkemalisa_001_d10_1101_2022_03_10_483747THD0014__rep0007,Macrophages SPP1 high,0.687719675832889
homosapiens_None_2023_None_sikkemalisa_001_d10_1101_2022_03_10_483747THD0014__rep0008,Macrophages SPP1 high,0.753602506120546
homosapiens_None_2023_None_sikkemalisa_001_d10_1101_2022_03_10_483747THD0014__rep0009,Macrophages SPP1 high,0.7462790611987478
homosapiens_None_2023_None_sikkemalisa_001_d10_1101_2022_03_10_483747THD0014__rep0011,Macrophages SPP1 high,0.6333838149316718
homosapiens_None_2023_None_sikkemalisa_001_d10_1101_2022_03_10_483747THD0014__rep0012,Macrophages SPP1 high,0.6886434085249928
homosapiens_None_2023_None_sikkemalisa_001_d10_1101_2022_03_10_483747THD0014__rep0013,Macrophages SPP1 high,0.7147284816861303
homosapiens_None_2023_None_sikkemalisa_001_d10_1101_2022_03_10_483747VUHD071__rep0000,Macrophages SPP1 high,0.7495919986716539
homosapiens_None_2023_None_sikkemalisa_001_d10_1101_2022_03_10_483747VUHD071__rep0001,Macrophages SPP1 high,0.6928598159870678
homosapiens_None_2023_None_sikkemalisa_001_d10_1101_2022_03_10_483747VUHD071__rep0002,Macrophages SPP1 high,0.7710477212185821
homosapiens_None_2023_None_sikkemalisa_001_d10_1101_2022_03_10_483747VUHD071__rep0003,Macrophages SPP1 high,0.6605994516821218
homosapiens_None_2023_None_sikkemalisa_001_d10_1101_2022_03_10_483747VUHD071__rep0004,Macrophages SPP1 high,0.7502953852107199
homosapiens_None_2023_None_sikkemalisa_001_d10_1101_2022_03_10_483747VUHD071__rep0005,Macrophages SPP1 high,0.7316458269037804
homosapiens_None_2023_None_sikkemalisa_001_d10_1101_2022_03_10_483747VUHD071__rep0006,Macrophages SPP1 high,0.7477211274084755
homosapiens_None_2023_None_sikkemalisa_001_d10_1101_2022_03_10_483747VUHD071__rep0007,Macrophages SPP1 high,0.7221302766249826
homosapiens_None_2023_None_sikkemalisa_001_d10_1101_2022_03_10_483747VUHD071__rep0008,Macrophages SPP1 high,0.724039269000379
homosapiens_None_2023_None_sikkemalisa_001_d10_1101_2022_03_10_483747VUHD071__rep0010,Macrophages SPP1 high,0.7528710091654369
homosapiens_None_2023_None_sikkemalisa_001_d10_1101_2022_03_10_483747VUHD071__rep0011,Macrophages SPP1 high,0.721032786217688
homosapiens_None_2023_None_sikkemalisa_001_d10_1101_2022_03_10_483747VUHD071__rep0012,Macrophages SPP1 high,0.6945424062913272
homosapiens_None_2023_None_sikkemalisa_001_d10_1101_2022_03_10_483747VUHD071__rep0013,Macrophages SPP1 high,0.6449204515512034
homosapiens_None_2023_None_sikkemalisa_001_d10_1101_2022_03_10_483747VUHD071__rep0014,Macrophages SPP1 high,0.7414201292894692
homosapiens_None_2023_None_sikkemalisa_001_d10_1101_2022_03_10_483747VUHD077__rep0000,Macrophages SPP1 high,0.6583650689982274
homosapiens_None_2023_None_sikkemalisa_001_d10_1101_2022_03_10_483747VUHD077__rep0001,Macrophages SPP1 high,0.603423587072728
homosapiens_None_2023_None_sikkemalisa_001_d10_1101_2022_03_10_483747VUHD077__rep0002,Macrophages SPP1 high,0.6485894921877747
homosapiens_None_2023_None_sikkemalisa_001_d10_1101_2022_03_10_483747VUHD077__rep0003,Macrophages SPP1 high,0.4837835706930654
homosapiens_None_2023_None_sikkemalisa_001_d10_1101_2022_03_10_483747VUHD077__rep0004,Macrophages SPP1 high,0.6565671554515682
homosapiens_None_2023_None_sikkemalisa_001_d10_1101_2022_03_10_483747VUHD077__rep0005,Macrophages SPP1 high,0.5486441082137371
homosapiens_None_2023_None_sikkemalisa_001_d10_1101_2022_03_10_483747VUHD077__rep0007,Macrophages SPP1 high,0.6596684187380922
homosapiens_None_2023_None_sikkemalisa_001_d10_1101_2022_03_10_483747VUHD077__rep0008,Macrophages SPP1 high,0.6590346936614654
homosapiens_None_2023_None_sikkemalisa_001_d10_1101_2022_03_10_483747VUHD077__rep0009,Macrophages SPP1 high,0.6594344221199587
homosapiens_None_2023_None_sikkemalisa_001_d10_1101_2022_03_10_483747VUHD077__rep0010,Macrophages SPP1 high,0.7207330868141635
homosapiens_None_2023_None_sikkemalisa_001_d10_1101_2022_03_10_483747VUHD077__rep0011,Macrophages SPP1 high,0.721147946352662
homosapiens_None_2023_None_sikkemalisa_001_d10_1101_2022_03_10_483747VUHD077__rep0012,Macrophages SPP1 high,0.6629639747858069
homosapiens_None_2023_None_sikkemalisa_001_d10_1101_2022_03_10_483747VUHD077__rep0013,Macrophages SPP1 high,0.6289712832944857
homosapiens_None_2023_None_sikkemalisa_001_d10_1101_2022_03_10_483747VUHD103__rep0000,Macrophages SPP1 high,0.7162529868555688
homosapiens_None_2023_None_sikkemalisa_001_d10_1101_2022_03_10_483747VUHD103__rep0001,Macrophages SPP1 high,0.7391326892654323
homosapiens_None_2023_None_sikkemalisa_001_d10_1101_2022_03_10_483747VUHD103__rep0002,Macrophages SPP1 high,0.7289977328851163
homosapiens_None_2023_None_sikkemalisa_001_d10_1101_2022_03_10_483747VUHD103__rep0004,Macrophages SPP1 high,0.6912983649015219
homosapiens_None_2023_None_sikkemalisa_001_d10_1101_2022_03_10_483747VUHD103__rep0005,Macrophages SPP1 high,0.7188325701902405
homosapiens_None_2023_None_sikkemalisa_001_d10_1101_2022_03_10_483747VUHD103__rep0006,Macrophages SPP1 high,0.6533826548889567
homosapiens_None_2023_None_sikkemalisa_001_d10_1101_2022_03_10_483747VUHD103__rep0007,Macrophages SPP1 high,0.699345201588047
homosapiens_None_2023_None_sikkemalisa_001_d10_1101_2022_03_10_483747VUHD103__rep0008,Macrophages SPP1 high,0.7423528118049343
homosapiens_None_2023_None_sikkemalisa_001_d10_1101_2022_03_10_483747VUHD103__rep0009,Macrophages SPP1 high,0.6909736084495766
homosapiens_None_2023_None_sikkemalisa_001_d10_1101_2022_03_10_483747VUHD103__rep0010,Macrophages SPP1 high,0.6967077811572355
homosapiens_None_2023_None_sikkemalisa_001_d10_1101_2022_03_10_483747VUHD103__rep0011,Macrophages SPP1 high,0.6600910946054772
homosapiens_None_2023_None_sikkemalisa_001_d10_1101_2022_03_10_483747VUHD103__rep0012,Macrophages SPP1 high,0.5987569813663195
homosapiens_None_2023_None_sikkemalisa_001_d10_1101_2022_03_10_483747VUHD103__rep0013,Macrophages SPP1 high,0.5561984460510481
homosapiens_None_2023_None_sikkemalisa_001_d10_1101_2022_03_10_483747VUHD69__rep0000,Macrophages SPP1 high,0.7105747171389198
homosapiens_None_2023_None_sikkemalisa_001_d10_1101_2022_03_10_483747VUHD69__rep0001,Macrophages SPP1 high,0.7694140579586896
homosapiens_None_2023_None_sikkemalisa_001_d10_1101_2022_03_10_483747VUHD69__rep0002,Macrophages SPP1 high,0.7523091807533018
homosapiens_None_2023_None_sikkemalisa_001_d10_1101_2022_03_10_483747VUHD69__rep0003,Macrophages SPP1 high,0.7285092728831325
homosapiens_None_2023_None_sikkemalisa_001_d10_1101_2022_03_10_483747VUHD69__rep0005,Macrophages SPP1 high,0.6986852186328332
homosapiens_None_2023_None_sikkemalisa_001_d10_1101_2022_03_10_483747VUHD69__rep0006,Macrophages SPP1 high,0.7364936576067442
homosapiens_None_2023_None_sikkemalisa_001_d10_1101_2022_03_10_483747VUHD69__rep0007,Macrophages SPP1 high,0.7372603072025257
homosapiens_None_2023_None_sikkemalisa_001_d10_1101_2022_03_10_483747VUHD69__rep0008,Macrophages SPP1 high,0.712472213135106
homosapiens_None_2023_None_sikkemalisa_001_d10_1101_2022_03_10_483747VUHD69__rep0009,Macrophages SPP1 high,0.7201901250741854
homosapiens_None_2023_None_sikkemalisa_001_d10_1101_2022_03_10_483747VUHD69__rep0010,Macrophages SPP1 high,0.6932214736418713
homosapiens_None_2023_None_sikkemalisa_001_d10_1101_2022_03_10_483747VUHD69__rep0011,Macrophages SPP1 high,0.7371109947371443
homosapiens_None_2023_None_sikkemalisa_001_d10_1101_2022_03_10_483747VUHD69__rep0012,Macrophages SPP1 high,0.7513544539541093
homosapiens_None_2023_None_sikkemalisa_001_d10_1101_2022_03_10_483747VUHD69__rep0013,Macrophages SPP1 high,0.7160336015363143
homosapiens_None_2023_None_sikkemalisa_001_d10_1101_2022_03_10_483747VUHD69__rep0014,Macrophages SPP1 high,0.7339954550117127
homosapiens_None_2023_None_sikkemalisa_001_d10_1101_2022_03_10_483747VUHD071__rep0001,NK cells,0.599235708111616
homosapiens_None_2023_None_sikkemalisa_001_d10_1101_2022_03_10_483747VUHD071__rep0002,NK cells,0.6879224809982024
homosapiens_None_2023_None_sikkemalisa_001_d10_1101_2022_03_10_483747VUHD071__rep0003,NK cells,0.614544023299093
homosapiens_None_2023_None_sikkemalisa_001_d10_1101_2022_03_10_483747VUHD071__rep0004,NK cells,0.6781019659225246
homosapiens_None_2023_None_sikkemalisa_001_d10_1101_2022_03_10_483747VUHD071__rep0005,NK cells,0.6701142184044515
homosapiens_None_2023_None_sikkemalisa_001_d10_1101_2022_03_10_483747VUHD071__rep0008,NK cells,0.6218685526388843
homosapiens_None_2023_None_sikkemalisa_001_d10_1101_2022_03_10_483747VUHD071__rep0009,NK cells,0.6501247313201268
homosapiens_None_2023_None_sikkemalisa_001_d10_1101_2022_03_10_483747VUHD071__rep0010,NK cells,0.5742974522480895
homosapiens_None_2023_None_sikkemalisa_001_d10_1101_2022_03_10_483747VUHD071__rep0011,NK cells,0.7345906753168865
homosapiens_None_2023_None_sikkemalisa_001_d10_1101_2022_03_10_483747VUHD071__rep0012,NK cells,0.6432330009753138
homosapiens_None_2023_None_sikkemalisa_001_d10_1101_2022_03_10_483747VUHD071__rep0013,NK cells,0.6046848353170494
homosapiens_None_2023_None_sikkemalisa_001_d10_1101_2022_03_10_483747VUHD071__rep0014,NK cells,0.7032442038500843
homosapiens_None_2023_None_sikkemalisa_001_d10_1101_2022_03_10_483747VUHD103__rep0001,NK cells,0.6442742058972779
homosapiens_None_2023_None_sikkemalisa_001_d10_1101_2022_03_10_483747VUHD103__rep0002,NK cells,0.6189954962012899
homosapiens_None_2023_None_sikkemalisa_001_d10_1101_2022_03_10_483747VUHD103__rep0003,NK cells,0.5264193958755989
homosapiens_None_2023_None_sikkemalisa_001_d10_1101_2022_03_10_483747VUHD103__rep0004,NK cells,0.6626332124013086
homosapiens_None_2023_None_sikkemalisa_001_d10_1101_2022_03_10_483747VUHD103__rep0005,NK cells,0.7315607611519415
homosapiens_None_2023_None_sikkemalisa_001_d10_1101_2022_03_10_483747VUHD103__rep0007,NK cells,0.7149223870666852
homosapiens_None_2023_None_sikkemalisa_001_d10_1101_2022_03_10_483747VUHD103__rep0008,NK cells,0.6255031190649278
homosapiens_None_2023_None_sikkemalisa_001_d10_1101_2022_03_10_483747VUHD103__rep0009,NK cells,0.5139367892850147
homosapiens_None_2023_None_sikkemalisa_001_d10_1101_2022_03_10_483747VUHD103__rep0011,NK cells,0.6091766492427135
homosapiens_None_2023_None_sikkemalisa_001_d10_1101_2022_03_10_483747VUHD103__rep0012,NK cells,0.6761796096679067
homosapiens_None_2023_None_sikkemalisa_001_d10_1101_2022_03_10_483747VUHD103__rep0013,NK cells,0.5033506822851019
homosapiens_None_2023_None_sikkemalisa_001_d10_1101_2022_03_10_483747VUHD103__rep0014,NK cells,0.6827053117129461
homosapiens_None_2023_None_sikkemalisa_001_d10_1101_2022_03_10_483747VUHD69__rep0000,NK cells,0.8380523673110225
homosapiens_None_2023_None_sikkemalisa_001_d10_1101_2022_03_10_483747VUHD69__rep0001,NK cells,0.6821976566580654
homosapiens_None_2023_None_sikkemalisa_001_d10_1101_2022_03_10_483747VUHD69__rep0002,NK cells,0.791442691287085
homosapiens_None_2023_None_sikkemalisa_001_d10_1101_2022_03_10_483747VUHD69__rep0003,NK cells,0.6302393448626329
homosapiens_None_2023_None_sikkemalisa_001_d10_1101_2022_03_10_483747VUHD69__rep0004,NK cells,0.6260326156322755
homosapiens_None_2023_None_sikkemalisa_001_d10_1101_2022_03_10_483747VUHD69__rep0005,NK cells,0.6485176568691791
homosapiens_None_2023_None_sikkemalisa_001_d10_1101_2022_03_10_483747VUHD69__rep0006,NK cells,0.7346889351608018
homosapiens_None_2023_None_sikkemalisa_001_d10_1101_2022_03_10_483747VUHD69__rep0007,NK cells,0.7744652215221746
homosapiens_None_2023_None_sikkemalisa_001_d10_1101_2022_03_10_483747VUHD69__rep0008,NK cells,0.6340928552520249
homosapiens_None_2023_None_sikkemalisa_001_d10_1101_2022_03_10_483747VUHD69__rep0009,NK cells,0.7001819075520057
homosapiens_None_2023_None_sikkemalisa_001_d10_1101_2022_03_10_483747VUHD69__rep0010,NK cells,0.7884350041942911
homosapiens_None_2023_None_sikkemalisa_001_d10_1101_2022_03_10_483747VUHD69__rep0011,NK cells,0.8144864984771212
homosapiens_None_2023_None_sikkemalisa_001_d10_1101_2022_03_10_483747VUHD69__rep0013,NK cells,0.7452046902348477
homosapiens_None_2023_None_sikkemalisa_001_d10_1101_2022_03_10_483747VUHD69__rep0014,NK cells,0.8311663214196108
homosapiens_None_2023_None_sikkemalisa_001_d10_1101_2022_03_10_483747THD0007__rep0000,,0.5601279087550061
homosapiens_None_2023_None_sikkemalisa_001_d10_1101_2022_03_10_483747THD0007__rep0001,,0.611229055058208
homosapiens_None_2023_None_sikkemalisa_001_d10_1101_2022_03_10_483747THD0007__rep0002,,0.5978954193084166
homosapiens_None_2023_None_sikkemalisa_001_d10_1101_2022_03_10_483747THD0007__rep0003,,0.6485607460572762
homosapiens_None_2023_None_sikkemalisa_001_d10_1101_2022_03_10_483747THD0007__rep0004,,0.6084736844689062
homosapiens_None_2023_None_sikkemalisa_001_d10_1101_2022_03_10_483747THD0007__rep0005,,0.5801673353112448
homosapiens_None_2023_None_sikkemalisa_001_d10_1101_2022_03_10_483747THD0007__rep0006,,0.3475810575607791
homosapiens_None_2023_None_sikkemalisa_001_d10_1101_2022_03_10_483747THD0007__rep0007,,0.6410674359301167
homosapiens_None_2023_None_sikkemalisa_001_d10_1101_2022_03_10_483747THD0007__rep0008,,0.4890796723760431
homosapiens_None_2023_None_sikkemalisa_001_d10_1101_2022_03_10_483747THD0007__rep0009,,0.6685881626657404
homosapiens_None_2023_None_sikkemalisa_001_d10_1101_2022_03_10_483747THD0007__rep0010,,0.5087623806491609
homosapiens_None_2023_None_sikkemalisa_001_d10_1101_2022_03_10_483747THD0007__rep0011,,0.583719803264809
homosapiens_None_2023_None_sikkemalisa_001_d10_1101_2022_03_10_483747THD0007__rep0012,,0.5906741108995338
homosapiens_None_2023_None_sikkemalisa_001_d10_1101_2022_03_10_483747THD0007__rep0013,,0.6605536403050368
homosapiens_None_2023_None_sikkemalisa_001_d10_1101_2022_03_10_483747THD0007__rep0014,,0.5942819152477026
homosapiens_None_2023_None_sikkemalisa_001_d10_1101_2022_03_10_483747THD0014__rep0001,,0.346089208674417
homosapiens_None_2023_None_sikkemalisa_001_d10_1101_2022_03_10_483747THD0014__rep0002,,0.5874287523616938
homosapiens_None_2023_None_sikkemalisa_001_d10_1101_2022_03_10_483747THD0014__rep0003,,0.538936513144525
homosapiens_None_2023_None_sikkemalisa_001_d10_1101_2022_03_10_483747THD0014__rep0004,,0.2454895013020532
homosapiens_None_2023_None_sikkemalisa_001_d10_1101_2022_03_10_483747THD0014__rep0005,,0.5804450411603174
homosapiens_None_2023_None_sikkemalisa_001_d10_1101_2022_03_10_483747THD0014__rep0006,,0.4114380129306863
homosapiens_None_2023_None_sikkemalisa_001_d10_1101_2022_03_10_483747THD0014__rep0008,,0.4644449135456463
homosapiens_None_2023_None_sikkemalisa_001_d10_1101_2022_03_10_483747THD0014__rep0009,,0.4657999137184596
homosapiens_None_2023_None_sikkemalisa_001_d10_1101_2022_03_10_483747THD0014__rep0010,,0.5587138059196892
homosapiens_None_2023_None_sikkemalisa_001_d10_1101_2022_03_10_483747THD0014__rep0011,,0.5292503527265436
homosapiens_None_2023_None_sikkemalisa_001_d10_1101_2022_03_10_483747THD0014__rep0013,,0.4192818763762483
homosapiens_None_2023_None_sikkemalisa_001_d10_1101_2022_03_10_483747THD0014__rep0014,,0.5257485886130817
homosapiens_None_2023_None_sikkemalisa_001_d10_1101_2022_03_10_483747VUHD071__rep0000,,0.521924862039352
homosapiens_None_2023_None_sikkemalisa_001_d10_1101_2022_03_10_483747VUHD071__rep0001,,0.3079308277341569
homosapiens_None_2023_None_sikkemalisa_001_d10_1101_2022_03_10_483747VUHD071__rep0002,,0.5953295949870884
homosapiens_None_2023_None_sikkemalisa_001_d10_1101_2022_03_10_483747VUHD071__rep0003,,0.4124237548916288
homosapiens_None_2023_None_sikkemalisa_001_d10_1101_2022_03_10_483747VUHD071__rep0004,,0.4908423535186451
homosapiens_None_2023_None_sikkemalisa_001_d10_1101_2022_03_10_483747VUHD071__rep0005,,0.4440394945704164
homosapiens_None_2023_None_sikkemalisa_001_d10_1101_2022_03_10_483747VUHD071__rep0006,,0.5862875951413702
homosapiens_None_2023_None_sikkemalisa_001_d10_1101_2022_03_10_483747VUHD071__rep0008,,0.6392246564971
homosapiens_None_2023_None_sikkemalisa_001_d10_1101_2022_03_10_483747VUHD071__rep0009,,0.6052689438746246
homosapiens_None_2023_None_sikkemalisa_001_d10_1101_2022_03_10_483747VUHD071__rep0010,,0.599441054885208
homosapiens_None_2023_None_sikkemalisa_001_d10_1101_2022_03_10_483747VUHD071__rep0011,,0.6023288880814957
homosapiens_None_2023_None_sikkemalisa_001_d10_1101_2022_03_10_483747VUHD071__rep0012,,0.5250465422939024
homosapiens_None_2023_None_sikkemalisa_001_d10_1101_2022_03_10_483747VUHD071__rep0013,,0.6123777967522953
homosapiens_None_2023_None_sikkemalisa_001_d10_1101_2022_03_10_483747VUHD071__rep0014,,0.5439770607469913
homosapiens_None_2023_None_sikkemalisa_001_d10_1101_2022_03_10_483747VUHD077__rep0000,,0.6501663745822237
homosapiens_None_2023_None_sikkemalisa_001_d10_1101_2022_03_10_483747VUHD077__rep0001,,0.5293800396318191
homosapiens_None_2023_None_sikkemalisa_001_d10_1101_2022_03_10_483747VUHD077__rep0002,,0.5602591339448169
homosapiens_None_2023_None_sikkemalisa_001_d10_1101_2022_03_10_483747VUHD077__rep0003,,0.5610237736517434
homosapiens_None_2023_None_sikkemalisa_001_d10_1101_2022_03_10_483747VUHD077__rep0004,,0.5632748479664507
homosapiens_None_2023_None_sikkemalisa_001_d10_1101_2022_03_10_483747VUHD077__rep0005,,0.5884367616349674
homosapiens_None_2023_None_sikkemalisa_001_d10_1101_2022_03_10_483747VUHD077__rep0006,,0.5868545041592843
homosapiens_None_2023_None_sikkemalisa_001_d10_1101_2022_03_10_483747VUHD077__rep0007,,0.5160109066384477
homosapiens_None_2023_None_sikkemalisa_001_d10_1101_2022_03_10_483747VUHD077__rep0008,,0.5720794570882756
homosapiens_None_2023_None_sikkemalisa_001_d10_1101_2022_03_10_483747VUHD077__rep0009,,0.3957602983963669
homosapiens_None_2023_None_sikkemalisa_001_d10_1101_2022_03_10_483747VUHD077__rep0010,,0.523933800054633
homosapiens_None_2023_None_sikkemalisa_001_d10_1101_2022_03_10_483747VUHD077__rep0011,,0.5582182715681507
homosapiens_None_2023_None_sikkemalisa_001_d10_1101_2022_03_10_483747VUHD077__rep0012,,0.573093446736959
homosapiens_None_2023_None_sikkemalisa_001_d10_1101_2022_03_10_483747VUHD077__rep0014,,0.6341306131612021
homosapiens_None_2023_None_sikkemalisa_001_d10_1101_2022_03_10_483747VUHD103__rep0000,,0.5286673520605374
homosapiens_None_2023_None_sikkemalisa_001_d10_1101_2022_03_10_483747VUHD103__rep0001,,0.5574260394297867
homosapiens_None_2023_None_sikkemalisa_001_d10_1101_2022_03_10_483747VUHD103__rep0002,,0.5212053692132818
homosapiens_None_2023_None_sikkemalisa_001_d10_1101_2022_03_10_483747VUHD103__rep0003,,0.2537760520733569
homosapiens_None_2023_None_sikkemalisa_001_d10_1101_2022_03_10_483747VUHD103__rep0004,,0.6450580210603751
homosapiens_None_2023_None_sikkemalisa_001_d10_1101_2022_03_10_483747VUHD103__rep0005,,0.62538367856894
homosapiens_None_2023_None_sikkemalisa_001_d10_1101_2022_03_10_483747VUHD103__rep0006,,0.4159278746593764
homosapiens_None_2023_None_sikkemalisa_001_d10_1101_2022_03_10_483747VUHD103__rep0007,,0.5486068068531549
homosapiens_None_2023_None_sikkemalisa_001_d10_1101_2022_03_10_483747VUHD103__rep0008,,0.60599998821875
homosapiens_None_2023_None_sikkemalisa_001_d10_1101_2022_03_10_483747VUHD103__rep0009,,0.6570010903461649
homosapiens_None_2023_None_sikkemalisa_001_d10_1101_2022_03_10_483747VUHD103__rep0010,,0.617346820133968
homosapiens_None_2023_None_sikkemalisa_001_d10_1101_2022_03_10_483747VUHD103__rep0011,,0.4439163489191642
homosapiens_None_2023_None_sikkemalisa_001_d10_1101_2022_03_10_483747VUHD103__rep0012,,0.5197162097402473
homosapiens_None_2023_None_sikkemalisa_001_d10_1101_2022_03_10_483747VUHD103__rep0013,,0.6250074140781973
homosapiens_None_2023_None_sikkemalisa_001_d10_1101_2022_03_10_483747VUHD103__rep0014,,0.4706054467957412
homosapiens_None_2023_None_sikkemalisa_001_d10_1101_2022_03_10_483747VUHD69__rep0000,,0.5187392062721358
homosapiens_None_2023_None_sikkemalisa_001_d10_1101_2022_03_10_483747VUHD69__rep0001,,0.4476731626604279
homosapiens_None_2023_None_sikkemalisa_001_d10_1101_2022_03_10_483747VUHD69__rep0004,,0.4059495655820103
homosapiens_None_2023_None_sikkemalisa_001_d10_1101_2022_03_10_483747VUHD69__rep0005,,0.5338510984166605
homosapiens_None_2023_None_sikkemalisa_001_d10_1101_2022_03_10_483747VUHD69__rep0006,,0.4765770535614447
homosapiens_None_2023_None_sikkemalisa_001_d10_1101_2022_03_10_483747VUHD69__rep0007,,0.4738259771719624
homosapiens_None_2023_None_sikkemalisa_001_d10_1101_2022_03_10_483747VUHD69__rep0008,,0.5160705783689381
homosapiens_None_2023_None_sikkemalisa_001_d10_1101_2022_03_10_483747VUHD69__rep0009,,0.2354110570395144
homosapiens_None_2023_None_sikkemalisa_001_d10_1101_2022_03_10_483747VUHD69__rep0010,,0.4802720827908865
homosapiens_None_2023_None_sikkemalisa_001_d10_1101_2022_03_10_483747VUHD69__rep0011,,0.635644262520532
homosapiens_None_2023_None_sikkemalisa_001_d10_1101_2022_03_10_483747VUHD69__rep0012,,0.5483153182988297
homosapiens_None_2023_None_sikkemalisa_001_d10_1101_2022_03_10_483747VUHD69__rep0014,,0.5515236661670276
homosapiens_None_2023_None_sikkemalisa_001_d10_1101_2022_03_10_483747VUHD85__rep0000,,0.4365250657590533
homosapiens_None_2023_None_sikkemalisa_001_d10_1101_2022_03_10_483747VUHD85__rep0001,,0.5973276100069989
homosapiens_None_2023_None_sikkemalisa_001_d10_1101_2022_03_10_483747VUHD85__rep0002,,0.5768139776963892
homosapiens_None_2023_None_sikkemalisa_001_d10_1101_2022_03_10_483747VUHD85__rep0003,,0.5660020591212493
homosapiens_None_2023_None_sikkemalisa_001_d10_1101_2022_03_10_483747VUHD85__rep0004,,0.6107161157276675
homosapiens_None_2023_None_sikkemalisa_001_d10_1101_2022_03_10_483747VUHD85__rep0005,,0.2882565317541178
homosapiens_None_2023_None_sikkemalisa_001_d10_1101_2022_03_10_483747VUHD85__rep0006,,0.5966951106235421
homosapiens_None_2023_None_sikkemalisa_001_d10_1101_2022_03_10_483747VUHD85__rep0007,,0.6335441706366869
homosapiens_None_2023_None_sikkemalisa_001_d10_1101_2022_03_10_483747VUHD85__rep0008,,0.5000211742157716
homosapiens_None_2023_None_sikkemalisa_001_d10_1101_2022_03_10_483747VUHD85__rep0009,,0.6101230817775233
homosapiens_None_2023_None_sikkemalisa_001_d10_1101_2022_03_10_483747VUHD85__rep0010,,0.5877489999297316
homosapiens_None_2023_None_sikkemalisa_001_d10_1101_2022_03_10_483747VUHD85__rep0011,,0.3392721457772272
homosapiens_None_2023_None_sikkemalisa_001_d10_1101_2022_03_10_483747VUHD85__rep0012,,0.5450700998230983
homosapiens_None_2023_None_sikkemalisa_001_d10_1101_2022_03_10_483747VUHD85__rep0013,,0.4771718896740604
homosapiens_None_2023_None_sikkemalisa_001_d10_1101_2022_03_10_483747VUHD85__rep0014,,0.4170940073079321
homosapiens_None_2023_None_sikkemalisa_001_d10_1101_2022_03_10_483747VUHD103__rep0000,Pericytes,0.6459110103032222
homosapiens_None_2023_None_sikkemalisa_001_d10_1101_2022_03_10_483747VUHD103__rep0001,Pericytes,0.6547899267819953
homosapiens_None_2023_None_sikkemalisa_001_d10_1101_2022_03_10_483747VUHD103__rep0002,Pericytes,0.6572067799328879
homosapiens_None_2023_None_sikkemalisa_001_d10_1101_2022_03_10_483747VUHD103__rep0003,Pericytes,0.6851959284008776
homosapiens_None_2023_None_sikkemalisa_001_d10_1101_2022_03_10_483747VUHD103__rep0004,Pericytes,0.5749213736710106
homosapiens_None_2023_None_sikkemalisa_001_d10_1101_2022_03_10_483747VUHD103__rep0005,Pericytes,0.6118781590330191
homosapiens_None_2023_None_sikkemalisa_001_d10_1101_2022_03_10_483747VUHD103__rep0006,Pericytes,0.6381583304631033
homosapiens_None_2023_None_sikkemalisa_001_d10_1101_2022_03_10_483747VUHD103__rep0007,Pericytes,0.6225015876897624
homosapiens_None_2023_None_sikkemalisa_001_d10_1101_2022_03_10_483747VUHD103__rep0008,Pericytes,0.4816049846594244
homosapiens_None_2023_None_sikkemalisa_001_d10_1101_2022_03_10_483747VUHD103__rep0009,Pericytes,0.6750030804709186
homosapiens_None_2023_None_sikkemalisa_001_d10_1101_2022_03_10_483747VUHD103__rep0010,Pericytes,0.5966217464575925
homosapiens_None_2023_None_sikkemalisa_001_d10_1101_2022_03_10_483747VUHD103__rep0011,Pericytes,0.6019955059715696
homosapiens_None_2023_None_sikkemalisa_001_d10_1101_2022_03_10_483747VUHD103__rep0012,Pericytes,0.6365081206514875
homosapiens_None_2023_None_sikkemalisa_001_d10_1101_2022_03_10_483747VUHD103__rep0014,Pericytes,0.4607039817075092
homosapiens_None_2023_None_sikkemalisa_001_d10_1101_2022_03_10_483747VUHD85__rep0000,Pericytes,0.6195153656083043
homosapiens_None_2023_None_sikkemalisa_001_d10_1101_2022_03_10_483747VUHD85__rep0001,Pericytes,0.6691373001320473
homosapiens_None_2023_None_sikkemalisa_001_d10_1101_2022_03_10_483747VUHD85__rep0002,Pericytes,0.6650795093725117
homosapiens_None_2023_None_sikkemalisa_001_d10_1101_2022_03_10_483747VUHD85__rep0003,Pericytes,0.5935708777797548
homosapiens_None_2023_None_sikkemalisa_001_d10_1101_2022_03_10_483747VUHD85__rep0004,Pericytes,0.620820696558642
homosapiens_None_2023_None_sikkemalisa_001_d10_1101_2022_03_10_483747VUHD85__rep0005,Pericytes,0.5572148745043936
homosapiens_None_2023_None_sikkemalisa_001_d10_1101_2022_03_10_483747VUHD85__rep0006,Pericytes,0.7401129985275642
homosapiens_None_2023_None_sikkemalisa_001_d10_1101_2022_03_10_483747VUHD85__rep0007,Pericytes,0.5968714362669186
homosapiens_None_2023_None_sikkemalisa_001_d10_1101_2022_03_10_483747VUHD85__rep0008,Pericytes,0.7254388387082682
homosapiens_None_2023_None_sikkemalisa_001_d10_1101_2022_03_10_483747VUHD85__rep0009,Pericytes,0.4802471460385766
homosapiens_None_2023_None_sikkemalisa_001_d10_1101_2022_03_10_483747VUHD85__rep0010,Pericytes,0.6237775597845459
homosapiens_None_2023_None_sikkemalisa_001_d10_1101_2022_03_10_483747VUHD85__rep0011,Pericytes,0.7288407290174389
homosapiens_None_2023_None_sikkemalisa_001_d10_1101_2022_03_10_483747VUHD85__rep0012,Pericytes,0.4457867626428913
homosapiens_None_2023_None_sikkemalisa_001_d10_1101_2022_03_10_483747VUHD85__rep0013,Pericytes,0.5384613721721507
homosapiens_None_2023_None_sikkemalisa_001_d10_1101_2022_03_10_483747VUHD85__rep0014,Pericytes,0.6355214859512099
homosapiens_None_2023_None_sikkemalisa_001_d10_1101_2022_03_10_483747THD0007__rep0000,Plasma cells,0.7161530213687455
homosapiens_None_2023_None_sikkemalisa_001_d10_1101_2022_03_10_483747THD0007__rep0001,Plasma cells,0.6769175438965456
homosapiens_None_2023_None_sikkemalisa_001_d10_1101_2022_03_10_483747THD0007__rep0002,Plasma cells,0.754358884646538
homosapiens_None_2023_None_sikkemalisa_001_d10_1101_2022_03_10_483747THD0007__rep0003,Plasma cells,0.7571144538665985
homosapiens_None_2023_None_sikkemalisa_001_d10_1101_2022_03_10_483747THD0007__rep0004,Plasma cells,0.728609506024269
homosapiens_None_2023_None_sikkemalisa_001_d10_1101_2022_03_10_483747THD0007__rep0005,Plasma cells,0.572694237394678
homosapiens_None_2023_None_sikkemalisa_001_d10_1101_2022_03_10_483747THD0007__rep0006,Plasma cells,0.6403425449100995
homosapiens_None_2023_None_sikkemalisa_001_d10_1101_2022_03_10_483747THD0007__rep0007,Plasma cells,0.6741039428045293
homosapiens_None_2023_None_sikkemalisa_001_d10_1101_2022_03_10_483747THD0007__rep0008,Plasma cells,0.6075815516137826
homosapiens_None_2023_None_sikkemalisa_001_d10_1101_2022_03_10_483747THD0007__rep0009,Plasma cells,0.7083382840010813
homosapiens_None_2023_None_sikkemalisa_001_d10_1101_2022_03_10_483747THD0007__rep0010,Plasma cells,0.707570708923896
homosapiens_None_2023_None_sikkemalisa_001_d10_1101_2022_03_10_483747THD0007__rep0011,Plasma cells,0.6653072225795015
homosapiens_None_2023_None_sikkemalisa_001_d10_1101_2022_03_10_483747THD0007__rep0012,Plasma cells,0.5830499594053694
homosapiens_None_2023_None_sikkemalisa_001_d10_1101_2022_03_10_483747THD0007__rep0013,Plasma cells,0.7706360368017136
homosapiens_None_2023_None_sikkemalisa_001_d10_1101_2022_03_10_483747THD0007__rep0014,Plasma cells,0.6628027086260271
homosapiens_None_2023_None_sikkemalisa_001_d10_1101_2022_03_10_483747THD0014__rep0001,Plasma cells,0.6149710386108562
homosapiens_None_2023_None_sikkemalisa_001_d10_1101_2022_03_10_483747THD0014__rep0003,Plasma cells,0.6873146926897262
homosapiens_None_2023_None_sikkemalisa_001_d10_1101_2022_03_10_483747THD0014__rep0004,Plasma cells,0.5641303859901522
homosapiens_None_2023_None_sikkemalisa_001_d10_1101_2022_03_10_483747THD0014__rep0005,Plasma cells,0.4754792907400098
homosapiens_None_2023_None_sikkemalisa_001_d10_1101_2022_03_10_483747THD0014__rep0006,Plasma cells,0.6644600694380841
homosapiens_None_2023_None_sikkemalisa_001_d10_1101_2022_03_10_483747THD0014__rep0007,Plasma cells,0.5467161432606611
homosapiens_None_2023_None_sikkemalisa_001_d10_1101_2022_03_10_483747THD0014__rep0008,Plasma cells,0.6726001851515546
homosapiens_None_2023_None_sikkemalisa_001_d10_1101_2022_03_10_483747THD0014__rep0009,Plasma cells,0.5714979679804131
homosapiens_None_2023_None_sikkemalisa_001_d10_1101_2022_03_10_483747THD0014__rep0010,Plasma cells,0.6499068544409545
homosapiens_None_2023_None_sikkemalisa_001_d10_1101_2022_03_10_483747THD0014__rep0011,Plasma cells,0.6132996674026057
homosapiens_None_2023_None_sikkemalisa_001_d10_1101_2022_03_10_483747THD0014__rep0012,Plasma cells,0.6817595700715492
homosapiens_None_2023_None_sikkemalisa_001_d10_1101_2022_03_10_483747THD0014__rep0013,Plasma cells,0.6436010865900259
homosapiens_None_2023_None_sikkemalisa_001_d10_1101_2022_03_10_483747THD0014__rep0014,Plasma cells,0.566947150902678
homosapiens_None_2023_None_sikkemalisa_001_d10_1101_2022_03_10_483747VUHD071__rep0000,Plasma cells,0.6818972141348305
homosapiens_None_2023_None_sikkemalisa_001_d10_1101_2022_03_10_483747VUHD071__rep0001,Plasma cells,0.6950787043257759
homosapiens_None_2023_None_sikkemalisa_001_d10_1101_2022_03_10_483747VUHD071__rep0002,Plasma cells,0.6450453792068864
homosapiens_None_2023_None_sikkemalisa_001_d10_1101_2022_03_10_483747VUHD071__rep0003,Plasma cells,0.71804430783543
homosapiens_None_2023_None_sikkemalisa_001_d10_1101_2022_03_10_483747VUHD071__rep0004,Plasma cells,0.5472577518583859
homosapiens_None_2023_None_sikkemalisa_001_d10_1101_2022_03_10_483747VUHD071__rep0006,Plasma cells,0.7042541042001607
homosapiens_None_2023_None_sikkemalisa_001_d10_1101_2022_03_10_483747VUHD071__rep0007,Plasma cells,0.6831003503121804
homosapiens_None_2023_None_sikkemalisa_001_d10_1101_2022_03_10_483747VUHD071__rep0008,Plasma cells,0.4915952371700972
homosapiens_None_2023_None_sikkemalisa_001_d10_1101_2022_03_10_483747VUHD071__rep0010,Plasma cells,0.6110457466351696
homosapiens_None_2023_None_sikkemalisa_001_d10_1101_2022_03_10_483747VUHD071__rep0011,Plasma cells,0.5708693767281533
homosapiens_None_2023_None_sikkemalisa_001_d10_1101_2022_03_10_483747VUHD071__rep0012,Plasma cells,0.674844652577747
homosapiens_None_2023_None_sikkemalisa_001_d10_1101_2022_03_10_483747VUHD071__rep0013,Plasma cells,0.6622786323815001
homosapiens_None_2023_None_sikkemalisa_001_d10_1101_2022_03_10_483747VUHD071__rep0014,Plasma cells,0.5821980234081913
homosapiens_None_2023_None_sikkemalisa_001_d10_1101_2022_03_10_483747VUHD103__rep0000,Plasma cells,0.6884025843570958
homosapiens_None_2023_None_sikkemalisa_001_d10_1101_2022_03_10_483747VUHD103__rep0001,Plasma cells,0.641911471943321
homosapiens_None_2023_None_sikkemalisa_001_d10_1101_2022_03_10_483747VUHD103__rep0002,Plasma cells,0.6236744706585242
homosapiens_None_2023_None_sikkemalisa_001_d10_1101_2022_03_10_483747VUHD103__rep0003,Plasma cells,0.5904870018008496
homosapiens_None_2023_None_sikkemalisa_001_d10_1101_2022_03_10_483747VUHD103__rep0004,Plasma cells,0.6880354823116571
homosapiens_None_2023_None_sikkemalisa_001_d10_1101_2022_03_10_483747VUHD103__rep0005,Plasma cells,0.59051172338605
homosapiens_None_2023_None_sikkemalisa_001_d10_1101_2022_03_10_483747VUHD103__rep0006,Plasma cells,0.3240762865329883
homosapiens_None_2023_None_sikkemalisa_001_d10_1101_2022_03_10_483747VUHD103__rep0007,Plasma cells,0.6349527037909193
homosapiens_None_2023_None_sikkemalisa_001_d10_1101_2022_03_10_483747VUHD103__rep0010,Plasma cells,0.6021019092088117
homosapiens_None_2023_None_sikkemalisa_001_d10_1101_2022_03_10_483747VUHD103__rep0012,Plasma cells,0.67688960884449
homosapiens_None_2023_None_sikkemalisa_001_d10_1101_2022_03_10_483747VUHD103__rep0013,Plasma cells,0.6125487501083869
homosapiens_None_2023_None_sikkemalisa_001_d10_1101_2022_03_10_483747VUHD103__rep0014,Plasma cells,0.6146635177921908
homosapiens_None_2023_None_sikkemalisa_001_d10_1101_2022_03_10_483747THD0014__rep0000,Plasmacytoid DCs,0.6064566294207658
homosapiens_None_2023_None_sikkemalisa_001_d10_1101_2022_03_10_483747THD0014__rep0001,Plasmacytoid DCs,0.5996975295404515
homosapiens_None_2023_None_sikkemalisa_001_d10_1101_2022_03_10_483747THD0014__rep0002,Plasmacytoid DCs,0.6069936144531198
homosapiens_None_2023_None_sikkemalisa_001_d10_1101_2022_03_10_483747THD0014__rep0003,Plasmacytoid DCs,0.5760392034741473
homosapiens_None_2023_None_sikkemalisa_001_d10_1101_2022_03_10_483747THD0014__rep0004,Plasmacytoid DCs,0.580054985549602
homosapiens_None_2023_None_sikkemalisa_001_d10_1101_2022_03_10_483747THD0014__rep0005,Plasmacytoid DCs,0.5141116416411948
homosapiens_None_2023_None_sikkemalisa_001_d10_1101_2022_03_10_483747THD0014__rep0006,Plasmacytoid DCs,0.411064089995575
homosapiens_None_2023_None_sikkemalisa_001_d10_1101_2022_03_10_483747THD0014__rep0007,Plasmacytoid DCs,0.6172165896274148
homosapiens_None_2023_None_sikkemalisa_001_d10_1101_2022_03_10_483747THD0014__rep0008,Plasmacytoid DCs,0.6104321507493871
homosapiens_None_2023_None_sikkemalisa_001_d10_1101_2022_03_10_483747THD0014__rep0009,Plasmacytoid DCs,0.6175784908800062
homosapiens_None_2023_None_sikkemalisa_001_d10_1101_2022_03_10_483747THD0014__rep0010,Plasmacytoid DCs,0.61932419088335
homosapiens_None_2023_None_sikkemalisa_001_d10_1101_2022_03_10_483747THD0014__rep0011,Plasmacytoid DCs,0.5945447338293247
homosapiens_None_2023_None_sikkemalisa_001_d10_1101_2022_03_10_483747THD0014__rep0012,Plasmacytoid DCs,0.5377740675256002
homosapiens_None_2023_None_sikkemalisa_001_d10_1101_2022_03_10_483747THD0014__rep0013,Plasmacytoid DCs,0.5605462420086251
homosapiens_None_2023_None_sikkemalisa_001_d10_1101_2022_03_10_483747THD0014__rep0014,Plasmacytoid DCs,0.5931413944201536
homosapiens_None_2023_None_sikkemalisa_001_d10_1101_2022_03_10_483747THD0007__rep0000,Transitional AT2,0.7131385715018801
homosapiens_None_2023_None_sikkemalisa_001_d10_1101_2022_03_10_483747THD0007__rep0001,Transitional AT2,0.7247331684634607
homosapiens_None_2023_None_sikkemalisa_001_d10_1101_2022_03_10_483747THD0007__rep0002,Transitional AT2,0.7021326120113686
homosapiens_None_2023_None_sikkemalisa_001_d10_1101_2022_03_10_483747THD0007__rep0003,Transitional AT2,0.4172135875245072
homosapiens_None_2023_None_sikkemalisa_001_d10_1101_2022_03_10_483747THD0007__rep0004,Transitional AT2,0.7154717670553894
homosapiens_None_2023_None_sikkemalisa_001_d10_1101_2022_03_10_483747THD0007__rep0006,Transitional AT2,0.6869545630734408
homosapiens_None_2023_None_sikkemalisa_001_d10_1101_2022_03_10_483747THD0007__rep0007,Transitional AT2,0.6990973659501836
homosapiens_None_2023_None_sikkemalisa_001_d10_1101_2022_03_10_483747THD0007__rep0008,Transitional AT2,0.6504775911286118
homosapiens_None_2023_None_sikkemalisa_001_d10_1101_2022_03_10_483747THD0007__rep0009,Transitional AT2,0.6415056617491652
homosapiens_None_2023_None_sikkemalisa_001_d10_1101_2022_03_10_483747THD0007__rep0010,Transitional AT2,0.6795892635757198
homosapiens_None_2023_None_sikkemalisa_001_d10_1101_2022_03_10_483747THD0007__rep0012,Transitional AT2,0.5854058315449173
homosapiens_None_2023_None_sikkemalisa_001_d10_1101_2022_03_10_483747THD0014__rep0000,Transitional AT2,0.6917114926635657
homosapiens_None_2023_None_sikkemalisa_001_d10_1101_2022_03_10_483747THD0014__rep0001,Transitional AT2,0.652619134807918
homosapiens_None_2023_None_sikkemalisa_001_d10_1101_2022_03_10_483747THD0014__rep0002,Transitional AT2,0.6337259770231006
homosapiens_None_2023_None_sikkemalisa_001_d10_1101_2022_03_10_483747THD0014__rep0003,Transitional AT2,0.6680947703603946
homosapiens_None_2023_None_sikkemalisa_001_d10_1101_2022_03_10_483747THD0014__rep0004,Transitional AT2,0.5542487004662829
homosapiens_None_2023_None_sikkemalisa_001_d10_1101_2022_03_10_483747THD0014__rep0005,Transitional AT2,0.507682546336736
homosapiens_None_2023_None_sikkemalisa_001_d10_1101_2022_03_10_483747THD0014__rep0006,Transitional AT2,0.6418126151774592
homosapiens_None_2023_None_sikkemalisa_001_d10_1101_2022_03_10_483747THD0014__rep0007,Transitional AT2,0.7002725053983951
homosapiens_None_2023_None_sikkemalisa_001_d10_1101_2022_03_10_483747THD0014__rep0008,Transitional AT2,0.682965438291657
homosapiens_None_2023_None_sikkemalisa_001_d10_1101_2022_03_10_483747THD0014__rep0009,Transitional AT2,0.4567202942404706
homosapiens_None_2023_None_sikkemalisa_001_d10_1101_2022_03_10_483747THD0014__rep0010,Transitional AT2,0.5539239279389744
homosapiens_None_2023_None_sikkemalisa_001_d10_1101_2022_03_10_483747THD0014__rep0011,Transitional AT2,0.6274097803466997
homosapiens_None_2023_None_sikkemalisa_001_d10_1101_2022_03_10_483747THD0014__rep0012,Transitional AT2,0.6819709683422861
homosapiens_None_2023_None_sikkemalisa_001_d10_1101_2022_03_10_483747THD0014__rep0013,Transitional AT2,0.6697066147224038
homosapiens_None_2023_None_sikkemalisa_001_d10_1101_2022_03_10_483747THD0014__rep0014,Transitional AT2,0.647166314826175
homosapiens_None_2023_None_sikkemalisa_001_d10_1101_2022_03_10_483747VUHD071__rep0000,Transitional AT2,0.5989658681236381
homosapiens_None_2023_None_sikkemalisa_001_d10_1101_2022_03_10_483747VUHD071__rep0001,Transitional AT2,0.6353366923202989
homosapiens_None_2023_None_sikkemalisa_001_d10_1101_2022_03_10_483747VUHD071__rep0002,Transitional AT2,0.7049769768240413
homosapiens_None_2023_None_sikkemalisa_001_d10_1101_2022_03_10_483747VUHD071__rep0003,Transitional AT2,0.7025496574189757
homosapiens_None_2023_None_sikkemalisa_001_d10_1101_2022_03_10_483747VUHD071__rep0005,Transitional AT2,0.6475895820970989
homosapiens_None_2023_None_sikkemalisa_001_d10_1101_2022_03_10_483747VUHD071__rep0006,Transitional AT2,0.7079322675386488
homosapiens_None_2023_None_sikkemalisa_001_d10_1101_2022_03_10_483747VUHD071__rep0007,Transitional AT2,0.5426874169196296
homosapiens_None_2023_None_sikkemalisa_001_d10_1101_2022_03_10_483747VUHD071__rep0008,Transitional AT2,0.5291081944372493
homosapiens_None_2023_None_sikkemalisa_001_d10_1101_2022_03_10_483747VUHD071__rep0009,Transitional AT2,0.6143726543298811
homosapiens_None_2023_None_sikkemalisa_001_d10_1101_2022_03_10_483747VUHD071__rep0010,Transitional AT2,0.7204673314211951
homosapiens_None_2023_None_sikkemalisa_001_d10_1101_2022_03_10_483747VUHD071__rep0011,Transitional AT2,0.6688342945250277
homosapiens_None_2023_None_sikkemalisa_001_d10_1101_2022_03_10_483747VUHD071__rep0012,Transitional AT2,0.6130307470212837
homosapiens_None_2023_None_sikkemalisa_001_d10_1101_2022_03_10_483747VUHD071__rep0013,Transitional AT2,0.6562008202839988
homosapiens_None_2023_None_sikkemalisa_001_d10_1101_2022_03_10_483747VUHD103__rep0000,Transitional AT2,0.7214253357032872
homosapiens_None_2023_None_sikkemalisa_001_d10_1101_2022_03_10_483747VUHD103__rep0002,Transitional AT2,0.7171528124125317
homosapiens_None_2023_None_sikkemalisa_001_d10_1101_2022_03_10_483747VUHD103__rep0003,Transitional AT2,0.7620289822574029
homosapiens_None_2023_None_sikkemalisa_001_d10_1101_2022_03_10_483747VUHD103__rep0004,Transitional AT2,0.7301197809820321
homosapiens_None_2023_None_sikkemalisa_001_d10_1101_2022_03_10_483747VUHD103__rep0006,Transitional AT2,0.6579934079637434
homosapiens_None_2023_None_sikkemalisa_001_d10_1101_2022_03_10_483747VUHD103__rep0007,Transitional AT2,0.6841771533403781
homosapiens_None_2023_None_sikkemalisa_001_d10_1101_2022_03_10_483747VUHD103__rep0008,Transitional AT2,0.7344322655289723
homosapiens_None_2023_None_sikkemalisa_001_d10_1101_2022_03_10_483747VUHD103__rep0009,Transitional AT2,0.6971694528784687
homosapiens_None_2023_None_sikkemalisa_001_d10_1101_2022_03_10_483747VUHD103__rep0010,Transitional AT2,0.7382025461735251
homosapiens_None_2023_None_sikkemalisa_001_d10_1101_2022_03_10_483747VUHD103__rep0011,Transitional AT2,0.7323413052164522
homosapiens_None_2023_None_sikkemalisa_001_d10_1101_2022_03_10_483747VUHD103__rep0012,Transitional AT2,0.6970840098337033
homosapiens_None_2023_None_sikkemalisa_001_d10_1101_2022_03_10_483747VUHD103__rep0014,Transitional AT2,0.5753072492029516
homosapiens_None_2023_None_sikkemalisa_001_d10_1101_2022_03_10_483747VUHD85__rep0000,Transitional AT2,0.6318234638689793
homosapiens_None_2023_None_sikkemalisa_001_d10_1101_2022_03_10_483747VUHD85__rep0001,Transitional AT2,0.555806611267734
homosapiens_None_2023_None_sikkemalisa_001_d10_1101_2022_03_10_483747VUHD85__rep0002,Transitional AT2,0.6351089090424535
homosapiens_None_2023_None_sikkemalisa_001_d10_1101_2022_03_10_483747VUHD85__rep0003,Transitional AT2,0.5227899006173631
homosapiens_None_2023_None_sikkemalisa_001_d10_1101_2022_03_10_483747VUHD85__rep0004,Transitional AT2,0.5740455919807317
homosapiens_None_2023_None_sikkemalisa_001_d10_1101_2022_03_10_483747VUHD85__rep0005,Transitional AT2,0.6680577415093605
homosapiens_None_2023_None_sikkemalisa_001_d10_1101_2022_03_10_483747VUHD85__rep0006,Transitional AT2,0.6745669506821299
homosapiens_None_2023_None_sikkemalisa_001_d10_1101_2022_03_10_483747VUHD85__rep0007,Transitional AT2,0.6549503687825671
homosapiens_None_2023_None_sikkemalisa_001_d10_1101_2022_03_10_483747VUHD85__rep0008,Transitional AT2,0.6975669026297301
homosapiens_None_2023_None_sikkemalisa_001_d10_1101_2022_03_10_483747VUHD85__rep0009,Transitional AT2,0.6605565474884372
homosapiens_None_2023_None_sikkemalisa_001_d10_1101_2022_03_10_483747VUHD85__rep0010,Transitional AT2,0.6167963880779164
homosapiens_None_2023_None_sikkemalisa_001_d10_1101_2022_03_10_483747VUHD85__rep0011,Transitional AT2,0.6687633943934693
homosapiens_None_2023_None_sikkemalisa_001_d10_1101_2022_03_10_483747VUHD85__rep0012,Transitional AT2,0.59057032194745
homosapiens_None_2023_None_sikkemalisa_001_d10_1101_2022_03_10_483747VUHD85__rep0013,Transitional AT2,0.5683070428083297
homosapiens_None_2023_None_sikkemalisa_001_d10_1101_2022_03_10_483747VUHD85__rep0014,Transitional AT2,0.6906868887724498
