sample,cell_type,sample_profile
homosapiens_None_2023_None_sikkemalisa_001_d10_1101_2022_03_10_483747THD0007__rep0000,Activated myofibroblasts,0.6442551652452936
homosapiens_None_2023_None_sikkemalisa_001_d10_1101_2022_03_10_483747THD0007__rep0001,Activated myofibroblasts,0.5464146361509408
homosapiens_None_2023_None_sikkemalisa_001_d10_1101_2022_03_10_483747THD0007__rep0002,Activated myofibroblasts,0.6171375710942346
homosapiens_None_2023_None_sikkemalisa_001_d10_1101_2022_03_10_483747THD0007__rep0003,Activated myofibroblasts,0.6238337646059383
homosapiens_None_2023_None_sikkemalisa_001_d10_1101_2022_03_10_483747THD0007__rep0004,Activated myofibroblasts,0.6499370142197912
homosapiens_None_2023_None_sikkemalisa_001_d10_1101_2022_03_10_483747THD0007__rep0005,Activated myofibroblasts,0.6594821637494812
homosapiens_None_2023_None_sikkemalisa_001_d10_1101_2022_03_10_483747THD0007__rep0006,Activated myofibroblasts,0.4777229081862023
homosapiens_None_2023_None_sikkemalisa_001_d10_1101_2022_03_10_483747THD0007__rep0007,Activated myofibroblasts,0.6554868984196127
homosapiens_None_2023_None_sikkemalisa_001_d10_1101_2022_03_10_483747THD0007__rep0008,Activated myofibroblasts,0.6538289598705732
homosapiens_None_2023_None_sikkemalisa_001_d10_1101_2022_03_10_483747THD0007__rep0009,Activated myofibroblasts,0.6443781707328886
homosapiens_None_2023_None_sikkemalisa_001_d10_1101_2022_03_10_483747THD0007__rep0010,Activated myofibroblasts,0.5809986559903508
homosapiens_None_2023_None_sikkemalisa_001_d10_1101_2022_03_10_483747THD0007__rep0011,Activated myofibroblasts,0.6402283583440185
homosapiens_None_2023_None_sikkemalisa_001_d10_1101_2022_03_10_483747THD0007__rep0012,Activated myofibroblasts,0.6301238664147281
homosapiens_None_2023_None_sikkemalisa_001_d10_1101_2022_03_10_483747THD0007__rep0013,Activated myofibroblasts,0.6164162846374512
homosapiens_None_2023_None_sikkemalisa_001_d10_1101_2022_03_10_483747THD0007__rep0014,Activated myofibroblasts,0.6520791819272795
homosapiens_None_2023_None_sikkemalisa_001_d10_1101_2022_03_10_483747THD0014__rep0000,Activated myofibroblasts,0.4801871624854826
homosapiens_None_2023_None_sikkemalisa_001_d10_1101_2022_03_10_483747THD0014__rep0001,Activated myofibroblasts,0.5844459431985429
homosapiens_None_2023_None_sikkemalisa_001_d10_1101_2022_03_10_483747THD0014__rep0003,Activated myofibroblasts,0.6602824176658935
homosapiens_None_2023_None_sikkemalisa_001_d10_1101_2022_03_10_483747THD0014__rep0004,Activated myofibroblasts,0.6339112198709188
homosapiens_None_2023_None_sikkemalisa_001_d10_1101_2022_03_10_483747THD0014__rep0005,Activated myofibroblasts,0.6611991210605657
homosapiens_None_2023_None_sikkemalisa_001_d10_1101_2022_03_10_483747THD0014__rep0006,Activated myofibroblasts,0.658656831640758
homosapiens_None_2023_None_sikkemalisa_001_d10_1101_2022_03_10_483747THD0014__rep0007,Activated myofibroblasts,0.5181502754615857
homosapiens_None_2023_None_sikkemalisa_001_d10_1101_2022_03_10_483747THD0014__rep0008,Activated myofibroblasts,0.6169415371281726
homosapiens_None_2023_None_sikkemalisa_001_d10_1101_2022_03_10_483747THD0014__rep0009,Activated myofibroblasts,0.6355116161977519
homosapiens_None_2023_None_sikkemalisa_001_d10_1101_2022_03_10_483747THD0014__rep0010,Activated myofibroblasts,0.675588999111605
homosapiens_None_2023_None_sikkemalisa_001_d10_1101_2022_03_10_483747THD0014__rep0011,Activated myofibroblasts,0.6612461766380718
homosapiens_None_2023_None_sikkemalisa_001_d10_1101_2022_03_10_483747THD0014__rep0012,Activated myofibroblasts,0.6165574298468225
homosapiens_None_2023_None_sikkemalisa_001_d10_1101_2022_03_10_483747THD0014__rep0013,Activated myofibroblasts,0.6171556790365018
homosapiens_None_2023_None_sikkemalisa_001_d10_1101_2022_03_10_483747THD0014__rep0014,Activated myofibroblasts,0.6679800912943513
homosapiens_None_2023_None_sikkemalisa_001_d10_1101_2022_03_10_483747VUHD103__rep0000,Activated myofibroblasts,0.3874979118816786
homosapiens_None_2023_None_sikkemalisa_001_d10_1101_2022_03_10_483747VUHD103__rep0001,Activated myofibroblasts,0.6429065285585096
homosapiens_None_2023_None_sikkemalisa_001_d10_1101_2022_03_10_483747VUHD103__rep0002,Activated myofibroblasts,0.6473334310099568
homosapiens_None_2023_None_sikkemalisa_001_d10_1101_2022_03_10_483747VUHD103__rep0003,Activated myofibroblasts,0.6060785008177566
homosapiens_None_2023_None_sikkemalisa_001_d10_1101_2022_03_10_483747VUHD103__rep0004,Activated myofibroblasts,0.6197276867387084
homosapiens_None_2023_None_sikkemalisa_001_d10_1101_2022_03_10_483747VUHD103__rep0005,Activated myofibroblasts,0.5665219652530481
homosapiens_None_2023_None_sikkemalisa_001_d10_1101_2022_03_10_483747VUHD103__rep0006,Activated myofibroblasts,0.6222013527758911
homosapiens_None_2023_None_sikkemalisa_001_d10_1101_2022_03_10_483747VUHD103__rep0008,Activated myofibroblasts,0.3960395734384216
homosapiens_None_2023_None_sikkemalisa_001_d10_1101_2022_03_10_483747VUHD103__rep0009,Activated myofibroblasts,0.6071718225557402
homosapiens_None_2023_None_sikkemalisa_001_d10_1101_2022_03_10_483747VUHD103__rep0010,Activated myofibroblasts,0.4377413692319592
homosapiens_None_2023_None_sikkemalisa_001_d10_1101_2022_03_10_483747VUHD103__rep0011,Activated myofibroblasts,0.6337813305676187
homosapiens_None_2023_None_sikkemalisa_001_d10_1101_2022_03_10_483747VUHD103__rep0012,Activated myofibroblasts,0.6269285084646757
homosapiens_None_2023_None_sikkemalisa_001_d10_1101_2022_03_10_483747VUHD103__rep0013,Activated myofibroblasts,0.5311542118157205
homosapiens_None_2023_None_sikkemalisa_001_d10_1101_2022_03_10_483747VUHD103__rep0014,Activated myofibroblasts,0.5250370450246311
homosapiens_None_2023_None_sikkemalisa_001_d10_1101_2022_03_10_483747VUHD85__rep0000,Activated myofibroblasts,0.5083509012332487
homosapiens_None_2023_None_sikkemalisa_001_d10_1101_2022_03_10_483747VUHD85__rep0001,Activated myofibroblasts,0.5722915931429392
homosapiens_None_2023_None_sikkemalisa_001_d10_1101_2022_03_10_483747VUHD85__rep0002,Activated myofibroblasts,0.5501034829629887
homosapiens_None_2023_None_sikkemalisa_001_d10_1101_2022_03_10_483747VUHD85__rep0003,Activated myofibroblasts,0.6158845777480377
homosapiens_None_2023_None_sikkemalisa_001_d10_1101_2022_03_10_483747VUHD85__rep0004,Activated myofibroblasts,0.5671311724683517
homosapiens_None_2023_None_sikkemalisa_001_d10_1101_2022_03_10_483747VUHD85__rep0005,Activated myofibroblasts,0.5441306403425756
homosapiens_None_2023_None_sikkemalisa_001_d10_1101_2022_03_10_483747VUHD85__rep0006,Activated myofibroblasts,0.5902459986754507
homosapiens_None_2023_None_sikkemalisa_001_d10_1101_2022_03_10_483747VUHD85__rep0007,Activated myofibroblasts,0.5441100409748283
homosapiens_None_2023_None_sikkemalisa_001_d10_1101_2022_03_10_483747VUHD85__rep0008,Activated myofibroblasts,0.5290212074635268
homosapiens_None_2023_None_sikkemalisa_001_d10_1101_2022_03_10_483747VUHD85__rep0009,Activated myofibroblasts,0.4827214477892355
homosapiens_None_2023_None_sikkemalisa_001_d10_1101_2022_03_10_483747VUHD85__rep0011,Activated myofibroblasts,0.5895578821254887
homosapiens_None_2023_None_sikkemalisa_001_d10_1101_2022_03_10_483747VUHD85__rep0012,Activated myofibroblasts,0.5407976744635278
homosapiens_None_2023_None_sikkemalisa_001_d10_1101_2022_03_10_483747VUHD85__rep0013,Activated myofibroblasts,0.5192001941688205
homosapiens_None_2023_None_sikkemalisa_001_d10_1101_2022_03_10_483747VUHD85__rep0014,Activated myofibroblasts,0.5761995231356415
homosapiens_None_2023_None_sikkemalisa_001_d10_1101_2022_03_10_483747THD0007__rep0000,Alveolar macrophages,0.6722411880699231
homosapiens_None_2023_None_sikkemalisa_001_d10_1101_2022_03_10_483747THD0007__rep0001,Alveolar macrophages,0.6644947691013293
homosapiens_None_2023_None_sikkemalisa_001_d10_1101_2022_03_10_483747THD0007__rep0002,Alveolar macrophages,0.6211048931828285
homosapiens_None_2023_None_sikkemalisa_001_d10_1101_2022_03_10_483747THD0007__rep0003,Alveolar macrophages,0.6681326899728672
homosapiens_None_2023_None_sikkemalisa_001_d10_1101_2022_03_10_483747THD0007__rep0004,Alveolar macrophages,0.6699159277256239
homosapiens_None_2023_None_sikkemalisa_001_d10_1101_2022_03_10_483747THD0007__rep0005,Alveolar macrophages,0.66183228786907
homosapiens_None_2023_None_sikkemalisa_001_d10_1101_2022_03_10_483747THD0007__rep0006,Alveolar macrophages,0.6761994715275678
homosapiens_None_2023_None_sikkemalisa_001_d10_1101_2022_03_10_483747THD0007__rep0007,Alveolar macrophages,0.6554691461267759
homosapiens_None_2023_None_sikkemalisa_001_d10_1101_2022_03_10_483747THD0007__rep0008,Alveolar macrophages,0.6542267273180383
homosapiens_None_2023_None_sikkemalisa_001_d10_1101_2022_03_10_483747THD0007__rep0009,Alveolar macrophages,0.6760496996807761
homosapiens_None_2023_None_sikkemalisa_001_d10_1101_2022_03_10_483747THD0007__rep0011,Alveolar macrophages,0.632222545187986
homosapiens_None_2023_None_sikkemalisa_001_d10_1101_2022_03_10_483747THD0007__rep0012,Alveolar macrophages,0.669606931402379
homosapiens_None_2023_None_sikkemalisa_001_d10_1101_2022_03_10_483747THD0007__rep0013,Alveolar macrophages,0.6605258993501665
homosapiens_None_2023_None_sikkemalisa_001_d10_1101_2022_03_10_483747THD0007__rep0014,Alveolar macrophages,0.4500963397147797
homosapiens_None_2023_None_sikkemalisa_001_d10_1101_2022_03_10_483747THD0014__rep0000,Alveolar macrophages,0.6750674688481972
homosapiens_None_2023_None_sikkemalisa_001_d10_1101_2022_03_10_483747THD0014__rep0001,Alveolar macrophages,0.6700422002512195
homosapiens_None_2023_None_sikkemalisa_001_d10_1101_2022_03_10_483747THD0014__rep0002,Alveolar macrophages,0.7106109774010197
homosapiens_None_2023_None_sikkemalisa_001_d10_1101_2022_03_10_483747THD0014__rep0003,Alveolar macrophages,0.7030316686502844
homosapiens_None_2023_None_sikkemalisa_001_d10_1101_2022_03_10_483747THD0014__rep0005,Alveolar macrophages,0.7093525595527805
homosapiens_None_2023_None_sikkemalisa_001_d10_1101_2022_03_10_483747THD0014__rep0006,Alveolar macrophages,0.6779765160597182
homosapiens_None_2023_None_sikkemalisa_001_d10_1101_2022_03_10_483747THD0014__rep0007,Alveolar macrophages,0.7043221990628042
homosapiens_None_2023_None_sikkemalisa_001_d10_1101_2022_03_10_483747THD0014__rep0008,Alveolar macrophages,0.5216932907014563
homosapiens_None_2023_None_sikkemalisa_001_d10_1101_2022_03_10_483747THD0014__rep0009,Alveolar macrophages,0.704588893147883
homosapiens_None_2023_None_sikkemalisa_001_d10_1101_2022_03_10_483747THD0014__rep0010,Alveolar macrophages,0.650091701747556
homosapiens_None_2023_None_sikkemalisa_001_d10_1101_2022_03_10_483747THD0014__rep0011,Alveolar macrophages,0.6957160321792268
homosapiens_None_2023_None_sikkemalisa_001_d10_1101_2022_03_10_483747THD0014__rep0012,Alveolar macrophages,0.7055483157891086
homosapiens_None_2023_None_sikkemalisa_001_d10_1101_2022_03_10_483747THD0014__rep0013,Alveolar macrophages,0.579030424073072
homosapiens_None_2023_None_sikkemalisa_001_d10_1101_2022_03_10_483747THD0014__rep0014,Alveolar macrophages,0.7032972681969647
homosapiens_None_2023_None_sikkemalisa_001_d10_1101_2022_03_10_483747VUHD071__rep0000,Alveolar macrophages,0.6125671578755414
homosapiens_None_2023_None_sikkemalisa_001_d10_1101_2022_03_10_483747VUHD071__rep0001,Alveolar macrophages,0.5685405517544215
homosapiens_None_2023_None_sikkemalisa_001_d10_1101_2022_03_10_483747VUHD071__rep0002,Alveolar macrophages,0.5897751914230143
homosapiens_None_2023_None_sikkemalisa_001_d10_1101_2022_03_10_483747VUHD071__rep0003,Alveolar macrophages,0.6191281453811279
homosapiens_None_2023_None_sikkemalisa_001_d10_1101_2022_03_10_483747VUHD071__rep0004,Alveolar macrophages,0.5966209487810048
homosapiens_None_2023_None_sikkemalisa_001_d10_1101_2022_03_10_483747VUHD071__rep0005,Alveolar macrophages,0.4835099984433034
homosapiens_None_2023_None_sikkemalisa_001_d10_1101_2022_03_10_483747VUHD071__rep0007,Alveolar macrophages,0.6108027761820631
homosapiens_None_2023_None_sikkemalisa_001_d10_1101_2022_03_10_483747VUHD071__rep0008,Alveolar macrophages,0.3810425262196185
homosapiens_None_2023_None_sikkemalisa_001_d10_1101_2022_03_10_483747VUHD071__rep0009,Alveolar macrophages,0.5486423020287667
homosapiens_None_2023_None_sikkemalisa_001_d10_1101_2022_03_10_483747VUHD071__rep0010,Alveolar macrophages,0.5894616842249413
homosapiens_None_2023_None_sikkemalisa_001_d10_1101_2022_03_10_483747VUHD071__rep0011,Alveolar macrophages,0.6102753080886215
homosapiens_None_2023_None_sikkemalisa_001_d10_1101_2022_03_10_483747VUHD071__rep0012,Alveolar macrophages,0.6253997309575254
homosapiens_None_2023_None_sikkemalisa_001_d10_1101_2022_03_10_483747VUHD071__rep0013,Alveolar macrophages,0.614412138872534
homosapiens_None_2023_None_sikkemalisa_001_d10_1101_2022_03_10_483747VUHD071__rep0014,Alveolar macrophages,0.5842775014134086
homosapiens_None_2023_None_sikkemalisa_001_d10_1101_2022_03_10_483747VUHD103__rep0000,Alveolar macrophages,0.6169405132230233
homosapiens_None_2023_None_sikkemalisa_001_d10_1101_2022_03_10_483747VUHD103__rep0001,Alveolar macrophages,0.6246291473601571
homosapiens_None_2023_None_sikkemalisa_001_d10_1101_2022_03_10_483747VUHD103__rep0002,Alveolar macrophages,0.6129709675832301
homosapiens_None_2023_None_sikkemalisa_001_d10_1101_2022_03_10_483747VUHD103__rep0003,Alveolar macrophages,0.6096821805209781
homosapiens_None_2023_None_sikkemalisa_001_d10_1101_2022_03_10_483747VUHD103__rep0004,Alveolar macrophages,0.5998307883867938
homosapiens_None_2023_None_sikkemalisa_001_d10_1101_2022_03_10_483747VUHD103__rep0005,Alveolar macrophages,0.6256185718474351
homosapiens_None_2023_None_sikkemalisa_001_d10_1101_2022_03_10_483747VUHD103__rep0006,Alveolar macrophages,0.615883142089764
homosapiens_None_2023_None_sikkemalisa_001_d10_1101_2022_03_10_483747VUHD103__rep0007,Alveolar macrophages,0.6249559486077256
homosapiens_None_2023_None_sikkemalisa_001_d10_1101_2022_03_10_483747VUHD103__rep0008,Alveolar macrophages,0.6229368955765417
homosapiens_None_2023_None_sikkemalisa_001_d10_1101_2022_03_10_483747VUHD103__rep0009,Alveolar macrophages,0.5694266823005124
homosapiens_None_2023_None_sikkemalisa_001_d10_1101_2022_03_10_483747VUHD103__rep0010,Alveolar macrophages,0.6170718496817175
homosapiens_None_2023_None_sikkemalisa_001_d10_1101_2022_03_10_483747VUHD103__rep0011,Alveolar macrophages,0.523712720782488
homosapiens_None_2023_None_sikkemalisa_001_d10_1101_2022_03_10_483747VUHD103__rep0013,Alveolar macrophages,0.5520237700179318
homosapiens_None_2023_None_sikkemalisa_001_d10_1101_2022_03_10_483747VUHD103__rep0014,Alveolar macrophages,0.5075469358662472
homosapiens_None_2023_None_sikkemalisa_001_d10_1101_2022_03_10_483747THD0007__rep0000,B cells,0.5453171053677666
homosapiens_None_2023_None_sikkemalisa_001_d10_1101_2022_03_10_483747THD0007__rep0001,B cells,0.5280810384712565
homosapiens_None_2023_None_sikkemalisa_001_d10_1101_2022_03_10_483747THD0007__rep0002,B cells,0.5077634391110222
homosapiens_None_2023_None_sikkemalisa_001_d10_1101_2022_03_10_483747THD0007__rep0003,B cells,0.5112399983738755
homosapiens_None_2023_None_sikkemalisa_001_d10_1101_2022_03_10_483747THD0007__rep0004,B cells,0.5249097534696531
homosapiens_None_2023_None_sikkemalisa_001_d10_1101_2022_03_10_483747THD0007__rep0005,B cells,0.5445373645423794
homosapiens_None_2023_None_sikkemalisa_001_d10_1101_2022_03_10_483747THD0007__rep0006,B cells,0.5318774210048036
homosapiens_None_2023_None_sikkemalisa_001_d10_1101_2022_03_10_483747THD0007__rep0007,B cells,0.5300149838264135
homosapiens_None_2023_None_sikkemalisa_001_d10_1101_2022_03_10_483747THD0007__rep0008,B cells,0.4590785961009034
homosapiens_None_2023_None_sikkemalisa_001_d10_1101_2022_03_10_483747THD0007__rep0009,B cells,0.4571997521019479
homosapiens_None_2023_None_sikkemalisa_001_d10_1101_2022_03_10_483747THD0007__rep0010,B cells,0.5434735694713082
homosapiens_None_2023_None_sikkemalisa_001_d10_1101_2022_03_10_483747THD0007__rep0012,B cells,0.2272779919318593
homosapiens_None_2023_None_sikkemalisa_001_d10_1101_2022_03_10_483747THD0007__rep0013,B cells,0.5113328125112363
homosapiens_None_2023_None_sikkemalisa_001_d10_1101_2022_03_10_483747THD0007__rep0014,B cells,0.5156618961052137
homosapiens_None_2023_None_sikkemalisa_001_d10_1101_2022_03_10_483747VUHD071__rep0000,B cells,0.4557970859633484
homosapiens_None_2023_None_sikkemalisa_001_d10_1101_2022_03_10_483747VUHD071__rep0001,B cells,0.4841027952146657
homosapiens_None_2023_None_sikkemalisa_001_d10_1101_2022_03_10_483747VUHD071__rep0002,B cells,0.4499109159978772
homosapiens_None_2023_None_sikkemalisa_001_d10_1101_2022_03_10_483747VUHD071__rep0003,B cells,0.481365904260316
homosapiens_None_2023_None_sikkemalisa_001_d10_1101_2022_03_10_483747VUHD071__rep0004,B cells,0.4686805614526912
homosapiens_None_2023_None_sikkemalisa_001_d10_1101_2022_03_10_483747VUHD071__rep0005,B cells,0.4402720324931062
homosapiens_None_2023_None_sikkemalisa_001_d10_1101_2022_03_10_483747VUHD071__rep0006,B cells,0.4779681202717459
homosapiens_None_2023_None_sikkemalisa_001_d10_1101_2022_03_10_483747VUHD071__rep0007,B cells,0.4756219788076088
homosapiens_None_2023_None_sikkemalisa_001_d10_1101_2022_03_10_483747VUHD071__rep0008,B cells,0.4806002237052034
homosapiens_None_2023_None_sikkemalisa_001_d10_1101_2022_03_10_483747VUHD071__rep0009,B cells,0.4754025525397244
homosapiens_None_2023_None_sikkemalisa_001_d10_1101_2022_03_10_483747VUHD071__rep0010,B cells,0.469728560342705
homosapiens_None_2023_None_sikkemalisa_001_d10_1101_2022_03_10_483747VUHD071__rep0011,B cells,0.2979598465954082
homosapiens_None_2023_None_sikkemalisa_001_d10_1101_2022_03_10_483747VUHD071__rep0013,B cells,0.5056731276245242
homosapiens_None_2023_None_sikkemalisa_001_d10_1101_2022_03_10_483747VUHD071__rep0014,B cells,0.4862774594777152
homosapiens_None_2023_None_sikkemalisa_001_d10_1101_2022_03_10_483747VUHD69__rep0000,B cells,0.7275788873927101
homosapiens_None_2023_None_sikkemalisa_001_d10_1101_2022_03_10_483747VUHD69__rep0001,B cells,0.7046219241321446
homosapiens_None_2023_None_sikkemalisa_001_d10_1101_2022_03_10_483747VUHD69__rep0002,B cells,0.4993416559740134
homosapiens_None_2023_None_sikkemalisa_001_d10_1101_2022_03_10_483747VUHD69__rep0003,B cells,0.6619937430354674
homosapiens_None_2023_None_sikkemalisa_001_d10_1101_2022_03_10_483747VUHD69__rep0004,B cells,0.648728787976499
homosapiens_None_2023_None_sikkemalisa_001_d10_1101_2022_03_10_483747VUHD69__rep0005,B cells,0.6272287074566048
homosapiens_None_2023_None_sikkemalisa_001_d10_1101_2022_03_10_483747VUHD69__rep0006,B cells,0.6927742150020816
homosapiens_None_2023_None_sikkemalisa_001_d10_1101_2022_03_10_483747VUHD69__rep0007,B cells,0.6401119639252315
homosapiens_None_2023_None_sikkemalisa_001_d10_1101_2022_03_10_483747VUHD69__rep0008,B cells,0.62547578242915
homosapiens_None_2023_None_sikkemalisa_001_d10_1101_2022_03_10_483747VUHD69__rep0009,B cells,0.7286198289537595
homosapiens_None_2023_None_sikkemalisa_001_d10_1101_2022_03_10_483747VUHD69__rep0010,B cells,0.5783791675916157
homosapiens_None_2023_None_sikkemalisa_001_d10_1101_2022_03_10_483747VUHD69__rep0011,B cells,0.6739976110939634
homosapiens_None_2023_None_sikkemalisa_001_d10_1101_2022_03_10_483747VUHD69__rep0012,B cells,0.421953566720654
homosapiens_None_2023_None_sikkemalisa_001_d10_1101_2022_03_10_483747VUHD69__rep0013,B cells,0.6939449562077256
homosapiens_None_2023_None_sikkemalisa_001_d10_1101_2022_03_10_483747VUHD69__rep0014,B cells,0.6798162147029269
homosapiens_None_2023_None_sikkemalisa_001_d10_1101_2022_03_10_483747THD0007__rep0000,CD4 T cells,0.6536551125922023
homosapiens_None_2023_None_sikkemalisa_001_d10_1101_2022_03_10_483747THD0007__rep0001,CD4 T cells,0.6549451000863075
homosapiens_None_2023_None_sikkemalisa_001_d10_1101_2022_03_10_483747THD0007__rep0002,CD4 T cells,0.5890091811989823
homosapiens_None_2023_None_sikkemalisa_001_d10_1101_2022_03_10_483747THD0007__rep0003,CD4 T cells,0.6338053919211196
homosapiens_None_2023_None_sikkemalisa_001_d10_1101_2022_03_10_483747THD0007__rep0005,CD4 T cells,0.6589469755168332
homosapiens_None_2023_None_sikkemalisa_001_d10_1101_2022_03_10_483747THD0007__rep0006,CD4 T cells,0.5748122674456119
homosapiens_None_2023_None_sikkemalisa_001_d10_1101_2022_03_10_483747THD0007__rep0007,CD4 T cells,0.5232621449140411
homosapiens_None_2023_None_sikkemalisa_001_d10_1101_2022_03_10_483747THD0007__rep0008,CD4 T cells,0.6044765281746765
homosapiens_None_2023_None_sikkemalisa_001_d10_1101_2022_03_10_483747THD0007__rep0009,CD4 T cells,0.6731143933986922
homosapiens_None_2023_None_sikkemalisa_001_d10_1101_2022_03_10_483747THD0007__rep0010,CD4 T cells,0.6391495217094232
homosapiens_None_2023_None_sikkemalisa_001_d10_1101_2022_03_10_483747THD0007__rep0012,CD4 T cells,0.6327878753467973
homosapiens_None_2023_None_sikkemalisa_001_d10_1101_2022_03_10_483747THD0007__rep0013,CD4 T cells,0.5549327273723071
homosapiens_None_2023_None_sikkemalisa_001_d10_1101_2022_03_10_483747THD0007__rep0014,CD4 T cells,0.6393880240359833
homosapiens_None_2023_None_sikkemalisa_001_d10_1101_2022_03_10_483747VUHD071__rep0000,CD4 T cells,0.651726125610087
homosapiens_None_2023_None_sikkemalisa_001_d10_1101_2022_03_10_483747VUHD071__rep0002,CD4 T cells,0.5428295732711528
homosapiens_None_2023_None_sikkemalisa_001_d10_1101_2022_03_10_483747VUHD071__rep0003,CD4 T cells,0.6704895074721561
homosapiens_None_2023_None_sikkemalisa_001_d10_1101_2022_03_10_483747VUHD071__rep0004,CD4 T cells,0.5627387456097398
homosapiens_None_2023_None_sikkemalisa_001_d10_1101_2022_03_10_483747VUHD071__rep0005,CD4 T cells,0.5814557204246886
homosapiens_None_2023_None_sikkemalisa_001_d10_1101_2022_03_10_483747VUHD071__rep0006,CD4 T cells,0.6438217663676324
homosapiens_None_2023_None_sikkemalisa_001_d10_1101_2022_03_10_483747VUHD071__rep0007,CD4 T cells,0.6345166710454279
homosapiens_None_2023_None_sikkemalisa_001_d10_1101_2022_03_10_483747VUHD071__rep0008,CD4 T cells,0.39515292476619
homosapiens_None_2023_None_sikkemalisa_001_d10_1101_2022_03_10_483747VUHD071__rep0009,CD4 T cells,0.5779475571307818
homosapiens_None_2023_None_sikkemalisa_001_d10_1101_2022_03_10_483747VUHD071__rep0010,CD4 T cells,0.4745656564517015
homosapiens_None_2023_None_sikkemalisa_001_d10_1101_2022_03_10_483747VUHD071__rep0011,CD4 T cells,0.4219526318765829
homosapiens_None_2023_None_sikkemalisa_001_d10_1101_2022_03_10_483747VUHD071__rep0012,CD4 T cells,0.6459830346861334
homosapiens_None_2023_None_sikkemalisa_001_d10_1101_2022_03_10_483747VUHD071__rep0013,CD4 T cells,0.682872198946466
homosapiens_None_2023_None_sikkemalisa_001_d10_1101_2022_03_10_483747VUHD071__rep0014,CD4 T cells,0.4728282721458826
homosapiens_None_2023_None_sikkemalisa_001_d10_1101_2022_03_10_483747VUHD077__rep0000,CD4 T cells,0.5737813781375983
homosapiens_None_2023_None_sikkemalisa_001_d10_1101_2022_03_10_483747VUHD077__rep0001,CD4 T cells,0.6074664752414066
homosapiens_None_2023_None_sikkemalisa_001_d10_1101_2022_03_10_483747VUHD077__rep0002,CD4 T cells,0.5442487715878427
homosapiens_None_2023_None_sikkemalisa_001_d10_1101_2022_03_10_483747VUHD077__rep0003,CD4 T cells,0.2645739477049418
homosapiens_None_2023_None_sikkemalisa_001_d10_1101_2022_03_10_483747VUHD077__rep0004,CD4 T cells,0.3958884697476281
homosapiens_None_2023_None_sikkemalisa_001_d10_1101_2022_03_10_483747VUHD077__rep0005,CD4 T cells,0.5261270467539195
homosapiens_None_2023_None_sikkemalisa_001_d10_1101_2022_03_10_483747VUHD077__rep0006,CD4 T cells,0.4294819417247429
homosapiens_None_2023_None_sikkemalisa_001_d10_1101_2022_03_10_483747VUHD077__rep0007,CD4 T cells,0.6449476602108598
homosapiens_None_2023_None_sikkemalisa_001_d10_1101_2022_03_10_483747VUHD077__rep0008,CD4 T cells,0.5897024884116723
homosapiens_None_2023_None_sikkemalisa_001_d10_1101_2022_03_10_483747VUHD077__rep0009,CD4 T cells,0.6116582220857963
homosapiens_None_2023_None_sikkemalisa_001_d10_1101_2022_03_10_483747VUHD077__rep0010,CD4 T cells,0.6056396352847528
homosapiens_None_2023_None_sikkemalisa_001_d10_1101_2022_03_10_483747VUHD077__rep0011,CD4 T cells,0.4540415121670509
homosapiens_None_2023_None_sikkemalisa_001_d10_1101_2022_03_10_483747VUHD077__rep0012,CD4 T cells,0.5938862570081733
homosapiens_None_2023_None_sikkemalisa_001_d10_1101_2022_03_10_483747VUHD077__rep0013,CD4 T cells,0.210539625707972
homosapiens_None_2023_None_sikkemalisa_001_d10_1101_2022_03_10_483747VUHD077__rep0014,CD4 T cells,0.5963145478563299
homosapiens_None_2023_None_sikkemalisa_001_d10_1101_2022_03_10_483747VUHD103__rep0000,CD4 T cells,0.5324738922830493
homosapiens_None_2023_None_sikkemalisa_001_d10_1101_2022_03_10_483747VUHD103__rep0001,CD4 T cells,0.6240516650608016
homosapiens_None_2023_None_sikkemalisa_001_d10_1101_2022_03_10_483747VUHD103__rep0002,CD4 T cells,0.5827928582989572
homosapiens_None_2023_None_sikkemalisa_001_d10_1101_2022_03_10_483747VUHD103__rep0003,CD4 T cells,0.6042178504217648
homosapiens_None_2023_None_sikkemalisa_001_d10_1101_2022_03_10_483747VUHD103__rep0004,CD4 T cells,0.5629972759707753
homosapiens_None_2023_None_sikkemalisa_001_d10_1101_2022_03_10_483747VUHD103__rep0005,CD4 T cells,0.5891792131710062
homosapiens_None_2023_None_sikkemalisa_001_d10_1101_2022_03_10_483747VUHD103__rep0007,CD4 T cells,0.5067040022325103
homosapiens_None_2023_None_sikkemalisa_001_d10_1101_2022_03_10_483747VUHD103__rep0008,CD4 T cells,0.6218849858435798
homosapiens_None_2023_None_sikkemalisa_001_d10_1101_2022_03_10_483747VUHD103__rep0009,CD4 T cells,0.3628775067815731
homosapiens_None_2023_None_sikkemalisa_001_d10_1101_2022_03_10_483747VUHD103__rep0010,CD4 T cells,0.3772957361295214
homosapiens_None_2023_None_sikkemalisa_001_d10_1101_2022_03_10_483747VUHD103__rep0011,CD4 T cells,0.6249528578845064
homosapiens_None_2023_None_sikkemalisa_001_d10_1101_2022_03_10_483747VUHD103__rep0013,CD4 T cells,0.4309007394391553
homosapiens_None_2023_None_sikkemalisa_001_d10_1101_2022_03_10_483747VUHD69__rep0000,CD4 T cells,0.7773236135975227
homosapiens_None_2023_None_sikkemalisa_001_d10_1101_2022_03_10_483747VUHD69__rep0001,CD4 T cells,0.6126076118126836
homosapiens_None_2023_None_sikkemalisa_001_d10_1101_2022_03_10_483747VUHD69__rep0002,CD4 T cells,0.7191250516937455
homosapiens_None_2023_None_sikkemalisa_001_d10_1101_2022_03_10_483747VUHD69__rep0003,CD4 T cells,0.5524713871020951
homosapiens_None_2023_None_sikkemalisa_001_d10_1101_2022_03_10_483747VUHD69__rep0004,CD4 T cells,0.4840667202523857
homosapiens_None_2023_None_sikkemalisa_001_d10_1101_2022_03_10_483747VUHD69__rep0005,CD4 T cells,0.765671060564515
homosapiens_None_2023_None_sikkemalisa_001_d10_1101_2022_03_10_483747VUHD69__rep0006,CD4 T cells,0.6492647915614314
homosapiens_None_2023_None_sikkemalisa_001_d10_1101_2022_03_10_483747VUHD69__rep0007,CD4 T cells,0.6925633132536217
homosapiens_None_2023_None_sikkemalisa_001_d10_1101_2022_03_10_483747VUHD69__rep0008,CD4 T cells,0.6246797147581372
homosapiens_None_2023_None_sikkemalisa_001_d10_1101_2022_03_10_483747VUHD69__rep0009,CD4 T cells,0.6926426154164823
homosapiens_None_2023_None_sikkemalisa_001_d10_1101_2022_03_10_483747VUHD69__rep0010,CD4 T cells,0.7306970445039519
homosapiens_None_2023_None_sikkemalisa_001_d10_1101_2022_03_10_483747VUHD69__rep0012,CD4 T cells,0.6940005912848062
homosapiens_None_2023_None_sikkemalisa_001_d10_1101_2022_03_10_483747VUHD69__rep0013,CD4 T cells,0.7010892369848735
homosapiens_None_2023_None_sikkemalisa_001_d10_1101_2022_03_10_483747VUHD69__rep0014,CD4 T cells,0.6584403539253969
homosapiens_None_2023_None_sikkemalisa_001_d10_1101_2022_03_10_483747VUHD85__rep0000,CD4 T cells,0.5336404787573441
homosapiens_None_2023_None_sikkemalisa_001_d10_1101_2022_03_10_483747VUHD85__rep0001,CD4 T cells,0.6728999458018065
homosapiens_None_2023_None_sikkemalisa_001_d10_1101_2022_03_10_483747VUHD85__rep0002,CD4 T cells,0.7008819279062257
homosapiens_None_2023_None_sikkemalisa_001_d10_1101_2022_03_10_483747VUHD85__rep0003,CD4 T cells,0.7036263527901514
homosapiens_None_2023_None_sikkemalisa_001_d10_1101_2022_03_10_483747VUHD85__rep0004,CD4 T cells,0.7081770039507361
homosapiens_None_2023_None_sikkemalisa_001_d10_1101_2022_03_10_483747VUHD85__rep0005,CD4 T cells,0.3895995994542389
homosapiens_None_2023_None_sikkemalisa_001_d10_1101_2022_03_10_483747VUHD85__rep0006,CD4 T cells,0.6799169438219157
homosapiens_None_2023_None_sikkemalisa_001_d10_1101_2022_03_10_483747VUHD85__rep0007,CD4 T cells,0.6930934045971487
homosapiens_None_2023_None_sikkemalisa_001_d10_1101_2022_03_10_483747VUHD85__rep0008,CD4 T cells,0.6924521090912
homosapiens_None_2023_None_sikkemalisa_001_d10_1101_2022_03_10_483747VUHD85__rep0009,CD4 T cells,0.6222800887121025
homosapiens_None_2023_None_sikkemalisa_001_d10_1101_2022_03_10_483747VUHD85__rep0010,CD4 T cells,0.6501779918430897
homosapiens_None_2023_None_sikkemalisa_001_d10_1101_2022_03_10_483747VUHD85__rep0011,CD4 T cells,0.6363422990189553
homosapiens_None_2023_None_sikkemalisa_001_d10_1101_2022_03_10_483747VUHD85__rep0012,CD4 T cells,0.5744043169546025
homosapiens_None_2023_None_sikkemalisa_001_d10_1101_2022_03_10_483747VUHD85__rep0013,CD4 T cells,0.5480601662023753
homosapiens_None_2023_None_sikkemalisa_001_d10_1101_2022_03_10_483747VUHD85__rep0014,CD4 T cells,0.6903267001625257
homosapiens_None_2023_None_sikkemalisa_001_d10_1101_2022_03_10_483747THD0007__rep0000,Classical monocytes,0.6614374054998858
homosapiens_None_2023_None_sikkemalisa_001_d10_1101_2022_03_10_483747THD0007__rep0001,Classical monocytes,0.6807734002507293
homosapiens_None_2023_None_sikkemalisa_001_d10_1101_2022_03_10_483747THD0007__rep0002,Classical monocytes,0.6882042943668678
homosapiens_None_2023_None_sikkemalisa_001_d10_1101_2022_03_10_483747THD0007__rep0004,Classical monocytes,0.691620950675933
homosapiens_None_2023_None_sikkemalisa_001_d10_1101_2022_03_10_483747THD0007__rep0005,Classical monocytes,0.7070169998553034
homosapiens_None_2023_None_sikkemalisa_001_d10_1101_2022_03_10_483747THD0007__rep0006,Classical monocytes,0.6899113168032746
homosapiens_None_2023_None_sikkemalisa_001_d10_1101_2022_03_10_483747THD0007__rep0007,Classical monocytes,0.6663223041628694
homosapiens_None_2023_None_sikkemalisa_001_d10_1101_2022_03_10_483747THD0007__rep0008,Classical monocytes,0.673778245877559
homosapiens_None_2023_None_sikkemalisa_001_d10_1101_2022_03_10_483747THD0007__rep0009,Classical monocytes,0.6514416209001983
homosapiens_None_2023_None_sikkemalisa_001_d10_1101_2022_03_10_483747THD0007__rep0010,Classical monocytes,0.7144338581211174
homosapiens_None_2023_None_sikkemalisa_001_d10_1101_2022_03_10_483747THD0007__rep0011,Classical monocytes,0.7153673013612492
homosapiens_None_2023_None_sikkemalisa_001_d10_1101_2022_03_10_483747THD0007__rep0013,Classical monocytes,0.712917549539784
homosapiens_None_2023_None_sikkemalisa_001_d10_1101_2022_03_10_483747THD0007__rep0014,Classical monocytes,0.717285243621981
homosapiens_None_2023_None_sikkemalisa_001_d10_1101_2022_03_10_483747THD0014__rep0000,Classical monocytes,0.6157220120090283
homosapiens_None_2023_None_sikkemalisa_001_d10_1101_2022_03_10_483747THD0014__rep0001,Classical monocytes,0.4465277899509985
homosapiens_None_2023_None_sikkemalisa_001_d10_1101_2022_03_10_483747THD0014__rep0002,Classical monocytes,0.5998477415129724
homosapiens_None_2023_None_sikkemalisa_001_d10_1101_2022_03_10_483747THD0014__rep0003,Classical monocytes,0.6846780280047657
homosapiens_None_2023_None_sikkemalisa_001_d10_1101_2022_03_10_483747THD0014__rep0004,Classical monocytes,0.6866669110268011
homosapiens_None_2023_None_sikkemalisa_001_d10_1101_2022_03_10_483747THD0014__rep0005,Classical monocytes,0.6955865243190613
homosapiens_None_2023_None_sikkemalisa_001_d10_1101_2022_03_10_483747THD0014__rep0006,Classical monocytes,0.6909654623295881
homosapiens_None_2023_None_sikkemalisa_001_d10_1101_2022_03_10_483747THD0014__rep0009,Classical monocytes,0.6779757288422764
homosapiens_None_2023_None_sikkemalisa_001_d10_1101_2022_03_10_483747THD0014__rep0010,Classical monocytes,0.7234505673018724
homosapiens_None_2023_None_sikkemalisa_001_d10_1101_2022_03_10_483747THD0014__rep0011,Classical monocytes,0.7172309379245257
homosapiens_None_2023_None_sikkemalisa_001_d10_1101_2022_03_10_483747THD0014__rep0013,Classical monocytes,0.6185729969609596
homosapiens_None_2023_None_sikkemalisa_001_d10_1101_2022_03_10_483747THD0014__rep0014,Classical monocytes,0.7053425370795031
homosapiens_None_2023_None_sikkemalisa_001_d10_1101_2022_03_10_483747VUHD071__rep0000,Classical monocytes,0.4851655586313739
homosapiens_None_2023_None_sikkemalisa_001_d10_1101_2022_03_10_483747VUHD071__rep0001,Classical monocytes,0.5028597394638868
homosapiens_None_2023_None_sikkemalisa_001_d10_1101_2022_03_10_483747VUHD071__rep0002,Classical monocytes,0.612757132275316
homosapiens_None_2023_None_sikkemalisa_001_d10_1101_2022_03_10_483747VUHD071__rep0003,Classical monocytes,0.6383121697283737
homosapiens_None_2023_None_sikkemalisa_001_d10_1101_2022_03_10_483747VUHD071__rep0006,Classical monocytes,0.6559710464635721
homosapiens_None_2023_None_sikkemalisa_001_d10_1101_2022_03_10_483747VUHD071__rep0007,Classical monocytes,0.5600123128529448
homosapiens_None_2023_None_sikkemalisa_001_d10_1101_2022_03_10_483747VUHD071__rep0009,Classical monocytes,0.4233768094834792
homosapiens_None_2023_None_sikkemalisa_001_d10_1101_2022_03_10_483747VUHD071__rep0010,Classical monocytes,0.5965913376600489
homosapiens_None_2023_None_sikkemalisa_001_d10_1101_2022_03_10_483747VUHD071__rep0011,Classical monocytes,0.3696681564197169
homosapiens_None_2023_None_sikkemalisa_001_d10_1101_2022_03_10_483747VUHD071__rep0012,Classical monocytes,0.627952062273269
homosapiens_None_2023_None_sikkemalisa_001_d10_1101_2022_03_10_483747VUHD071__rep0013,Classical monocytes,0.4927862640781327
homosapiens_None_2023_None_sikkemalisa_001_d10_1101_2022_03_10_483747VUHD071__rep0014,Classical monocytes,0.6226882999570749
homosapiens_None_2023_None_sikkemalisa_001_d10_1101_2022_03_10_483747VUHD077__rep0000,Classical monocytes,0.6605598883093066
homosapiens_None_2023_None_sikkemalisa_001_d10_1101_2022_03_10_483747VUHD077__rep0001,Classical monocytes,0.6405942259061334
homosapiens_None_2023_None_sikkemalisa_001_d10_1101_2022_03_10_483747VUHD077__rep0002,Classical monocytes,0.5803452162451229
homosapiens_None_2023_None_sikkemalisa_001_d10_1101_2022_03_10_483747VUHD077__rep0003,Classical monocytes,0.6577198010567757
homosapiens_None_2023_None_sikkemalisa_001_d10_1101_2022_03_10_483747VUHD077__rep0004,Classical monocytes,0.5282958186382527
homosapiens_None_2023_None_sikkemalisa_001_d10_1101_2022_03_10_483747VUHD077__rep0005,Classical monocytes,0.620436423111166
homosapiens_None_2023_None_sikkemalisa_001_d10_1101_2022_03_10_483747VUHD077__rep0006,Classical monocytes,0.3009123313246383
homosapiens_None_2023_None_sikkemalisa_001_d10_1101_2022_03_10_483747VUHD077__rep0007,Classical monocytes,0.4583666053829318
homosapiens_None_2023_None_sikkemalisa_001_d10_1101_2022_03_10_483747VUHD077__rep0008,Classical monocytes,0.2806826331613557
homosapiens_None_2023_None_sikkemalisa_001_d10_1101_2022_03_10_483747VUHD077__rep0009,Classical monocytes,0.6283408910895575
homosapiens_None_2023_None_sikkemalisa_001_d10_1101_2022_03_10_483747VUHD077__rep0010,Classical monocytes,0.6302344886876673
homosapiens_None_2023_None_sikkemalisa_001_d10_1101_2022_03_10_483747VUHD077__rep0011,Classical monocytes,0.5993958473504727
homosapiens_None_2023_None_sikkemalisa_001_d10_1101_2022_03_10_483747VUHD077__rep0012,Classical monocytes,0.6567461639736254
homosapiens_None_2023_None_sikkemalisa_001_d10_1101_2022_03_10_483747VUHD077__rep0013,Classical monocytes,0.5762046273806113
homosapiens_None_2023_None_sikkemalisa_001_d10_1101_2022_03_10_483747VUHD077__rep0014,Classical monocytes,0.312520315563018
homosapiens_None_2023_None_sikkemalisa_001_d10_1101_2022_03_10_483747VUHD103__rep0000,Classical monocytes,0.6325676280965343
homosapiens_None_2023_None_sikkemalisa_001_d10_1101_2022_03_10_483747VUHD103__rep0001,Classical monocytes,0.3639257150467567
homosapiens_None_2023_None_sikkemalisa_001_d10_1101_2022_03_10_483747VUHD103__rep0002,Classical monocytes,0.5547549161844374
homosapiens_None_2023_None_sikkemalisa_001_d10_1101_2022_03_10_483747VUHD103__rep0004,Classical monocytes,0.5732749703691601
homosapiens_None_2023_None_sikkemalisa_001_d10_1101_2022_03_10_483747VUHD103__rep0005,Classical monocytes,0.5429745760403285
homosapiens_None_2023_None_sikkemalisa_001_d10_1101_2022_03_10_483747VUHD103__rep0006,Classical monocytes,0.4696587535118232
homosapiens_None_2023_None_sikkemalisa_001_d10_1101_2022_03_10_483747VUHD103__rep0008,Classical monocytes,0.6380975407467209
homosapiens_None_2023_None_sikkemalisa_001_d10_1101_2022_03_10_483747VUHD103__rep0009,Classical monocytes,0.5929051962697333
homosapiens_None_2023_None_sikkemalisa_001_d10_1101_2022_03_10_483747VUHD103__rep0010,Classical monocytes,0.5655899975469095
homosapiens_None_2023_None_sikkemalisa_001_d10_1101_2022_03_10_483747VUHD103__rep0011,Classical monocytes,0.5864777482228403
homosapiens_None_2023_None_sikkemalisa_001_d10_1101_2022_03_10_483747VUHD103__rep0012,Classical monocytes,0.5665416524234672
homosapiens_None_2023_None_sikkemalisa_001_d10_1101_2022_03_10_483747VUHD103__rep0013,Classical monocytes,0.583906761150009
homosapiens_None_2023_None_sikkemalisa_001_d10_1101_2022_03_10_483747VUHD103__rep0014,Classical monocytes,0.4981395767476504
homosapiens_None_2023_None_sikkemalisa_001_d10_1101_2022_03_10_483747VUHD69__rep0000,Classical monocytes,0.6336385751447295
homosapiens_None_2023_None_sikkemalisa_001_d10_1101_2022_03_10_483747VUHD69__rep0001,Classical monocytes,0.673611337057994
homosapiens_None_2023_None_sikkemalisa_001_d10_1101_2022_03_10_483747VUHD69__rep0002,Classical monocytes,0.6838765233391243
homosapiens_None_2023_None_sikkemalisa_001_d10_1101_2022_03_10_483747VUHD69__rep0004,Classical monocytes,0.5618378324315311
homosapiens_None_2023_None_sikkemalisa_001_d10_1101_2022_03_10_483747VUHD69__rep0005,Classical monocytes,0.6424675611215266
homosapiens_None_2023_None_sikkemalisa_001_d10_1101_2022_03_10_483747VUHD69__rep0006,Classical monocytes,0.6927357934859674
homosapiens_None_2023_None_sikkemalisa_001_d10_1101_2022_03_10_483747VUHD69__rep0007,Classical monocytes,0.4258587436189491
homosapiens_None_2023_None_sikkemalisa_001_d10_1101_2022_03_10_483747VUHD69__rep0008,Classical monocytes,0.5020102703168406
homosapiens_None_2023_None_sikkemalisa_001_d10_1101_2022_03_10_483747VUHD69__rep0009,Classical monocytes,0.712834961978607
homosapiens_None_2023_None_sikkemalisa_001_d10_1101_2022_03_10_483747VUHD69__rep0011,Classical monocytes,0.4919944864400118
homosapiens_None_2023_None_sikkemalisa_001_d10_1101_2022_03_10_483747VUHD69__rep0012,Classical monocytes,0.6462000688998267
homosapiens_None_2023_None_sikkemalisa_001_d10_1101_2022_03_10_483747VUHD69__rep0013,Classical monocytes,0.7299259384837851
homosapiens_None_2023_None_sikkemalisa_001_d10_1101_2022_03_10_483747VUHD69__rep0014,Classical monocytes,0.6672465241628898
homosapiens_None_2023_None_sikkemalisa_001_d10_1101_2022_03_10_483747VUHD85__rep0000,Classical monocytes,0.5505347273031357
homosapiens_None_2023_None_sikkemalisa_001_d10_1101_2022_03_10_483747VUHD85__rep0001,Classical monocytes,0.5998154584934823
homosapiens_None_2023_None_sikkemalisa_001_d10_1101_2022_03_10_483747VUHD85__rep0002,Classical monocytes,0.4643514741846174
homosapiens_None_2023_None_sikkemalisa_001_d10_1101_2022_03_10_483747VUHD85__rep0004,Classical monocytes,0.6361980286260702
homosapiens_None_2023_None_sikkemalisa_001_d10_1101_2022_03_10_483747VUHD85__rep0005,Classical monocytes,0.590444069016348
homosapiens_None_2023_None_sikkemalisa_001_d10_1101_2022_03_10_483747VUHD85__rep0006,Classical monocytes,0.6438408852630637
homosapiens_None_2023_None_sikkemalisa_001_d10_1101_2022_03_10_483747VUHD85__rep0007,Classical monocytes,0.5684579657570964
homosapiens_None_2023_None_sikkemalisa_001_d10_1101_2022_03_10_483747VUHD85__rep0008,Classical monocytes,0.6738828308023815
homosapiens_None_2023_None_sikkemalisa_001_d10_1101_2022_03_10_483747VUHD85__rep0009,Classical monocytes,0.6639005105239338
homosapiens_None_2023_None_sikkemalisa_001_d10_1101_2022_03_10_483747VUHD85__rep0010,Classical monocytes,0.424822116859499
homosapiens_None_2023_None_sikkemalisa_001_d10_1101_2022_03_10_483747VUHD85__rep0011,Classical monocytes,0.656452045864912
homosapiens_None_2023_None_sikkemalisa_001_d10_1101_2022_03_10_483747VUHD85__rep0012,Classical monocytes,0.661424255888964
homosapiens_None_2023_None_sikkemalisa_001_d10_1101_2022_03_10_483747VUHD85__rep0013,Classical monocytes,0.6640899431146203
homosapiens_None_2023_None_sikkemalisa_001_d10_1101_2022_03_10_483747VUHD85__rep0014,Classical monocytes,0.6822892412524649
homosapiens_None_2023_None_sikkemalisa_001_d10_1101_2022_03_10_483747THD0007__rep0000,Club,0.6599176982587013
homosapiens_None_2023_None_sikkemalisa_001_d10_1101_2022_03_10_483747THD0007__rep0001,Club,0.5312118874732478
homosapiens_None_2023_None_sikkemalisa_001_d10_1101_2022_03_10_483747THD0007__rep0002,Club,0.5897608307880824
homosapiens_None_2023_None_sikkemalisa_001_d10_1101_2022_03_10_483747THD0007__rep0003,Club,0.6629623890405512
homosapiens_None_2023_None_sikkemalisa_001_d10_1101_2022_03_10_483747THD0007__rep0004,Club,0.2966006079591493
homosapiens_None_2023_None_sikkemalisa_001_d10_1101_2022_03_10_483747THD0007__rep0005,Club,0.4520910282103629
homosapiens_None_2023_None_sikkemalisa_001_d10_1101_2022_03_10_483747THD0007__rep0006,Club,0.6143143995765675
homosapiens_None_2023_None_sikkemalisa_001_d10_1101_2022_03_10_483747THD0007__rep0007,Club,0.638556360419617
homosapiens_None_2023_None_sikkemalisa_001_d10_1101_2022_03_10_483747THD0007__rep0009,Club,0.6521553656241533
homosapiens_None_2023_None_sikkemalisa_001_d10_1101_2022_03_10_483747THD0007__rep0010,Club,0.5886326465582102
homosapiens_None_2023_None_sikkemalisa_001_d10_1101_2022_03_10_483747THD0007__rep0011,Club,0.5076326952341594
homosapiens_None_2023_None_sikkemalisa_001_d10_1101_2022_03_10_483747THD0007__rep0012,Club,0.6203722561407718
homosapiens_None_2023_None_sikkemalisa_001_d10_1101_2022_03_10_483747THD0007__rep0014,Club,0.6474908898971103
homosapiens_None_2023_None_sikkemalisa_001_d10_1101_2022_03_10_483747THD0014__rep0000,Club,0.5125751616042319
homosapiens_None_2023_None_sikkemalisa_001_d10_1101_2022_03_10_483747THD0014__rep0001,Club,0.6068366145706319
homosapiens_None_2023_None_sikkemalisa_001_d10_1101_2022_03_10_483747THD0014__rep0002,Club,0.6933204237871134
homosapiens_None_2023_None_sikkemalisa_001_d10_1101_2022_03_10_483747THD0014__rep0003,Club,0.6345875575607676
homosapiens_None_2023_None_sikkemalisa_001_d10_1101_2022_03_10_483747THD0014__rep0005,Club,0.5911562269596682
homosapiens_None_2023_None_sikkemalisa_001_d10_1101_2022_03_10_483747THD0014__rep0006,Club,0.5720942693415694
homosapiens_None_2023_None_sikkemalisa_001_d10_1101_2022_03_10_483747THD0014__rep0007,Club,0.6221816574209416
homosapiens_None_2023_None_sikkemalisa_001_d10_1101_2022_03_10_483747THD0014__rep0008,Club,0.5204089212460071
homosapiens_None_2023_None_sikkemalisa_001_d10_1101_2022_03_10_483747THD0014__rep0009,Club,0.5704807858539589
homosapiens_None_2023_None_sikkemalisa_001_d10_1101_2022_03_10_483747THD0014__rep0010,Club,0.6672648624782126
homosapiens_None_2023_None_sikkemalisa_001_d10_1101_2022_03_10_483747THD0014__rep0011,Club,0.4858160660172392
homosapiens_None_2023_None_sikkemalisa_001_d10_1101_2022_03_10_483747THD0014__rep0012,Club,0.6679570903521099
homosapiens_None_2023_None_sikkemalisa_001_d10_1101_2022_03_10_483747THD0014__rep0013,Club,0.6031909641313692
homosapiens_None_2023_None_sikkemalisa_001_d10_1101_2022_03_10_483747THD0014__rep0014,Club,0.6362981456060228
homosapiens_None_2023_None_sikkemalisa_001_d10_1101_2022_03_10_483747VUHD071__rep0000,Club,0.4331605331731905
homosapiens_None_2023_None_sikkemalisa_001_d10_1101_2022_03_10_483747VUHD071__rep0002,Club,0.6029145075776889
homosapiens_None_2023_None_sikkemalisa_001_d10_1101_2022_03_10_483747VUHD071__rep0003,Club,0.5227868539128757
homosapiens_None_2023_None_sikkemalisa_001_d10_1101_2022_03_10_483747VUHD071__rep0004,Club,0.6089433635171588
homosapiens_None_2023_None_sikkemalisa_001_d10_1101_2022_03_10_483747VUHD071__rep0005,Club,0.5810948572455638
homosapiens_None_2023_None_sikkemalisa_001_d10_1101_2022_03_10_483747VUHD071__rep0006,Club,0.5294826306753025
homosapiens_None_2023_None_sikkemalisa_001_d10_1101_2022_03_10_483747VUHD071__rep0007,Club,0.4932341801248787
homosapiens_None_2023_None_sikkemalisa_001_d10_1101_2022_03_10_483747VUHD071__rep0008,Club,0.5913740245142514
homosapiens_None_2023_None_sikkemalisa_001_d10_1101_2022_03_10_483747VUHD071__rep0009,Club,0.5703173439735615
homosapiens_None_2023_None_sikkemalisa_001_d10_1101_2022_03_10_483747VUHD071__rep0010,Club,0.5340451788373635
homosapiens_None_2023_None_sikkemalisa_001_d10_1101_2022_03_10_483747VUHD071__rep0011,Club,0.5892446823548756
homosapiens_None_2023_None_sikkemalisa_001_d10_1101_2022_03_10_483747VUHD071__rep0012,Club,0.5676895941981175
homosapiens_None_2023_None_sikkemalisa_001_d10_1101_2022_03_10_483747VUHD071__rep0013,Club,0.5655758272062245
homosapiens_None_2023_None_sikkemalisa_001_d10_1101_2022_03_10_483747VUHD071__rep0014,Club,0.572271811819101
homosapiens_None_2023_None_sikkemalisa_001_d10_1101_2022_03_10_483747VUHD103__rep0000,Club,0.4370980527808592
homosapiens_None_2023_None_sikkemalisa_001_d10_1101_2022_03_10_483747VUHD103__rep0001,Club,0.5385690172505764
homosapiens_None_2023_None_sikkemalisa_001_d10_1101_2022_03_10_483747VUHD103__rep0002,Club,0.6276135249391414
homosapiens_None_2023_None_sikkemalisa_001_d10_1101_2022_03_10_483747VUHD103__rep0003,Club,0.3512615636839437
homosapiens_None_2023_None_sikkemalisa_001_d10_1101_2022_03_10_483747VUHD103__rep0004,Club,0.555770459206866
homosapiens_None_2023_None_sikkemalisa_001_d10_1101_2022_03_10_483747VUHD103__rep0005,Club,0.6217455512318085
homosapiens_None_2023_None_sikkemalisa_001_d10_1101_2022_03_10_483747VUHD103__rep0006,Club,0.442619881153958
homosapiens_None_2023_None_sikkemalisa_001_d10_1101_2022_03_10_483747VUHD103__rep0007,Club,0.6032482286707729
homosapiens_None_2023_None_sikkemalisa_001_d10_1101_2022_03_10_483747VUHD103__rep0008,Club,0.617827549434371
homosapiens_None_2023_None_sikkemalisa_001_d10_1101_2022_03_10_483747VUHD103__rep0009,Club,0.6161177664541043
homosapiens_None_2023_None_sikkemalisa_001_d10_1101_2022_03_10_483747VUHD103__rep0011,Club,0.5255940899002728
homosapiens_None_2023_None_sikkemalisa_001_d10_1101_2022_03_10_483747VUHD103__rep0013,Club,0.5389335573801994
homosapiens_None_2023_None_sikkemalisa_001_d10_1101_2022_03_10_483747VUHD103__rep0014,Club,0.5136049032070408
homosapiens_None_2023_None_sikkemalisa_001_d10_1101_2022_03_10_483747VUHD85__rep0001,Club,0.618777430786847
homosapiens_None_2023_None_sikkemalisa_001_d10_1101_2022_03_10_483747VUHD85__rep0002,Club,0.5732939733054163
homosapiens_None_2023_None_sikkemalisa_001_d10_1101_2022_03_10_483747VUHD85__rep0004,Club,0.5030762544540682
homosapiens_None_2023_None_sikkemalisa_001_d10_1101_2022_03_10_483747VUHD85__rep0006,Club,0.6264398848872034
homosapiens_None_2023_None_sikkemalisa_001_d10_1101_2022_03_10_483747VUHD85__rep0007,Club,0.5375874846595344
homosapiens_None_2023_None_sikkemalisa_001_d10_1101_2022_03_10_483747VUHD85__rep0008,Club,0.6440950188372242
homosapiens_None_2023_None_sikkemalisa_001_d10_1101_2022_03_10_483747VUHD85__rep0009,Club,0.6211645842325948
homosapiens_None_2023_None_sikkemalisa_001_d10_1101_2022_03_10_483747VUHD85__rep0010,Club,0.5649694902129927
homosapiens_None_2023_None_sikkemalisa_001_d10_1101_2022_03_10_483747VUHD85__rep0011,Club,0.6293193957508745
homosapiens_None_2023_None_sikkemalisa_001_d10_1101_2022_03_10_483747VUHD85__rep0012,Club,0.575645294735906
homosapiens_None_2023_None_sikkemalisa_001_d10_1101_2022_03_10_483747VUHD85__rep0013,Club,0.5615752017804685
homosapiens_None_2023_None_sikkemalisa_001_d10_1101_2022_03_10_483747VUHD85__rep0014,Club,0.6610033225030022
homosapiens_None_2023_None_sikkemalisa_001_d10_1101_2022_03_10_483747THD0007__rep0000,DC monocyte,0.6784761988637685
homosapiens_None_2023_None_sikkemalisa_001_d10_1101_2022_03_10_483747THD0007__rep0001,DC monocyte,0.6768005721641878
homosapiens_None_2023_None_sikkemalisa_001_d10_1101_2022_03_10_483747THD0007__rep0002,DC monocyte,0.5665688211982054
homosapiens_None_2023_None_sikkemalisa_001_d10_1101_2022_03_10_483747THD0007__rep0004,DC monocyte,0.5253369560265818
homosapiens_None_2023_None_sikkemalisa_001_d10_1101_2022_03_10_483747THD0007__rep0005,DC monocyte,0.5798406302157902
homosapiens_None_2023_None_sikkemalisa_001_d10_1101_2022_03_10_483747THD0007__rep0006,DC monocyte,0.6775140592573902
homosapiens_None_2023_None_sikkemalisa_001_d10_1101_2022_03_10_483747THD0007__rep0008,DC monocyte,0.673193856346977
homosapiens_None_2023_None_sikkemalisa_001_d10_1101_2022_03_10_483747THD0007__rep0010,DC monocyte,0.6508162148524927
homosapiens_None_2023_None_sikkemalisa_001_d10_1101_2022_03_10_483747THD0007__rep0011,DC monocyte,0.6659387324242784
homosapiens_None_2023_None_sikkemalisa_001_d10_1101_2022_03_10_483747THD0007__rep0012,DC monocyte,0.5351420826220693
homosapiens_None_2023_None_sikkemalisa_001_d10_1101_2022_03_10_483747THD0007__rep0013,DC monocyte,0.6425340603478152
homosapiens_None_2023_None_sikkemalisa_001_d10_1101_2022_03_10_483747THD0007__rep0014,DC monocyte,0.6705345978569683
homosapiens_None_2023_None_sikkemalisa_001_d10_1101_2022_03_10_483747THD0014__rep0001,DC monocyte,0.6475437750074047
homosapiens_None_2023_None_sikkemalisa_001_d10_1101_2022_03_10_483747THD0014__rep0003,DC monocyte,0.654103758227146
homosapiens_None_2023_None_sikkemalisa_001_d10_1101_2022_03_10_483747THD0014__rep0004,DC monocyte,0.6089563549546998
homosapiens_None_2023_None_sikkemalisa_001_d10_1101_2022_03_10_483747THD0014__rep0006,DC monocyte,0.6603066665825015
homosapiens_None_2023_None_sikkemalisa_001_d10_1101_2022_03_10_483747THD0014__rep0007,DC monocyte,0.615936894457997
homosapiens_None_2023_None_sikkemalisa_001_d10_1101_2022_03_10_483747THD0014__rep0008,DC monocyte,0.6313727401644553
homosapiens_None_2023_None_sikkemalisa_001_d10_1101_2022_03_10_483747THD0014__rep0009,DC monocyte,0.6435434995945891
homosapiens_None_2023_None_sikkemalisa_001_d10_1101_2022_03_10_483747THD0014__rep0010,DC monocyte,0.6737570818948563
homosapiens_None_2023_None_sikkemalisa_001_d10_1101_2022_03_10_483747THD0014__rep0011,DC monocyte,0.6538627643031368
homosapiens_None_2023_None_sikkemalisa_001_d10_1101_2022_03_10_483747THD0014__rep0012,DC monocyte,0.464893200274824
homosapiens_None_2023_None_sikkemalisa_001_d10_1101_2022_03_10_483747THD0014__rep0013,DC monocyte,0.6381977033595851
homosapiens_None_2023_None_sikkemalisa_001_d10_1101_2022_03_10_483747THD0014__rep0014,DC monocyte,0.4817050394138047
homosapiens_None_2023_None_sikkemalisa_001_d10_1101_2022_03_10_483747VUHD071__rep0000,DC monocyte,0.5988539361827142
homosapiens_None_2023_None_sikkemalisa_001_d10_1101_2022_03_10_483747VUHD071__rep0001,DC monocyte,0.5335187826928853
homosapiens_None_2023_None_sikkemalisa_001_d10_1101_2022_03_10_483747VUHD071__rep0002,DC monocyte,0.5693518501212292
homosapiens_None_2023_None_sikkemalisa_001_d10_1101_2022_03_10_483747VUHD071__rep0003,DC monocyte,0.5842622598078352
homosapiens_None_2023_None_sikkemalisa_001_d10_1101_2022_03_10_483747VUHD071__rep0004,DC monocyte,0.5930119778909798
homosapiens_None_2023_None_sikkemalisa_001_d10_1101_2022_03_10_483747VUHD071__rep0005,DC monocyte,0.5817760314640438
homosapiens_None_2023_None_sikkemalisa_001_d10_1101_2022_03_10_483747VUHD071__rep0007,DC monocyte,0.6050253758338406
homosapiens_None_2023_None_sikkemalisa_001_d10_1101_2022_03_10_483747VUHD071__rep0009,DC monocyte,0.5374728458606323
homosapiens_None_2023_None_sikkemalisa_001_d10_1101_2022_03_10_483747VUHD071__rep0010,DC monocyte,0.528567020499638
homosapiens_None_2023_None_sikkemalisa_001_d10_1101_2022_03_10_483747VUHD071__rep0011,DC monocyte,0.5413541080457772
homosapiens_None_2023_None_sikkemalisa_001_d10_1101_2022_03_10_483747VUHD071__rep0012,DC monocyte,0.6059725573945601
homosapiens_None_2023_None_sikkemalisa_001_d10_1101_2022_03_10_483747VUHD071__rep0013,DC monocyte,0.5627725098469547
homosapiens_None_2023_None_sikkemalisa_001_d10_1101_2022_03_10_483747VUHD071__rep0014,DC monocyte,0.5991250825147656
homosapiens_None_2023_None_sikkemalisa_001_d10_1101_2022_03_10_483747VUHD077__rep0000,DC monocyte,0.5832548299085915
homosapiens_None_2023_None_sikkemalisa_001_d10_1101_2022_03_10_483747VUHD077__rep0003,DC monocyte,0.5600400828635581
homosapiens_None_2023_None_sikkemalisa_001_d10_1101_2022_03_10_483747VUHD077__rep0005,DC monocyte,0.5320578659856613
homosapiens_None_2023_None_sikkemalisa_001_d10_1101_2022_03_10_483747VUHD077__rep0006,DC monocyte,0.4542408041436593
homosapiens_None_2023_None_sikkemalisa_001_d10_1101_2022_03_10_483747VUHD077__rep0007,DC monocyte,0.4964131220758466
homosapiens_None_2023_None_sikkemalisa_001_d10_1101_2022_03_10_483747VUHD077__rep0008,DC monocyte,0.586092398596963
homosapiens_None_2023_None_sikkemalisa_001_d10_1101_2022_03_10_483747VUHD077__rep0009,DC monocyte,0.5704401074365735
homosapiens_None_2023_None_sikkemalisa_001_d10_1101_2022_03_10_483747VUHD077__rep0010,DC monocyte,0.5186995491765816
homosapiens_None_2023_None_sikkemalisa_001_d10_1101_2022_03_10_483747VUHD077__rep0012,DC monocyte,0.6097731687126517
homosapiens_None_2023_None_sikkemalisa_001_d10_1101_2022_03_10_483747VUHD077__rep0014,DC monocyte,0.2763753343500406
homosapiens_None_2023_None_sikkemalisa_001_d10_1101_2022_03_10_483747VUHD103__rep0000,DC monocyte,0.5897478349018146
homosapiens_None_2023_None_sikkemalisa_001_d10_1101_2022_03_10_483747VUHD103__rep0001,DC monocyte,0.6322887171988374
homosapiens_None_2023_None_sikkemalisa_001_d10_1101_2022_03_10_483747VUHD103__rep0002,DC monocyte,0.6287975042501817
homosapiens_None_2023_None_sikkemalisa_001_d10_1101_2022_03_10_483747VUHD103__rep0004,DC monocyte,0.586769029666725
homosapiens_None_2023_None_sikkemalisa_001_d10_1101_2022_03_10_483747VUHD103__rep0005,DC monocyte,0.6094033186905902
homosapiens_None_2023_None_sikkemalisa_001_d10_1101_2022_03_10_483747VUHD103__rep0006,DC monocyte,0.4544570207147946
homosapiens_None_2023_None_sikkemalisa_001_d10_1101_2022_03_10_483747VUHD103__rep0007,DC monocyte,0.4997665691848515
homosapiens_None_2023_None_sikkemalisa_001_d10_1101_2022_03_10_483747VUHD103__rep0008,DC monocyte,0.5929954625951032
homosapiens_None_2023_None_sikkemalisa_001_d10_1101_2022_03_10_483747VUHD103__rep0009,DC monocyte,0.5844432478056366
homosapiens_None_2023_None_sikkemalisa_001_d10_1101_2022_03_10_483747VUHD103__rep0011,DC monocyte,0.5378055224574333
homosapiens_None_2023_None_sikkemalisa_001_d10_1101_2022_03_10_483747VUHD103__rep0012,DC monocyte,0.4873026362034596
homosapiens_None_2023_None_sikkemalisa_001_d10_1101_2022_03_10_483747VUHD103__rep0013,DC monocyte,0.5935342837891667
homosapiens_None_2023_None_sikkemalisa_001_d10_1101_2022_03_10_483747VUHD103__rep0014,DC monocyte,0.5939480264507335
homosapiens_None_2023_None_sikkemalisa_001_d10_1101_2022_03_10_483747VUHD69__rep0000,DC monocyte,0.6394144657481763
homosapiens_None_2023_None_sikkemalisa_001_d10_1101_2022_03_10_483747VUHD69__rep0002,DC monocyte,0.6939643630424464
homosapiens_None_2023_None_sikkemalisa_001_d10_1101_2022_03_10_483747VUHD69__rep0003,DC monocyte,0.6586074694617995
homosapiens_None_2023_None_sikkemalisa_001_d10_1101_2022_03_10_483747VUHD69__rep0004,DC monocyte,0.6790343902463857
homosapiens_None_2023_None_sikkemalisa_001_d10_1101_2022_03_10_483747VUHD69__rep0005,DC monocyte,0.7041073886172571
homosapiens_None_2023_None_sikkemalisa_001_d10_1101_2022_03_10_483747VUHD69__rep0006,DC monocyte,0.7104978622868057
homosapiens_None_2023_None_sikkemalisa_001_d10_1101_2022_03_10_483747VUHD69__rep0007,DC monocyte,0.6549347543137862
homosapiens_None_2023_None_sikkemalisa_001_d10_1101_2022_03_10_483747VUHD69__rep0008,DC monocyte,0.671889953694395
homosapiens_None_2023_None_sikkemalisa_001_d10_1101_2022_03_10_483747VUHD69__rep0009,DC monocyte,0.4782062057344468
homosapiens_None_2023_None_sikkemalisa_001_d10_1101_2022_03_10_483747VUHD69__rep0010,DC monocyte,0.6972126289442965
homosapiens_None_2023_None_sikkemalisa_001_d10_1101_2022_03_10_483747VUHD69__rep0011,DC monocyte,0.7084296560872342
homosapiens_None_2023_None_sikkemalisa_001_d10_1101_2022_03_10_483747VUHD69__rep0012,DC monocyte,0.679664552286861
homosapiens_None_2023_None_sikkemalisa_001_d10_1101_2022_03_10_483747VUHD69__rep0014,DC monocyte,0.3959597346333408
homosapiens_None_2023_None_sikkemalisa_001_d10_1101_2022_03_10_483747THD0007__rep0000,DC1,0.6464410053165794
homosapiens_None_2023_None_sikkemalisa_001_d10_1101_2022_03_10_483747THD0007__rep0001,DC1,0.6306076574804893
homosapiens_None_2023_None_sikkemalisa_001_d10_1101_2022_03_10_483747THD0007__rep0002,DC1,0.6390391762988232
homosapiens_None_2023_None_sikkemalisa_001_d10_1101_2022_03_10_483747THD0007__rep0003,DC1,0.6419670712436814
homosapiens_None_2023_None_sikkemalisa_001_d10_1101_2022_03_10_483747THD0007__rep0004,DC1,0.6380942644931289
homosapiens_None_2023_None_sikkemalisa_001_d10_1101_2022_03_10_483747THD0007__rep0006,DC1,0.6426836272261818
homosapiens_None_2023_None_sikkemalisa_001_d10_1101_2022_03_10_483747THD0007__rep0007,DC1,0.6401851036034026
homosapiens_None_2023_None_sikkemalisa_001_d10_1101_2022_03_10_483747THD0007__rep0008,DC1,0.6229344322966337
homosapiens_None_2023_None_sikkemalisa_001_d10_1101_2022_03_10_483747THD0007__rep0009,DC1,0.6496765533685228
homosapiens_None_2023_None_sikkemalisa_001_d10_1101_2022_03_10_483747THD0007__rep0010,DC1,0.6300449186850497
homosapiens_None_2023_None_sikkemalisa_001_d10_1101_2022_03_10_483747THD0007__rep0011,DC1,0.6615788117640101
homosapiens_None_2023_None_sikkemalisa_001_d10_1101_2022_03_10_483747THD0007__rep0012,DC1,0.6414234240801115
homosapiens_None_2023_None_sikkemalisa_001_d10_1101_2022_03_10_483747THD0007__rep0014,DC1,0.6045615609071906
homosapiens_None_2023_None_sikkemalisa_001_d10_1101_2022_03_10_483747THD0014__rep0000,DC1,0.5959666758122729
homosapiens_None_2023_None_sikkemalisa_001_d10_1101_2022_03_10_483747THD0014__rep0001,DC1,0.6063261307605617
homosapiens_None_2023_None_sikkemalisa_001_d10_1101_2022_03_10_483747THD0014__rep0002,DC1,0.6193160727736126
homosapiens_None_2023_None_sikkemalisa_001_d10_1101_2022_03_10_483747THD0014__rep0003,DC1,0.5445205919349305
homosapiens_None_2023_None_sikkemalisa_001_d10_1101_2022_03_10_483747THD0014__rep0004,DC1,0.3854339572332765
homosapiens_None_2023_None_sikkemalisa_001_d10_1101_2022_03_10_483747THD0014__rep0005,DC1,0.3625025744773308
homosapiens_None_2023_None_sikkemalisa_001_d10_1101_2022_03_10_483747THD0014__rep0006,DC1,0.6382468399214983
homosapiens_None_2023_None_sikkemalisa_001_d10_1101_2022_03_10_483747THD0014__rep0007,DC1,0.6313072006262576
homosapiens_None_2023_None_sikkemalisa_001_d10_1101_2022_03_10_483747THD0014__rep0008,DC1,0.6378987745220114
homosapiens_None_2023_None_sikkemalisa_001_d10_1101_2022_03_10_483747THD0014__rep0009,DC1,0.6617098993266501
homosapiens_None_2023_None_sikkemalisa_001_d10_1101_2022_03_10_483747THD0014__rep0010,DC1,0.6333437932165092
homosapiens_None_2023_None_sikkemalisa_001_d10_1101_2022_03_10_483747THD0014__rep0011,DC1,0.6327075672334679
homosapiens_None_2023_None_sikkemalisa_001_d10_1101_2022_03_10_483747THD0014__rep0012,DC1,0.5895895258388013
homosapiens_None_2023_None_sikkemalisa_001_d10_1101_2022_03_10_483747THD0014__rep0013,DC1,0.6127198088377235
homosapiens_None_2023_None_sikkemalisa_001_d10_1101_2022_03_10_483747VUHD071__rep0000,DC1,0.3705802190988975
homosapiens_None_2023_None_sikkemalisa_001_d10_1101_2022_03_10_483747VUHD071__rep0001,DC1,0.5260276564630607
homosapiens_None_2023_None_sikkemalisa_001_d10_1101_2022_03_10_483747VUHD071__rep0002,DC1,0.5267869901444624
homosapiens_None_2023_None_sikkemalisa_001_d10_1101_2022_03_10_483747VUHD071__rep0003,DC1,0.5354132249980232
homosapiens_None_2023_None_sikkemalisa_001_d10_1101_2022_03_10_483747VUHD071__rep0004,DC1,0.5185721693217387
homosapiens_None_2023_None_sikkemalisa_001_d10_1101_2022_03_10_483747VUHD071__rep0005,DC1,0.394682019253998
homosapiens_None_2023_None_sikkemalisa_001_d10_1101_2022_03_10_483747VUHD071__rep0006,DC1,0.4948324844697118
homosapiens_None_2023_None_sikkemalisa_001_d10_1101_2022_03_10_483747VUHD071__rep0007,DC1,0.3239375042956081
homosapiens_None_2023_None_sikkemalisa_001_d10_1101_2022_03_10_483747VUHD071__rep0008,DC1,0.5187245687775383
homosapiens_None_2023_None_sikkemalisa_001_d10_1101_2022_03_10_483747VUHD071__rep0009,DC1,0.5147246322623912
homosapiens_None_2023_None_sikkemalisa_001_d10_1101_2022_03_10_483747VUHD071__rep0010,DC1,0.5209851759917815
homosapiens_None_2023_None_sikkemalisa_001_d10_1101_2022_03_10_483747VUHD071__rep0011,DC1,0.522627192768204
homosapiens_None_2023_None_sikkemalisa_001_d10_1101_2022_03_10_483747VUHD071__rep0012,DC1,0.5308065683864894
homosapiens_None_2023_None_sikkemalisa_001_d10_1101_2022_03_10_483747VUHD071__rep0013,DC1,0.416233199308258
homosapiens_None_2023_None_sikkemalisa_001_d10_1101_2022_03_10_483747VUHD071__rep0014,DC1,0.5140216337662795
homosapiens_None_2023_None_sikkemalisa_001_d10_1101_2022_03_10_483747VUHD077__rep0000,DC1,0.5870968582990443
homosapiens_None_2023_None_sikkemalisa_001_d10_1101_2022_03_10_483747VUHD077__rep0001,DC1,0.5821723453504675
homosapiens_None_2023_None_sikkemalisa_001_d10_1101_2022_03_10_483747VUHD077__rep0002,DC1,0.5153756801933623
homosapiens_None_2023_None_sikkemalisa_001_d10_1101_2022_03_10_483747VUHD077__rep0003,DC1,0.5782836136584939
homosapiens_None_2023_None_sikkemalisa_001_d10_1101_2022_03_10_483747VUHD077__rep0004,DC1,0.4458899371652554
homosapiens_None_2023_None_sikkemalisa_001_d10_1101_2022_03_10_483747VUHD077__rep0005,DC1,0.559062391949565
homosapiens_None_2023_None_sikkemalisa_001_d10_1101_2022_03_10_483747VUHD077__rep0006,DC1,0.5820968455595256
homosapiens_None_2023_None_sikkemalisa_001_d10_1101_2022_03_10_483747VUHD077__rep0008,DC1,0.5505419628804382
homosapiens_None_2023_None_sikkemalisa_001_d10_1101_2022_03_10_483747VUHD077__rep0009,DC1,0.606421382039518
homosapiens_None_2023_None_sikkemalisa_001_d10_1101_2022_03_10_483747VUHD077__rep0010,DC1,0.5933621102133096
homosapiens_None_2023_None_sikkemalisa_001_d10_1101_2022_03_10_483747VUHD077__rep0011,DC1,0.5939465466667354
homosapiens_None_2023_None_sikkemalisa_001_d10_1101_2022_03_10_483747VUHD077__rep0012,DC1,0.5887264650251312
homosapiens_None_2023_None_sikkemalisa_001_d10_1101_2022_03_10_483747VUHD077__rep0013,DC1,0.5777262655834308
homosapiens_None_2023_None_sikkemalisa_001_d10_1101_2022_03_10_483747VUHD077__rep0014,DC1,0.5907407867278552
homosapiens_None_2023_None_sikkemalisa_001_d10_1101_2022_03_10_483747VUHD103__rep0000,DC1,0.5872781607972468
homosapiens_None_2023_None_sikkemalisa_001_d10_1101_2022_03_10_483747VUHD103__rep0001,DC1,0.5898283117302057
homosapiens_None_2023_None_sikkemalisa_001_d10_1101_2022_03_10_483747VUHD103__rep0002,DC1,0.529421645126672
homosapiens_None_2023_None_sikkemalisa_001_d10_1101_2022_03_10_483747VUHD103__rep0003,DC1,0.5868017094167924
homosapiens_None_2023_None_sikkemalisa_001_d10_1101_2022_03_10_483747VUHD103__rep0004,DC1,0.5612869744070663
homosapiens_None_2023_None_sikkemalisa_001_d10_1101_2022_03_10_483747VUHD103__rep0005,DC1,0.5841807603350241
homosapiens_None_2023_None_sikkemalisa_001_d10_1101_2022_03_10_483747VUHD103__rep0006,DC1,0.5401518837106292
homosapiens_None_2023_None_sikkemalisa_001_d10_1101_2022_03_10_483747VUHD103__rep0007,DC1,0.587993507353371
homosapiens_None_2023_None_sikkemalisa_001_d10_1101_2022_03_10_483747VUHD103__rep0008,DC1,0.4826354117916174
homosapiens_None_2023_None_sikkemalisa_001_d10_1101_2022_03_10_483747VUHD103__rep0009,DC1,0.451246070105217
homosapiens_None_2023_None_sikkemalisa_001_d10_1101_2022_03_10_483747VUHD103__rep0010,DC1,0.5785439202634883
homosapiens_None_2023_None_sikkemalisa_001_d10_1101_2022_03_10_483747VUHD103__rep0011,DC1,0.5693704100682895
homosapiens_None_2023_None_sikkemalisa_001_d10_1101_2022_03_10_483747VUHD103__rep0012,DC1,0.4942625179528434
homosapiens_None_2023_None_sikkemalisa_001_d10_1101_2022_03_10_483747VUHD103__rep0013,DC1,0.5491153844118005
homosapiens_None_2023_None_sikkemalisa_001_d10_1101_2022_03_10_483747VUHD103__rep0014,DC1,0.5505262365100596
homosapiens_None_2023_None_sikkemalisa_001_d10_1101_2022_03_10_483747VUHD69__rep0000,DC1,0.6560377636761566
homosapiens_None_2023_None_sikkemalisa_001_d10_1101_2022_03_10_483747VUHD69__rep0001,DC1,0.5754055303273213
homosapiens_None_2023_None_sikkemalisa_001_d10_1101_2022_03_10_483747VUHD69__rep0002,DC1,0.6436888405681678
homosapiens_None_2023_None_sikkemalisa_001_d10_1101_2022_03_10_483747VUHD69__rep0004,DC1,0.5979604997061603
homosapiens_None_2023_None_sikkemalisa_001_d10_1101_2022_03_10_483747VUHD69__rep0005,DC1,0.6603181092055265
homosapiens_None_2023_None_sikkemalisa_001_d10_1101_2022_03_10_483747VUHD69__rep0006,DC1,0.6780515843426684
homosapiens_None_2023_None_sikkemalisa_001_d10_1101_2022_03_10_483747VUHD69__rep0007,DC1,0.6193706770407145
homosapiens_None_2023_None_sikkemalisa_001_d10_1101_2022_03_10_483747VUHD69__rep0008,DC1,0.660821368027091
homosapiens_None_2023_None_sikkemalisa_001_d10_1101_2022_03_10_483747VUHD69__rep0009,DC1,0.6217495966923126
homosapiens_None_2023_None_sikkemalisa_001_d10_1101_2022_03_10_483747VUHD69__rep0010,DC1,0.6390911499364831
homosapiens_None_2023_None_sikkemalisa_001_d10_1101_2022_03_10_483747VUHD69__rep0011,DC1,0.6735469613860743
homosapiens_None_2023_None_sikkemalisa_001_d10_1101_2022_03_10_483747VUHD69__rep0012,DC1,0.6260145495874208
homosapiens_None_2023_None_sikkemalisa_001_d10_1101_2022_03_10_483747VUHD69__rep0013,DC1,0.6370046830918469
homosapiens_None_2023_None_sikkemalisa_001_d10_1101_2022_03_10_483747VUHD85__rep0000,DC1,0.6334684597338535
homosapiens_None_2023_None_sikkemalisa_001_d10_1101_2022_03_10_483747VUHD85__rep0003,DC1,0.5981802676059975
homosapiens_None_2023_None_sikkemalisa_001_d10_1101_2022_03_10_483747VUHD85__rep0004,DC1,0.6205563091219726
homosapiens_None_2023_None_sikkemalisa_001_d10_1101_2022_03_10_483747VUHD85__rep0006,DC1,0.5684744580212823
homosapiens_None_2023_None_sikkemalisa_001_d10_1101_2022_03_10_483747VUHD85__rep0007,DC1,0.6281361631400991
homosapiens_None_2023_None_sikkemalisa_001_d10_1101_2022_03_10_483747VUHD85__rep0008,DC1,0.6225189552284285
homosapiens_None_2023_None_sikkemalisa_001_d10_1101_2022_03_10_483747VUHD85__rep0009,DC1,0.6037415053153563
homosapiens_None_2023_None_sikkemalisa_001_d10_1101_2022_03_10_483747VUHD85__rep0010,DC1,0.5773138087849521
homosapiens_None_2023_None_sikkemalisa_001_d10_1101_2022_03_10_483747VUHD85__rep0011,DC1,0.634902153393894
homosapiens_None_2023_None_sikkemalisa_001_d10_1101_2022_03_10_483747VUHD85__rep0012,DC1,0.3929559473408384
homosapiens_None_2023_None_sikkemalisa_001_d10_1101_2022_03_10_483747VUHD85__rep0013,DC1,0.5553546324805637
homosapiens_None_2023_None_sikkemalisa_001_d10_1101_2022_03_10_483747VUHD85__rep0014,DC1,0.624380086230362
homosapiens_None_2023_None_sikkemalisa_001_d10_1101_2022_03_10_483747VUHD071__rep0000,Deuterosomal,0.4031570058836425
homosapiens_None_2023_None_sikkemalisa_001_d10_1101_2022_03_10_483747VUHD071__rep0001,Deuterosomal,0.6056995246467236
homosapiens_None_2023_None_sikkemalisa_001_d10_1101_2022_03_10_483747VUHD071__rep0002,Deuterosomal,0.6412057297418017
homosapiens_None_2023_None_sikkemalisa_001_d10_1101_2022_03_10_483747VUHD071__rep0003,Deuterosomal,0.6097648419664633
homosapiens_None_2023_None_sikkemalisa_001_d10_1101_2022_03_10_483747VUHD071__rep0004,Deuterosomal,0.4873013578709941
homosapiens_None_2023_None_sikkemalisa_001_d10_1101_2022_03_10_483747VUHD071__rep0005,Deuterosomal,0.6269763410886318
homosapiens_None_2023_None_sikkemalisa_001_d10_1101_2022_03_10_483747VUHD071__rep0006,Deuterosomal,0.6504346075599491
homosapiens_None_2023_None_sikkemalisa_001_d10_1101_2022_03_10_483747VUHD071__rep0007,Deuterosomal,0.5358162354183987
homosapiens_None_2023_None_sikkemalisa_001_d10_1101_2022_03_10_483747VUHD071__rep0008,Deuterosomal,0.6007641289312596
homosapiens_None_2023_None_sikkemalisa_001_d10_1101_2022_03_10_483747VUHD071__rep0009,Deuterosomal,0.3533917182322892
homosapiens_None_2023_None_sikkemalisa_001_d10_1101_2022_03_10_483747VUHD071__rep0010,Deuterosomal,0.597043715203267
homosapiens_None_2023_None_sikkemalisa_001_d10_1101_2022_03_10_483747VUHD071__rep0011,Deuterosomal,0.6327140692937538
homosapiens_None_2023_None_sikkemalisa_001_d10_1101_2022_03_10_483747VUHD071__rep0012,Deuterosomal,0.6250512889510894
homosapiens_None_2023_None_sikkemalisa_001_d10_1101_2022_03_10_483747VUHD071__rep0013,Deuterosomal,0.5939262328657388
homosapiens_None_2023_None_sikkemalisa_001_d10_1101_2022_03_10_483747VUHD071__rep0014,Deuterosomal,0.6344296814109889
homosapiens_None_2023_None_sikkemalisa_001_d10_1101_2022_03_10_483747VUHD103__rep0000,Deuterosomal,0.5467774414406267
homosapiens_None_2023_None_sikkemalisa_001_d10_1101_2022_03_10_483747VUHD103__rep0001,Deuterosomal,0.6329745754332294
homosapiens_None_2023_None_sikkemalisa_001_d10_1101_2022_03_10_483747VUHD103__rep0002,Deuterosomal,0.6536773760599419
homosapiens_None_2023_None_sikkemalisa_001_d10_1101_2022_03_10_483747VUHD103__rep0003,Deuterosomal,0.5356231617675581
homosapiens_None_2023_None_sikkemalisa_001_d10_1101_2022_03_10_483747VUHD103__rep0005,Deuterosomal,0.6067865743400559
homosapiens_None_2023_None_sikkemalisa_001_d10_1101_2022_03_10_483747VUHD103__rep0006,Deuterosomal,0.4121516160392547
homosapiens_None_2023_None_sikkemalisa_001_d10_1101_2022_03_10_483747VUHD103__rep0007,Deuterosomal,0.6207923597977949
homosapiens_None_2023_None_sikkemalisa_001_d10_1101_2022_03_10_483747VUHD103__rep0008,Deuterosomal,0.5371416798536255
homosapiens_None_2023_None_sikkemalisa_001_d10_1101_2022_03_10_483747VUHD103__rep0009,Deuterosomal,0.6034657379439754
homosapiens_None_2023_None_sikkemalisa_001_d10_1101_2022_03_10_483747VUHD103__rep0010,Deuterosomal,0.5962685708516436
homosapiens_None_2023_None_sikkemalisa_001_d10_1101_2022_03_10_483747VUHD103__rep0012,Deuterosomal,0.606402489494909
homosapiens_None_2023_None_sikkemalisa_001_d10_1101_2022_03_10_483747VUHD103__rep0013,Deuterosomal,0.5309991660235516
homosapiens_None_2023_None_sikkemalisa_001_d10_1101_2022_03_10_483747THD0007__rep0000,EC aerocyte capillary,0.6970963336878735
homosapiens_None_2023_None_sikkemalisa_001_d10_1101_2022_03_10_483747THD0007__rep0001,EC aerocyte capillary,0.7121699613800914
homosapiens_None_2023_None_sikkemalisa_001_d10_1101_2022_03_10_483747THD0007__rep0002,EC aerocyte capillary,0.6503029465712634
homosapiens_None_2023_None_sikkemalisa_001_d10_1101_2022_03_10_483747THD0007__rep0003,EC aerocyte capillary,0.6958352589412566
homosapiens_None_2023_None_sikkemalisa_001_d10_1101_2022_03_10_483747THD0007__rep0004,EC aerocyte capillary,0.7412119361029282
homosapiens_None_2023_None_sikkemalisa_001_d10_1101_2022_03_10_483747THD0007__rep0005,EC aerocyte capillary,0.5591458922476524
homosapiens_None_2023_None_sikkemalisa_001_d10_1101_2022_03_10_483747THD0007__rep0007,EC aerocyte capillary,0.5753650000011132
homosapiens_None_2023_None_sikkemalisa_001_d10_1101_2022_03_10_483747THD0007__rep0008,EC aerocyte capillary,0.5943889822325725
homosapiens_None_2023_None_sikkemalisa_001_d10_1101_2022_03_10_483747THD0007__rep0010,EC aerocyte capillary,0.7223989660679899
homosapiens_None_2023_None_sikkemalisa_001_d10_1101_2022_03_10_483747THD0007__rep0011,EC aerocyte capillary,0.703918779228291
homosapiens_None_2023_None_sikkemalisa_001_d10_1101_2022_03_10_483747THD0007__rep0012,EC aerocyte capillary,0.7251676039591111
homosapiens_None_2023_None_sikkemalisa_001_d10_1101_2022_03_10_483747THD0007__rep0013,EC aerocyte capillary,0.7121514840852005
homosapiens_None_2023_None_sikkemalisa_001_d10_1101_2022_03_10_483747THD0007__rep0014,EC aerocyte capillary,0.7069491810546201
homosapiens_None_2023_None_sikkemalisa_001_d10_1101_2022_03_10_483747THD0014__rep0000,EC aerocyte capillary,0.6913671548678625
homosapiens_None_2023_None_sikkemalisa_001_d10_1101_2022_03_10_483747THD0014__rep0001,EC aerocyte capillary,0.6427939015637297
homosapiens_None_2023_None_sikkemalisa_001_d10_1101_2022_03_10_483747THD0014__rep0002,EC aerocyte capillary,0.5394849210355952
homosapiens_None_2023_None_sikkemalisa_001_d10_1101_2022_03_10_483747THD0014__rep0003,EC aerocyte capillary,0.5533984656773794
homosapiens_None_2023_None_sikkemalisa_001_d10_1101_2022_03_10_483747THD0014__rep0004,EC aerocyte capillary,0.6077006103800604
homosapiens_None_2023_None_sikkemalisa_001_d10_1101_2022_03_10_483747THD0014__rep0005,EC aerocyte capillary,0.6644911094638601
homosapiens_None_2023_None_sikkemalisa_001_d10_1101_2022_03_10_483747THD0014__rep0006,EC aerocyte capillary,0.6345739936628417
homosapiens_None_2023_None_sikkemalisa_001_d10_1101_2022_03_10_483747THD0014__rep0007,EC aerocyte capillary,0.6990045657660584
homosapiens_None_2023_None_sikkemalisa_001_d10_1101_2022_03_10_483747THD0014__rep0008,EC aerocyte capillary,0.4684950946838784
homosapiens_None_2023_None_sikkemalisa_001_d10_1101_2022_03_10_483747THD0014__rep0009,EC aerocyte capillary,0.5587238622254811
homosapiens_None_2023_None_sikkemalisa_001_d10_1101_2022_03_10_483747THD0014__rep0010,EC aerocyte capillary,0.6840015077110467
homosapiens_None_2023_None_sikkemalisa_001_d10_1101_2022_03_10_483747THD0014__rep0011,EC aerocyte capillary,0.674963918438717
homosapiens_None_2023_None_sikkemalisa_001_d10_1101_2022_03_10_483747THD0014__rep0012,EC aerocyte capillary,0.3153170521515782
homosapiens_None_2023_None_sikkemalisa_001_d10_1101_2022_03_10_483747THD0014__rep0014,EC aerocyte capillary,0.634054694760735
homosapiens_None_2023_None_sikkemalisa_001_d10_1101_2022_03_10_483747VUHD071__rep0000,EC aerocyte capillary,0.5897893819447777
homosapiens_None_2023_None_sikkemalisa_001_d10_1101_2022_03_10_483747VUHD071__rep0001,EC aerocyte capillary,0.5718434218005353
homosapiens_None_2023_None_sikkemalisa_001_d10_1101_2022_03_10_483747VUHD071__rep0003,EC aerocyte capillary,0.5142318136662927
homosapiens_None_2023_None_sikkemalisa_001_d10_1101_2022_03_10_483747VUHD071__rep0004,EC aerocyte capillary,0.5809540410335928
homosapiens_None_2023_None_sikkemalisa_001_d10_1101_2022_03_10_483747VUHD071__rep0007,EC aerocyte capillary,0.5842063999323794
homosapiens_None_2023_None_sikkemalisa_001_d10_1101_2022_03_10_483747VUHD071__rep0008,EC aerocyte capillary,0.5922440250493118
homosapiens_None_2023_None_sikkemalisa_001_d10_1101_2022_03_10_483747VUHD071__rep0009,EC aerocyte capillary,0.5728874244747749
homosapiens_None_2023_None_sikkemalisa_001_d10_1101_2022_03_10_483747VUHD071__rep0010,EC aerocyte capillary,0.4646648929259958
homosapiens_None_2023_None_sikkemalisa_001_d10_1101_2022_03_10_483747VUHD071__rep0011,EC aerocyte capillary,0.5810880269327791
homosapiens_None_2023_None_sikkemalisa_001_d10_1101_2022_03_10_483747VUHD071__rep0012,EC aerocyte capillary,0.6050456190997787
homosapiens_None_2023_None_sikkemalisa_001_d10_1101_2022_03_10_483747VUHD071__rep0013,EC aerocyte capillary,0.5913084663755818
homosapiens_None_2023_None_sikkemalisa_001_d10_1101_2022_03_10_483747VUHD071__rep0014,EC aerocyte capillary,0.5635504443353646
homosapiens_None_2023_None_sikkemalisa_001_d10_1101_2022_03_10_483747VUHD077__rep0000,EC aerocyte capillary,0.6043931867315109
homosapiens_None_2023_None_sikkemalisa_001_d10_1101_2022_03_10_483747VUHD077__rep0001,EC aerocyte capillary,0.6018228275256197
homosapiens_None_2023_None_sikkemalisa_001_d10_1101_2022_03_10_483747VUHD077__rep0002,EC aerocyte capillary,0.5428749368394664
homosapiens_None_2023_None_sikkemalisa_001_d10_1101_2022_03_10_483747VUHD077__rep0003,EC aerocyte capillary,0.6317037080914637
homosapiens_None_2023_None_sikkemalisa_001_d10_1101_2022_03_10_483747VUHD077__rep0004,EC aerocyte capillary,0.3700136671569354
homosapiens_None_2023_None_sikkemalisa_001_d10_1101_2022_03_10_483747VUHD077__rep0005,EC aerocyte capillary,0.5860047883844113
homosapiens_None_2023_None_sikkemalisa_001_d10_1101_2022_03_10_483747VUHD077__rep0006,EC aerocyte capillary,0.6547507402667884
homosapiens_None_2023_None_sikkemalisa_001_d10_1101_2022_03_10_483747VUHD077__rep0007,EC aerocyte capillary,0.6522518654561095
homosapiens_None_2023_None_sikkemalisa_001_d10_1101_2022_03_10_483747VUHD077__rep0010,EC aerocyte capillary,0.5428161852399831
homosapiens_None_2023_None_sikkemalisa_001_d10_1101_2022_03_10_483747VUHD077__rep0011,EC aerocyte capillary,0.59693680589777
homosapiens_None_2023_None_sikkemalisa_001_d10_1101_2022_03_10_483747VUHD077__rep0012,EC aerocyte capillary,0.680246098985233
homosapiens_None_2023_None_sikkemalisa_001_d10_1101_2022_03_10_483747VUHD077__rep0013,EC aerocyte capillary,0.6099467252572577
homosapiens_None_2023_None_sikkemalisa_001_d10_1101_2022_03_10_483747VUHD077__rep0014,EC aerocyte capillary,0.6824658129725377
homosapiens_None_2023_None_sikkemalisa_001_d10_1101_2022_03_10_483747VUHD103__rep0000,EC aerocyte capillary,0.5626669792011653
homosapiens_None_2023_None_sikkemalisa_001_d10_1101_2022_03_10_483747VUHD103__rep0001,EC aerocyte capillary,0.6410177194353348
homosapiens_None_2023_None_sikkemalisa_001_d10_1101_2022_03_10_483747VUHD103__rep0002,EC aerocyte capillary,0.6609232279620837
homosapiens_None_2023_None_sikkemalisa_001_d10_1101_2022_03_10_483747VUHD103__rep0003,EC aerocyte capillary,0.6874684278620667
homosapiens_None_2023_None_sikkemalisa_001_d10_1101_2022_03_10_483747VUHD103__rep0004,EC aerocyte capillary,0.5425431563856189
homosapiens_None_2023_None_sikkemalisa_001_d10_1101_2022_03_10_483747VUHD103__rep0005,EC aerocyte capillary,0.6875131819046758
homosapiens_None_2023_None_sikkemalisa_001_d10_1101_2022_03_10_483747VUHD103__rep0006,EC aerocyte capillary,0.6462311107238968
homosapiens_None_2023_None_sikkemalisa_001_d10_1101_2022_03_10_483747VUHD103__rep0007,EC aerocyte capillary,0.7005590580259566
homosapiens_None_2023_None_sikkemalisa_001_d10_1101_2022_03_10_483747VUHD103__rep0008,EC aerocyte capillary,0.5872105809052797
homosapiens_None_2023_None_sikkemalisa_001_d10_1101_2022_03_10_483747VUHD103__rep0009,EC aerocyte capillary,0.6502896941695425
homosapiens_None_2023_None_sikkemalisa_001_d10_1101_2022_03_10_483747VUHD103__rep0010,EC aerocyte capillary,0.3421616710367108
homosapiens_None_2023_None_sikkemalisa_001_d10_1101_2022_03_10_483747VUHD103__rep0011,EC aerocyte capillary,0.6771034107944582
homosapiens_None_2023_None_sikkemalisa_001_d10_1101_2022_03_10_483747VUHD103__rep0012,EC aerocyte capillary,0.6609500985348455
homosapiens_None_2023_None_sikkemalisa_001_d10_1101_2022_03_10_483747VUHD103__rep0013,EC aerocyte capillary,0.3225539250815624
homosapiens_None_2023_None_sikkemalisa_001_d10_1101_2022_03_10_483747VUHD69__rep0000,EC aerocyte capillary,0.7914668114200055
homosapiens_None_2023_None_sikkemalisa_001_d10_1101_2022_03_10_483747VUHD69__rep0001,EC aerocyte capillary,0.7364498003236399
homosapiens_None_2023_None_sikkemalisa_001_d10_1101_2022_03_10_483747VUHD69__rep0002,EC aerocyte capillary,0.6199382808812535
homosapiens_None_2023_None_sikkemalisa_001_d10_1101_2022_03_10_483747VUHD69__rep0003,EC aerocyte capillary,0.7571701922993368
homosapiens_None_2023_None_sikkemalisa_001_d10_1101_2022_03_10_483747VUHD69__rep0004,EC aerocyte capillary,0.6930426343416962
homosapiens_None_2023_None_sikkemalisa_001_d10_1101_2022_03_10_483747VUHD69__rep0005,EC aerocyte capillary,0.7668433796972972
homosapiens_None_2023_None_sikkemalisa_001_d10_1101_2022_03_10_483747VUHD69__rep0006,EC aerocyte capillary,0.3708214513167377
homosapiens_None_2023_None_sikkemalisa_001_d10_1101_2022_03_10_483747VUHD69__rep0007,EC aerocyte capillary,0.7740158090897066
homosapiens_None_2023_None_sikkemalisa_001_d10_1101_2022_03_10_483747VUHD69__rep0008,EC aerocyte capillary,0.5844671173497935
homosapiens_None_2023_None_sikkemalisa_001_d10_1101_2022_03_10_483747VUHD69__rep0009,EC aerocyte capillary,0.7374967029590799
homosapiens_None_2023_None_sikkemalisa_001_d10_1101_2022_03_10_483747VUHD69__rep0010,EC aerocyte capillary,0.5487735558604114
homosapiens_None_2023_None_sikkemalisa_001_d10_1101_2022_03_10_483747VUHD69__rep0011,EC aerocyte capillary,0.7249042110516328
homosapiens_None_2023_None_sikkemalisa_001_d10_1101_2022_03_10_483747VUHD69__rep0012,EC aerocyte capillary,0.6006077718223738
homosapiens_None_2023_None_sikkemalisa_001_d10_1101_2022_03_10_483747VUHD69__rep0013,EC aerocyte capillary,0.6897881421725842
homosapiens_None_2023_None_sikkemalisa_001_d10_1101_2022_03_10_483747VUHD69__rep0014,EC aerocyte capillary,0.4462844885459651
homosapiens_None_2023_None_sikkemalisa_001_d10_1101_2022_03_10_483747VUHD85__rep0000,EC aerocyte capillary,0.7084269305402279
homosapiens_None_2023_None_sikkemalisa_001_d10_1101_2022_03_10_483747VUHD85__rep0001,EC aerocyte capillary,0.6965285424595754
homosapiens_None_2023_None_sikkemalisa_001_d10_1101_2022_03_10_483747VUHD85__rep0002,EC aerocyte capillary,0.7642545786390715
homosapiens_None_2023_None_sikkemalisa_001_d10_1101_2022_03_10_483747VUHD85__rep0004,EC aerocyte capillary,0.4958666074175314
homosapiens_None_2023_None_sikkemalisa_001_d10_1101_2022_03_10_483747VUHD85__rep0005,EC aerocyte capillary,0.7102698276692377
homosapiens_None_2023_None_sikkemalisa_001_d10_1101_2022_03_10_483747VUHD85__rep0006,EC aerocyte capillary,0.6596916602032751
homosapiens_None_2023_None_sikkemalisa_001_d10_1101_2022_03_10_483747VUHD85__rep0007,EC aerocyte capillary,0.7704106912463425
homosapiens_None_2023_None_sikkemalisa_001_d10_1101_2022_03_10_483747VUHD85__rep0009,EC aerocyte capillary,0.6746255632859731
homosapiens_None_2023_None_sikkemalisa_001_d10_1101_2022_03_10_483747VUHD85__rep0010,EC aerocyte capillary,0.6626471916177739
homosapiens_None_2023_None_sikkemalisa_001_d10_1101_2022_03_10_483747VUHD85__rep0011,EC aerocyte capillary,0.73600616881594
homosapiens_None_2023_None_sikkemalisa_001_d10_1101_2022_03_10_483747VUHD85__rep0012,EC aerocyte capillary,0.7040341614068245
homosapiens_None_2023_None_sikkemalisa_001_d10_1101_2022_03_10_483747VUHD85__rep0013,EC aerocyte capillary,0.5762065995254382
homosapiens_None_2023_None_sikkemalisa_001_d10_1101_2022_03_10_483747VUHD85__rep0014,EC aerocyte capillary,0.7629319465277945
homosapiens_None_2023_None_sikkemalisa_001_d10_1101_2022_03_10_483747THD0007__rep0000,EC venous systemic,0.6895812311115718
homosapiens_None_2023_None_sikkemalisa_001_d10_1101_2022_03_10_483747THD0007__rep0001,EC venous systemic,0.6482030196313875
homosapiens_None_2023_None_sikkemalisa_001_d10_1101_2022_03_10_483747THD0007__rep0002,EC venous systemic,0.6863945331240184
homosapiens_None_2023_None_sikkemalisa_001_d10_1101_2022_03_10_483747THD0007__rep0003,EC venous systemic,0.6179059988056752
homosapiens_None_2023_None_sikkemalisa_001_d10_1101_2022_03_10_483747THD0007__rep0004,EC venous systemic,0.5471441776098178
homosapiens_None_2023_None_sikkemalisa_001_d10_1101_2022_03_10_483747THD0007__rep0006,EC venous systemic,0.5507253632487583
homosapiens_None_2023_None_sikkemalisa_001_d10_1101_2022_03_10_483747THD0007__rep0007,EC venous systemic,0.4642570890612646
homosapiens_None_2023_None_sikkemalisa_001_d10_1101_2022_03_10_483747THD0007__rep0008,EC venous systemic,0.6721093039669658
homosapiens_None_2023_None_sikkemalisa_001_d10_1101_2022_03_10_483747THD0007__rep0009,EC venous systemic,0.6821986540056583
homosapiens_None_2023_None_sikkemalisa_001_d10_1101_2022_03_10_483747THD0007__rep0010,EC venous systemic,0.6928269053421022
homosapiens_None_2023_None_sikkemalisa_001_d10_1101_2022_03_10_483747THD0007__rep0011,EC venous systemic,0.6377318330625504
homosapiens_None_2023_None_sikkemalisa_001_d10_1101_2022_03_10_483747THD0007__rep0012,EC venous systemic,0.6727221545758943
homosapiens_None_2023_None_sikkemalisa_001_d10_1101_2022_03_10_483747THD0007__rep0013,EC venous systemic,0.6749550403213409
homosapiens_None_2023_None_sikkemalisa_001_d10_1101_2022_03_10_483747THD0007__rep0014,EC venous systemic,0.689012482989883
homosapiens_None_2023_None_sikkemalisa_001_d10_1101_2022_03_10_483747THD0014__rep0000,EC venous systemic,0.3376626368618881
homosapiens_None_2023_None_sikkemalisa_001_d10_1101_2022_03_10_483747THD0014__rep0001,EC venous systemic,0.6077060852920895
homosapiens_None_2023_None_sikkemalisa_001_d10_1101_2022_03_10_483747THD0014__rep0002,EC venous systemic,0.6142233897057319
homosapiens_None_2023_None_sikkemalisa_001_d10_1101_2022_03_10_483747THD0014__rep0003,EC venous systemic,0.5461956698442076
homosapiens_None_2023_None_sikkemalisa_001_d10_1101_2022_03_10_483747THD0014__rep0005,EC venous systemic,0.5896407042945169
homosapiens_None_2023_None_sikkemalisa_001_d10_1101_2022_03_10_483747THD0014__rep0006,EC venous systemic,0.5421457123520013
homosapiens_None_2023_None_sikkemalisa_001_d10_1101_2022_03_10_483747THD0014__rep0007,EC venous systemic,0.5487843357214712
homosapiens_None_2023_None_sikkemalisa_001_d10_1101_2022_03_10_483747THD0014__rep0008,EC venous systemic,0.570398264646317
homosapiens_None_2023_None_sikkemalisa_001_d10_1101_2022_03_10_483747THD0014__rep0009,EC venous systemic,0.5673434566243538
homosapiens_None_2023_None_sikkemalisa_001_d10_1101_2022_03_10_483747THD0014__rep0010,EC venous systemic,0.6054436774734807
homosapiens_None_2023_None_sikkemalisa_001_d10_1101_2022_03_10_483747THD0014__rep0011,EC venous systemic,0.5844586299450799
homosapiens_None_2023_None_sikkemalisa_001_d10_1101_2022_03_10_483747THD0014__rep0012,EC venous systemic,0.5652509903595849
homosapiens_None_2023_None_sikkemalisa_001_d10_1101_2022_03_10_483747THD0014__rep0013,EC venous systemic,0.5680312382749224
homosapiens_None_2023_None_sikkemalisa_001_d10_1101_2022_03_10_483747THD0014__rep0014,EC venous systemic,0.590351825461654
homosapiens_None_2023_None_sikkemalisa_001_d10_1101_2022_03_10_483747VUHD103__rep0000,EC venous systemic,0.6251919797433436
homosapiens_None_2023_None_sikkemalisa_001_d10_1101_2022_03_10_483747VUHD103__rep0001,EC venous systemic,0.5631397177378837
homosapiens_None_2023_None_sikkemalisa_001_d10_1101_2022_03_10_483747VUHD103__rep0002,EC venous systemic,0.5499576107085116
homosapiens_None_2023_None_sikkemalisa_001_d10_1101_2022_03_10_483747VUHD103__rep0003,EC venous systemic,0.6089314399074
homosapiens_None_2023_None_sikkemalisa_001_d10_1101_2022_03_10_483747VUHD103__rep0004,EC venous systemic,0.5901148750540084
homosapiens_None_2023_None_sikkemalisa_001_d10_1101_2022_03_10_483747VUHD103__rep0005,EC venous systemic,0.4959532287211267
homosapiens_None_2023_None_sikkemalisa_001_d10_1101_2022_03_10_483747VUHD103__rep0006,EC venous systemic,0.6220897280820836
homosapiens_None_2023_None_sikkemalisa_001_d10_1101_2022_03_10_483747VUHD103__rep0008,EC venous systemic,0.4294448114090096
homosapiens_None_2023_None_sikkemalisa_001_d10_1101_2022_03_10_483747VUHD103__rep0009,EC venous systemic,0.6241038691542047
homosapiens_None_2023_None_sikkemalisa_001_d10_1101_2022_03_10_483747VUHD103__rep0010,EC venous systemic,0.6385458847407458
homosapiens_None_2023_None_sikkemalisa_001_d10_1101_2022_03_10_483747VUHD103__rep0011,EC venous systemic,0.4484929546582422
homosapiens_None_2023_None_sikkemalisa_001_d10_1101_2022_03_10_483747VUHD103__rep0012,EC venous systemic,0.4307810003627901
homosapiens_None_2023_None_sikkemalisa_001_d10_1101_2022_03_10_483747VUHD103__rep0013,EC venous systemic,0.6594753733109194
homosapiens_None_2023_None_sikkemalisa_001_d10_1101_2022_03_10_483747VUHD103__rep0014,EC venous systemic,0.5622889316331258
homosapiens_None_2023_None_sikkemalisa_001_d10_1101_2022_03_10_483747THD0007__rep0001,Fibroblasts PLIN2+,0.5886206326451828
homosapiens_None_2023_None_sikkemalisa_001_d10_1101_2022_03_10_483747THD0007__rep0002,Fibroblasts PLIN2+,0.6599785026025441
homosapiens_None_2023_None_sikkemalisa_001_d10_1101_2022_03_10_483747THD0007__rep0003,Fibroblasts PLIN2+,0.7269641424553649
homosapiens_None_2023_None_sikkemalisa_001_d10_1101_2022_03_10_483747THD0007__rep0004,Fibroblasts PLIN2+,0.6552865131977161
homosapiens_None_2023_None_sikkemalisa_001_d10_1101_2022_03_10_483747THD0007__rep0006,Fibroblasts PLIN2+,0.6407296168225705
homosapiens_None_2023_None_sikkemalisa_001_d10_1101_2022_03_10_483747THD0007__rep0007,Fibroblasts PLIN2+,0.7313925742555175
homosapiens_None_2023_None_sikkemalisa_001_d10_1101_2022_03_10_483747THD0007__rep0008,Fibroblasts PLIN2+,0.7045244837143076
homosapiens_None_2023_None_sikkemalisa_001_d10_1101_2022_03_10_483747THD0007__rep0009,Fibroblasts PLIN2+,0.7291177496341346
homosapiens_None_2023_None_sikkemalisa_001_d10_1101_2022_03_10_483747THD0007__rep0010,Fibroblasts PLIN2+,0.7004339076531567
homosapiens_None_2023_None_sikkemalisa_001_d10_1101_2022_03_10_483747THD0007__rep0011,Fibroblasts PLIN2+,0.7036352420166657
homosapiens_None_2023_None_sikkemalisa_001_d10_1101_2022_03_10_483747THD0007__rep0012,Fibroblasts PLIN2+,0.7158078320338035
homosapiens_None_2023_None_sikkemalisa_001_d10_1101_2022_03_10_483747THD0007__rep0014,Fibroblasts PLIN2+,0.5284810800424942
homosapiens_None_2023_None_sikkemalisa_001_d10_1101_2022_03_10_483747THD0014__rep0001,Fibroblasts PLIN2+,0.7271678160645493
homosapiens_None_2023_None_sikkemalisa_001_d10_1101_2022_03_10_483747THD0014__rep0002,Fibroblasts PLIN2+,0.721062680107615
homosapiens_None_2023_None_sikkemalisa_001_d10_1101_2022_03_10_483747THD0014__rep0003,Fibroblasts PLIN2+,0.7084437666028037
homosapiens_None_2023_None_sikkemalisa_001_d10_1101_2022_03_10_483747THD0014__rep0004,Fibroblasts PLIN2+,0.5822590855278589
homosapiens_None_2023_None_sikkemalisa_001_d10_1101_2022_03_10_483747THD0014__rep0005,Fibroblasts PLIN2+,0.653116603088533
homosapiens_None_2023_None_sikkemalisa_001_d10_1101_2022_03_10_483747THD0014__rep0006,Fibroblasts PLIN2+,0.7222401926553234
homosapiens_None_2023_None_sikkemalisa_001_d10_1101_2022_03_10_483747THD0014__rep0007,Fibroblasts PLIN2+,0.660705781785568
homosapiens_None_2023_None_sikkemalisa_001_d10_1101_2022_03_10_483747THD0014__rep0008,Fibroblasts PLIN2+,0.5721692493299967
homosapiens_None_2023_None_sikkemalisa_001_d10_1101_2022_03_10_483747THD0014__rep0009,Fibroblasts PLIN2+,0.6810690197696284
homosapiens_None_2023_None_sikkemalisa_001_d10_1101_2022_03_10_483747THD0014__rep0010,Fibroblasts PLIN2+,0.7117607493982685
homosapiens_None_2023_None_sikkemalisa_001_d10_1101_2022_03_10_483747THD0014__rep0011,Fibroblasts PLIN2+,0.7147610394379776
homosapiens_None_2023_None_sikkemalisa_001_d10_1101_2022_03_10_483747THD0014__rep0014,Fibroblasts PLIN2+,0.6711593344946684
homosapiens_None_2023_None_sikkemalisa_001_d10_1101_2022_03_10_483747VUHD103__rep0000,Fibroblasts PLIN2+,0.593561885016911
homosapiens_None_2023_None_sikkemalisa_001_d10_1101_2022_03_10_483747VUHD103__rep0001,Fibroblasts PLIN2+,0.641469767177576
homosapiens_None_2023_None_sikkemalisa_001_d10_1101_2022_03_10_483747VUHD103__rep0002,Fibroblasts PLIN2+,0.6437666009876819
homosapiens_None_2023_None_sikkemalisa_001_d10_1101_2022_03_10_483747VUHD103__rep0003,Fibroblasts PLIN2+,0.3686884808128707
homosapiens_None_2023_None_sikkemalisa_001_d10_1101_2022_03_10_483747VUHD103__rep0004,Fibroblasts PLIN2+,0.6563719112662291
homosapiens_None_2023_None_sikkemalisa_001_d10_1101_2022_03_10_483747VUHD103__rep0005,Fibroblasts PLIN2+,0.4353666373451589
homosapiens_None_2023_None_sikkemalisa_001_d10_1101_2022_03_10_483747VUHD103__rep0006,Fibroblasts PLIN2+,0.6703683925398227
homosapiens_None_2023_None_sikkemalisa_001_d10_1101_2022_03_10_483747VUHD103__rep0007,Fibroblasts PLIN2+,0.6657824390998948
homosapiens_None_2023_None_sikkemalisa_001_d10_1101_2022_03_10_483747VUHD103__rep0009,Fibroblasts PLIN2+,0.636374551187724
homosapiens_None_2023_None_sikkemalisa_001_d10_1101_2022_03_10_483747VUHD103__rep0010,Fibroblasts PLIN2+,0.6844293923799561
homosapiens_None_2023_None_sikkemalisa_001_d10_1101_2022_03_10_483747VUHD103__rep0011,Fibroblasts PLIN2+,0.6841108118899527
homosapiens_None_2023_None_sikkemalisa_001_d10_1101_2022_03_10_483747VUHD103__rep0012,Fibroblasts PLIN2+,0.6228666381380278
homosapiens_None_2023_None_sikkemalisa_001_d10_1101_2022_03_10_483747VUHD103__rep0013,Fibroblasts PLIN2+,0.4500519152235909
homosapiens_None_2023_None_sikkemalisa_001_d10_1101_2022_03_10_483747VUHD103__rep0014,Fibroblasts PLIN2+,0.6197130634154004
homosapiens_None_2023_None_sikkemalisa_001_d10_1101_2022_03_10_483747THD0014__rep0000,Goblet,0.5983598429406853
homosapiens_None_2023_None_sikkemalisa_001_d10_1101_2022_03_10_483747THD0014__rep0001,Goblet,0.6369811420048707
homosapiens_None_2023_None_sikkemalisa_001_d10_1101_2022_03_10_483747THD0014__rep0002,Goblet,0.6584928396286184
homosapiens_None_2023_None_sikkemalisa_001_d10_1101_2022_03_10_483747THD0014__rep0003,Goblet,0.6197223917682914
homosapiens_None_2023_None_sikkemalisa_001_d10_1101_2022_03_10_483747THD0014__rep0005,Goblet,0.6614584062929699
homosapiens_None_2023_None_sikkemalisa_001_d10_1101_2022_03_10_483747THD0014__rep0006,Goblet,0.634936947697765
homosapiens_None_2023_None_sikkemalisa_001_d10_1101_2022_03_10_483747THD0014__rep0007,Goblet,0.3529428954735834
homosapiens_None_2023_None_sikkemalisa_001_d10_1101_2022_03_10_483747THD0014__rep0008,Goblet,0.5911077830110317
homosapiens_None_2023_None_sikkemalisa_001_d10_1101_2022_03_10_483747THD0014__rep0009,Goblet,0.587072493559969
homosapiens_None_2023_None_sikkemalisa_001_d10_1101_2022_03_10_483747THD0014__rep0010,Goblet,0.6311860270224122
homosapiens_None_2023_None_sikkemalisa_001_d10_1101_2022_03_10_483747THD0014__rep0011,Goblet,0.6552847724835175
homosapiens_None_2023_None_sikkemalisa_001_d10_1101_2022_03_10_483747THD0014__rep0012,Goblet,0.6360887708263464
homosapiens_None_2023_None_sikkemalisa_001_d10_1101_2022_03_10_483747THD0014__rep0013,Goblet,0.648185195837004
homosapiens_None_2023_None_sikkemalisa_001_d10_1101_2022_03_10_483747VUHD103__rep0000,Goblet,0.3323762883906399
homosapiens_None_2023_None_sikkemalisa_001_d10_1101_2022_03_10_483747VUHD103__rep0001,Goblet,0.6052755444182676
homosapiens_None_2023_None_sikkemalisa_001_d10_1101_2022_03_10_483747VUHD103__rep0002,Goblet,0.6071246249047916
homosapiens_None_2023_None_sikkemalisa_001_d10_1101_2022_03_10_483747VUHD103__rep0003,Goblet,0.5938525033761609
homosapiens_None_2023_None_sikkemalisa_001_d10_1101_2022_03_10_483747VUHD103__rep0004,Goblet,0.5023649283425375
homosapiens_None_2023_None_sikkemalisa_001_d10_1101_2022_03_10_483747VUHD103__rep0005,Goblet,0.4406322634386171
homosapiens_None_2023_None_sikkemalisa_001_d10_1101_2022_03_10_483747VUHD103__rep0006,Goblet,0.627765082741075
homosapiens_None_2023_None_sikkemalisa_001_d10_1101_2022_03_10_483747VUHD103__rep0007,Goblet,0.486365123037934
homosapiens_None_2023_None_sikkemalisa_001_d10_1101_2022_03_10_483747VUHD103__rep0008,Goblet,0.6292254621208336
homosapiens_None_2023_None_sikkemalisa_001_d10_1101_2022_03_10_483747VUHD103__rep0009,Goblet,0.6129314555051224
homosapiens_None_2023_None_sikkemalisa_001_d10_1101_2022_03_10_483747VUHD103__rep0010,Goblet,0.6008375038228597
homosapiens_None_2023_None_sikkemalisa_001_d10_1101_2022_03_10_483747VUHD103__rep0011,Goblet,0.5971267514769233
homosapiens_None_2023_None_sikkemalisa_001_d10_1101_2022_03_10_483747VUHD103__rep0012,Goblet,0.5979825553724872
homosapiens_None_2023_None_sikkemalisa_001_d10_1101_2022_03_10_483747VUHD103__rep0013,Goblet,0.5829043883880222
homosapiens_None_2023_None_sikkemalisa_001_d10_1101_2022_03_10_483747VUHD103__rep0014,Goblet,0.4694264237245358
homosapiens_None_2023_None_sikkemalisa_001_d10_1101_2022_03_10_483747THD0007__rep0000,Macrophages MARCO-,0.726169640185695
homosapiens_None_2023_None_sikkemalisa_001_d10_1101_2022_03_10_483747THD0007__rep0001,Macrophages MARCO-,0.6688550710382095
homosapiens_None_2023_None_sikkemalisa_001_d10_1101_2022_03_10_483747THD0007__rep0002,Macrophages MARCO-,0.6098889686894501
homosapiens_None_2023_None_sikkemalisa_001_d10_1101_2022_03_10_483747THD0007__rep0003,Macrophages MARCO-,0.669245389787421
homosapiens_None_2023_None_sikkemalisa_001_d10_1101_2022_03_10_483747THD0007__rep0004,Macrophages MARCO-,0.7196764260925049
homosapiens_None_2023_None_sikkemalisa_001_d10_1101_2022_03_10_483747THD0007__rep0005,Macrophages MARCO-,0.6743023435015052
homosapiens_None_2023_None_sikkemalisa_001_d10_1101_2022_03_10_483747THD0007__rep0007,Macrophages MARCO-,0.6506982751688839
homosapiens_None_2023_None_sikkemalisa_001_d10_1101_2022_03_10_483747THD0007__rep0008,Macrophages MARCO-,0.6813825394910075
homosapiens_None_2023_None_sikkemalisa_001_d10_1101_2022_03_10_483747THD0007__rep0009,Macrophages MARCO-,0.5443623206780284
homosapiens_None_2023_None_sikkemalisa_001_d10_1101_2022_03_10_483747THD0007__rep0010,Macrophages MARCO-,0.695495006596663
homosapiens_None_2023_None_sikkemalisa_001_d10_1101_2022_03_10_483747THD0007__rep0011,Macrophages MARCO-,0.3863688290149768
homosapiens_None_2023_None_sikkemalisa_001_d10_1101_2022_03_10_483747THD0007__rep0012,Macrophages MARCO-,0.7185377040887584
homosapiens_None_2023_None_sikkemalisa_001_d10_1101_2022_03_10_483747THD0007__rep0013,Macrophages MARCO-,0.6844825977395625
homosapiens_None_2023_None_sikkemalisa_001_d10_1101_2022_03_10_483747THD0007__rep0014,Macrophages MARCO-,0.6925711112109625
homosapiens_None_2023_None_sikkemalisa_001_d10_1101_2022_03_10_483747THD0014__rep0001,Macrophages MARCO-,0.6796144004197384
homosapiens_None_2023_None_sikkemalisa_001_d10_1101_2022_03_10_483747THD0014__rep0003,Macrophages MARCO-,0.688947475921182
homosapiens_None_2023_None_sikkemalisa_001_d10_1101_2022_03_10_483747THD0014__rep0004,Macrophages MARCO-,0.6702352848467131
homosapiens_None_2023_None_sikkemalisa_001_d10_1101_2022_03_10_483747THD0014__rep0005,Macrophages MARCO-,0.6436512815841623
homosapiens_None_2023_None_sikkemalisa_001_d10_1101_2022_03_10_483747THD0014__rep0007,Macrophages MARCO-,0.407793673745234
homosapiens_None_2023_None_sikkemalisa_001_d10_1101_2022_03_10_483747THD0014__rep0008,Macrophages MARCO-,0.7090659705167166
homosapiens_None_2023_None_sikkemalisa_001_d10_1101_2022_03_10_483747THD0014__rep0009,Macrophages MARCO-,0.7183589131326595
homosapiens_None_2023_None_sikkemalisa_001_d10_1101_2022_03_10_483747THD0014__rep0010,Macrophages MARCO-,0.7130250976867445
homosapiens_None_2023_None_sikkemalisa_001_d10_1101_2022_03_10_483747THD0014__rep0011,Macrophages MARCO-,0.707436604787413
homosapiens_None_2023_None_sikkemalisa_001_d10_1101_2022_03_10_483747THD0014__rep0012,Macrophages MARCO-,0.6617147294576855
homosapiens_None_2023_None_sikkemalisa_001_d10_1101_2022_03_10_483747THD0014__rep0013,Macrophages MARCO-,0.6856156983100815
homosapiens_None_2023_None_sikkemalisa_001_d10_1101_2022_03_10_483747THD0014__rep0014,Macrophages MARCO-,0.6798090144895109
homosapiens_None_2023_None_sikkemalisa_001_d10_1101_2022_03_10_483747VUHD071__rep0000,Macrophages MARCO-,0.5632342482913063
homosapiens_None_2023_None_sikkemalisa_001_d10_1101_2022_03_10_483747VUHD071__rep0001,Macrophages MARCO-,0.5564519437357061
homosapiens_None_2023_None_sikkemalisa_001_d10_1101_2022_03_10_483747VUHD071__rep0002,Macrophages MARCO-,0.6260167970536519
homosapiens_None_2023_None_sikkemalisa_001_d10_1101_2022_03_10_483747VUHD071__rep0003,Macrophages MARCO-,0.5515919573250265
homosapiens_None_2023_None_sikkemalisa_001_d10_1101_2022_03_10_483747VUHD071__rep0004,Macrophages MARCO-,0.626794451401974
homosapiens_None_2023_None_sikkemalisa_001_d10_1101_2022_03_10_483747VUHD071__rep0005,Macrophages MARCO-,0.6295440143908015
homosapiens_None_2023_None_sikkemalisa_001_d10_1101_2022_03_10_483747VUHD071__rep0006,Macrophages MARCO-,0.6439997854063922
homosapiens_None_2023_None_sikkemalisa_001_d10_1101_2022_03_10_483747VUHD071__rep0007,Macrophages MARCO-,0.6123650886529824
homosapiens_None_2023_None_sikkemalisa_001_d10_1101_2022_03_10_483747VUHD071__rep0008,Macrophages MARCO-,0.6268134411531625
homosapiens_None_2023_None_sikkemalisa_001_d10_1101_2022_03_10_483747VUHD071__rep0010,Macrophages MARCO-,0.5283237704039463
homosapiens_None_2023_None_sikkemalisa_001_d10_1101_2022_03_10_483747VUHD071__rep0011,Macrophages MARCO-,0.6209528002298691
homosapiens_None_2023_None_sikkemalisa_001_d10_1101_2022_03_10_483747VUHD071__rep0012,Macrophages MARCO-,0.6422160261721459
homosapiens_None_2023_None_sikkemalisa_001_d10_1101_2022_03_10_483747VUHD071__rep0013,Macrophages MARCO-,0.6269219784766475
homosapiens_None_2023_None_sikkemalisa_001_d10_1101_2022_03_10_483747VUHD071__rep0014,Macrophages MARCO-,0.5560407640942744
homosapiens_None_2023_None_sikkemalisa_001_d10_1101_2022_03_10_483747VUHD077__rep0000,Macrophages MARCO-,0.6178226008991194
homosapiens_None_2023_None_sikkemalisa_001_d10_1101_2022_03_10_483747VUHD077__rep0002,Macrophages MARCO-,0.4702114135385063
homosapiens_None_2023_None_sikkemalisa_001_d10_1101_2022_03_10_483747VUHD077__rep0003,Macrophages MARCO-,0.5579448932029687
homosapiens_None_2023_None_sikkemalisa_001_d10_1101_2022_03_10_483747VUHD077__rep0004,Macrophages MARCO-,0.5989036015751283
homosapiens_None_2023_None_sikkemalisa_001_d10_1101_2022_03_10_483747VUHD077__rep0005,Macrophages MARCO-,0.6711999997166541
homosapiens_None_2023_None_sikkemalisa_001_d10_1101_2022_03_10_483747VUHD077__rep0006,Macrophages MARCO-,0.6811541477520112
homosapiens_None_2023_None_sikkemalisa_001_d10_1101_2022_03_10_483747VUHD077__rep0007,Macrophages MARCO-,0.3411801197374602
homosapiens_None_2023_None_sikkemalisa_001_d10_1101_2022_03_10_483747VUHD077__rep0008,Macrophages MARCO-,0.5922708836697421
homosapiens_None_2023_None_sikkemalisa_001_d10_1101_2022_03_10_483747VUHD077__rep0009,Macrophages MARCO-,0.6917189302397915
homosapiens_None_2023_None_sikkemalisa_001_d10_1101_2022_03_10_483747VUHD077__rep0010,Macrophages MARCO-,0.6016722894279226
homosapiens_None_2023_None_sikkemalisa_001_d10_1101_2022_03_10_483747VUHD077__rep0011,Macrophages MARCO-,0.686467049445673
homosapiens_None_2023_None_sikkemalisa_001_d10_1101_2022_03_10_483747VUHD077__rep0013,Macrophages MARCO-,0.6440468652244217
homosapiens_None_2023_None_sikkemalisa_001_d10_1101_2022_03_10_483747VUHD077__rep0014,Macrophages MARCO-,0.6809699834064484
homosapiens_None_2023_None_sikkemalisa_001_d10_1101_2022_03_10_483747VUHD103__rep0000,Macrophages MARCO-,0.6098441502794383
homosapiens_None_2023_None_sikkemalisa_001_d10_1101_2022_03_10_483747VUHD103__rep0001,Macrophages MARCO-,0.6179870715630212
homosapiens_None_2023_None_sikkemalisa_001_d10_1101_2022_03_10_483747VUHD103__rep0002,Macrophages MARCO-,0.6492786764958509
homosapiens_None_2023_None_sikkemalisa_001_d10_1101_2022_03_10_483747VUHD103__rep0003,Macrophages MARCO-,0.4658565191608808
homosapiens_None_2023_None_sikkemalisa_001_d10_1101_2022_03_10_483747VUHD103__rep0004,Macrophages MARCO-,0.4602849340699456
homosapiens_None_2023_None_sikkemalisa_001_d10_1101_2022_03_10_483747VUHD103__rep0005,Macrophages MARCO-,0.5715369281118416
homosapiens_None_2023_None_sikkemalisa_001_d10_1101_2022_03_10_483747VUHD103__rep0006,Macrophages MARCO-,0.6198798731580808
homosapiens_None_2023_None_sikkemalisa_001_d10_1101_2022_03_10_483747VUHD103__rep0007,Macrophages MARCO-,0.4709238613778273
homosapiens_None_2023_None_sikkemalisa_001_d10_1101_2022_03_10_483747VUHD103__rep0008,Macrophages MARCO-,0.6533636777732371
homosapiens_None_2023_None_sikkemalisa_001_d10_1101_2022_03_10_483747VUHD103__rep0009,Macrophages MARCO-,0.5814793178681942
homosapiens_None_2023_None_sikkemalisa_001_d10_1101_2022_03_10_483747VUHD103__rep0010,Macrophages MARCO-,0.6413162442137729
homosapiens_None_2023_None_sikkemalisa_001_d10_1101_2022_03_10_483747VUHD103__rep0011,Macrophages MARCO-,0.5699509020913391
homosapiens_None_2023_None_sikkemalisa_001_d10_1101_2022_03_10_483747VUHD103__rep0012,Macrophages MARCO-,0.6341517886716961
homosapiens_None_2023_None_sikkemalisa_001_d10_1101_2022_03_10_483747VUHD103__rep0013,Macrophages MARCO-,0.5925700361551778
homosapiens_None_2023_None_sikkemalisa_001_d10_1101_2022_03_10_483747VUHD103__rep0014,Macrophages MARCO-,0.5899463733120964
homosapiens_None_2023_None_sikkemalisa_001_d10_1101_2022_03_10_483747VUHD69__rep0000,Macrophages MARCO-,0.6292384802808741
homosapiens_None_2023_None_sikkemalisa_001_d10_1101_2022_03_10_483747VUHD69__rep0001,Macrophages MARCO-,0.6810921266348186
homosapiens_None_2023_None_sikkemalisa_001_d10_1101_2022_03_10_483747VUHD69__rep0002,Macrophages MARCO-,0.6722486216844085
homosapiens_None_2023_None_sikkemalisa_001_d10_1101_2022_03_10_483747VUHD69__rep0003,Macrophages MARCO-,0.6956329858648138
homosapiens_None_2023_None_sikkemalisa_001_d10_1101_2022_03_10_483747VUHD69__rep0004,Macrophages MARCO-,0.6346609848453272
homosapiens_None_2023_None_sikkemalisa_001_d10_1101_2022_03_10_483747VUHD69__rep0005,Macrophages MARCO-,0.7137495951276334
homosapiens_None_2023_None_sikkemalisa_001_d10_1101_2022_03_10_483747VUHD69__rep0006,Macrophages MARCO-,0.7260992722017674
homosapiens_None_2023_None_sikkemalisa_001_d10_1101_2022_03_10_483747VUHD69__rep0007,Macrophages MARCO-,0.5095511570529319
homosapiens_None_2023_None_sikkemalisa_001_d10_1101_2022_03_10_483747VUHD69__rep0008,Macrophages MARCO-,0.6925427753739047
homosapiens_None_2023_None_sikkemalisa_001_d10_1101_2022_03_10_483747VUHD69__rep0009,Macrophages MARCO-,0.6863331802766356
homosapiens_None_2023_None_sikkemalisa_001_d10_1101_2022_03_10_483747VUHD69__rep0010,Macrophages MARCO-,0.7038986867076052
homosapiens_None_2023_None_sikkemalisa_001_d10_1101_2022_03_10_483747VUHD69__rep0011,Macrophages MARCO-,0.6929172649430538
homosapiens_None_2023_None_sikkemalisa_001_d10_1101_2022_03_10_483747VUHD69__rep0012,Macrophages MARCO-,0.6835566880214811
homosapiens_None_2023_None_sikkemalisa_001_d10_1101_2022_03_10_483747VUHD69__rep0013,Macrophages MARCO-,0.6604237808772583
homosapiens_None_2023_None_sikkemalisa_001_d10_1101_2022_03_10_483747VUHD69__rep0014,Macrophages MARCO-,0.5978234357514555
homosapiens_None_2023_None_sikkemalisa_001_d10_1101_2022_03_10_483747VUHD85__rep0000,Macrophages MARCO-,0.6177823868395789
homosapiens_None_2023_None_sikkemalisa_001_d10_1101_2022_03_10_483747VUHD85__rep0001,Macrophages MARCO-,0.6720550157837815
homosapiens_None_2023_None_sikkemalisa_001_d10_1101_2022_03_10_483747VUHD85__rep0002,Macrophages MARCO-,0.6606551924112196
homosapiens_None_2023_None_sikkemalisa_001_d10_1101_2022_03_10_483747VUHD85__rep0004,Macrophages MARCO-,0.6705665469843802
homosapiens_None_2023_None_sikkemalisa_001_d10_1101_2022_03_10_483747VUHD85__rep0005,Macrophages MARCO-,0.6295507623836822
homosapiens_None_2023_None_sikkemalisa_001_d10_1101_2022_03_10_483747VUHD85__rep0006,Macrophages MARCO-,0.5126099240505281
homosapiens_None_2023_None_sikkemalisa_001_d10_1101_2022_03_10_483747VUHD85__rep0007,Macrophages MARCO-,0.4700461977730322
homosapiens_None_2023_None_sikkemalisa_001_d10_1101_2022_03_10_483747VUHD85__rep0008,Macrophages MARCO-,0.6784394279679539
homosapiens_None_2023_None_sikkemalisa_001_d10_1101_2022_03_10_483747VUHD85__rep0009,Macrophages MARCO-,0.6212490533181791
homosapiens_None_2023_None_sikkemalisa_001_d10_1101_2022_03_10_483747VUHD85__rep0010,Macrophages MARCO-,0.6476633486321369
homosapiens_None_2023_None_sikkemalisa_001_d10_1101_2022_03_10_483747VUHD85__rep0011,Macrophages MARCO-,0.4309403996464084
homosapiens_None_2023_None_sikkemalisa_001_d10_1101_2022_03_10_483747VUHD85__rep0012,Macrophages MARCO-,0.5224940396843077
homosapiens_None_2023_None_sikkemalisa_001_d10_1101_2022_03_10_483747VUHD85__rep0013,Macrophages MARCO-,0.636825172948784
homosapiens_None_2023_None_sikkemalisa_001_d10_1101_2022_03_10_483747VUHD85__rep0014,Macrophages MARCO-,0.6677589533330034
homosapiens_None_2023_None_sikkemalisa_001_d10_1101_2022_03_10_483747THD0007__rep0000,Macrophages SPP1 high,0.7184221682535162
homosapiens_None_2023_None_sikkemalisa_001_d10_1101_2022_03_10_483747THD0007__rep0001,Macrophages SPP1 high,0.682525774571555
homosapiens_None_2023_None_sikkemalisa_001_d10_1101_2022_03_10_483747THD0007__rep0002,Macrophages SPP1 high,0.6812242029856844
homosapiens_None_2023_None_sikkemalisa_001_d10_1101_2022_03_10_483747THD0007__rep0003,Macrophages SPP1 high,0.4454158524357866
homosapiens_None_2023_None_sikkemalisa_001_d10_1101_2022_03_10_483747THD0007__rep0004,Macrophages SPP1 high,0.7060807079714424
homosapiens_None_2023_None_sikkemalisa_001_d10_1101_2022_03_10_483747THD0007__rep0005,Macrophages SPP1 high,0.6729095599759658
homosapiens_None_2023_None_sikkemalisa_001_d10_1101_2022_03_10_483747THD0007__rep0006,Macrophages SPP1 high,0.6743269804816543
homosapiens_None_2023_None_sikkemalisa_001_d10_1101_2022_03_10_483747THD0007__rep0007,Macrophages SPP1 high,0.6742290155401451
homosapiens_None_2023_None_sikkemalisa_001_d10_1101_2022_03_10_483747THD0007__rep0008,Macrophages SPP1 high,0.715203524587466
homosapiens_None_2023_None_sikkemalisa_001_d10_1101_2022_03_10_483747THD0007__rep0011,Macrophages SPP1 high,0.624906199771361
homosapiens_None_2023_None_sikkemalisa_001_d10_1101_2022_03_10_483747THD0007__rep0012,Macrophages SPP1 high,0.7038200852073424
homosapiens_None_2023_None_sikkemalisa_001_d10_1101_2022_03_10_483747THD0007__rep0013,Macrophages SPP1 high,0.6807226473181173
homosapiens_None_2023_None_sikkemalisa_001_d10_1101_2022_03_10_483747THD0007__rep0014,Macrophages SPP1 high,0.6882077855542805
homosapiens_None_2023_None_sikkemalisa_001_d10_1101_2022_03_10_483747THD0014__rep0000,Macrophages SPP1 high,0.5942500338088013
homosapiens_None_2023_None_sikkemalisa_001_d10_1101_2022_03_10_483747THD0014__rep0001,Macrophages SPP1 high,0.6009381462671446
homosapiens_None_2023_None_sikkemalisa_001_d10_1101_2022_03_10_483747THD0014__rep0002,Macrophages SPP1 high,0.6021600862604899
homosapiens_None_2023_None_sikkemalisa_001_d10_1101_2022_03_10_483747THD0014__rep0003,Macrophages SPP1 high,0.591894468103137
homosapiens_None_2023_None_sikkemalisa_001_d10_1101_2022_03_10_483747THD0014__rep0004,Macrophages SPP1 high,0.574178874318672
homosapiens_None_2023_None_sikkemalisa_001_d10_1101_2022_03_10_483747THD0014__rep0006,Macrophages SPP1 high,0.5889962354334574
homosapiens_None_2023_None_sikkemalisa_001_d10_1101_2022_03_10_483747THD0014__rep0007,Macrophages SPP1 high,0.5444211228241734
homosapiens_None_2023_None_sikkemalisa_001_d10_1101_2022_03_10_483747THD0014__rep0008,Macrophages SPP1 high,0.5991730456680998
homosapiens_None_2023_None_sikkemalisa_001_d10_1101_2022_03_10_483747THD0014__rep0009,Macrophages SPP1 high,0.6214761604845491
homosapiens_None_2023_None_sikkemalisa_001_d10_1101_2022_03_10_483747THD0014__rep0011,Macrophages SPP1 high,0.5127707841502092
homosapiens_None_2023_None_sikkemalisa_001_d10_1101_2022_03_10_483747THD0014__rep0012,Macrophages SPP1 high,0.5966310969003774
homosapiens_None_2023_None_sikkemalisa_001_d10_1101_2022_03_10_483747THD0014__rep0013,Macrophages SPP1 high,0.5491135224577568
homosapiens_None_2023_None_sikkemalisa_001_d10_1101_2022_03_10_483747VUHD071__rep0000,Macrophages SPP1 high,0.5906109019208309
homosapiens_None_2023_None_sikkemalisa_001_d10_1101_2022_03_10_483747VUHD071__rep0001,Macrophages SPP1 high,0.5116720356228747
homosapiens_None_2023_None_sikkemalisa_001_d10_1101_2022_03_10_483747VUHD071__rep0002,Macrophages SPP1 high,0.6534432664650052
homosapiens_None_2023_None_sikkemalisa_001_d10_1101_2022_03_10_483747VUHD071__rep0003,Macrophages SPP1 high,0.5883405223459852
homosapiens_None_2023_None_sikkemalisa_001_d10_1101_2022_03_10_483747VUHD071__rep0004,Macrophages SPP1 high,0.6491121627726042
homosapiens_None_2023_None_sikkemalisa_001_d10_1101_2022_03_10_483747VUHD071__rep0005,Macrophages SPP1 high,0.6163162047988309
homosapiens_None_2023_None_sikkemalisa_001_d10_1101_2022_03_10_483747VUHD071__rep0006,Macrophages SPP1 high,0.6120708937950812
homosapiens_None_2023_None_sikkemalisa_001_d10_1101_2022_03_10_483747VUHD071__rep0007,Macrophages SPP1 high,0.6238574513992003
homosapiens_None_2023_None_sikkemalisa_001_d10_1101_2022_03_10_483747VUHD071__rep0008,Macrophages SPP1 high,0.6524454063870008
homosapiens_None_2023_None_sikkemalisa_001_d10_1101_2022_03_10_483747VUHD071__rep0010,Macrophages SPP1 high,0.6316096774405933
homosapiens_None_2023_None_sikkemalisa_001_d10_1101_2022_03_10_483747VUHD071__rep0011,Macrophages SPP1 high,0.6521367782626265
homosapiens_None_2023_None_sikkemalisa_001_d10_1101_2022_03_10_483747VUHD071__rep0012,Macrophages SPP1 high,0.5297336629727868
homosapiens_None_2023_None_sikkemalisa_001_d10_1101_2022_03_10_483747VUHD071__rep0013,Macrophages SPP1 high,0.4790602894900514
homosapiens_None_2023_None_sikkemalisa_001_d10_1101_2022_03_10_483747VUHD071__rep0014,Macrophages SPP1 high,0.6021159417723148
homosapiens_None_2023_None_sikkemalisa_001_d10_1101_2022_03_10_483747VUHD077__rep0000,Macrophages SPP1 high,0.5038833949923346
homosapiens_None_2023_None_sikkemalisa_001_d10_1101_2022_03_10_483747VUHD077__rep0001,Macrophages SPP1 high,0.5179276454838869
homosapiens_None_2023_None_sikkemalisa_001_d10_1101_2022_03_10_483747VUHD077__rep0002,Macrophages SPP1 high,0.4510912096363174
homosapiens_None_2023_None_sikkemalisa_001_d10_1101_2022_03_10_483747VUHD077__rep0003,Macrophages SPP1 high,0.3712840554273998
homosapiens_None_2023_None_sikkemalisa_001_d10_1101_2022_03_10_483747VUHD077__rep0004,Macrophages SPP1 high,0.5020279404018864
homosapiens_None_2023_None_sikkemalisa_001_d10_1101_2022_03_10_483747VUHD077__rep0005,Macrophages SPP1 high,0.5290916054371044
homosapiens_None_2023_None_sikkemalisa_001_d10_1101_2022_03_10_483747VUHD077__rep0007,Macrophages SPP1 high,0.4960237358253636
homosapiens_None_2023_None_sikkemalisa_001_d10_1101_2022_03_10_483747VUHD077__rep0008,Macrophages SPP1 high,0.489554514846615
homosapiens_None_2023_None_sikkemalisa_001_d10_1101_2022_03_10_483747VUHD077__rep0009,Macrophages SPP1 high,0.5269047091853063
homosapiens_None_2023_None_sikkemalisa_001_d10_1101_2022_03_10_483747VUHD077__rep0010,Macrophages SPP1 high,0.5696467635316398
homosapiens_None_2023_None_sikkemalisa_001_d10_1101_2022_03_10_483747VUHD077__rep0011,Macrophages SPP1 high,0.5256567255026341
homosapiens_None_2023_None_sikkemalisa_001_d10_1101_2022_03_10_483747VUHD077__rep0012,Macrophages SPP1 high,0.511658587185232
homosapiens_None_2023_None_sikkemalisa_001_d10_1101_2022_03_10_483747VUHD077__rep0013,Macrophages SPP1 high,0.5137322272779171
homosapiens_None_2023_None_sikkemalisa_001_d10_1101_2022_03_10_483747VUHD103__rep0000,Macrophages SPP1 high,0.5919741005134229
homosapiens_None_2023_None_sikkemalisa_001_d10_1101_2022_03_10_483747VUHD103__rep0001,Macrophages SPP1 high,0.533735259263207
homosapiens_None_2023_None_sikkemalisa_001_d10_1101_2022_03_10_483747VUHD103__rep0002,Macrophages SPP1 high,0.6082502930963692
homosapiens_None_2023_None_sikkemalisa_001_d10_1101_2022_03_10_483747VUHD103__rep0004,Macrophages SPP1 high,0.5649567921062228
homosapiens_None_2023_None_sikkemalisa_001_d10_1101_2022_03_10_483747VUHD103__rep0005,Macrophages SPP1 high,0.6072357545788222
homosapiens_None_2023_None_sikkemalisa_001_d10_1101_2022_03_10_483747VUHD103__rep0006,Macrophages SPP1 high,0.6135930205800674
homosapiens_None_2023_None_sikkemalisa_001_d10_1101_2022_03_10_483747VUHD103__rep0007,Macrophages SPP1 high,0.632110631636813
homosapiens_None_2023_None_sikkemalisa_001_d10_1101_2022_03_10_483747VUHD103__rep0008,Macrophages SPP1 high,0.6252407745804422
homosapiens_None_2023_None_sikkemalisa_001_d10_1101_2022_03_10_483747VUHD103__rep0009,Macrophages SPP1 high,0.5762827413582539
homosapiens_None_2023_None_sikkemalisa_001_d10_1101_2022_03_10_483747VUHD103__rep0010,Macrophages SPP1 high,0.5062964151574885
homosapiens_None_2023_None_sikkemalisa_001_d10_1101_2022_03_10_483747VUHD103__rep0011,Macrophages SPP1 high,0.6064186999674711
homosapiens_None_2023_None_sikkemalisa_001_d10_1101_2022_03_10_483747VUHD103__rep0012,Macrophages SPP1 high,0.4127171991397129
homosapiens_None_2023_None_sikkemalisa_001_d10_1101_2022_03_10_483747VUHD103__rep0013,Macrophages SPP1 high,0.4571509475509817
homosapiens_None_2023_None_sikkemalisa_001_d10_1101_2022_03_10_483747VUHD69__rep0000,Macrophages SPP1 high,0.6676719913797878
homosapiens_None_2023_None_sikkemalisa_001_d10_1101_2022_03_10_483747VUHD69__rep0001,Macrophages SPP1 high,0.6612835307656071
homosapiens_None_2023_None_sikkemalisa_001_d10_1101_2022_03_10_483747VUHD69__rep0002,Macrophages SPP1 high,0.6202488874555767
homosapiens_None_2023_None_sikkemalisa_001_d10_1101_2022_03_10_483747VUHD69__rep0003,Macrophages SPP1 high,0.6464495263539091
homosapiens_None_2023_None_sikkemalisa_001_d10_1101_2022_03_10_483747VUHD69__rep0005,Macrophages SPP1 high,0.6441537064539985
homosapiens_None_2023_None_sikkemalisa_001_d10_1101_2022_03_10_483747VUHD69__rep0006,Macrophages SPP1 high,0.6700408956563363
homosapiens_None_2023_None_sikkemalisa_001_d10_1101_2022_03_10_483747VUHD69__rep0007,Macrophages SPP1 high,0.623496315575264
homosapiens_None_2023_None_sikkemalisa_001_d10_1101_2022_03_10_483747VUHD69__rep0008,Macrophages SPP1 high,0.6478526263236708
homosapiens_None_2023_None_sikkemalisa_001_d10_1101_2022_03_10_483747VUHD69__rep0009,Macrophages SPP1 high,0.607542308539481
homosapiens_None_2023_None_sikkemalisa_001_d10_1101_2022_03_10_483747VUHD69__rep0010,Macrophages SPP1 high,0.6228611753336152
homosapiens_None_2023_None_sikkemalisa_001_d10_1101_2022_03_10_483747VUHD69__rep0011,Macrophages SPP1 high,0.643913152116207
homosapiens_None_2023_None_sikkemalisa_001_d10_1101_2022_03_10_483747VUHD69__rep0012,Macrophages SPP1 high,0.6017014519114967
homosapiens_None_2023_None_sikkemalisa_001_d10_1101_2022_03_10_483747VUHD69__rep0013,Macrophages SPP1 high,0.6394423077031887
homosapiens_None_2023_None_sikkemalisa_001_d10_1101_2022_03_10_483747VUHD69__rep0014,Macrophages SPP1 high,0.5834223862616208
homosapiens_None_2023_None_sikkemalisa_001_d10_1101_2022_03_10_483747VUHD071__rep0001,NK cells,0.4562640009190374
homosapiens_None_2023_None_sikkemalisa_001_d10_1101_2022_03_10_483747VUHD071__rep0002,NK cells,0.5036666180147935
homosapiens_None_2023_None_sikkemalisa_001_d10_1101_2022_03_10_483747VUHD071__rep0003,NK cells,0.4451705246204356
homosapiens_None_2023_None_sikkemalisa_001_d10_1101_2022_03_10_483747VUHD071__rep0004,NK cells,0.4915276875419737
homosapiens_None_2023_None_sikkemalisa_001_d10_1101_2022_03_10_483747VUHD071__rep0005,NK cells,0.5185453710789869
homosapiens_None_2023_None_sikkemalisa_001_d10_1101_2022_03_10_483747VUHD071__rep0008,NK cells,0.5232228759811828
homosapiens_None_2023_None_sikkemalisa_001_d10_1101_2022_03_10_483747VUHD071__rep0009,NK cells,0.4927649015177331
homosapiens_None_2023_None_sikkemalisa_001_d10_1101_2022_03_10_483747VUHD071__rep0010,NK cells,0.4802779584633844
homosapiens_None_2023_None_sikkemalisa_001_d10_1101_2022_03_10_483747VUHD071__rep0011,NK cells,0.5022065251887592
homosapiens_None_2023_None_sikkemalisa_001_d10_1101_2022_03_10_483747VUHD071__rep0012,NK cells,0.522271361736535
homosapiens_None_2023_None_sikkemalisa_001_d10_1101_2022_03_10_483747VUHD071__rep0013,NK cells,0.5273416135847125
homosapiens_None_2023_None_sikkemalisa_001_d10_1101_2022_03_10_483747VUHD071__rep0014,NK cells,0.5318549255106624
homosapiens_None_2023_None_sikkemalisa_001_d10_1101_2022_03_10_483747VUHD103__rep0001,NK cells,0.4559388916289767
homosapiens_None_2023_None_sikkemalisa_001_d10_1101_2022_03_10_483747VUHD103__rep0002,NK cells,0.5159207631023438
homosapiens_None_2023_None_sikkemalisa_001_d10_1101_2022_03_10_483747VUHD103__rep0003,NK cells,0.3521991753361113
homosapiens_None_2023_None_sikkemalisa_001_d10_1101_2022_03_10_483747VUHD103__rep0004,NK cells,0.4956814580493596
homosapiens_None_2023_None_sikkemalisa_001_d10_1101_2022_03_10_483747VUHD103__rep0005,NK cells,0.5423970343847266
homosapiens_None_2023_None_sikkemalisa_001_d10_1101_2022_03_10_483747VUHD103__rep0007,NK cells,0.5500203432125089
homosapiens_None_2023_None_sikkemalisa_001_d10_1101_2022_03_10_483747VUHD103__rep0008,NK cells,0.4824845613907449
homosapiens_None_2023_None_sikkemalisa_001_d10_1101_2022_03_10_483747VUHD103__rep0009,NK cells,0.3518910262217369
homosapiens_None_2023_None_sikkemalisa_001_d10_1101_2022_03_10_483747VUHD103__rep0011,NK cells,0.510716433630369
homosapiens_None_2023_None_sikkemalisa_001_d10_1101_2022_03_10_483747VUHD103__rep0012,NK cells,0.4840591366076689
homosapiens_None_2023_None_sikkemalisa_001_d10_1101_2022_03_10_483747VUHD103__rep0013,NK cells,0.3268870510913066
homosapiens_None_2023_None_sikkemalisa_001_d10_1101_2022_03_10_483747VUHD103__rep0014,NK cells,0.493869101143509
homosapiens_None_2023_None_sikkemalisa_001_d10_1101_2022_03_10_483747VUHD69__rep0000,NK cells,0.7875161810524683
homosapiens_None_2023_None_sikkemalisa_001_d10_1101_2022_03_10_483747VUHD69__rep0001,NK cells,0.5992384938381814
homosapiens_None_2023_None_sikkemalisa_001_d10_1101_2022_03_10_483747VUHD69__rep0002,NK cells,0.6964510025326078
homosapiens_None_2023_None_sikkemalisa_001_d10_1101_2022_03_10_483747VUHD69__rep0003,NK cells,0.6409259803232435
homosapiens_None_2023_None_sikkemalisa_001_d10_1101_2022_03_10_483747VUHD69__rep0004,NK cells,0.472538016426639
homosapiens_None_2023_None_sikkemalisa_001_d10_1101_2022_03_10_483747VUHD69__rep0005,NK cells,0.5275535805007796
homosapiens_None_2023_None_sikkemalisa_001_d10_1101_2022_03_10_483747VUHD69__rep0006,NK cells,0.5909346655221918
homosapiens_None_2023_None_sikkemalisa_001_d10_1101_2022_03_10_483747VUHD69__rep0007,NK cells,0.7644544574553189
homosapiens_None_2023_None_sikkemalisa_001_d10_1101_2022_03_10_483747VUHD69__rep0008,NK cells,0.6302084274527288
homosapiens_None_2023_None_sikkemalisa_001_d10_1101_2022_03_10_483747VUHD69__rep0009,NK cells,0.6713034346136416
homosapiens_None_2023_None_sikkemalisa_001_d10_1101_2022_03_10_483747VUHD69__rep0010,NK cells,0.7886223927806968
homosapiens_None_2023_None_sikkemalisa_001_d10_1101_2022_03_10_483747VUHD69__rep0011,NK cells,0.7552305411919779
homosapiens_None_2023_None_sikkemalisa_001_d10_1101_2022_03_10_483747VUHD69__rep0013,NK cells,0.7566325604047185
homosapiens_None_2023_None_sikkemalisa_001_d10_1101_2022_03_10_483747VUHD69__rep0014,NK cells,0.7808928158749597
homosapiens_None_2023_None_sikkemalisa_001_d10_1101_2022_03_10_483747THD0007__rep0000,,0.6457305268654231
homosapiens_None_2023_None_sikkemalisa_001_d10_1101_2022_03_10_483747THD0007__rep0001,,0.6523716062999516
homosapiens_None_2023_None_sikkemalisa_001_d10_1101_2022_03_10_483747THD0007__rep0002,,0.6571575082426158
homosapiens_None_2023_None_sikkemalisa_001_d10_1101_2022_03_10_483747THD0007__rep0003,,0.7367920174689715
homosapiens_None_2023_None_sikkemalisa_001_d10_1101_2022_03_10_483747THD0007__rep0004,,0.6879320915871651
homosapiens_None_2023_None_sikkemalisa_001_d10_1101_2022_03_10_483747THD0007__rep0005,,0.6736407691662913
homosapiens_None_2023_None_sikkemalisa_001_d10_1101_2022_03_10_483747THD0007__rep0006,,0.3120459145657265
homosapiens_None_2023_None_sikkemalisa_001_d10_1101_2022_03_10_483747THD0007__rep0007,,0.7131525246804881
homosapiens_None_2023_None_sikkemalisa_001_d10_1101_2022_03_10_483747THD0007__rep0008,,0.5989330094270525
homosapiens_None_2023_None_sikkemalisa_001_d10_1101_2022_03_10_483747THD0007__rep0009,,0.7199365430176354
homosapiens_None_2023_None_sikkemalisa_001_d10_1101_2022_03_10_483747THD0007__rep0010,,0.5976678860886886
homosapiens_None_2023_None_sikkemalisa_001_d10_1101_2022_03_10_483747THD0007__rep0011,,0.6656003756171295
homosapiens_None_2023_None_sikkemalisa_001_d10_1101_2022_03_10_483747THD0007__rep0012,,0.678910294538879
homosapiens_None_2023_None_sikkemalisa_001_d10_1101_2022_03_10_483747THD0007__rep0013,,0.669707709303764
homosapiens_None_2023_None_sikkemalisa_001_d10_1101_2022_03_10_483747THD0007__rep0014,,0.5945864149653782
homosapiens_None_2023_None_sikkemalisa_001_d10_1101_2022_03_10_483747THD0014__rep0001,,0.5373933540660417
homosapiens_None_2023_None_sikkemalisa_001_d10_1101_2022_03_10_483747THD0014__rep0002,,0.6624264982022143
homosapiens_None_2023_None_sikkemalisa_001_d10_1101_2022_03_10_483747THD0014__rep0003,,0.6539223317737339
homosapiens_None_2023_None_sikkemalisa_001_d10_1101_2022_03_10_483747THD0014__rep0004,,0.3316264473011002
homosapiens_None_2023_None_sikkemalisa_001_d10_1101_2022_03_10_483747THD0014__rep0005,,0.6828646712502175
homosapiens_None_2023_None_sikkemalisa_001_d10_1101_2022_03_10_483747THD0014__rep0006,,0.5249790231828374
homosapiens_None_2023_None_sikkemalisa_001_d10_1101_2022_03_10_483747THD0014__rep0008,,0.6354441852864339
homosapiens_None_2023_None_sikkemalisa_001_d10_1101_2022_03_10_483747THD0014__rep0009,,0.6319396699529438
homosapiens_None_2023_None_sikkemalisa_001_d10_1101_2022_03_10_483747THD0014__rep0010,,0.6805407723367405
homosapiens_None_2023_None_sikkemalisa_001_d10_1101_2022_03_10_483747THD0014__rep0011,,0.661121454770194
homosapiens_None_2023_None_sikkemalisa_001_d10_1101_2022_03_10_483747THD0014__rep0013,,0.5731103007389843
homosapiens_None_2023_None_sikkemalisa_001_d10_1101_2022_03_10_483747THD0014__rep0014,,0.6611570850925562
homosapiens_None_2023_None_sikkemalisa_001_d10_1101_2022_03_10_483747VUHD071__rep0000,,0.5060345860830134
homosapiens_None_2023_None_sikkemalisa_001_d10_1101_2022_03_10_483747VUHD071__rep0001,,0.2705624322590434
homosapiens_None_2023_None_sikkemalisa_001_d10_1101_2022_03_10_483747VUHD071__rep0002,,0.6161657826409809
homosapiens_None_2023_None_sikkemalisa_001_d10_1101_2022_03_10_483747VUHD071__rep0003,,0.4770206199271109
homosapiens_None_2023_None_sikkemalisa_001_d10_1101_2022_03_10_483747VUHD071__rep0004,,0.5539487479676033
homosapiens_None_2023_None_sikkemalisa_001_d10_1101_2022_03_10_483747VUHD071__rep0005,,0.4265233811853403
homosapiens_None_2023_None_sikkemalisa_001_d10_1101_2022_03_10_483747VUHD071__rep0006,,0.6395609308185559
homosapiens_None_2023_None_sikkemalisa_001_d10_1101_2022_03_10_483747VUHD071__rep0008,,0.6365073458092082
homosapiens_None_2023_None_sikkemalisa_001_d10_1101_2022_03_10_483747VUHD071__rep0009,,0.5808678357277154
homosapiens_None_2023_None_sikkemalisa_001_d10_1101_2022_03_10_483747VUHD071__rep0010,,0.6048127339824001
homosapiens_None_2023_None_sikkemalisa_001_d10_1101_2022_03_10_483747VUHD071__rep0011,,0.6293747487500614
homosapiens_None_2023_None_sikkemalisa_001_d10_1101_2022_03_10_483747VUHD071__rep0012,,0.4908196742425952
homosapiens_None_2023_None_sikkemalisa_001_d10_1101_2022_03_10_483747VUHD071__rep0013,,0.6537004968709705
homosapiens_None_2023_None_sikkemalisa_001_d10_1101_2022_03_10_483747VUHD071__rep0014,,0.5607512109630046
homosapiens_None_2023_None_sikkemalisa_001_d10_1101_2022_03_10_483747VUHD077__rep0000,,0.5542448530136173
homosapiens_None_2023_None_sikkemalisa_001_d10_1101_2022_03_10_483747VUHD077__rep0001,,0.5129714804656609
homosapiens_None_2023_None_sikkemalisa_001_d10_1101_2022_03_10_483747VUHD077__rep0002,,0.5850335132470577
homosapiens_None_2023_None_sikkemalisa_001_d10_1101_2022_03_10_483747VUHD077__rep0003,,0.620200878922444
homosapiens_None_2023_None_sikkemalisa_001_d10_1101_2022_03_10_483747VUHD077__rep0004,,0.6472134445606782
homosapiens_None_2023_None_sikkemalisa_001_d10_1101_2022_03_10_483747VUHD077__rep0005,,0.6691405086170459
homosapiens_None_2023_None_sikkemalisa_001_d10_1101_2022_03_10_483747VUHD077__rep0006,,0.6396774241286821
homosapiens_None_2023_None_sikkemalisa_001_d10_1101_2022_03_10_483747VUHD077__rep0007,,0.6412781710014144
homosapiens_None_2023_None_sikkemalisa_001_d10_1101_2022_03_10_483747VUHD077__rep0008,,0.4990094198233516
homosapiens_None_2023_None_sikkemalisa_001_d10_1101_2022_03_10_483747VUHD077__rep0009,,0.5558056406347203
homosapiens_None_2023_None_sikkemalisa_001_d10_1101_2022_03_10_483747VUHD077__rep0010,,0.6595915221884263
homosapiens_None_2023_None_sikkemalisa_001_d10_1101_2022_03_10_483747VUHD077__rep0011,,0.6351177770224686
homosapiens_None_2023_None_sikkemalisa_001_d10_1101_2022_03_10_483747VUHD077__rep0012,,0.6084479730178479
homosapiens_None_2023_None_sikkemalisa_001_d10_1101_2022_03_10_483747VUHD077__rep0014,,0.6650381351497114
homosapiens_None_2023_None_sikkemalisa_001_d10_1101_2022_03_10_483747VUHD103__rep0000,,0.4331554074884686
homosapiens_None_2023_None_sikkemalisa_001_d10_1101_2022_03_10_483747VUHD103__rep0001,,0.5725430986532354
homosapiens_None_2023_None_sikkemalisa_001_d10_1101_2022_03_10_483747VUHD103__rep0002,,0.6298056169201246
homosapiens_None_2023_None_sikkemalisa_001_d10_1101_2022_03_10_483747VUHD103__rep0003,,0.2619636063362792
homosapiens_None_2023_None_sikkemalisa_001_d10_1101_2022_03_10_483747VUHD103__rep0004,,0.687518652609565
homosapiens_None_2023_None_sikkemalisa_001_d10_1101_2022_03_10_483747VUHD103__rep0005,,0.6684210700242187
homosapiens_None_2023_None_sikkemalisa_001_d10_1101_2022_03_10_483747VUHD103__rep0006,,0.4190542285818848
homosapiens_None_2023_None_sikkemalisa_001_d10_1101_2022_03_10_483747VUHD103__rep0007,,0.6103918194023829
homosapiens_None_2023_None_sikkemalisa_001_d10_1101_2022_03_10_483747VUHD103__rep0008,,0.5306170803524142
homosapiens_None_2023_None_sikkemalisa_001_d10_1101_2022_03_10_483747VUHD103__rep0009,,0.6362908573336581
homosapiens_None_2023_None_sikkemalisa_001_d10_1101_2022_03_10_483747VUHD103__rep0010,,0.612443209907912
homosapiens_None_2023_None_sikkemalisa_001_d10_1101_2022_03_10_483747VUHD103__rep0011,,0.4292241275973828
homosapiens_None_2023_None_sikkemalisa_001_d10_1101_2022_03_10_483747VUHD103__rep0012,,0.6131384219314279
homosapiens_None_2023_None_sikkemalisa_001_d10_1101_2022_03_10_483747VUHD103__rep0013,,0.6371772778652768
homosapiens_None_2023_None_sikkemalisa_001_d10_1101_2022_03_10_483747VUHD103__rep0014,,0.3844204405137622
homosapiens_None_2023_None_sikkemalisa_001_d10_1101_2022_03_10_483747VUHD69__rep0000,,0.7039093545220203
homosapiens_None_2023_None_sikkemalisa_001_d10_1101_2022_03_10_483747VUHD69__rep0001,,0.582133093474205
homosapiens_None_2023_None_sikkemalisa_001_d10_1101_2022_03_10_483747VUHD69__rep0004,,0.3924489121285379
homosapiens_None_2023_None_sikkemalisa_001_d10_1101_2022_03_10_483747VUHD69__rep0005,,0.7333580712957617
homosapiens_None_2023_None_sikkemalisa_001_d10_1101_2022_03_10_483747VUHD69__rep0006,,0.7038552545459431
homosapiens_None_2023_None_sikkemalisa_001_d10_1101_2022_03_10_483747VUHD69__rep0007,,0.6444426560298698
homosapiens_None_2023_None_sikkemalisa_001_d10_1101_2022_03_10_483747VUHD69__rep0008,,0.6669284216394393
homosapiens_None_2023_None_sikkemalisa_001_d10_1101_2022_03_10_483747VUHD69__rep0009,,0.2790187083286004
homosapiens_None_2023_None_sikkemalisa_001_d10_1101_2022_03_10_483747VUHD69__rep0010,,0.7059572749037875
homosapiens_None_2023_None_sikkemalisa_001_d10_1101_2022_03_10_483747VUHD69__rep0011,,0.6911181665517248
homosapiens_None_2023_None_sikkemalisa_001_d10_1101_2022_03_10_483747VUHD69__rep0012,,0.5455730531720037
homosapiens_None_2023_None_sikkemalisa_001_d10_1101_2022_03_10_483747VUHD69__rep0014,,0.6702097093370012
homosapiens_None_2023_None_sikkemalisa_001_d10_1101_2022_03_10_483747VUHD85__rep0000,,0.47274453038701
homosapiens_None_2023_None_sikkemalisa_001_d10_1101_2022_03_10_483747VUHD85__rep0001,,0.5450188447728214
homosapiens_None_2023_None_sikkemalisa_001_d10_1101_2022_03_10_483747VUHD85__rep0002,,0.6351581316177461
homosapiens_None_2023_None_sikkemalisa_001_d10_1101_2022_03_10_483747VUHD85__rep0003,,0.6500973818082048
homosapiens_None_2023_None_sikkemalisa_001_d10_1101_2022_03_10_483747VUHD85__rep0004,,0.7206672748948093
homosapiens_None_2023_None_sikkemalisa_001_d10_1101_2022_03_10_483747VUHD85__rep0005,,0.5383350713439209
homosapiens_None_2023_None_sikkemalisa_001_d10_1101_2022_03_10_483747VUHD85__rep0006,,0.6403126718439838
homosapiens_None_2023_None_sikkemalisa_001_d10_1101_2022_03_10_483747VUHD85__rep0007,,0.6177252918053241
homosapiens_None_2023_None_sikkemalisa_001_d10_1101_2022_03_10_483747VUHD85__rep0008,,0.6593671569501182
homosapiens_None_2023_None_sikkemalisa_001_d10_1101_2022_03_10_483747VUHD85__rep0009,,0.6008440658646481
homosapiens_None_2023_None_sikkemalisa_001_d10_1101_2022_03_10_483747VUHD85__rep0010,,0.5830652907088755
homosapiens_None_2023_None_sikkemalisa_001_d10_1101_2022_03_10_483747VUHD85__rep0011,,0.3719946350835157
homosapiens_None_2023_None_sikkemalisa_001_d10_1101_2022_03_10_483747VUHD85__rep0012,,0.6507412280000876
homosapiens_None_2023_None_sikkemalisa_001_d10_1101_2022_03_10_483747VUHD85__rep0013,,0.4832001310052267
homosapiens_None_2023_None_sikkemalisa_001_d10_1101_2022_03_10_483747VUHD85__rep0014,,0.5433483815674549
homosapiens_None_2023_None_sikkemalisa_001_d10_1101_2022_03_10_483747VUHD103__rep0000,Pericytes,0.5170870903241381
homosapiens_None_2023_None_sikkemalisa_001_d10_1101_2022_03_10_483747VUHD103__rep0001,Pericytes,0.5253933197199507
homosapiens_None_2023_None_sikkemalisa_001_d10_1101_2022_03_10_483747VUHD103__rep0002,Pericytes,0.556211783883792
homosapiens_None_2023_None_sikkemalisa_001_d10_1101_2022_03_10_483747VUHD103__rep0003,Pericytes,0.5381731180153553
homosapiens_None_2023_None_sikkemalisa_001_d10_1101_2022_03_10_483747VUHD103__rep0004,Pericytes,0.4981804217698443
homosapiens_None_2023_None_sikkemalisa_001_d10_1101_2022_03_10_483747VUHD103__rep0005,Pericytes,0.5269448115183597
homosapiens_None_2023_None_sikkemalisa_001_d10_1101_2022_03_10_483747VUHD103__rep0006,Pericytes,0.5412328027416874
homosapiens_None_2023_None_sikkemalisa_001_d10_1101_2022_03_10_483747VUHD103__rep0007,Pericytes,0.5185041156219886
homosapiens_None_2023_None_sikkemalisa_001_d10_1101_2022_03_10_483747VUHD103__rep0008,Pericytes,0.5234742780067575
homosapiens_None_2023_None_sikkemalisa_001_d10_1101_2022_03_10_483747VUHD103__rep0009,Pericytes,0.5519604402413969
homosapiens_None_2023_None_sikkemalisa_001_d10_1101_2022_03_10_483747VUHD103__rep0010,Pericytes,0.522652865512294
homosapiens_None_2023_None_sikkemalisa_001_d10_1101_2022_03_10_483747VUHD103__rep0011,Pericytes,0.541260541606628
homosapiens_None_2023_None_sikkemalisa_001_d10_1101_2022_03_10_483747VUHD103__rep0012,Pericytes,0.5609562733453489
homosapiens_None_2023_None_sikkemalisa_001_d10_1101_2022_03_10_483747VUHD103__rep0014,Pericytes,0.4478969004333187
homosapiens_None_2023_None_sikkemalisa_001_d10_1101_2022_03_10_483747VUHD85__rep0000,Pericytes,0.6363812716848839
homosapiens_None_2023_None_sikkemalisa_001_d10_1101_2022_03_10_483747VUHD85__rep0001,Pericytes,0.6576054500370655
homosapiens_None_2023_None_sikkemalisa_001_d10_1101_2022_03_10_483747VUHD85__rep0002,Pericytes,0.6977617622853243
homosapiens_None_2023_None_sikkemalisa_001_d10_1101_2022_03_10_483747VUHD85__rep0003,Pericytes,0.6561164689201138
homosapiens_None_2023_None_sikkemalisa_001_d10_1101_2022_03_10_483747VUHD85__rep0004,Pericytes,0.6760081363726325
homosapiens_None_2023_None_sikkemalisa_001_d10_1101_2022_03_10_483747VUHD85__rep0005,Pericytes,0.6075055395606251
homosapiens_None_2023_None_sikkemalisa_001_d10_1101_2022_03_10_483747VUHD85__rep0006,Pericytes,0.6918452404286562
homosapiens_None_2023_None_sikkemalisa_001_d10_1101_2022_03_10_483747VUHD85__rep0007,Pericytes,0.659205015609973
homosapiens_None_2023_None_sikkemalisa_001_d10_1101_2022_03_10_483747VUHD85__rep0008,Pericytes,0.7141909504387053
homosapiens_None_2023_None_sikkemalisa_001_d10_1101_2022_03_10_483747VUHD85__rep0009,Pericytes,0.4339100187892128
homosapiens_None_2023_None_sikkemalisa_001_d10_1101_2022_03_10_483747VUHD85__rep0010,Pericytes,0.6883233357210634
homosapiens_None_2023_None_sikkemalisa_001_d10_1101_2022_03_10_483747VUHD85__rep0011,Pericytes,0.6594807520285471
homosapiens_None_2023_None_sikkemalisa_001_d10_1101_2022_03_10_483747VUHD85__rep0012,Pericytes,0.5574251747640031
homosapiens_None_2023_None_sikkemalisa_001_d10_1101_2022_03_10_483747VUHD85__rep0013,Pericytes,0.6171083602630146
homosapiens_None_2023_None_sikkemalisa_001_d10_1101_2022_03_10_483747VUHD85__rep0014,Pericytes,0.6844264049862173
homosapiens_None_2023_None_sikkemalisa_001_d10_1101_2022_03_10_483747THD0007__rep0000,Plasma cells,0.5666469373175546
homosapiens_None_2023_None_sikkemalisa_001_d10_1101_2022_03_10_483747THD0007__rep0001,Plasma cells,0.4882197328125562
homosapiens_None_2023_None_sikkemalisa_001_d10_1101_2022_03_10_483747THD0007__rep0002,Plasma cells,0.5751495252016285
homosapiens_None_2023_None_sikkemalisa_001_d10_1101_2022_03_10_483747THD0007__rep0003,Plasma cells,0.5997398650260223
homosapiens_None_2023_None_sikkemalisa_001_d10_1101_2022_03_10_483747THD0007__rep0004,Plasma cells,0.60624972231805
homosapiens_None_2023_None_sikkemalisa_001_d10_1101_2022_03_10_483747THD0007__rep0005,Plasma cells,0.515728790956758
homosapiens_None_2023_None_sikkemalisa_001_d10_1101_2022_03_10_483747THD0007__rep0006,Plasma cells,0.5364066083723354
homosapiens_None_2023_None_sikkemalisa_001_d10_1101_2022_03_10_483747THD0007__rep0007,Plasma cells,0.5894189295874325
homosapiens_None_2023_None_sikkemalisa_001_d10_1101_2022_03_10_483747THD0007__rep0008,Plasma cells,0.5422581981579768
homosapiens_None_2023_None_sikkemalisa_001_d10_1101_2022_03_10_483747THD0007__rep0009,Plasma cells,0.6012667690715688
homosapiens_None_2023_None_sikkemalisa_001_d10_1101_2022_03_10_483747THD0007__rep0010,Plasma cells,0.494958681962392
homosapiens_None_2023_None_sikkemalisa_001_d10_1101_2022_03_10_483747THD0007__rep0011,Plasma cells,0.5361481708470395
homosapiens_None_2023_None_sikkemalisa_001_d10_1101_2022_03_10_483747THD0007__rep0012,Plasma cells,0.5738048685900307
homosapiens_None_2023_None_sikkemalisa_001_d10_1101_2022_03_10_483747THD0007__rep0013,Plasma cells,0.5792153478994471
homosapiens_None_2023_None_sikkemalisa_001_d10_1101_2022_03_10_483747THD0007__rep0014,Plasma cells,0.5757687343453676
homosapiens_None_2023_None_sikkemalisa_001_d10_1101_2022_03_10_483747THD0014__rep0001,Plasma cells,0.5431708842380004
homosapiens_None_2023_None_sikkemalisa_001_d10_1101_2022_03_10_483747THD0014__rep0003,Plasma cells,0.5445109326591063
homosapiens_None_2023_None_sikkemalisa_001_d10_1101_2022_03_10_483747THD0014__rep0004,Plasma cells,0.5101615227138606
homosapiens_None_2023_None_sikkemalisa_001_d10_1101_2022_03_10_483747THD0014__rep0005,Plasma cells,0.340540821339203
homosapiens_None_2023_None_sikkemalisa_001_d10_1101_2022_03_10_483747THD0014__rep0006,Plasma cells,0.5289335516423855
homosapiens_None_2023_None_sikkemalisa_001_d10_1101_2022_03_10_483747THD0014__rep0007,Plasma cells,0.3424652508687295
homosapiens_None_2023_None_sikkemalisa_001_d10_1101_2022_03_10_483747THD0014__rep0008,Plasma cells,0.5328255610240206
homosapiens_None_2023_None_sikkemalisa_001_d10_1101_2022_03_10_483747THD0014__rep0009,Plasma cells,0.4979287048825554
homosapiens_None_2023_None_sikkemalisa_001_d10_1101_2022_03_10_483747THD0014__rep0010,Plasma cells,0.5405519778684947
homosapiens_None_2023_None_sikkemalisa_001_d10_1101_2022_03_10_483747THD0014__rep0011,Plasma cells,0.4676010724142688
homosapiens_None_2023_None_sikkemalisa_001_d10_1101_2022_03_10_483747THD0014__rep0012,Plasma cells,0.4973697386219486
homosapiens_None_2023_None_sikkemalisa_001_d10_1101_2022_03_10_483747THD0014__rep0013,Plasma cells,0.517559379197883
homosapiens_None_2023_None_sikkemalisa_001_d10_1101_2022_03_10_483747THD0014__rep0014,Plasma cells,0.4927228953358747
homosapiens_None_2023_None_sikkemalisa_001_d10_1101_2022_03_10_483747VUHD071__rep0000,Plasma cells,0.5691866987789143
homosapiens_None_2023_None_sikkemalisa_001_d10_1101_2022_03_10_483747VUHD071__rep0001,Plasma cells,0.5525723977387988
homosapiens_None_2023_None_sikkemalisa_001_d10_1101_2022_03_10_483747VUHD071__rep0002,Plasma cells,0.5580605875352236
homosapiens_None_2023_None_sikkemalisa_001_d10_1101_2022_03_10_483747VUHD071__rep0003,Plasma cells,0.5711128464023443
homosapiens_None_2023_None_sikkemalisa_001_d10_1101_2022_03_10_483747VUHD071__rep0004,Plasma cells,0.3994201719593365
homosapiens_None_2023_None_sikkemalisa_001_d10_1101_2022_03_10_483747VUHD071__rep0006,Plasma cells,0.561033326292219
homosapiens_None_2023_None_sikkemalisa_001_d10_1101_2022_03_10_483747VUHD071__rep0007,Plasma cells,0.547575736773789
homosapiens_None_2023_None_sikkemalisa_001_d10_1101_2022_03_10_483747VUHD071__rep0008,Plasma cells,0.4469021948425447
homosapiens_None_2023_None_sikkemalisa_001_d10_1101_2022_03_10_483747VUHD071__rep0010,Plasma cells,0.5300995250940702
homosapiens_None_2023_None_sikkemalisa_001_d10_1101_2022_03_10_483747VUHD071__rep0011,Plasma cells,0.3716254458778542
homosapiens_None_2023_None_sikkemalisa_001_d10_1101_2022_03_10_483747VUHD071__rep0012,Plasma cells,0.5743148670327795
homosapiens_None_2023_None_sikkemalisa_001_d10_1101_2022_03_10_483747VUHD071__rep0013,Plasma cells,0.5040255381014256
homosapiens_None_2023_None_sikkemalisa_001_d10_1101_2022_03_10_483747VUHD071__rep0014,Plasma cells,0.576944302217943
homosapiens_None_2023_None_sikkemalisa_001_d10_1101_2022_03_10_483747VUHD103__rep0000,Plasma cells,0.5619345146422956
homosapiens_None_2023_None_sikkemalisa_001_d10_1101_2022_03_10_483747VUHD103__rep0001,Plasma cells,0.5416562791423689
homosapiens_None_2023_None_sikkemalisa_001_d10_1101_2022_03_10_483747VUHD103__rep0002,Plasma cells,0.5130661651945496
homosapiens_None_2023_None_sikkemalisa_001_d10_1101_2022_03_10_483747VUHD103__rep0003,Plasma cells,0.5447518679646823
homosapiens_None_2023_None_sikkemalisa_001_d10_1101_2022_03_10_483747VUHD103__rep0004,Plasma cells,0.5683434082078159
homosapiens_None_2023_None_sikkemalisa_001_d10_1101_2022_03_10_483747VUHD103__rep0005,Plasma cells,0.4386339978736177
homosapiens_None_2023_None_sikkemalisa_001_d10_1101_2022_03_10_483747VUHD103__rep0006,Plasma cells,0.4619084726522046
homosapiens_None_2023_None_sikkemalisa_001_d10_1101_2022_03_10_483747VUHD103__rep0007,Plasma cells,0.5084391196436416
homosapiens_None_2023_None_sikkemalisa_001_d10_1101_2022_03_10_483747VUHD103__rep0010,Plasma cells,0.4533825325386649
homosapiens_None_2023_None_sikkemalisa_001_d10_1101_2022_03_10_483747VUHD103__rep0012,Plasma cells,0.5542006912781939
homosapiens_None_2023_None_sikkemalisa_001_d10_1101_2022_03_10_483747VUHD103__rep0013,Plasma cells,0.5284452125130178
homosapiens_None_2023_None_sikkemalisa_001_d10_1101_2022_03_10_483747VUHD103__rep0014,Plasma cells,0.5244270697141206
homosapiens_None_2023_None_sikkemalisa_001_d10_1101_2022_03_10_483747THD0014__rep0000,Plasmacytoid DCs,0.4962578457843099
homosapiens_None_2023_None_sikkemalisa_001_d10_1101_2022_03_10_483747THD0014__rep0001,Plasmacytoid DCs,0.5259816448417
homosapiens_None_2023_None_sikkemalisa_001_d10_1101_2022_03_10_483747THD0014__rep0002,Plasmacytoid DCs,0.520501080121668
homosapiens_None_2023_None_sikkemalisa_001_d10_1101_2022_03_10_483747THD0014__rep0003,Plasmacytoid DCs,0.4999245551624367
homosapiens_None_2023_None_sikkemalisa_001_d10_1101_2022_03_10_483747THD0014__rep0004,Plasmacytoid DCs,0.4994120539541293
homosapiens_None_2023_None_sikkemalisa_001_d10_1101_2022_03_10_483747THD0014__rep0005,Plasmacytoid DCs,0.369003388185272
homosapiens_None_2023_None_sikkemalisa_001_d10_1101_2022_03_10_483747THD0014__rep0006,Plasmacytoid DCs,0.3176395417876819
homosapiens_None_2023_None_sikkemalisa_001_d10_1101_2022_03_10_483747THD0014__rep0007,Plasmacytoid DCs,0.4940169183866614
homosapiens_None_2023_None_sikkemalisa_001_d10_1101_2022_03_10_483747THD0014__rep0008,Plasmacytoid DCs,0.5215528341299871
homosapiens_None_2023_None_sikkemalisa_001_d10_1101_2022_03_10_483747THD0014__rep0009,Plasmacytoid DCs,0.5210873936980194
homosapiens_None_2023_None_sikkemalisa_001_d10_1101_2022_03_10_483747THD0014__rep0010,Plasmacytoid DCs,0.5085994347349394
homosapiens_None_2023_None_sikkemalisa_001_d10_1101_2022_03_10_483747THD0014__rep0011,Plasmacytoid DCs,0.5270126218942313
homosapiens_None_2023_None_sikkemalisa_001_d10_1101_2022_03_10_483747THD0014__rep0012,Plasmacytoid DCs,0.5177787507742703
homosapiens_None_2023_None_sikkemalisa_001_d10_1101_2022_03_10_483747THD0014__rep0013,Plasmacytoid DCs,0.4770231928992079
homosapiens_None_2023_None_sikkemalisa_001_d10_1101_2022_03_10_483747THD0014__rep0014,Plasmacytoid DCs,0.504370803127417
homosapiens_None_2023_None_sikkemalisa_001_d10_1101_2022_03_10_483747THD0007__rep0000,Transitional AT2,0.7023007654198872
homosapiens_None_2023_None_sikkemalisa_001_d10_1101_2022_03_10_483747THD0007__rep0001,Transitional AT2,0.684595708619289
homosapiens_None_2023_None_sikkemalisa_001_d10_1101_2022_03_10_483747THD0007__rep0002,Transitional AT2,0.6802429145563033
homosapiens_None_2023_None_sikkemalisa_001_d10_1101_2022_03_10_483747THD0007__rep0003,Transitional AT2,0.3261619923587817
homosapiens_None_2023_None_sikkemalisa_001_d10_1101_2022_03_10_483747THD0007__rep0004,Transitional AT2,0.678354991259254
homosapiens_None_2023_None_sikkemalisa_001_d10_1101_2022_03_10_483747THD0007__rep0006,Transitional AT2,0.661291585442858
homosapiens_None_2023_None_sikkemalisa_001_d10_1101_2022_03_10_483747THD0007__rep0007,Transitional AT2,0.683675229667923
homosapiens_None_2023_None_sikkemalisa_001_d10_1101_2022_03_10_483747THD0007__rep0008,Transitional AT2,0.6419547188037362
homosapiens_None_2023_None_sikkemalisa_001_d10_1101_2022_03_10_483747THD0007__rep0009,Transitional AT2,0.6496588362432854
homosapiens_None_2023_None_sikkemalisa_001_d10_1101_2022_03_10_483747THD0007__rep0010,Transitional AT2,0.6933819840994969
homosapiens_None_2023_None_sikkemalisa_001_d10_1101_2022_03_10_483747THD0007__rep0012,Transitional AT2,0.4952807380127214
homosapiens_None_2023_None_sikkemalisa_001_d10_1101_2022_03_10_483747THD0014__rep0000,Transitional AT2,0.6695960782035758
homosapiens_None_2023_None_sikkemalisa_001_d10_1101_2022_03_10_483747THD0014__rep0001,Transitional AT2,0.6666659933825636
homosapiens_None_2023_None_sikkemalisa_001_d10_1101_2022_03_10_483747THD0014__rep0002,Transitional AT2,0.6637439917024837
homosapiens_None_2023_None_sikkemalisa_001_d10_1101_2022_03_10_483747THD0014__rep0003,Transitional AT2,0.6818402265017278
homosapiens_None_2023_None_sikkemalisa_001_d10_1101_2022_03_10_483747THD0014__rep0004,Transitional AT2,0.4887925631741264
homosapiens_None_2023_None_sikkemalisa_001_d10_1101_2022_03_10_483747THD0014__rep0005,Transitional AT2,0.4339039160921332
homosapiens_None_2023_None_sikkemalisa_001_d10_1101_2022_03_10_483747THD0014__rep0006,Transitional AT2,0.6614739597301523
homosapiens_None_2023_None_sikkemalisa_001_d10_1101_2022_03_10_483747THD0014__rep0007,Transitional AT2,0.6606703855764055
homosapiens_None_2023_None_sikkemalisa_001_d10_1101_2022_03_10_483747THD0014__rep0008,Transitional AT2,0.6587909113954116
homosapiens_None_2023_None_sikkemalisa_001_d10_1101_2022_03_10_483747THD0014__rep0009,Transitional AT2,0.415473233450834
homosapiens_None_2023_None_sikkemalisa_001_d10_1101_2022_03_10_483747THD0014__rep0010,Transitional AT2,0.4748687862612769
homosapiens_None_2023_None_sikkemalisa_001_d10_1101_2022_03_10_483747THD0014__rep0011,Transitional AT2,0.6504982929050607
homosapiens_None_2023_None_sikkemalisa_001_d10_1101_2022_03_10_483747THD0014__rep0012,Transitional AT2,0.6565865208181311
homosapiens_None_2023_None_sikkemalisa_001_d10_1101_2022_03_10_483747THD0014__rep0013,Transitional AT2,0.6792257874998405
homosapiens_None_2023_None_sikkemalisa_001_d10_1101_2022_03_10_483747THD0014__rep0014,Transitional AT2,0.6926676397318758
homosapiens_None_2023_None_sikkemalisa_001_d10_1101_2022_03_10_483747VUHD071__rep0000,Transitional AT2,0.5621654157876507
homosapiens_None_2023_None_sikkemalisa_001_d10_1101_2022_03_10_483747VUHD071__rep0001,Transitional AT2,0.5839457768424062
homosapiens_None_2023_None_sikkemalisa_001_d10_1101_2022_03_10_483747VUHD071__rep0002,Transitional AT2,0.5765013660281985
homosapiens_None_2023_None_sikkemalisa_001_d10_1101_2022_03_10_483747VUHD071__rep0003,Transitional AT2,0.6053797023729085
homosapiens_None_2023_None_sikkemalisa_001_d10_1101_2022_03_10_483747VUHD071__rep0005,Transitional AT2,0.480598340838139
homosapiens_None_2023_None_sikkemalisa_001_d10_1101_2022_03_10_483747VUHD071__rep0006,Transitional AT2,0.6048261759273228
homosapiens_None_2023_None_sikkemalisa_001_d10_1101_2022_03_10_483747VUHD071__rep0007,Transitional AT2,0.4923785612645907
homosapiens_None_2023_None_sikkemalisa_001_d10_1101_2022_03_10_483747VUHD071__rep0008,Transitional AT2,0.4414435190964353
homosapiens_None_2023_None_sikkemalisa_001_d10_1101_2022_03_10_483747VUHD071__rep0009,Transitional AT2,0.4796182390147377
homosapiens_None_2023_None_sikkemalisa_001_d10_1101_2022_03_10_483747VUHD071__rep0010,Transitional AT2,0.5765392088673522
homosapiens_None_2023_None_sikkemalisa_001_d10_1101_2022_03_10_483747VUHD071__rep0011,Transitional AT2,0.575381393436724
homosapiens_None_2023_None_sikkemalisa_001_d10_1101_2022_03_10_483747VUHD071__rep0012,Transitional AT2,0.4934695670734274
homosapiens_None_2023_None_sikkemalisa_001_d10_1101_2022_03_10_483747VUHD071__rep0013,Transitional AT2,0.5699056259172842
homosapiens_None_2023_None_sikkemalisa_001_d10_1101_2022_03_10_483747VUHD103__rep0000,Transitional AT2,0.6000103603087026
homosapiens_None_2023_None_sikkemalisa_001_d10_1101_2022_03_10_483747VUHD103__rep0002,Transitional AT2,0.6180395410341764
homosapiens_None_2023_None_sikkemalisa_001_d10_1101_2022_03_10_483747VUHD103__rep0003,Transitional AT2,0.6366127665632393
homosapiens_None_2023_None_sikkemalisa_001_d10_1101_2022_03_10_483747VUHD103__rep0004,Transitional AT2,0.6340690514106019
homosapiens_None_2023_None_sikkemalisa_001_d10_1101_2022_03_10_483747VUHD103__rep0006,Transitional AT2,0.5442076621630864
homosapiens_None_2023_None_sikkemalisa_001_d10_1101_2022_03_10_483747VUHD103__rep0007,Transitional AT2,0.5661960737376645
homosapiens_None_2023_None_sikkemalisa_001_d10_1101_2022_03_10_483747VUHD103__rep0008,Transitional AT2,0.6502092012299696
homosapiens_None_2023_None_sikkemalisa_001_d10_1101_2022_03_10_483747VUHD103__rep0009,Transitional AT2,0.6504614746857356
homosapiens_None_2023_None_sikkemalisa_001_d10_1101_2022_03_10_483747VUHD103__rep0010,Transitional AT2,0.6120500426262769
homosapiens_None_2023_None_sikkemalisa_001_d10_1101_2022_03_10_483747VUHD103__rep0011,Transitional AT2,0.6509052836860655
homosapiens_None_2023_None_sikkemalisa_001_d10_1101_2022_03_10_483747VUHD103__rep0012,Transitional AT2,0.6335891789652196
homosapiens_None_2023_None_sikkemalisa_001_d10_1101_2022_03_10_483747VUHD103__rep0014,Transitional AT2,0.4680301805523802
homosapiens_None_2023_None_sikkemalisa_001_d10_1101_2022_03_10_483747VUHD85__rep0000,Transitional AT2,0.5380888198750613
homosapiens_None_2023_None_sikkemalisa_001_d10_1101_2022_03_10_483747VUHD85__rep0001,Transitional AT2,0.4528783612435563
homosapiens_None_2023_None_sikkemalisa_001_d10_1101_2022_03_10_483747VUHD85__rep0002,Transitional AT2,0.5848260737029106
homosapiens_None_2023_None_sikkemalisa_001_d10_1101_2022_03_10_483747VUHD85__rep0003,Transitional AT2,0.4439092091284539
homosapiens_None_2023_None_sikkemalisa_001_d10_1101_2022_03_10_483747VUHD85__rep0004,Transitional AT2,0.5412875393309178
homosapiens_None_2023_None_sikkemalisa_001_d10_1101_2022_03_10_483747VUHD85__rep0005,Transitional AT2,0.5406833578976246
homosapiens_None_2023_None_sikkemalisa_001_d10_1101_2022_03_10_483747VUHD85__rep0006,Transitional AT2,0.6022698658934797
homosapiens_None_2023_None_sikkemalisa_001_d10_1101_2022_03_10_483747VUHD85__rep0007,Transitional AT2,0.5601905113556745
homosapiens_None_2023_None_sikkemalisa_001_d10_1101_2022_03_10_483747VUHD85__rep0008,Transitional AT2,0.5721633826682078
homosapiens_None_2023_None_sikkemalisa_001_d10_1101_2022_03_10_483747VUHD85__rep0009,Transitional AT2,0.5772889041327162
homosapiens_None_2023_None_sikkemalisa_001_d10_1101_2022_03_10_483747VUHD85__rep0010,Transitional AT2,0.5245349865120252
homosapiens_None_2023_None_sikkemalisa_001_d10_1101_2022_03_10_483747VUHD85__rep0011,Transitional AT2,0.5671133127359119
homosapiens_None_2023_None_sikkemalisa_001_d10_1101_2022_03_10_483747VUHD85__rep0012,Transitional AT2,0.5634880212995591
homosapiens_None_2023_None_sikkemalisa_001_d10_1101_2022_03_10_483747VUHD85__rep0013,Transitional AT2,0.542742106767177
homosapiens_None_2023_None_sikkemalisa_001_d10_1101_2022_03_10_483747VUHD85__rep0014,Transitional AT2,0.5862952048235168
