,gene
A1BG-AS1,0.005041106115198363
A2M,0.6810038655491512
A4GALT,0.25513371442921295
AAAS,-0.047319692724521425
AACS,-0.04750887592248619
AADAT,0.35302326248865146
AAGAB,-0.1343536375816322
AAK1,0.48053488080997303
AAMDC,0.15296679924686246
AAMP,0.13025305478794386
AAR2,0.0013297944444408093
AARD,-0.03113168128133449
AASDH,0.3029766798723471
AASDHPPT,0.14052721170909654
AASS,0.41451143275080626
AATBC,0.3178894071426986
AATF,-0.10122297729184854
AATK,-0.01803997898891219
ABAT,0.02763180627884308
ABCA1,0.38052936305382545
ABCA10,0.5561768380523157
ABCA13,0.032992436893240086
ABCA2,0.18636237959985572
ABCA3,0.5786688943337739
ABCA5,0.011988796399759034
ABCA6,0.8329826428289788
ABCA7,0.08643303684553127
ABCA8,0.8119151431828372
ABCA9,0.8402923914708516
ABCB1,0.3026545534723812
ABCB10,-0.013707204938314614
ABCB7,0.17231576046585745
ABCB8,0.1986219268520941
ABCC1,0.345895711260278
ABCC10,-0.04344561062186532
ABCC3,0.3691255133069594
ABCC4,0.6548536406257575
ABCC5,0.3643536166651598
ABCC6,0.3140740107218439
ABCC8,0.42748400248044705
ABCC9,0.35902048382048163
ABCD1,-0.0052264594707285405
ABCD3,0.15608655403966165
ABCD4,0.017850658046889015
ABCE1,-0.05030865423235679
ABCF1,-0.007050437536364927
ABCF2,-0.03397516511217344
ABCF3,0.16245314259475582
ABCG1,0.38940593251239386
ABCG2,0.1025321064810206
ABHD10,0.1742791196780157
ABHD11,-0.13062081589164778
ABHD12,0.17692302974118643
ABHD13,-0.0939832175641627
ABHD14A,-0.08305149284359933
ABHD14B,0.12022941587599945
ABHD15,0.6042150124814144
ABHD17A,0.1906012384927805
ABHD17B,0.1568838975199194
ABHD17C,0.5720182084790064
ABHD18,0.15702057582550064
ABHD2,0.2546374911491873
ABHD3,0.03895369428546505
ABHD4,0.14862035132787305
ABHD5,-0.06064394776992487
ABHD6,0.3719753879631347
ABHD8,0.09429839785399607
ABI1,-0.026140288475359694
ABI2,0.2585759810158983
ABI3,0.20759772588230402
ABI3BP,0.7872741393791732
ABL1,-0.03544112628104107
ABL2,0.24620206370728273
ABLIM1,0.7062649798360248
ABLIM2,-0.04688869871301554
ABLIM3,0.5858049909878557
ABO,0.14033912290108072
ABR,0.4676433757822286
ABRACL,0.22163473016082386
ABT1,-0.056327113097553984
ABTB1,0.04997960722650548
ABTB2,0.10591407615854886
ACAA1,0.12301536972003711
ACAA2,0.07472567465121828
ACACA,0.11955602792272675
ACACB,0.2540315021942962
ACAD10,0.1727994795856628
ACAD8,-0.1763551391356841
ACAD9,0.23903976830066162
ACADL,0.4101549943213946
ACADM,0.058829574091719156
ACADS,-0.10671686026931594
ACADSB,0.24824397016304087
ACADVL,0.28144199683027604
ACAN,-0.042789659263540135
ACAP1,0.3239154212447945
ACAP2,0.18473759608284956
ACAP3,0.32700280195260867
ACAT1,-0.08343639010300449
ACAT2,-0.10144885076366267
ACBD3,-0.03945352853645678
ACBD4,0.017745525444106354
ACBD5,-0.02994060712320562
ACBD6,0.282474265152344
ACCS,-0.10036974189430892
ACD,0.06872992278021772
ACE,0.454138308366953
ACER3,0.5279274344281945
ACHE,0.1100590550609764
ACIN1,-0.009830649958572047
ACKR1,0.5273465216902363
ACKR2,-0.07075385189994966
ACKR3,0.197747121057049
ACLY,-0.1155883355180232
ACO1,0.3120802027850468
ACO2,0.029374010877127214
ACOT11,0.1537183945846048
ACOT13,0.21224607775566534
ACOT2,-0.12261190009875002
ACOT4,0.025326329128076933
ACOT7,-0.11385914825745125
ACOT8,-0.10135934146891677
ACOT9,0.0336383287206953
ACOX1,0.027408368074040245
ACOX3,-0.007434481281895229
ACOXL,0.41430147173732096
ACP1,-0.04517090607539317
ACP2,0.34719162003196613
ACP5,0.04864509371139365
ACP6,0.41649569044257934
ACRBP,0.10875988833688645
ACSF2,0.17456235073024556
ACSF3,0.10475296940224256
ACSL1,0.11800378004054729
ACSL3,0.08274777631714836
ACSL4,0.1509510923195912
ACSL5,0.1885273473549816
ACSM3,0.05187035951923825
ACSM5,0.04243327463994943
ACSS1,0.2393859374619921
ACSS2,0.17390193416341615
ACSS3,0.04487910829798786
ACTA2,0.652659935141393
ACTB,0.14551690329939976
ACTG1,-0.13235522239090378
ACTG2,0.8414783302503919
ACTL6A,0.011911237577965049
ACTN1,0.5403929867415296
ACTN4,0.5485573746679383
ACTR10,-0.06714121779309465
ACTR1A,-0.07959220487184576
ACTR1B,0.05786526629423601
ACTR2,0.2965519343029965
ACTR3,0.0971168011512257
ACTR3B,-0.08442664492035638
ACTR3C,0.2168168558629416
ACTR5,-0.0302468449184667
ACTR6,-0.23494715241926997
ACTR8,0.049651117940956405
ACVR1,0.04245788378461367
ACVR1B,0.2599106091203015
ACVR2A,-0.013434848180950117
ACVR2B,0.13200750988165835
ACVRL1,0.6069446867211681
ACYP1,-0.0854706433601246
ACYP2,-0.006243000237824156
ADA,0.39726721621036004
ADAL,0.020364907478654763
ADAM10,0.035229125380357024
ADAM12,0.544421932818151
ADAM15,0.2394329233126149
ADAM17,0.1321027168182988
ADAM19,0.3339153378777686
ADAM23,0.3107083405961919
ADAM28,0.5530692855549961
ADAM33,0.5696492513589082
ADAM8,0.07053263191653597
ADAM9,0.06493888234187621
ADAMTS1,0.6989736001398033
ADAMTS10,0.18292666798423707
ADAMTS12,0.6627744285574021
ADAMTS15,0.6242693170455365
ADAMTS2,0.42814414013604124
ADAMTS3,0.07263991138786084
ADAMTS4,0.01974069670206298
ADAMTS5,0.8243434300144209
ADAMTS6,0.5112069179685325
ADAMTS7,0.15013813330231918
ADAMTS8,0.4589149928215928
ADAMTS9,0.4847936914016261
ADAMTS9-AS1,0.07443961722627139
ADAMTS9-AS2,0.5842444974455658
ADAMTSL2,0.5816532307640938
ADAMTSL3,0.7700453292901064
ADAMTSL4,0.42130594588325376
ADAP1,-0.022302470561628283
ADAP2,0.2532503581077585
ADAR,0.18151569557229405
ADARB1,0.5721626127163555
ADAT1,0.15637104912870364
ADAT2,-0.08444016515030281
ADCK1,0.122728434238051
ADCK2,0.03057138398587566
ADCK5,-0.11134840175883155
ADCY3,0.30874650494761136
ADCY4,0.7207403848849973
ADCY5,0.5828997913297578
ADCY6,0.4877799670469846
ADCY7,0.36281185578027436
ADCY9,0.2349083204880587
ADD1,0.23721556209285374
ADD2,0.028352673541601904
ADD3,0.3280699706392094
ADGB,
ADGRA2,0.5899920057052827
ADGRA3,0.10967462947892016
ADGRB3,0.2376684704896694
ADGRD1,0.6573619507145334
ADGRE1,0.34548588597104746
ADGRE2,0.23254483438428847
ADGRE5,0.43928302150526327
ADGRF1,0.22382653263612518
ADGRF5,0.7781257704456565
ADGRG1,0.39704829298247263
ADGRG3,-0.03409216199275922
ADGRG6,0.5417351301602225
ADGRL1,0.3816724114175836
ADGRL2,0.7957609327696525
ADGRL3,0.7461790563903321
ADGRL4,0.9106583766001914
ADGRV1,0.4307055267841483
ADH1B,0.7747774596429394
ADH5,0.20096563550212249
ADHFE1,0.03189140591636408
ADI1,0.2495003839019761
ADIPOR1,-0.1456182182406013
ADIPOR2,0.5433470365244598
ADIRF,0.35439876806368026
ADK,0.12915870311288066
ADM,-0.03252073517248081
ADNP,0.026973054283905125
ADNP2,0.03422236816116129
ADO,-0.1487566611524445
ADPGK,0.35460004876690426
ADPRH,0.3083804106926352
ADPRHL1,-0.06812165815307775
ADPRM,0.019684137125048004
ADRA2A,-0.011703209824918489
ADRA2C,0.12099100231277839
ADRB1,0.7798152799305007
ADRB2,0.34624351030392286
ADRM1,-0.08642681586832231
ADSL,-0.09930729395488622
ADTRP,0.21318966010282195
AEBP1,0.6388433446467727
AEBP2,-0.05961553092706224
AEN,0.18191753298717198
AFAP1,0.290228260767904
AFAP1L1,0.6784960632467175
AFAP1L2,0.42518388688647896
AFF1,-0.018334872921465958
AFF2,0.5982840627467135
AFF3,0.6674172489727969
AFF4,0.05640203021840065
AFG3L2,-0.14743228078266735
AFMID,0.207627062035661
AFTPH,0.027105165197970387
AGA,-0.006104399250979584
AGAP1,0.4831311405785731
AGAP2-AS1,0.19243731754071366
AGAP3,0.3165366008003101
AGAP6,0.05965934776728533
AGBL1,0.04131541617070321
AGBL2,0.8459396564010164
AGBL3,0.16081592065347278
AGBL5,-0.054858204615867365
AGER,0.517151112951374
AGFG1,0.04705442421373467
AGFG2,0.376052894274944
AGGF1,-0.05713793076223348
AGK,-0.03660338792988725
AGL,0.31759972568144296
AGO1,0.11870284209814283
AGO2,-0.134469526215471
AGO3,-0.04660003650871591
AGO4,-0.0844802162538341
AGPAT1,-0.07685268855325966
AGPAT2,-0.011237761522499211
AGPAT3,0.18093922171239074
AGPAT4,0.028639441206691055
AGPAT5,0.26197107488193627
AGPS,0.2502927526097047
AGR2,0.39724657891585335
AGR3,0.040463751762532696
AGRN,0.1833602260652778
AGT,
AGTPBP1,0.2937737006193064
AGTR1,0.8479999552618473
AGTR2,0.32678110810057187
AGTRAP,-0.18166572141798282
AHCTF1,0.1360863226980373
AHCY,-0.01045920447785639
AHCYL1,-0.033494231513218925
AHCYL2,0.34508683691084185
AHDC1,0.3062123873056143
AHI1,0.5096881145638376
AHNAK,0.057028239735549865
AHNAK2,0.14359111346701992
AHR,0.29351668737924685
AHSA1,0.2479438469528641
AIDA,-0.040260346684103034
AIF1,0.11349010573484807
AIF1L,0.5702324179324604
AIFM1,-0.1427250637357321
AIFM2,0.0803595274344647
AIG1,-0.24456928796911548
AIM2,0.5275026948611862
AIMP1,0.15794379303026132
AIMP2,-0.025411373153886318
AIP,-0.09076120164520689
AJAP1,0.3711176701150534
AJUBA,0.18977295013359055
AK1,0.10173187426196242
AK2,0.139252353713212
AK3,0.05944013327572574
AK4,0.09662534679969326
AK6,0.16320633890248296
AK7,0.04339542852378378
AK9,0.20525934501247398
AKAP1,0.10860933558234834
AKAP10,0.07859618664395293
AKAP11,0.0630448649026571
AKAP12,0.8186970715807401
AKAP13,0.332314921780728
AKAP14,
AKAP17A,-0.06136664866404705
AKAP5,0.020848809843968277
AKAP6,0.5248736462136395
AKAP7,0.07669351129640598
AKAP8,-0.004224546762163769
AKAP8L,0.22522751784379136
AKAP9,0.27801994956161025
AKIP1,0.24035591761461092
AKIRIN1,0.17251895291614444
AKIRIN2,0.06375744197594055
AKNA,0.6046166083970447
AKR1A1,0.12306517892890627
AKR1B1,0.19263130561396258
AKR1C1,0.0030662768506151466
AKR1C2,0.023097273048135265
AKR1C3,0.4743639145439011
AKR7A2,-0.04245863582616261
AKT1,-0.03022644312209449
AKT2,0.24787516316407396
AKT3,0.41740835819543287
AKTIP,0.17442044354355524
ALAD,-0.06120281293170988
ALAS1,-0.037664245871589695
ALAS2,0.22158204695669542
ALCAM,0.6585977138038126
ALDH16A1,0.09463765081111192
ALDH18A1,3.3229300860874696e-05
ALDH1A1,0.5482778887333011
ALDH1A2,0.0866543204039264
ALDH1A3,0.2818112073606041
ALDH1B1,0.6350516871748801
ALDH1L1,0.3774589845949362
ALDH1L2,0.06370570840906756
ALDH2,0.29463543986426355
ALDH3A1,-0.03290504715179928
ALDH3A2,0.3894678492895431
ALDH3B1,0.29665114723949554
ALDH5A1,0.44342218687253776
ALDH6A1,0.10853885052056568
ALDH7A1,0.16271504266061051
ALDH9A1,-0.020542471801935358
ALDOA,0.09404985010176088
ALG1,-0.13105161989316733
ALG10,0.21452394977687916
ALG10B,-0.07815274742383994
ALG11,-0.13800877286778845
ALG12,-0.15583293709254076
ALG13,0.018134994785431117
ALG14,-0.15880786773037783
ALG2,-0.07382272307812994
ALG3,-0.026167393302037455
ALG5,0.031773868597772315
ALG6,0.29317857199283687
ALG8,0.1350502335680034
ALG9,0.03091411772821864
ALKBH1,0.22539402655589555
ALKBH2,-0.11729614623963143
ALKBH3,0.05435784037106646
ALKBH4,0.09541304794494057
ALKBH5,-0.01573979240182526
ALKBH6,0.05275573092619413
ALKBH7,0.03262453422888067
ALKBH8,0.053101772650045204
ALMS1,0.10438638152536067
ALOX15,-0.0469152811903578
ALOX15B,-0.010098379783814318
ALOX5,0.4502713364083198
ALOX5AP,0.272899998863099
ALPK1,0.14134994300432038
ALPK3,0.1315433598623723
ALPL,0.08961769977533887
ALPP,-0.03516973981867887
ALS2,0.2543863421130912
ALS2CL,0.2325045569648045
ALYREF,-0.07149648679857519
AMBRA1,0.1078670323011018
AMD1,0.12024070054085075
AMDHD2,0.13931400764968271
AMER1,-0.05026752414905726
AMFR,-0.11911994818760575
AMIGO1,-0.05666435266896147
AMIGO2,-0.05857300072601351
AMMECR1,-0.10050767187503858
AMMECR1L,0.3464128663453908
AMN,-0.06831389790909242
AMN1,0.16975655104708617
AMOT,-0.0287129017134762
AMOTL1,0.7127793512472155
AMOTL2,0.3664785939197016
AMPD2,0.1430078091942766
AMPD3,-0.09952899246495164
AMT,
AMY2B,0.1517772436912938
AMZ2,-0.08853381977564526
ANAPC1,-0.03808546605115501
ANAPC10,0.13775754908217105
ANAPC11,0.42700531616678644
ANAPC13,0.0249668216696345
ANAPC15,-0.07475178943932279
ANAPC16,-0.03212069478533694
ANAPC2,0.14102635516928222
ANAPC4,0.11853604467693442
ANAPC5,0.239052475168396
ANAPC7,-0.042519661512960764
ANGEL1,0.11944181038708304
ANGEL2,0.06366945014091485
ANGPT1,0.7786829489873524
ANGPT2,0.2210628450785517
ANGPTL1,0.3799763989438678
ANGPTL2,0.1529647718339863
ANGPTL4,0.4199881414156656
ANGPTL7,-0.029889850290492105
ANK1,0.20938584441319852
ANK2,0.19111568247599336
ANK3,0.4971530255410288
ANKAR,0.20647907399574353
ANKDD1A,-0.11417535668988994
ANKFN1,-0.04868333322854181
ANKFY1,-0.040528745316586255
ANKH,0.1607148767454879
ANKHD1,-0.055072389538456154
ANKIB1,-0.007561500481573642
ANKLE2,0.0486024568358102
ANKMY1,0.06220253842156325
ANKMY2,0.07063758723219826
ANKRA2,-0.07832198492654485
ANKRD1,0.5339306025260279
ANKRD10,0.07592402159737406
ANKRD11,0.41030206719911533
ANKRD12,0.05586571636153927
ANKRD13A,0.197553989212479
ANKRD13C,0.0896147844817176
ANKRD13D,-0.1297211387395103
ANKRD16,0.11893972090595765
ANKRD17,0.08506220729760455
ANKRD18A,0.1586767289454405
ANKRD22,0.3211244748344539
ANKRD26,0.17435162099053458
ANKRD27,0.23040271932522527
ANKRD28,0.4551424550657934
ANKRD29,0.5569196170494987
ANKRD33B,0.09311034244825205
ANKRD35,-0.06081869736015412
ANKRD36,0.4716046598332574
ANKRD36B,0.18269987365893572
ANKRD36C,0.16386793784514508
ANKRD37,-0.028513062181700646
ANKRD39,-0.061661908029738456
ANKRD40,-0.0595696968236094
ANKRD42,0.37000058479687753
ANKRD44,0.5225602256390737
ANKRD46,-0.07332845663253972
ANKRD49,0.06366567303355249
ANKRD50,0.4080351183006003
ANKRD52,0.11646716830309328
ANKRD54,0.1885679926821346
ANKRD6,0.0020184704825591624
ANKRD62,
ANKRD65,0.6653177571135255
ANKRD66,
ANKRD9,-0.003394880178649207
ANKS1A,0.19566921067626308
ANKS3,-0.07491069379680453
ANKS6,0.05134112161945618
ANKUB1,0.29800152866737056
ANKZF1,-0.1496941709576217
ANLN,
ANO1,0.742541696422609
ANO10,0.015035306280154249
ANO5,-0.0795968196395828
ANO6,0.43348871804498085
ANO8,-0.10380281656548536
ANO9,0.1079953097112812
ANOS1,0.2779856562590652
ANP32A,0.2749959935840119
ANP32B,0.18905131087391955
ANP32E,0.23971955147211796
ANPEP,0.2937603621367518
ANTXR1,0.7828500415243347
ANTXR2,0.4291293701622033
ANXA1,0.06533863978591929
ANXA10,0.3599329752301375
ANXA11,0.19986331757104153
ANXA2,0.3978139310482367
ANXA2R,0.2716640154493422
ANXA3,0.4068953605960038
ANXA4,0.4097008621313738
ANXA5,0.190759348798478
ANXA6,0.3104515863998062
ANXA7,0.015438672702602112
ANXA8L1,0.2656427763992653
AOAH,0.2969150983271416
AOC3,0.4870720174049992
AOX1,0.714702650972267
AP1AR,-0.056739468054206633
AP1B1,0.4219465044005194
AP1G1,0.32669571450812973
AP1G2,0.12354093989530891
AP1M1,0.0175236303453948
AP1M2,0.40604416898892093
AP1S1,-0.10320625965652315
AP1S2,0.3197978556623267
AP1S3,-0.1257210800509246
AP2A1,-0.09332962483438575
AP2A2,0.19395506828166872
AP2B1,0.11280158292362154
AP2M1,0.08195431879193672
AP2S1,-0.10503307921772294
AP3B1,-0.07426546792393897
AP3D1,0.1447432012631594
AP3M1,0.07148975042207409
AP3M2,0.3892999342355291
AP3S1,0.06241955131850967
AP3S2,-0.0696129336884011
AP4B1,-0.01428005394352403
AP4E1,-0.08767542936991872
AP4M1,0.13653358554338946
AP4S1,0.015148717717868077
AP5B1,-0.012216903193513644
AP5M1,0.2788400865266205
AP5S1,0.051713990703175707
AP5Z1,0.025333880032455024
APAF1,0.11100224360843772
APBA1,-0.09348483469009666
APBA2,0.49337980136305454
APBA3,0.19927252851285013
APBB1,0.3142184591071715
APBB1IP,0.16883288237343064
APBB2,0.5422385459640165
APBB3,0.03554095436228154
APC,0.07769491777507338
APCDD1,0.3631754031393665
APEH,0.002768034120072274
APEX1,0.2661752310284284
APEX2,-0.10416959618894912
APH1A,-0.013442904328121154
APH1B,0.13757671833288052
API5,-0.19844378326380013
APIP,0.1571931514503552
APLF,0.016993749545746267
APLN,0.4543905324291883
APLNR,-0.018460426279353796
APLP2,0.09530106341092243
APMAP,0.16731929265917345
APOA1,0.4991677652289451
APOBEC3A,-0.03943119104419195
APOBEC3D,-0.07986094801364114
APOBEC3F,0.19818842672597145
APOBEC3G,0.5843967403583686
APOBR,0.2810784584507636
APOC1,0.2413271615731703
APOD,0.30698516532883885
APOE,0.37058687013809216
APOL1,0.44516687715340725
APOL2,0.3748453326856113
APOL3,0.4453185344976562
APOL4,-0.09418469018852588
APOL6,0.39076629108290095
APOLD1,-0.11397838966594899
APOO,-0.10811877517272903
APOOL,-0.02464123704313871
APP,0.6913312198363997
APPBP2,0.03125098444185276
APPL1,0.27925344004925906
APPL2,0.057008930278538816
APRT,0.34799412392405144
APTR,0.054644020511745744
APTX,-0.02026307241391017
AQP1,0.5571007725216595
AQP3,0.4868972460578763
AQP4,0.36578855463649756
AQP5,-0.04268300174682757
AQP9,0.45710076306406683
AQR,-0.12362487239461867
AR,0.29453352162500024
ARAF,-0.05185793329291796
ARAP1,0.16887162229910951
ARAP2,0.415158433474787
ARAP3,0.5139003814640756
ARC,0.6139084936461029
ARCN1,0.18028537907531147
AREG,-0.042180407559692754
AREL1,-0.17557455850639697
ARF1,0.21096851681986054
ARF3,0.09824314039399037
ARF4,0.016076740476636014
ARF6,0.02544862535865218
ARFGAP1,-0.15023919473380484
ARFGAP2,-0.16263060542384056
ARFGAP3,-0.06694637407359824
ARFGEF1,0.13291607914601164
ARFGEF2,0.2785069723839906
ARFGEF3,0.5743949640912904
ARFIP1,-0.257214239688818
ARFIP2,-0.08313247663545847
ARFRP1,0.1323965241374834
ARG1,-0.039214773366026676
ARG2,0.5588959498125626
ARGLU1,0.43252502341550175
ARHGAP1,0.057287822151098844
ARHGAP10,0.7193431076130932
ARHGAP11A,0.6346135526523351
ARHGAP12,0.23070660120835323
ARHGAP15,0.21632767614061685
ARHGAP17,0.06294262898271298
ARHGAP18,0.5642473538111222
ARHGAP19,-0.058379489481248666
ARHGAP20,0.4681246180943713
ARHGAP21,0.30450677549793354
ARHGAP22,-0.05441943971968365
ARHGAP23,0.7234709535058423
ARHGAP24,0.2564066986999304
ARHGAP25,0.4862745064249539
ARHGAP26,0.18960528270830246
ARHGAP27,0.08219212203539115
ARHGAP28,0.7402517187579123
ARHGAP29,0.8551803278623474
ARHGAP30,0.31057126099820365
ARHGAP31,0.7144791528075214
ARHGAP32,0.3594246167884146
ARHGAP33,0.014334093968206955
ARHGAP35,0.5517148858687043
ARHGAP39,-0.016206722825815298
ARHGAP4,0.08789577736150027
ARHGAP42,0.5268280428550114
ARHGAP44,0.4366939466039976
ARHGAP5,0.2084265782615797
ARHGAP6,0.5687122491462808
ARHGAP8,0.46160990620327225
ARHGAP9,0.10700405610807956
ARHGDIA,-0.09065740023555048
ARHGDIB,0.5826610982852377
ARHGEF1,0.6094562110816509
ARHGEF10,0.2741923756260411
ARHGEF10L,0.34534738662577746
ARHGEF11,0.3057254775834793
ARHGEF12,0.5315520260753538
ARHGEF15,0.5490882119366778
ARHGEF16,0.950325415909175
ARHGEF17,0.7215731831749687
ARHGEF19,-0.03397310721133687
ARHGEF2,0.2633835030460688
ARHGEF25,0.48561716367008934
ARHGEF26,0.5961895368765351
ARHGEF28,0.46521701824856965
ARHGEF3,0.48640972899666335
ARHGEF37,0.47409871566801026
ARHGEF38,0.6854976258398627
ARHGEF4,0.16139380479474194
ARHGEF40,0.025180571421918416
ARHGEF5,0.06200438209211307
ARHGEF6,0.32157656401940793
ARHGEF7,0.42640386636707456
ARHGEF9,0.21037173737319426
ARID1A,0.16428175122156316
ARID1B,0.0475189320645719
ARID2,0.2705908801643354
ARID3A,0.4114230310916417
ARID3B,0.13036545248222717
ARID4A,0.15337609460821872
ARID4B,0.23950609325947883
ARID5A,0.23919194644160355
ARID5B,0.3694695948520185
ARIH1,-0.06578250883856622
ARIH2,0.04640609479559651
ARL1,0.023721335157392734
ARL10,0.03292875246725797
ARL11,0.3353858071286793
ARL13B,0.04678295444387828
ARL14EP,0.14194051847395378
ARL15,0.2018759381184827
ARL16,0.027817123264456636
ARL2,-0.04023975630202875
ARL2BP,0.07414221371607306
ARL3,0.09991749083298337
ARL4A,-0.04791225018856508
ARL4C,0.7143663919457804
ARL4D,-0.01023333159597688
ARL5A,-0.0597418173110295
ARL5B,0.17888901536428814
ARL6,0.3713147400805805
ARL6IP1,-0.03621635273716011
ARL6IP5,-0.005901619227875313
ARL6IP6,0.07294390424067874
ARL8A,0.1965084770220312
ARL8B,0.2203929758547907
ARMC1,-0.05365617249895298
ARMC10,0.14631010555207652
ARMC2,-0.03766547418410212
ARMC3,
ARMC5,0.03768950481938926
ARMC6,-0.024801763100237784
ARMC7,0.0295165059339305
ARMC8,-0.22307772217453412
ARMC9,0.31468164484106964
ARMCX1,0.02090642771121642
ARMCX2,-0.06229650847945852
ARMCX3,0.14162320650823215
ARMCX4,0.05065787675831963
ARMCX5,-0.1280150825595837
ARMT1,-0.07017432177042411
ARNT,0.020541494953084303
ARNT2,0.3510688698993685
ARPC1A,-0.036385333181015056
ARPC1B,-0.04876712636923778
ARPC2,0.20301864495254993
ARPC3,0.1066162667416047
ARPC4,0.17416034642182207
ARPC5,0.15755669320465762
ARPC5L,0.19958705081645162
ARPIN,-0.003953518233257496
ARPP19,0.07144610202493763
ARRB1,0.15608638647300882
ARRB2,0.44202152327596844
ARRDC1,0.006304426690464207
ARRDC2,0.3038140912627121
ARRDC3,0.36382942891064773
ARRDC4,0.06365559322686087
ARSA,0.005873886382318602
ARSB,0.06716077936913996
ARSD,0.4039041515973365
ARSG,0.1660360153766459
ARSI,-0.018804990395534526
ARSJ,0.43389140512251156
ARSK,0.4123709227714052
ART4,0.6116420180556206
ARV1,-0.055123612064501115
ARVCF,-0.03553109757856662
ASAH1,0.4465325238453555
ASAH2B,0.02866632180541762
ASAP1,0.41409284405112234
ASAP2,0.6955133995929532
ASAP3,0.05108496208835659
ASB1,-0.04432359558790472
ASB13,0.4188328654375116
ASB16-AS1,-0.061259351677570385
ASB3,-0.07531171807249962
ASB6,0.10604364174514483
ASB7,-0.12686011558747448
ASB8,-0.05809768416116058
ASCC1,-0.033375176620768124
ASCC2,-0.02531050164821881
ASCC3,0.04380327730219784
ASCL2,0.6647443980943657
ASF1A,-0.010313563732292374
ASF1B,-0.05112688174602411
ASGR2,-0.019112079157727613
ASH1L,0.06903827391110186
ASH2L,0.11313998941378187
ASL,-0.0971323913041823
ASMTL,-0.07331902758871243
ASNS,0.22600752587316414
ASNSD1,0.18591631227560407
ASPA,0.4025854511542364
ASPH,0.2642329483278463
ASPHD2,-0.061221183253568345
ASPM,0.7086515319518485
ASPN,0.4316504249305579
ASPSCR1,-0.07784719685591576
ASRGL1,0.6222464101519525
ASS1,0.17690526576007845
ASTE1,0.12539645280939593
ASXL1,0.08922129784853979
ASXL2,-0.0027541574408995913
ATAD1,0.06159917360596958
ATAD2,-0.05360836261140985
ATAD2B,-0.06475529596822792
ATAD3A,-0.06480367411423972
ATAD3B,0.1666563320298569
ATAD3C,-0.10454089065339318
ATAD5,0.3026633477965156
ATAT1,-0.12900227003567893
ATE1,0.17692843856938173
ATF1,0.28871306286692777
ATF2,0.0794567203424821
ATF3,-0.03892917588004568
ATF4,0.11171197448075512
ATF5,-0.10023900670694469
ATF6,0.20960496130887118
ATF6B,0.14664853037465808
ATF7,0.1154566848707195
ATF7IP,0.1954627832344401
ATF7IP2,0.23367571205150178
ATG10,-0.11706539931014677
ATG101,-0.09996611677556912
ATG12,0.04342093991749947
ATG13,0.22364394785696423
ATG14,-0.1871320027137045
ATG16L1,0.33497020366226654
ATG16L2,0.20614488848190157
ATG2A,0.10634489920390601
ATG2B,-0.13414612767887457
ATG3,-0.08827213273491669
ATG4A,0.04880174592275515
ATG4B,0.3026401665520347
ATG4C,0.36660255735268066
ATG4D,-0.0330606660613948
ATG5,0.2593125216137528
ATG7,0.07694594735625997
ATG9A,0.13185258600703373
ATIC,0.00981781935315007
ATL1,0.22081752602109544
ATL2,0.07942658150967837
ATL3,-0.17983275281931527
ATM,0.46994146372824475
ATMIN,0.19490413936938952
ATN1,0.3463061765663227
ATOH8,0.15360317318832434
ATOX1,0.2931516342236709
ATP10A,0.4413680534169711
ATP10D,0.07126518625778973
ATP11A,0.1966743967249435
ATP11B,0.061386132643778374
ATP11C,-0.009576714654936739
ATP13A1,-0.10605930932099943
ATP13A2,0.022919406531442782
ATP13A3,0.013800193398799138
ATP13A4,0.56735737236038
ATP1A1,0.2531612703648681
ATP1A2,0.8814242852821337
ATP1B1,0.3782896568949483
ATP1B2,0.0680443641426492
ATP1B3,0.00878149952394934
ATP2A2,0.40545339061085206
ATP2A3,0.39130329455828244
ATP2B1,0.3129259702504446
ATP2B4,0.2652742641831642
ATP2C1,0.04094486248997711
ATP2C2,0.6163751796002931
ATP6AP1,0.08266930181150069
ATP6AP1L,0.24664833363425206
ATP6AP2,0.3446423517361681
ATP6V0A1,0.356372284371717
ATP6V0A2,0.10606640461392626
ATP6V0B,0.010294077580269446
ATP6V0D1,-0.17450977779458304
ATP6V0D2,-0.05197601278262421
ATP6V0E1,0.11213457805587973
ATP6V0E2,-0.08412899750459664
ATP6V1A,0.2507901653003496
ATP6V1B2,0.3147883317608115
ATP6V1C1,0.3031604553579427
ATP6V1D,-0.19783312514145873
ATP6V1E1,0.16399593356883452
ATP6V1E2,-0.06299753662401128
ATP6V1F,-0.16893666256772608
ATP6V1G1,0.03321683283836032
ATP6V1H,-0.019360647042278148
ATP7A,-0.060169297977305726
ATP8A1,0.5128526900570344
ATP8A2,0.6342121937743118
ATP8B1,-0.08269449991469228
ATP8B2,0.44722585946863425
ATP8B4,0.2669411858423398
ATP9A,0.23903165085009348
ATP9B,0.16528884152767992
ATPAF1,-0.019570969988959828
ATPAF2,0.38337441964732055
ATR,-0.0054102083690134375
ATRAID,-0.0025489262150314514
ATRIP,-0.10335384374810076
ATRN,0.2919027436957089
ATRX,0.11738661075257387
ATXN1,0.36665896551653465
ATXN10,0.12700120013272134
ATXN1L,0.026383898076696447
ATXN2,0.10898053144520628
ATXN2L,-0.14658453241838046
ATXN3,0.3494050689006141
ATXN7,0.09395949760548772
ATXN7L1,0.10751364462345876
ATXN7L2,-0.06816764141041988
ATXN7L3,-0.08670952873492992
ATXN7L3B,0.22743601607121233
AUH,-0.039041102230323164
AUP1,0.3269066688041469
AURKA,-0.07416850003673252
AURKAIP1,0.4418019715300317
AURKB,0.38182386119839773
AUTS2,0.48791506197214923
AVEN,0.1020153438141384
AVIL,0.38887367615022084
AVL9,0.16712770779007072
AVPI1,0.24784558371512802
AXIN1,0.45587029542011953
AXIN2,0.014039362392552227
AXL,0.5997355305071707
AZGP1,-0.04574267211177244
AZI2,0.2788204925185065
AZIN1,0.2676932961319751
AZIN2,0.06490979609148445
AZU1,0.12873842867520346
B2M,0.7307893059906972
B3GALNT1,0.7872749011666299
B3GALNT2,0.4527094856116411
B3GALT4,0.05651721471747776
B3GALT6,0.015406244349381867
B3GAT3,-0.03577080428308922
B3GLCT,0.20669119637623815
B3GNT2,-0.09326715860597067
B3GNT5,0.08625807954653962
B3GNT7,-0.08667058933361049
B3GNT8,-0.04453870054473736
B3GNT9,-0.047502598008139885
B3GNTL1,-0.11773238893731525
B4GALT1,0.3455354331726696
B4GALT2,0.18307085463018316
B4GALT3,0.09472295265924578
B4GALT4,0.07585322671268771
B4GALT5,0.011611007421369711
B4GALT7,-0.07451360856385501
B4GAT1,0.33201386699572955
B9D1,0.6921564751311609
B9D2,0.24595392762634324
BAALC,0.5542467724800867
BABAM1,
BACE1,0.12213670938527062
BACE1-AS,-0.14349948197878923
BACE2,0.336412696348989
BACH1,0.26497408778023684
BACH2,0.4870087694140535
BAD,-0.107965967097805
BAG1,0.04245472935722265
BAG2,0.382922507750827
BAG3,0.25719853136774873
BAG4,0.24925652627831205
BAG5,-0.13330341167291718
BAG6,0.003329037410112397
BAHCC1,0.14028155722053468
BAHD1,0.1771419976888672
BAIAP2,0.3945798094124977
BAIAP2L1,0.3079569428920876
BAIAP3,-0.05667861660007292
BAK1,-0.0326508834647206
BAMBI,0.24834109212495872
BANF1,0.11103445080709144
BANK1,0.6617588865509813
BANP,-0.05760324445712706
BAP1,0.05708455122273483
BARD1,0.40508982706284236
BASP1,0.1483395419155174
BATF,0.3736551472637152
BATF2,0.6503928357853811
BATF3,0.36043148380364926
BAX,0.157174504919407
BAZ1A,0.27803029684905706
BAZ1B,0.3738977773866684
BAZ2A,-0.024598315332102133
BAZ2B,0.13496335804832296
BBC3,-0.07437064642318825
BBIP1,0.18172368963304203
BBOF1,-0.031133821594298207
BBS10,0.061417139302143764
BBS12,-0.06802819996457099
BBS2,0.23499303023009277
BBS4,0.018355522410309952
BBS5,
BBS7,-0.12265295967771878
BBS9,0.07833892483406725
BBX,0.06633745609875313
BCAM,0.48452924888948523
BCAP29,-0.03930470245075372
BCAP31,-0.008759558349890171
BCAR1,0.43360847839250427
BCAR3,-0.0383558836002642
BCAS1,-0.033755990433470315
BCAS2,0.03111466561102129
BCAS3,0.24288172233045643
BCAS4,0.2708623358700743
BCAT1,0.35490639743113656
BCAT2,0.030263141958499093
BCCIP,0.19843875628640345
BCDIN3D,-0.05673493522298922
BCHE,0.7905062458612877
BCKDHB,0.08993474064815246
BCKDK,-0.062445179643507855
BCL10,-0.19771450338197138
BCL11A,0.3554624735012028
BCL11B,0.8685724674359295
BCL2,0.647478546317614
BCL2A1,-0.06969898860184612
BCL2L1,-0.07744070707532992
BCL2L11,0.2426634825269055
BCL2L12,0.18933900563580752
BCL2L13,0.36418786952762305
BCL2L2,-0.08959942759573357
BCL3,0.3193119078195678
BCL6,0.233791740801623
BCL6B,0.5863656188340932
BCL7A,0.16775903455388752
BCL7B,-0.10740029315648365
BCL7C,-0.06155607919886455
BCL9,0.28390178869069627
BCL9L,0.3498996444148749
BCLAF1,0.09635346967602894
BCO2,0.6503978690625384
BCOR,-0.09130600707133943
BCORL1,0.17435375824202407
BCR,0.2301996630930257
BCS1L,-0.16883040091778204
BDH1,-0.06902240713142901
BDH2,0.3386022328163503
BDNF,0.5687178182773099
BDNF-AS,0.00299389559383067
BDP1,0.09000869919799877
BECN1,0.20731246944748916
BEND6,0.5655525202651738
BEND7,0.5501677452783765
BEST1,0.3053168300401664
BET1,-0.17872044445932014
BET1L,-0.0487646603787678
BEX1,0.3767880739960374
BEX2,0.05908667529890786
BEX4,-0.031463528536658195
BEX5,0.09342656393492757
BFAR,0.11899077998163429
BGN,0.5477728325713165
BHLHE22,
BHLHE40,0.4018822821400378
BHLHE41,0.44124924271761884
BICC1,0.8592358309565021
BICD1,0.41338684332008047
BICD2,0.16805978176439196
BID,0.11164005030168933
BIN1,0.03611288120121813
BIN2,0.5710949737516416
BIN3,-0.12018762866642642
BIRC2,8.751894533234189e-05
BIRC3,0.7078215371320279
BIRC5,0.5722649341081655
BIRC6,0.1078373044154823
BIRC7,-0.02047828623649107
BISPR,-0.08427225609225397
BLCAP,-0.02965405317684586
BLM,0.5806187949800401
BLMH,-0.020153742303088147
BLNK,0.5962481955105178
BLOC1S1,0.016558676898471486
BLOC1S2,0.0882927122583077
BLOC1S4,-0.08465578547765831
BLOC1S5,
BLOC1S6,-0.051311085895496926
BLVRA,0.2443136999988352
BLVRB,0.26802353600407103
BLZF1,-0.19904137710866512
BMF,-0.12042809187150856
BMI1,0.024335340155811583
BMP1,-0.0073026058132264725
BMP2,-0.04061670676250591
BMP2K,0.6625186776417542
BMP3,0.15633655098285967
BMP4,0.17446134775552027
BMP5,0.7529682895108181
BMP6,0.14920661716255793
BMP7,0.24434656080541697
BMPER,0.41586621876570434
BMPR1A,0.3833418666974881
BMPR1B,0.24922511937341169
BMPR2,0.7619796180998669
BMS1,-0.16437324389237942
BMX,0.7391199260157636
BNC2,0.4831264302671744
BNIP1,-0.03588165323994272
BNIP2,-0.047493364813888855
BNIP3,0.39685793782613576
BNIP3L,0.007836445626048212
BNIPL,0.037893560577298493
BOC,0.3613754813809599
BOD1,-0.10905808622693743
BOD1L1,0.11484680246518272
BOK,-0.1654751155142229
BOLA1,0.1985730085392338
BOLA3,0.3828782316100112
BOP1,-0.06531101629470794
BORCS5,-0.013798508405029993
BORCS6,-0.04379650751749446
BORCS7,-0.06878864575869849
BORCS8,-0.047614516581227846
BPGM,-0.04119369972190209
BPHL,0.12391788445937661
BPI,-0.03563519392360073
BPIFA1,
BPIFB1,0.10478679531917037
BPNT1,0.010464091165455304
BPTF,0.088751056541207
BRAF,0.2419709640385414
BRAP,0.1807732523032383
BRAT1,-0.1952423275395864
BRCA1,0.3551245544844018
BRCA2,0.5134202581270422
BRCC3,-0.11433134929938843
BRD1,0.14377653219327297
BRD2,0.06022168089185705
BRD3,-0.06305700685342033
BRD4,0.12784446096677912
BRD7,-0.16247628656163207
BRD8,-0.053220248135595276
BRD9,-0.15684160335028363
BRF1,-0.0740507710658969
BRF2,0.07034161592149812
BRI3,0.2274836737834583
BRI3BP,0.045354538493279
BRINP1,0.6893004441569922
BRIP1,-0.09929832199201638
BRIX1,-0.08673870518790139
BRK1,0.015817727546628628
BRMS1,0.4328733685096016
BRMS1L,0.0070152703229077774
BROX,-0.0811673075545048
BRPF1,-0.048834064428862164
BRPF3,0.15747778999050827
BRSK1,0.006852613943686392
BRWD1,0.08652073972770725
BRWD3,0.19289826662534376
BSDC1,-0.014916557682872927
BSG,0.17728590374444175
BSPRY,-0.041066591794966925
BST1,0.06271127385784157
BST2,0.38414562153468806
BTAF1,-0.08859119190947029
BTBD1,-0.32914462015844737
BTBD10,-0.014831611331596136
BTBD19,0.22154364573934884
BTBD2,0.26081152484740583
BTBD3,0.40337174788434793
BTBD6,-0.1325669751617384
BTBD7,-0.08929454341067922
BTBD9,0.36214330950492435
BTC,0.02199204754249244
BTD,0.1490625267210674
BTF3,0.20949437308445995
BTF3L4,0.0755325156829258
BTG1,0.6556876060196334
BTG2,0.02400176915716856
BTG3,0.3411512735893548
BTK,0.42439113983767335
BTN2A1,0.16136969152744196
BTN2A2,0.246387257463715
BTN3A1,0.5871186305726785
BTN3A2,0.44129065851981664
BTN3A3,0.23008919166109654
BTNL8,0.42030648297149154
BTNL9,0.8969648208634644
BTRC,-0.009715135641459562
BUB1,-0.04831405742044143
BUB1B,0.5780005826002157
BUB3,0.1251902610107861
BUD13,0.3821192922296944
BUD31,0.1826795343909216
BVES,0.4805876658931129
BYSL,0.3100952900539376
BZW1,-0.07486564920766774
BZW2,-0.15774253535700805
C10orf88,0.04548712795514245
C10orf95,0.024578665953148428
C11orf21,0.48307743481699333
C11orf24,0.6362897807815441
C11orf54,0.3267267187288159
C11orf58,0.075450418024424
C11orf68,-0.07295483895749255
C11orf71,-0.007098653156638153
C11orf96,0.3340171410273546
C12orf43,0.3537921223511994
C12orf57,0.1498392292647617
C12orf75,0.3049691620241737
C12orf76,0.18942372640798186
C14orf119,-0.017997604819776046
C14orf132,0.4908121203369962
C14orf28,0.2546199843810714
C14orf93,0.13661731878677977
C15orf39,-0.164441786653995
C15orf40,0.00393169653302405
C15orf48,-0.0694594822499029
C15orf61,-0.07623809554564066
C16orf54,-0.018305245652621746
C16orf74,0.1213641843365786
C16orf86,-0.06877211899484836
C16orf87,0.07037536106969984
C16orf89,0.25777899226861467
C17orf58,0.17825620985539872
C17orf67,0.10112835226548561
C17orf75,0.09779374770540099
C18orf21,-0.09705676079434482
C18orf32,-0.05857359216818561
C18orf54,-0.06312922726893952
C19orf12,0.37446307957552977
C19orf25,0.316435696877872
C19orf33,-0.0503630251369545
C19orf38,-0.010281891799068464
C19orf44,-0.0968693455812764
C19orf47,-0.040674427728930616
C19orf53,-0.02792827143703014
C1D,-0.05896159193716746
C1GALT1,0.1910558346713499
C1GALT1C1,-0.06866582237716201
C1QA,0.15734091329653782
C1QB,0.3612082649468824
C1QBP,0.14004057597003278
C1QC,0.06265292470579596
C1QTNF1,0.4760835429515462
C1QTNF2,0.25084863101579313
C1QTNF6,0.2710752846316482
C1QTNF7,0.4734995793937592
C1R,0.5301003000642815
C1RL,0.02075001997865848
C1RL-AS1,0.10296839405075603
C1S,0.535126138826581
C1orf115,0.3534779226503743
C1orf116,0.6895628156583858
C1orf122,-0.12379137573538036
C1orf131,0.10994925939249535
C1orf159,-0.0444274937041878
C1orf162,0.15968520711749784
C1orf167,0.07816308283059038
C1orf174,0.24812845676530745
C1orf198,0.2972933469798261
C1orf21,0.34694362691696534
C1orf210,0.15872103473294924
C1orf216,0.11417894402587979
C1orf35,-0.10631338615117365
C1orf43,0.09522735377886879
C1orf50,-0.07487645822063108
C1orf52,-0.1043854814568031
C1orf54,0.5483003692039511
C1orf56,-0.038797439836339286
C2,0.34433182835429765
C20orf96,0.4245842770558125
C21orf58,0.7863053026352764
C21orf91,0.2766652906421361
C22orf15,
C22orf39,-0.08155323062146387
C2CD2,0.47724034866898324
C2CD2L,0.08661166701429408
C2CD3,0.026060110786715288
C2CD4A,
C2CD4B,0.09868780403361965
C2CD5,-0.024182827366404185
C2orf49,0.12402628930101754
C2orf68,-0.0444103505965092
C2orf69,-0.15587783290278936
C2orf73,-0.05391115858501611
C2orf88,0.2049342709548576
C3,0.5907238024096911
C3AR1,0.6001445694694146
C3orf33,-0.07588392402987608
C3orf36,0.14307557309043029
C3orf38,0.16002075903070356
C3orf52,0.7454108623789409
C3orf62,-0.017009851827465998
C3orf70,0.3326145893632923
C4BPA,0.5786532525033522
C4orf3,0.31844095863243865
C4orf33,0.16516016988099627
C4orf36,0.2889650085040249
C4orf46,-0.05435975709310078
C5,0.15188943630008964
C5AR1,0.09975102329718445
C5AR2,0.35339160486923543
C5orf15,0.25647938575462353
C5orf22,0.23252220362490875
C5orf24,-0.005193782310306055
C5orf63,0.12970581473712567
C6,
C6orf120,-0.022039321261458827
C6orf132,0.34946997870095353
C6orf136,0.022617838161634304
C6orf141,0.6165743854928851
C6orf226,-0.057596789074170845
C6orf47,0.4034980559988354
C6orf62,0.10565157501103
C6orf89,-0.03940990783016646
C7,0.7388841586999273
C7orf50,-0.07964211759117279
C8orf33,-0.03664466056766669
C8orf34,0.5226493099232221
C8orf34-AS1,0.2066693205819347
C8orf44,-0.005800736995983696
C8orf58,0.030598221110204334
C8orf76,0.0751974817033689
C8orf82,0.20990332003096787
C9orf152,0.31875792801604136
C9orf40,-0.15235823379751995
C9orf72,0.1460836496797326
C9orf78,0.00616730317573482
C9orf85,0.11305005867486148
CA1,0.1064249803954943
CA11,-0.050227511013399645
CA12,-0.03916482948802745
CA13,-0.055312452111282794
CA2,-0.0074194849038778906
CA3,0.5410170709386103
CA4,0.63341114329714
CA5B,-0.060155335039666
CA8,0.1416401630113823
CAAP1,-0.2728834684279203
CAB39,0.12467575605580174
CAB39L,0.22766285780629503
CABIN1,0.3477763483726514
CABLES1,0.5676960516602443
CABLES2,-0.07488546622631004
CABP4,0.317846963297053
CACFD1,-0.08468275986831765
CACHD1,0.277625819366279
CACNA1A,0.9761626216687213
CACNA1C,0.8544505389981829
CACNA1D,0.617692149685577
CACNA1H,0.6663913891394084
CACNA2D1,0.6719537065566678
CACNA2D2,0.5987743383877615
CACNA2D3,0.2331372487283958
CACNA2D4,0.012888807779437418
CACNB1,0.08833548264364861
CACNB2,0.26631278705086575
CACNB3,0.04162011038017474
CACNB4,0.2408851692804484
CACNG4,0.665248966023076
CACTIN,0.015149270623967993
CACUL1,0.039145594682285796
CACYBP,-0.048000895732516285
CAD,0.0585517691812053
CADM1,0.5555996753394483
CADM2,0.08128662724538509
CADM3,0.5855415424079198
CADM3-AS1,0.9496038973921748
CADM4,-0.05877063032528278
CADPS2,0.46934168891009626
CALCOCO1,0.012635485891277243
CALCOCO2,0.28459879550281914
CALCRL,0.771141285221418
CALD1,0.8518937400479656
CALHM2,0.07917631170565703
CALM1,0.39407944087942753
CALM2,0.02400376059469901
CALM3,0.1587717578451771
CALR,-0.02009508839635455
CALU,-0.08109294830180447
CAMK1,0.12858156630090564
CAMK1D,0.21174300977564225
CAMK2D,0.08542954620180891
CAMK2G,0.037238449883873606
CAMK2N1,0.5822175480206911
CAMK4,0.5901650570143658
CAMKK2,-0.07423616396103061
CAMKMT,0.006540589524681437
CAMLG,0.021722275282428413
CAMP,
CAMSAP1,-0.01395158730897408
CAMSAP2,0.46913978677665374
CAMSAP3,0.2757486043307674
CAMTA1,0.14294883880854964
CAMTA2,0.10883591305612014
CAND1,0.12498105115555076
CAND2,0.1573952881662935
CANT1,-0.12455397885991587
CANX,0.1321514234947558
CAP1,0.13613594584827962
CAP2,0.35765930130209167
CAPG,-0.02973920146379428
CAPN1,0.15377800111099327
CAPN10,-0.16074873862341663
CAPN12,0.0009420314343702089
CAPN15,-0.007665978529511137
CAPN2,0.440663634905567
CAPN5,0.3051123496116623
CAPN7,-0.021199289178187614
CAPN8,0.5167433230921615
CAPN9,-0.0558930735358486
CAPNS1,0.22517851881216588
CAPRIN1,-0.187903388151803
CAPRIN2,0.3444651226592918
CAPS,0.45796631530091625
CAPS2,0.26472261795276153
CAPSL,-0.044939539249296986
CAPZA1,0.21459647677746105
CAPZA2,0.26324732604749906
CAPZB,0.2962613208068568
CARD10,0.5721676920332771
CARD11,0.5918624034239458
CARD16,-0.08973596007037182
CARD19,0.2708531877350355
CARD6,-0.009621296962906783
CARD8,0.07656088614438501
CARD8-AS1,-0.022580899434212535
CARF,0.08446555133311506
CARHSP1,0.4238536892459572
CARM1,0.048774807157639016
CARNMT1,0.018201968975645844
CARS2,0.06063973789671193
CASC15,0.4668281253638496
CASC2,0.7138555604896237
CASC3,0.1540071024298901
CASD1,0.2280460558889407
CASK,0.3432042279561356
CASKIN2,0.7240168483893733
CASP1,0.3356391481915291
CASP10,0.2971450948602154
CASP2,0.2972371417257326
CASP3,-0.06464617293972513
CASP4,-0.17044021074212787
CASP5,0.19957769519990837
CASP6,0.16825857168790184
CASP7,-0.07438115358141123
CASP8,0.2254044116284966
CASP8AP2,0.24308640797059722
CASP9,-0.08084212472950092
CASQ2,0.9306252206424932
CASS4,0.3331750402953405
CAST,-0.002119638160282179
CASZ1,0.6641256741201637
CAT,0.09059180995436036
CATSPERD,
CAV1,0.5296309474975641
CAV2,0.6024605551900255
CBFA2T2,0.03608709617351742
CBFA2T3,0.43243603121378643
CBFB,0.05560346733939649
CBL,0.3848803836261872
CBLB,0.4313236752140134
CBLL1,-0.25067078072979165
CBLN3,-0.0608193413204784
CBR1,0.21502167415548903
CBR3,0.18483115275782663
CBR4,0.30991267086582025
CBX1,-0.0995088130045339
CBX3,0.045368535217223845
CBX4,-0.041665045361317675
CBX5,0.1762873182985936
CBX6,0.21351808228181599
CBX7,0.4308225636245552
CBY1,-0.07136604038852405
CC2D1A,0.052403228162940796
CC2D1B,0.015986417886015663
CC2D2A,0.30900328520838194
CCAR1,-0.04802159090609024
CCAR2,0.07455840055892321
CCBE1,0.7843427907647047
CCDC102A,0.16434407282229596
CCDC102B,0.6897303617252536
CCDC106,0.1664157214147398
CCDC107,-0.03904257877094844
CCDC112,0.09757571216716812
CCDC115,-0.03916453378460977
CCDC117,-0.033577647837394836
CCDC12,0.1629401545594341
CCDC120,0.01896881437068602
CCDC121,-0.051990958703703107
CCDC122,0.1590123229838137
CCDC124,0.058126193680200215
CCDC125,0.11211919267485224
CCDC126,-0.04613110359079082
CCDC127,-0.11546701320940246
CCDC137,-0.054384394047497155
CCDC14,0.018918180562160627
CCDC141,0.5292769177695317
CCDC142,-0.09012457253345713
CCDC146,0.4374631789435714
CCDC149,0.3670785103601715
CCDC15,0.0790585494011018
CCDC152,0.1900811482620187
CCDC159,0.01164641546933139
CCDC167,0.10198118689145737
CCDC17,
CCDC170,0.6162949346965189
CCDC171,0.23735664759394937
CCDC174,-0.21334285929417124
CCDC18,0.24593753235223711
CCDC181,-0.029843705834236078
CCDC186,0.2596566000281756
CCDC190,0.9584994565710503
CCDC191,0.45094387216373294
CCDC22,-0.15309274960573363
CCDC24,0.33508085449198644
CCDC25,-0.21152560766277326
CCDC28A,-0.16226028257975583
CCDC28B,0.04629453080356756
CCDC3,0.2925429224039646
CCDC30,0.3609450765900569
CCDC34,-0.07207672224223954
CCDC39,-0.09003478711442536
CCDC40,-0.05480539648609963
CCDC43,0.10912079064127682
CCDC47,0.038467329275452926
CCDC50,0.19572644595908012
CCDC51,-0.05886768317237866
CCDC57,-0.012704961098008595
CCDC59,-0.21842424999473134
CCDC6,-0.06718266442382329
CCDC61,-0.08655580379085673
CCDC66,0.1954351129307961
CCDC68,0.5294159449498004
CCDC69,0.23639798119909466
CCDC7,0.29522675546801824
CCDC71,0.07693466679978561
CCDC71L,-0.06585170902476606
CCDC74A,-0.07000204219463628
CCDC77,-0.1996021353056893
CCDC8,0.1095152986616997
CCDC80,0.6696190950092948
CCDC81,0.7068810043798365
CCDC82,0.2819502911852925
CCDC85B,-0.04913001190382946
CCDC85C,0.4892656124533185
CCDC86,-0.08896367586552847
CCDC88A,0.6864850086670626
CCDC88B,0.25572032049755916
CCDC88C,0.6491372932375518
CCDC9,0.11600524758299757
CCDC90B,0.009352880060470425
CCDC91,0.19594540141339714
CCDC92,-0.05043586158281861
CCDC93,0.05946782943789917
CCDC97,-0.028988136526652546
CCHCR1,-0.08364508074406164
CCL11,
CCL13,-0.035769437947353835
CCL17,-0.034296043425957816
CCL18,0.7761654944048529
CCL19,
CCL2,0.3700082645362195
CCL20,-0.07148419649043282
CCL21,0.8141515604941145
CCL22,0.705731263985275
CCL23,0.4907976973419089
CCL28,0.15227479395633084
CCL3,0.26349351652832
CCL4,0.595352596298401
CCL4L2,-0.04519689052268064
CCL5,0.7294005475007765
CCL7,
CCL8,-0.040037369172641175
CCM2,0.1781873044561428
CCM2L,0.798837841084461
CCNA2,-0.08698292745296486
CCNB1,-0.07570843071290773
CCNB1IP1,-0.04379118946837276
CCNB2,0.18102590694249154
CCNC,0.32058608260043425
CCND1,0.46323096299320976
CCND2,0.372851310677214
CCND3,0.425900148491681
CCNDBP1,0.043254909003109396
CCNE1,0.27749337341731484
CCNE2,-0.0770832148894526
CCNF,0.08650552988838613
CCNG1,0.016619044972177716
CCNG2,0.23780218239487627
CCNH,-0.26554958153603675
CCNI,0.17120487544267135
CCNJ,-0.014824896828105057
CCNJL,0.27901264982381496
CCNK,0.054118762909142054
CCNL1,-0.09719452412782319
CCNL2,0.07704985545612095
CCNT1,0.24410577934499736
CCNT2,0.16627208416076455
CCNY,0.1383437331109963
CCNYL1,-0.25030306353361137
CCP110,0.23031206613919927
CCPG1,-0.11388879049893376
CCR1,0.04444973323547452
CCR2,-0.05466384445098155
CCR4,0.37473668424213025
CCR5,0.4220071894376704
CCR7,0.6431700311884937
CCRL2,0.5109948698902786
CCS,0.1999468018160896
CCSAP,0.050077057405485376
CCSER2,0.3574794390239459
CCT2,0.03889009048452688
CCT3,0.028651371764446924
CCT4,-0.005863704040271734
CCT5,-0.2942836913031498
CCT6A,-0.04527473308379266
CCT7,-0.06408440653115566
CCT8,-0.13269686887011903
CCZ1,0.04954844055065776
CCZ1B,-0.15046771671951334
CD101,0.3185423529615059
CD109,0.492536916451291
CD14,0.14357611272633247
CD151,0.0455721438665193
CD163,0.8130407547492469
CD164,0.014274112639772607
CD164L2,-0.03781167484987844
CD177,-0.045374043597169074
CD180,0.5330512671485818
CD1C,0.5927693658249003
CD1D,0.6623107827986242
CD2,0.9138042666752539
CD200,0.3561332536028612
CD209,0.522642329740446
CD22,0.9737535074910564
CD226,0.7130541411884971
CD24,-0.03512314196491354
CD247,0.7474754844209205
CD248,0.06901372392367434
CD274,0.5105085667808997
CD276,0.12726509080172094
CD2AP,0.0907911384869213
CD2BP2,0.04232881621778766
CD300A,0.07659804576553451
CD300C,-0.06666236843216505
CD300E,0.5005168878688236
CD300LB,0.5614731816276145
CD300LF,0.25199552510506484
CD300LG,0.6104923168272715
CD302,-0.0007205909359621204
CD320,0.2506773429519029
CD33,0.32430141201376306
CD34,0.670150339147363
CD36,0.44552289870093065
CD37,0.5773808320282174
CD38,0.37110826330491253
CD3D,0.572164101927365
CD3E,0.6248345015699895
CD3G,0.7866945158073024
CD4,0.5241899918237567
CD40,0.08020643100027414
CD40LG,0.6002476813118212
CD44,0.48641897163907827
CD46,0.1517869810381331
CD47,0.47142100859903757
CD48,0.25870215322348705
CD5,0.29082721974507986
CD52,0.2191705371749095
CD53,0.24241793762995753
CD55,0.29701761303991997
CD58,0.32494875116722727
CD59,0.7726534813832643
CD6,0.6465677105603899
CD63,0.10226832999449582
CD68,0.24075005932417998
CD69,0.6236256777783525
CD7,0.2723654652746332
CD72,0.008837959571515876
CD74,0.6781156577004733
CD79A,
CD81,-0.16314522424282585
CD82,0.24052594805176347
CD83,0.7613401743149786
CD84,0.643369494009141
CD86,0.49102768730463664
CD8A,0.40467307485068166
CD9,0.3999600122746679
CD93,0.5890832512362933
CD96,0.7768826280096753
CD99,0.44871939200197775
CD99L2,-0.14684002295593193
CDA,0.39479021439787443
CDADC1,-0.013846362951278997
CDAN1,-0.08084544856597488
CDC123,0.23625669968662424
CDC14A,0.3231735642381072
CDC14B,0.2309254795958735
CDC16,0.027098056209475103
CDC20,0.36881450064869575
CDC23,0.028959341920350136
CDC25B,0.5114094942945231
CDC27,0.1812429044840415
CDC34,0.1814003627744272
CDC37,0.22450349800961375
CDC37L1,0.22214048747241036
CDC40,0.3019946897130277
CDC42,0.12236569836909796
CDC42BPA,0.6772496818527983
CDC42BPB,0.42766237482281916
CDC42EP1,0.30413275542299023
CDC42EP2,0.6165192856559438
CDC42EP3,0.04981081319405962
CDC42EP4,0.5105753950687045
CDC42EP5,0.2743136636901167
CDC42SE1,-0.13500692753595758
CDC42SE2,0.4482195058204003
CDC5L,-0.007315814177087235
CDC6,-0.03263764435094952
CDC7,0.05066459111584178
CDC73,-0.14019381095074337
CDCA2,
CDCA3,
CDCA4,-0.10830137424759523
CDCA7,0.08925045545819178
CDCA7L,0.2318679898499414
CDCA8,-0.07562296139908811
CDCP1,0.6878692074383614
CDH1,0.7032703344851141
CDH11,0.7775706893281054
CDH13,0.7056704141820264
CDH19,0.7790594156183495
CDH2,0.6258162202781462
CDH23,0.0030980180096806314
CDH26,0.4897041548537294
CDH3,0.6703403787709912
CDH4,-0.08880789018593269
CDH5,0.9092520659261264
CDH6,0.9695759975363365
CDHR3,0.6511730871561384
CDHR4,0.9461162098523114
CDIP1,0.3547547788543394
CDIPT,-0.016756498661646246
CDK1,-0.03018607578306835
CDK10,-0.12752248428947224
CDK11B,-0.060904761339668496
CDK12,0.059814397000488614
CDK13,0.16030298889506497
CDK14,0.48658687975661025
CDK16,0.032302220278490744
CDK17,0.37784522490087497
CDK18,0.020398367963008653
CDK19,-0.23144213543486325
CDK2,-0.03903880561933308
CDK2AP2,-0.0745295429859006
CDK4,0.19729661837685347
CDK5,0.3325272643117864
CDK5RAP1,0.031067514918284602
CDK5RAP2,0.18345140038753427
CDK5RAP3,0.11436399967164709
CDK6,0.14540838216254862
CDK7,-0.11710541009342774
CDK8,-0.19555076744560396
CDK9,-0.042541917010497816
CDKAL1,0.12358248868881812
CDKL1,0.26368174546612777
CDKL2,0.13380944694327623
CDKL5,0.23867194640799166
CDKN1A,0.04367498162094017
CDKN1B,0.5002778715669334
CDKN1C,0.1329672980298848
CDKN2A,0.054002191548667255
CDKN2AIP,0.11349821589826962
CDKN2AIPNL,-0.141675961069558
CDKN2B,0.29726393545243
CDKN2C,-0.06100317463838135
CDKN2D,-0.037059473749983585
CDKN3,-0.041576490776697256
CDO1,0.11972618962027201
CDON,0.3716424118613656
CDPF1,-0.10873019329855951
CDR2,0.08317139916114426
CDR2L,0.3395570185793148
CDS1,0.36596749359914904
CDS2,0.0654420871845107
CDT1,-0.04965390770683384
CDV3,0.0032453868763287555
CDYL,0.2985136408914859
CDYL2,0.24997415510229357
CEACAM1,0.2586239768657162
CEACAM5,
CEACAM6,0.19270732925968295
CEACAM8,-0.04265227755583336
CEBPA,0.5726030994450744
CEBPB,-0.1615580202042743
CEBPD,0.18774004472358216
CEBPG,-0.14564976066846833
CEBPZ,0.2501551273948795
CEBPZOS,0.15126858891850728
CECR2,0.26374680689361063
CELF1,-0.08817114225061078
CELF2,0.6338030463407248
CELF4,0.05162597918447302
CELF5,-0.08836622623232636
CELSR1,0.323785563305652
CELSR2,0.2543165771521076
CEMIP,-0.02678646239084851
CENPA,
CENPB,-0.16866798701917865
CENPC,0.41001400601856286
CENPE,-0.06705809453763885
CENPF,0.4462421003418289
CENPH,-0.04765997764647981
CENPJ,-0.07313051276469296
CENPK,0.520601113704903
CENPL,-0.07619830195930397
CENPM,
CENPN,0.4781512656859814
CENPO,0.2773522222365636
CENPP,0.29294718613469706
CENPQ,-0.13819164214672838
CENPT,-0.20865324841592608
CENPU,-0.036394456251838785
CENPV,-0.12916880008313222
CENPW,0.1550151872358825
CEP104,0.1289611596881833
CEP112,0.35953986429866397
CEP120,0.024915902018023763
CEP126,0.6027179087515326
CEP128,0.21442475508078587
CEP131,-0.11115022646636363
CEP135,0.2139120500909606
CEP152,0.23230432975451562
CEP162,-0.0501086279638223
CEP164,0.1446925313263183
CEP170,0.260883015732414
CEP170B,-0.008693240204167011
CEP19,-0.0081454365723125
CEP192,-0.1176224166426156
CEP250,0.2787918554663028
CEP290,0.08223124916976929
CEP295,0.21941849220625548
CEP350,0.34273810701863766
CEP41,-0.09099994892074201
CEP44,0.20632429109534173
CEP55,0.2663363219906404
CEP57,0.31256354041894363
CEP57L1,0.15239246279360394
CEP63,-0.06644409551836715
CEP68,-0.05424587800945114
CEP70,0.14974612613282953
CEP76,0.048172262169985484
CEP78,0.46916307528894063
CEP83,0.3002372250529987
CEP85,0.2733062892125136
CEP85L,-0.016630256023222177
CEP89,0.1850399237985033
CEP95,0.1797050368806452
CEP97,0.3695751046183697
CEPT1,-0.17766090259744918
CERCAM,0.23710757378002856
CERK,0.2485907439751749
CERS2,0.2549241923987245
CERS4,0.1505936538441641
CERS5,-0.06583733162846805
CERS6,0.3826337261759554
CES1,-0.09814328566947857
CES2,0.06604358582409386
CES4A,0.10888370160488227
CETN2,-0.09321696607398373
CETN3,0.13778848669467839
CFAP100,
CFAP126,-0.043707572241085194
CFAP157,
CFAP20,-0.13313146272962498
CFAP221,0.6363958931509972
CFAP36,0.4208650809797031
CFAP43,0.995153170161852
CFAP44,0.45900872566314727
CFAP45,-0.05007236799544734
CFAP46,-0.0312531509401876
CFAP47,
CFAP52,0.8668778888612678
CFAP53,-0.038980931157613974
CFAP54,0.8644443974617512
CFAP57,-0.038957068453803284
CFAP69,0.31993333564869797
CFAP70,0.6577590001793405
CFAP73,
CFAP77,
CFAP97,0.02196919746992385
CFD,0.3283018810267594
CFDP1,-0.09177362309405064
CFH,0.6281438492326841
CFI,0.23494643054100822
CFL1,0.05891583488498267
CFL2,0.2815512833421967
CFLAR,0.3191710388862249
CFP,0.4350219458842922
CFTR,0.34186102753726555
CGGBP1,0.17839704012758417
CGN,0.504233654749067
CGNL1,0.4849345755926895
CGRRF1,-0.10502370374147293
CH25H,-0.050962835726877584
CHAC1,-0.023453269724272915
CHAC2,0.6276191936467643
CHAF1A,0.23415638140409883
CHAMP1,0.07523958576150935
CHCHD1,-0.10914602599849231
CHCHD10,0.255440908422977
CHCHD2,-0.13784934812730631
CHCHD3,-0.03953181799104969
CHCHD4,0.03889116875843078
CHCHD5,0.052313062655685444
CHCHD6,0.2464474340725104
CHCHD7,-0.08757231808304879
CHD1,-0.16045501721380434
CHD1L,0.1610151379229507
CHD2,0.27858664578906517
CHD3,0.188495150073472
CHD4,-0.23859215671611178
CHD6,0.057337540321752305
CHD7,0.052066039612943496
CHD8,-0.05270672971509393
CHD9,0.11620977362891001
CHDH,0.12308658613023858
CHEK1,0.48064069759082967
CHERP,-0.07617784434523314
CHFR,-0.15476290527987271
CHI3L1,-0.06184438641562377
CHI3L2,-0.05350932432169949
CHIA,-0.0270839187985183
CHIC1,0.3088446348553673
CHIC2,0.22627998631502153
CHID1,0.2236552237355995
CHIT1,0.7405544404447312
CHKA,0.1416227183271774
CHKB,-0.025219442809495504
CHL1,0.3310132734771661
CHM,0.03329940113615214
CHML,-0.030482335736358182
CHMP1A,-0.0276234925981282
CHMP1B,
CHMP2A,-0.10819486331087448
CHMP2B,-0.04976240620812538
CHMP3,-0.09477263409488232
CHMP4A,-0.05194885600692129
CHMP4B,0.017234434989233643
CHMP4C,0.23924581765811687
CHMP5,-0.10957898298630153
CHMP6,-0.16056614219814114
CHMP7,0.12905479530242586
CHN1,0.5930105536236545
CHN2,
CHORDC1,-0.05849062881242308
CHP1,0.27396638383716343
CHPF,-0.042034117282048616
CHPF2,0.13929779657716732
CHPT1,-0.046984143114515035
CHRAC1,-0.11484601955420469
CHRD,0.5409994754895003
CHRDL1,0.7097881003379084
CHRDL2,0.9860118854692844
CHRM2,0.3745000598599315
CHRM3,0.33608582616408894
CHRNB1,-0.09994377289653215
CHST1,0.35822231677588784
CHST10,0.008661519519250788
CHST11,0.38113608784833264
CHST12,0.2601970812630282
CHST13,
CHST14,-0.021186986657709246
CHST15,0.42148485997947227
CHST2,0.2574433352996102
CHST3,0.41864260866180175
CHST7,-0.11202722378760495
CHST9,0.4713219767752233
CHSY1,0.16239372224401255
CHSY3,0.10127439379080463
CHTF18,-0.16068019018001525
CHTF8,0.01148109319738385
CHTOP,0.06813853647144319
CHUK,-0.04483733840255738
CHURC1,0.02725307167328762
CIAO1,-0.21220249978042185
CIAPIN1,-0.05549499036967453
CIART,-0.04105969660281871
CIB1,0.038900590739001595
CIB2,-0.03207758872370772
CIC,-0.08808891015358822
CIDEB,-0.0700482594744502
CIITA,0.6320255145627969
CILP,
CINP,-0.04850518656387831
CIPC,-0.07367059730651644
CIR1,-0.024064951055344903
CIRBP,0.06095546353012606
CISD1,0.05923951736481738
CISD2,0.039222832456820525
CISD3,0.11805871764851567
CISH,-0.02019330636360427
CIT,0.45249336636570164
CITED2,0.048698157615973015
CITED4,0.06033496850733303
CIZ1,-0.01126771815322681
CKAP2,0.08079665358707247
CKAP2L,-0.0425068605944601
CKAP4,0.10289228665004982
CKAP5,0.010411671436915846
CKB,0.549390109535864
CKLF,0.024333134864092967
CKMT2-AS1,0.11289468424396419
CKS1B,-0.1251439614077644
CKS2,0.3884426026294928
CLASP1,-0.13610733089075788
CLASP2,0.17389970704996324
CLASRP,0.07174493208937903
CLCC1,0.12395646499620562
CLCF1,0.1227524948784014
CLCN3,0.062066365544397255
CLCN4,0.07068322110420028
CLCN5,-0.06043975781435391
CLCN6,-0.04481781390299708
CLCN7,-0.20814326980523806
CLDN1,0.4584364167053828
CLDN10,0.7185214435760227
CLDN12,-0.008566392802891856
CLDN15,-0.09530953778294955
CLDN18,0.48296361115016645
CLDN23,-0.06914748482964543
CLDN3,-0.07109714184476736
CLDN4,0.23183984291131912
CLDN5,0.6165342023031581
CLDN7,0.5922174624920704
CLDND1,0.20529151632101095
CLEC11A,0.23830939888178318
CLEC12A,0.13208981230628095
CLEC14A,0.8082860557610576
CLEC16A,0.035076588549528685
CLEC1A,0.7361893934672766
CLEC1B,-0.06718859122293523
CLEC2B,0.09409558887130628
CLEC2D,0.4931205616535648
CLEC3B,0.4625281075961355
CLEC4A,0.05904683844899396
CLEC4D,-0.0403699956133223
CLEC4E,0.5130957349713624
CLEC4M,
CLEC5A,0.7009474257240401
CLEC7A,0.5563972573287356
CLHC1,-0.053166654251586364
CLIC1,0.34719002251346787
CLIC2,0.5053626679174166
CLIC3,0.1376410851007902
CLIC4,0.6958834748291984
CLIC5,0.4609799150595232
CLIC6,0.48985329177524634
CLINT1,0.28603003661585047
CLIP1,0.05703520117860484
CLIP2,0.16449760897068907
CLIP3,-0.11789856897701868
CLIP4,0.1491061136095684
CLK1,0.07432786464918462
CLK2,-0.12074535078897625
CLK3,0.08250785436190979
CLK4,-0.03702627231198161
CLMN,0.28389650408070843
CLMP,0.7470407604944926
CLN3,-0.03501087292310406
CLN5,0.0691432325381393
CLN6,-0.08283067625821958
CLN8,-0.1052406827103495
CLNS1A,-0.025906938515179792
CLOCK,-0.11485632041685519
CLP1,0.21038442820699352
CLPB,-0.026989118177205784
CLPP,0.21651476403493078
CLPTM1,0.08669511979160655
CLPTM1L,0.22240029531132888
CLPX,0.03943911246539872
CLSPN,0.7710455891960813
CLSTN1,0.21319728084297151
CLSTN2,0.35892024545937457
CLSTN3,0.3380868345281105
CLTA,0.24735264287785125
CLTB,0.00022924119325287273
CLTC,0.13847625754785625
CLU,0.6624349356606529
CLUAP1,0.3978811834968823
CLUH,0.02929667426855264
CLYBL,0.18712072430938895
CMAS,0.02747677568618319
CMBL,0.07336417102573671
CMC1,-0.00740282921275969
CMC2,0.07892390251618568
CMIP,0.4844531928764725
CMKLR1,0.6178300461946147
CMPK1,0.0232626123153246
CMPK2,0.14859304992487413
CMSS1,0.12752391382120543
CMTM2,0.08968621870890542
CMTM3,0.31696895830778954
CMTM4,0.24374204473869945
CMTM6,0.11037851990301675
CMTM7,0.2435702318451277
CMTM8,0.6039014163174828
CMTR1,0.2859405183383593
CMTR2,-0.016671305589277444
CMYA5,0.1210419262331073
CNBD2,0.08640832308304028
CNBP,0.1919802448649614
CNDP2,0.07165758850183943
CNEP1R1,0.10903695683078886
CNGB3,-0.07235526625001032
CNIH1,-0.08242935518404242
CNIH3,0.22473211861935335
CNIH4,0.17048284184228504
CNKSR1,0.6657659091023456
CNKSR2,0.32151816642275466
CNKSR3,0.3608634366465786
CNN1,0.6835615955502683
CNN2,0.23596956698682947
CNN3,0.5756986592941157
CNNM2,0.1374202372212644
CNNM3,0.054333264445374375
CNNM4,0.09440749239855227
CNOT1,0.4522774629606628
CNOT10,-0.0013106874864665323
CNOT11,0.046854613418713935
CNOT2,-0.10837307507013136
CNOT3,-0.018622439514019047
CNOT4,0.19733959262422354
CNOT6,0.13499970014133628
CNOT6L,0.5101102879306602
CNOT7,0.06771087275244017
CNOT8,0.09364654361373374
CNP,-0.10462162236969498
CNPPD1,0.2083614824894746
CNPY2,-0.10380460942825828
CNPY3,0.39263332872021345
CNPY4,-0.013394146197446258
CNR1,0.48793097183836925
CNRIP1,0.41545051643171665
CNST,-0.09963636715322176
CNTLN,0.3027127757617786
CNTN1,0.12133961391236708
CNTN4,0.5178012162367079
CNTN6,0.43106568473720414
CNTNAP3,0.0006291126059445261
CNTRL,0.23376791995884358
CNTROB,-0.0017380455991804098
COA1,0.054001586879122696
COA3,0.023517506521718315
COA4,0.17562286519803694
COA5,0.1195347286568367
COA6,-0.010458430012335675
COA7,-0.09459267256725652
COASY,0.0012669114957926586
COBL,0.5897369173096035
COBLL1,0.5926433702348839
COCH,-0.06933910493467911
COG1,-0.17364473316308235
COG2,0.013492212112695261
COG3,0.10401755425162912
COG4,-0.09409742087283521
COG5,-0.2351943724356659
COG6,0.13102279482661364
COG7,0.0112002793483552
COG8,-0.04851145373186974
COIL,0.1234261004129247
COL10A1,-0.07223533014910069
COL12A1,0.5168902807792027
COL13A1,0.6613024191415376
COL14A1,0.6666559913518649
COL15A1,0.5415700085013769
COL16A1,0.6311154222976998
COL18A1,0.5145683711205259
COL1A1,0.8087686995603847
COL1A2,0.813687797050869
COL21A1,0.669042768478431
COL27A1,0.8127624285350743
COL3A1,0.8014144439791167
COL4A1,0.7553531905418608
COL4A2,0.8706133940905246
COL4A3,0.5455843251386054
COL4A4,0.24705050479597102
COL4A5,0.3373713719841366
COL5A1,0.876461041844941
COL5A2,0.7010464100325582
COL5A3,0.6608615114340971
COL6A1,0.8104074754871385
COL6A2,0.837105618964358
COL6A3,0.8254638358988018
COL6A5,0.5681632647834759
COL6A6,0.6553296883252723
COL7A1,0.08533456394532994
COL8A1,0.7948106616096748
COL8A2,0.0805828680214536
COLCA1,0.3390605703163735
COLEC12,0.6575938941294481
COLGALT1,0.4096203748672685
COLGALT2,0.15851639280991084
COMMD1,-0.10105206690897495
COMMD10,0.3680008737731165
COMMD2,0.11356224778919687
COMMD3,-0.028055274279796875
COMMD4,0.02039344566539278
COMMD5,0.10852347580238748
COMMD6,0.04053909637064473
COMMD7,0.27079414753231273
COMMD8,-0.0915054496060713
COMMD9,-0.08671731227825989
COMP,-0.003617382664255743
COMT,0.26701434580639455
COMTD1,-0.054634839461822494
COPA,0.12308112921825573
COPB1,0.2809023487330987
COPB2,-0.12901241754419937
COPE,0.33065728760201685
COPG1,0.08624716493389277
COPG2,0.04438450073536219
COPRS,-0.03341952943844421
COPS2,0.1223025782105004
COPS3,-0.05411946736966336
COPS4,-0.00928250080268027
COPS5,-0.10290035326290504
COPS6,0.45081776386119893
COPS7A,-0.025854444950283658
COPS7B,0.1817861068047508
COPS8,-0.1962424110918547
COPZ1,-0.0859923240003088
COPZ2,0.5693292958740072
COQ10A,0.2073019286161154
COQ10B,-0.04106987318180866
COQ2,-0.16791992267923492
COQ4,0.22246179907412017
COQ5,0.14474223960182628
COQ6,-0.015514249416201775
COQ7,0.0048895343834940656
COQ9,0.0361225013335287
CORO1B,-0.03869572265115077
CORO1C,0.4949712682774853
CORO2A,0.18386968454326222
CORO2B,0.27656960242520684
CORO6,-0.0217845159737722
CORO7,0.3162047720992608
COTL1,0.16969206145921034
COX10,0.11217027211315332
COX11,0.1607817460484493
COX14,0.026381851387683706
COX15,0.2115084896928513
COX16,-0.06463933591216275
COX17,-0.0350115955987389
COX18,0.13276375381342437
COX19,-0.057583690358046696
COX20,0.24284822123010694
COX4I1,0.2070345672063872
COX4I2,0.9682008977760814
COX5A,0.019589088301037234
COX5B,0.4360961671298832
COX6A1,-0.018464088697076032
COX6B1,-0.19218952503936662
COX6C,-0.0034534472603258296
COX7A1,0.05697132185934865
COX7A2,-0.15508342632839137
COX7A2L,0.15259708824053952
COX7B,-0.2990168596962979
COX7C,0.07544524269591067
COX8A,-0.01115038607035881
CP,0.2585169889754969
CPA3,0.9044475968212813
CPAMD8,0.63200773126644
CPB2,0.7352588079344564
CPD,-0.05717375709057214
CPE,0.6938496239939632
CPEB1,0.5281769800732948
CPEB2,0.1339413430472528
CPEB3,0.18281171532901075
CPEB4,0.4017925154404032
CPED1,0.5601418941983741
CPLX1,0.4886345159798441
CPM,0.5444900718092874
CPNE1,-0.03074762205220622
CPNE2,0.4765336721033161
CPNE3,0.09958826744434611
CPNE5,0.5050283113868077
CPNE8,0.2979557693772715
CPOX,-0.0812144339227812
CPPED1,0.3114718213360228
CPQ,0.24086321159220242
CPS1,-0.05733145414544837
CPSF1,0.17813338130018652
CPSF2,0.127267023735718
CPSF3,0.07959156284236113
CPSF4,0.029772568881932346
CPSF6,0.09878789133414276
CPSF7,0.023169740577148927
CPT1A,0.1529181865530327
CPT2,0.31175506524926566
CPTP,0.058910003357371545
CPVL,0.3323157478644338
CPXM2,0.5316705465628758
CR1,0.4962424620331615
CRABP2,-0.058315736179541694
CRACR2B,0.6375286687856774
CRADD,0.0006193600822070642
CRAMP1,0.061535310925733944
CRAT,0.33308824764995854
CRB3,-0.0037658558796977537
CRBN,0.24736485673831918
CRCP,0.04195105165300673
CREB1,0.015418393957438294
CREB3,0.11381791305634703
CREB3L1,0.40010242689509246
CREB3L2,0.5234837258526839
CREB3L4,-0.06478498083419308
CREB5,0.22478186543430753
CREBBP,0.17432461284312267
CREBL2,0.21493334739625056
CREBRF,0.2328570050465473
CREBZF,0.17587731183443395
CREG1,0.06996623474055452
CRELD1,-0.04337213650526855
CRELD2,0.11602361718583885
CREM,0.05087066577191905
CRIM1,0.776148523450424
CRIP2,0.36583457242626044
CRIPT,-0.09437256910208539
CRISPLD1,0.9574627828523599
CRISPLD2,0.7405118520633679
CRK,-0.14678848625043092
CRKL,-0.08528486560807916
CRLF1,0.07077522092388538
CRLF3,-0.09215670100507146
CRLS1,0.5771821901296776
CRMP1,0.49541200247420814
CRNDE,0.3394709511260245
CRNKL1,0.12191792077636324
CROCC,-0.026766315570484017
CROT,0.3323637707252135
CRTAC1,-0.010079956875961759
CRTAM,0.1659856598619157
CRTAP,0.022176584006308685
CRTC1,-0.03852126807898916
CRTC2,0.20628447009621395
CRTC3,0.2661472055272563
CRY1,-0.020507879246664043
CRY2,0.41988241960667466
CRYAB,0.5261000253306618
CRYBG3,0.3564580282723197
CRYL1,-0.08819434374282951
CRYZ,0.1280969610329873
CRYZL1,-0.1338770834858748
CS,-0.0314973010143157
CSAD,-0.05716801408300162
CSDC2,0.1074383064340451
CSDE1,0.1634169562180147
CSE1L,0.2878877388481557
CSF1,0.4034302069161521
CSF1R,0.5010080900309651
CSF2RA,0.6221764726163743
CSF2RB,0.21757474142183322
CSF3,-0.029498382957289553
CSF3R,0.43280510033765796
CSGALNACT1,-0.07230425092407344
CSGALNACT2,0.22264667471267394
CSK,0.06367705534861103
CSNK1A1,0.0757174724389938
CSNK1D,0.2401967101723818
CSNK1E,0.07033113947327346
CSNK1G1,-0.11240913928277144
CSNK1G2,-0.06882972729817312
CSNK1G3,0.10518353114164479
CSNK2A1,0.07362611147199291
CSNK2A2,-0.14333462364793895
CSNK2B,-0.1148016393545772
CSPG4,0.6665793413283032
CSPG5,-0.06462018546724047
CSPP1,0.31364876691596816
CSRNP1,0.6283318399428635
CSRNP2,0.06019907057338275
CSRNP3,-0.0355904782229529
CSRP1,0.49385245474180883
CSRP2,0.3223630148026726
CST3,0.17201292800220117
CST6,0.07527511459178188
CST7,0.29366438071087114
CSTA,0.2197819177746052
CSTB,0.13008601951368448
CSTF1,-0.09848056034130269
CSTF2,0.18324730072117718
CSTF2T,0.07224112490275152
CSTF3,0.2520893037902423
CTBP1,0.0120433487052471
CTBP2,0.350336096635502
CTBS,-0.014419057231863753
CTC1,-0.14795871205711456
CTCF,0.37357769985850325
CTDNEP1,-0.1333163904017952
CTDP1,0.08260055591603364
CTDSP1,0.1264514997022669
CTDSP2,0.04387069931103006
CTDSPL,0.6761414498919209
CTDSPL2,-0.18663207492556433
CTF1,0.04335130255040294
CTH,-0.08821729668437688
CTHRC1,-0.04338858619231203
CTIF,0.24615224674924066
CTNNA1,0.3457768634833862
CTNNAL1,0.49905513556808045
CTNNB1,0.04359643452327587
CTNNBIP1,0.2044588287203032
CTNNBL1,0.16278628013258817
CTNND1,0.2550274531475241
CTNND2,0.05772894105434161
CTNS,-0.005827283458959758
CTPS1,-0.07749272601184434
CTPS2,0.16547400710999535
CTR9,-0.1533308396692203
CTSA,-0.11014089541597237
CTSB,0.4852989890144143
CTSC,0.5806484470316643
CTSE,0.07213500225954589
CTSF,-0.03776340062358571
CTSG,
CTSH,0.33568450976942754
CTSK,-0.0020405833205239124
CTSL,0.4840517354841251
CTSO,-0.10285308965516939
CTSS,0.5949523523107533
CTSW,0.572856648953593
CTSZ,0.16254393548257556
CTTN,0.5932868050033182
CTTNBP2,0.5608324993454141
CTTNBP2NL,0.4866707018431542
CTU1,0.001953208027658189
CTU2,-0.10607904174774868
CTXN1,-0.026104431819046196
CUEDC1,0.3349751996207475
CUEDC2,-0.1554868532271048
CUL1,-0.26360920168002194
CUL2,0.06269413092564895
CUL3,0.16450844797349898
CUL4A,-0.11510856642548897
CUL4B,0.07906012500431853
CUL5,0.11298128670212496
CUL7,-0.0009165457693227934
CUL9,0.0642367585603435
CUTA,-0.07300332570025125
CUTC,0.17632671745051473
CUX1,-0.1027190711216981
CWC15,0.2017784455437973
CWC22,-0.07928803906602104
CWC25,0.10725307042692876
CWC27,0.06055791086490297
CWF19L1,-0.011100316647515603
CWF19L2,-0.009143587927049114
CX3CL1,0.7629634106811615
CX3CR1,0.836181837274806
CXADR,0.4221480279106142
CXCL1,-0.02195136787664764
CXCL10,0.471607574447544
CXCL11,0.5325120465292155
CXCL12,0.6396464030134812
CXCL13,-0.06411261121832902
CXCL14,
CXCL16,0.46480030007443995
CXCL17,0.40240749616619875
CXCL2,0.09284330332261484
CXCL3,0.30556485888230395
CXCL5,0.429912049600982
CXCL6,
CXCL8,-0.05490780185721911
CXCL9,0.47016621413831006
CXCR1,-0.04357041043700092
CXCR2,0.05705836859296766
CXCR3,0.5542240812899231
CXCR4,0.39680686193672177
CXCR6,0.5424853403797378
CXXC1,0.11000535983174253
CXXC4,0.06217329051044135
CXXC5,0.3545131911627465
CXorf38,-0.16083208108980776
CYB561,0.2809830005992735
CYB561A3,-0.028690924455887546
CYB561D1,0.1640689022867471
CYB561D2,
CYB5A,0.528945388950742
CYB5B,0.013227802621285306
CYB5D2,0.057002239593996744
CYB5R1,0.02053155396308613
CYB5R2,0.44511864581395494
CYB5R3,0.10275405719339353
CYB5R4,0.13131627123649772
CYBA,0.27089270355457634
CYBB,0.608847195705648
CYBRD1,0.44154161507981626
CYC1,-0.0821473524032733
CYCS,-0.11804886057009632
CYFIP1,0.16690781619072534
CYFIP2,0.7203031057314985
CYGB,0.14382517932674946
CYLD,0.21470920270792984
CYP19A1,
CYP1B1,-0.04842832777392538
CYP20A1,0.0012424516730350724
CYP26B1,0.4782231851200142
CYP27A1,0.5613374559649686
CYP27B1,
CYP2F1,
CYP2R1,-0.1362579987682794
CYP2S1,0.779421876465785
CYP2U1,-0.19220016676214208
CYP3A5,0.7073713522006075
CYP4B1,0.518414693507308
CYP4F3,-0.024026401928888625
CYP4V2,-0.03543723070600307
CYP4X1,0.05497126978030776
CYP7B1,0.26486018518855
CYS1,0.4033927051659319
CYSLTR1,0.1971766486096823
CYSLTR2,-0.024005806117337908
CYSTM1,0.1385328391451995
CYTH1,0.5161150473360435
CYTH2,0.07153732102586634
CYTH3,0.42279921736607
CYTH4,0.12042995543290919
CYTIP,0.324175259034302
CYYR1,0.8128243107914588
D2HGDH,0.22169029935163198
DAAM1,0.5438840526396646
DAAM2,0.3203411156440447
DAB2,0.32183081607992803
DAB2IP,0.5840482350433527
DACH1,0.5433565069524908
DACT1,0.4583627727085452
DACT2,0.2043190130507814
DACT3,0.24163469297824017
DAD1,0.03997048060613334
DAG1,0.17910490556300415
DAGLA,0.12085805725833096
DAGLB,0.08559584221531621
DALRD3,0.03888785789838437
DANT2,0.5964545325940226
DAP,0.2502628060687672
DAP3,0.14637308514475747
DAPK1,0.4398480289593507
DAPK2,0.5998028004668995
DAPK3,-0.11669560651589934
DAPP1,0.26958808768550335
DARS2,-0.05792083356195643
DAW1,-0.03304480841925091
DAXX,0.13014286426578428
DAZAP1,-0.06092959487277132
DAZAP2,0.25592899214393006
DBF4,0.12838769912328604
DBI,0.13241954465029224
DBN1,0.14359111296708016
DBNL,0.33950621502364453
DBP,-0.03212225763212094
DBR1,0.38728130861372967
DBT,-0.05776179248249401
DCAF10,0.2347811316269435
DCAF11,0.09445644696730676
DCAF12,0.06536691569018171
DCAF13,0.06324311691824758
DCAF15,0.07382940582030244
DCAF16,-0.052133902063556566
DCAF17,-0.08240972402186977
DCAF4,-0.05559822009779009
DCAF5,0.15260782844765514
DCAF6,-0.0053134037977358725
DCAF7,-0.22622189265972134
DCAF8,-0.1810519649114189
DCAKD,-0.04653314968422448
DCBLD1,0.227152075350817
DCBLD2,0.35913274726026767
DCC,0.5077826474687148
DCDC1,0.8278263726532489
DCDC2,-0.07709481386962933
DCHS1,0.6581872538289139
DCK,-0.10645627226233774
DCLK1,0.31623914533044867
DCLK2,0.4874810280988372
DCLRE1A,0.025606241329430172
DCLRE1B,0.16938999679394
DCLRE1C,0.2584533877362235
DCN,0.6906367262843132
DCP1A,-0.006412191115365047
DCP1B,-0.02121195251026443
DCP2,0.026494677116348803
DCPS,0.03322934944823527
DCSTAMP,0.048996005876478725
DCTD,0.11981023455564487
DCTN1,-0.14907702308286733
DCTN2,0.002727125668322698
DCTN3,0.12134285641268838
DCTN4,-0.3461259898136459
DCTN5,-0.04092714087602637
DCTN6,0.005109099886402192
DCTPP1,-0.060840862761826216
DCUN1D1,0.18802149751932165
DCUN1D2,0.05659475664384872
DCUN1D3,-0.06359545988969638
DCUN1D4,-0.1540813859398594
DCUN1D5,0.27269917741609456
DCXR,0.16181226772722834
DDA1,0.15227125784852868
DDAH1,0.7044171874418987
DDAH2,-0.07990817838347793
DDB1,0.07580333460851314
DDB2,0.08102268113087402
DDHD1,0.4881693660412914
DDHD2,0.13775398913704734
DDI2,0.2884849950494391
DDIT3,-0.1631012987188194
DDIT4,0.07826667349781974
DDOST,-0.08517295073374738
DDR1,0.08723255686901621
DDR2,0.8233704057175021
DDRGK1,0.4895980319452332
DDT,0.15738346660109087
DDX1,0.0340457578971646
DDX10,-0.3315973239382557
DDX11,-0.1544188830440276
DDX17,0.5215331599921283
DDX18,0.35183800176331886
DDX19A,0.4400709705152572
DDX19B,0.03159947527335703
DDX20,-0.11885932983933141
DDX21,0.07323528464255194
DDX23,0.012541692695065521
DDX24,-0.2817285898696499
DDX27,0.23341770230043793
DDX28,0.13753614344541443
DDX31,0.2230371929182322
DDX39A,0.08835546512924052
DDX39B,0.19517074056557565
DDX3X,0.1596893883975853
DDX3Y,0.25981706096520685
DDX41,-0.01684922101934742
DDX42,0.34002984417475374
DDX43,0.20147549187268146
DDX46,-0.10499022942232265
DDX49,-0.14173487429882084
DDX5,0.19847536116818715
DDX50,-0.11692612005178357
DDX51,0.1827041801889695
DDX52,-0.053959994759769155
DDX54,0.12116549086028058
DDX55,-0.02704880378891451
DDX56,0.03156848483934658
DDX59,0.34664189182944083
DDX6,0.07674434694521262
DDX60,0.21631832465160955
DDX60L,0.09713827203571923
DEAF1,0.09785985949305957
DECR1,0.0018141338500883707
DECR2,-0.0226515193907932
DEDD,0.03726729469815497
DEDD2,-0.07434619437682698
DEF6,0.18121533360151412
DEF8,0.13178663418507744
DEFA3,
DEFA4,
DEFB1,
DEGS1,-0.1299649862362207
DEGS2,0.22036762260843226
DEK,0.15278729154557297
DENND1A,-0.14367740654075623
DENND1B,0.4229594006611838
DENND1C,0.49071938656467007
DENND2A,0.7625175169521173
DENND2C,0.359291079814137
DENND2D,0.4625476286523524
DENND3,0.14351436281898206
DENND4A,0.21919955931252033
DENND4B,0.28689606500236436
DENND4C,-0.007562134789635009
DENND5A,0.22769602424983593
DENND5B,0.3346989711859879
DENND6A,0.08834249170802136
DENND6B,-0.10873405446311214
DENR,-0.052736058062974295
DEPDC1,-0.01921729594860503
DEPDC5,-0.03995930798828215
DEPTOR,0.19529554394461882
DERA,0.09565712724540039
DERL1,0.15380028140370394
DERL2,0.3683200424718304
DERL3,0.745214194827218
DES,0.20447053224526324
DESI1,0.12862846814297102
DESI2,0.16564780266600404
DEXI,0.4277774618322171
DFFA,0.22781667556436153
DFFB,-0.056488870062721686
DGAT1,-0.11089886116737313
DGAT2,-0.03477735989446348
DGCR2,0.06530650944082331
DGCR6L,0.41152365698094884
DGCR8,-0.01608949265124427
DGKA,0.1847652478206744
DGKD,0.5780885741454336
DGKE,0.33010231223886205
DGKG,0.481421865939827
DGKH,0.28957764495538324
DGKQ,0.10194514589400717
DGKZ,0.4887981680310734
DGUOK,-0.08431270326440324
DHCR24,0.22166077450555727
DHCR7,0.04612141859882802
DHDDS,0.34422337760218846
DHDH,-0.06672575173297954
DHFR,0.16816048628965555
DHODH,0.28977282051113584
DHPS,0.14406760770212268
DHRS1,-0.13322589284714906
DHRS11,-0.04907957920742124
DHRS12,0.2653625240394808
DHRS13,-0.042558172098669265
DHRS3,0.045156558228172355
DHRS4-AS1,-0.03894589249274818
DHRS7,0.5919735462778808
DHRS7B,-0.23075082708852818
DHRS9,-0.0741021648849365
DHRSX,0.002798244322294061
DHTKD1,0.005265866034315716
DHX15,-0.1435590042653914
DHX16,0.1576645037542173
DHX29,0.1178293985304787
DHX30,0.29081127054870465
DHX32,-0.12865614579971824
DHX33,0.024594329638032278
DHX34,0.03318143602673951
DHX35,0.00834230973120114
DHX36,0.015779146363827996
DHX37,0.023209013309864746
DHX38,0.10516074540978655
DHX40,0.06872934887550398
DHX57,0.1487432286404089
DHX58,-0.02394353885208972
DHX8,-0.3817571570106542
DHX9,0.20140924542899094
DIAPH1,0.24988463942920838
DIAPH2,0.26600270822627764
DIAPH3,0.3892028609983453
DICER1,0.3808129050327329
DIDO1,0.09392643636784137
DIMT1,-0.02235341131846124
DIO2,-0.040596688102728797
DIO3,
DIO3OS,0.4037924732543321
DIP2A,0.09931054457455243
DIP2B,-0.24878916047435012
DIP2C,0.443550096780731
DIRAS3,-0.03702970077766056
DIS3,0.2634352909899507
DIS3L,0.3567583870753402
DIS3L2,-0.1555375502334693
DISC1,0.11973393495740672
DISP1,0.635272923820821
DIXDC1,0.6021609458915415
DKC1,0.3368465219573954
DKK1,-0.02026922938430493
DKK2,0.7502253578435536
DKK3,0.7341780273189892
DLAT,-0.05557500644738598
DLC1,0.8463809226654158
DLD,0.058992951917737416
DLEC1,-0.07482802674636707
DLEU2,0.19294760765359042
DLG1,0.3638269773163454
DLG2,0.4833994709355307
DLG3,0.4109660177615913
DLG4,0.04435343355251259
DLG5,0.23357486703299066
DLGAP1,0.42137427591742643
DLGAP1-AS1,-0.09603638498376284
DLGAP4,0.3110216608864029
DLGAP5,
DLL1,0.20482871539260447
DLL4,0.8249422665880993
DLST,0.03313559601841794
DMAP1,0.3024449017279319
DMBT1,0.15186433650205156
DMD,0.7103031067808278
DMKN,0.35537397247034797
DMPK,0.32623151498116837
DMRTA1,-0.051149710355508714
DMTF1,0.03335355143953864
DMTN,0.4225522306793258
DMWD,0.22719878119394285
DMXL1,0.34274385788041367
DMXL2,0.38165877569866713
DNAAF1,0.9975344291002898
DNAAF2,-0.08921082475745384
DNAAF5,0.416300610531854
DNAH1,-0.10148423983866636
DNAH10,0.983306832567515
DNAH11,0.867156828795119
DNAH12,0.9793100498887579
DNAH14,0.542716338506945
DNAH2,-0.048059228316626436
DNAH5,0.860507388442099
DNAH6,-0.051459031818346566
DNAH7,0.017835280888436316
DNAH9,-0.039539942360103025
DNAI1,
DNAI2,
DNAJA1,0.45981094905728126
DNAJA2,-0.08714302755028222
DNAJA3,-0.1118838724307525
DNAJA4,0.40787254968910686
DNAJB1,0.0432436444465377
DNAJB11,0.013722410501356716
DNAJB12,-0.0027774176070862124
DNAJB14,0.10991655003147728
DNAJB2,-0.0016580107455716666
DNAJB4,0.03692054220430115
DNAJB5,0.2060764707479167
DNAJB6,0.07267900066338326
DNAJB9,0.23552772763663854
DNAJC1,0.37035702718952596
DNAJC10,0.21097526174470288
DNAJC11,0.1612336011567965
DNAJC12,-0.042153467829201194
DNAJC13,0.25501238583168345
DNAJC14,-0.0756371362798393
DNAJC15,-0.14302814043516252
DNAJC16,-0.10961132242188315
DNAJC17,0.15185711181373987
DNAJC18,0.6509142650449826
DNAJC19,0.12700531448941205
DNAJC2,0.12084728458302642
DNAJC21,0.16977254768827377
DNAJC24,0.12100355704570219
DNAJC25,0.024315862873994933
DNAJC27,0.21560556963352542
DNAJC3,0.2809227042599962
DNAJC30,0.011918795752933795
DNAJC4,-0.0806261513956635
DNAJC5,0.053022930130259466
DNAJC6,0.08450404064484435
DNAJC7,0.13100044279947518
DNAJC8,0.11392037456919837
DNAJC9,-0.13311287852421974
DNAL1,0.5122437422364594
DNAL4,
DNALI1,0.9024987724067358
DNASE1,-0.21604291924454364
DNASE1L1,0.03985529367081657
DNASE1L3,0.52369128443099
DNASE2,0.00672806537807808
DNASE2B,
DNER,-0.09645602124212563
DNHD1,0.00012621992289707723
DNM1,-0.023209351871769958
DNM1L,-0.06018323661616842
DNM2,0.1824313623801129
DNM3,0.42270967343275656
DNM3OS,0.6081929260431059
DNMBP,0.15397878547158325
DNMT1,-0.07536757330717392
DNMT3A,0.046240020490949475
DNPEP,0.09156095792979468
DNPH1,-0.10075945527766464
DNTTIP1,0.015542677630362864
DNTTIP2,-0.12368139576859204
DOC2B,0.603165749843798
DOCK1,0.34761523613995626
DOCK10,0.5814945431307583
DOCK11,0.17320525771487436
DOCK2,0.39412290370152575
DOCK4,0.36356255571621693
DOCK5,0.2958046470689047
DOCK6,0.7803914701924086
DOCK7,0.07582684927236737
DOCK8,0.33875158994396953
DOCK9,0.5559603464396099
DOHH,0.16528183501448043
DOK1,-0.059080414468859706
DOK2,-0.037833597210313256
DOK3,0.20813625114850287
DOK4,-0.04197028065456872
DOK5,0.23161503626139732
DOK6,0.6736294913758399
DOLK,0.12892112326781976
DOLPP1,-0.060220990844479336
DONSON,0.0008451839586389535
DOT1L,0.27043776044857093
DPAGT1,0.16644806745795546
DPCD,0.06383644908990298
DPEP2,0.07942081885373116
DPF2,0.11096052281913998
DPH2,0.2589299028914856
DPH3,-0.13990740180327113
DPH5,-0.1027313777647138
DPH6,0.2165625896018545
DPH7,0.11830024629076902
DPM1,0.05709410020976272
DPM2,-0.03006105171436209
DPM3,-0.049617000272213066
DPP3,0.04217953473531073
DPP4,0.6629663082452921
DPP6,0.2615266585216151
DPP7,0.039912489243085665
DPP8,-0.11202218460223713
DPP9,-0.02525692052147609
DPT,0.6275599936544849
DPY19L1,0.08251687372382108
DPY19L3,0.029705581512595843
DPY19L4,-0.049547315268262636
DPY30,0.04245763393134776
DPYD,-0.0855035656010247
DPYSL2,0.2503707713783903
DPYSL3,0.7224926554634642
DR1,0.05826051315832348
DRAM1,0.19851799219231556
DRAM2,0.030233265337622047
DRAP1,0.17857246155293008
DRAXIN,0.18958839457285964
DRC1,
DRC3,0.006254757653996562
DRC7,0.9974090905979799
DRG1,0.007757878231112355
DRG2,-0.10688068689237967
DROSHA,-0.0967794833705427
DSC2,-0.10444262386267936
DSE,0.09148199481004435
DSEL,0.6033369755292086
DSG2,0.24912930103381192
DSN1,0.3208870033388546
DSP,0.6475578256814338
DST,0.7371502738002633
DSTN,0.4605064829933401
DSTYK,0.0725287880096735
DTD1,0.15997892001498956
DTD2,0.14830032612125016
DTHD1,0.4648040432858764
DTL,0.6416207408166958
DTNA,0.6220101023986918
DTNB,0.03940134892658637
DTNBP1,0.2517995394700298
DTWD1,0.16369550830934998
DTX2,0.014654082453769559
DTX3,0.471565943445594
DTX3L,0.19011252416681648
DTX4,0.2814177075148481
DTYMK,0.005740197696580809
DUBR,0.4684776843144242
DUOX1,0.36694545565385683
DUOX2,0.5169772729832056
DUOXA1,0.595333133841348
DUS1L,0.0998332005599496
DUS2,0.1650922837024389
DUS3L,-0.11721082846781976
DUS4L,-0.050364150692221485
DUSP1,0.3846798941407178
DUSP10,0.16622978884380252
DUSP11,0.170939415330287
DUSP12,0.015865467585926735
DUSP14,0.20715771239131314
DUSP16,0.20102371897453453
DUSP18,-0.04242309773103573
DUSP19,0.28861828586816923
DUSP2,0.02057943968449882
DUSP22,-0.043173106417752016
DUSP23,-0.09439312769214583
DUSP28,0.20912242480380108
DUSP3,0.12732362871660793
DUSP4,0.43068460747703696
DUSP5,0.5115775112726838
DUSP6,0.5099271532798524
DUSP7,0.24038992091410366
DUSP8,-0.049480880391376124
DUT,-0.02395137936364912
DVL1,-0.06598212994833454
DVL2,-0.15357295797979723
DVL3,0.12429656752138425
DXO,0.01638968253605654
DYDC2,
DYM,-0.16101935701918277
DYNC1H1,0.06395575471363497
DYNC1I1,0.23957774939843265
DYNC1I2,0.12635313313204874
DYNC1LI1,-0.19425253344627527
DYNC1LI2,-0.02020013964798681
DYNC2H1,0.6799906331683298
DYNC2LI1,0.5253453570315405
DYNLL1,0.08923141489187655
DYNLL2,0.07473384452340907
DYNLRB1,0.04271870296128165
DYNLRB2,0.992014967373356
DYNLT1,0.18201029012518663
DYNLT3,0.11226214553665068
DYRK1A,-0.057361021961148825
DYRK1B,-0.15463083327166469
DYRK2,0.4870975585680674
DYRK3,0.12591819686238528
DYRK4,0.033063819570789924
DYSF,0.3432881069695823
DZIP1,0.6876142739527545
DZIP1L,0.5396833167959165
DZIP3,0.21871588165664416
E2F1,-0.06676410341574476
E2F2,0.34110844772698995
E2F3,-0.006831580194302737
E2F4,0.006272933597576179
E2F5,0.2550800989910496
E2F6,-0.06088593782754113
E4F1,-0.09736566190926235
EAF1,-0.028386474529337784
EAPP,0.06439029761261564
EARS2,0.5396777240481612
EBAG9,0.07314228458972519
EBF1,0.8415762428682627
EBF4,0.22320325898295304
EBI3,0.5141316386430669
EBNA1BP2,0.3126964229689352
EBP,-0.1149067850132376
EBPL,0.2338338411482203
ECD,-0.14925664075530626
ECE1,0.4980005171925159
ECH1,0.11349320400759284
ECHDC1,-0.025602917648678798
ECHDC2,0.4868648586501384
ECHDC3,-0.12248427826995249
ECHS1,0.195386004879068
ECI1,-0.06328714720953577
ECI2,0.1287513925809832
ECM1,0.19629618731530973
ECM2,0.5505472241459808
ECSCR,0.4954105859141458
ECSIT,0.09472621279096381
ECT2,-0.06684413004581317
ECT2L,-0.07036847038604264
EDA,0.4006777869930084
EDA2R,0.10704619298525464
EDARADD,0.09241196567126317
EDC3,0.07389609568170384
EDEM1,0.16374654848732298
EDEM2,0.12046916439713029
EDEM3,0.12390012202655291
EDF1,0.01773716172262629
EDIL3,0.6007023337656161
EDN1,0.6378437315546646
EDN2,
EDNRA,0.7438487047574156
EDNRB,0.6273935358846201
EDRF1,-0.12414545471062763
EEA1,0.1520145792445216
EED,0.15800564724527233
EEF1A1,0.011794258650006391
EEF1B2,0.01511558253656489
EEF1D,0.18379445981321402
EEF1E1,0.313792316176306
EEF2,0.2923491001266574
EEF2K,0.06936126876081393
EEFSEC,0.2538277824475494
EEPD1,-0.02805335138959845
EFCAB11,0.061836650799562076
EFCAB12,
EFCAB13,0.029911259426083404
EFCAB14,0.3232349728325559
EFCAB2,0.241764602226697
EFCAB6,0.6721613941767959
EFCAB7,-0.16722120697212814
EFCC1,0.7714619832496448
EFEMP1,0.5939936203786952
EFEMP2,0.11195267011060399
EFHB,0.027518336061543858
EFHC1,0.5748095997847101
EFHC2,-0.05528424348358494
EFHD1,0.6161153263177627
EFHD2,0.16778772136943337
EFNA1,0.4663573435588187
EFNA3,
EFNA5,0.4225597954063536
EFNB1,0.48308663164957716
EFNB2,0.8511411800945181
EFNB3,-0.029014924297687462
EFR3A,0.014050094392991713
EFR3B,0.07835533001850023
EFS,0.21643200638895294
EFTUD2,0.10098473544114416
EGF,0.09401970433152827
EGFL6,0.512293869738166
EGFL7,0.8869694939259596
EGFR,0.5145858110302562
EGLN1,0.13737638652546783
EGLN3,0.40939365688375956
EGR1,0.4277249533632159
EGR2,-0.06880615443299831
EGR3,-0.01590153998736415
EHBP1,0.3288738747851663
EHBP1L1,0.1845926359147053
EHD1,0.43820877011658194
EHD2,0.21389300737317515
EHD3,0.2706006755694565
EHD4,0.40408188022723257
EHF,0.4823159263991064
EHHADH,0.23405017324682154
EHMT1,0.15924219261500291
EHMT2,-0.1256018998466004
EI24,0.049017480482889765
EID1,0.14767698471127388
EID2,-0.0899358233984032
EID2B,-0.10123424569013253
EIF1,0.25473429699094596
EIF1AD,-0.08198041693613375
EIF1AX,0.18332261677633252
EIF1AY,-0.02473700424368737
EIF1B,0.25857161786211275
EIF2A,0.2709769742901598
EIF2AK1,0.1514485934913734
EIF2AK2,0.11090033179953086
EIF2AK3,-0.04662615711207204
EIF2AK4,0.11022887363170597
EIF2B1,0.0773209017903199
EIF2B2,0.1455336272276665
EIF2B3,-0.32322901998154385
EIF2B4,0.19816218999561086
EIF2B5,-0.1320584798824396
EIF2D,0.05841683199498839
EIF2S1,0.045644744663474485
EIF2S2,-0.12670116363982717
EIF2S3,0.08573053160212363
EIF3A,-0.01273713917778294
EIF3B,0.15793772220289837
EIF3C,-0.031188188241134143
EIF3CL,0.021972567096376613
EIF3D,0.2620508429673821
EIF3E,0.17191111516303204
EIF3F,0.2126267529362669
EIF3G,0.021247618853822092
EIF3H,-0.015932817497387213
EIF3I,0.20122816454168416
EIF3J,0.004213970713327575
EIF3K,-0.02639442579846589
EIF3M,-0.03751913485606695
EIF4A1,-0.0883037951548915
EIF4A2,-0.04870646487868941
EIF4A3,0.28004782578881054
EIF4B,0.1694987364726567
EIF4E,-0.09585662700939836
EIF4E2,-0.02301094388626003
EIF4E3,0.29118492987485206
EIF4EBP1,0.1969977960960224
EIF4EBP2,0.21951593425770058
EIF4ENIF1,-0.11053769350891357
EIF4G1,0.002207427277932262
EIF4G2,-0.026160389298744074
EIF4G3,0.02754421171471638
EIF4H,0.13434005098475899
EIF5,0.09754943533355943
EIF5A,-0.09066188376061586
EIF5A2,-0.04530130359494208
EIF5AL1,0.00884589683500825
EIF5B,0.16462320057760443
EIF6,0.3796337762216929
ELAC1,-0.04790737597147113
ELAC2,0.24362694818024136
ELANE,0.14765253574219356
ELAVL1,0.11134748581683007
ELF1,-0.08566608280779153
ELF2,-0.0663749806516111
ELF3,0.5910515271940462
ELF4,0.1893748236180062
ELF5,0.795267972686149
ELFN1,0.3161515414313301
ELK1,-0.1806173730940412
ELK3,0.5250669726563789
ELK4,0.11284495616013304
ELL,-0.06689541096491572
ELL2,0.13719330462997995
ELMO1,0.17315879056809502
ELMO2,0.06891131234656948
ELMO3,-0.0030196617533440155
ELMOD2,0.05230597598192819
ELMOD3,0.042561301724075226
ELN,0.7401213774248157
ELOF1,0.11825347824483777
ELOVL1,0.048752441387734616
ELOVL5,-0.19629085489717155
ELOVL6,0.2011032259523864
ELOVL7,0.1091000964498222
ELP2,-0.1351699711805542
ELP3,-0.03851193798628322
ELP4,0.06323521616694151
ELP5,0.0243212078352663
ELP6,0.17371119297647675
EMB,0.5760375853755448
EMC1,-0.06079151016958871
EMC10,0.0691191985138051
EMC2,0.07233958902649802
EMC3,-0.06941922146122338
EMC4,0.09668447256556709
EMC6,0.15417484669119885
EMC7,0.22466624433039367
EMC8,-0.025416055776618592
EMCN,0.9033302521593265
EMD,0.08504885238972684
EME2,-0.09928383390423837
EMG1,-0.05845186888379076
EMID1,0.45850762673174505
EMILIN1,0.5730552737087541
EMILIN2,0.11835907175913622
EML1,0.764928923986899
EML2,0.38704426656137625
EML3,-0.13779404226031694
EML4,0.4910126120447907
EML6,-0.07307944230839936
EMP1,0.8515114829086544
EMP2,0.7080043238425563
EMP3,0.2619917412170222
ENAH,0.759198634293031
ENC1,0.15958985525665417
ENDOD1,0.4860461478322742
ENDOG,0.274785080097662
ENDOV,0.062488797457765345
ENG,0.670438403316049
ENGASE,-0.013361614436408452
ENKD1,0.0364508557676956
ENKUR,-0.04415516137080656
ENO1,0.1722496880971764
ENO2,-0.02439148160619755
ENO4,0.013068267912971119
ENOPH1,0.08681243582229771
ENOSF1,0.30016898562410727
ENOX2,-0.07868834241257348
ENPEP,0.6436107699121155
ENPP1,0.03416412893601032
ENPP2,0.3530930644567965
ENPP4,-0.015802063806523554
ENPP5,0.3286326136003337
ENSA,0.20171444245397
ENTPD1,0.2913888151184832
ENTPD1-AS1,-0.021009924136068295
ENTPD4,-0.30020351878425194
ENTPD5,-0.026552280125605912
ENTPD6,-0.025732232331984066
ENY2,0.1175151100385319
EOGT,0.42854633793989816
EOMES,0.8139071273436044
EP300,0.02716246608719443
EP400,0.14472627439671984
EPAS1,0.8563603367199812
EPB41,0.3999220630285211
EPB41L1,0.41706020492004625
EPB41L2,0.6432735457400935
EPB41L3,0.4821291332351554
EPB41L4A,0.5621069963297552
EPB41L4A-AS1,0.13359376970355685
EPB41L4B,0.08994196118477617
EPB41L5,0.3628322909904094
EPB42,-0.0504411439799187
EPC1,0.4029344816619986
EPC2,-0.04517363838917056
EPCAM,0.5333923195483463
EPDR1,0.5527314832584382
EPG5,-0.014416389224755268
EPHA1-AS1,-0.08136618338634094
EPHA2,0.2260694736476958
EPHA3,0.3390136720364341
EPHA4,0.21949199278762277
EPHB2,-0.06074629533932365
EPHB3,0.6731447378971745
EPHB4,0.6931180204891317
EPHB6,0.08566732767122844
EPHX1,0.15259288413983166
EPHX2,0.44568742919291693
EPHX3,0.2415442968074002
EPM2AIP1,-0.05104167545249685
EPN1,-0.055225522415283355
EPN2,0.48322934216537633
EPOR,0.19442640480901235
EPPK1,-0.03847682361821941
EPS15,0.35736025094479557
EPS15L1,0.027842894856106137
EPS8,0.5412411797319523
EPS8L1,0.08778400839396139
EPS8L2,-0.024181247431357456
EPSTI1,0.13831917108197966
ERAL1,-0.026217592289060582
ERAP1,0.11238899285880745
ERAP2,0.46180423428241774
ERBB2,0.14486138277935467
ERBB3,0.5218083861780167
ERBB4,0.21117390899107644
ERC1,0.177029784398546
ERCC1,-0.07767841230246225
ERCC3,0.008411938516720651
ERCC4,-0.07731511841800083
ERCC5,0.31820737930462917
ERCC6,0.269088555057459
ERCC6L2,-0.1385827072765234
ERCC8,0.0837608483585539
EREG,0.7920070229448181
ERF,0.07047583368561687
ERG,0.8646539168429147
ERGIC1,0.32470058099944266
ERGIC2,0.1224011426822752
ERGIC3,0.05516066443532817
ERH,-0.1315505114803904
ERI1,-0.22583115904913748
ERI2,0.066714167017499
ERI3,0.017368198673958793
ERICH1,0.13064934380768772
ERICH2,-0.06935816902335123
ERICH3,-0.025539728802144775
ERLEC1,0.11711336532208051
ERLIN1,0.08533072218194952
ERLIN2,0.00011773771462827293
ERMAP,0.00909258984284962
ERMARD,-0.14847695439439249
ERMP1,-0.0011164211982568036
ERN1,0.2578219368812539
ERO1A,0.09478320194581592
ERO1B,0.37455441359109637
ERP27,0.28911493337804994
ERP29,0.20091343348440957
ERP44,-0.15610332688705672
ERRFI1,0.13649234120308198
ERV3-1,0.09077399792299788
ERVK3-1,-0.05466621450518188
ESAM,0.7330569537656062
ESCO1,-0.08022141929562004
ESCO2,0.7892070447919739
ESD,-0.026890547140435886
ESF1,0.07376533067743861
ESM1,0.05013966939280992
ESR1,0.36772673357892527
ESRP1,0.2701008556221227
ESRP2,0.16241524639978966
ESRRA,0.1010942235151911
ESYT1,-0.016066348967520495
ESYT2,0.09580055717776836
ESYT3,0.7272540215233361
ETAA1,0.13883807881707533
ETF1,0.2467121268026305
ETFA,0.12048203789666621
ETFB,-0.041341648254126916
ETFDH,0.03089858473082327
ETHE1,-0.011781694032826645
ETNK1,0.10779124339794588
ETNK2,-0.023503950284736102
ETS1,0.8556192350964006
ETS2,0.5935446366216126
ETV1,0.5593565239269723
ETV3,0.0024466380775239487
ETV5,0.26659606997076823
ETV6,0.22668663590836685
ETV7,-0.05235511872707576
EVA1A,0.16638384792023245
EVA1B,0.21622874485578195
EVA1C,0.27880299822234245
EVC,0.4711214503901028
EVC2,0.4129115204698673
EVI2A,-0.06477443200223425
EVI2B,-0.03340398313248763
EVI5,0.07058900232196297
EVI5L,0.08850685371626762
EVL,0.5183161524425949
EVPL,0.4926412571213197
EWSR1,0.01663929685049119
EXD2,0.02067660609423385
EXD3,0.07282551953754435
EXO5,-0.15098463314484198
EXOC1,0.18288975970264473
EXOC2,0.03769412308706287
EXOC3,0.16685253336436717
EXOC3-AS1,-0.05541478433159901
EXOC4,0.07633311239916171
EXOC5,-0.06425424698364067
EXOC6,0.42160136952480165
EXOC6B,0.18017224700082915
EXOC7,0.16002422217151116
EXOC8,-0.11809656699569893
EXOG,0.3863296111374299
EXOSC1,0.4899729469700135
EXOSC10,0.049090873612592595
EXOSC2,0.16460447332904443
EXOSC3,-0.08038898559214783
EXOSC4,0.20971960830166816
EXOSC5,-0.11939906669504238
EXOSC6,0.15338052815681902
EXOSC7,0.023523003234344725
EXOSC8,-0.09135683002100135
EXOSC9,-0.02547268750782088
EXPH5,0.44561685203178136
EXT1,0.1501270914301468
EXT2,0.2797336312709374
EXTL2,0.23629264710917755
EXTL3,0.33499475128256473
EYA3,-0.02419035064028932
EYA4,0.16281194583440992
EZH1,0.09742122571224883
EZH2,-0.024642006675676943
EZR,0.51457237948883
F10,0.10600076300840072
F11R,0.11399984187659835
F13A1,-0.05825261214727767
F2R,0.39952146931126664
F2RL1,-0.09026963208319973
F2RL3,0.5672410707504055
F3,0.5701654946842868
F5,0.44911236236268104
F8,0.6094313396077156
FAAH,-0.061801955798284826
FAAH2,0.17696024950050082
FAAP100,-0.1080652481443796
FAAP20,-0.014037257511526301
FABP3,-0.02933398771579817
FABP4,0.5705621307501878
FABP5,0.3486320908314182
FABP6,
FADD,0.014089401562195437
FADS1,0.12510238319202896
FADS2,0.24142830603787227
FADS3,0.16345698643249545
FAF1,0.27930820302283615
FAF2,0.20038855645402787
FAH,-0.07408185065205566
FAHD1,-0.08945823305008753
FAHD2A,-0.03536736555932032
FAIM,0.05196484103655665
FAM107A,0.7738457505055808
FAM107B,0.21998803639841566
FAM110A,0.13755683685590794
FAM110B,0.07083357287134359
FAM110C,0.397905794227387
FAM110D,0.30717267161609835
FAM111A,0.13920318638270188
FAM111B,0.6061951961511507
FAM114A1,0.6535767465977262
FAM114A2,-0.1053942368070607
FAM117A,0.2966100884141125
FAM117B,0.24886802643119113
FAM118A,0.134887061687154
FAM118B,-0.19594173314491758
FAM120A,0.014744112929778978
FAM120AOS,0.1219974270366833
FAM120B,0.07591941212501313
FAM120C,-0.016439461759993702
FAM124A,0.5067741434520965
FAM124B,0.219160515717938
FAM131A,-0.08870033497112434
FAM133B,0.14217842201569753
FAM135A,0.17876666233277178
FAM136A,0.013768451497972841
FAM13A,0.3241697475423735
FAM13A-AS1,0.19957615396485306
FAM13B,-0.0175700647484636
FAM13C,0.6753038523775264
FAM149A,0.18345633871608097
FAM149B1,-0.017864267839174084
FAM157C,0.10541672554380538
FAM161A,0.03305774722843581
FAM162A,-0.1317166841889376
FAM162B,0.7069120808470872
FAM167A,0.17180679933330933
FAM167B,0.09338505555260818
FAM168A,0.23345520018587626
FAM168B,0.18941989658654723
FAM171A1,0.515928265512037
FAM171B,0.07350255243295511
FAM174A,0.20783010498926194
FAM174B,0.07739549876304314
FAM177A1,0.25838854653460364
FAM177B,0.6269740320276692
FAM180A,-0.0288393753518687
FAM181A,-0.02850716760291111
FAM184A,0.6061244130798252
FAM193A,-0.04288652532338085
FAM193B,-0.05713138600872976
FAM199X,-0.1796139540510569
FAM200A,-0.02191921866307465
FAM200B,-0.150776822923733
FAM204A,0.08362532027793833
FAM20A,0.584627534157398
FAM20B,0.25266454351152884
FAM20C,0.1382020260808637
FAM210A,-0.05508731742026347
FAM210B,0.09443598218532731
FAM216A,0.005551761870142818
FAM216B,
FAM217B,0.0718065023403398
FAM219A,0.2856688100643959
FAM219B,-0.05073371522176321
FAM220A,-0.0547220118606092
FAM221A,0.36934131599349024
FAM222A,0.4978340133474049
FAM222B,0.04967530636264022
FAM227A,0.9060245303238647
FAM227B,0.1310548274554128
FAM228B,-0.02282837705826413
FAM229A,-0.13238530586404867
FAM229B,0.13156624367764333
FAM234A,-0.2029917756832373
FAM234B,0.11766853266901077
FAM32A,-0.10380927121492557
FAM3A,0.12917624579718356
FAM3B,0.2272330936843056
FAM3C,0.19288314161686887
FAM3D,0.253630643310991
FAM43A,0.48786657913400666
FAM47E,0.35657573245395074
FAM50A,0.10782683559653589
FAM50B,-0.04684230172836702
FAM53B,-0.04171432779675959
FAM53C,0.27084169296603866
FAM72D,-0.03752032701111236
FAM76A,-0.21259521286529573
FAM76B,-0.06138008851102574
FAM78A,0.05375768765757912
FAM81B,0.997828617324741
FAM83D,0.36101671494031
FAM83G,-0.06139247618205445
FAM83H,-0.05264426459021384
FAM89A,0.4238985683930959
FAM89B,-0.09099677312587673
FAM8A1,-0.20894938992985318
FAM91A1,0.0643554523138313
FAM98A,0.14189356071153053
FAM98B,0.2783198852668109
FAM98C,0.059188565265532574
FAN1,-0.06583217706159339
FANCA,0.32787856838826984
FANCC,0.0009758255391238702
FANCD2,0.43975390971795003
FANCE,0.42471791975912543
FANCF,0.4323235421675673
FANCG,0.08181941659552662
FANCI,-0.08439471711392352
FANCL,0.07187789858954372
FANCM,-0.08961098949476062
FANK1,0.6302248441617948
FAP,0.1856548935861203
FAR1,0.053825630567650266
FAR2,0.20484425176071422
FARP1,0.4875093941357984
FARP2,0.29856451213583035
FARS2,-0.09491305517159804
FARSA,0.13047348797529634
FARSB,0.10331781452847415
FAS,0.18937509207192546
FASN,0.25745167752792864
FASTK,0.16022716846121374
FASTKD1,-0.13407767444423724
FASTKD2,0.022308547423933702
FASTKD3,-0.08981543583138507
FAT1,0.44400652761910014
FAT3,0.6140285659165915
FAT4,0.678691638186502
FAU,0.1213581671282238
FAXC,0.20281339824441894
FAXDC2,0.341553340484645
FBF1,0.3983111246054371
FBL,0.11467319940987539
FBLIM1,0.6145930870661356
FBLN1,0.7768620033950905
FBLN2,0.49121248126685113
FBLN5,0.7486490285187738
FBN1,0.7840568747384887
FBP1,0.4686456312461032
FBRS,-0.1167175209364958
FBRSL1,-0.022057803273280188
FBXL12,0.1023925683139977
FBXL15,0.0012106089352744418
FBXL17,0.14364021389666928
FBXL18,0.3520908060960026
FBXL19,-0.0827682579295992
FBXL2,0.4638452602559579
FBXL20,0.2125400877587484
FBXL3,0.12986924370280462
FBXL4,-0.03436688537198083
FBXL5,-0.001629278850307992
FBXL7,0.3393052379517985
FBXO10,-0.054608868604027694
FBXO11,-0.09499354488523763
FBXO15,-0.046084241877936534
FBXO17,0.5067655585602314
FBXO2,-0.01507281190771878
FBXO21,0.17320202023973968
FBXO22,0.2352312036630464
FBXO25,0.07703418465132646
FBXO28,-0.17089480509909463
FBXO3,0.03088896019086318
FBXO30,0.23540906333231446
FBXO31,0.00943160042555201
FBXO32,0.3783029116146274
FBXO33,0.1865049900616606
FBXO34,0.2874219365480663
FBXO38,-0.14047963031686522
FBXO4,0.049741799457825586
FBXO41,-0.10885316009499582
FBXO42,0.3227193044185151
FBXO44,0.023809429956705926
FBXO45,0.08458401676260381
FBXO46,0.004599959357488992
FBXO48,-0.013776568963604607
FBXO5,0.0833809982756544
FBXO6,-0.08464290335960702
FBXO7,0.10869617578725241
FBXO8,0.26104240486301206
FBXO9,0.0029808255993569424
FBXW11,0.2076872621265777
FBXW2,0.07978916870330517
FBXW4,0.039676055626468525
FBXW5,0.1437443870087836
FBXW7,0.23398200462723778
FBXW8,0.13528187441523232
FBXW9,-0.09400759400461134
FCAR,0.4887151592384291
FCER1G,0.6358929945751715
FCF1,0.2858308698520809
FCGBP,0.198440079686131
FCGR1A,-0.06345492662232746
FCGR2A,0.3770399093134761
FCGR2B,0.03571237725176259
FCGR3A,0.3329571454334116
FCGR3B,0.9796958173225108
FCGRT,0.3511969045469839
FCHO1,0.28616537522655333
FCHO2,0.31886821121061426
FCHSD1,0.05779618838355707
FCHSD2,0.6146200237432573
FCMR,0.8034209474746602
FCN1,0.5637176262752717
FCN3,0.7737419995615854
FCRL5,0.8147811797289671
FDFT1,0.025425093465555722
FDPS,0.21596665490516065
FDX1,0.18642406549169427
FDXR,-0.0030937682662875964
FECH,-0.007826058226277348
FEM1A,-0.05933505143716638
FEM1B,0.23128372444797604
FEM1C,-0.12289301962466978
FENDRR,0.8565797542866997
FER,0.4458183355660443
FERMT1,0.8213990769449562
FERMT2,0.6467768313897281
FERMT3,0.3004946558509585
FES,0.30101046790440183
FEZ1,0.6581188391035822
FEZ2,-0.00024085133211523867
FFAR2,-0.02478647585385589
FFAR4,0.03358395930186088
FGA,
FGD2,0.43825588683358996
FGD3,0.22350273481008767
FGD4,0.32715368766062103
FGD5,0.7297672678579672
FGD5-AS1,-0.05008852254340322
FGD6,0.42443844704451117
FGF12,0.2132583325434536
FGF13,0.5399737938363032
FGF14,0.5408407021027036
FGF14-AS2,0.007102746859888499
FGF18,0.574314167669296
FGF2,0.6284641087519871
FGF7,0.6948434749975019
FGF9,0.41880593463887467
FGFBP1,
FGFBP2,0.6314322983214535
FGFR1,0.6094467113265186
FGFR1OP2,0.2587441880719346
FGFR2,0.2968572912572901
FGFR3,0.5046650053402059
FGFR4,0.6258927225539492
FGFRL1,-0.08762586679333462
FGG,-0.04416563316163709
FGGY,-0.12814163757996913
FGL2,0.5636717981218315
FGR,0.4826887014583248
FH,-0.05090168058936711
FHAD1,-0.03492359105767638
FHDC1,0.1628726496678106
FHIT,0.0535125394492523
FHL1,0.6688275747653052
FHL2,0.09679438821485477
FHL3,0.11168497942333094
FHL5,0.9265849459703086
FHOD1,0.23803773966898892
FIBIN,0.387221994325132
FIBP,0.016592301172666996
FICD,0.05965383049205601
FIG4,-0.0003967202488688549
FIGN,0.6129576869626887
FIGNL1,0.05711846512856102
FILIP1,0.5146756974878918
FILIP1L,0.4416008084996211
FIP1L1,0.02200820736257656
FIS1,0.03744290374029827
FITM2,0.031051756545934058
FIZ1,0.13985130438979906
FJX1,-0.035809150591066666
FKBP10,0.18098341012431116
FKBP11,-0.08271130203556087
FKBP14,-0.05770040500745364
FKBP15,0.24113589709629282
FKBP1A,0.2503424173354064
FKBP1B,-0.02720652590136443
FKBP2,0.2509457272992808
FKBP3,0.08692764317949529
FKBP4,0.26741908822044175
FKBP5,0.08799884239946452
FKBP7,-0.05977947737270265
FKBP8,-0.074312938856272
FKBP9,0.17194848362566104
FKBPL,-0.06367970677093854
FKRP,0.31151341581708814
FKTN,0.05609728482723738
FLAD1,-0.06417757280598527
FLCN,0.2136386478462465
FLI1,0.3695239532602431
FLII,-0.06996256592111848
FLNA,0.43481778239453184
FLNB,0.5445726922822759
FLNC,0.05975996994088489
FLOT1,0.44806161122713856
FLOT2,0.03192496430487313
FLRT2,0.807944188674497
FLRT3,0.5257006530221622
FLT1,0.810460171322464
FLT4,0.5317028119377922
FLVCR1,0.06109077422666581
FLVCR2,0.027813004208622948
FLYWCH1,-0.010847417968948567
FLYWCH2,0.18191657836267505
FMN1,0.25780948025176026
FMNL1,0.3846321826100017
FMNL2,0.6400939499120911
FMNL3,0.37416466960224926
FMO2,0.5803656495653613
FMO3,0.517179125061434
FMO4,0.22334105509689461
FMO5,0.4393100426071707
FMOD,0.6979713516761324
FMR1,-0.14044232611242097
FN1,0.6989059452105727
FN3KRP,0.08028756555108418
FNBP1,0.518194573615663
FNBP1L,0.43343583197978847
FNBP4,0.02864318075000353
FNDC3A,0.12240605344293765
FNDC3B,0.21822226545907075
FNDC4,0.5614876444628683
FNDC5,0.42477247524422085
FNIP1,0.31575512851484583
FNIP2,0.3922532594780283
FNTA,0.023843329668493153
FNTB,-0.05717103331064796
FOCAD,0.06699030501379613
FOLH1,0.572418167021854
FOLR1,0.29396338579218567
FOLR2,0.7673328466512788
FOLR3,0.5851928242301421
FOS,0.18122855781184158
FOSB,-0.05800552689364636
FOSL1,
FOSL2,0.22548409490919197
FOXA1,0.5110025719604083
FOXA2,0.21718051520712767
FOXC1,0.5613394957043688
FOXC2,0.8923026995487835
FOXF1,0.560769090691577
FOXF2,0.5365506329294407
FOXJ1,0.41105832104592266
FOXJ2,0.33797879573477535
FOXJ3,0.374858155598075
FOXK1,0.06085565725007405
FOXK2,-0.004379541007698852
FOXM1,
FOXN2,0.09943958973725198
FOXN3,0.16545206467913712
FOXO1,0.18397736910652907
FOXO3,0.12753893306663275
FOXO4,-0.09351751020149444
FOXP1,0.31963367408240695
FOXP2,0.33288383746266553
FOXP4,0.32047987558914726
FOXRED1,-0.10240584741317597
FOXRED2,-0.057599716459785906
FPGS,-0.002271566446335899
FPGT,-0.04454149703704754
FPGT-TNNI3K,-0.08058132606886464
FPR1,-0.055741016121624
FPR2,-0.04669047634215887
FPR3,0.44285738538352526
FRA10AC1,-0.1744515228358468
FRAS1,0.3076221059115213
FRAT1,0.16755415390534115
FRAT2,-0.04729512352877121
FREM2,0.5356232686450104
FRG1,-0.08387931661551087
FRK,0.3794720956751876
FRMD3,0.02790905745851171
FRMD4A,0.4496013335991918
FRMD4B,0.36803603036591725
FRMD6,0.37810308780870444
FRMD8,0.15565094596799955
FRS2,0.02098218120364563
FRY,0.22920874043650874
FRYL,0.22578143096345235
FRZB,0.03695252210400953
FSCN1,0.6378114784915188
FSD1L,0.006311487457729845
FST,0.03887345452627814
FSTL1,0.46584905552106604
FSTL3,0.291999001074608
FTH1,0.39326253909462355
FTL,0.2456306797477166
FTO,0.2305069294632273
FTSJ1,-0.14379769781223445
FTSJ3,-0.001323760391462151
FTX,0.26708646275267894
FUBP1,0.28400244214697984
FUBP3,0.11839669384417147
FUCA1,0.15142052148678095
FUCA2,-0.03730968070851518
FUNDC1,-0.05909244695325784
FUNDC2,-0.04676267401640053
FUOM,-0.052336326288537155
FURIN,0.14659885800529965
FUS,0.13582345460817458
FUT1,0.31582901372240785
FUT10,-0.12154031024077093
FUT11,0.129411952749836
FUT8,0.115945308140385
FUZ,0.7582893398402544
FXR1,-0.02562612201818527
FXR2,-0.06014519218896055
FXYD3,0.29855087675510666
FXYD5,0.17249291607063305
FXYD6,0.2158593490868901
FYCO1,0.19655761473326583
FYN,0.7432128584324427
FYTTD1,0.1508676350094263
FZD1,0.4338088046008849
FZD2,-0.020807735464366046
FZD3,0.1825488510367098
FZD4,0.6935736670749345
FZD5,0.20085709872579177
FZD6,0.3360327653084608
FZD7,0.03159374560740354
FZD8,-0.10339629725094333
FZR1,-0.10041513552536357
G0S2,-0.03389864928408268
G2E3,-0.047592198416512035
G3BP1,0.14046838121858332
G3BP2,0.05302889630037421
G6PC3,0.11625346126407965
G6PD,0.06052830226706409
GAA,0.013061550362004648
GAB1,0.058102413103466206
GAB2,0.2912476345535327
GAB3,0.3589283999025113
GABARAP,0.11311078074119216
GABARAPL1,0.22308550564248614
GABARAPL2,-0.021523615369715872
GABBR1,0.2701924063283917
GABBR2,0.07696019535475036
GABPA,0.14542078072593737
GABPB1,0.20638156353283882
GABPB1-AS1,0.40671904375722107
GABPB2,-0.003295561979339878
GABRB1,0.6460745765767049
GABRB2,0.934898993838745
GABRB3,0.801278033452631
GABRE,0.564033161399891
GABRP,0.36553749656884854
GADD45A,-0.057030804812243215
GADD45B,0.20430974657924175
GADD45G,-0.08819174945750292
GADD45GIP1,-0.015496782009580237
GAK,0.2719971815087759
GAL3ST4,-0.005605414318825075
GALC,0.14625048772526072
GALE,0.3069911024317844
GALK1,0.03928789420512021
GALK2,0.013006506388978002
GALM,0.3306815333785662
GALNS,0.1580349225889509
GALNT1,0.0892231410848026
GALNT10,0.08771238066043809
GALNT11,-0.020583748146235432
GALNT12,0.32786101698517756
GALNT13,0.06736155024730968
GALNT15,0.1387572990374259
GALNT16,0.47905683516155284
GALNT18,0.7126801514428105
GALNT2,-0.0064364379989010935
GALNT3,0.16969873087995382
GALNT5,0.7290041052078855
GALNT6,0.06315484650302025
GALNT7,0.09324354094965444
GALT,-0.09948203158896216
GAMT,-0.04555257973423717
GAN,-0.10567615904978495
GANAB,0.02328218374264782
GANC,0.3339270471454432
GAPDH,0.3317531117721628
GAPT,0.5921976934062329
GAPVD1,0.17119639846774604
GAR1,0.11230119747087865
GARNL3,0.3178527433178782
GART,-0.11176130094530337
GAS1,0.3902353476293576
GAS2L1,0.21863358813290326
GAS2L2,
GAS2L3,0.41942342688874373
GAS6,0.4417148105934605
GAS7,0.41952029871867386
GAS8,0.4933324295412032
GATA1,0.5467885893896277
GATA2,0.7578402987939986
GATA2-AS1,0.6075402504239719
GATA3,0.627133482519819
GATA6,0.2278676763380555
GATA6-AS1,0.006527974700112196
GATAD1,-0.18759250471365785
GATAD2A,0.061431163475403755
GATAD2B,0.10055941640325794
GATB,0.10817382802066731
GATC,-0.20735478447003583
GATM,0.22436524116656645
GBA2,0.07187141228100086
GBE1,0.04990901602811388
GBF1,-0.346423216113197
GBGT1,
GBP1,0.37773529687484964
GBP2,0.4119382434574208
GBP3,0.2964097211815543
GBP4,0.6323161571278513
GBP5,0.5657892261322267
GCA,-0.12422832872906928
GCAT,-0.07489414400588096
GCC1,-0.09459692337660078
GCC2,0.2581583506391642
GCDH,0.3295978492351008
GCFC2,0.06896523029396338
GCH1,0.49172176504747256
GCHFR,0.12390861517877473
GCLC,0.17962696879075524
GCLM,0.23524552448767147
GCN1,-0.10846086777237621
GCNT1,0.307046160792235
GCNT2,0.10545289845703121
GDAP1,0.09397543093260766
GDAP2,0.045014905813826875
GDE1,-0.06340908213540362
GDF10,0.09506360274906994
GDF11,0.0017818133942438278
GDF15,0.6063006375508364
GDI1,0.1555687965427335
GDI2,0.060005987056377524
GDPD1,-0.0493018168576204
GDPD3,-0.06912183322057275
GDPD5,0.117309439783161
GEM,0.5301608831987467
GEMIN2,0.17002368008676302
GEMIN4,-0.049057598335760365
GEMIN5,0.045186561706969365
GEMIN6,-0.04301639327350595
GEMIN7,-0.07826646497322393
GEMIN8,-0.16714958704505237
GEN1,-0.0006341950218130433
GFER,0.1538691044181881
GFI1B,-0.0484781691922245
GFM1,-0.06870391223208967
GFM2,0.15241554734186366
GFOD1,0.4568333308056517
GFOD2,0.05402094237025658
GFPT1,-0.04697246921455379
GFPT2,0.47803959764779375
GFRA1,0.8414240301539961
GFRA2,-0.0738010867988826
GGA1,0.02253144769625255
GGA2,0.34305947209505316
GGA3,-0.056538742928656065
GGACT,0.05704288899376571
GGCT,-0.09391916040748145
GGCX,-0.03449972168953111
GGH,-0.056807154824794925
GGNBP2,0.10627687187329113
GGPS1,-0.06088265425721837
GGT1,0.3025114549107196
GGT5,0.006466060463206276
GGT6,0.9065516451614797
GGT7,0.09010779801389383
GGTLC1,-0.009118535968711575
GHDC,0.042624439152400995
GHITM,-0.11869434792876629
GHR,0.30564689342091145
GID4,0.10152317634492271
GID8,0.07433003512771878
GIGYF1,0.1251960468726753
GIGYF2,0.30327775983845856
GIMAP1,0.3457984283597764
GIMAP2,0.11821106932977074
GIMAP4,0.5468277679783627
GIMAP5,0.282434012521675
GIMAP6,0.2530835635905876
GIMAP7,0.6654767986504024
GIMAP8,0.8203775298670928
GIN1,0.06367142370829645
GINM1,0.1673396974791114
GINS1,0.031745463797362664
GINS3,0.6326249180564788
GINS4,0.10590108226258037
GIPC1,0.2574097215619606
GIPC2,0.4600810175446057
GIPR,0.08575056667497666
GIT1,0.1600420697395775
GIT2,-0.03478408472958387
GJA1,0.1579311956642303
GJA4,0.5186903943173398
GJA5,0.8336527924951141
GJC1,0.7048893095451673
GJC2,-0.05470531033495054
GK,-0.014781155646243969
GK5,0.4376368567893798
GKAP1,0.23808781932849116
GKN2,0.0961888682947569
GLA,-0.1460925852484848
GLB1,0.020360450224507706
GLB1L,0.4958830425313345
GLB1L2,0.3199149611253648
GLCCI1,0.34087141957075134
GLCE,0.2571796256189755
GLDN,0.5447717126718592
GLE1,0.04356402500674432
GLG1,0.23254816035166365
GLI2,0.6512469705156878
GLI3,0.4143610357553466
GLI4,-0.0060055059763958075
GLIPR1,0.45376612659094107
GLIPR2,0.3129988783836564
GLIS2,0.24403598698521098
GLIS3,0.24545071060225715
GLMN,0.30684022683429746
GLMP,-0.04605565405891804
GLO1,0.25155904396406437
GLOD4,0.02131879781476175
GLRX,0.07267987358481465
GLRX2,-0.02952368392007383
GLRX3,0.061483455363779645
GLRX5,0.1885797391112426
GLS,0.28804302569450246
GLT1D1,0.4813166220549391
GLT8D1,0.05095592568893138
GLT8D2,0.5903732059966623
GLTP,0.1042981971604889
GLUD1,0.10053220894227584
GLUD2,0.05851285799145576
GLUL,0.5879907412078192
GLYCTK,0.27193074020868124
GLYR1,0.08752528913826661
GM2A,0.3481279717775254
GMCL1,0.0638039015410579
GMDS,0.2441794247633847
GMEB1,-0.0851234729828435
GMEB2,0.03002846050210728
GMFB,0.11770734108646155
GMFG,0.3097379126973505
GMIP,0.048405308237961304
GMNN,-0.07665445498243652
GMPPA,0.4173474192229642
GMPPB,-0.06655193917765245
GMPR,0.4818604939061104
GMPR2,0.053500162771469274
GMPS,0.2880830230084331
GNA11,0.418154610417718
GNA12,0.37109846275213376
GNA13,0.0060221616810404565
GNA14,0.6981150681004805
GNA15,0.16770262972070996
GNAI1,0.4070891794266309
GNAI2,0.42913822782589034
GNAI3,-0.22082617909112284
GNAL,0.10086368374860555
GNAQ,0.47212458406656604
GNAS,0.05564602938624956
GNAZ,-0.08646067074384083
GNB1,0.2501751827080289
GNB2,0.14983320711008313
GNB4,0.6060983802099211
GNB5,0.18385363939754013
GNE,-0.10762236257330261
GNG11,0.2485559818444579
GNG12,0.7257651638220866
GNG2,0.3040071402545918
GNG5,-0.01961060965418316
GNG7,0.27689365460205406
GNGT2,0.1576420531324419
GNL1,-0.05376629454296264
GNL2,0.04962180449987855
GNL3,0.04809356071539834
GNL3L,-0.29265616824154805
GNLY,0.7424030446921212
GNPAT,0.022003454866281167
GNPDA1,0.14490352229907127
GNPDA2,0.18087071211138903
GNPNAT1,0.18493237204772253
GNPTAB,0.2527449677795235
GNPTG,-0.06348819474480824
GNS,0.11590775909906474
GOLGA1,-0.18663627694838122
GOLGA2,0.4098793816089009
GOLGA3,0.05399371487868536
GOLGA4,0.17944591551484412
GOLGA5,0.09893737860189936
GOLGA6L9,-0.09287712590362665
GOLGA7,0.047926149367514825
GOLGA8A,0.2654174398245324
GOLGA8B,0.5186199342204623
GOLGB1,0.12968227762446552
GOLIM4,0.38439631617249737
GOLM1,0.1960087675980476
GOLPH3,0.015133024476544674
GOLPH3L,-0.06487849540467705
GOLT1A,0.07874268918954944
GOLT1B,0.013435731817290025
GON4L,-0.06762599856241999
GOPC,0.057011065566613665
GORAB,0.33692226238985445
GORASP1,0.013736145680206771
GORASP2,0.1438461659553103
GOSR1,-0.09093193444761914
GOSR2,-0.05893960047035127
GOT1,-0.030577759169627634
GOT2,0.041943139930942966
GP1BA,-0.05628988802273428
GP6,0.393758649965416
GP9,0.7545774136279809
GPAA1,0.05519404496460867
GPALPP1,0.022265696639576824
GPAM,0.10586137935880427
GPANK1,-0.18320366845397165
GPAT3,-0.04900267602173208
GPAT4,-0.029697166930337155
GPATCH1,0.1685407721677241
GPATCH11,-0.18240467824132034
GPATCH2,0.1857138190909626
GPATCH2L,0.21926865847625582
GPATCH3,-0.014631467422872746
GPATCH4,0.015725976843031526
GPATCH8,0.11775077018509522
GPBAR1,-0.0903832350307103
GPBP1,0.15025268283495932
GPBP1L1,0.08220860462054853
GPC1,0.39272615167353075
GPC3,0.6727599359385277
GPC4,0.5987271354026784
GPC6,0.46355046396781097
GPCPD1,0.45549436891600625
GPD1,0.47823359510374913
GPD1L,0.18858287976719817
GPD2,0.21031639422096118
GPER1,0.0746710572495438
GPHN,0.032192783694967794
GPI,0.15457485463053322
GPIHBP1,0.7833464191146593
GPKOW,0.08145103980032968
GPLD1,-0.012894462484403742
GPM6A,0.6324813328159951
GPM6B,0.3279158184992531
GPN1,0.1490165762453463
GPN2,0.36921043893789246
GPN3,0.10083975237023296
GPNMB,0.6340053230144647
GPR107,-0.013202071493609472
GPR108,-0.07602273318043933
GPR132,-0.06386676936109618
GPR137,0.02809662042174539
GPR137B,0.4810175408119057
GPR137C,0.13898828363270174
GPR146,0.34646186576864735
GPR153,0.349229793261362
GPR155,0.13312734253693506
GPR157,0.5501933637934411
GPR160,0.03727033732620843
GPR161,0.026176578536041547
GPR162,-0.032247670054307585
GPR171,0.6321683580839281
GPR173,-0.017352277540280476
GPR176,0.03011727030675848
GPR180,-0.018679640891195927
GPR183,0.4814049135429407
GPR20,0.6518976317809316
GPR34,0.5496345039338971
GPR39,0.3374215891241355
GPR65,0.4647835478388198
GPR84,
GPRASP1,0.15729694953199846
GPRASP2,0.20897376380594804
GPRC5A,0.596284878352543
GPRC5B,0.13182649334202928
GPRC5C,0.3107006453612469
GPRIN2,0.24193233814261406
GPRIN3,0.6247187668438967
GPS1,0.025321186439424333
GPSM1,0.6963408388077522
GPSM2,0.4305752568541091
GPSM3,0.27868539515710244
GPT2,0.13102701855037455
GPX3,0.4279314018842795
GPX4,0.00824680507258198
GPX7,0.33849500469400456
GPX8,0.12281998217030171
GRAMD1A,0.13432589956120053
GRAMD1B,0.25019649852104275
GRAMD1C,0.26239852678594194
GRAMD4,0.04212324358148891
GRAP,0.5752453972094888
GRAP2,0.5999844342188873
GRB10,0.2865675878319162
GRB2,0.2805782766997066
GRB7,0.33735362574565897
GREB1L,0.15000650936055585
GREM1,-0.023103165840702107
GRHL1,0.30440667871970056
GRHL2,0.11116677879039841
GRHPR,0.15841598591040335
GRIA1,0.8541357889916851
GRIK4,0.3838133327522103
GRINA,0.11897165302225299
GRIPAP1,0.1471556837884481
GRK4,-0.09386659016986802
GRK5,0.620713999504306
GRK6,0.03569509724680067
GRN,0.40060427226883855
GRPEL1,0.3192302564325422
GRPEL2,0.3748909581132978
GRSF1,0.47507743625957594
GRWD1,-0.05458790614468155
GSAP,0.4895097953204463
GSDMB,0.266048214764792
GSDMD,-0.19845835755642213
GSE1,0.4045939595451346
GSK3A,-0.0663420523057979
GSK3B,0.24077433183841224
GSKIP,0.0013556111139028182
GSN,0.31194324507229354
GSPT1,0.15500924148354064
GSPT2,0.046163991027372064
GSR,0.2760615776493881
GSS,0.01320373778512518
GSTA1,0.049184478863499026
GSTA2,
GSTA4,0.3315225535522632
GSTCD,-0.09608014180730833
GSTK1,0.3388059966214574
GSTM3,0.07866436428723249
GSTM4,0.12768300858943182
GSTM5,-0.04046689723856942
GSTO1,0.26544752604084154
GSTO2,0.07056120130029309
GSTP1,0.2053863171284772
GSTZ1,0.3216131598375402
GTDC1,0.0781485432115898
GTF2A1,-0.0714475315759849
GTF2A2,-0.06616849347834419
GTF2B,0.21443031911950391
GTF2E1,0.06898016162717746
GTF2E2,-0.2798635757783887
GTF2F1,0.15590475092917663
GTF2F2,0.06178607641021485
GTF2H1,-0.004414745325153278
GTF2H2,0.0382678419882612
GTF2H3,-0.07240034639578792
GTF2H5,-0.09011136365935656
GTF2I,0.1884403060634131
GTF2IRD1,0.3779007256945634
GTF2IRD2,0.05473948320971526
GTF2IRD2B,0.02795410158945832
GTF3A,0.19277472837547693
GTF3C1,0.020077876840443442
GTF3C2,0.027950100659516017
GTF3C3,0.10696603252858843
GTF3C4,0.25279197099297224
GTF3C5,0.01179877549997293
GTF3C6,0.03795517756605421
GTPBP1,-0.029957418732001324
GTPBP10,0.36174490297354855
GTPBP2,0.07615836754939362
GTPBP3,-0.09694644247859781
GTPBP4,-0.005191541119146254
GTPBP6,-0.008322206573125613
GTPBP8,0.08231866402297028
GTSE1,-0.006377804056818536
GUCD1,0.1126308255305745
GUCY1A2,0.8820060280703305
GUF1,0.11211950636385622
GUK1,0.18869350894634068
GULP1,0.49244482603117873
GUSB,0.10986125519317058
GXYLT1,-0.17122234581679965
GXYLT2,0.7302451741239517
GYG1,0.22034300226536468
GYPB,-0.03848179769581198
GYPC,0.306616828529715
GYS1,-0.1743452068143057
GZF1,0.00800523757950686
GZMA,0.6799777394665403
GZMB,0.7143808905698924
GZMH,0.35293956060822723
GZMK,0.5860876506227428
H6PD,-0.11146433488445993
HAAO,0.24126465040460215
HABP4,-0.06842396457260204
HACD1,0.45373189731372293
HACD2,0.13255994663512322
HACD3,0.12580057155399818
HACD4,0.002656366980383561
HACE1,0.16276987377649968
HACL1,-0.030112796229029116
HADH,-0.009698946505554031
HADHA,-0.05118018424715396
HADHB,0.07641403358484533
HAGH,0.30483812206688715
HAGHL,-0.049456167431630435
HAGLR,0.34299424436809145
HAL,0.7890495554098882
HAMP,
HAPLN1,0.41565409021675537
HAPLN3,-0.07190305788869317
HARS2,-0.11181043249949424
HAS2,-0.03233831029542809
HAS3,-0.08832761316459005
HAT1,0.3241238994766625
HAUS1,-0.12377278226390984
HAUS2,0.05230348885408137
HAUS3,0.5158268152371913
HAUS5,-0.129184014743417
HAUS6,0.22385547742906312
HAUS8,-0.06510955992889152
HAVCR2,0.5083780729365488
HAX1,0.25344646661682274
HBA1,
HBA2,-0.0536772361950997
HBB,-0.0482364977756541
HBEGF,-0.054765365334280294
HBM,
HBP1,-0.21137134518227443
HBS1L,0.21734134458979346
HCAR2,-0.04455888087334553
HCCS,0.0029328362319807288
HCFC1,0.15795817251402638
HCFC1R1,0.045474561463610334
HCFC2,0.12263587343254242
HCG11,-0.012959230779901024
HCG18,0.3277793328533265
HCK,-0.0036591819222259103
HCLS1,0.2875107286579996
HCST,0.26190328012429626
HDAC1,0.20315483188888198
HDAC10,-0.07971548313282575
HDAC11,-0.044521690512590174
HDAC2,0.02011452444468139
HDAC3,-0.10520840689335527
HDAC4,0.2050880480853332
HDAC5,-0.03820284775857035
HDAC6,-0.004977535193119725
HDAC7,0.41651926683623036
HDAC8,-0.21700165220462372
HDAC9,0.587175509300744
HDDC2,0.045015567093611424
HDDC3,0.05782940987003422
HDGF,0.12531277298001792
HDHD2,-0.04481691389543598
HDHD3,0.006069723277036964
HDLBP,0.21680829892622652
HDX,0.16462803245216528
HEATR1,0.0826629738963376
HEATR3,0.17240009121332348
HEATR5A,0.03287018140065393
HEATR5B,0.20490453044886436
HEATR6,-0.11576893860838297
HEBP1,0.1357271207203921
HEBP2,-0.03955153204577431
HECA,0.3383712636883575
HECTD1,0.06933344933643767
HECTD2,0.1994340994416681
HECTD3,0.004349120533224946
HECTD4,-0.23708680727571732
HECW2,0.842459307937666
HEG1,0.7224648260119596
HELB,0.47723569416552636
HELLS,0.08370356854211072
HELQ,-0.03749910619948703
HELZ,0.23725527591486048
HELZ2,0.0714554560239331
HEMGN,-0.07798467410960389
HEMK1,-0.11176815019271297
HENMT1,0.15286408805263166
HEPH,0.1499195428199486
HERC1,0.2417861036115581
HERC2,0.3611900685692684
HERC3,0.13126593198713454
HERC4,0.1113805712250149
HERC5,0.40072070232727036
HERC6,0.185762335392196
HERPUD1,0.30264290341633915
HERPUD2,0.04321737511527543
HES1,0.4964657895476362
HES4,0.5985280407772691
HES6,-0.020057898062089394
HEXA,-0.00776434660006875
HEXB,0.0285956585110119
HEXIM1,-0.010187790801651428
HEXIM2,-0.04240864595065172
HEY1,0.7524729393847251
HEY2,0.5281119206896508
HEYL,0.7090015029936401
HFE,0.10307171350057207
HGF,0.38498036408649094
HGH1,-0.11268418705744677
HGS,0.06821948719530822
HGSNAT,0.19892175482800767
HHAT,0.31153031869063524
HHEX,0.16968618738647684
HHIP,0.29189522452368133
HHIP-AS1,-0.0787286636697694
HIBADH,0.04957569448798846
HIBCH,0.2526001310244099
HIC1,0.5294202727448517
HIC2,0.0864896444475218
HID1,-0.02156440659297442
HIF1A,0.07586329076719664
HIF1AN,0.1476495371495173
HIF3A,0.8288689796916767
HIGD1B,0.7055104102764407
HIGD2A,
HILPDA,-0.03421924956451193
HINFP,0.1044931788911718
HINT1,0.26422859515108177
HINT2,0.23111855356576247
HINT3,-0.28319655611780276
HIP1,0.3306811041778446
HIP1R,-0.0021874919639087074
HIPK1,-0.08458657103657391
HIPK2,0.4261383374799984
HIPK3,0.3691914221249311
HIRA,0.09608409225492545
HIRIP3,0.04629291927424049
HIVEP1,0.21021501241078114
HIVEP2,-0.1180330402364562
HIVEP3,0.2978935907629044
HJURP,-0.03166864192417941
HK1,-0.050336240965284544
HK2,0.022649846587735438
HK3,0.7686783369315896
HKDC1,-0.0548543806118269
HLA-A,0.5214505488556174
HLA-B,0.5422900259990548
HLA-C,0.4140922181217579
HLA-DMA,0.0440210850874614
HLA-DMB,0.48476487545987995
HLA-DOA,0.1885207425207669
HLA-DOB,0.49869667733213796
HLA-DPA1,0.5876044169584164
HLA-DPB1,0.4945738212737259
HLA-DQA1,0.28178489184369404
HLA-DQA2,-0.06780804679061445
HLA-DQB1,0.4492411023971401
HLA-DQB2,
HLA-DRA,0.5450021921172591
HLA-DRB1,0.49786448220015417
HLA-DRB5,0.060089652783501674
HLA-E,0.6705398825168667
HLA-F,0.4204757854552531
HLA-G,-0.051858259874036625
HLCS,0.15271770930219833
HLF,0.4609955309898296
HLTF,0.10961955903781911
HLX,0.5545475078476937
HM13,0.2839870080686354
HMBOX1,0.26021334254132944
HMBS,0.3395154211343306
HMCES,0.4617445964129891
HMCN1,0.5367840105471304
HMG20A,-0.23735749477940035
HMG20B,0.10942615487036181
HMGA1,-0.1573345775719889
HMGB1,0.1492194270809537
HMGB2,0.18645071352571133
HMGB3,0.32181237806269575
HMGCL,0.1137654267604761
HMGCR,0.36881070448636105
HMGCS1,0.4498405167820952
HMGN1,-0.13865155628539083
HMGN2,-0.19480216970708628
HMGN3,-0.06996328334334942
HMGN5,-0.12349445745669822
HMGXB3,0.33512867052761025
HMGXB4,-0.062226781283245325
HMMR,-0.033680353010136936
HMOX1,0.34877664511615486
HMOX2,0.18701961890965624
HNF1B,0.044728283225031355
HNMT,0.2615699498945667
HNRNPA0,-0.13343483784841642
HNRNPA1,-0.15373343206132228
HNRNPA1L2,0.14418263491819117
HNRNPA2B1,0.3167643271285613
HNRNPA3,0.14230707126724854
HNRNPAB,0.15010819584522422
HNRNPC,0.17121864021628766
HNRNPD,0.09956131218363842
HNRNPDL,0.08710024505277242
HNRNPF,0.13972185427672582
HNRNPH1,0.1934160782268145
HNRNPH2,0.22342324851607787
HNRNPH3,-0.006462618304825366
HNRNPK,-0.12708856795661339
HNRNPL,0.13867963459949517
HNRNPLL,0.35890243640695113
HNRNPM,-0.1957985305239135
HNRNPR,-0.06034352186934742
HNRNPU,0.3091016886169077
HNRNPUL1,0.19319105839745276
HNRNPUL2,0.01336165041766264
HOMER1,0.12342447555350354
HOMER2,0.278255355658796
HOMER3,0.06715989838114685
HOMEZ,0.09665022834860527
HOOK1,0.3573975416954299
HOOK2,0.22435404523652774
HOOK3,0.194229157480045
HOPX,0.565658921659426
HOTAIRM1,0.32099379574483256
HOXA-AS2,0.6277242862397078
HOXA3,0.24326706862264377
HOXA5,0.1622074141854755
HOXA7,0.22481181573739317
HOXB-AS1,0.2984004522589543
HOXB-AS3,0.20214260385550525
HOXB2,0.11602515064912321
HOXB3,0.5140001992855022
HOXB4,
HOXB7,0.01760470629711823
HP1BP3,0.019876402478313328
HPCAL1,0.2206286484745386
HPGD,0.42965637235635573
HPGDS,0.8332969742334014
HPN,0.40200061730822945
HPRT1,-0.05803878676266098
HPS1,0.1348669306000233
HPS3,0.16772794932310445
HPS4,-0.11792087805876246
HPS5,0.053127757821484996
HPS6,-0.004982083771543796
HPSE,-0.043983913666224915
HRAS,-0.1508369002217297
HRCT1,0.08876275405390743
HRH1,0.206096914627751
HRH2,0.49678517625335517
HS1BP3,-0.058684833088330966
HS2ST1,-0.04381442904684368
HS3ST1,0.08793793828654586
HS3ST2,0.819168654793682
HS3ST3A1,0.4413901985771058
HS3ST3B1,0.14969480997866397
HS6ST1,0.486303683842843
HSBP1,-0.11402482332811031
HSBP1L1,0.38541715826393924
HSCB,0.10176991045546317
HSD11B1,0.4435072014753813
HSD11B1L,-0.069075746059454
HSD11B2,-0.09514648348842838
HSD17B10,-0.07969466989953775
HSD17B11,0.10505957738959035
HSD17B12,0.4827811307532568
HSD17B14,0.1005470396728291
HSD17B4,0.00870507568275268
HSD17B6,0.5236600784168552
HSD17B7,-0.011980596591876481
HSD17B8,-0.0022323595272840642
HSD3B7,-0.0602995620217574
HSDL1,0.06941690006168265
HSDL2,0.2592844217416474
HSF1,0.4072883075515384
HSF2,0.0659961953667476
HSF4,0.0741134961264677
HSH2D,0.38164714276246003
HSP90AA1,0.3671824708825549
HSP90AB1,0.19892902806014573
HSP90B1,0.31367436440315677
HSPA12A,0.5430433120872327
HSPA12B,0.7785497188943152
HSPA13,-0.08973141422137845
HSPA1A,0.20001372355110641
HSPA1B,0.39386894616655727
HSPA1L,0.0967139371070517
HSPA2,0.3856152336562202
HSPA4,-0.022720272646557377
HSPA4L,0.35792714260640274
HSPA5,0.07354135385583728
HSPA6,0.313003869990787
HSPA8,-0.014055917207374643
HSPA9,0.10076413906663723
HSPB1,0.17903313329347117
HSPB6,0.4741660762081149
HSPB7,0.6759183102981108
HSPB8,0.468483367282462
HSPBAP1,0.13653958617823897
HSPBP1,-0.03306793728265849
HSPD1,-0.058714433277199635
HSPE1,0.026513152988875695
HSPG2,0.6658480162115357
HSPH1,-0.020380920712812924
HTATIP2,-0.13693124407313131
HTATSF1,-0.0015406770813995983
HTRA1,0.07572941546809214
HTRA2,-0.1600927808442301
HTRA3,0.42063095904322967
HTRA4,0.5715631099355855
HTT,-0.04452943899826394
HUNK,-0.051232411904704796
HUS1,0.18372866779199268
HUWE1,0.22376846418142712
HVCN1,0.28912744405712837
HYAL1,0.6571986089443689
HYAL2,0.7094920034788159
HYDIN,-0.004702692227753629
HYI,0.045574225854552584
HYKK,0.049043064849528265
HYLS1,-0.07695833309606948
HYOU1,-0.10110339398885149
IAH1,0.1101866737161209
IARS2,0.022437223119497134
IBA57,0.32040223727003186
IBTK,-0.11421931312810936
ICA1,0.4005600381382668
ICA1L,0.6281140335322026
ICAM1,0.1835816700097445
ICAM2,0.27724656756396326
ICAM3,-0.09221525330092326
ICAM4,0.15571291502791107
ICAM5,0.1358815324338908
ICE1,0.19929855082801826
ICE2,0.3386046605429378
ICMT,-0.027039375888663557
ID1,0.7267615986405799
ID2,0.45585737763446305
ID3,0.5312389190449344
ID4,0.3153944955263902
IDE,-0.14834962399682117
IDH1,0.10545046329643684
IDH2,0.10983935872841541
IDH3A,0.11674896806381828
IDH3B,-0.05492386166731752
IDH3G,0.07123435686323396
IDI1,-0.023006158493717774
IDNK,0.03872956015785546
IDO1,0.6046625402973757
IDS,0.3051105406043877
IDUA,0.0034313657174043595
IER2,0.11462828222581495
IER3,0.09817190869502421
IER3IP1,0.15291942289286886
IER5,0.003034496784870604
IER5L,-0.024167829504281077
IFFO1,-0.02383643326469845
IFFO2,-0.10640739554980862
IFI16,0.6097701220435879
IFI27,0.6250787186048282
IFI27L1,0.4246779083478134
IFI27L2,0.31657473162820327
IFI30,-0.054786255556033156
IFI35,0.39899650163216166
IFI44,0.4604581602732879
IFI44L,0.6621703493934967
IFI6,0.22921049068129112
IFIH1,0.11275356859523879
IFIT1,0.0018296075060591287
IFIT2,0.05237049162744983
IFIT3,0.4140832038037497
IFIT5,-0.1430620637179434
IFITM10,0.10537049718588776
IFITM2,0.04206993392120829
IFITM3,0.34608143033002725
IFNAR1,0.18276041209850935
IFNAR2,
IFNGR1,0.3455793237994703
IFNGR2,0.1336113125460729
IFNLR1,0.6850583438242223
IFRD1,0.0857024392307217
IFRD2,-0.132684889336635
IFT122,0.013682645512399894
IFT140,0.12116863572426483
IFT172,0.555610229141499
IFT20,0.006356185279678752
IFT22,0.23531483894616984
IFT27,0.13750667572678876
IFT43,0.20670260753510136
IFT46,0.11258493126251286
IFT52,0.016209460287111056
IFT57,0.41434900266875974
IFT74,0.3700850331125072
IFT80,0.29149267144608254
IFT81,0.5005825682940193
IFT88,0.20123028784164534
IGBP1,-0.10410985109595108
IGF1,0.5641380868029375
IGF1R,0.22087097858703753
IGF2BP2,0.5307222848791224
IGF2BP3,-0.08591594288194039
IGF2R,0.3398311035443577
IGFBP2,0.47912493577798915
IGFBP3,0.8656446399715512
IGFBP4,0.4285044339361202
IGFBP5,0.4290741841489569
IGFBP6,0.07212892406132426
IGFBP7,0.8044584913939659
IGFLR1,-0.05623458799405752
IGFN1,0.32131011927179276
IGHA1,0.5432466222138008
IGHA2,
IGHD,
IGHG1,0.43226283662127307
IGHG3,0.050240094247197005
IGHG4,
IGHGP,0.45830426438078253
IGHM,0.3078225100713324
IGHMBP2,-0.16909102417594593
IGIP,0.37245762783671915
IGKC,0.42964608386770897
IGLC2,0.41572961749785114
IGLC3,0.866923096784045
IGLC7,
IGLL5,
IGSF10,0.44625220553312606
IGSF21,0.7641507144354508
IGSF3,0.27339647916200377
IGSF6,-0.09983830452453275
IGSF8,0.328224473014185
IK,0.08049196998009248
IKBIP,0.14725243697066542
IKBKB,0.30036607845690355
IKBKE,-0.06015314690440149
IKBKG,0.3078429319387768
IKZF1,0.6007277708867299
IKZF2,0.5930200764163127
IKZF3,0.8702821463970205
IKZF4,0.12011240956582933
IKZF5,-0.02739134472835289
IL10,
IL10RA,0.4506609199659677
IL10RB,-0.07600188098486278
IL11,
IL11RA,0.025644834885423556
IL13RA1,0.46096576895598945
IL13RA2,
IL15,0.17120511716595876
IL15RA,0.38205489652213975
IL16,0.5769006439996252
IL17RA,0.31457474216742976
IL17RC,0.2054127074495611
IL17RE,0.2365102350078618
IL18,0.19897168159713752
IL18BP,-0.0296374340391816
IL18R1,0.29309843124608315
IL18RAP,0.31245490330900155
IL1B,0.9040740388621107
IL1R1,0.4399819046340978
IL1R2,-0.024651116536726917
IL1RAP,0.05223104916974039
IL1RL1,0.7054403628665513
IL1RN,0.3178564763929519
IL20RA,0.38028495738318974
IL21R,0.08537848112003356
IL24,
IL27RA,-0.09671424297879085
IL2RA,0.470902082247331
IL2RB,0.901470826795121
IL2RG,
IL32,0.5857135331363228
IL33,0.865851162509853
IL34,0.16816007158078888
IL3RA,0.13257045114196542
IL4I1,0.35847540700683556
IL4R,0.31595956231148026
IL6,0.2833485389609047
IL6R,-0.0492036372896523
IL6ST,0.310048455810016
IL7,0.39946308877369635
IL7R,0.803546291172284
ILF2,-0.03878301174990501
ILF3,0.1584337559653635
ILK,0.281233155983952
ILKAP,-0.17605621168751512
ILVBL,0.6207291008833651
IMMP1L,0.022766020417697073
IMMP2L,0.32890600072998394
IMMT,0.0273524723588045
IMP3,-0.004834954826703999
IMP4,0.14399539327618988
IMPA1,-0.02667571495421993
IMPA2,0.26451585563570085
IMPACT,0.027171391681385864
IMPDH1,0.08759548980703256
IMPDH2,-0.008359787370501621
INAFM1,0.2549227220499315
INAFM2,0.04303469374045465
INCENP,0.25277566895512193
INF2,0.22788891341240003
ING1,0.03300899782749307
ING2,-0.09084503618807967
ING3,0.04052681630449078
ING4,0.01352121962681859
ING5,-0.008509443356734765
INHBA,0.5760243239794819
INHBB,0.39324777666948074
INIP,-0.028099238287973786
INMT,0.7561499573778141
INO80,0.02374747983915505
INO80B,-0.03255724535067059
INO80C,0.13328178033450674
INO80D,0.05256577528339113
INO80E,-0.1130645028219636
INPP1,0.6073565358263371
INPP4A,0.34741894856475175
INPP4B,0.7440381796391974
INPP5A,0.08318863626786929
INPP5B,-0.18722682496642945
INPP5D,0.17013376108060113
INPP5E,-0.1454536204801463
INPP5F,0.18295705433509268
INPP5K,-0.016890546341542346
INPPL1,0.028042097879264465
INSIG1,0.2815821343852323
INSIG2,0.03734132313847431
INSR,0.20552109985231806
INTS1,-0.08532433835064263
INTS10,-0.07295852327592822
INTS12,0.03784286951326281
INTS2,0.05402800711978848
INTS3,0.1420657446253157
INTS4,0.1403166032603796
INTS5,0.2330983440666304
INTS6,0.016201278361296867
INTS6-AS1,-0.12005837459757736
INTS7,-0.008682441246133056
INTS8,0.2033360132218623
INTS9,0.16181936709671524
INTU,0.5816191045566795
INVS,-0.06908299536527965
IP6K1,0.13557815341942492
IP6K2,-0.07664974608099603
IP6K3,0.2931991107396775
IPCEF1,0.3358725541332508
IPMK,0.22258238883185166
IPO11,-0.09602168608984792
IPO13,0.021613155608610393
IPO4,-0.056334029892360235
IPO5,0.29309250239395046
IPO7,-0.14995459968765648
IPO8,0.03621877673329135
IPO9,0.17302664662932815
IPP,0.12223768952440846
IPPK,0.031980442944207675
IQCA1,0.5751386320295251
IQCB1,0.05654595318696957
IQCD,-0.05246820367539432
IQCE,-0.0038889624053647038
IQCG,-0.06453230695411431
IQCH-AS1,0.007759346201323185
IQCK,0.49489803735062904
IQGAP1,0.174876261766383
IQGAP2,0.40909511379496843
IQGAP3,-0.030360243487814173
IQSEC1,0.07645299069470095
IQSEC2,0.31551962512357373
IQSEC3,0.7734374392120555
IRAK1,-0.11770287713659626
IRAK1BP1,0.3193964060848801
IRAK2,0.4678219590232124
IRAK3,0.2951335235925266
IRAK4,0.24115548023096076
IREB2,-0.09723046061724461
IRF1,0.20339667101633233
IRF2,0.034984111784046826
IRF2BP2,0.002458833615415237
IRF2BPL,-0.08017170409090814
IRF3,0.16907140033353402
IRF5,0.30135196130952563
IRF6,0.30482663951225697
IRF7,0.5821868863939048
IRF8,0.7625586000256691
IRF9,0.780443159644855
IRGQ,-0.0753075386996696
IRS1,0.7713805177532875
IRS2,0.4271396863353954
IRX1,-0.07720978204480909
IRX2,0.4074475422888057
IRX3,0.3398058801329735
IRX5,0.1698220506219623
IRX6,0.5279261704180751
ISCA1,0.16199986808525701
ISCA2,0.08117620342405729
ISCU,0.07221947246339123
ISG15,0.025442616851191147
ISG20,0.0594315922968869
ISG20L2,-0.08135385330444818
ISLR,0.20429134297907192
ISM1,0.22747017060532776
ISOC1,-0.0799664760523754
ISOC2,0.0750686184714226
IST1,-0.15772720350561054
ISY1,0.3641923737423112
ISYNA1,0.6541271544659615
ITCH,0.1196507697580242
ITFG1,-0.06887051327315054
ITFG2,0.04759108474394585
ITGA1,0.9056702102184025
ITGA10,0.3264931006081086
ITGA11,0.23465743854117954
ITGA2,0.20706910615114443
ITGA2B,-0.019780062955642747
ITGA3,0.5708524161132813
ITGA4,0.46650227655484805
ITGA5,0.6534935745620927
ITGA6,0.7219762033868468
ITGA7,0.7849013557286829
ITGA8,0.9211275513379766
ITGA9,0.3010654220414753
ITGAE,0.4984700602689944
ITGAL,0.43709951389742197
ITGAM,0.326253183755174
ITGAV,0.34857622399429355
ITGAX,0.5609499091227698
ITGB1,-0.011106900214301465
ITGB1BP1,0.1291756254682848
ITGB2,0.39302123892648577
ITGB2-AS1,0.22699111265497857
ITGB3BP,0.1238337141688994
ITGB4,0.6068207276959439
ITGB5,0.5171045053137777
ITGB6,0.5664444245057865
ITGB7,0.015590840022816757
ITGB8,0.4995542536741711
ITGBL1,0.879585145332216
ITIH5,0.6109346003832873
ITK,0.5757703948912524
ITLN2,-0.007568417563756376
ITM2A,0.38393005266333713
ITM2B,0.07983174447383921
ITM2C,0.6396312954679602
ITPA,0.028060763870272207
ITPK1,0.05165011152326865
ITPKB,0.3498899427555954
ITPKC,0.07989629470069966
ITPR1,0.3430972331408981
ITPR2,0.19545071616551796
ITPR3,0.38872583943565703
ITPRIP,0.041033654588165415
ITPRIPL1,0.5557965765854348
ITSN1,0.10733021131995482
ITSN2,0.3496342888254857
IVD,0.17598408374222807
IVNS1ABP,0.2357027617389291
IWS1,0.1646104177699134
JADE1,0.24690946710959596
JADE2,0.3812440050580767
JADE3,0.07257611749635777
JAG1,0.4033226233808204
JAG2,0.4191796282626043
JAGN1,-0.14625031158349033
JAK1,0.0382315387171522
JAK2,0.05408146889863617
JAK3,0.12814024502464377
JAKMIP2,0.5165372183119809
JAM2,0.9282226231836698
JAM3,0.6978293336213822
JARID2,0.15482069199217482
JAZF1,0.373423513076929
JCHAIN,0.3182339653585614
JDP2,0.08446958145861407
JKAMP,-0.026660685043152596
JMJD1C,-0.0030196945298348633
JMJD4,-0.01536944968281338
JMJD6,-0.010611282359251595
JMJD8,0.08594407061541517
JMY,0.06640777709604213
JOSD1,0.10079552311731206
JOSD2,0.31173364382333374
JPH1,0.42247686594056416
JPH2,0.7209579132228517
JPX,-0.28283698401682
JRK,-0.22811211453196817
JRKL,-0.0900333100612049
JTB,-0.04388319187192143
JUN,0.386400611726447
JUNB,0.05157760187097232
JUND,0.4521540183902786
JUP,0.6131324257313772
KALRN,0.4598470245963912
KANK1,0.44305890132746467
KANK2,0.6651823553616524
KANK3,0.7077320805381109
KANK4,0.4309620963545648
KANSL1,0.2875386907064617
KANSL1-AS1,0.09369433246763553
KANSL1L,0.11936112917645664
KANSL2,-0.030540302691226248
KANSL3,0.11206035468051652
KAT2A,0.5725100670777019
KAT2B,0.5837648815600937
KAT5,-0.023246573413616484
KAT6A,0.19874129763754467
KAT6B,0.03991123554703909
KAT7,0.16124455967685591
KAT8,-0.019487646640889734
KATNA1,0.21740513974055187
KATNAL1,0.3549978156974582
KATNAL2,0.528775427222647
KATNB1,-0.10339334072170996
KATNBL1,0.009626176142241222
KAZALD1,0.17800590228975685
KAZN,0.4686044397544857
KBTBD11,0.8979173281993321
KBTBD2,0.22249758543760256
KBTBD3,-0.24215192923831974
KBTBD4,0.05040624683769189
KBTBD6,0.23135696075661322
KBTBD7,-0.14761086088032083
KBTBD8,-0.11385612770322462
KCMF1,-0.027909027448322007
KCNA5,0.25896583264117967
KCNAB1,0.6500963938790423
KCNAB2,0.3777999254871841
KCNB1,0.10993227572266107
KCNC4,0.5612574488965901
KCND3,0.12752010495812713
KCNE1,0.05000949577520784
KCNE3,0.15528890568637713
KCNE4,-0.030793368423875363
KCNG2,
KCNH2,0.38967786794391907
KCNIP3,0.08862139150473704
KCNJ11,-0.042278669941340344
KCNJ12,0.05368033474876376
KCNJ14,0.03223003220904274
KCNJ15,0.707023888232773
KCNJ2,0.041801172444683864
KCNJ3,0.1441411704930252
KCNJ5,-0.04169718150653239
KCNJ8,0.04073961006940144
KCNK1,0.41561776948831314
KCNK15,-0.059201889526691344
KCNK17,0.8790095217470802
KCNK3,0.8151201394382863
KCNK5,0.09163171554937129
KCNK6,0.1272199417655064
KCNMA1,0.21126172347901392
KCNMB1,0.2612247545374521
KCNMB4,0.6122811707553256
KCNN3,0.5005427824570449
KCNN4,0.1516848252867162
KCNQ1,0.07566388994047832
KCNQ1OT1,0.41556710632725113
KCNQ3,0.15951575364837225
KCNRG,0.3274126675965798
KCNS3,0.5437741767650837
KCNT2,0.8037781626851342
KCTD1,0.5745411045272174
KCTD10,0.1749512652358816
KCTD11,0.23473897705167185
KCTD12,0.4149526047937206
KCTD13,0.115185479834806
KCTD14,-0.0650605955850461
KCTD15,0.4685682923159847
KCTD16,0.48465549642690026
KCTD17,-0.06198166863046361
KCTD18,0.02932787627478048
KCTD2,0.07713938693227003
KCTD20,0.0976145808003544
KCTD21,-0.003035886470006582
KCTD21-AS1,-0.09923149709623313
KCTD3,0.4511857123090631
KCTD5,-0.07778852881387108
KCTD6,0.15508921672746387
KCTD7,
KCTD9,0.23416655453708055
KDELR1,-0.24532290010777388
KDELR2,-0.03552344516267525
KDELR3,0.11892300756638169
KDF1,-0.06451639409005061
KDM1A,0.025215020488398833
KDM1B,0.05287666831434451
KDM2A,0.21471456506470754
KDM2B,0.43795436517636915
KDM3A,0.11277087905995029
KDM3B,0.205263151078261
KDM4A,0.017028399048537216
KDM4B,0.2694261587057758
KDM4C,0.08981857290649256
KDM5A,0.10398675019924197
KDM5B,-0.06586038844590067
KDM5C,0.040754116924804615
KDM5D,0.011823299860658892
KDM6A,-0.03635115521881612
KDM6B,-0.2059712715964555
KDM7A,0.1727167367920963
KDM8,0.027027438878076175
KDR,0.6224401717269815
KDSR,-0.06301421196380279
KEAP1,-0.16714029824090554
KHDRBS1,0.010722705069034156
KHDRBS3,0.46496238241768445
KHNYN,-0.22444055486849968
KHSRP,0.05569010579711575
KIAA0040,0.407669427106957
KIAA0232,-0.05712257841716131
KIAA0319L,0.19570716995656323
KIAA0513,0.1579587035471231
KIAA0586,-0.050302035699502326
KIAA0753,0.047695138811730146
KIAA0930,-0.03446171524781026
KIAA1143,-0.01720536887098422
KIAA1191,0.17146733687602367
KIAA1217,0.7126533917043814
KIAA1328,0.15532534085181698
KIAA1549,0.594384280621799
KIAA1586,-0.06745282374024796
KIAA1614,0.007574351373047994
KIAA1671,0.29481516623160076
KIAA1958,0.3734477779205718
KIAA2012,-0.04434838033549126
KIAA2013,-0.11131223601115078
KIDINS220,0.30758033610633606
KIF11,0.14174831196127255
KIF13A,0.3678908616574806
KIF13B,0.27445941726844414
KIF14,-0.049443552485214336
KIF15,0.22844271911538017
KIF16B,0.2559673517005613
KIF17,0.32424940549631187
KIF19,0.13423978759374908
KIF1B,0.1530848661984197
KIF1C,-0.004713968922538444
KIF20A,
KIF20B,0.34193195700416307
KIF21A,0.5226290589872395
KIF21B,0.0907598257981593
KIF22,0.07007962197772913
KIF23,0.32804066781976726
KIF26A,0.013006996411024237
KIF26B,0.14547353867275037
KIF27,0.5626436957062211
KIF2A,0.19758667130106086
KIF2C,0.9561095119147958
KIF3A,0.027488430478648466
KIF3B,0.13996461423077763
KIF3C,-0.0671100000264107
KIF4A,-0.06422254949050368
KIF5B,0.016470179341785483
KIF9,0.0008972117024442562
KIFAP3,0.03280430913704468
KIFC1,0.8640695094474484
KIFC2,-0.03151864665430047
KIFC3,0.3547064995988504
KIN,0.068943397562525
KIT,0.6439450246558471
KITLG,0.4861136465036559
KIZ,0.024750391606643097
KL,0.3038963748917261
KLC1,0.1372774259170149
KLC2,0.04401195895508618
KLC4,0.09500283187030079
KLF10,0.3403884208752383
KLF11,0.48943257656586053
KLF12,0.2629314264062747
KLF13,0.1915747414704871
KLF15,0.6470061217084669
KLF16,0.20336316343322225
KLF2,0.6524054689537414
KLF3,0.12439600953108186
KLF4,0.4479470485216504
KLF5,0.6684448806436604
KLF6,0.04308563639412864
KLF7,0.579401606061859
KLF8,0.25669843317082763
KLF9,0.633145381751992
KLHDC1,-0.047469560123543954
KLHDC10,0.04987755695362183
KLHDC2,-0.08540533174311221
KLHDC3,0.10904938099766248
KLHDC4,0.15581607015065635
KLHDC7B,-0.033957361181991504
KLHDC8B,-0.06847752547120942
KLHDC9,-0.0391366564308365
KLHL12,-0.02440306094791089
KLHL15,-0.07582209154270271
KLHL17,0.01735523189845365
KLHL18,-0.04804926366191851
KLHL2,-0.00034138068265192247
KLHL20,-0.014779369242126826
KLHL21,0.20123518182691502
KLHL22,-0.14917146018378583
KLHL23,0.45193102706869215
KLHL24,0.012640068356987801
KLHL25,-0.02523068760644702
KLHL26,-0.04041012836891926
KLHL28,0.14470109060936018
KLHL29,0.32186082316412384
KLHL3,0.3079699102187277
KLHL35,-0.0313549152572416
KLHL36,0.21394915313751534
KLHL42,0.03983393955302135
KLHL5,0.33370397278103847
KLHL6,0.2348678168853937
KLHL7,0.026132465058806252
KLHL8,0.2549090738819072
KLHL9,0.031205297238865295
KLK10,0.76425509020134
KLK11,0.25700183717824476
KLRB1,0.7077521191817904
KLRD1,0.6319089987896883
KLRF1,0.915124468839059
KLRG1,0.3446830616905358
KMO,0.22044639882419695
KMT2A,0.33284612795961666
KMT2B,0.05428563834721525
KMT2C,-0.02005070114846861
KMT2D,-0.2171578549141538
KMT2E,0.09525494913823421
KNDC1,0.6699111094117909
KNOP1,0.007688018097935637
KNSTRN,-0.08316020582068939
KNTC1,0.18079992735473902
KPNA1,-0.09005720709415205
KPNA2,0.2942967127410484
KPNA3,0.17270963445553544
KPNA4,-0.033182038409290175
KPNA5,0.3179709342568358
KPNA6,0.16204886525499143
KPNB1,0.07319449786684999
KPTN,-0.03662664967881836
KRAS,0.28280269529503593
KRBA1,0.3075353245770685
KRBOX4,0.21103190367515884
KRCC1,0.157211849304085
KREMEN1,0.10365362586317739
KRI1,0.34485052128465343
KRIT1,0.10593610714746338
KRR1,0.2004602050971025
KRT10,0.031542252498131675
KRT13,
KRT15,0.9885007520911343
KRT17,0.998022292450372
KRT18,0.16124856779434826
KRT19,0.4137183585166436
KRT4,-0.0556751615938633
KRT5,
KRT6A,
KRT7,0.29336950392674105
KRT8,-0.07739763970671379
KRT80,-0.04357566290820587
KRTCAP3,0.23605622988883165
KSR1,-0.15648054082707352
KTN1,0.1632544743158095
KXD1,-0.058724947476440144
KYNU,0.1866706344762105
L1TD1,-0.028892958764724357
L2HGDH,0.07356022391619105
L3HYPDH,0.04790886914798433
L3MBTL1,-0.023037804544361405
L3MBTL2,0.013598567884981764
L3MBTL3,-0.14327816109593478
L3MBTL4,0.2081648438978024
LACC1,0.2284123798097554
LACTB,0.20449360903881847
LACTB2,-0.010971706766972202
LAD1,-0.03627790140697178
LAG3,-0.04310305918401775
LAGE3,0.015665544939994173
LAIR1,0.6087521569444796
LAMA1,-0.05239326574378647
LAMA2,0.7761345683932306
LAMA3,0.544274329942618
LAMA4,0.7266460169849037
LAMA5,0.4071819862562435
LAMB1,0.7571330791450661
LAMB2,0.19669778681059352
LAMB3,0.5102270261154569
LAMC1,0.6681994532300447
LAMC2,0.23498055655726657
LAMC3,0.9350389054565263
LAMP1,0.24961302601547028
LAMP2,0.29616218222634433
LAMP3,0.6531531651057512
LAMTOR1,-0.014992872341501878
LAMTOR2,0.20327203434187402
LAMTOR3,0.20997895240955053
LAMTOR4,-0.07023544737711955
LAMTOR5,0.310499043339362
LANCL1,0.028106374804653313
LANCL1-AS1,0.6293199770991815
LANCL2,0.046530712915771336
LAP3,0.38835258995723315
LAPTM4A,0.17921098505667554
LAPTM4B,0.1983837798069637
LAPTM5,0.5362624275088126
LARP1,0.11689255947784308
LARP1B,0.09106487497931945
LARP4,-0.04044423332670224
LARP4B,-0.17228979620044632
LARP6,0.3121264690202606
LARP7,0.16992332206631414
LARS2,0.11333527185049874
LAS1L,0.017138534745399652
LASP1,0.4446313734673206
LAT2,0.31496536002162245
LATS1,0.0882430159956042
LATS2,0.04879726729823518
LAYN,-0.030896688517974138
LBH,0.6836539728900014
LBR,0.31299961783677993
LBX2-AS1,-0.0855121950823723
LCA5,0.34433209140169235
LCAT,0.17951838284261512
LCK,0.42468042526694105
LCLAT1,0.24553926703474716
LCMT1,0.1113549652507022
LCMT2,-0.040158987108871336
LCN2,-0.01892543870635502
LCOR,0.12010626871154748
LCORL,0.02468793015537351
LCP1,0.6783949143120745
LCP2,0.15767463634481782
LDAH,0.17740095964105365
LDB1,0.13948845327229376
LDB2,0.8824336937119226
LDB3,0.4301106682833853
LDHA,0.033573918784786
LDHB,0.11757492660634479
LDHD,-0.07329232832554652
LDLR,0.5935212159606744
LDLRAD1,
LDLRAD3,0.29455788768983304
LDLRAD4,0.1537670070279434
LDLRAP1,0.5446559970508419
LDOC1,-0.047227341140002314
LEF1,0.18569917695453178
LEMD2,-0.034235769872132685
LEMD3,0.06916844157057508
LENG1,0.032675148872679916
LENG8,0.12392017497166599
LEO1,-0.06676736479394384
LEPR,0.5755113341358781
LEPROT,0.18648842742322866
LEPROTL1,0.5115209337743133
LETM1,0.17544376749159254
LETMD1,0.016168180055440178
LFNG,0.1311803688084832
LGALS1,0.04653664805673436
LGALS2,-0.054152919186284926
LGALS3,0.5219922861681128
LGALS3BP,0.05623935903720262
LGALS8,0.12650592151707418
LGALS9,0.2343956298900127
LGALSL,0.16652040320085187
LGI2,
LGI3,-0.046545806299021775
LGI4,0.45012862804000525
LGMN,0.4753786440456487
LGR4,0.013468235144154883
LHFPL2,0.41926589622215577
LHPP,0.297372123227749
LHX6,0.8580686150235055
LIAS,0.2167705170448424
LIF,-0.025838688800332403
LIFR,0.815632053705928
LIG1,0.2743433951842518
LIG3,-0.12114932428736719
LIG4,0.03788128904580086
LILRA1,0.3249509339970887
LILRA2,-0.06955971878748853
LILRA5,-0.049312858322484165
LILRA6,0.7701144763750851
LILRB1,0.3989961626744331
LILRB2,0.36900180181483416
LILRB3,0.2599164241451322
LILRB4,0.33891848771740674
LILRB5,0.9598176809851428
LIMA1,0.5741369857580836
LIMCH1,0.7253211745048419
LIMD1,0.2564648076296518
LIMK1,0.15275942387725402
LIMK2,0.23765510511029872
LIMS1,0.03536129396920685
LIMS2,0.8530016823221931
LIN52,-0.25548383472480496
LIN54,-0.08933783491707845
LIN7A,0.5773821731507404
LIN7B,0.35755655360418614
LIN7C,-0.00365436477358452
LIN9,0.13061748762986344
LINC00106,0.29570861073130916
LINC00261,-0.008596229616301921
LINC00324,0.041502287629527665
LINC00342,0.23910265102670433
LINC00467,-0.07559320789998616
LINC00472,0.6839876517791825
LINC00607,0.05744920707387938
LINC00623,-0.13774517654248958
LINC00649,0.6812321479993716
LINC00662,-0.04615168867503252
LINC00665,0.44049078615077886
LINC00667,0.2874120100219488
LINC00702,0.5404444537286737
LINC00847,0.6560077571351305
LINC00861,0.8452041580795853
LINC00865,0.7402986658524418
LINC00891,0.17560405719351746
LINC00921,-0.05742350635595683
LINC00968,0.29490444185928355
LINC00987,0.5277682027066202
LINC01003,-0.07450342190195373
LINC01023,-0.06922273928415112
LINC01088,0.37252307669090967
LINC01089,0.1296217295764848
LINC01091,0.13576059380318856
LINC01094,0.409084627315725
LINC01133,-0.05575471296726595
LINC01239,0.4516641030102242
LINC01290,0.5772106033759384
LINC01355,-0.053862145055772845
LINC01503,0.267561304923498
LINC01504,-0.05480296575410939
LINC01506,-0.033222925250869256
LINC01560,-0.0524794220895239
LINC01571,
LINS1,0.3333158997222056
LIPA,-0.02043381090137485
LIPG,0.29715194689790975
LIPH,0.7635103506339215
LITAF,0.3861660153133783
LIX1L,0.18997198389986436
LLGL1,0.03507917576016922
LLGL2,0.27544825350882113
LLPH,0.2331543769893174
LMAN1,0.32758381395646696
LMAN2,0.1200305062576002
LMAN2L,-0.0647703446286436
LMBR1,0.22168328514862654
LMBR1L,-0.06761500662819943
LMBRD1,0.25645023052449617
LMBRD2,0.07096053656638858
LMCD1,0.7979561725725887
LMF1,-0.06523282367388847
LMF2,0.30266961785800534
LMLN,0.21548505263432688
LMNA,0.4545475861285821
LMNB1,0.1882863587531005
LMNB2,0.27873471179723003
LMO2,-0.08972255882975057
LMO3,0.6421080025765482
LMO4,-0.002783538855628369
LMO7,0.5776676906966888
LMOD1,0.8779154927517899
LMTK2,0.0675570867808453
LMTK3,0.09962273985522534
LNP1,-0.03320142211526104
LNPEP,0.2979437849294131
LNX1,0.3173129256978834
LNX2,0.2317279172388272
LONP1,0.014239864397230264
LONP2,0.2091397778060118
LONRF1,0.10689472808846667
LONRF2,0.24813252570074723
LONRF3,0.1594158110859038
LOX,0.0497964287696151
LOXL1,0.5978790488967997
LOXL2,0.018116769365490375
LOXL3,0.21675012271530839
LOXL4,0.18262373991525557
LPAR1,0.5218691006419875
LPAR2,0.044570972565741974
LPAR3,0.7393702959544014
LPAR6,0.32413405734195566
LPCAT1,0.4737200104733491
LPCAT2,0.2958718509910994
LPCAT3,0.13438759506153164
LPGAT1,0.03636788016524607
LPIN1,0.23376690556599364
LPIN2,0.29164578641910116
LPIN3,0.3848890125509987
LPL,0.5054542768428688
LPP,0.4416189175414727
LPXN,0.21387269462026615
LRBA,0.3365223289070101
LRCH1,0.36906861308585637
LRCH2,0.356275896049786
LRCH3,0.017985913397763245
LRFN4,0.1024742791410154
LRG1,
LRIF1,0.11345073695753578
LRIG1,0.018676288620356085
LRIG2,0.10217156351177951
LRIG3,0.2822031177518327
LRP1,0.6227164950980834
LRP10,-0.002660556136843313
LRP11,0.49240959607826534
LRP12,0.0864577987268206
LRP2,0.4086475412547008
LRP2BP,-0.1394871248421332
LRP4,-0.18482957418655768
LRP5,-0.005048527897400585
LRP6,0.5773975280811227
LRP8,-0.028185102447362453
LRPAP1,0.17097893195471925
LRPPRC,0.15082069879984583
LRR1,-0.03626520684681584
LRRC1,0.44926863847082055
LRRC10B,
LRRC14,0.23011121636161289
LRRC15,
LRRC17,-0.05109803348505804
LRRC20,0.00012594580726784082
LRRC23,0.6577774686734298
LRRC25,-0.06231928008534262
LRRC27,0.6263075182301401
LRRC28,0.13931292921607213
LRRC3,-0.11850249071274732
LRRC32,0.7706377023177903
LRRC34,0.011946199205335207
LRRC36,0.33768388251189946
LRRC37B,0.23253107110868815
LRRC4,-0.07105091043707214
LRRC40,0.20007935490435944
LRRC41,-0.09111448140029865
LRRC42,0.0065735019007920805
LRRC45,0.3349537189418706
LRRC46,-0.05441048007078053
LRRC47,0.25568726696538213
LRRC49,0.06824455485920952
LRRC4B,0.5169340168154237
LRRC4C,0.25469069994218707
LRRC57,-0.1908496836735444
LRRC58,0.04901237042122293
LRRC59,-0.05031766796600901
LRRC61,-0.021844264336721163
LRRC69,-0.021854995923294363
LRRC8A,0.15339442658160718
LRRC8B,0.16502079674405332
LRRC8C,
LRRC8D,-0.019692690480831672
LRRC8E,0.19602927071408335
LRRCC1,0.06923243571269402
LRRFIP1,0.419170473628047
LRRFIP2,0.23528299939967923
LRRIQ1,0.973349114808962
LRRK1,0.2754469080762581
LRRK2,0.5006268410712924
LRRN2,0.4428320717623242
LRRN3,0.18793703318498123
LRRN4,-0.07318687266661267
LRRN4CL,-0.011583483059113161
LRSAM1,-0.14701842426065226
LRTOMT,
LRWD1,0.03061027867720327
LSAMP,0.7856931604644352
LSG1,0.028299127267698697
LSM1,-0.034155651774356324
LSM10,-0.08389719919866635
LSM11,-0.0181478387255486
LSM14A,0.03905936677965786
LSM14B,-0.0705661037427135
LSM2,-0.08630089711120521
LSM3,0.030088910564839266
LSM4,-0.07187817218940132
LSM5,0.1454589615808842
LSM6,0.1751957077594929
LSM7,0.21603359784112786
LSM8,-0.2547249266230673
LSP1,0.32271801432429775
LSR,0.12879744778398933
LSS,0.04923000042069666
LST1,0.540409088687015
LTA4H,0.2766901988490131
LTB,0.33172671272349075
LTB4R,0.32995871872525795
LTBP1,0.7323437732991387
LTBP2,0.6914127204861567
LTBP3,0.3093113754911172
LTBP4,0.5831161597459685
LTBR,0.08058671206339316
LTF,0.03997102054816855
LTK,0.7052852980941757
LTN1,-0.3440940765943741
LTV1,-0.03395095960069544
LUC7L,-0.21958327270465772
LUC7L2,0.059779807319663876
LUC7L3,0.1385381377251235
LUCAT1,0.9034581807214014
LUM,0.45274485076438065
LURAP1L,0.5298388471513772
LUZP1,0.3231447298534525
LXN,0.16821680063553188
LY6E,-0.012723011645510035
LY6G5C,0.23133794263113158
LY6K,
LY86,0.37513147985556905
LY96,-0.10553826476289914
LYAR,-0.12781681477168114
LYL1,0.034451809325918493
LYN,0.3838794159709933
LYPD5,0.3383690389538943
LYPLA1,0.034489921995805035
LYPLA2,0.08826474649476226
LYPLAL1,0.1660111855456202
LYRM1,0.11911257150334559
LYRM2,0.09307649697560012
LYRM4,0.07321138305705131
LYRM7,0.05713107742592956
LYRM9,
LYSMD1,0.13406832764984836
LYSMD2,0.075282655551185
LYSMD3,0.14767212691992745
LYST,0.22004440039783704
LYVE1,0.5412053017459498
LYZ,0.37493747415148415
LZIC,-0.05876341996257596
LZTFL1,0.01954921995793435
LZTR1,0.37912044363210684
LZTS1,0.8414277702129102
LZTS2,0.08123954387559848
M6PR,0.1560527451526615
MACC1,0.39571806910003354
MACF1,0.5321808646434992
MACROD1,-0.0246110339839676
MACROD2,0.7219699905440544
MAD1L1,0.1798857134609184
MAD2L1,0.42297527933026385
MAD2L1BP,0.0022418943996657835
MAD2L2,-0.11486025138773942
MADD,-0.06287581706015316
MAEA,-0.17785991247246388
MAF,0.6344893499958405
MAF1,0.08795426218039758
MAFB,0.5880994406535365
MAFF,0.048662204624964525
MAFG,0.07872824446789775
MAFK,0.4053904340843216
MAGED1,0.18969318249473766
MAGED2,0.1524480666254651
MAGEE1,0.0353443289628322
MAGEF1,0.06245947200013943
MAGEH1,0.5830308562968998
MAGI1,0.8030403769986758
MAGI2,0.3059527142267958
MAGI3,0.7255877302719058
MAGIX,0.14668934890945037
MAGOH,-0.030387134447855145
MAGOHB,0.0704870496786704
MAGT1,0.07294245880807622
MAK16,-0.1498948393434515
MAL,0.37406453188471717
MAL2,0.7500732405149876
MALAT1,0.6612317137048134
MALSU1,0.01084471621178009
MALT1,0.4276526443637946
MAMDC2,0.8402371465821357
MAMDC4,0.05854935340069368
MAML1,0.008127071584740601
MAML2,0.3372085552295161
MAML3,0.2068236066093254
MAMLD1,-0.03826585634836502
MAN1A1,0.15543293095113558
MAN1A2,0.12262363420139043
MAN1B1,0.0025379716745940312
MAN1C1,0.27088385219632954
MAN2A1,0.3315800675396783
MAN2A2,0.12246573258295332
MAN2B2,-0.15436563643570259
MAN2C1,0.2149275272906231
MANBA,0.030315706518820894
MANBAL,0.1436715906584013
MANEA,-0.05003297521372263
MANF,0.3659811125745428
MANSC1,0.12990648664983592
MAOA,0.695805385962373
MAOB,0.721253467468672
MAP1A,0.2826014167889334
MAP1B,0.8416719612254367
MAP1LC3A,0.19464464086159552
MAP1LC3B,-0.12481411221049353
MAP1S,-0.10768877044486336
MAP2,0.65315124790338
MAP2K1,0.33936814781280683
MAP2K2,0.053880867308570314
MAP2K3,0.37520404860859036
MAP2K4,-0.0871078718415477
MAP2K5,-0.0300509982839861
MAP2K6,0.025155384636606524
MAP2K7,0.18449718380237876
MAP3K1,0.3783954724384092
MAP3K10,-0.049538080138842554
MAP3K11,0.05068971621286522
MAP3K12,0.19989977327350847
MAP3K13,0.1910607401373104
MAP3K14,-0.06153213669384624
MAP3K19,
MAP3K2,0.25769645528919466
MAP3K3,0.10104149987094566
MAP3K4,0.11575963707419731
MAP3K5,0.10914843191185647
MAP3K6,0.40000671152994816
MAP3K7,0.10040747911248464
MAP3K7CL,0.2899916462410896
MAP3K8,0.1699201009037506
MAP3K9,0.13341524642456173
MAP4,0.3205551911506096
MAP4K1,0.6357817617287557
MAP4K2,0.3933405636335169
MAP4K3,0.2580889500191922
MAP4K4,0.2569022377411269
MAP4K5,0.23597175573606752
MAP6,0.09097680451428072
MAP7,0.5417888538372764
MAP7D1,0.10420044375978242
MAP7D3,0.1486352823777519
MAP9,0.039574030900929494
MAPK1,0.4916851098479221
MAPK10,0.44934802050852657
MAPK11,-0.01408421950638359
MAPK12,0.09550770332556266
MAPK13,-0.0052342606327546075
MAPK14,-0.22600794084884607
MAPK1IP1L,-0.008368979814416203
MAPK3,0.1374008057231342
MAPK4,
MAPK6,-0.1837363382046777
MAPK7,-0.07281525295531217
MAPK8,0.17725863533104455
MAPK8IP3,0.05387201557606303
MAPK9,-0.05268222183264803
MAPKAP1,-0.07689413674428894
MAPKAPK2,0.2125946855346819
MAPKAPK3,-0.051586109190453255
MAPKAPK5,0.14690208223586018
MAPKAPK5-AS1,0.28098114245853373
MAPKBP1,0.04304341129703905
MAPRE1,-0.05377001236018018
MAPRE2,0.152243768091398
MAPRE3,0.4752630257205053
MAPT,-0.1528539691526316
MARCKS,0.43050262435735304
MARCKSL1,0.002531588594795361
MARCO,-0.07412555930227077
MARK1,0.3938644488314372
MARK2,0.034461590183221986
MARK3,-0.02613619956575126
MARK4,0.1783925782334892
MARVELD1,0.25030266680840096
MARVELD2,0.38101576795438213
MARVELD3,0.6065896109951355
MASP1,0.6556687971937727
MAST2,0.06573794789461071
MAST3,0.24115162858895386
MAST4,0.5628796382614488
MASTL,-0.10808600586380637
MAT2A,-0.03418155354655847
MAT2B,0.1322687746140406
MATK,0.3178922022560657
MATN2,0.25513864044728374
MATN3,0.29170008228083527
MATR3,-0.008653751090543466
MAU2,0.03558525049219893
MAVS,0.20835192627275748
MAX,0.13315658561954338
MAZ,-0.14675109010049023
MB21D2,-0.030333888032084918
MBD1,0.1402865439851527
MBD2,0.47714059352173654
MBD3,-0.19882071903993237
MBD4,0.16527074390966937
MBD5,0.2305425509682567
MBD6,0.039939107761732325
MBIP,0.30176153992707316
MBLAC2,0.02101816095791868
MBNL1,0.4276345725358033
MBNL1-AS1,-0.09003295398184462
MBNL2,0.33379302667949123
MBNL3,0.06133828020248454
MBOAT2,0.42738919091190325
MBOAT7,-0.10995584206035673
MBP,0.3393163624487439
MBTD1,-0.08479824034811596
MBTPS1,0.17899452047800177
MBTPS2,-0.23045130153358304
MCAM,0.3709429325936077
MCAT,0.15135125265676178
MCC,0.4596436275879422
MCCC1,0.2410507062464491
MCCC2,-0.10398465291053574
MCEE,-0.04732604264287993
MCEMP1,0.510250139325679
MCF2L,0.7218604775707212
MCFD2,-0.056376955822976756
MCL1,0.25813903164194324
MCM10,-0.046445859485485186
MCM2,0.1983399915647912
MCM3,0.19066638218537227
MCM3AP,0.1404400606480577
MCM4,-0.09931263761844958
MCM5,0.12774489152996427
MCM6,0.38133032858827537
MCM7,0.059433176345924
MCM8,0.44128433143054796
MCM9,-0.013174820748306329
MCMBP,-0.15823035871379457
MCOLN1,0.17506266043434224
MCOLN2,0.367242693402663
MCOLN3,0.3392727819449541
MCPH1,0.04198090986244456
MCRS1,0.09755871434323257
MCTP1,0.4592487222609011
MCTP2,0.5272183137719129
MCTS1,-0.10257892578613223
MCU,0.3033346873134073
MCUR1,-0.047791675596383136
MDC1,0.003209203623652271
MDFI,0.34105323002497523
MDFIC,0.5404961192761262
MDGA1,-0.03717612642448524
MDH1,-0.20414569659020684
MDH2,-0.18263484683471637
MDK,-0.07990190198629456
MDM1,-0.20994371525443156
MDM2,0.0991169274724903
MDM4,0.1619262948792145
MDN1,0.358873251761429
ME1,0.5106762647980002
ME2,-0.10991297129989194
ME3,0.2266173504194952
MEA1,-0.0679950738487256
MEAF6,0.2312523515352167
MECOM,0.6747430195670945
MECP2,0.26356447708697667
MECR,0.01820176621627314
MED1,0.07285672037361327
MED10,0.09527104230567505
MED11,0.04690391042132295
MED12,-0.013725350589025125
MED13,-0.06631835052139443
MED13L,0.31706124481093034
MED14,0.13080245625087084
MED15,0.2002469738084688
MED16,0.07882514240821617
MED17,-0.014243304246602292
MED18,0.14742192875955806
MED19,0.019453184547528098
MED20,-0.07741195871837223
MED21,-0.06780989439176867
MED22,0.029701220379148702
MED23,0.041610200172976265
MED24,0.05301989351836641
MED25,0.3715543591012534
MED27,0.11501994826531498
MED28,-0.12490139270672436
MED29,-0.03806234733372269
MED30,0.15351703346854662
MED31,-0.132176258818484
MED4,0.06664671548377313
MED6,-0.08624507925662594
MED7,-0.06571687709210355
MED8,-0.20155930693160484
MED9,-0.12712197574976186
MEDAG,0.6166293666439084
MEF2A,0.40460549875727436
MEF2C,0.5553034559711214
MEF2D,0.3484098888388199
MEFV,0.3777834042864322
MEG3,0.6533780168690856
MEGF6,0.2449154597588937
MEGF8,-0.09955051919851468
MEGF9,0.13547888162080488
MEI1,0.6239943213652366
MEIS1,0.9116589443757298
MEIS2,0.8622383382853428
MEIS3,0.11454972911569815
MELK,0.6206610454085346
MEMO1,-0.035830642824368056
MEN1,-0.061535474067620985
MEOX2,0.8202151186166043
MEPCE,0.26060183569141987
MERTK,0.49605525099621106
MEST,0.8054609155547159
MET,0.8396913569758095
METAP1,0.20568893836891053
METAP2,0.2542209260562785
METRN,-0.12350730661458888
METRNL,0.18055753439405933
METTL1,0.05406594908111389
METTL13,-0.08223967297222037
METTL14,0.09707822038785074
METTL15,0.0991510663584576
METTL16,0.13155706402604742
METTL17,-0.19126504541440273
METTL18,0.16674535281705277
METTL21A,0.10048341294397732
METTL22,-0.17505467891881024
METTL23,0.12290236414301359
METTL25,0.11694142688726396
METTL2A,-0.011839553550115421
METTL2B,-0.11145576925675313
METTL3,0.0823750871226894
METTL4,-0.07202136466943852
METTL5,0.37969447646449334
METTL6,-0.018043028535821463
METTL8,0.09001326998221887
METTL9,0.2653764314485186
MEX3A,0.07487297348970724
MEX3C,0.49475807779565695
MEX3D,-0.06790301818252015
MFAP1,0.13399914744471733
MFAP3,0.10812072382898241
MFAP3L,0.053926663173740404
MFAP4,0.36959967053841586
MFAP5,-0.041435102071981936
MFF,0.0067378789574540215
MFGE8,0.6036961593848124
MFHAS1,0.15250453719551554
MFN1,0.10557607591767071
MFN2,-0.07531038252521059
MFNG,0.27380082002230816
MFSD1,0.46738552604933253
MFSD10,0.061628152148338854
MFSD11,0.1672315487834482
MFSD12,-0.22132037006054056
MFSD2A,-0.05630849373662413
MFSD2B,0.9642427526408394
MFSD3,-0.0849199615552346
MFSD5,0.03741296047969137
MFSD6,0.116299657613471
MFSD8,0.12016382737835489
MFSD9,0.07906707183334312
MGA,0.07015722237020956
MGAM,
MGAT1,0.3944873401904541
MGAT2,0.0016664248548254523
MGAT3,0.04816675729235608
MGAT4A,0.4735136991314646
MGAT4B,-0.03593280357533036
MGAT5,0.31543488582899076
MGLL,0.4251738279756847
MGME1,0.4157638590829804
MGMT,-0.22958627127029993
MGP,0.4954052676168461
MGRN1,0.036592111584807956
MGST1,0.6440592592743238
MGST2,0.2747900171989775
MGST3,0.24573575268921788
MIA3,0.13147423246432333
MIAT,0.5026162317815737
MIATNB,0.19026310343949718
MIB1,0.23401359211841313
MIB2,0.07640763390393474
MICA,0.16040415511506817
MICAL1,-0.13387507719149197
MICAL2,0.0755612102813884
MICAL3,0.5188579008545797
MICALL1,-0.11978910798282447
MICALL2,0.11582294776367327
MICB,-0.06580067126399217
MICU1,0.21693663179621142
MICU2,-0.34091561031433365
MICU3,0.3088750939722096
MID1,0.22511439169118433
MID1IP1,0.144235105730716
MID2,-0.04464526594576572
MIDN,0.2759157691139237
MIEF1,0.0542520657004392
MIEF2,0.2939324941668687
MIEN1,0.0776380017647643
MIER1,0.07361266913715094
MIER2,0.45433062893181747
MIER3,-0.21321437261658202
MIF4GD,0.08623415555284769
MIIP,-0.06031471528811329
MILR1,0.40286452321649574
MINCR,-0.10849891511675727
MINK1,0.2113566767396399
MINPP1,0.41722703347762957
MIOS,-0.12237613817080831
MIPEP,0.23760433234656936
MIPOL1,0.310141776214242
MIR133A1HG,0.046794908607138745
MIR181A1HG,0.3402059320502802
MIR210HG,0.05015692611024292
MIR222HG,-0.07832315665207691
MIR22HG,0.10590777480464406
MIR34AHG,0.2626072193213046
MIR3945HG,-0.038292200162816245
MIR4435-2HG,0.12496552300305934
MIR4458HG,0.42601296621752527
MIR762HG,0.0751466571967537
MIR99AHG,0.3330672671605103
MIRLET7BHG,0.2974445613073689
MIS12,-0.2074276897815377
MIS18A,0.15389498011948696
MIS18BP1,0.10436759167135137
MISP,0.704261807361576
MITD1,0.17675440927919525
MITF,0.756339749397388
MKI67,0.8669375009927317
MKKS,0.07897021464213268
MKLN1,0.29711704213473367
MKNK1,0.021142093265451543
MKNK2,-0.0773585050584463
MKRN1,0.03674010436303361
MKRN2,0.08526861515008786
MKS1,0.0019180429773577048
MLEC,0.31333194129579733
MLF1,0.18551756553665893
MLF2,-0.15144079333182411
MLH1,-0.007885183053206405
MLH3,0.1628437866736752
MLKL,0.45083193734978316
MLLT1,0.2429678713348368
MLLT10,-0.1287290366559123
MLLT11,0.008629899964324804
MLLT3,-0.04307566439853106
MLLT6,0.15285450502130826
MLPH,0.6637881598502329
MLST8,-0.03404791472915447
MLX,-0.013021976887380094
MLXIP,0.18749297718163885
MLYCD,-0.03204866124157046
MMAA,0.04098368171722433
MMAB,0.08334444863763808
MMACHC,-0.0658836288495781
MMADHC,0.33820517883873585
MMD,0.3146336580678969
MME,0.3327278242224637
MMGT1,-0.02949314596284628
MMP1,
MMP14,0.2920457233366457
MMP15,-0.05760359181155767
MMP19,0.35756083515940384
MMP2,0.4461804641373735
MMP24,-0.09506124279327295
MMP25,0.2482076468660157
MMP25-AS1,0.2780827049120487
MMP28,0.18300707909169867
MMP7,-0.02543850818580255
MMP8,
MMP9,-0.020759077063110844
MMRN1,0.7241945633986467
MMRN2,0.6578173519018822
MMS19,0.04124161047129819
MMS22L,0.03972129164413999
MN1,0.4394041208984467
MNAT1,0.11917831094868628
MND1,0.565066039748251
MNDA,0.39175621909930325
MNS1,0.7480393080094803
MNT,0.05082118330270084
MOAP1,-0.09900522661511404
MOB1A,-0.1150461841338126
MOB1B,0.5051610199153698
MOB2,0.26035936712425933
MOB3A,0.1628053742812609
MOB3B,0.16773600360586194
MOB3C,-0.04945309296956351
MOB4,-0.021188260858071357
MOCOS,0.15634534488351418
MOCS1,0.4823180846320473
MOCS2,0.000470928979332339
MOCS3,-0.07894829466655257
MOGS,0.11403869353748235
MOK,0.782126249516805
MON1B,0.12884167441614292
MON2,0.18999389703247618
MORC2,0.24198752784191443
MORC3,0.09238497603074616
MORC4,0.02272343073052094
MORF4L1,0.10234471761800694
MORF4L2,0.21220984078341756
MORN2,0.5486879573172482
MORN3,0.24959370207895182
MORN4,0.10745838631879012
MORN5,-0.06331303314446086
MOSPD1,-0.07815859427955679
MOSPD2,0.04277177548205218
MOSPD3,0.3332217031371937
MOV10,0.1908112580044963
MOXD1,0.8151320472826641
MPC1,0.16503612777043142
MPC2,0.1283850886245708
MPDU1,0.10577441157654707
MPDZ,0.5997126603071298
MPEG1,0.09188248868136287
MPG,0.09410407836452934
MPHOSPH10,0.22115277503848735
MPHOSPH6,0.31932830062416784
MPHOSPH8,0.2064727728219396
MPHOSPH9,0.005560025665782328
MPI,0.22540609647521523
MPLKIP,-0.15599732693801846
MPND,0.028567825039786887
MPO,-0.055404816457732334
MPP1,-0.10140050185265366
MPP3,0.17353989259903668
MPP7,0.3161315503978504
MPPE1,-0.007263723211541328
MPRIP,0.15539463167330428
MPST,0.3076703202247002
MPV17,-0.013782278790230446
MPV17L2,-0.05261107688486743
MPZL1,0.029856513468372665
MPZL2,0.49989860915686435
MPZL3,-0.07229171747391788
MR1,0.18830693999201098
MRAS,0.1712246576514903
MRC1,0.8207343049279451
MRC2,0.5386516255556115
MREG,0.0721755404568774
MRFAP1,0.10954256043413053
MRFAP1L1,0.1927967130996254
MRGBP,-0.10584117411792845
MRGPRF,0.3339345674555479
MRI1,-0.07805274605278466
MRM1,-0.043246913573393074
MROH1,-0.009926680446844003
MROH6,-0.09485334787371036
MRPL1,-0.21001886430165134
MRPL10,0.16629404993753674
MRPL11,0.1638241109746729
MRPL13,0.1796265556634621
MRPL14,0.21105098270499878
MRPL15,-0.07451261964704377
MRPL16,0.01760185267448209
MRPL17,0.08878017350027084
MRPL18,0.019368299831375023
MRPL19,0.2730827426744459
MRPL2,-0.13739577775579387
MRPL20,0.04219773329844202
MRPL21,-0.10448987600117295
MRPL22,-0.16242886894900804
MRPL24,-0.026536557914119602
MRPL27,-0.023235326167274067
MRPL28,0.008300965594789067
MRPL3,0.22021077846197695
MRPL30,-0.060190301920404185
MRPL32,0.05156277369954592
MRPL33,0.01601924477232881
MRPL34,0.15044223538598062
MRPL35,0.13285021996784457
MRPL36,0.30648779786801994
MRPL37,-0.046075141827959305
MRPL39,0.22874782941262728
MRPL4,-0.07629599611653949
MRPL40,-0.03126973361054268
MRPL41,-0.14791172776413067
MRPL42,-0.013671359591652249
MRPL43,0.06222291687750466
MRPL44,0.016855191365725466
MRPL45,0.02257948170693463
MRPL46,-0.12809509222251803
MRPL47,-0.009335722509378915
MRPL48,0.05836255757447834
MRPL49,-0.010578193735415995
MRPL50,0.07395026536765716
MRPL51,-0.047024300528050844
MRPL52,-0.17943351300932667
MRPL54,-0.09329811258115454
MRPL55,0.001119039414164318
MRPL57,0.21957469879218425
MRPL9,0.05093523321801624
MRPS10,-0.07543979539970667
MRPS11,-0.01265606495955577
MRPS12,-0.03699172618530507
MRPS14,0.2076496904274478
MRPS15,-0.0775996252296375
MRPS16,-0.06934366782492554
MRPS17,
MRPS18A,0.10874328199779122
MRPS18B,-0.059011355444369876
MRPS18C,0.17558785325351886
MRPS2,-0.06726672791366724
MRPS21,-0.17812094275242732
MRPS22,0.12246847093673409
MRPS23,-0.0008155058600822047
MRPS25,0.3600803723201939
MRPS26,-0.015940696326957045
MRPS27,-0.15733229897219977
MRPS28,-0.03127606726767867
MRPS30,0.2434851157728836
MRPS31,0.2668162027548396
MRPS33,-0.1125159061746864
MRPS34,-0.0954799021789407
MRPS35,0.20936493166248896
MRPS5,0.022248768582668672
MRPS6,0.09203069853028878
MRPS7,0.2720656154434896
MRPS9,0.04331843493421069
MRRF,-0.003888920429949058
MRS2,0.30271228694147273
MRTO4,-0.10647990375587085
MS4A1,0.8899993824461991
MS4A14,0.1344920850368924
MS4A15,0.48348042330291496
MS4A2,0.7965827494735095
MS4A3,
MS4A4A,0.16982300527094282
MS4A6A,0.4884537907402518
MS4A7,0.44153056799171353
MS4A8,-0.047332435616727654
MSANTD2,0.07824857165508593
MSANTD3,0.006679301933625029
MSANTD4,0.000949899310869794
MSC,
MSC-AS1,0.5648916267178846
MSH2,-0.033258779470723324
MSH3,0.04555436045605628
MSH6,0.11694294361739793
MSI2,0.46213507251969993
MSL1,0.12468396137351505
MSL2,0.2567390184138484
MSL3,0.42804211303878376
MSLN,-0.09734221185179338
MSMB,
MSMO1,0.08171989190170925
MSN,0.42509935207860433
MSR1,0.8018409062957325
MSRA,0.18168485848023339
MSRB1,-0.03402317000493761
MSRB2,0.20015296914482167
MSRB3,0.8044999188618847
MST1R,0.6450002561458263
MSTO1,-0.0034956276046822043
MSX1,0.4486001453958902
MT-ATP6,0.48740282943032376
MT-ATP8,-0.05917305101027573
MT-CO1,0.19814564476427743
MT-CO2,0.42046626917069935
MT-CO3,0.4597317105546923
MT-CYB,0.5618471672751233
MT-ND1,0.36538837190704226
MT-ND2,0.2977142094307181
MT-ND3,0.6422423071468967
MT-ND4,0.4354018083886765
MT-ND4L,0.30259776811961736
MT-ND5,0.28582726339236153
MT-ND6,-0.016770617085739868
MT1A,
MT1E,0.2564695565519082
MT1F,0.039584529687708946
MT1G,
MT1H,
MT1M,0.2276637449583493
MT1X,0.010308202926320356
MT2A,0.38392108698094574
MTA1,0.2620844661709732
MTA2,0.08610340553889011
MTA3,-0.06811021273396237
MTAP,-0.050816636145989406
MTCH1,0.16548570779437097
MTCH2,0.08579491388509021
MTCL1,0.4570576159587322
MTDH,-0.11085217968841335
MTERF1,0.02273389092100458
MTERF2,0.18323334435276986
MTERF3,-0.0905430004581215
MTERF4,-0.23720402358600565
MTF1,-0.1296195428211507
MTF2,0.00682899566570858
MTFMT,-0.045827637077790584
MTFR1,0.024919253696313322
MTFR1L,-0.029674686834396335
MTG2,0.06281604356497011
MTHFD1,-0.01075555505568359
MTHFD1L,0.07996521282837048
MTHFD2,-0.1832190757339474
MTHFD2L,0.4179598640218883
MTHFR,0.18805800605811993
MTHFS,-0.047294080667078825
MTHFSD,0.440940358948619
MTIF2,0.019030935008539886
MTIF3,0.11177493956702239
MTM1,-0.0065441088697272675
MTMR1,-0.01683456607565091
MTMR10,-0.1428797514663729
MTMR11,-0.06283319872686442
MTMR12,0.04270754467084864
MTMR14,-0.06165452053928544
MTMR2,0.19806090044539398
MTMR3,-0.06997720349063412
MTMR4,-0.05083229307094506
MTMR6,0.13694110239604118
MTMR9,-0.023117784479114407
MTO1,-0.09813901681083279
MTOR,-0.1605898238935661
MTPAP,0.09346963346973367
MTPN,-0.30718441611490693
MTR,0.033860415238439634
MTRF1,0.0039020954933428253
MTRF1L,0.029011683609599118
MTRR,0.036778206008705856
MTSS1,0.3842648843241925
MTURN,0.30638244601305986
MTUS1,0.6740961308366639
MTX2,0.09515097705217533
MTX3,0.17584216130735647
MUC1,0.3876280807197291
MUC15,0.23334006962072013
MUC16,-0.04776712713340697
MUC19,-0.02489034459471561
MUC20,0.8112704669430653
MUC21,0.4904062817318042
MUC4,0.10547335621137566
MUC5AC,
MUC5B,
MUCL1,
MUL1,-0.09959094954731874
MUS81,-0.07922464242112545
MUTYH,-0.12127590793470736
MVB12A,0.03656386233781615
MVB12B,0.19947272504682534
MVD,0.11414277749598965
MVK,0.04100119211836785
MVP,-0.31436081508388136
MX1,0.43191104233253247
MX2,-0.03762943634964536
MXD1,0.02827486933373724
MXD3,-0.08920136100383502
MXD4,0.07206350017166749
MXI1,0.10136742693023555
MXRA5,0.13331599850615433
MXRA7,0.12199477967170336
MXRA8,0.5711394057259268
MYADM,0.1668438878665306
MYB,0.5486193119857153
MYBBP1A,-0.07188909890631705
MYBL1,0.5616708677000378
MYBL2,-0.03643091850344862
MYC,0.24682946319084126
MYCBP,-0.049698511057802354
MYCBP2,0.31490694552556103
MYCL,-0.049967170868034705
MYCT1,0.7206475414478077
MYD88,-0.12136310468170199
MYDGF,0.16908031487950914
MYEF2,0.3319448710127247
MYH10,0.7188615689263894
MYH11,0.7155084397642238
MYH14,0.4909305537027989
MYH9,0.554465096603834
MYL12A,0.3402316369916304
MYL12B,-0.06481379273961589
MYL5,-0.0640765494136428
MYL6,0.1510748813078472
MYL6B,0.11516778994255002
MYL9,0.6507115430784564
MYLIP,0.07952105593375546
MYLK,0.8323046942321786
MYNN,-0.08735869807059482
MYO10,0.5034681215844751
MYO15B,0.11905150037502667
MYO16,0.41077503136796667
MYO16-AS1,0.8840583540202839
MYO18A,0.18601618971517128
MYO19,0.14242254561077822
MYO1B,0.7278590837498605
MYO1C,0.5658551038636286
MYO1D,0.4620861481653537
MYO1E,0.3575111913757243
MYO1F,0.3819505333430456
MYO1G,0.1643677668411002
MYO5A,0.342596184924743
MYO5B,0.6300131737882378
MYO5C,0.5114039891846779
MYO6,0.6369084900318508
MYO7A,-0.04237178877724481
MYO9A,0.17942295458074317
MYO9B,0.15246639019649477
MYOC,0.9761234376047236
MYOCD,0.8806502087850044
MYOF,0.3309761399677385
MYOM1,0.07633134066848145
MYOM2,0.5812216596832634
MYOZ1,0.0912683327054226
MYOZ3,-0.04940059837284646
MYPOP,0.001713139499477533
MYRF,0.6494794304240471
MYSM1,-0.18454272923667633
MZB1,0.7326098008009768
MZF1,0.004460959945074296
MZT1,0.055990518218995186
MZT2A,-0.09545344497726675
MZT2B,0.2642668634876794
N4BP1,0.13969458365429815
N4BP2,0.2755301132397011
N4BP2L1,0.15964304253253214
N4BP2L2,0.37275281125376575
N4BP3,0.23283962307023723
N6AMT1,0.4264153216149412
NAA10,0.0031543553441195126
NAA15,-0.05874355424127695
NAA16,0.023054267815696458
NAA20,0.07123294068348263
NAA25,0.08338439500605875
NAA30,0.23102471823214502
NAA35,-0.11585449557234315
NAA38,-0.07212187166450428
NAA40,0.12753161575982533
NAA50,0.10252060384959354
NAA60,0.0957199153735299
NAAA,0.5123777112157122
NAALAD2,0.2283341736713645
NAALADL1,-0.035417421127367496
NAALADL2,0.1790457547036165
NAB1,0.18887064445101792
NAB2,0.06199755775881057
NABP1,0.1512618342403088
NABP2,-0.0802777944026235
NACA,0.16508304774073487
NACC1,-0.005683451200764303
NACC2,-0.02833317312257462
NADK,0.20131248738325927
NADK2,0.005035932180009891
NADSYN1,-0.06140812030701195
NAE1,-0.016160133616223208
NAF1,0.2101975788658755
NAGA,0.02286554293501235
NAGK,0.033343100295335694
NAGLU,0.3053663470672293
NAGPA,0.16539150140620687
NAGS,0.4245311035576309
NAIF1,0.19865507734329046
NAMPT,-0.02175944466180267
NANP,-0.12785149057173897
NANS,-0.11668335884628304
NAP1L1,0.229825610469542
NAP1L4,0.5483254485541617
NAP1L5,-0.03333657288777738
NAPB,0.16242723402209042
NAPEPLD,0.10173571893344704
NAPG,0.19152528821833062
NAPRT,0.270142844679987
NAPSA,0.14478479056095336
NARF,-0.006140628546479359
NARS2,0.02554484603637091
NASP,0.13093303965478975
NAT1,-0.062290777335940656
NAT10,-0.022656346244607894
NAT14,-0.0492001368396606
NAT9,0.2171097861461775
NATD1,0.0019681918152284796
NAV1,0.6323042199498324
NAV2,0.4212309574912981
NAV3,0.7055476007807006
NBAS,-0.1106279345030321
NBEA,0.1331162336860039
NBEAL1,0.4694847014035357
NBEAL2,0.10501044063695848
NBL1,0.48979419986851447
NBN,-0.11976319537005026
NBPF11,-0.15251609366014585
NBPF12,0.11276814164895524
NBPF19,0.12035437535716619
NBPF3,-0.11175083129164777
NBPF9,0.09899495402738108
NBR1,0.19345986842152665
NCALD,0.5813013781652786
NCAM1,0.6959838143343438
NCAM2,0.6999578739697728
NCAPD2,-0.1889403608625504
NCAPD3,0.44152113593544057
NCAPG,0.437639508895844
NCAPG2,0.22824070092538148
NCAPH,
NCAPH2,-0.14055428758103028
NCBP1,-0.028152253047631075
NCBP2,0.16452968771263127
NCBP3,0.255247428019248
NCDN,0.45843712947522214
NCEH1,0.1539110772425011
NCF2,0.5674108087531081
NCF4,0.009863053273005254
NCK1,-0.17883076331825157
NCK2,0.6472480077552618
NCKAP1,0.6173087059925436
NCKAP1L,0.39334329576484117
NCKAP5,0.6981421730456312
NCKAP5L,-0.02684939489824448
NCKIPSD,-0.002037404607834123
NCL,0.025582468569114065
NCLN,-0.0471989529297554
NCMAP,0.2152161321056859
NCOA1,0.20803299819361934
NCOA2,0.26417079469781196
NCOA3,0.15899030118529694
NCOA4,0.007911445894500584
NCOA5,-0.19718525354291527
NCOA6,0.01571169692620429
NCOA7,0.45226235079620825
NCOR1,0.2563657432895178
NCOR2,0.09828307426690698
NCR1,0.5390956387396888
NCR3LG1,-0.06774992635263057
NCS1,0.4678111441298627
NCSTN,0.09592453658870848
NDC1,0.05624493267411302
NDC80,0.014527149411465495
NDE1,0.13351756063188258
NDEL1,0.008693217885411705
NDFIP1,-0.012639662563698466
NDFIP2,0.12616511583065254
NDN,0.10153336258822869
NDNF,0.37443831419163415
NDRG1,0.5771258691869777
NDRG2,0.5682755544052224
NDRG3,0.21290835331999153
NDRG4,0.7244931488493006
NDST1,-0.059730150351064874
NDUFA1,-0.1405118570729785
NDUFA10,0.14792847924656766
NDUFA11,0.15237136391854786
NDUFA12,0.15529639149389732
NDUFA13,0.04158190164971991
NDUFA2,0.0414364299884946
NDUFA3,0.1449858394548617
NDUFA4,0.19222936117999923
NDUFA4L2,0.28855611470031994
NDUFA5,-0.047411046932033046
NDUFA6,0.06987043081065819
NDUFA7,0.021069804219523123
NDUFA8,-0.1585741793786466
NDUFA9,-0.028917479153215506
NDUFAB1,-0.0451297901825538
NDUFAF1,-0.04259361493492828
NDUFAF2,0.19069555817295245
NDUFAF3,-0.0959503210226351
NDUFAF4,-0.10318932375999498
NDUFAF5,-0.07444127797805344
NDUFAF6,0.2953168236249092
NDUFAF7,-0.030961786043173047
NDUFB1,-0.1066127046909184
NDUFB10,-0.010847883269090629
NDUFB11,-0.047177354489423375
NDUFB2,0.05789288247113193
NDUFB3,0.01954860175759791
NDUFB4,0.1831695538447899
NDUFB5,-0.16544059328831986
NDUFB6,-0.03226655767713288
NDUFB7,0.122693446560197
NDUFB8,0.006438529011197134
NDUFB9,0.042868482991597054
NDUFC1,-0.01969500453649007
NDUFC2,0.13450738800183476
NDUFS1,0.19010088506049688
NDUFS2,-0.08280320937339569
NDUFS3,0.11328801440300658
NDUFS4,-0.3293710952925785
NDUFS5,0.16954756954120978
NDUFS6,-0.11434690172721675
NDUFS7,-0.034389802144721385
NDUFS8,0.020218676117023587
NDUFV1,-0.08146923381848582
NDUFV2,0.013041212451566295
NDUFV3,0.1932126756464586
NEAT1,0.756846736058961
NEB,0.06507075567564098
NEBL,0.6660425965061253
NECAB1,0.20371631520167532
NECAB3,0.02069259565933438
NECAP1,0.24890194367753024
NECAP2,-0.0659409079309523
NEDD1,0.16398501214037503
NEDD4,0.38139755590766905
NEDD4L,0.6577453966663048
NEDD8,0.08734879184803693
NEDD9,0.4230463375891379
NEGR1,0.6153096801501504
NEIL1,0.21616315897043625
NEIL2,-0.023854888184090626
NEK1,0.3454607128391946
NEK10,0.904699860194945
NEK11,-0.12187556219397234
NEK2,
NEK3,0.3495951957204209
NEK4,-0.16848651784941862
NEK5,0.8757871470718642
NEK6,0.23602487166069536
NEK7,0.2702520420511393
NEK8,-0.017042512557448774
NEK9,-0.02859124514483463
NELFA,0.01744195869779672
NELFB,0.06423940103389668
NELFCD,-0.17478137984678319
NELFE,0.07722207823525638
NELL2,-0.039478205944112735
NEMF,0.0351146475938644
NEMP1,-0.17831953550803636
NEMP2,0.06129171440953534
NENF,0.11473214330446634
NEO1,0.48860529244795364
NES,0.5277799845994434
NET1,0.5132057609754427
NETO2,0.04877370164530285
NEU1,-0.05460310624194626
NEU3,-0.08570678717152592
NEURL1B,0.7377302063764812
NEURL3,
NEXN,0.8139882994313566
NF1,0.14742528183863335
NF2,0.1330998428192313
NFAM1,0.1623839615166017
NFASC,0.6644822497620375
NFAT5,0.2217347142708685
NFATC1,0.11917229941742664
NFATC2,0.36260348020713634
NFATC2IP,0.2319549899906288
NFATC3,0.2543339457306322
NFATC4,0.874626173361221
NFE2,0.6993887745062931
NFE2L1,0.0386801949430175
NFE2L2,0.2716619492773217
NFE2L3,-0.05244979462387691
NFIA,0.710694039773381
NFIB,0.8328367688157284
NFIC,0.18826511309085434
NFIL3,-0.0627801812466485
NFIX,0.648145134892446
NFKB1,0.13102315260285785
NFKB2,-0.01981766555678124
NFKBIA,0.3462375865293493
NFKBIB,0.11905030746803535
NFKBID,0.061947547595965484
NFKBIE,-0.06606677912873074
NFKBIL1,-0.05240422937012386
NFKBIZ,0.06717449471147123
NFRKB,-0.05356279895630934
NFS1,-0.13160406479986086
NFU1,0.15676689268286187
NFX1,0.2217424741843437
NFXL1,0.04796172721670404
NFYA,-0.13183444002682831
NFYB,0.2080476820882199
NFYC,0.06663754278810415
NGDN,0.09189797095335357
NGFR,
NGLY1,-0.14000123193007985
NHLRC2,0.26993379796175415
NHLRC3,-0.20269287350299137
NHP2,0.2216760360713998
NHS,0.3756595242044475
NHSL1,0.31663216471471756
NHSL2,0.4126836479471123
NID1,0.42431908792770023
NID2,0.6978070372103244
NIF3L1,-0.18286957584225894
NIFK,0.09911311686662501
NIFK-AS1,0.15959460594541452
NIN,0.1727387954497715
NINJ1,0.7411496748960706
NINJ2,0.04061330005228704
NINL,0.20342867786706206
NIP7,-0.06402385008483512
NIPA1,0.1168683091447091
NIPA2,0.04233229641913508
NIPAL2,0.1706562581814853
NIPAL3,0.23082992383167772
NIPBL,-0.10266334752177576
NIPSNAP1,-0.10892821958608288
NIPSNAP3A,-0.04431798685816277
NISCH,0.0815999903652516
NIT1,0.04400509426673951
NIT2,0.11557090274073424
NKAP,0.0037525924428400033
NKAPL,0.029736893920240867
NKD1,0.7141816422098769
NKD2,0.8251027888644696
NKG7,0.749310424533205
NKIRAS1,-0.07160706896814087
NKIRAS2,0.2308548119176072
NKRF,0.1701585697535071
NKTR,0.46056666862659484
NKX2-1,0.6709959036011645
NKX3-1,0.9713083487627603
NLE1,-0.08208422729152835
NLGN2,0.48880281733201997
NLGN4X,0.7379095407499563
NLK,0.1696085543412256
NLN,0.10077249384678176
NLRC4,0.3304244524348827
NLRC5,0.2013517569902553
NLRP1,0.20830893917599808
NLRP2,0.32274908384448814
NLRP3,0.5323492296062124
NLRX1,-0.012880074514778168
NMB,-0.0621282604601692
NMD3,0.5513156530278903
NME1,
NME3,-0.005326430483864547
NME4,0.24383532572393218
NME5,0.3682161368214011
NME6,-0.08783986626509208
NME7,0.30069515351586895
NMI,-0.05142097526341294
NMNAT1,0.17567134585947827
NMRAL1,0.11620945489975179
NMRK1,0.028710816133623637
NMT1,0.26262622016130677
NMT2,0.24728601533795558
NMUR1,0.8484861650395262
NNMT,0.328670209836378
NNT,0.3053819270675077
NNT-AS1,-0.025274534874382727
NOA1,-0.15321726049976053
NOB1,0.000885340963831905
NOC2L,-0.02449511715595356
NOC3L,-0.04815337783011482
NOC4L,-0.05209342660500243
NOD1,0.15823032752780836
NOD2,-0.08361884878321064
NOL10,-0.22476930685582458
NOL11,-0.045123694119327505
NOL12,-0.06467094709437735
NOL3,0.072106630868021
NOL4L,0.20786986311816774
NOL6,-0.00942673257422196
NOL7,-0.0021900140306325196
NOL8,0.051768346573911106
NOL9,-0.08815894795714543
NOLC1,0.13925033272216775
NOM1,-0.03391599955674637
NOMO1,0.12135113729931692
NOMO3,0.4078711515133237
NONO,0.19488681262019117
NOP10,-0.05797016275777087
NOP14,0.06988638080886295
NOP14-AS1,-0.1589015772158607
NOP16,-0.02102512611252603
NOP2,-0.049554525752472
NOP56,0.21831480477633441
NOP58,0.06635423963321899
NOP9,-0.12826633145281183
NOS1,0.673810586156849
NOS1AP,0.17580954751647251
NOS3,0.6650706942330634
NOSIP,0.14498889685926264
NOSTRIN,0.8879433438369643
NOTCH1,0.4324609522397425
NOTCH2,0.16984919397702317
NOTCH3,0.7821091794293713
NOTCH4,0.9510194440378543
NOVA1,0.14975058173357472
NOVA2,0.9568318141863047
NOXA1,0.14256581596346524
NPAS2,0.2753338976544835
NPAT,0.2970295671182073
NPC1,0.25384491858564706
NPC2,0.21749064654867056
NPDC1,0.7998497417788639
NPEPL1,-0.07172858400327393
NPEPPS,0.16366915157992382
NPHP1,0.7266961731500593
NPHP3,-0.11922987575392131
NPHP4,0.1863467757933479
NPIPB5,0.3075174362919153
NPL,0.37566608786818434
NPLOC4,-0.2403062468889888
NPM1,-0.09016785303394097
NPM3,-0.018546821007625683
NPNT,0.7405784783830704
NPR1,0.43844500002870995
NPR2,0.4020657922829895
NPR3,0.7260880433805773
NPRL2,0.0794490582541971
NPRL3,0.13843699644382368
NPTN,0.3010180034468721
NPTXR,0.00029816219394360416
NQO1,0.36108582125797534
NQO2,-0.013142194663129003
NR0B2,-0.022817481508398442
NR1D1,0.13858141359982037
NR1D2,0.16976780433033897
NR1H2,-0.16658035130776147
NR1H3,0.21988534577694718
NR2C1,0.18088715106407988
NR2C2,0.12372103146244111
NR2C2AP,0.006937754343775268
NR2F1,0.7175352621959382
NR2F1-AS1,0.7353040437206859
NR2F2,0.7849666334533858
NR2F2-AS1,0.5772337372922756
NR2F6,0.1591966892454538
NR3C1,0.20050664812941577
NR3C2,0.20656251851217639
NR4A1,0.26336684131167404
NR4A2,-0.17278555620980024
NR4A3,-0.04996534779122376
NR5A2,0.5165617911192153
NR6A1,0.2577135220497264
NRAS,-0.002993795473677602
NRBF2,-0.14465373817613564
NRBP1,0.23926484227675618
NRBP2,0.028544540782881392
NRCAM,0.4891484126288196
NRDE2,-0.006777994332617773
NREP,0.1029190165557927
NRF1,0.16100241576189656
NRG1,0.6023466159944685
NRGN,-0.004157894732666994
NRIP1,0.07233939005660496
NRIP3,-0.05172943275891456
NRM,-0.005175766274373165
NRN1,0.7718241275608831
NRP1,0.683363404745847
NRP2,0.41557165626542925
NRSN2,-0.08098673073530276
NRXN3,0.3200661719068981
NSA2,-0.04781067877371299
NSD1,0.1533031831471321
NSDHL,0.08401798436708267
NSF,-0.18995014071178515
NSFL1C,0.23941168366136484
NSL1,0.35612024447034524
NSMAF,0.12329883441598381
NSMCE1,0.04153185471377903
NSMCE2,-0.02526545611175093
NSMCE4A,-0.24491783383679216
NSMF,-0.19352433716092463
NSRP1,-0.09056438732814659
NSUN2,-0.12705563573369147
NSUN3,-0.10951875141151836
NSUN4,0.02178323362228051
NSUN5,0.1453522405771059
NSUN6,-0.01140714745193828
NSUN7,-0.07281140475068924
NT5C,0.41248843003280966
NT5C2,0.04582966425336049
NT5C3A,-0.13249109113646856
NT5C3B,-0.08381186980333535
NT5DC1,0.29993382956865433
NT5DC2,0.18292650892311985
NT5DC3,0.46848903543040665
NT5E,0.004129543481775886
NTAN1,-0.15615831820217535
NTHL1,0.3914159631906451
NTM,0.48637876383616246
NTMT1,-0.016707669527928657
NTN1,0.673025870745077
NTN4,0.4869962096290314
NTNG1,0.32936215327494484
NTNG2,0.24040864254016392
NTPCR,0.10437853635421335
NTRK2,0.6180643457205792
NTRK3,0.6755642176780047
NUAK1,0.8202859803945247
NUAK2,0.22329124496571823
NUB1,0.3009624588641469
NUBP1,0.19101443709996838
NUBP2,-0.04311179326939565
NUBPL,-0.3199062276699471
NUCB1,0.23694852865956162
NUCB2,0.5421721476862573
NUCKS1,0.2149891182428984
NUDC,0.2318324431743434
NUDCD1,-0.14365576257085344
NUDCD2,0.01706204709527938
NUDCD3,0.0179126556687324
NUDT1,-0.008911011637362605
NUDT12,0.611044728155542
NUDT14,-0.05045493954818936
NUDT15,-0.05689460856873715
NUDT16,-0.021094673205010288
NUDT16L1,0.2635995110795762
NUDT18,-0.053494644902681444
NUDT19,-0.0656209501408646
NUDT2,-0.08561176917407641
NUDT21,0.07534439187909804
NUDT22,0.07496899111624498
NUDT3,0.04667599348443831
NUDT4,-0.13266017179058773
NUDT5,0.3279375471798241
NUDT9,-0.14795085753435896
NUF2,0.07609256477969932
NUFIP1,0.11394639144694789
NUFIP2,-0.036391922991534376
NUMA1,-0.006650503759866413
NUMB,0.25681041790762266
NUMBL,0.1986426011448007
NUP107,-0.18187719051514734
NUP133,0.0073922415378925325
NUP153,0.32094494486833225
NUP155,0.11715714550473237
NUP160,0.02898191099287693
NUP188,-0.08509297677747912
NUP205,0.33581291734177554
NUP210,0.4533017365516738
NUP214,0.10169845348452144
NUP35,-0.01648452020887069
NUP37,-0.07194986511851632
NUP43,-0.23602926034623253
NUP50,0.03560705008428349
NUP54,-0.1686585834215776
NUP58,0.2830126830744013
NUP85,-0.020888831985552334
NUP88,0.07635740065241546
NUP93,0.14345544493675894
NUP98,0.056465426051670986
NUPR1,0.29611061149997947
NUS1,0.26159938300466484
NUSAP1,0.0002823399017768044
NUTF2,-0.06367357983559023
NUTM2A-AS1,-0.05446848996508258
NUTM2B-AS1,0.08903172847802561
NVL,-0.0125635175617306
NWD1,-0.040521878098501524
NXF1,-0.03294833599384822
NXN,0.514848319122158
NXPE3,0.24441279214076367
NXPH3,0.4144051652096083
NXT1,0.11183283663689723
NXT2,-0.06250413797099622
NYNRIN,0.23459092445736035
OAF,0.15853866187749435
OARD1,-0.22268065995747208
OAS1,0.4506828753436786
OAS2,0.18175805465256892
OAS3,0.27524857874874137
OASL,-0.0017906844593810266
OAT,0.7406893484944767
OAZ1,0.019299541753530713
OAZ2,0.08979356257752505
OBSCN,0.38594275450799437
OBSL1,0.008878682054984346
OCEL1,0.019063085803240117
OCIAD1,0.10076299350912309
OCIAD2,0.27268896961865324
OCLN,0.17214596329366408
OCRL,0.2260834859506728
ODC1,-0.02359102868313939
ODF2,0.028147451350751987
ODF2L,0.20884164011492662
OFD1,0.4230933117692829
OGDH,0.21868211117981298
OGFOD1,0.09030382894543144
OGFOD3,0.24608350877868276
OGFR,-0.2070209630223538
OGFRL1,0.3104741214964139
OGG1,0.17007775804955233
OGN,0.07214267559831795
OGT,0.4237438039485147
OLA1,-0.05097258212357063
OLAH,0.00867733685208251
OLFM1,0.3388906388654007
OLFM4,
OLFML1,0.237498653642912
OLFML2A,0.40234337542543125
OLFML2B,0.08733478573784574
OLFML3,0.28224114692538377
OLR1,0.6907818534875908
OMA1,-0.05734995955459002
OMD,0.41384688708674966
OMG,-0.042508267528254456
OPA1,0.09995398753469453
OPA3,0.027825999743937443
OPHN1,0.4601666858555834
OPLAH,0.3438027540183175
OPN3,0.6955217332241171
OPTN,0.22545282129717065
ORAI1,0.08239502110704122
ORAI2,0.056770143416953904
ORAI3,0.08299010177464866
ORC2,0.2817211004427787
ORC3,-0.04254663616372981
ORC4,0.17685739009916682
ORC5,-0.17839198059564046
ORC6,-0.04136744068106207
ORMDL1,0.1060986754263214
ORMDL2,-0.07938409688814253
ORMDL3,0.23144340015847198
OS9,0.07525555685911663
OSBP,0.01816725224361992
OSBP2,0.289656294746355
OSBPL10,0.30523167896659015
OSBPL11,0.1959630635466562
OSBPL1A,0.3077947320283931
OSBPL2,0.15355877456652525
OSBPL3,0.2578918038251626
OSBPL5,0.6436867257407939
OSBPL6,0.18100102697034082
OSBPL7,-0.010146552843212444
OSBPL8,0.3228503149185108
OSBPL9,0.4032253810969866
OSCAR,0.5211041880123061
OSCP1,-0.013009848772838277
OSER1,-0.16891036495446998
OSGEP,0.3874095836188905
OSGEPL1,0.48340509738651644
OSGIN1,0.0025301981748815645
OSGIN2,0.12406909958838742
OSM,-0.027012108644045713
OSMR,0.5031565726684245
OSR1,0.564789211277656
OSR2,0.8191164682415686
OST4,0.004028858892184064
OSTC,0.008064192032166257
OSTF1,0.19161919597136778
OSTM1,0.06385932296457256
OTOF,-0.04876199987399534
OTUB1,0.13222949981198737
OTUD1,0.0708080601281553
OTUD3,0.26630087858336676
OTUD4,0.04278006353119341
OTUD5,-0.34454268504948343
OTUD6B,0.14825738405200323
OTUD6B-AS1,0.3346020301668578
OTUD7A,0.15734353502985057
OTUD7B,0.1980684109372436
OTULIN,0.08233023221006401
OXA1L,0.20525193649286638
OXCT1,-0.02631727492841734
OXLD1,0.12224962617934845
OXNAD1,0.48764381621604835
OXR1,0.030013631017103963
OXSM,-0.10661576716034381
OXSR1,0.12258924940147493
P2RX1,0.17383966958188818
P2RX4,0.14651669163868922
P2RX5,
P2RX7,0.1818208654305641
P2RY1,0.22640312123547823
P2RY11,-0.10842800408485474
P2RY13,0.6044884960208298
P2RY14,0.6635417187212563
P2RY8,0.33805497869777956
P3H1,0.4033109296946399
P3H2,0.7675182433667579
P3H3,0.15083962945429832
P3H4,0.10755651436273525
P4HA1,0.02204995484691993
P4HA2,0.208934006187114
P4HA3,
P4HB,0.006221060029158419
P4HTM,0.26943664482945906
PA2G4,-0.08333768387190003
PAAF1,-0.00020166615129121358
PABPC1,0.5033029084204106
PABPC1L,0.26524186456092125
PABPC4,-0.0010021959102585122
PABPC5,-0.04116295382660294
PABPN1,-0.027916813010882453
PACRG,0.025211074561359716
PACRGL,0.33657400129537274
PACS1,0.19163146964219574
PACS2,-0.12768653642730035
PACSIN2,-0.1029246883416598
PACSIN3,0.07309339773806249
PADI2,-0.03582695073969324
PADI4,0.9905446235877127
PAF1,-0.23406310969873367
PAFAH1B1,-0.07233510970270081
PAFAH1B2,0.3056407565092525
PAFAH1B3,-0.08524048683136658
PAFAH2,0.1266251907526072
PAG1,0.5106154921487643
PAICS,0.1372878325714237
PAIP1,0.054776379092925855
PAIP2,-0.05217121615042618
PAIP2B,0.0022425341843413825
PAK1,0.39828195564049385
PAK1IP1,-0.06810560703010944
PAK2,0.29087698200924167
PAK3,-0.08674296421020614
PAK4,0.3574211325889751
PAK6,-0.011805797651816885
PALB2,-0.018900116365643625
PALD1,0.6650664177435572
PALLD,0.7109387738595937
PALM,0.5013414823858418
PALM3,-0.04923641755014022
PALMD,0.9159226669719901
PAM,0.2648817207509666
PAMR1,0.45394957845564454
PAN2,-0.09521394653815529
PAN3,0.10462408580653225
PANK1,0.07309120208991453
PANK2,0.09253845258035386
PANK3,-0.1838864501263015
PANK4,0.10110499344807414
PANX1,-0.04353686087817776
PANX2,-0.05917176553014169
PAPLN,-0.07064702350718699
PAPOLA,-0.037785337556057834
PAPOLG,0.06794906961888326
PAPPA,0.5896080539501066
PAPSS1,0.19484231878344985
PAPSS2,0.7437879843575532
PAQR3,-0.061414149857700384
PAQR4,-0.04416257551471678
PAQR5,0.6542640161246075
PAQR7,0.3291777105247015
PARD3,0.5351331621032666
PARD3B,0.6759305695779262
PARD6A,
PARD6B,0.6022343771482259
PARD6G,0.2462491775791763
PARG,0.14952696442058977
PARK7,0.1332963251063817
PARL,-0.09143750743380755
PARM1,0.37621276323592734
PARN,0.064071101346082
PARP1,0.08557182946164643
PARP10,0.11489390568288625
PARP11,-0.15374208265600864
PARP12,0.30052561133337236
PARP14,0.496627962688365
PARP15,0.3645269101902225
PARP16,0.34468596694937054
PARP2,0.17703979387509775
PARP3,0.0014517302678550732
PARP4,0.1011973028941941
PARP6,0.03619540887081595
PARP8,0.695943787111056
PARP9,0.13039226824646608
PARPBP,-0.057190741102154455
PARS2,-0.07891230475224995
PARVA,0.5623751645111956
PARVB,0.2489874215066275
PARVG,0.5147705769112312
PASK,-0.10233585204312734
PATL1,-0.1514914079682033
PATL2,0.35363959124608396
PATZ1,-0.06610701656618115
PAWR,0.28931429417636895
PAX8,0.02181744871260619
PAXBP1,0.010515547835138153
PAXIP1,-0.08600585339838718
PAXIP1-AS2,-0.04927781077570244
PBDC1,0.011950380762964917
PBK,
PBLD,0.26196727879596854
PBRM1,-0.05552203534057442
PBX1,0.8319644105894617
PBX3,0.19776853219120125
PBX4,0.24110525834430116
PBXIP1,0.7579613570627719
PCAT19,0.7984117048313932
PCBD1,0.16554500623916776
PCBD2,0.047295966089865804
PCBP1,0.17779421320967134
PCBP2,0.22260170744627367
PCBP3,0.12395556053570216
PCBP4,0.39738339640163794
PCCA,0.22244279212807558
PCCB,-0.09318346474073164
PCDH1,0.6425374144397145
PCDH12,0.4473985127471801
PCDH17,0.8375786650928503
PCDH18,0.4284263190620418
PCDH7,0.2912212708289856
PCDH9,0.07823434648112555
PCDHB14,0.023729268724138376
PCDHB15,0.12235148806836242
PCDHB16,0.04083650705992919
PCDHB2,0.2720490395118623
PCDHB9,0.3187108512734832
PCED1A,0.22943676018972034
PCED1B,0.34820830589162194
PCF11,0.164271443390124
PCGF1,-0.03299659305476167
PCGF2,0.24933897205243377
PCGF3,0.18047559080191125
PCGF5,0.20916719772588271
PCGF6,0.003623521506113471
PCID2,0.21122832215812667
PCIF1,-0.09598115765587432
PCK2,0.12292364206798945
PCLO,0.20477239638243647
PCM1,0.06866452902578324
PCMT1,0.02251695769221612
PCMTD1,0.02861580349273393
PCMTD2,-0.07711702668465101
PCNA,0.2972493168044076
PCNP,0.00030199408123551645
PCNT,0.1653569170809855
PCOLCE,0.5348211152751983
PCOLCE2,0.06121155951423659
PCSK2,0.31296367233265127
PCSK5,0.5178533241696854
PCSK6,0.17794104460223611
PCSK7,0.4982027894042699
PCSK9,0.11632958087440656
PCTP,0.35965860472157585
PCYOX1,0.4312853704457461
PCYOX1L,-0.12628766066101066
PCYT1A,0.12924452092054706
PCYT2,-0.034430148592870524
PDAP1,-0.05771406969491807
PDCD10,0.028938626124465718
PDCD11,-0.02028606407601695
PDCD1LG2,0.17492139811072965
PDCD2,-0.05763894008494993
PDCD2L,-0.0698518007550963
PDCD4,0.4850907209623955
PDCD5,0.3487679855165104
PDCD6,0.02711763285638673
PDCD6IP,-0.0496787500651532
PDCD7,0.028053230713848566
PDCL,0.044035114778486456
PDCL3,-0.08285958048284696
PDE12,0.3037546169094631
PDE1A,0.32924907511261736
PDE1B,0.25800878642248976
PDE1C,0.6991303716684437
PDE2A,0.38941926363067464
PDE3A,0.6811468261320972
PDE3B,-0.13592842076284883
PDE4A,0.47476044511866594
PDE4B,0.3700797461038429
PDE4D,0.5055595216818225
PDE4DIP,0.5183817944358237
PDE5A,0.4521592850821422
PDE6B,0.08727117097088918
PDE6D,0.19938441878922708
PDE7A,0.43371840012401236
PDE7B,0.2581794778410722
PDE8A,0.2648604989177705
PDE8B,0.2606622931864776
PDE9A,0.4335148801278581
PDGFA,0.22642946715483644
PDGFB,0.6446157752658834
PDGFC,0.5749399223958798
PDGFD,0.59120308353009
PDGFRA,0.5648013960472561
PDGFRB,0.8908580320235211
PDGFRL,-0.10394397804972057
PDHA1,0.07831625793513416
PDHB,-0.09596826135313337
PDHX,0.044923587013171944
PDIA3,-0.020460698164174552
PDIA4,0.005378769817032786
PDIA5,0.4377221253246427
PDIA6,-0.036470270649067486
PDIK1L,-0.07133216576729183
PDK1,0.4643195599898646
PDK2,-0.0465225040107463
PDK3,0.2862615308775603
PDK4,0.45931828138594616
PDLIM1,0.7408234159885467
PDLIM2,0.17089209984952575
PDLIM3,0.7973614095783838
PDLIM4,0.1147314905620909
PDLIM5,0.35357308126966547
PDLIM7,0.32793763546030447
PDP1,-0.05632396509422297
PDP2,0.1415915803920956
PDPK1,0.1733222917258216
PDPN,0.5844364136772028
PDPR,-0.050018059062695734
PDRG1,-0.13887060560674647
PDS5A,0.29417550623954414
PDS5B,0.04500024047219875
PDSS1,0.10040881663567894
PDSS2,0.046608199970818276
PDXDC1,0.06146648936353288
PDXK,0.2758575690126816
PDZD11,-0.07854937373123007
PDZD2,0.4649856863960511
PDZD8,-0.08354974209709268
PDZK1IP1,-0.08817634364015375
PDZRN3,0.6888439861660861
PEA15,0.1469953698031818
PEAK1,0.4080262344968606
PEAR1,0.5802683779178661
PEBP1,0.0977828130768775
PEBP4,0.5652484068281411
PECAM1,0.8050563953534221
PECR,0.061190633137230936
PEF1,-0.044912121334060834
PEG10,0.6100834020916238
PELI1,0.20896310152049644
PELI2,0.1635787283553303
PELI3,-0.05129097110757332
PELO,
PELP1,-0.2592574839126042
PEMT,0.060346044847201276
PENK,-0.026851183994736738
PEPD,0.06853756001973071
PER1,0.1289145681991347
PER2,0.04925853292921649
PER3,0.3384835040924824
PERP,0.39686139448712143
PES1,0.022951993303996512
PET100,-0.05311105179447888
PET117,-0.07715025155090739
PEX1,-0.0882282014591709
PEX10,0.022189781457501848
PEX11A,0.06479170037782318
PEX11B,-0.026042309616707175
PEX13,0.050500728426838934
PEX14,0.05365550086467822
PEX16,0.2710953077554266
PEX19,0.3007739239369071
PEX2,-0.11527005116943317
PEX26,0.2909473129480214
PEX3,0.2529033805874201
PEX5,-0.010349537482999818
PEX6,-0.12910772648127078
PEX7,-0.009847090724365844
PF4,-0.09678249542329596
PFAS,0.3563804345263958
PFDN1,0.07307184005152037
PFDN2,0.124936744350576
PFDN4,-0.02026981268163708
PFDN5,0.2522012648152941
PFDN6,-0.1362016503399942
PFKFB2,0.27536077615034366
PFKFB3,0.41331953336468064
PFKFB4,0.1739974357409936
PFKL,0.004315260180997005
PFKM,0.06319055772151909
PFKP,0.33468756042629877
PFN1,-0.16814319302946512
PFN2,-0.015227267798819466
PGAM5,-0.06106414450369646
PGAP1,0.14909156028115386
PGAP2,0.16861273465750243
PGAP3,0.2734003163203131
PGBD1,0.045713738948647845
PGBD4,-0.12759153642111817
PGBD5,0.2447871625935111
PGC,0.36266340570579103
PGD,0.2941123195136814
PGF,-0.03350175130531184
PGGT1B,-0.052019223468283735
PGK1,0.014407484345890472
PGLS,0.05268845898594028
PGLYRP1,
PGM1,-0.07532618617196633
PGM2,0.08454479554707384
PGM2L1,0.41097074066600847
PGM3,-0.0878234231952489
PGM5,0.5791428385560428
PGP,0.23605885174165014
PGPEP1,-0.033474209227568004
PGR,0.725128070011883
PGRMC1,0.08397883820048187
PGRMC2,0.26495469368601604
PGS1,0.18303211774699116
PHACTR1,0.5526741759059806
PHACTR2,0.3589238518590087
PHACTR3,0.6086524161568947
PHACTR4,-0.07118072991694713
PHAX,0.2639341224942775
PHB2,0.139779652493171
PHC1,0.06871256134321348
PHC2,-0.049027153042593016
PHC3,0.08065668328307916
PHEX,0.7409056166085658
PHF1,0.16716625527713042
PHF10,0.09998147139083577
PHF11,-0.11903191312822095
PHF12,0.04033049133995094
PHF13,-0.08943251400412326
PHF14,-0.04408938428798697
PHF19,0.28623285802319903
PHF2,-0.08731503856808012
PHF20,0.04909850917620688
PHF20L1,0.08082764233537222
PHF21A,0.11065289808008769
PHF23,-0.004222301204563168
PHF3,0.22449004984151655
PHF5A,0.20925782319907574
PHF6,0.06897330203866132
PHF7,-0.05767958036004671
PHF8,-0.20052141494477885
PHGDH,0.2019864237887292
PHIP,0.05236792874594608
PHKA2,-0.019871903780487858
PHKB,0.01733628833308849
PHKG2,-0.12826506250285355
PHLDA1,0.3032193403868174
PHLDA2,-0.0541547614918977
PHLDA3,0.35787245919404836
PHLDB1,0.7909686421047912
PHLDB2,0.5972304930566777
PHLDB3,-0.016889670994760228
PHLPP1,0.25058415232051034
PHLPP2,-0.03297536135166989
PHOSPHO2,-0.03358916253064146
PHPT1,-0.1253202290352806
PHRF1,0.08470610288962474
PHTF1,0.029751098530447637
PHTF2,0.2517489320478003
PHYH,-0.0999576584647706
PHYHD1,0.26673602482117176
PHYKPL,-0.014147514519158348
PI15,0.3003764633753
PI3,
PI4K2A,0.034430874243924034
PI4K2B,-0.09111838485731096
PI4KA,0.22088306832972893
PI4KB,0.07485727513936243
PIAS1,0.06971646944447621
PIAS2,0.1592190105607991
PIAS3,0.08710419646883538
PIAS4,-0.2155996018482919
PIBF1,-0.06683903035445346
PICALM,0.11657759330676043
PICK1,0.0656590370979013
PID1,0.24838263496808075
PIDD1,0.16029714807274761
PIEZO1,0.3145280044469446
PIEZO2,0.6361411197200301
PIF1,0.10652548191845398
PIGA,-0.09677398352322107
PIGB,0.12217522828782318
PIGBOS1,-0.04195034973477934
PIGC,0.1771285339326984
PIGF,0.23190547391086158
PIGG,0.12300137338038351
PIGH,0.12269581692964783
PIGK,0.12827591833420357
PIGL,0.16133446594781947
PIGN,0.18631633693047153
PIGO,-0.08335160849126458
PIGP,0.16464044435685726
PIGQ,0.30162976267966374
PIGR,0.48366232501270895
PIGS,-0.12763574577313497
PIGT,-0.09605015422798086
PIGU,0.020330876154192847
PIGV,0.36412912716091883
PIGW,-0.06121151418075338
PIGX,0.22130601349686793
PIGZ,-0.0366366130726973
PIH1D1,-0.11250735177631359
PIK3AP1,0.05727229862382859
PIK3C2A,0.500794120346738
PIK3C2B,0.1823355131268365
PIK3C3,0.16224072969893397
PIK3CA,0.1331714920345761
PIK3CB,0.23456841307056
PIK3CD,0.32005419244907707
PIK3CG,0.24290799792736964
PIK3IP1,0.4206976309345761
PIK3R1,0.46324938721045134
PIK3R3,0.3750307522752335
PIK3R4,-0.10089927902836907
PIK3R5,0.24318594070995658
PIKFYVE,0.14973411265895223
PILRA,0.28589754401196144
PILRB,0.5682885894002904
PIM1,0.41535579315063526
PIM2,0.47307670949357244
PIM3,0.010604841463196695
PIN1,0.23000575675224222
PIN4,-0.010496631942558253
PINK1,0.12364546466828001
PINLYP,-0.05455543567103504
PINX1,-0.10100167842641763
PIP,
PIP4K2A,0.5057053559222869
PIP4K2B,-0.13785247390196342
PIP4K2C,-0.0889745185252837
PIP5K1A,-0.06379805245081081
PIP5K1B,0.009428105349934709
PIP5K1C,0.25439939293664726
PIR,0.4093749792299867
PISD,-0.08493305011327205
PITHD1,-0.0822176779884947
PITPNA,0.31182119683450843
PITPNA-AS1,-0.07269628056615635
PITPNB,0.10186861088600925
PITPNC1,0.35468711546163634
PITPNM1,0.46578209441212964
PITPNM2,0.5620607418999947
PITPNM3,0.12063591821963018
PITRM1,0.0007015308814934808
PIWIL4,0.2474827883032889
PJA1,0.10306087331801342
PJA2,0.12003473811970437
PKD1,0.24721790572088553
PKD2,0.3740429925938409
PKDCC,0.44684982927800715
PKHD1L1,0.6703925059487379
PKIA,0.05622784535516095
PKIB,-0.003605407607935613
PKIG,0.7867848143562302
PKM,0.21217311945687514
PKMYT1,-0.03933193267858949
PKN1,0.2813974390820194
PKN2,0.19855726558819795
PKN3,0.4137926399332056
PKNOX1,-0.026858706688281803
PKNOX2,0.8367229938630716
PKP1,0.4431743863225394
PKP2,-0.05363375675250272
PKP3,0.4367468596233336
PKP4,0.5344351965142533
PLA1A,0.4954417938114394
PLA2G10,0.19761690652572622
PLA2G12A,0.18339867317170183
PLA2G15,-0.21891136269145242
PLA2G1B,-0.10827824678372394
PLA2G2A,
PLA2G4A,0.06029326905115117
PLA2G4C,0.30844154484730285
PLA2G4F,-0.04345613749556642
PLA2G5,0.5606084076586283
PLA2G7,0.4608898529377077
PLA2R1,0.39803826625596017
PLAA,-0.032197695730403736
PLAC8,0.6190579810298591
PLAC9,0.48981376535108667
PLAG1,0.26261941945667544
PLAGL1,0.4366247668489414
PLAGL2,0.5564043560746611
PLAT,0.5221268742038645
PLAU,0.05128851744136684
PLAUR,0.48882312738869377
PLBD1,0.09175633626502967
PLBD2,0.14638791346786656
PLCB1,0.4149274930853527
PLCB2,0.2922869292577049
PLCB3,-0.06353349392250085
PLCB4,0.5143041568635308
PLCD1,0.07834165760587813
PLCD3,0.10271434333665141
PLCE1,0.5476506055895256
PLCG1,0.28680868033163004
PLCG2,0.13661726958523648
PLCH1,0.496392279945754
PLCL1,0.11222476435344718
PLCL2,0.3418200639969474
PLCXD1,-0.01170914888045778
PLCXD2,0.1840308264342698
PLCXD3,0.8449777320802789
PLD1,0.17187023858207234
PLD2,0.044501799317135396
PLD3,0.10282142984524388
PLEC,0.2485718995561039
PLEK,0.6685390141931381
PLEKHA1,0.3658356280675222
PLEKHA2,0.29145916486584894
PLEKHA3,0.23855348775037352
PLEKHA4,0.3408687784934578
PLEKHA5,0.28888028157673956
PLEKHA6,0.47065633246608624
PLEKHA7,0.3244357715680385
PLEKHA8,0.13519716679586058
PLEKHB1,0.08662178095578296
PLEKHB2,0.05282881868474315
PLEKHF1,0.35929479149837573
PLEKHF2,0.3304031010189266
PLEKHG1,0.48162292577879817
PLEKHG2,0.12302568772753261
PLEKHG3,0.6267050020514385
PLEKHG4,0.03661308467430797
PLEKHG5,0.45506118640431475
PLEKHH2,0.8678100723404063
PLEKHH3,0.3226703098506647
PLEKHJ1,0.07097030649075779
PLEKHM1,-0.03569522496589276
PLEKHM2,0.0544383476389416
PLEKHN1,-0.061530482641290095
PLEKHO1,0.12675149985869388
PLEKHS1,-0.03172625980492892
PLGRKT,0.12012840277647334
PLIN2,0.3899147790664651
PLIN3,0.021108135788820967
PLIN5,0.11890077067788624
PLK1,0.1906557699860302
PLK2,0.45581130742701514
PLK3,0.2299012788803063
PLLP,0.7038830267485893
PLN,0.47164651245702244
PLOD1,0.4400383280720474
PLOD2,0.3617859686432177
PLOD3,0.13157066718105284
PLP2,-0.04180490592562151
PLPP1,0.5802795405516145
PLPP2,-0.03505550111280793
PLPP3,0.5361134108805703
PLPP5,-0.028192955543988096
PLPP6,-0.06828385898572899
PLPPR1,0.8617354809949829
PLPPR2,0.22529331909114136
PLPPR4,0.8373277632138691
PLRG1,0.16040717257307005
PLS1,0.17143877064427213
PLS3,0.7586070826730469
PLSCR1,0.12463585373226216
PLSCR4,0.8262710713513903
PLTP,0.16196568541734835
PLVAP,0.7030154902827414
PLXDC1,0.39270166262031825
PLXDC2,0.7642156492641988
PLXNA1,0.16345431952099618
PLXNA2,0.47684427680127905
PLXNA3,0.2752158268715847
PLXNA4,0.46606040407066585
PLXNB1,0.42078617251810474
PLXNB2,0.4797408854727858
PLXNC1,0.14237132139792463
PLXND1,0.29731735958544203
PM20D2,0.005834123144137518
PMAIP1,0.3490394366869943
PMEPA1,0.02383623258653676
PMF1,-0.10492847322418733
PML,0.040468460422242725
PMM1,0.4998593088089363
PMM2,-0.0007658296417941655
PMP22,0.48428821277968365
PMPCA,-0.018113142153763046
PMPCB,0.04696218047297213
PMS1,0.2568313143616004
PMVK,-0.0052105249967940295
PNISR,0.38024402463631074
PNKD,-0.027594873509888884
PNKP,0.08438618258218561
PNMA1,0.37742948038952695
PNMA2,0.5067449104522778
PNMA6A,
PNMT,0.04096906376570118
PNN,0.09106475891033408
PNO1,-0.15524232679074954
PNP,-0.041272206316410424
PNPLA2,0.11100356469733888
PNPLA3,0.5933531800510897
PNPLA4,-0.04199733548923559
PNPLA6,0.051785037912181836
PNPLA7,-0.0767664254242365
PNPLA8,0.058163504177071966
PNPO,-0.11265644893859912
PNPT1,0.12506617729512806
PNRC1,-0.008093948400143762
PNRC2,-0.03071927537901039
POC1A,-0.04396788637438485
POC1B,0.1294560794422972
POC5,-0.02984908252597729
PODN,0.8267474743336495
PODNL1,0.002959682142958822
PODXL,0.8109504651043791
POFUT1,-0.037980695902667005
POFUT2,-0.11249172755188087
POGK,0.10832653746690826
POGLUT1,0.19745916781917006
POGZ,0.2129557352523607
POLA1,0.11219166013021614
POLA2,-0.16351071862588784
POLB,0.10844017752209757
POLD1,-0.06092129282737003
POLD2,0.08993092184767108
POLD3,0.2590869028067131
POLDIP2,-0.1268134532470641
POLDIP3,0.06752804332674828
POLE,0.42255416011227837
POLE3,-0.08104656277040537
POLE4,-0.0288398161093859
POLG,0.09235217333693248
POLG2,-0.18552869123377977
POLH,0.11465720345983497
POLI,0.0992914181970858
POLK,-0.018312861836768377
POLL,0.06109769724475985
POLM,0.09937233484315872
POLQ,-0.059088785629465485
POLR1A,0.020618449953868998
POLR1B,-0.029642651311091898
POLR1C,-0.07250080884790205
POLR1D,0.0898315183287256
POLR1E,-0.03888777424194849
POLR2A,0.036280406433710076
POLR2B,0.08006597710058788
POLR2C,0.034450306238435105
POLR2D,0.007511795562086448
POLR2E,-0.0804980722313719
POLR2G,-0.10195731891240452
POLR2H,0.18876391909379295
POLR2I,-0.06792672274720352
POLR2J,-0.02364770009878632
POLR2J3,-0.07844015565814268
POLR2K,-0.15570003380799208
POLR2L,0.2295875279954277
POLR2M,0.026947409848242097
POLR3A,-0.06597454025421533
POLR3B,0.6831530191222189
POLR3C,-0.04344988581272978
POLR3D,-0.09521677427916715
POLR3E,-0.11256186572453314
POLR3F,-0.13535757184464525
POLR3G,0.17830746426034796
POLR3GL,0.15681435846528569
POLR3H,0.09020918531734938
POLR3K,-0.0531874837934813
POLRMT,0.02432734353682764
POM121,-0.06425488753092524
POM121C,0.14478064971100013
POMC,-0.039330870193268155
POMGNT1,0.12581139336876448
POMGNT2,0.14554646359891524
POMP,0.03243050619256867
POMT1,-0.06417754081499197
POMT2,-0.011750634392774868
PON2,0.46590596068959045
PON3,0.39844232422523906
POP1,-0.0325567281885022
POP4,-0.09876668151298713
POP5,0.30648146452504077
POP7,0.250233052935015
POR,-0.02910917706320964
PORCN,-0.09542027691315515
POSTN,0.562522742094238
POT1,0.1190935147708406
POU2AF1,0.8339269371707544
POU2F1,0.056741297553320594
POU2F2,0.32032490885518655
POU2F3,-0.07131038526868434
POU6F1,0.1055547329240627
PPA1,0.29021662374090484
PPA2,-0.4222092440828733
PPAN,
PPARA,-0.021210042588485085
PPARD,-0.055685533377848005
PPARG,0.5041805970799383
PPARGC1A,0.34442748121826594
PPARGC1B,0.29694780505426105
PPAT,0.015120397130981999
PPBP,-0.06532116977010992
PPCDC,-0.02683330034839614
PPCS,-0.21157202963392271
PPDPF,-0.02596096305863645
PPFIA1,-0.022711014852629576
PPFIA2,0.42016368925553527
PPFIA3,0.2920022671566938
PPFIBP1,0.7203750101224026
PPFIBP2,0.16420228789309746
PPHLN1,0.20362320609123144
PPIA,0.0691101964256771
PPIB,0.18673313655479692
PPIC,0.05829205664883495
PPID,0.04734441041075184
PPIE,-0.003070715898191183
PPIF,-0.07723611574364081
PPIG,0.2833905312766501
PPIH,-0.13265183736031655
PPIL1,-0.0038321887071047604
PPIL2,-0.1402722067451503
PPIL3,0.038846310162975226
PPIL4,-0.09729229918494062
PPIL6,-0.062228536454636156
PPIP5K1,-0.07833884611950204
PPIP5K2,0.019395513123957528
PPL,0.36599427220743497
PPM1A,-0.12702466143135818
PPM1B,0.05051419968472303
PPM1D,0.18263127785013716
PPM1F,0.24919471138270838
PPM1G,0.1250328458227184
PPM1H,0.026535530038279853
PPM1K,0.1545075571949732
PPM1L,0.2858395185463915
PPM1M,0.22261147677649137
PPM1N,-0.04039445262788331
PPME1,-0.12425227389805318
PPOX,0.36916924612507995
PPP1CA,-0.09922358670656889
PPP1CB,0.11205124971837171
PPP1CC,0.11417955709443671
PPP1R10,0.10241878692508391
PPP1R11,0.09931713471512481
PPP1R12A,0.3157440022433959
PPP1R12B,0.06611035486094843
PPP1R12C,-0.16650281290248514
PPP1R13B,0.5305949067747165
PPP1R13L,0.47240892098425524
PPP1R14A,0.2877338925334434
PPP1R14B,0.006578206457861439
PPP1R14C,0.4785149909196276
PPP1R15A,-0.005660876302180262
PPP1R15B,0.4243690395801029
PPP1R16A,0.17286349216796665
PPP1R16B,0.49495860391044055
PPP1R18,0.36650768987927385
PPP1R1B,-0.04351293825005922
PPP1R2,0.297267215313721
PPP1R21,0.15789825153141127
PPP1R26,0.11853584699330795
PPP1R35,-0.09893127010110253
PPP1R37,0.042991428364078564
PPP1R3B,-0.020590601643647295
PPP1R3C,0.7098656246279686
PPP1R3D,-0.13337648958963727
PPP1R3E,-0.020543209997754802
PPP1R3F,0.32567696997946916
PPP1R7,0.08784454181778285
PPP1R8,0.029734373922460783
PPP1R9A,0.5802840885388726
PPP1R9B,0.2109226096541016
PPP2CA,-0.09620776651113819
PPP2CB,0.2584816973235618
PPP2R1A,0.3033020844034864
PPP2R1B,0.1543491184991572
PPP2R2A,-0.010187091452288969
PPP2R2D,-0.10800510197867942
PPP2R3A,-0.015214628790601672
PPP2R3B,0.05131071590418884
PPP2R3C,0.11063740900919532
PPP2R5A,0.4222588861005182
PPP2R5B,0.4330095143142924
PPP2R5C,0.5887949575248294
PPP2R5D,0.22803172483968753
PPP2R5E,-0.04408065380207548
PPP3CA,0.16310213643742946
PPP3CB,0.14058691044994415
PPP3CC,0.24367922839382347
PPP3R1,-0.046015370888385754
PPP4C,0.12766583584080876
PPP4R1,0.2714741350923426
PPP4R2,0.04006333907661323
PPP4R3A,0.20355063795547906
PPP4R3B,0.010587977976183913
PPP5C,0.04533003887704242
PPP6C,-0.16193263627651072
PPP6R1,-0.14961903053783449
PPP6R2,-0.06279722202256278
PPP6R3,-0.04059222624157328
PPRC1,-0.1117691710375978
PPT1,0.25085767143216253
PPT2,
PPTC7,-0.2148323966523076
PPWD1,-0.17240250227211926
PQBP1,0.20591865015012528
PRADC1,0.1419767374396646
PRAF2,-0.01391710537772459
PRAM1,0.5240610114663297
PRC1,-0.051838631315417376
PRCC,-0.22688880794053765
PRCD,0.20214009659775287
PRCP,0.3316271571034005
PRDM1,0.6175090446532885
PRDM10,-0.04565902114500833
PRDM11,0.07436131369817654
PRDM15,0.1442591577497298
PRDM16,0.705096660216147
PRDM2,0.15121580586425634
PRDM4,0.2299998202827795
PRDM5,0.12128872901242854
PRDM6,0.8838083276274596
PRDM8,0.6572063393592023
PRDX1,-0.19221694215781784
PRDX2,-0.05660772000181622
PRDX3,0.01817036297709128
PRDX4,-0.06295705589533407
PRDX5,0.14964623563940038
PRDX6,0.004812652674755965
PREB,0.033148969559701515
PRELID1,0.1124271089643513
PRELID2,0.1506017708268084
PRELID3A,0.6041195893433217
PRELID3B,0.11812720325451544
PRELP,0.5155051231291617
PREP,0.18438160710611967
PREPL,-0.2533391958546281
PREX1,0.30258894617591486
PREX2,0.7203164026204756
PRF1,0.7293079867407192
PRG4,-0.05958543967406175
PRICKLE1,0.70034285664706
PRICKLE2,0.4744425874184966
PRIM2,0.3976788784263163
PRIMPOL,0.03888607389354885
PRKAA1,0.02239899540862611
PRKAA2,0.6188753144680479
PRKAB1,-0.03290482920013951
PRKAB2,0.09446562351114346
PRKACA,0.0372774266102401
PRKACB,0.3785814042741833
PRKAG1,0.1529109892093764
PRKAG2,0.09186234064992443
PRKAG2-AS1,-0.045589841475517597
PRKAR1A,0.16401542175721237
PRKAR1B,0.19546360159936993
PRKAR2A,-0.018739949698451087
PRKAR2B,0.5330320628227191
PRKCA,0.345317092198789
PRKCB,0.49420007724607157
PRKCD,0.34595537094713824
PRKCE,0.23021315469697523
PRKCH,0.4319896406551076
PRKCI,0.12585501703626803
PRKCQ,0.6372762441613894
PRKCSH,0.07241034434798292
PRKCZ,0.3181313662822836
PRKD1,0.331460444514213
PRKD2,0.2954099234274699
PRKD3,0.04948781689273912
PRKDC,0.2101685199256617
PRKG1,0.8870837150426895
PRKG2,-0.08512816953845892
PRKRA,-0.13239074556498162
PRKRIP1,0.002783700923556377
PRKX,0.30042742373237075
PRMT1,0.1229459537054251
PRMT2,0.13695068645000277
PRMT3,0.07722151788794442
PRMT5,0.13873775789546933
PRMT6,-0.05621941070634061
PRMT7,0.241015105886784
PRMT9,0.11638711007908886
PRNP,0.4646078878995634
PROCR,0.13185792613941694
PROK2,-0.03883538110771193
PROM1,
PROS1,0.4456518546852462
PROSER1,-0.03800169802184061
PROSER2,0.08016217547304941
PROSER3,-0.007591907147075265
PROX1,0.8869268340527302
PRPF18,-0.025198326985492465
PRPF19,0.19444368364055964
PRPF3,0.2885934396254525
PRPF31,-0.1391757687260725
PRPF38A,0.30796129321000254
PRPF38B,0.24228167584086752
PRPF39,-0.007532574974349142
PRPF4,0.13917790684843198
PRPF40A,0.3088197284804295
PRPF40B,0.2789381166876588
PRPF6,-0.11644305299455128
PRPF8,0.11073876556424973
PRPS1,-0.10870782459756434
PRPS2,0.06407330513813211
PRPSAP1,0.11821536008209252
PRPSAP2,0.09145496081504483
PRR11,0.04275154127056358
PRR12,0.0015567724251121131
PRR13,0.08124993798098068
PRR14,0.1390951760110654
PRR14L,0.13293697333286686
PRR15L,0.2644032895864962
PRR16,0.49091000152601433
PRR29,-0.031387131487036764
PRR3,0.015550104775752051
PRR5,0.42254261915482627
PRR5L,0.2310487265168401
PRRC1,0.28060571315907396
PRRC2A,0.06774581819151064
PRRC2B,0.3518525609204761
PRRC2C,-0.006477820006276714
PRRG1,0.2114699635144563
PRRG2,0.16395890980510494
PRRG4,0.40861423264516755
PRRT1,0.48329236786402896
PRRT2,0.1649457162923542
PRRT3,-0.07833919795056048
PRRX1,0.7473169380561656
PRRX2,0.03607776535511718
PRSS12,0.4751860642055032
PRSS16,0.23755558096993035
PRSS21,0.18760340510381926
PRSS22,0.3735196680327754
PRSS23,0.7153143738549933
PRSS8,0.1344147170263148
PRTFDC1,0.12185172554344376
PRTG,0.7559945988008415
PRTN3,0.2955103466440078
PRUNE2,0.42019390211860413
PRX,0.783251627295006
PSAP,0.6837996779013792
PSAT1,-0.04555668549536797
PSCA,
PSD3,0.3132888909919634
PSD4,0.25786500832159
PSEN1,0.2990401363583363
PSEN2,-0.04734370315131115
PSENEN,-0.1122005170063719
PSIP1,0.21559121682685123
PSKH1,-0.04146839155520487
PSMA1,0.023539366935484692
PSMA2,-0.010959134349412869
PSMA3,-0.16246182287231248
PSMA3-AS1,-0.08325072611668631
PSMA4,-0.125215141095563
PSMA5,0.2745498281772318
PSMA6,-0.044545155156527544
PSMA7,0.3849911545637979
PSMB1,0.25324637561633656
PSMB2,-0.18758765023425047
PSMB3,0.2121068866288547
PSMB4,-0.0962775979602504
PSMB5,-0.0712448211213881
PSMB6,-0.010120113604175373
PSMB7,0.04554895803611123
PSMB8,0.1662543894848277
PSMB8-AS1,-0.035814664587770044
PSMB9,0.42576811644335133
PSMC1,0.019162338517818366
PSMC2,-0.19401116647623523
PSMC3,-0.10531184641999176
PSMC3IP,-0.08918875783053073
PSMC4,-0.1428048738456795
PSMC5,-0.030609538729866412
PSMC6,0.026867729003309047
PSMD1,0.011681435721901069
PSMD10,0.12244416087608992
PSMD11,0.04968542631610584
PSMD12,-0.18048559672045858
PSMD13,-0.2800652696437284
PSMD14,0.035259837426321904
PSMD2,-0.004994555929293652
PSMD3,0.058249220154084666
PSMD4,-0.05463384430496705
PSMD5,0.3115507730252124
PSMD6,0.24823633405945986
PSMD7,-0.16837712593131063
PSMD8,-0.16145408415569854
PSMD9,-0.028437556794441418
PSME1,0.13864697281314126
PSME2,0.09346098547989465
PSME3,0.026522145352749556
PSME4,-0.14020622522993115
PSMF1,0.05019622333330101
PSMG1,-0.07208062545211524
PSMG2,-0.10585104640411619
PSMG3,0.1179772244572313
PSMG3-AS1,0.30635507263192047
PSMG4,-0.01641641551338794
PSORS1C1,0.25570018269057104
PSPC1,-0.19089927742906515
PSPH,0.06598838190338943
PSRC1,0.21871503703306922
PSTPIP1,-0.05677915209570265
PSTPIP2,0.21390152019793005
PTAFR,0.0343106379106192
PTAR1,-0.007138210551393243
PTBP1,0.12334924968716335
PTBP2,0.05975933935383189
PTBP3,0.060102316189139735
PTCD1,-0.04276925286570571
PTCD2,0.006458028176867789
PTCD3,-0.0910083776654992
PTCH1,0.45442894691430075
PTCRA,-0.05500149427852892
PTDSS1,0.21084488889583933
PTDSS2,-0.07059086673648589
PTEN,0.36858067955104873
PTER,-0.012273969878918014
PTGDS,0.6669397648411437
PTGER1,
PTGER2,0.1100224465969642
PTGER3,0.0929217947201889
PTGER4,0.5910143119692042
PTGES,-0.0005353066975505061
PTGES2,0.045864371781488916
PTGES3,-0.041576531287769974
PTGFR,0.18180159263914472
PTGFRN,-0.10146427831733691
PTGIR,0.12180674061880513
PTGIS,0.8391874640303396
PTGR1,0.40933896995568003
PTGR2,0.5150899695541648
PTGS1,0.8035193926546149
PTGS2,0.3472183611533957
PTH1R,0.7757784390435201
PTK2,0.523209907459716
PTK2B,0.29620176610688775
PTK6,-0.08232292010590027
PTK7,0.5522847424128341
PTMA,-0.09205003927182179
PTMS,0.2226532984784942
PTN,0.8529383165380493
PTOV1,0.39157552247039584
PTP4A1,0.3045078767273931
PTP4A2,0.04127125356095265
PTP4A3,0.08749904303266841
PTPDC1,0.05934793627709111
PTPMT1,-0.07574959893180147
PTPN1,0.3519430425306748
PTPN11,0.06334054739453207
PTPN12,0.24207024901913615
PTPN13,0.7517442751017894
PTPN14,0.6037182941678545
PTPN18,0.05772741726666212
PTPN2,-0.07634564386374558
PTPN21,0.5177782659939599
PTPN22,0.2733192783644449
PTPN23,0.28517845764948047
PTPN3,0.26909760127844834
PTPN4,0.4479708219317366
PTPN6,0.04832292171276015
PTPN7,0.2715048615548789
PTPN9,-0.020134845884484245
PTPRA,0.15364626195344938
PTPRB,0.9384351865560449
PTPRC,0.668159591028928
PTPRD,0.6042740019001714
PTPRE,0.19293986594096804
PTPRF,0.5196511575344738
PTPRG,0.8326560711519007
PTPRJ,0.06483498295253994
PTPRK,0.6234979302370008
PTPRM,0.7025060204104626
PTPRN2,0.5076881436145626
PTPRO,0.5561349318560677
PTPRQ,0.6643412160838454
PTPRS,0.7702772603942456
PTPRT,-0.005687048097707347
PTPRU,0.2430897364553001
PTPRZ1,0.12327951425030975
PTRH1,-0.020958135434439987
PTRH2,0.07883378105675433
PTRHD1,-0.1647760509428658
PTS,-0.022776956724752773
PTTG1,0.12808875913313228
PTTG1IP,0.08876124744662953
PTX3,0.3851130740489372
PUDP,-0.04828600206967757
PUF60,-0.03966847289709519
PUM1,0.1289400789462879
PUM2,-0.1713328798453493
PUM3,0.21533273862377103
PURA,0.15189771030934673
PURB,0.037928175092659874
PUS1,0.05965206208166367
PUS10,0.18041366756480864
PUS3,-0.08280275498869305
PUS7,0.03007202345954579
PUS7L,-0.014437275829415067
PUSL1,-0.005900078524460206
PVR,0.40689788143458416
PVT1,0.054050371606430045
PWP1,0.04057570874302234
PWP2,
PWWP2A,0.061091435007524786
PWWP2B,0.002333358669814941
PXDC1,0.07849677347623532
PXDN,0.6912691909276781
PXK,0.23032643751611775
PXMP2,-0.05128061322106016
PXMP4,-0.023091595777600414
PXN,0.3368855850885549
PXN-AS1,-0.10815895207221994
PXYLP1,0.04082455621239935
PYCARD,-0.04649082762991806
PYCR1,0.7314714748796037
PYCR2,0.14124331116854547
PYGB,0.3136963442341251
PYGL,0.6251535840067598
PYGO1,0.4878525191995525
PYGO2,0.10626119074552415
PYHIN1,0.5289219042808073
PYM1,0.033517424137124274
PYROXD1,-0.06550166752188619
PYROXD2,0.041859815238786645
PYURF,-0.09062381005003257
QDPR,-0.09003029016814369
QKI,0.3336823199618002
QPCT,-0.029685235420101947
QPRT,0.5040372380389433
QRICH1,0.13255842061206669
QRSL1,0.07917983947967447
QSER1,-0.11135834646742082
QSOX1,0.188358532448846
QSOX2,0.2554519223178183
QTRT1,-0.09009638259113686
R3HCC1,-0.03242418961972414
R3HCC1L,0.26445195395943843
R3HDM1,0.0724678352250567
R3HDM2,0.10496937879182117
R3HDM4,-0.10068857589912372
RAB10,0.045312833775107454
RAB11A,0.03322330704452166
RAB11B,0.09984890007172692
RAB11B-AS1,0.060177408580044084
RAB11FIP1,0.5339069258588973
RAB11FIP2,0.07874577609325283
RAB11FIP3,-0.025566382904533922
RAB11FIP4,0.1850485203260948
RAB11FIP5,0.3326408094699965
RAB12,0.11520783590721598
RAB13,0.09779404429360562
RAB14,-0.15374228774502988
RAB15,-0.062777676121865
RAB17,0.44896347571800227
RAB18,-0.025258110372132922
RAB1A,0.03004250159673932
RAB1B,0.11534115576996219
RAB20,0.3404138236759094
RAB21,0.07028570742785714
RAB22A,-0.005163051709751747
RAB23,0.6875503568817729
RAB25,0.2652242466254524
RAB27A,0.028759224773641442
RAB27B,0.7298626341192728
RAB28,0.17798300351894739
RAB29,0.31196134435813
RAB2A,0.12156779139621202
RAB2B,0.14550856927029993
RAB30,0.37862774237603847
RAB31,0.7253244334469009
RAB32,0.16027890872202016
RAB33A,0.0031626769230171953
RAB33B,-0.04917174024833672
RAB34,0.36100883500211445
RAB35,0.02977932154262929
RAB36,0.7053093364193683
RAB37,0.09660677776066928
RAB38,0.1876216961171884
RAB3D,0.15098326430342715
RAB3GAP1,0.03260190818988209
RAB3GAP2,0.12256208310043727
RAB3IL1,0.544115612196514
RAB3IP,0.12459379498690101
RAB40B,0.031907832613416134
RAB40C,0.2805470183325343
RAB4A,-0.012977101393309435
RAB5A,0.0715090693571632
RAB5B,0.011271738140207509
RAB5C,0.02674436614974531
RAB6A,-0.1221001243612503
RAB6B,0.042775771721680705
RAB7A,-0.06826356907206767
RAB7B,0.8900470202982517
RAB8A,-0.06639468209140081
RAB8B,0.26147475029951395
RAB9A,0.08406787751304542
RAB9B,0.2663765668702893
RABAC1,0.17515652026711725
RABEP1,0.04149258185375576
RABEP2,0.25061559867238276
RABEPK,0.15999865804442726
RABGAP1,0.23571535832755147
RABGAP1L,0.45479281612556727
RABGEF1,0.2748278188124639
RABGGTA,-0.110433899262348
RABGGTB,0.08014040718304703
RABIF,-0.09990762800593651
RABL2A,0.2874445072563472
RABL2B,0.4008641141436223
RABL3,-0.1591029834538352
RABL6,-0.0879979934927892
RAC1,0.15137463025215175
RAC2,0.0860744331423206
RACGAP1,-0.021510441894427464
RAD1,-0.11934610153000781
RAD17,-0.05859901538744898
RAD18,-0.08946675039518359
RAD21,0.08187005991335483
RAD23A,0.08433798340771322
RAD23B,0.09812585918945627
RAD50,-0.16001736693530919
RAD51AP1,-0.017581681505984666
RAD51B,0.1831399111269943
RAD51C,-0.23712030921264615
RAD51D,-0.06453941462911643
RAD52,0.07952299465459686
RAD54L2,0.2126570648487997
RAD9A,0.5965300640755138
RADIL,0.5896313394312915
RAE1,-0.017669104374286138
RAF1,0.17726307074165779
RAI1,0.05940573411564443
RAI14,0.5746460781065315
RAI2,0.6788635373683468
RALA,0.42842893107698116
RALB,0.24066685363197599
RALBP1,0.11378933615410675
RALGAPA1,0.12446117652732465
RALGAPA2,0.6121886163879422
RALGAPB,0.1800735094992661
RALGDS,0.14450245971737596
RALGPS1,-0.11044228017071236
RALGPS2,0.717348301856643
RALY,0.16591616183448651
RAMP1,0.9599795524227367
RAMP2,0.456049293584305
RAMP3,0.8870802426692759
RAN,-0.12378723514005201
RANBP1,0.12628308033753324
RANBP10,-0.13465276985631533
RANBP17,0.41836677591165955
RANBP2,0.06774237635226632
RANBP3,0.15320733037381834
RANBP6,-0.003933571160067139
RANBP9,0.029678124103305958
RANGAP1,-0.053183059636284655
RANGRF,-0.10023665272094684
RAP1A,0.12531040688941705
RAP1B,0.09628641326737468
RAP1GAP,-0.04162913768266217
RAP1GAP2,0.25357921086844853
RAP1GDS1,0.45278490360569734
RAP2A,0.0515116050769904
RAP2B,0.1959950663830429
RAP2C,-0.17327178531143475
RAPGEF1,0.37740079129725707
RAPGEF2,0.15686249957703793
RAPGEF3,0.7783993494259027
RAPGEF4,0.7659136446257107
RAPGEF5,0.7556791710049379
RAPGEF6,0.16058460156477206
RAPH1,0.29510988008528577
RARA,0.22046867688353225
RARA-AS1,-0.043107414872564455
RARB,0.34110132635775703
RARG,0.20253639763380019
RARRES1,0.285708488544419
RARRES2,0.252425665476016
RARS2,0.18683690710563672
RASA1,0.17427359514960672
RASA2,0.29115650371982366
RASA3,0.31668269219435075
RASAL2,0.7370469478402049
RASAL3,0.3048359560622101
RASD1,-0.04494876317178222
RASD2,0.8318284237030507
RASEF,0.11188642549214257
RASGEF1A,0.34012417029632963
RASGEF1B,0.03324148730558248
RASGRF1,0.24475032345247316
RASGRF2,0.48389423502519024
RASGRP1,0.6135364298283318
RASGRP2,0.38666507721873616
RASGRP3,0.4020547035361941
RASGRP4,0.40022623973234495
RASIP1,0.863646963195906
RASL11B,
RASL12,0.9137859600874406
RASSF1,0.36899583353218923
RASSF2,0.2557268539035637
RASSF3,0.2688770671409502
RASSF4,0.38890903380798264
RASSF5,0.34654816112007497
RASSF6,0.7257252694069333
RASSF7,0.23104390517519185
RASSF8,0.18693881025348721
RASSF8-AS1,0.33685456599038316
RASSF9,0.05850228440643934
RAVER2,0.39833203838216774
RB1,0.016575365073536016
RB1CC1,0.19423844145301208
RBAK,0.00986520287811633
RBBP4,0.21576653850992328
RBBP5,-0.1544968422777461
RBBP6,0.05056613271099099
RBBP7,-0.07495394182349427
RBBP8,0.2473539411554928
RBBP9,-0.010231040136751987
RBCK1,0.25271737776429126
RBFA,0.01918868828098633
RBFOX2,0.5531459414434134
RBKS,-0.018596417266704857
RBL1,0.22520552378295797
RBL2,0.3391410836567103
RBM10,0.007232095967045156
RBM12B,-0.21166009083654103
RBM14,
RBM15,-0.2324645971558801
RBM15B,-0.032326432103495666
RBM17,0.13372514730876053
RBM18,0.08797948613203102
RBM19,-0.048566308971224166
RBM22,-0.019992239434101278
RBM23,0.08842874293288133
RBM25,0.10866301492310315
RBM26,-0.09053711665543084
RBM26-AS1,0.019377556217256155
RBM27,-0.02567242939147903
RBM28,0.3450686926589263
RBM3,-0.13483284154736264
RBM33,0.13033148568587227
RBM34,-0.06220298153795739
RBM38,0.5219797325035661
RBM39,0.23941674986981634
RBM4,0.06090081325563064
RBM41,0.13445182111744594
RBM42,-0.12487053756212502
RBM43,0.11270162003545191
RBM45,0.0204438702128843
RBM47,0.5569480951865035
RBM48,-0.08058662705526384
RBM4B,0.08647074727591794
RBM5,0.06719469301429025
RBM6,0.015799761853112965
RBM7,-0.12391244781955651
RBM8A,0.07411331850422262
RBMS1,0.43062866440132525
RBMS2,0.7160461763141102
RBMS3,0.7767608978824565
RBMX,-0.09394017404614904
RBMX2,-0.15958175547633147
RBMXL1,0.13597135022538887
RBP1,0.11544810177684159
RBP4,-0.039725684247593755
RBP5,-0.07048520659884959
RBP7,0.024083810576848726
RBPJ,0.527749888271139
RBPMS,0.8311840321117657
RBPMS2,0.253555763773333
RBSN,0.06781416178101056
RBX1,0.16274888644684707
RC3H1,-0.13937258039458422
RC3H2,0.1826253285628613
RCAN1,0.3041714740371537
RCAN2,0.6514015386021353
RCAN3,0.4290225774371999
RCBTB1,-0.12379309718999743
RCBTB2,0.012174855314858273
RCC1,-0.22035163404241773
RCC2,0.29999205230797504
RCCD1,0.4643748716041925
RCE1,0.5681688262460899
RCHY1,0.04053921255946735
RCL1,0.003230787874287533
RCN1,0.0605134928287999
RCN2,0.11111541331395698
RCN3,0.207678980082958
RCOR1,0.21217143258798452
RCOR3,-0.1230726218595524
RCSD1,0.4304505323007799
RDH10,0.5079083992682414
RDH11,0.0204189077889508
RDH13,0.12576824733009537
RDH14,-0.033424761481411054
RDX,0.5635108931350048
REC8,-0.00047634530639232165
RECK,0.21286182254018454
RECQL,0.33339142985489034
RECQL5,-0.011466138128543992
REEP1,0.49727026404449326
REEP3,0.18634966448149967
REEP4,0.17939820469161397
REEP5,0.07385673152333327
REL,0.3948110827577512
RELA,0.17272994084853763
RELB,0.6048600576955682
RELL1,-0.05852690540673384
RELL2,0.04602193283968951
RELT,0.08700458096714546
RENBP,0.23536123318107385
REP15,0.13475247633157827
REPS1,-0.22254255030611036
REPS2,0.4297033487290113
RER1,-0.011402751716178161
RERE,0.08053335741094583
RERG,0.8300403946177818
RERGL,0.49080676874391926
REST,0.08488620497706081
RETN,-0.06708733141250772
RETSAT,-0.019941885987283626
REV1,-0.07992775774140393
REV3L,-0.007968805604314996
REXO1,0.3919620496142772
REXO2,-0.015778823019022562
REXO4,-0.12040768178485066
RFC1,0.39389947617514215
RFC2,-0.026127472756627215
RFC3,0.38479334776247465
RFC4,0.1590473257021824
RFC5,-0.07387928344640927
RFFL,-0.02588383727029334
RFK,0.2120265745011598
RFNG,-0.14228036742563266
RFT1,-0.15021871308412688
RFTN1,0.5397262589578007
RFTN2,0.46932775104796776
RFWD3,0.38361477275086747
RFX1,-0.06804621085903718
RFX2,0.1851401320003901
RFX3,0.29748271204671034
RFX5,0.15451737668879123
RFX7,0.18368372897952495
RFXANK,0.18333089566702504
RFXAP,-0.16677958332107215
RGCC,0.5868924411007015
RGL1,0.42081475640301785
RGL2,0.09208908013238297
RGL3,0.129480901290029
RGL4,-0.00836136102245743
RGMA,0.34028631843223317
RGMB,0.3495544436650451
RGN,0.6763723654776816
RGP1,0.06664852902683933
RGPD5,0.1297404534125253
RGS1,0.2735148503042626
RGS10,0.28751249648313354
RGS11,0.7503241090657657
RGS12,0.5474589128846216
RGS14,0.1402484972080359
RGS16,0.10987091555563325
RGS18,0.33939744748032963
RGS19,0.15885889803670686
RGS2,0.39097241021995977
RGS22,0.9081449793215608
RGS3,0.6371755103274118
RGS4,
RGS5,0.52255475099576
RGS7BP,0.3698968393854585
RGS9,0.33743623955500085
RHBDD1,-0.06331488465367463
RHBDD2,0.38166524557691894
RHBDD3,-0.1220696924064991
RHBDF1,0.35242487441326076
RHBDF2,0.24682471030411934
RHEB,0.06042357764972465
RHNO1,-0.10662321288279977
RHOA,0.1576567181347762
RHOB,0.2947167071855708
RHOBTB1,0.31666594522668506
RHOBTB2,0.3815506206320787
RHOBTB3,0.4169566223775196
RHOC,0.22437303484855936
RHOD,0.18610324940293607
RHOF,0.016402146952947505
RHOG,0.009661623681938142
RHOH,0.44076038405113704
RHOJ,0.7841850025482153
RHOQ,0.33133814409684464
RHOT1,0.2547634214009434
RHOT2,0.23956890792089394
RHOU,0.15758365310882616
RHOXF1-AS1,0.09672642649577688
RHPN1,0.003998585509943511
RHPN2,0.40716388236615936
RIBC1,
RIC1,0.37379992647124305
RIC3,0.2689225886156152
RIC8A,0.051873329095376244
RIC8B,-0.004208932873553918
RICTOR,0.4108007494167651
RIF1,0.2638049661347633
RIIAD1,
RILP,-0.01292847251500143
RILPL1,0.24804574478916808
RILPL2,0.20348498532766815
RIMKLA,0.1767481932365623
RIMKLB,0.3600680261278191
RIMS1,0.07160879741558117
RIMS3,0.5324083765697825
RIMS4,0.5254058393353499
RIN1,-0.07002650512580118
RIN2,0.7594914514853179
RIN3,0.052956790735671055
RING1,0.12433422260722998
RINL,0.13584966682783806
RINT1,0.1294489506333709
RIOK1,-0.09029087375572403
RIOK2,0.3547682469712711
RIOK3,0.13704424119851016
RIPK1,-0.06071707561413711
RIPK2,0.2714647397353606
RIPK3,0.03745159352312553
RIPK4,-0.02089611528887216
RIT1,-0.2139942123402024
RITA1,0.046269568991798085
RLF,0.26873446504457177
RLIM,-0.010228524999513745
RMDN1,-0.08224578888819295
RMDN2,0.07607065792209133
RMDN3,0.017594287432520596
RMI1,-0.21153086015594696
RMI2,-0.054604561456604396
RMND1,0.41011770838513323
RMND5A,0.26848049119071193
RMND5B,-0.15841347194544658
RNASE1,-0.10678969809889473
RNASE2,
RNASE6,-0.012248374198209075
RNASEH1,-0.04675857596589621
RNASEH2A,0.011580861407345946
RNASEH2B,0.16959834348198713
RNASEH2C,0.030551098380388175
RNASEL,0.26438978124595486
RNASET2,0.12303491295393366
RND1,-0.00967015564774319
RND3,0.023928231616863
RNF10,0.06798941544380238
RNF103,-0.06727080615813594
RNF11,0.1475937528304081
RNF111,0.06483416032882214
RNF112,0.0012338021372878289
RNF113A,-0.028911175681422964
RNF114,-0.053092538314517636
RNF115,0.029072495647466792
RNF121,0.31331610036699115
RNF122,0.07420839098422308
RNF123,-0.04749149890401146
RNF125,0.5424210687349187
RNF126,0.16140353027708707
RNF128,0.6171634724308935
RNF13,0.17550814768286752
RNF130,0.13653472825818994
RNF135,0.5662703537209468
RNF138,-0.1050178853622017
RNF139,0.01701590722991475
RNF14,-0.09415733964878556
RNF141,-0.055725295317583544
RNF144A,0.34453860762260174
RNF144B,0.4781743296693742
RNF145,0.6086397744432073
RNF146,-0.006995128787468328
RNF149,0.19680913693198707
RNF150,0.301051459043639
RNF152,0.6503937890430164
RNF166,0.2728089333824755
RNF167,-0.12458755657243806
RNF168,0.026475568879620694
RNF169,0.1294529175186817
RNF170,0.033717393252462154
RNF180,0.3682380949788486
RNF181,0.10005801667320385
RNF182,0.2704999146207442
RNF185,0.02836380702645591
RNF187,0.05131416083809998
RNF19A,0.34194055342428786
RNF19B,-0.021463760025988585
RNF2,0.1974478485412946
RNF20,0.09307743106435057
RNF207,-0.018559489537819267
RNF208,-0.09934007482937914
RNF212,0.020733524512542234
RNF213,0.1579804557104793
RNF214,0.06370184615298496
RNF216,0.15939125700480272
RNF217,0.39764039231875037
RNF220,-0.057008930289737136
RNF24,0.1249394760129969
RNF26,-0.06965091373670305
RNF34,0.3459655960403044
RNF38,-0.026439237919587823
RNF4,0.3051177381391002
RNF40,0.13667795679153205
RNF41,0.23380229327042168
RNF43,0.2731563362388252
RNF44,0.049003705688532934
RNF5,0.014953541768149357
RNF6,-0.15383939454052767
RNF7,-0.012884177075267986
RNF8,-0.03743988759784414
RNFT1,0.30128448843663497
RNGTT,0.13001656168995818
RNH1,0.13964604028478983
RNMT,0.1956911509886053
RNPC3,0.3009390526180701
RNPEP,0.23020901911768818
RNPEPL1,0.009147147470904223
RNPS1,0.10703950791994706
ROBO1,0.594245667872541
ROBO2,0.7800357243222756
ROBO3,0.21526767535745697
ROBO4,0.7418022932285917
ROCK1,0.21032888904407082
ROCK2,0.3702883721220632
ROGDI,-0.08609919445241832
ROM1,-0.04466338119207029
ROMO1,0.48415336883315424
ROPN1L,
ROR1,0.5860983092793478
ROR2,0.2332797297072023
RORA,0.7250655777682092
RORB,0.11911621251474179
ROS1,0.4155980270653359
RP1,0.7544301732682442
RP2,0.2450265542447035
RP9,-0.008942448629585698
RPA1,0.13749491785485451
RPA2,0.21511538591238952
RPA3,0.02831761579144012
RPAIN,-0.11190516930161946
RPAP1,0.2680300704276571
RPAP2,0.06258141282831388
RPAP3,0.09686649948132683
RPE,0.3715862030968733
RPF1,-0.08081483248816422
RPF2,0.006601358606799672
RPGR,0.49898196683141066
RPGRIP1L,-0.10344910737557134
RPH3A,-0.044439087055885736
RPH3AL,0.0813711243149339
RPIA,-0.022407944115110247
RPL10,-0.21956293027426152
RPL10A,0.06083887477138242
RPL11,0.391884658253251
RPL12,0.31303317488887733
RPL13,0.40929809181883964
RPL13A,0.17835549310341595
RPL14,-0.14152718703853598
RPL15,0.23201397807672763
RPL18,0.21965899596747182
RPL18A,-0.002591549577856251
RPL19,0.08272019472849496
RPL21,0.0762408936154448
RPL22,0.06838714411839796
RPL22L1,0.1149314478282715
RPL23,0.028609525491170466
RPL23A,0.06897271637951824
RPL24,-0.09400228222194462
RPL26,0.2172183335325421
RPL26L1,-0.01455975285889571
RPL27,0.07915175779720181
RPL27A,0.16528396706977144
RPL28,0.07511059825200998
RPL29,0.10764473671634439
RPL3,0.18649423583080166
RPL30,0.22184130281641856
RPL31,0.013417016126256601
RPL32,-0.02565547550556107
RPL34,0.11884011788532074
RPL35,0.28664630551768244
RPL35A,0.06731510028607061
RPL36,0.34924686509791675
RPL36A,0.2795289059990242
RPL36AL,0.17218757454007122
RPL37,0.37301372890013407
RPL37A,0.14942420342582116
RPL38,0.26112782802753093
RPL39,-0.10067035763475835
RPL39L,0.06135353889311219
RPL4,0.3604792409613908
RPL41,0.1028314506399031
RPL5,0.29435979318789246
RPL6,0.13458503864878948
RPL7,0.46732514523064156
RPL7A,0.01789518971821759
RPL7L1,-0.04416588805807326
RPL8,0.31498638756852265
RPL9,0.13672219669576183
RPLP0,-0.031135203633359358
RPLP1,0.309687676251289
RPLP2,0.3669587604466117
RPN1,0.18697411421450394
RPN2,-0.07262377289246381
RPP14,0.20977408121861052
RPP25,0.1071068547317558
RPP25L,-0.030053955058666135
RPP30,-0.0919455563767303
RPP38,0.1210742073897757
RPP40,-0.045663328531125195
RPRD1A,-0.10725012437202977
RPRD1B,0.26373876045367767
RPRD2,0.011823151731412617
RPS10,0.03958433877586231
RPS11,-0.022288399648293728
RPS12,0.11694435295582516
RPS13,0.02069039760479216
RPS14,0.25616989188920647
RPS15,0.3100510803791203
RPS15A,0.2328411747583246
RPS16,0.09481300288296492
RPS17,0.10251311722474758
RPS18,0.2935335965230779
RPS19,0.3398029170469562
RPS19BP1,0.11572486010098151
RPS2,-0.0050425725826708755
RPS20,-0.021794547501685864
RPS21,0.31323720777656183
RPS23,0.17353697577869992
RPS24,0.2503679455565121
RPS25,0.09853979485775259
RPS26,0.09107828102708453
RPS27,0.2559915070831855
RPS27A,-0.03869245613473986
RPS27L,0.17231929709924193
RPS28,0.07924892830378308
RPS29,-0.23385145287302006
RPS3,0.06535090359265346
RPS3A,-0.006668170665359175
RPS4X,0.2635027422733399
RPS4Y1,0.11713601327225527
RPS5,0.0878556067204971
RPS6,0.10515051206195702
RPS6KA1,-0.10408851893437016
RPS6KA2,0.4286270407093313
RPS6KA3,0.4381901454115075
RPS6KA4,-0.08789059503151166
RPS6KA5,0.41904755265516114
RPS6KA6,-0.013583873466111701
RPS6KB1,0.07029487673076512
RPS6KB2,0.18695899343631056
RPS6KC1,0.08717647834693626
RPS7,0.11481054852136613
RPS8,0.18382696575043675
RPS9,0.19703972152009497
RPSA,0.05033232906955219
RPTOR,0.40439288165049153
RPUSD1,-0.12314083984772539
RPUSD2,0.014792056786521372
RPUSD3,0.0883782197865367
RPUSD4,-0.006067918615064034
RRAD,0.5745421292788916
RRAGA,0.056537077569423735
RRAGB,0.21684813873335748
RRAGC,0.0764233482865496
RRAGD,0.13389876261800196
RRAS,0.6731678645438792
RRAS2,-0.01324486627581789
RRBP1,0.2940745528425278
RREB1,0.07572135128145328
RRM1,0.05999915026634907
RRM2,
RRM2B,0.007021860400623136
RRN3,-0.1471067947236145
RRP1,0.0624928152944225
RRP12,-0.1672522225017966
RRP15,0.06251994421207337
RRP1B,0.38521074208697925
RRP36,0.018686669467678767
RRP7A,-0.07682678852813384
RRP8,0.061471036605318496
RRP9,-0.05820373580660292
RRS1,0.18350053652094753
RS1,-0.08796377316409563
RSAD1,0.018407366361257078
RSAD2,0.19634717704762478
RSBN1,-0.03331972760899016
RSBN1L,-0.16166481668638263
RSF1,0.31217410191611417
RSL1D1,-0.05096825845810372
RSL24D1,0.17095471759513373
RSPH1,-0.0452501609047999
RSPH10B2,
RSPH14,
RSPH3,0.0227521121576916
RSPH4A,
RSPH9,-0.017903752178888944
RSPO2,0.4400231342243939
RSPO3,0.8755433349721841
RSPO4,0.7842288260053362
RSPRY1,0.08012573421881648
RSRC1,-0.0687946735349892
RSRC2,0.10868010679134749
RSRP1,0.22806656981155998
RSU1,-0.12157153147748626
RTCA,0.14390793541718952
RTCB,-0.06398332341518519
RTF1,0.16461543737171813
RTKN,0.1040572245123375
RTKN2,0.4280183595853938
RTN1,0.45821304699267207
RTN2,-0.09856123417557994
RTN3,0.15411846220651956
RTN4,0.506392603495271
RTN4IP1,-0.05562104470400265
RTN4R,0.09505959531353458
RTN4RL1,-0.0714171732491678
RTN4RL2,0.40404671763245337
RTP4,0.24185765797135364
RUBCN,0.4334267534252012
RUFY1,-0.014269512304726648
RUFY2,0.005553381143163311
RUFY3,0.315765001444432
RUFY4,0.1763438780839962
RUNDC1,-0.029010514382195984
RUNDC3B,0.04850247868341522
RUNX1,0.36434520259900954
RUNX1T1,0.8804259110078436
RUNX2,0.44250792221497576
RUNX3,0.8521485713891845
RUSC1,0.4863505218165709
RUSC2,0.4110935700788499
RUVBL1,-0.04570672428647345
RUVBL2,0.6137075720672786
RWDD1,0.18520352461286954
RWDD2B,0.27202923610036517
RWDD4,-0.007496679340878104
RXRA,0.14572777941386253
RXRB,-0.046731659647421
RYBP,0.03647765563720332
RYK,0.35486011315336397
RYR2,0.7776654870454811
S100A10,0.052142361765884125
S100A11,0.1938951398892569
S100A12,
S100A13,0.12757718947927515
S100A14,0.1093717852820985
S100A16,0.159109152144136
S100A2,0.9597940608985683
S100A4,0.24071819717282777
S100A6,0.17947142984503198
S100A8,0.24962122063121925
S100A9,0.20427821276915728
S100B,0.5364395187160338
S100P,
S100PBP,0.02217544158896185
S1PR1,0.6966655545541645
S1PR2,
S1PR3,0.2554180794721609
S1PR4,-0.09107805865402599
SAA1,-0.01943933564042946
SAA2,
SAAL1,-0.015078641048800584
SAC3D1,-0.04879322082065747
SACM1L,-0.041532154980427005
SACS,0.16613200798486927
SAE1,0.2080538702217741
SAFB,0.2265253369139243
SAFB2,-0.013389282908625856
SALL2,0.07593022106186642
SAMD1,-0.10559798069069941
SAMD10,0.13412495886228068
SAMD11,0.6623300498609583
SAMD12,0.3582927246836137
SAMD14,0.12378951340588877
SAMD4A,0.1379315035052237
SAMD4B,-0.012950475696308446
SAMD5,0.24809417133261927
SAMD8,-0.05911959001660751
SAMD9,0.4996718461303467
SAMD9L,0.2991416242775001
SAMHD1,0.4428935963885362
SAMM50,0.015382991464194636
SAMSN1,0.4216098635370661
SAP130,0.012821544127789854
SAP18,0.1878203626541649
SAP30,-0.09049683221893026
SAP30BP,-0.03794860053633794
SAP30L,0.067300364408958
SAPCD2,-0.03739610513296742
SAR1A,4.6735075199796916e-05
SAR1B,0.3618246582932266
SARAF,0.49896809412009074
SARM1,0.17277927260770495
SARNP,-0.022481214171208387
SARS2,0.16681236883430917
SART1,-0.0007611661390017951
SART3,0.10157204830568595
SASH1,0.7786434748447245
SASH3,0.11047761642824833
SASS6,0.03496690340509907
SAT1,0.5688324131237605
SAT2,-0.04624463600632419
SATB1,-0.03161006739817593
SATB2,0.3546779838223818
SAV1,0.019538039156167707
SAXO2,-0.039677098505909586
SAYSD1,-0.17562290500529787
SBDS,0.35836047381773256
SBF1,0.2939075198990594
SBF2,0.30685086227018044
SBF2-AS1,0.40620916377395105
SBK1,0.15732567006615822
SBNO1,0.20546553642359275
SBNO2,0.16415722872919775
SBSPON,0.21210700649703118
SC5D,-0.1854537212588706
SCAF1,0.17667709150843522
SCAF11,-0.030755324942631126
SCAF4,0.038789050224331094
SCAF8,-0.02170268980227372
SCAI,0.10291618723148198
SCAMP1,-0.052958360191195084
SCAMP1-AS1,0.16358111199206343
SCAMP2,0.36000351993326263
SCAMP3,0.14282400546296908
SCAMP4,0.08005270948413129
SCAMP5,-0.04874698822593165
SCAND1,-0.012087697147368548
SCAP,0.028798516254144608
SCAPER,0.22552473827778713
SCARA3,0.6771243096727764
SCARA5,0.565089980792705
SCARB1,0.17761669956251444
SCARB2,0.3154472762332629
SCARF1,0.33647383313480916
SCARF2,0.7148724669453266
SCCPDH,0.3263048313879783
SCD,-0.05150633168756501
SCD5,0.08665809277006674
SCEL,0.725485146343515
SCFD1,-0.25310467146559085
SCFD2,-0.05987849382570124
SCG2,-0.026451920496728405
SCGB1A1,-0.029894328730747655
SCGB3A1,0.7772429775588495
SCGB3A2,0.2574969537227976
SCHIP1,-0.06096663397128507
SCIMP,0.5328859210776717
SCIN,0.6316798177702639
SCLT1,0.22166065580123023
SCLY,0.7941760727947148
SCMH1,0.13419389764449574
SCML1,0.14585967246288256
SCML4,0.49840516452876144
SCN1A,-0.1332774766965636
SCN1B,0.2859787566677317
SCN3B,0.9445956948097721
SCN4B,0.6039555648061611
SCN7A,0.7385206929148797
SCN9A,0.6419458597414537
SCNM1,-0.06747531490189453
SCNN1A,0.622391885994501
SCNN1B,-0.06319949301710441
SCNN1G,0.052963205642179115
SCO1,-0.16441367812150545
SCOC,-0.13210542319741972
SCP2,0.1305770933756407
SCPEP1,0.14181632953035675
SCRIB,-0.12746830624815453
SCRN1,0.39964789529982275
SCRN2,0.09616623757238296
SCRN3,-0.05468124371671152
SCTR,0.6837225812022617
SCUBE1,0.4706176722200926
SCUBE2,-0.07527016811167593
SCUBE3,0.0623983986296033
SCX,-0.04230685312205247
SCYL1,0.07545538303588908
SCYL2,-0.01580658291198195
SCYL3,-0.045801560284667045
SDAD1,-0.08287577179771664
SDC1,-0.0819791991169033
SDC2,0.07753059098605657
SDC3,0.3192062095761475
SDC4,0.49142916098117073
SDCBP,0.43984207407499587
SDCBP2,0.1130473972524107
SDCCAG8,0.2000000010248242
SDE2,0.3658585092831034
SDF2,0.21518318776280948
SDF2L1,0.616466318407467
SDF4,0.18529009057053536
SDHA,0.21882027516633207
SDHAF1,0.09043179301582462
SDHAF3,0.20018584061619374
SDHAF4,-0.038174245971646176
SDHB,0.017182168406628652
SDHC,0.07724131311475445
SDHD,-0.028529515037466043
SDK1,0.16369378882788868
SDK2,0.5002752340217087
SDR16C5,0.19700408152297594
SDR39U1,0.03717359774388147
SDS,-0.07863373096647186
SDSL,-0.11959418358613907
SEC11A,0.23744636181339152
SEC11C,0.043043909448623296
SEC13,0.08386991580162727
SEC14L1,0.5741451942191622
SEC14L2,-0.053120532805083
SEC14L4,0.47468573759310934
SEC14L6,0.11903654306006721
SEC16A,0.22215003849965753
SEC22A,-0.06247986867503929
SEC22B,0.01134450136271871
SEC22C,0.25396718786994255
SEC23A,0.04313966839839046
SEC23B,-0.03742140152592292
SEC23IP,0.061095414110450504
SEC24A,0.3008258471197594
SEC24B,-0.1432034588361534
SEC24C,0.06905524931995687
SEC24D,-0.10876573006428064
SEC31A,0.3262117166148855
SEC31B,0.3903723102917682
SEC61A1,0.0026789780239882006
SEC61A2,0.28560655984397554
SEC61B,0.19785311858672808
SEC61G,0.1448269693328721
SEC62,0.331211292407607
SEC63,-0.05654613911216255
SECISBP2,0.09057171926610344
SECISBP2L,0.5110001505652277
SECTM1,0.23297462885839046
SEH1L,0.05343867801821257
SEL1L,-0.03326797615600343
SEL1L3,0.4843559804035095
SELE,
SELENBP1,0.18940616622761483
SELL,0.5286186288561131
SELP,0.7666019699998446
SELPLG,0.3124679816647794
SEMA3A,0.4758751465137625
SEMA3B,0.34256927358971584
SEMA3C,0.5947766024568021
SEMA3D,0.7690294379754068
SEMA3E,0.6270456996518962
SEMA3F,0.39443529487270124
SEMA3G,0.7519575800775232
SEMA4A,-0.11731643364033627
SEMA4B,0.31155481396194096
SEMA4C,0.21966039576091476
SEMA4D,0.17602147571972498
SEMA4F,0.09008167687735415
SEMA5A,0.3843818591368389
SEMA6A,0.7246891069831897
SEMA6B,0.14433320774165398
SEMA6C,0.1922199064387114
SEMA6D,0.4133430308932515
SEMA7A,0.6552388261131683
SENCR,0.050984686334470085
SENP1,0.03592502782910946
SENP2,-0.10585345181965834
SENP3,-0.060953713391414165
SENP5,-0.06056525892523193
SENP6,0.09883179490405058
SENP7,0.16209566726890476
SEPHS1,0.06521952790231532
SEPSECS,0.020072087691787893
SEPSECS-AS1,-0.0021727512705814753
SERAC1,-0.015119574713450167
SERBP1,0.1421286915224481
SERF2,0.3449516381285976
SERGEF,-0.014597285041509072
SERINC1,0.028995364813646778
SERINC2,0.08904434800374696
SERINC3,0.2840805682880177
SERINC5,0.17373727371438322
SERP1,0.13537665145696012
SERP2,0.6145775285300178
SERPINA1,0.023793949768259555
SERPINA3,
SERPINB1,0.3864582864887943
SERPINB2,-0.062119781108672036
SERPINB3,
SERPINB6,0.4291815340375005
SERPINB8,-0.003742620731079638
SERPINB9,0.36835555227502215
SERPIND1,-0.03715856957684672
SERPINE1,0.27093204837672585
SERPINE2,0.5739822348707231
SERPINF1,0.1535660320253671
SERPINF2,0.3124756267364934
SERPING1,0.5095653344638716
SERPINH1,0.056562814961359134
SERPINI1,0.20720538570193736
SERTAD1,0.45835187950404815
SERTAD2,-0.38697357659591763
SERTAD3,0.09118900173326423
SERTAD4,0.0773846771750989
SERTM1,0.9674758502962035
SESN1,0.01700354338009502
SESN2,-0.06852726563168057
SESN3,0.3071519395379057
SESTD1,0.3338608520481072
SET,-0.03708509919837634
SETBP1,0.5823394101960985
SETD1A,-0.12659605854254677
SETD1B,0.13865643211327291
SETD2,0.2860146979307401
SETD3,0.30001788755854786
SETD4,0.1854608936735814
SETD5,-0.015261592723080395
SETD6,-0.06374284144740357
SETD7,0.12238462717024567
SETDB1,-0.19935981272773323
SETDB2,0.17498849906587907
SETMAR,-0.11963054608207033
SETX,-0.023105494043491933
SEZ6L2,-0.016960057749558322
SF1,-0.23600168886046904
SF3A1,-0.0031652962961994085
SF3A2,-0.011920904926895673
SF3A3,-0.026531013953509833
SF3B1,0.2919414695973494
SF3B2,0.25221148016087086
SF3B3,0.0030984812155146983
SF3B4,0.0319757001098442
SF3B5,0.16847600927255674
SF3B6,-0.07232556132903133
SFI1,0.04888817382756337
SFMBT1,0.36008344054074154
SFMBT2,0.45556605695438646
SFN,-0.0603549179256673
SFPQ,0.1648520068402885
SFR1,-0.11748298957525248
SFRP1,0.7169329983194771
SFRP2,0.6033118066814926
SFRP4,0.29251660960804426
SFRP5,0.11579865000539594
SFSWAP,0.04846301589716846
SFT2D1,0.08909089465329141
SFT2D2,0.03506782290486381
SFT2D3,0.16849327996933774
SFTA1P,0.4711489895010614
SFTA2,-0.16321919624997674
SFTA3,0.07517909152497056
SFTPA1,0.41980250757140886
SFTPA2,0.45533548910218136
SFTPB,0.8178889928215914
SFTPC,0.4819504499959231
SFTPD,-0.0952644218411468
SFXN1,0.21619728159737503
SFXN2,0.18809485417421934
SFXN3,0.022189984860348726
SFXN4,0.09270314181010877
SFXN5,-0.030739054031538652
SGCA,0.4012547658297062
SGCB,-0.007992731813820425
SGCD,0.5623491628139863
SGCE,0.423270004613543
SGF29,-0.011909763850595848
SGIP1,0.7271919988143293
SGK1,0.5463579130167936
SGK3,0.17101361864672368
SGMS1,0.11944738733839716
SGMS1-AS1,-0.06235435423195166
SGMS2,0.30924254419019154
SGPL1,0.010346562341265826
SGPP1,0.0998248448152099
SGPP2,0.15221915434601188
SGSH,-0.0997834108867153
SGSM1,0.43942481556822144
SGSM2,-0.1459566839336915
SGSM3,0.0218313203180964
SGTA,-0.11644335615731595
SGTB,0.005047527086404395
SH2B1,-0.036292234581116606
SH2B2,0.5066494867288406
SH2B3,0.5633598596430283
SH2D1A,0.102550979565302
SH2D2A,0.5893329411065683
SH2D3A,0.3510684747084834
SH2D3C,0.5081370555273819
SH2D4A,0.623394055257058
SH3BGR,0.14322063914005584
SH3BGRL,0.32754718386033177
SH3BGRL2,0.29764155788143665
SH3BGRL3,0.3520555035100577
SH3BP1,0.03650751461477972
SH3BP2,0.42256563263743524
SH3BP4,0.1659261301727018
SH3BP5,0.43180904261606934
SH3BP5-AS1,0.09231804068187177
SH3BP5L,-0.033273485697779055
SH3D19,0.6949806461875874
SH3GL1,-0.06587432574388152
SH3GL3,-0.041620203964108926
SH3GLB1,-0.02905406338942496
SH3GLB2,0.21507399283362982
SH3KBP1,0.29401941174699997
SH3PXD2A,0.22294879736395806
SH3PXD2B,0.3820178994697869
SH3RF1,0.29968648554684896
SH3RF2,0.176592407479727
SH3RF3,0.25956206652714325
SH3TC1,-0.16925474688560335
SH3YL1,0.14077861051630125
SHANK2,0.5788017667721895
SHANK3,0.9107022217282328
SHARPIN,0.1552232817839846
SHB,0.07318960570845244
SHC1,0.21944347566369996
SHC2,0.7087263483282861
SHC3,0.425446304315889
SHCBP1,-0.08671515517531708
SHE,0.8725668644208733
SHH,0.07920498345402048
SHISA2,0.03792344605646368
SHISA3,0.13168484335256234
SHISA4,0.10816658556608293
SHISA5,0.3914579488337819
SHKBP1,0.5302740612035953
SHMT1,0.23641614357882618
SHMT2,-0.0514932433569203
SHOC2,-0.025052510920390004
SHPK,-0.02470655295202756
SHPRH,0.147285697964041
SHQ1,0.010565479740365733
SHROOM1,0.43565707182598745
SHROOM2,0.5193184938349378
SHROOM3,0.5670649206406162
SHROOM4,0.698264155088923
SHTN1,0.39149908607934997
SIAE,0.04170237511895911
SIAH1,0.00257599105835225
SIAH2,-0.01212931375605033
SIDT1,0.5377319180892532
SIDT2,0.03820481684879187
SIGIRR,0.3110110151796523
SIGLEC1,0.5268021014139385
SIGLEC10,0.018070857468840636
SIGLEC12,0.0592611962514388
SIGLEC5,
SIGLEC7,0.18213450153321975
SIGLEC8,0.2738247268577954
SIGLEC9,-0.08217023546568496
SIGMAR1,0.032828476792913994
SIK2,-0.2107169713205178
SIK3,-0.09114668675155134
SIKE1,0.1247707979985355
SIL1,-0.046453922055572715
SIMC1,-0.35508271879447995
SIN3A,0.27050453831672205
SIN3B,0.12674549308754213
SIPA1,0.18629855904783757
SIPA1L1,-0.041265905395022034
SIPA1L2,0.4379756882843516
SIPA1L3,0.22696115498666192
SIRPA,0.17640480428955485
SIRPB1,
SIRT1,-0.28945897463424747
SIRT2,0.24901232677329402
SIRT3,-0.008405720532319045
SIRT5,0.17180803744715828
SIRT6,-0.05043470554628128
SIRT7,0.08219843220293903
SIVA1,-0.08402929220514226
SIX1,0.018324045571690373
SIX4,-0.0439515535886647
SIX5,0.015652544191383996
SKA1,0.38999153115642243
SKA2,0.23069817121128341
SKAP1,0.6044755751149553
SKAP2,0.2520540096220904
SKI,0.2101836077173998
SKIDA1,-0.04771534573132533
SKIL,0.20360089345675295
SKP1,0.2756051591638391
SKP2,-0.10624506998655274
SLA,0.24852840975053553
SLA2,0.3613161259833783
SLAIN1,0.371759871310588
SLAIN2,-0.014404608909891705
SLAMF6,0.4055296312285997
SLAMF7,0.5797174718069682
SLAMF8,0.5039477216601905
SLBP,0.2649546041584542
SLC10A3,0.3476485944187708
SLC10A7,-0.008386780181174587
SLC11A1,0.6417571511664582
SLC11A2,0.189713007814825
SLC12A2,0.29006740658059443
SLC12A4,0.1487540662726563
SLC12A5,0.514619388747082
SLC12A6,0.1881152926835859
SLC12A7,0.10325019100825152
SLC12A8,-0.02894301120426909
SLC12A9,0.22030010933949853
SLC14A1,0.609686886713035
SLC15A2,0.587186883516367
SLC15A3,0.31531377245346826
SLC15A4,0.06383959986959731
SLC16A1,0.1213053970233605
SLC16A1-AS1,0.1941307459261825
SLC16A10,0.3076383208925731
SLC16A12,0.4251454334972865
SLC16A14,0.15352223336882342
SLC16A2,0.3239215680221279
SLC16A3,-0.0637602938561653
SLC16A4,0.035974216262553656
SLC16A5,0.19486376936547437
SLC16A6,0.36253765514901237
SLC16A7,0.4648919210093475
SLC16A9,0.3322848347182294
SLC17A5,0.010806264999739313
SLC17A9,0.43055103064347927
SLC18A2,0.63134511507294
SLC18B1,0.07959808245304827
SLC19A1,0.04510235134841349
SLC19A2,0.1482470574651124
SLC19A3,0.5998145997638394
SLC1A1,0.16021166892453143
SLC1A3,0.5774051268632427
SLC1A4,0.002577129190827311
SLC1A5,0.18361944842490724
SLC20A1,0.2485825610600357
SLC20A2,-0.02004446703253314
SLC22A15,0.37936302185855286
SLC22A17,0.2573775866270982
SLC22A18,-0.16308882032969155
SLC22A23,-0.01186765820301206
SLC22A3,0.394183246028311
SLC22A31,0.38076106040595825
SLC22A5,-5.027279547896305e-05
SLC23A2,0.0734009845139111
SLC24A1,0.19857234951873715
SLC24A3,0.4148915875398182
SLC24A4,0.04915931042713286
SLC25A1,0.17974472498495653
SLC25A11,-0.034698884977013615
SLC25A12,0.16648272702434727
SLC25A13,0.09554966513530262
SLC25A14,0.21404581475154053
SLC25A16,0.13161642334918958
SLC25A17,-0.03864635584544711
SLC25A19,0.11986924801460934
SLC25A20,0.09503344996310376
SLC25A21-AS1,0.12292116701027123
SLC25A22,-0.0629620623290605
SLC25A23,0.2661629733691205
SLC25A24,-0.146231777825156
SLC25A25,0.17796192406899344
SLC25A25-AS1,-0.021029911666172303
SLC25A26,0.09987131971111282
SLC25A27,0.25471100871389496
SLC25A28,-0.0018448087176265704
SLC25A29,0.21080581168642584
SLC25A3,-0.004146827358989743
SLC25A30,-0.15122964464457414
SLC25A32,0.241433934233425
SLC25A33,-0.04906935196013045
SLC25A34,0.014006714288980428
SLC25A35,-0.05959774058036441
SLC25A36,0.49540988589083956
SLC25A37,0.34650393557068343
SLC25A38,0.22151167222366586
SLC25A39,-0.0791735352775693
SLC25A4,0.1651895178442131
SLC25A40,0.1815616758786599
SLC25A42,0.3840245334006169
SLC25A43,0.012710239131983396
SLC25A44,-0.2086440971460571
SLC25A45,0.08802418404280832
SLC25A46,-0.035868719368143294
SLC25A5,-0.1255978092135592
SLC25A51,-0.08486819907242062
SLC25A53,0.09994386259390892
SLC25A6,-0.057639209288079314
SLC26A11,0.08997564338002559
SLC26A2,0.2691900626598054
SLC26A6,0.09088821351107815
SLC26A9,-0.032783277235643525
SLC27A1,0.06891904133240692
SLC27A2,-0.02194300306671317
SLC27A3,-0.16674319566850615
SLC27A4,-0.03172040656761499
SLC27A5,0.17483165241707546
SLC29A1,0.03096632564356484
SLC29A2,-0.051033475440737566
SLC29A3,0.14786350827132275
SLC2A1,0.004181183245520648
SLC2A10,0.06726958312381397
SLC2A11,-0.06690027269641169
SLC2A12,0.3540212685961089
SLC2A13,-0.10268162333371682
SLC2A3,-0.023829848416014154
SLC2A4,0.9692449768111471
SLC2A4RG,0.15466711532675517
SLC2A6,0.07676674218943405
SLC2A8,0.041705894748799294
SLC30A1,0.27234060610837996
SLC30A4,-0.14315621646637725
SLC30A5,0.2884964439200448
SLC30A6,-0.09471319644034483
SLC30A7,0.17405061496788582
SLC30A9,0.007156870262533973
SLC31A1,0.317822162887106
SLC31A2,0.46701445345422354
SLC33A1,-0.10251593398243615
SLC34A2,0.5421572298027195
SLC35A1,-0.04268074037891995
SLC35A2,0.2783523252171424
SLC35A3,-0.11751284977886024
SLC35A4,-0.07835046808896688
SLC35A5,-0.10393591634682516
SLC35B1,-0.08351112815988398
SLC35B2,-0.05975459899605024
SLC35B3,0.004477718843585522
SLC35B4,-0.09893310342312207
SLC35C1,-0.15299266076773943
SLC35C2,-0.051720926952829094
SLC35D1,-0.17013793365131136
SLC35D2,-0.06637419430637682
SLC35E1,0.14138947066818533
SLC35E2B,-0.1952266632630853
SLC35E3,0.11154276385143228
SLC35E4,-0.14762193724565495
SLC35F2,0.21192599339964133
SLC35F5,0.1031379082885101
SLC35F6,
SLC35G1,0.07842048807506688
SLC35G2,0.39062863287294053
SLC36A1,-0.07443699893066263
SLC36A4,0.010874826134661137
SLC37A1,0.32409208664325073
SLC37A2,0.03177908298173155
SLC37A3,0.1462601572189332
SLC37A4,0.10267394757906692
SLC38A1,0.5460986820415955
SLC38A10,0.0011376252685658243
SLC38A2,0.4381309313678117
SLC38A5,0.019597559346217586
SLC38A6,0.04221035295845797
SLC38A7,0.17716515108904815
SLC38A9,-0.3190753125158287
SLC39A1,-0.13894976319701757
SLC39A10,0.18341360216293878
SLC39A11,-0.10753357563263151
SLC39A13,-0.07595635093192538
SLC39A14,0.1693506325621471
SLC39A4,0.05556215370178848
SLC39A6,0.28316670744916295
SLC39A7,0.06256339024020408
SLC39A8,0.6443505473855757
SLC39A9,0.06953520615947659
SLC3A2,-0.021822726819525365
SLC40A1,0.2553648089827815
SLC41A1,0.2735809265612776
SLC41A2,0.35507352682205096
SLC41A3,0.11644891133459673
SLC43A1,-0.051410714333621745
SLC43A2,0.5155778879067093
SLC43A3,0.10283734105567081
SLC44A1,0.5127385468585662
SLC44A2,0.24422900086401111
SLC44A3,0.07276277923709137
SLC44A4,0.8978919067977582
SLC45A3,0.29788078334517354
SLC45A4,0.09856311832468055
SLC46A1,0.0317330921749999
SLC46A2,0.5462048705577975
SLC46A3,-0.009402107954249238
SLC47A1,-0.04886358906418493
SLC48A1,0.3813463479074965
SLC4A1,
SLC4A1AP,-0.03451415272062882
SLC4A2,-0.08266610840290943
SLC4A4,0.18315310149051328
SLC4A7,0.43545865101437087
SLC4A8,0.20599943329761689
SLC50A1,-0.14018032093681246
SLC52A2,-0.04400398643705538
SLC5A1,0.13559873500366657
SLC5A3,0.31165336269066085
SLC5A6,-0.07740455925129962
SLC5A8,0.7408771365899834
SLC5A9,-0.025775201840376336
SLC6A14,-0.05824282874206293
SLC6A20,-0.049459259914313006
SLC6A4,0.6815356767845155
SLC6A6,0.28734986655299183
SLC6A9,0.2465787507560077
SLC7A1,0.11541210775230623
SLC7A11,0.057164996428855294
SLC7A2,0.22512207660165298
SLC7A5,0.1330454105203962
SLC7A6,0.2715079386306769
SLC7A6OS,0.08925486366809142
SLC7A7,0.3785029091196825
SLC7A8,0.4864282320944972
SLC8A1,0.28788365144019146
SLC8A3,-0.023385174730423144
SLC8B1,0.19622512101810088
SLC9A1,0.0036159693953203833
SLC9A6,-0.003414108157485364
SLC9A7,0.4831286088184773
SLC9A8,0.06189894037233469
SLC9A9,0.38282368905063424
SLC9B2,0.10218639893371016
SLCO1A2,0.47093855553515035
SLCO2A1,0.9460748572799738
SLCO2B1,0.6940305113128166
SLCO3A1,0.29707713404255637
SLCO4A1,0.5724235620870572
SLCO4C1,0.21780191454105807
SLF1,0.1498277455513202
SLF2,0.22653827724540326
SLFN11,0.11374400192621549
SLFN12,0.12517330954155118
SLFN12L,0.718438038614807
SLFN13,0.4944183098464258
SLFN5,0.6405348552603848
SLIRP,-0.04887467871625674
SLIT2,0.8169951995979721
SLIT3,0.794962829367883
SLITRK2,0.5261122997895199
SLITRK4,-0.009020477042228414
SLITRK5,-0.019747565889866408
SLITRK6,0.47778367529222127
SLK,0.2684227796150705
SLMAP,0.10256579297085988
SLPI,0.1442327758090582
SLTM,-0.11361400892915331
SLU7,0.13873033902935786
SLX4,0.5387658698489485
SLX4IP,-0.04838725959641657
SMAD1,-0.060329701967375235
SMAD2,0.2585262952221988
SMAD3,0.3868156187746997
SMAD4,0.034855220294301006
SMAD5,0.35197621917526206
SMAD6,0.8638590402270598
SMAD7,0.41414319969071706
SMAD9,0.6153502958111868
SMAGP,0.33367454987466144
SMAP1,-0.042820507478953655
SMAP2,0.17241983561636823
SMARCA1,0.522235415628764
SMARCA2,0.49936360598558005
SMARCA4,-0.02957583966958042
SMARCA5,0.16230860893427068
SMARCAD1,-0.05827553012980485
SMARCAL1,-0.05845561665695196
SMARCB1,-0.007458466718266482
SMARCC1,0.21204815778984834
SMARCC2,0.30069243026473996
SMARCD1,0.08189540852203084
SMARCD2,0.16706066599034627
SMARCD3,0.1766118893662213
SMARCE1,0.0318494935015062
SMC1A,0.39922912705384767
SMC2,0.467090418220163
SMC3,0.49517814432764773
SMC4,0.3511893306987251
SMC5,0.14784387914542332
SMC6,0.21983012168760913
SMCHD1,0.23904627196094522
SMCO3,0.010150549175522007
SMCO4,0.11319373358226109
SMCR8,6.988030210315605e-05
SMDT1,-0.027191816194485498
SMG1,0.08514614829601615
SMG5,-0.1026233033156851
SMG6,0.08923527685764394
SMG7,0.26548825481643096
SMG9,0.2261742461772971
SMIM1,0.0034045011319262467
SMIM10,0.37015283587844483
SMIM10L1,0.25051907620295544
SMIM10L2A,-0.09203379588997611
SMIM10L2B,0.032851339115757404
SMIM12,0.09108930427506369
SMIM13,-0.12632792540954405
SMIM14,0.04749547407486388
SMIM15,-0.11320723823193743
SMIM19,0.002293895180065437
SMIM20,-0.14921033988926163
SMIM22,-0.013263661048612752
SMIM3,0.04082649832114726
SMIM6,0.04673343537049309
SMIM7,-0.05991705679668996
SMIM8,0.2360175391456903
SMNDC1,0.2340444049134754
SMO,-0.07663361933858416
SMOC2,0.7034880565869792
SMOX,-0.04163097849737268
SMPD1,-0.20485749439356027
SMPD2,0.007663050705848849
SMPD3,0.32758533826902464
SMPD4,0.11507835552582839
SMPDL3A,0.15291943484154952
SMPDL3B,-0.0439575376315881
SMS,0.1776104026994205
SMTN,0.594188363039848
SMTNL2,-0.002304374656564574
SMU1,-0.11439163843973518
SMUG1,-0.08463849195089969
SMURF1,0.1924462114605044
SMURF2,0.5300382873657585
SMYD2,0.5079207501688296
SMYD3,0.2768087349291333
SMYD4,0.14472267088490348
SMYD5,-0.09387753876552066
SNAI1,0.22477636076879712
SNAI2,0.4442536646037216
SNAI3,0.17264848197410673
SNAP23,0.18328089437025216
SNAP25,0.05255304513474245
SNAP29,-0.04345882564746094
SNAP47,0.1885175786203649
SNAPC1,0.061477459610782575
SNAPC2,-0.03726863515778395
SNAPC3,-0.020092834317766286
SNAPC4,0.15143578014762
SNAPC5,-0.01106652334626918
SNAPIN,-0.06306779245479943
SNCA,0.1329067323461463
SNCAIP,0.13000674356052463
SNCG,0.22895740528146347
SND1,0.08158530170124632
SNED1,0.3530494388307412
SNF8,-0.0522293195419404
SNHG12,0.15944347068054818
SNHG15,0.08921064464099213
SNHG18,0.4052596520370118
SNHG19,-0.04058070696016924
SNHG25,0.1755871097450035
SNHG7,0.37514027774145664
SNHG8,-0.07498047495253289
SNHG9,-0.07314267960321855
SNIP1,0.16966246548023692
SNN,-0.04488276962123906
SNPH,0.09510120739018832
SNRK,0.5596679626459994
SNRNP200,0.25143765996712875
SNRNP25,-0.03373620677899943
SNRNP27,0.12215887734433609
SNRNP35,0.34673837799912544
SNRNP40,0.27718536563190027
SNRNP48,0.04056148043176921
SNRNP70,0.07876211497517722
SNRPA,0.43311036726955743
SNRPA1,0.008687522677033531
SNRPB,-0.2027739893775292
SNRPB2,0.1162113596865755
SNRPC,0.27823958870699433
SNRPD1,-0.0023187745210177958
SNRPD2,0.2878536258705446
SNRPD3,0.031997218914030644
SNRPE,0.01469126215322688
SNRPF,0.2747285952841446
SNRPG,-0.1343878175891061
SNRPN,0.41280463216576696
SNTA1,-0.0049033460728458225
SNTB1,0.2515455996421167
SNTB2,0.3318381853615321
SNTN,-0.04130431011367291
SNU13,0.11480451233713049
SNUPN,0.18128279515762244
SNW1,-0.007104780885217017
SNX1,0.022580697448694214
SNX10,0.24839471450663203
SNX11,-0.002944922948096241
SNX12,-0.027296609075955786
SNX13,0.16791702500890768
SNX14,0.19669975831149727
SNX16,-0.07759794667809193
SNX17,-0.16221051429988553
SNX18,-0.07271900108176897
SNX19,0.00877180041021466
SNX2,-0.004405586797335409
SNX20,0.08501515164453703
SNX21,0.19796965798127802
SNX22,0.023168790440448415
SNX24,0.2933941631540057
SNX25,0.34981028042845586
SNX27,0.2283590041010842
SNX29,-0.05935578955534706
SNX3,-0.04174641963493211
SNX30,0.3526446810691998
SNX33,0.10147212191083131
SNX4,0.009598341040508392
SNX5,0.21104646796536608
SNX6,0.08408333002563839
SNX7,0.003933231064812292
SNX8,0.01504865776744803
SNX9,0.3234145354011734
SOAT1,0.2698030625288675
SOBP,0.37571940905914814
SOCS1,-0.011637255966568935
SOCS2,0.18485305496746163
SOCS3,0.4278287677813818
SOCS4,0.00812451975220916
SOCS5,-0.04762085345363037
SOCS6,0.22447377971642188
SOCS7,-0.10540964327674812
SOD1,0.06152767612240577
SOD2,-0.041796403474546065
SOD3,0.22806677125128558
SON,-0.03447418813382382
SORBS1,0.7446589409001068
SORBS2,0.556030517845766
SORBS3,0.20803498827597242
SORCS2,0.16280879580947796
SORD,0.006890545791454983
SORL1,0.23795604376314008
SORT1,0.41213094233939823
SOS1,0.05247593216604946
SOS2,-0.04897357089130722
SOSTDC1,0.551477206651124
SOWAHC,-0.07700917707021171
SOWAHD,0.2241255822263331
SOX12,-0.032137811045631653
SOX13,0.7063804209967436
SOX17,0.6653317638609039
SOX18,0.6813170215130535
SOX2,-0.04702323956403186
SOX4,0.24624408598249342
SOX5,0.4609256463514235
SOX6,0.451579101292295
SOX7,0.6483215025753111
SOX9,0.1184456402601514
SP1,0.16292258525261644
SP100,0.3054420410642066
SP110,0.10468413375969819
SP140,0.4896811091467993
SP140L,-0.039875298139678675
SP2,0.08106051742172155
SP3,0.17414223690519687
SP4,0.13052234161035275
SP6,0.46331695536034523
SPA17,-0.09230634626099295
SPAG1,-0.06085396791961734
SPAG16,0.3783735871876627
SPAG17,-0.03681243350577137
SPAG5,-0.02818327866375079
SPAG6,
SPAG7,0.2041632407492983
SPAG9,0.29917528016473377
SPARC,0.7411284081028306
SPARCL1,0.8114040769161894
SPAST,-0.020503188593875992
SPATA13,0.3418984094654626
SPATA17,
SPATA18,0.8557626548847425
SPATA2,-0.027793492894339918
SPATA20,0.10492084623269897
SPATA33,0.1104326169059677
SPATA6,0.20450506815902472
SPATA7,0.38110573261742164
SPATC1L,0.08465836916434483
SPATS2,-0.1437483094164398
SPATS2L,0.2958643275838089
SPC24,-0.00287163651136699
SPC25,0.3353360613670791
SPCS1,0.1336676732844019
SPCS2,0.15539050040083946
SPCS3,0.24199090284558525
SPDL1,-0.039719426356174654
SPECC1,0.5647798591081826
SPECC1L,-0.018146328883986748
SPEF2,0.6800365870242819
SPEG,0.4942508613910789
SPEN,-0.0344457347579405
SPG11,0.11530692434508945
SPG21,-0.1874618869730411
SPG7,0.02857969813180819
SPHK1,0.21576250894244478
SPHK2,0.28154680589883513
SPI1,0.23738391238331114
SPICE1,0.1851144880842881
SPIDR,0.040797616837514095
SPIN1,0.16149334896381362
SPIN4,0.13274599082697655
SPINK1,
SPINK5,0.17836764602095642
SPINT1,-0.05300400604919243
SPINT2,0.21711637454263932
SPIRE1,0.30705018541900975
SPIRE2,-0.033409295842827355
SPN,0.05131034662540042
SPNS2,0.7794739537415292
SPOCD1,0.3653314659264882
SPOCK1,0.44502482447677877
SPOCK2,0.6846497750549422
SPON1,0.7340718407068816
SPON2,0.40439434582941125
SPOP,0.048984738025119504
SPOPL,-0.11311889562692051
SPP1,
SPPL2A,0.29889286743019083
SPPL2B,0.12362606062595079
SPPL3,-0.279782615536063
SPR,0.007246765497789811
SPRED1,0.23011997600119047
SPRED2,0.040628750449486384
SPRTN,-0.13884067215943657
SPRY1,0.40701025162979115
SPRY2,-0.09241370530914872
SPRY3,0.1999692591468893
SPRY4,0.6875898641042804
SPRYD3,-0.07473375624416649
SPRYD4,0.14754108283562758
SPRYD7,0.13340825804824652
SPSB1,0.31012881518849295
SPSB2,0.06061208673208581
SPSB3,0.21683918798438576
SPTAN1,0.5008584347141157
SPTB,0.6227348455033114
SPTBN1,0.7392650746927036
SPTLC1,0.06462972355700121
SPTLC2,-0.11166195045874888
SPTLC3,0.10205031651419805
SPTSSA,
SPTY2D1,0.22345948718882583
SQLE,0.0911012688568913
SQSTM1,0.4617231940133534
SRA1,-0.16037256067922157
SRBD1,0.03774748627206602
SRC,-0.11016486897259292
SRCAP,0.2218551738789643
SRD5A1,-0.13821583614499458
SRD5A3,0.08433602505662376
SREBF1,0.125039516591271
SREBF2,0.26622703203045617
SREK1,-0.20397378604129454
SREK1IP1,-0.10838727572069182
SRF,0.12941421330072087
SRFBP1,-0.19142386903667633
SRGAP1,0.523172171322983
SRGAP2,0.1951261449809813
SRGAP2C,0.12018457567179859
SRGAP3,0.3810042222235867
SRGAP3-AS2,
SRGN,0.5127427543152306
SRI,0.21090571523630428
SRM,0.3998205436514236
SRP14,0.25455540354378325
SRP19,0.22633677406448163
SRP54,0.16937606972201713
SRP68,-0.13910925973753036
SRP72,0.19296255307437957
SRP9,0.08576081142843019
SRPK1,-0.23070677681876903
SRPK2,0.09110398514948981
SRPRB,0.30691554894343626
SRPX,0.3982428238079994
SRPX2,0.6359909439698058
SRR,-0.1338970387959673
SRRD,0.08051792991545186
SRRM1,0.06359106848765617
SRRM2,0.019022388825185838
SRRT,0.01862589828911387
SRSF1,-0.041887864625798715
SRSF10,0.20627462287154483
SRSF11,-0.028281387037474737
SRSF2,0.1644529018011552
SRSF3,0.4128994815382791
SRSF4,0.025476073073319037
SRSF5,0.12950311988613558
SRSF6,0.2632471466155038
SRSF7,-0.012909394263951404
SRSF8,0.16267666725962796
SRSF9,0.21828274943028006
SS18,0.015324717899922447
SS18L1,-0.11189490454275416
SS18L2,0.055013256158939906
SSB,-0.14662199142980772
SSBP1,0.09574441078032148
SSBP2,0.22293663123493915
SSBP3,0.5123372806489324
SSBP4,0.0641065539103333
SSC5D,0.5229131316172656
SSH1,0.1729438288945057
SSH2,0.12662462053950801
SSH3,-0.10163851948030131
SSNA1,-0.13324222711754005
SSPN,0.6332268638700959
SSR1,0.27053304659920874
SSR2,0.05126873809005367
SSR3,0.20820635564559714
SSR4,0.18291775745306052
SSRP1,-0.09934671916083444
SSTR1,0.3608710905603971
SSTR2,0.8097113541325547
SSU72,0.13444937576978883
SSX2IP,0.3005570071256673
ST13,0.2236964900263243
ST14,0.48817735185759875
ST20,-0.033507191741854785
ST20-AS1,0.0915999051812093
ST3GAL1,0.2719575281357134
ST3GAL2,-0.06233806888530872
ST3GAL3,-0.1052424768963083
ST3GAL4,0.06097674788011823
ST3GAL5,0.4297051451750544
ST3GAL6,0.44439584188363623
ST6GAL1,0.5345575132752416
ST6GALNAC1,0.26778594980394965
ST6GALNAC2,0.3356564340683045
ST6GALNAC3,0.42132696613584575
ST6GALNAC4,0.42985390426706177
ST6GALNAC5,0.609399687075092
ST7,0.04963831510046693
ST7-AS1,-0.02443278026031531
ST7L,0.16009583405212985
ST8SIA1,0.47627941428986303
ST8SIA4,0.2843297445234542
ST8SIA6,0.19109286584733579
STAB1,-0.022684742841350115
STAC,0.8868095740523687
STAC3,0.19401029924117882
STAG1,0.11012030394462277
STAG2,0.4012543004075759
STAM,0.3801103996316881
STAM2,-0.010208507433273138
STAMBP,-0.322794409598536
STAMBPL1,0.2627077104837257
STAP2,0.024712099811371954
STARD10,0.12464158497057291
STARD13,0.6285664550924576
STARD3,0.3577232536995096
STARD3NL,0.14813555847174661
STARD4,0.1812703512429018
STARD5,0.864292768728524
STARD7,0.34581090810217563
STARD8,0.1700045987102924
STARD9,0.6055016742275724
STAT1,-0.1653035349159423
STAT2,0.03250944036545991
STAT3,0.010864073725733761
STAT4,0.5498909227999517
STAT5A,0.01390142480238088
STAT5B,0.4347780984343315
STAT6,0.028914856636250267
STAU1,0.0443859573365184
STAU2,0.23542249197950996
STC1,0.07939227642818393
STC2,0.5194797237000702
STEAP1,0.02126965564902115
STEAP2,0.5343700359930017
STEAP3,0.14282682580397038
STEAP4,0.7976421930945606
STIM1,0.19675882244123796
STIM2,0.25113067286973345
STIP1,0.18145410782484883
STK10,0.35999660027054464
STK11,0.3229827231450649
STK11IP,0.09648785400586604
STK16,0.23289307510863755
STK17A,0.08910829998730642
STK17B,0.4310409801154605
STK24,0.1711304905953646
STK25,0.1283731282715714
STK26,0.0621387028201481
STK3,0.31347556460646653
STK32A,0.6515616312192832
STK32C,0.06959985347096935
STK33,0.5050705213028988
STK35,0.061776862252995245
STK36,-0.042190065300813
STK38,0.19338831282377245
STK38L,0.010078079491951239
STK39,0.23126196311536767
STK4,0.6355289805172948
STK40,-0.06769724426256607
STMN1,0.37881998157214836
STMN3,0.177826504928833
STMND1,
STOM,0.6905097390000497
STOML1,0.1612666578700951
STOML2,-0.07401679681002296
STOML3,
STON1,0.06861711270972472
STON2,-0.009549929118443216
STOX1,0.1514708757881349
STOX2,0.24919696065836114
STPG1,0.2967685495479762
STRADB,0.012113884174961813
STRAP,-0.012884350356421284
STRBP,0.3492976219744001
STRIP1,0.13081175971982376
STRN,0.21857038188956485
STRN3,0.06765181795445088
STRN4,0.15360513478012053
STS,-0.003278813760099021
STT3A,-0.06264584788681496
STT3B,0.18058733959107506
STUB1,0.015678327397652164
STX10,0.018946870742976747
STX11,0.0940213214102796
STX12,0.1411331351502416
STX16,-0.11613060978423756
STX17,-0.006629771009397198
STX18,0.21440391965715652
STX19,0.03354810190702622
STX1A,-0.04589837818261457
STX2,0.009459859015101523
STX3,-0.08244794929619284
STX4,-0.030444475758945152
STX5,0.06806571961308645
STX6,0.16570853155793966
STX7,0.34913939910746045
STX8,0.1047149857071038
STXBP1,0.44501126249325296
STXBP2,0.5886243267762794
STXBP3,-0.09878949199796594
STXBP4,0.5712981457071575
STXBP5,-0.1099609348368699
STXBP6,0.717401293307547
STYX,0.24663690564437857
STYXL1,0.10057337972125416
SUB1,0.1134516716985313
SUCLA2,-0.15014581502474753
SUCLG1,-0.052061148691973
SUCLG2,0.6201970130217725
SUCNR1,0.0939405437730436
SUCO,0.018838173042222597
SUDS3,-0.11995353321428161
SUFU,-0.0541234205929082
SUGP1,0.019669581763757
SUGP2,0.34972512253828447
SUGT1,0.26691175468883244
SULF1,0.5382999954348137
SULF2,0.12776400111299938
SULT1A1,-0.14719704307530482
SULT1A2,0.1906359322391209
SULT1B1,0.17510904608514105
SULT1C2,0.03231663029647915
SULT1C4,0.5156774256242148
SULT2B1,0.32710597749739295
SUMF1,-0.009977198396529115
SUMF2,0.09780965363314746
SUMO1,-0.20977036751765224
SUMO2,0.04833310220412538
SUMO3,-0.1211814954158451
SUN1,0.5339992923226127
SUN2,0.06367091605363871
SUOX,-0.026594268284107794
SUPT16H,0.00135415284201459
SUPT20H,-0.1522821248597021
SUPT3H,0.14889258161670527
SUPT4H1,0.07601707843708672
SUPT5H,0.16519575935718064
SUPT6H,0.17456421402025185
SUPT7L,0.026422808335640743
SUPV3L1,0.17309716390118357
SURF1,-0.1177487362738777
SURF2,0.7172341979929556
SURF4,-0.1494337508258592
SURF6,-0.16494087716359543
SUSD1,0.24239595282998116
SUSD2,0.18067238078092465
SUSD3,0.3184909827840026
SUSD5,0.4449837117783392
SUSD6,-0.036157219046240474
SUZ12,-0.08379274650356891
SV2A,-0.10117653965909934
SVBP,0.1632501237893142
SVEP1,0.7932615581097494
SVIL,0.2875636190782433
SVIP,0.2743472980794637
SWAP70,0.5454316055672939
SWI5,-0.1587669472141974
SWSAP1,-0.03022929191660413
SWT1,-0.014501928557744313
SYAP1,-0.037699609175245376
SYBU,0.2190953477301614
SYCE1L,-0.010395508781521068
SYCP2,-0.08668936005361648
SYDE1,0.3772366393498163
SYDE2,0.7031650570664242
SYF2,0.1165469260091138
SYK,0.5228692029098654
SYMPK,-0.11378277778893568
SYN1,0.389610101579225
SYN2,0.5303788711691846
SYNC,0.13474584898805264
SYNCRIP,0.15995483344900763
SYNE1,0.5336340370924023
SYNE2,0.765770222013594
SYNE3,0.38069389473915866
SYNE4,0.46207527640411966
SYNGAP1,0.07425867412349717
SYNGR1,0.04781170277021882
SYNGR2,0.22127423184704023
SYNJ1,-0.16621701002765776
SYNJ2,0.1927290354545922
SYNM,0.49863584321906407
SYNPO,0.6057447900048224
SYNPO2,0.8307269750990589
SYNPO2L,0.02409638696642671
SYNRG,0.26533485163662723
SYPL1,0.03326404383388219
SYPL2,0.03051947337679866
SYS1,-0.0004397350818804019
SYT11,-0.003970442458319702
SYT15,0.48444057594163464
SYT17,0.3878320874681353
SYT7,-0.04362758591741306
SYT8,0.7716573144198395
SYTL1,0.21014881553618356
SYTL2,0.5082003014130457
SYTL3,0.43912807671766213
SYTL4,0.49734215271751003
SYVN1,-0.1852200947984922
SZRD1,-0.09284009457437448
SZT2,-0.10381726507343533
TAB1,0.041634161731104916
TAB2,0.006041531797481848
TAB3,0.07429757512891014
TACC1,0.5281293154078316
TACC2,0.6575673377943987
TACC3,0.2708875139130731
TACO1,-0.00670052962772757
TACSTD2,0.38301686675474617
TADA1,0.07038351876052727
TADA2A,-0.0544219377383406
TADA2B,0.0355442293913347
TADA3,-0.03489892883609352
TAF1,-0.2164816061651171
TAF10,0.08892608496803278
TAF11,-0.09494776044963449
TAF12,0.13199308439904178
TAF13,0.1328441435660063
TAF15,0.08846632799709901
TAF1A,0.1823053008563542
TAF1B,0.09038240998102208
TAF1C,-0.09434661553913029
TAF1D,0.197491608273224
TAF2,0.13067890961994877
TAF3,-0.0870612394461269
TAF4,0.050731598068246606
TAF4B,0.004899471228522072
TAF5,0.3422641481985823
TAF5L,-0.0012450883839452023
TAF6,-0.09757065514642786
TAF6L,-0.055898560145063586
TAF7,0.12476343214714627
TAF8,-0.08472207132489759
TAF9B,-0.06823820647684523
TAGAP,0.337332783911864
TAGLN,0.6049436940558157
TAGLN2,0.2581843051425448
TAL1,0.48615370172251493
TALDO1,0.0471574006848902
TAMM41,0.03611726171318613
TANC1,0.7109651479699078
TANC2,0.14240660971086438
TANGO2,0.03042430936935004
TANGO6,-0.06481168570272404
TANK,0.153627239366002
TAOK1,0.3471744846035183
TAOK2,0.16670364490176454
TAOK3,0.268621668807496
TAP1,0.34120274424597213
TAPBP,0.3241424128429143
TAPBPL,0.07385787937890904
TAPT1,-0.06497491829404631
TARBP1,0.437557498139481
TARBP2,-0.09289029299883902
TARDBP,-0.11340626511379191
TARS2,0.030453501581948834
TASP1,-0.0816428342622517
TATDN1,0.03844839189823695
TATDN2,0.006411482526426829
TATDN3,-0.08050204479361478
TAX1BP1,0.20651099038536005
TAX1BP3,-0.09841673410822735
TBC1D1,0.32631265591891523
TBC1D10A,0.07119215906756796
TBC1D10B,-0.20060124002473334
TBC1D10C,0.37559145741151645
TBC1D12,0.2532007128221306
TBC1D13,0.04926929952795326
TBC1D14,0.22273759787277725
TBC1D15,0.0014128575982456926
TBC1D16,0.3523484226347876
TBC1D17,-0.1408047887664876
TBC1D19,0.03537972217491372
TBC1D2,0.5863954654891643
TBC1D20,0.269803325301828
TBC1D22A,0.29918582828214413
TBC1D22B,0.14647012798798748
TBC1D23,0.02210578622896678
TBC1D24,0.05830797922601533
TBC1D25,0.1614129986501073
TBC1D2B,0.15496467319696472
TBC1D30,0.044421679318865294
TBC1D31,0.4332957258060293
TBC1D32,-0.010204951935780637
TBC1D4,0.3167509302465772
TBC1D5,-0.03398306785567147
TBC1D7,-0.007431747190894182
TBC1D8,-0.02030687883583476
TBC1D8B,0.05529587370974453
TBC1D9,0.1243766353349631
TBC1D9B,0.051165753521501545
TBCA,0.17287518471079574
TBCB,0.17171603606795607
TBCC,-0.01122094815220259
TBCD,0.20585418455335047
TBCE,0.20448297130132875
TBCEL,-0.061172717767363174
TBCK,0.12789138449142845
TBK1,0.026051011472132724
TBKBP1,0.20691628836332032
TBL1X,0.19393669989981446
TBL1XR1,-0.05466431173952914
TBL2,-0.07127638316074979
TBL3,-0.090257462485281
TBP,-0.14233103893125582
TBPL1,0.349051460154976
TBRG1,0.06864176030061953
TBRG4,-0.17581565487162606
TBX1,0.8870430261025553
TBX19,0.0877536632239536
TBX2,0.8733930347136423
TBX2-AS1,0.368069626901247
TBX21,0.615738978806215
TBX3,0.8036926523324514
TBX4,0.9366086924697967
TBX5,0.8855457301343929
TBX5-AS1,0.7872834903422523
TBXA2R,0.5434133660096946
TBXAS1,0.2415710311765
TC2N,0.589163775634685
TCAF1,0.21438177285379467
TCAF2,0.1625624871541724
TCAIM,-0.1481250753957597
TCAP,0.1338801686064418
TCEA1,0.11804942653246613
TCEA2,0.42201707750533274
TCEA3,0.531510858444206
TCEAL1,0.6293189973155036
TCEAL2,0.3049981993998917
TCEAL3,0.1964687296889005
TCEAL4,0.03430985762257734
TCEAL7,0.21939155183892198
TCEAL8,-0.012944482117582569
TCEANC,0.08287264481684024
TCEANC2,-0.03151198189317585
TCERG1,0.29204419125568754
TCF12,0.17979070442952375
TCF19,-0.06132906378020494
TCF20,0.17792741105862023
TCF21,0.6371011176253859
TCF25,0.0033510205246774522
TCF3,0.4259386066556893
TCF4,0.8843950566769992
TCF7,-0.07035371114572496
TCF7L1,0.6526851634128695
TCF7L2,0.5141922171250569
TCFL5,-0.12910267748337492
TCHP,-0.1222076734814076
TCN1,
TCN2,-0.014410977004125967
TCOF1,0.06666699031270347
TCP1,0.04847911310360254
TCP11L1,-0.03589334153742702
TCP11L2,0.1467462406316578
TCTA,0.16847165683837656
TCTN1,0.5570883401190314
TCTN2,0.6361881546563246
TCTN3,0.16567583766076563
TDG,0.3880124533050867
TDO2,
TDP1,0.2394830001976138
TDP2,0.035479157595745166
TDRD10,0.4315786264546724
TDRD3,-0.011490025258586598
TDRD7,0.14806582449448222
TDRD9,
TDRKH,0.12595419831565588
TDRP,0.36535164730907776
TEAD1,0.62891674599134
TEAD2,0.2834712554131341
TEAD3,0.45421425020932465
TEAD4,0.6704841608258825
TEC,-0.17825608709397212
TECPR1,0.20140606175075562
TECPR2,-0.21729460614081142
TECR,0.113988023838643
TEF,0.36761058434882893
TEFM,0.06627481728744473
TEK,0.780083683924601
TEKT1,
TELO2,0.011749863210447648
TENM1,0.5598475546633644
TENM2,
TENM3,0.155596001331031
TEP1,-0.07609227038555007
TERF1,0.0841837454416363
TERF2,0.11154510899061701
TERF2IP,0.1976513635025405
TES,0.16409487396115086
TESC,0.2670672483931482
TESK1,0.3534275546869618
TESPA1,0.8760244582144475
TET1,0.04928489321649098
TET2,0.25679045728110955
TET3,0.12639358230925377
TEX10,-0.17508791159830267
TEX2,0.4199429646779781
TEX264,-0.0023714603948877372
TEX30,-0.07826887708634793
TEX9,0.6579017099164156
TFAM,-0.07683269804551193
TFAP2C,0.5171874926689087
TFAP4,-0.14710865147525778
TFB1M,0.08761527270254117
TFB2M,-0.17346447224987135
TFCP2,0.0269690572036827
TFCP2L1,0.489119984874111
TFDP1,0.024109117909784088
TFDP2,0.3106260068881694
TFE3,0.0878128986746812
TFEB,-0.010860374995088639
TFEC,0.38525075508615775
TFF3,-0.039747378150763076
TFG,0.40494363953382684
TFIP11,0.36146725985793576
TFPI,0.670187279851036
TFPI2,0.5091818186081394
TFPT,-0.018710312099588164
TFRC,0.549541364336156
TGDS,-0.08103318263586469
TGFA,0.034974573168335264
TGFB1,0.005779387189696061
TGFB1I1,0.2377442097069159
TGFB2,0.16275211707338225
TGFB3,0.34029071581256354
TGFBI,0.42385180108208803
TGFBR1,0.1287681358418733
TGFBR2,-0.04265670248884877
TGFBR3,0.7408361263197175
TGFBRAP1,0.02188417865982912
TGIF1,-0.03980851901342485
TGIF2,-0.04273756216829627
TGM1,-0.057158178530567594
TGM2,0.5906665925519587
TGM4,-0.060535344804266714
TGOLN2,0.29461611838905677
TGS1,0.24612278046926894
THADA,0.0761056589474949
THAP1,-0.06830109031650992
THAP11,-0.0783079026739605
THAP2,0.2205088081625165
THAP3,-0.06496999127757251
THAP4,-0.12540905166896577
THAP5,-0.013342337791967427
THAP6,0.13498934512881747
THAP7,-0.06989420245481026
THAP8,0.10675838672520399
THAP9-AS1,-0.06039548081694292
THBD,0.18975152436211218
THBS1,0.33896475454481023
THBS2,0.7812935438316952
THBS3,0.08036896512954358
THEM4,0.22958840063431984
THEM6,0.07023433942450012
THEMIS2,0.2613520091642426
THG1L,0.28445218889650814
THNSL1,0.10132327016990592
THNSL2,0.046929220912803736
THOC1,0.12520735946377742
THOC2,-0.03211526422570837
THOC3,0.03340291659539312
THOC5,-0.18790834576610416
THOC6,-0.06196975160456475
THOC7,0.2680290041379299
THOP1,-0.1310961988831664
THRA,-0.14646649001699552
THRAP3,0.08318353531214118
THRB,0.3016296316871423
THSD1,0.5274110930620751
THSD4,0.47592699145219897
THSD7A,0.8004223512529755
THUMPD1,0.15122179601174973
THUMPD2,0.08363217131701169
THUMPD3,0.3658983853860596
THUMPD3-AS1,-0.0028958821597357054
THY1,-0.02172111643324844
THYN1,0.12329670244265682
TIA1,-0.059683483064892906
TIAL1,0.26014126295040585
TIAM1,0.3288265394181546
TIAM2,0.0743154599253874
TICAM1,-0.056687213048407376
TIE1,0.9182631949337752
TIFA,-0.09482508347333612
TIGAR,0.17831591332081032
TIGD1,0.061732359991042644
TIGD2,-0.08173625263358753
TIGD5,-0.1249957910815795
TIGD7,0.042991814894640594
TIMELESS,0.4313108574071399
TIMM10,0.011662932575862026
TIMM10B,-0.023184008108520004
TIMM13,-0.1346476765765653
TIMM17A,0.12667071062669188
TIMM17B,0.09101263209349256
TIMM21,0.1641146200063211
TIMM22,0.16063415256136448
TIMM23,0.3137834774566481
TIMM23B,-0.028098222301912154
TIMM44,-0.005167241465469043
TIMM50,0.04485284019630268
TIMM8A,-0.10258699024774698
TIMM8B,-0.0027839041847854884
TIMM9,0.057638381103426076
TIMMDC1,0.008494977548215762
TIMP1,0.06868538854850083
TIMP2,0.3479039579627214
TIMP3,0.8491278941013488
TIMP4,
TINAGL1,0.7004209227026459
TINF2,0.17939641147785115
TIPARP,-0.1466020179434738
TIPIN,-0.05154610854836957
TIPRL,-0.003196729538495643
TJAP1,-0.07162697218508968
TJP1,0.8259341497367688
TJP2,-0.062406522553294916
TJP3,-0.042633985645750876
TK1,-0.041746736916765184
TK2,-0.1091107510027374
TKFC,-0.05893080314457196
TKT,0.17823007687155268
TLCD1,-0.06119598674088898
TLCD2,0.15845374161167414
TLE1,0.16959530489292593
TLE2,0.3021925099022991
TLE3,0.02991753892229872
TLE4,0.04684668618754201
TLE6,0.12868427777058936
TLK1,0.31098101459910243
TLK2,0.3261476232765642
TLL1,0.5267163860864872
TLN1,0.1950987091434874
TLN2,0.7031845899085745
TLR1,0.19272346868393345
TLR2,0.4230831778365909
TLR3,-0.06702603205901243
TLR4,
TLR5,0.06152670170923934
TLR7,0.32336992023241273
TLR8,0.2797015313812059
TM2D1,-0.05736816055390665
TM2D2,-0.1144985655512614
TM2D3,0.1420092127723494
TM4SF1,0.46330560202591214
TM4SF18,0.5392443765582369
TM6SF1,0.2989408900320838
TM7SF2,0.014090855326825826
TM7SF3,-0.022598404893669304
TM9SF1,
TM9SF2,-0.038301869151981534
TM9SF3,-0.17930693225751898
TM9SF4,-0.04438356920963323
TMA16,0.04174692454481985
TMA7,-0.06928103707121323
TMBIM1,0.2588501796517063
TMBIM4,0.12187321168032936
TMBIM6,0.10891028112306883
TMC4,0.09397837410922011
TMC5,0.580356874319805
TMC6,0.31675245743239
TMC7,0.16488355714575748
TMC8,0.4166213655246717
TMCC1,0.07771510777306598
TMCC2,-0.09100853539282508
TMCC3,-0.022851886395439384
TMCO1,0.033697776541654303
TMCO3,-0.11377299678217045
TMCO4,0.15693974805398667
TMCO6,-0.06589706821765848
TMED1,-0.014610065157225682
TMED10,-0.012881512208036305
TMED2,0.032931903710844944
TMED3,0.3894855267512036
TMED4,0.1853916743617595
TMED5,-0.02801427868080305
TMED7,-0.08325881176284393
TMED8,0.017137844998352556
TMED9,-0.01026859819749589
TMEM100,0.7113078319683848
TMEM101,-0.10984208500644702
TMEM104,0.02638544965461023
TMEM106A,0.4065104044073918
TMEM106B,0.21063686268310544
TMEM106C,-0.12798698885752266
TMEM107,0.3151309037793751
TMEM108,0.47063025701778294
TMEM109,0.2533487487831367
TMEM11,0.00810994846671775
TMEM115,0.057760468134717136
TMEM116,0.2215082040619335
TMEM117,0.11248561041946638
TMEM119,0.08455110227428139
TMEM120A,0.10614408493630956
TMEM120B,-0.031843361318259766
TMEM121,0.016326636786405644
TMEM123,0.14047364447672175
TMEM125,0.41439007626449076
TMEM126A,-0.028201796047311174
TMEM126B,-0.03585983725928357
TMEM127,-0.061399732379311754
TMEM128,0.017793771559148804
TMEM129,-0.06423249745474657
TMEM130,0.4832686942849418
TMEM131,0.23571607808386472
TMEM132A,0.48783188050015247
TMEM134,0.07561346105306979
TMEM135,0.2090867559842454
TMEM138,-0.13649071002703078
TMEM139,0.3823584777767961
TMEM140,0.28036930896194273
TMEM141,-0.035345952080233466
TMEM143,-0.1233064644129586
TMEM144,0.0421242091483884
TMEM147,0.19615944364287136
TMEM147-AS1,-0.1006619232901816
TMEM14A,-0.12572337469543393
TMEM14B,-0.0036736286572289292
TMEM14C,-0.02190598826921481
TMEM150A,-0.10857077653946423
TMEM150B,-0.05964537711548041
TMEM150C,-0.03218806050438197
TMEM154,0.5393864098834288
TMEM158,-0.034162045664171574
TMEM160,0.10061247690981945
TMEM161A,0.11567130359396863
TMEM161B,-0.055810228516787505
TMEM163,0.6465284297551577
TMEM164,0.19103032069630946
TMEM165,0.23486126435808566
TMEM167A,-0.009562723800761931
TMEM167B,-0.027140570132472147
TMEM168,0.24816347751591364
TMEM170A,-0.09497785316822144
TMEM170B,0.27707055379931383
TMEM171,
TMEM175,0.05508880941443834
TMEM176A,0.09046896845824176
TMEM176B,0.4198742174100422
TMEM177,-0.018422151353208314
TMEM178A,0.2950565782365148
TMEM179B,-0.06612798173322043
TMEM18,0.006905482648831191
TMEM181,0.41104561830448494
TMEM183A,-0.049636583809524695
TMEM184A,0.5531965802482806
TMEM184B,0.4218354877725813
TMEM184C,0.04527460156499713
TMEM185B,-0.053073735204287015
TMEM186,0.18839324895405968
TMEM187,-0.05904273988160075
TMEM19,-0.17417628083317077
TMEM190,
TMEM192,-0.22485126214114204
TMEM198,0.22502225464387912
TMEM199,-0.09750959924477676
TMEM200A,0.29270250316579993
TMEM200B,0.4988199701130316
TMEM201,0.20083443297286607
TMEM204,0.5676455011736973
TMEM205,0.02728641589510285
TMEM208,-0.024167368968717486
TMEM209,-0.07333130777965373
TMEM213,0.009769905702571025
TMEM214,-0.11969146266797456
TMEM216,-0.12093967176707403
TMEM217,0.016132421859086067
TMEM218,0.13283678845011235
TMEM219,0.12249988764174759
TMEM220,0.04534679469807703
TMEM222,-0.034305937508883756
TMEM223,-0.024499138661783097
TMEM229B,0.35803989905255024
TMEM230,-0.10446866136485256
TMEM231,0.7052692047426473
TMEM232,0.12579363974732813
TMEM233,0.6747112119305004
TMEM234,-0.016403154136919833
TMEM236,-0.07944825479556115
TMEM237,0.337631913298417
TMEM238,-0.04086352149635427
TMEM241,0.01444240182181317
TMEM242,-0.02350829338587761
TMEM243,0.3795494640073969
TMEM245,0.046185838851481954
TMEM248,0.06061578555283692
TMEM25,-0.046733995524370735
TMEM254,0.5204324510975974
TMEM255B,0.7160159031228228
TMEM256,-0.09594318198007953
TMEM256-PLSCR3,0.22014345735108556
TMEM258,0.3008616448960144
TMEM259,-0.08427322768000717
TMEM26,0.7463443839341903
TMEM260,0.14102310143742183
TMEM263,0.04754182083723846
TMEM30A,0.011092349354624675
TMEM30B,-0.07977745320129633
TMEM33,0.001794621544477387
TMEM37,0.3092574157235317
TMEM38A,0.5583881691365646
TMEM38B,0.12065982266498627
TMEM39A,-0.19178471599873192
TMEM39B,0.12228082047605723
TMEM40,-0.05504239618153921
TMEM41A,-0.06270805113057167
TMEM41B,0.11295089636834285
TMEM43,0.25402689775103465
TMEM44,0.479426143271061
TMEM45A,0.5620503128612868
TMEM45B,0.6356095604583936
TMEM47,0.21109987347598136
TMEM50A,0.09321097230904545
TMEM50B,0.2103527611057461
TMEM51,0.41052726746543616
TMEM53,0.00974826436234485
TMEM54,0.1559334279777209
TMEM59,0.2228918501200055
TMEM60,-0.08283859139623354
TMEM62,0.15806220050071773
TMEM63A,0.2864319478547009
TMEM63B,-0.0034000948095595333
TMEM64,0.1327442812715387
TMEM65,-0.09643527037316142
TMEM67,0.4351877256784568
TMEM68,-0.128452082572315
TMEM69,0.10629222062810587
TMEM70,0.028834893327560684
TMEM71,0.4170136319452976
TMEM74B,0.5691002735784906
TMEM79,-0.07397655803028481
TMEM80,-0.08255916893826004
TMEM86A,-0.08721277470616892
TMEM87A,-0.10999122508047791
TMEM87B,0.2054623437586036
TMEM88,0.13013538307491362
TMEM8B,-0.007832664246685153
TMEM9,-0.05607490657718381
TMEM91,-0.18036381214307776
TMEM92,-0.07417066994899482
TMEM94,0.07703088481592842
TMEM97,0.2057195405484165
TMEM98,0.6543535106233578
TMEM9B,0.24982670077639302
TMF1,0.010644817286737569
TMIGD3,0.0006631774579518126
TMOD1,0.6040106096076954
TMOD2,0.12461667231472773
TMOD3,0.27626131128103837
TMPO,0.5067683220316734
TMPRSS2,0.5690692504964947
TMPRSS3,0.5995482203364958
TMSB10,0.3129250506826101
TMSB15A,0.08949793215216086
TMSB4X,0.021862725563723602
TMTC1,0.5570207585355037
TMTC2,0.1604593929488963
TMTC3,0.08760558827736599
TMTC4,0.385852055660124
TMUB1,-0.13352376520704512
TMUB2,0.06954445345432148
TMX1,0.1903405091543076
TMX2,0.04137822908644887
TMX3,0.006924844419344326
TMX4,-0.07568391769197831
TNC,0.7692226858607466
TNF,0.5327360099040691
TNFAIP1,0.4751295291223317
TNFAIP2,0.578505822970021
TNFAIP3,0.3208683109876188
TNFAIP6,-0.0348945636746566
TNFAIP8,0.4950509694001533
TNFAIP8L1,0.23366035290308337
TNFAIP8L3,0.07000432023684079
TNFRSF10A,0.33413572012080334
TNFRSF10B,0.08197825834132122
TNFRSF10C,-0.039758349851163374
TNFRSF10D,0.3679602166944443
TNFRSF11A,0.1322697368907587
TNFRSF11B,0.6453089123918485
TNFRSF12A,0.2509432895053218
TNFRSF14,0.20529180045228285
TNFRSF19,0.748767397170355
TNFRSF1A,-0.0700856311042108
TNFRSF1B,0.25747560895197547
TNFRSF21,0.492036181691708
TNFRSF25,0.6110652990866947
TNFRSF4,0.4159837614742772
TNFRSF8,0.035257126346875826
TNFRSF9,0.22288111742730077
TNFSF10,0.38637395876152825
TNFSF12,-0.04940014330007165
TNFSF13B,0.2705575368634971
TNFSF14,0.21136914525150788
TNFSF15,0.04456085819580755
TNFSF9,-0.05138722262116231
TNIK,0.5419920358638531
TNIP1,-0.054782821086488395
TNIP2,-0.021594714815937048
TNIP3,0.6200859812972678
TNK1,0.001154082032053578
TNK2,0.34070000041533044
TNKS,-0.12794137839862868
TNKS1BP1,0.423421746724293
TNKS2,0.09517218852191864
TNNC1,0.10904485683754074
TNNI2,-0.08220810782582863
TNNT1,-0.03127586684982397
TNNT2,0.33626936594188045
TNPO1,0.1066774600052582
TNPO2,0.09389539060713041
TNPO3,-0.08403171728568758
TNR,0.07117047532822846
TNRC18,0.10570601445723046
TNRC6A,0.2536002631029218
TNRC6B,0.28920635528930366
TNRC6C,0.42647262784488005
TNS1,0.7028673844711284
TNS2,0.6389979342162111
TNS3,0.32793561408060323
TOB1,0.29477881129710015
TOB2,-0.036211472877064714
TOE1,-0.07168383065654085
TOLLIP,0.11723371776635913
TOM1,-0.03967865325339981
TOM1L1,0.1676633454033993
TOM1L2,0.20591093672353292
TOMM20,-0.08607741810906346
TOMM22,0.06104753275507528
TOMM34,0.5258864443488623
TOMM40,-0.168908205289551
TOMM40L,-0.09180626810468631
TOMM7,0.2564313549260454
TOP1,0.10258305729333297
TOP1MT,0.1546766262930928
TOP2A,0.421470860878672
TOP2B,0.2653638700812333
TOP3A,-0.03260268832264917
TOPBP1,0.04731941499210194
TOPORS,-0.16599894920462427
TOR1A,0.11538886143935588
TOR1AIP1,-0.041542265269580325
TOR1AIP2,0.1835898810976899
TOR1B,-0.06691013401351936
TOR2A,-0.07686141996022511
TOR3A,0.3263316939567429
TOR4A,0.16103805905502316
TOX,0.562148916302316
TOX2,0.7055550520301157
TOX3,-0.052889920646439284
TOX4,0.12543790642060287
TP53,0.35935496632181285
TP53BP1,0.19826173452142215
TP53BP2,-0.10951165782790163
TP53I11,0.36698680446981763
TP53I13,0.026303687883626387
TP53I3,-0.18323202492374807
TP53INP1,0.2761959714855231
TP53INP2,0.1584018527719365
TP53RK,-0.06719177058326826
TP53TG1,-0.09162239187495136
TP73,
TPBG,0.29513959280060964
TPCN1,0.34830734228128146
TPCN2,-0.0657619618214502
TPD52,0.4502949574151736
TPD52L1,0.3830875553041036
TPD52L2,0.32200207773734374
TPGS1,0.2338031861612849
TPGS2,0.3675726396429641
TPI1,-0.0005861946122817569
TPK1,0.2589485475324405
TPM1,0.6896499430043737
TPM2,0.6577831999877743
TPM3,-0.0943846927055799
TPM4,0.5673915891278709
TPMT,0.301134437639049
TPP1,0.09976967520166503
TPP2,0.16809709709039264
TPPP,0.0862306676960211
TPPP3,0.27158119398688857
TPR,0.3488740040453909
TPRA1,0.2935633563737293
TPRG1,0.27528229665794723
TPRG1L,0.018946813565774434
TPRKB,0.021762081006991483
TPRN,-0.07318087118650779
TPSAB1,0.6595966336671304
TPSB2,0.39231719826639005
TPST1,0.03022047310981314
TPST2,0.24236142913431172
TPT1,0.39637943946198423
TPX2,-0.030127376057657414
TRA2A,-0.22301331488783246
TRA2B,0.1578688737348403
TRABD,0.06873427876037966
TRABD2A,0.5310408409003134
TRAC,0.6675464419987054
TRADD,0.1637341067827316
TRAF1,0.37526527624949607
TRAF2,-0.1625009182211599
TRAF3,0.3169641265273614
TRAF3IP1,0.6145597474159052
TRAF3IP2,0.06910182607320026
TRAF3IP2-AS1,0.23885206684384508
TRAF3IP3,0.5494783640330325
TRAF4,0.08151861433406143
TRAF5,0.11818539930982278
TRAF6,-0.10302650052448982
TRAF7,0.37456100586592206
TRAFD1,0.030971405296133906
TRAK1,0.15448529740179132
TRAK2,0.05420203955880529
TRAM1,0.2703562979560576
TRAM2,0.1670743645413182
TRAM2-AS1,0.1995742451472949
TRANK1,0.3578042993571087
TRAP1,-0.15554691049192076
TRAPPC1,-0.01866137010315588
TRAPPC10,0.08956574547905856
TRAPPC11,0.05882548334252238
TRAPPC12,0.21826526774597557
TRAPPC13,-0.22638545538033353
TRAPPC2,0.3132255704250484
TRAPPC2L,-0.07293392875712167
TRAPPC3,-0.06933649076320728
TRAPPC4,-0.09871449767657733
TRAPPC6A,0.3351453457696402
TRAPPC6B,0.10726122827453466
TRAPPC8,-0.20797823074987484
TRAPPC9,0.022056694344132776
TRBC1,0.5582410952530705
TRBC2,0.5614553338960706
TRDMT1,0.10090044862113083
TREM1,-0.01939356374995677
TREM2,-0.059498976268625346
TRERF1,0.225106710162575
TRG-AS1,0.7023660497536833
TRGC2,0.560630057255077
TRHDE,0.7201071634215878
TRIAP1,-0.0016653285509737304
TRIB1,-0.08676694548968014
TRIB2,0.43794116831641894
TRIB3,-0.08359614330329135
TRIL,-0.04218148439223667
TRIM11,-0.018436853744796377
TRIM13,0.18078551386162606
TRIM14,0.31608522989337134
TRIM16,0.08706744458254864
TRIM16L,-0.029824209066331
TRIM2,0.4886801985031136
TRIM21,0.15013344555939434
TRIM22,0.18269251937078046
TRIM23,0.05567642358842439
TRIM24,0.3727359939112463
TRIM25,0.14879196967406982
TRIM26,0.07529205709696915
TRIM27,-0.07685411136916423
TRIM28,-0.07240520432970088
TRIM3,0.11362039732342423
TRIM32,-0.09377164346783
TRIM33,0.021272757863879995
TRIM35,0.49763166199972736
TRIM37,0.25887641698521047
TRIM38,0.3028072334436839
TRIM39,-0.08730492797652586
TRIM4,-0.07231948366828765
TRIM41,0.12418113737989682
TRIM44,0.3948917075435342
TRIM47,-0.09655968398013368
TRIM5,0.07425382697456302
TRIM52,0.16938153390444538
TRIM56,0.17258673312947514
TRIM58,0.04649520616337025
TRIM62,-0.051577113205136076
TRIM65,0.08235389954761682
TRIM66,0.1456638244268347
TRIM68,0.06159336174337633
TRIM69,0.11526136701696707
TRIM71,0.5581318961114565
TRIM8,0.11269179599925272
TRIO,0.5422349589370906
TRIOBP,0.3022317225441347
TRIP10,0.4732857344231648
TRIP11,0.1598341461348312
TRIP12,0.15530456985194746
TRIP13,0.009284083178521205
TRIP4,0.038302173149511495
TRIP6,0.3037770973749998
TRIQK,0.09142526178980293
TRIT1,0.029474468715869256
TRMO,0.2618319425141422
TRMT1,0.22993635869320814
TRMT10A,-0.07397980709698619
TRMT10B,0.12762161668415195
TRMT10C,-0.1060154767753212
TRMT11,-0.07716549234615137
TRMT112,0.14534903011864744
TRMT12,-0.001853147510206825
TRMT13,0.23539143061439843
TRMT1L,0.16063537525349755
TRMT2A,-0.06388678065348483
TRMT2B,-0.07364893432254807
TRMT44,0.06610519822527179
TRMT5,0.023504018083932827
TRMT6,0.032035585497839705
TRMT61A,-0.08434496256643247
TRMT61B,-0.03298564250175404
TRMU,-0.00795385906614184
TRNAU1AP,0.17464542650090303
TRNP1,0.3588592441767924
TRNT1,0.06100608295772683
TRO,-0.021963752938754123
TROAP,
TRPC1,0.17070203390161165
TRPC4AP,-0.08262260406004829
TRPC6,0.6436199608477998
TRPM2,0.43837762252842766
TRPM4,0.02668217986651735
TRPM7,-0.07703886919396476
TRPS1,0.15818438394085998
TRPT1,-0.047266875382303244
TRPV1,0.010741310549033382
TRPV2,0.16308545121508347
TRPV4,0.7347499051756509
TRRAP,-0.038091623966391125
TRUB1,0.09044180817961195
TRUB2,0.03842399049219973
TSC1,0.04228232579647549
TSC2,-0.15292462583005353
TSC22D1,0.37572875368881953
TSC22D2,-0.07285223065045741
TSC22D3,0.44491966629518204
TSC22D4,0.2636430661568557
TSEN15,0.21284251236392068
TSEN2,0.15849867023111913
TSEN34,0.15655027743533653
TSEN54,0.45234439058499853
TSFM,0.03834791134494413
TSG101,0.220929867735342
TSGA10,0.3732114130822711
TSHZ1,0.07550289956531984
TSHZ2,0.7353517936323795
TSHZ3,0.23568747331340137
TSIX,
TSKU,0.024888129494065853
TSN,-0.05962503315856451
TSNAX,-0.13102284333550196
TSPAN1,-0.01005957242200745
TSPAN10,-0.12532729082939295
TSPAN11,0.27000866950982266
TSPAN12,0.25784514161476957
TSPAN13,0.6465433466496335
TSPAN14,0.46486398872367257
TSPAN15,0.5204131913222094
TSPAN17,-0.002845027127139163
TSPAN18,0.6847838294640947
TSPAN2,0.46447245374678575
TSPAN3,-0.16392411749686409
TSPAN31,0.027961304042808267
TSPAN32,0.5986745831560464
TSPAN33,0.4194732385017265
TSPAN4,0.3185437825389182
TSPAN5,0.4722640157471181
TSPAN6,0.2144621165051328
TSPAN7,0.29924050337718877
TSPAN8,0.2283108353334832
TSPAN9,0.8281650015339868
TSPO,-0.018269540546893434
TSPYL1,-0.1009743152385095
TSPYL2,0.15264965286801735
TSPYL4,-0.05308001546122674
TSPYL5,0.08899559092637659
TSR1,-0.1342349489074053
TSR2,0.010348748789061947
TSR3,-0.07613209114500229
TSSC4,0.13886164491108793
TST,0.21710423523067343
TSTD1,0.20859702826656193
TSTD2,-0.20235443145128873
TSTD3,0.0645406207154401
TTBK2,-0.1580226499894528
TTC1,-0.024040080349710818
TTC12,0.10695876619957206
TTC13,0.23572514787868012
TTC14,0.17328176737404652
TTC16,0.6394092551330607
TTC17,0.06858578028315906
TTC19,-0.14575513055099446
TTC21A,0.6842229327559586
TTC21B,0.19650091063370367
TTC22,0.3883406960877359
TTC23,-0.025851354657295857
TTC27,0.09426178628071515
TTC28,0.6605215245835732
TTC29,
TTC3,0.20035153579897488
TTC31,0.4448000884749424
TTC32,-0.21196047662590525
TTC33,0.28413581071319083
TTC38,0.39434001946020547
TTC39A,0.21148916627152017
TTC39B,0.35819659331905856
TTC39C,0.6190775132468446
TTC5,0.42175912374358
TTC7A,-0.008756028395544985
TTC7B,0.4591373938459435
TTC8,0.2950678049801216
TTC9,-0.059892422869897
TTC9C,-0.2481981918382832
TTF1,0.08622389002788731
TTF2,0.029741460572685847
TTI1,-0.08406688432109495
TTI2,-0.09840431132369139
TTK,-0.055974410166974305
TTL,0.4292446107295433
TTLL1,-0.15828368191386735
TTLL12,-0.03044243931927858
TTLL3,-0.006641743023867586
TTLL4,0.07652375879750918
TTLL5,-0.030103873645192535
TTLL7,0.6632068585216445
TTN,0.6683221930122466
TTN-AS1,0.11054699288757802
TTPAL,-0.0825076932622706
TTTY14,0.27765161704657637
TTYH3,0.178388487917128
TUB,0.6671292892913776
TUBA1A,0.20906439530441223
TUBA1B,0.229486979519983
TUBA1C,-0.19219140324763673
TUBA4A,0.2776161094558624
TUBB,0.31443026577016403
TUBB1,-0.06177818098564586
TUBB2A,-0.05464596430371987
TUBB4B,0.25101352480753997
TUBB6,0.6187548777553257
TUBD1,0.13201935939089016
TUBE1,-0.026606097683430648
TUBG1,-0.07866305934991474
TUBG2,0.05782574329430003
TUBGCP2,0.2068496421201382
TUBGCP3,0.14653583632906375
TUBGCP4,0.12706796860388045
TUBGCP5,0.28107336794360754
TUBGCP6,0.011864656649178865
TUFM,-0.13937386251267248
TUFT1,0.553133899709329
TULP3,0.34798151718121834
TULP4,0.19090233536130008
TUSC1,0.09103274102632762
TUSC2,0.38992847793965846
TUSC3,0.468880172730503
TUT1,0.7315534597465493
TVP23B,-0.11993253969608175
TWF1,0.24544200172788375
TWF2,-0.11426908627776315
TWIST2,0.6125394824321538
TWSG1,0.11598747436579446
TXLNA,0.014466908446476022
TXLNG,-0.03877013730796159
TXN,0.2648305771074284
TXN2,0.07145401228891407
TXNDC11,0.018406044125219782
TXNDC12,-0.018408627031427
TXNDC15,0.23659020436983919
TXNDC16,-0.15859740371902348
TXNDC17,0.30164261401140247
TXNDC9,0.024914064523991423
TXNIP,0.5363629549078812
TXNL1,0.0322716037536274
TXNL4A,0.12849301363223062
TXNL4B,0.22536367408254804
TXNRD1,0.19111092741731428
TXNRD2,0.16816393929912413
TXNRD3,0.1978180997115454
TYK2,0.14045922494729474
TYMP,0.1850747451000607
TYMS,-0.06700876343681844
TYRO3,0.18928000664167122
TYROBP,0.5369693405579578
TYSND1,0.07392085546906267
TYW1,-0.017719854488807963
TYW1B,-0.034921186293154494
TYW3,0.16767300859804687
TYW5,-0.015037280016629809
U2AF1,-0.06243156934159328
U2AF2,0.1396770543614332
U2SURP,-0.11834667784851408
UACA,0.6808153628306496
UAP1,0.015264593558608236
UAP1L1,-0.1566551475597144
UBA1,0.004669011413827718
UBA2,0.05373046708673055
UBA3,0.08068709728940822
UBA5,-0.07594221821959556
UBA52,0.29501800366533276
UBA6,0.2175592389935704
UBA7,0.29637265538883406
UBAC1,-0.004915370375184195
UBAC2,0.24171604574846695
UBALD1,-0.01893537318875238
UBALD2,-0.0437273452956793
UBAP1,0.005079280432111356
UBAP2,-0.03486384072644154
UBAP2L,0.1760251951004179
UBASH3B,0.29375179446773225
UBB,-0.05586747779719177
UBC,0.2968699220321307
UBE2A,-0.1457294839065274
UBE2B,-0.10128334374845067
UBE2C,0.01657626104497366
UBE2D1,0.017076652364210014
UBE2D2,0.05143120735511438
UBE2D3,-0.17533851399019415
UBE2D4,0.13434068643091435
UBE2E1,-0.033424190307942886
UBE2E2,0.5185546480770991
UBE2E3,0.4919054737287601
UBE2F,0.013481532820931992
UBE2G1,-0.20948998413591968
UBE2G2,0.05898298176724278
UBE2H,0.012161113851848648
UBE2I,0.09551429928469207
UBE2J1,0.09763304614970887
UBE2J2,0.04586626157993528
UBE2K,-0.0965082480941179
UBE2L3,0.11542616792465159
UBE2L6,-0.09279120301057378
UBE2M,0.03834602356823966
UBE2N,0.174985502734093
UBE2O,0.204594915699506
UBE2Q1,-0.11404776996129443
UBE2Q2,0.10778816852575664
UBE2R2,0.031684377428533535
UBE2T,0.0026002948535134157
UBE2V2,0.07690933429367156
UBE2W,0.0304570364196377
UBE2Z,-0.04385831580987559
UBE3A,0.03838543994648042
UBE3B,-0.10623673826128673
UBE3C,-0.04234570209109769
UBE3D,0.15214578997646047
UBE4A,0.14115651212624386
UBE4B,-0.07133067236140958
UBFD1,0.2537981998520533
UBIAD1,0.22633365255683593
UBL3,0.27317572279555397
UBL4A,-0.10924198847136384
UBL5,-0.17554016213414664
UBL7,-0.08337585724920524
UBLCP1,-0.021585426524478722
UBN1,0.06347728053375605
UBN2,-0.033758747685867084
UBOX5,0.09744161866969944
UBP1,-0.18698505881049682
UBQLN1,0.08261442162712654
UBQLN2,0.07555003759520461
UBR1,0.11120277255229499
UBR2,0.3330484681346381
UBR3,0.07132055920763034
UBR4,0.10307909251322607
UBR5,0.28139742871353124
UBR7,-0.09043563545945316
UBTD1,0.05052720025755963
UBTD2,-0.06330491593665794
UBTF,-0.06342698678915298
UBXN1,-0.14431917017016468
UBXN10,-0.03412412870579559
UBXN2A,-0.05058449062065074
UBXN2B,-0.15057740915793927
UBXN4,0.17610618645912457
UBXN6,-0.06624965581000213
UBXN7,0.11228807479751882
UBXN8,0.4621414476740165
UCHL1,-0.027986846880548172
UCHL3,0.05714619498188629
UCHL5,0.2519169129708973
UCK1,0.08596037277416858
UCK2,0.30459852291070727
UCKL1,0.28318048737736146
UCKL1-AS1,
UCP2,0.14368700151202
UEVLD,-0.00990734288476743
UFC1,0.12053923358022844
UFL1,-0.1515521508444707
UFM1,0.2251014820695856
UFSP2,-0.17148450308209273
UGCG,-0.0972297887995565
UGDH,-0.13003742686059083
UGGT1,0.029490602177476455
UGGT2,0.11482188602671053
UGP2,0.15307898804400435
UHMK1,0.025329277886703146
UHRF2,0.0071798437429614285
UIMC1,-0.17247143350172137
ULK1,0.07595384123592484
ULK2,0.3191551412629907
ULK3,-0.10807072704953705
ULK4,0.31839258553644956
UMAD1,-0.10528561553945749
UMPS,-0.22783323071330394
UNC119,-0.0530492471747849
UNC119B,0.11970568669259041
UNC13B,0.4336960944267175
UNC13D,0.17788460082690857
UNC45A,-0.1102477946298623
UNC50,0.03721323258014857
UNC5B,0.5813412068191188
UNC5C,0.44428180923989724
UNC5CL,-0.04939768116173257
UNC93B1,0.2507658587879142
UNG,-0.06168663154096502
UNK,-0.033496431224091266
UNKL,-0.08785003471679931
UPF1,0.020775245266431215
UPF2,0.222272516582543
UPF3A,0.1258852304377794
UPF3B,0.19181541172651193
UPK3B,0.650141188918813
UPP1,-0.04282272908319955
UPRT,-0.13318874315358933
UQCC1,0.10913582312293431
UQCC2,0.3208244922021523
UQCC3,0.09104215843012922
UQCR10,0.3810620135970383
UQCR11,0.043940930662958386
UQCRB,0.002564034464018047
UQCRC1,-0.011334623471044527
UQCRC2,0.16285601903486582
UQCRFS1,-0.155844077694449
UQCRH,-0.12663338609780334
UQCRQ,-0.06436463554397798
URB1,0.016188414549395645
URB1-AS1,-0.07092395351111833
URB2,-0.08532497390102033
URGCP,-0.1225541537683469
URI1,0.06287614109146158
URM1,0.14368634455603624
UROD,-0.11747866328407633
UROS,0.17984342205361106
USB1,-0.025511581160343032
USE1,-0.051149835398157824
USF2,0.15532015673209504
USF3,0.04654728471777689
USHBP1,0.261074375625079
USO1,0.2188392649284723
USP1,0.3186814960262325
USP10,0.23486725568329844
USP11,0.18098006191261518
USP12,-0.0660444406700112
USP13,0.06787799573403386
USP14,0.11584116478026175
USP15,0.26593068936127895
USP16,0.09232637076723797
USP18,0.23410342797651995
USP19,0.33810878901130725
USP20,0.3084425263314278
USP21,0.1648727730665563
USP22,0.2271163003304238
USP24,0.14785765419045221
USP25,0.26357502925272747
USP27X,-0.04291489229062404
USP28,0.3563272204467398
USP3,0.09982542465225716
USP30,0.10625020586657107
USP30-AS1,0.17810478357756054
USP31,0.19953500855975692
USP32,-0.23968469880505122
USP33,0.20463754137823637
USP34,0.29333066368207994
USP36,0.06672387509953666
USP37,-0.08255287357264762
USP38,-0.06626971482910705
USP39,0.1557396368306635
USP4,0.03563699990818344
USP40,-0.031120252400098043
USP42,0.061801225780702226
USP44,0.24630819038174182
USP45,-0.04892462770751765
USP46,0.11558654316596592
USP47,0.10979137396410743
USP48,0.22917227374245322
USP49,0.08953857304643836
USP5,-0.16514789908018027
USP51,-0.029712645805324914
USP53,0.4698086981525125
USP54,0.5803832911628651
USP6NL,0.2644792646818414
USP7,0.20048470213780856
USP8,-0.12598451219019918
USP9X,-0.044031514253172865
USP9Y,0.1651255958320568
USPL1,0.13188569474473258
UST,0.19834531538659422
UTP14A,0.14856952897091494
UTP14C,-0.10443228036588659
UTP15,-0.032869926768466916
UTP18,-0.10620892260879046
UTP20,-0.002667585700273713
UTP23,0.21614260360980067
UTP3,-0.03085733048413333
UTP6,-0.20686005707707467
UTRN,0.14759008425211595
UTY,0.12009331364004155
UVRAG,0.23869211815813685
UVSSA,0.08514203060494106
UXS1,0.027257726232536132
UXT,0.15830242199494401
VAC14,0.1958844061982316
VAMP2,0.10178250350918085
VAMP3,0.11331384109333259
VAMP4,0.37766811084870666
VAMP5,0.06499689397727602
VAMP7,-0.18790072865476468
VAMP8,0.3235345646739307
VANGL1,0.3404953818512414
VANGL2,0.6022525928254789
VAPA,-0.09123617001724553
VAPB,0.16638381425908338
VARS2,0.027162572265621316
VASH1,0.3668545767044864
VASH2,-0.011259366167350593
VASN,0.45471419251496614
VASP,-0.06913331985901078
VAT1,0.3208097398568433
VAV1,0.22438731168053772
VAV2,0.23946789697160728
VAV3,0.28740495072812755
VBP1,-0.05780486849596883
VCAM1,0.43717394227805095
VCAN,0.7835872749182716
VCL,0.357157954506208
VCP,0.3296902387638609
VCPIP1,0.13609794988499982
VCPKMT,-0.10668905061946338
VDAC1,-0.04565147095488488
VDAC2,-0.13148815783604215
VDAC3,0.20938059575363616
VDR,0.15121018862462673
VEGFA,0.20328190548996292
VEGFB,0.07676681626793352
VEGFC,0.7700939831785245
VENTX,-0.04791646265031239
VEPH1,0.7226512879671337
VEZF1,0.020755991286417457
VEZT,0.373121373196637
VGLL3,0.7661651349622098
VGLL4,0.24746402808286772
VHL,-0.16258892682845252
VILL,-0.024876690746163443
VIM,0.5287558593380424
VIM-AS1,0.00217476281335955
VIPAS39,-0.039616077184709275
VIPR1,0.7866349002267868
VKORC1,
VKORC1L1,0.08160190181236683
VLDLR,0.03780253249463497
VMA21,0.12636494345415367
VMAC,-0.032902941661395846
VMO1,0.30415833198894976
VMP1,0.0737906802666252
VNN1,-0.03419174108551953
VNN2,0.7270487406976734
VOPP1,0.2081527229281382
VPS11,0.29306526193674687
VPS13A,0.3578679446760883
VPS13B,-0.027119710174820146
VPS13C,0.40456101053958166
VPS13D,-0.09834680784752033
VPS16,0.1358610703625447
VPS18,-0.04332765911787738
VPS25,-0.07461739673092146
VPS26A,-0.11358313109788751
VPS26B,0.23956053060157548
VPS28,0.3033846302154002
VPS29,0.07854518515198922
VPS33A,0.10009961209982214
VPS33B,-0.027648282073765768
VPS35,0.23811609735530623
VPS36,0.028505518506976166
VPS37A,0.33048695615237644
VPS37B,0.3059529304863444
VPS37C,0.09040693899650751
VPS39,-0.15730015618853446
VPS41,0.21415489964448617
VPS45,-0.08688597100682552
VPS4A,0.15028036050667337
VPS4B,-0.08432809333577135
VPS50,-0.026389954590653075
VPS51,0.134834503038095
VPS52,-0.05541247387361
VPS53,0.20186353087137784
VPS54,-0.09380281495765297
VPS72,0.369934162136711
VPS8,-0.0039566422608097755
VPS9D1,0.24301209380016608
VRK1,0.03650084866837088
VRK2,-0.041575507391081956
VRK3,-0.09543154005720403
VSIG1,
VSIG10,0.15131272347020477
VSIG2,0.20804160775188782
VSIG4,0.47583324972652674
VSNL1,0.9627811905159283
VSTM2L,-0.060956418266330525
VSTM4,0.5425549573791127
VTA1,0.03436151882754192
VTI1A,-0.12377199537914002
VTI1B,-0.14112897888035164
VWA1,-0.12615935455202024
VWA3A,0.9044429115523935
VWA3B,0.9853991282507932
VWA5A,0.4734871140862765
VWA8,0.08737241907112918
VWF,0.9515399626322985
WAC,-0.09151385349434119
WAC-AS1,0.16779518996702003
WAPL,0.1305753449294396
WARS2,-0.08563577879347165
WAS,0.36288985240762794
WASF1,0.40378158779412915
WASF2,0.00967697916329575
WASF3,0.23706070768169113
WASL,0.21379561410080505
WBP11,0.2155425981351124
WBP1L,-0.07021589936384368
WBP2,-0.02636485829438432
WBP4,0.24412756638374045
WDFY1,0.0588202767095177
WDFY2,0.13727761858664608
WDFY3,0.11162416576085628
WDFY4,0.7548631634402689
WDHD1,0.1079584877722519
WDPCP,-0.21139227124011212
WDR1,-0.026505625480248478
WDR11,-0.03154430709258514
WDR12,-0.17239694826780405
WDR13,0.27330415027883653
WDR17,0.015307508483667917
WDR18,-0.0803818236288355
WDR19,-0.0009217130426900592
WDR20,0.03093464834070381
WDR25,0.03245801869592336
WDR26,0.09906178939865859
WDR27,0.3481564108607227
WDR3,0.04467103205661157
WDR31,0.49707667148667595
WDR33,-0.0520241741061605
WDR35,0.15756873929579304
WDR36,-0.03551601433653044
WDR37,0.28039628073299055
WDR4,-0.050294662757931236
WDR41,0.33499579845833893
WDR43,0.2183132528756071
WDR44,0.026165546707805184
WDR45,-0.10932335122497963
WDR45B,0.1713566472903222
WDR46,-0.10784106577719907
WDR47,-0.05548834039279346
WDR48,0.22332059650797917
WDR5,-0.031171528471917002
WDR53,-0.10970961418348978
WDR54,0.05175398318853481
WDR55,0.1580097122365298
WDR59,0.3407695948439526
WDR5B,-0.10734088760649618
WDR6,0.03626268491797458
WDR7,0.13011958467676588
WDR70,0.16496424284879907
WDR73,0.34504139050422383
WDR74,0.1110882461842806
WDR75,0.1349022972611171
WDR76,0.21188490006006613
WDR77,-0.09168212509693552
WDR81,0.12121352217824781
WDR82,0.07085070827460263
WDR83OS,0.10761968105726565
WDR89,0.04612524794618555
WDR90,0.6904127163211541
WDR91,0.3296743908651133
WDSUB1,0.08857040641321298
WDTC1,0.23235189221040048
WEE1,0.14513408207628956
WFDC1,0.32776774204150144
WFDC2,0.332144197060147
WFS1,0.5706683336436816
WHAMM,-0.0009285406333965265
WIF1,0.1861960368123315
WIPF1,0.37193957201284045
WIPF2,-0.0003775315815362631
WIPI1,0.046693939825772426
WIPI2,0.09095537725609552
WIZ,-0.03144985757222001
WLS,0.4619989427224062
WNK1,0.1941256152473689
WNT2,0.7376073880935017
WNT2B,0.6404139656964852
WNT3A,0.5928534721979074
WNT5A,0.23725183752374937
WNT5B,0.03161310549620075
WNT7A,0.6380139893609882
WNT7B,-0.05368254408713171
WNT9A,0.14267342156314874
WRAP73,-0.024058239789408745
WRN,0.13366967001885455
WRNIP1,-0.20012396235030697
WSB1,0.3990543566718223
WSB2,0.10195834007234862
WSCD1,0.40490969436859187
WTAP,-0.18037931932039178
WTIP,0.25220706969103196
WWC1,0.32139030205994334
WWC2,0.39319179479403893
WWC3,0.45750744834162443
WWOX,0.19127590185552587
WWP1,-0.004093241393310683
WWP2,0.16602411244311902
WWTR1,0.7871585718731546
XAF1,0.4313852309639333
XAGE2,0.9093984558264272
XBP1,0.2760350963846011
XIAP,0.14478690092627428
XIRP1,
XIST,0.02374174017099476
XKR6,0.15574171368749914
XKR8,-0.07534993997001785
XPA,0.004717776242975907
XPC,0.05979935078427016
XPNPEP1,-0.3260963681232994
XPNPEP2,0.1867337617848705
XPNPEP3,0.1992032748109736
XPO1,0.19779670526323237
XPO4,0.2210074306257465
XPO5,0.033217443710497216
XPO6,0.3521665552572781
XPO7,0.1916343177957338
XPOT,0.0428160607574552
XPR1,0.42328604632461525
XRCC1,-0.10642957669759052
XRCC3,0.05428108117017737
XRCC4,0.02433248750297902
XRCC5,0.17349346540016589
XRCC6,0.2157387274460076
XRN1,0.34633943433600184
XRN2,-0.18198710129793644
XRRA1,0.007153574367654819
XXYLT1,-0.012339777903990901
XYLB,0.13196988032942275
XYLT1,0.022314436567039617
XYLT2,0.035518047888129345
YAF2,0.07479379291127397
YAP1,0.45118611514723655
YARS2,-0.11303399097225746
YBX1,0.12841779094899552
YBX3,0.5302310684110267
YDJC,-0.0569722687646881
YEATS2,0.42880132877955707
YEATS4,0.2753454706062731
YES1,0.47581715103352185
YIF1A,-0.03267344840198325
YIF1B,-0.0468818603143289
YIPF1,-0.14056893773190812
YIPF2,0.025251706175292106
YIPF3,-0.046773807067654466
YIPF4,0.41826643048596746
YIPF5,-0.04200853609794183
YIPF6,-0.1422326002891543
YKT6,0.40830415771146533
YLPM1,-0.08378989202592013
YME1L1,0.060501059101002286
YOD1,-0.04410824094855128
YPEL1,0.2659612806876567
YPEL2,-0.1123919685923698
YPEL3,-0.1094411173032397
YPEL4,0.041753143673497556
YPEL5,0.023661750778271
YRDC,0.044570194195441434
YTHDC1,-0.32795992339698876
YTHDC2,0.005007351921684885
YTHDF1,0.14982714095578442
YTHDF2,-0.0291512670830838
YTHDF3,0.12530869652626497
YWHAB,0.012512383100412661
YWHAE,-0.01774977062418746
YWHAG,-0.07527601822458029
YWHAH,0.053887220237374564
YWHAQ,-0.039235514247652585
YWHAZ,0.05551359790105589
YY1,-0.13793774606350467
YY1AP1,-0.05495749902560148
ZBBX,
ZBED2,-0.05672322975213505
ZBED3,0.3543939704351768
ZBED4,0.20337848619469925
ZBED5,0.014875819072495473
ZBED5-AS1,-0.2950834500823501
ZBP1,0.37068898517968774
ZBTB1,0.1898364321488736
ZBTB10,0.08513410542858967
ZBTB11,0.08910070189584172
ZBTB14,0.25604321348403947
ZBTB16,0.45666563843962316
ZBTB17,-0.14176265703339494
ZBTB18,-0.10440237884644427
ZBTB2,-0.14679732756724692
ZBTB20,0.386412202982048
ZBTB21,-0.15190878069447608
ZBTB22,0.021203814755071316
ZBTB24,0.08863577230394877
ZBTB25,0.012808687532589961
ZBTB26,-0.08986774397784424
ZBTB3,-0.07701287629121804
ZBTB33,0.059226090741935654
ZBTB34,0.07629726430636904
ZBTB37,0.34560207818715416
ZBTB38,0.2585786646804756
ZBTB39,0.05016872043808597
ZBTB4,-0.00028008395938424607
ZBTB40,-0.005251550837383599
ZBTB41,-0.07810602806916837
ZBTB42,0.11691314456150562
ZBTB43,-0.10780197808745433
ZBTB44,0.19448090083723146
ZBTB45,-0.06399231436875064
ZBTB46,0.35378263748735883
ZBTB48,-0.12887602042079582
ZBTB5,-0.0726978333943647
ZBTB6,0.14194906184375852
ZBTB7A,0.0979060034029769
ZBTB7B,0.3775780945794199
ZBTB7C,0.44393832677770634
ZBTB8A,0.08109225844876351
ZBTB8OS,-0.12420473235844456
ZC2HC1A,0.455587991223582
ZC2HC1C,-0.03292935292427462
ZC3H11A,-0.014365057141809016
ZC3H12A,0.19682156033238524
ZC3H12C,-0.04844393533427309
ZC3H12D,0.6695012992785028
ZC3H13,-0.24055956237761084
ZC3H14,0.11748211853101928
ZC3H15,0.006554122177277483
ZC3H18,0.12908943522389688
ZC3H3,-0.057387792471183426
ZC3H4,-0.08435710923597589
ZC3H6,0.035384382126949984
ZC3H7A,0.04660449909036973
ZC3H7B,0.322459979388214
ZC3H8,-0.22759223549564073
ZC3HAV1,0.39206595292995555
ZC3HC1,0.004961887448897712
ZC4H2,0.2641270699928338
ZCCHC10,0.11914673501328188
ZCCHC14,0.23964869271500147
ZCCHC17,-0.05573378993513118
ZCCHC2,0.07825818856937283
ZCCHC24,0.3525510766916875
ZCCHC3,-0.061414323176523906
ZCCHC4,-0.016432563865299444
ZCCHC7,0.06188370525572069
ZCCHC8,0.07254616604963843
ZCCHC9,0.005278195207373883
ZCRB1,-0.059798646094314074
ZCWPW1,0.09041673319939143
ZDBF2,-0.07955516989636698
ZDHHC1,0.21518669277951138
ZDHHC12,-0.047490814952384115
ZDHHC13,0.1801593612392767
ZDHHC14,0.4447306705049367
ZDHHC16,0.056475004633992354
ZDHHC17,0.1957363277435072
ZDHHC18,0.333011625765297
ZDHHC19,-0.02396928699459157
ZDHHC2,0.010385684853393678
ZDHHC20,0.1862821283361515
ZDHHC21,-0.050722487027195826
ZDHHC23,0.015292430610084892
ZDHHC24,0.14901767565941423
ZDHHC3,0.2776010363885413
ZDHHC4,-0.029687726904678444
ZDHHC5,-0.22940389464065333
ZDHHC6,-0.16524580478857792
ZDHHC7,-0.12184505527295679
ZDHHC8,0.01695367628912012
ZDHHC9,0.23501869666921016
ZEB1,0.6885680759992544
ZEB1-AS1,0.34639686083614585
ZEB2,0.47318048023031584
ZER1,0.0004714099236612585
ZFAND1,-0.09446845820485757
ZFAND2A,0.16374593324088205
ZFAND2B,-0.05009996280687087
ZFAND3,0.3029248662835993
ZFAND4,-0.02837150915586829
ZFAND5,0.3023621033627033
ZFAND6,0.20182431671628678
ZFAS1,0.10140097204559907
ZFAT,0.7622377556438928
ZFC3H1,0.19413630366122908
ZFHX2,0.7636583592614369
ZFHX3,0.6760941920528163
ZFHX4,0.38801946682192545
ZFP1,-0.0868409944852108
ZFP14,0.07395582068405394
ZFP28,0.04082613119841787
ZFP3,0.20763832930551301
ZFP30,0.44481954756412123
ZFP36,0.23989548445666198
ZFP36L1,0.18604250256008587
ZFP36L2,0.7239364952684206
ZFP41,0.5445302721789271
ZFP62,0.06411624780532489
ZFP64,0.04053302539800637
ZFP69,-0.14798293844789367
ZFP82,-0.01901114711819246
ZFP90,0.05264362284847651
ZFP91,-0.06642666621865503
ZFP92,0.19674574374946222
ZFPL1,0.1123005703764975
ZFPM1,0.5704083777213503
ZFPM2,0.4394296841210505
ZFR,0.2734704810369224
ZFX,0.0004537113928195502
ZFY,0.12213255598147238
ZFYVE1,-0.12515553608577898
ZFYVE16,0.24095192482328426
ZFYVE19,0.0282197167267927
ZFYVE21,-0.07394444522129356
ZFYVE26,-0.08843591481806881
ZFYVE27,0.00129176889438362
ZFYVE28,0.39056455189067213
ZFYVE9,0.5001123126359202
ZGRF1,-0.1381586414251555
ZHX1,0.006690348924266408
ZHX2,0.23266144444048403
ZHX3,0.4162678271873827
ZKSCAN1,0.14617850850453057
ZKSCAN3,-0.10134998480267071
ZKSCAN5,-0.13224918244493755
ZKSCAN7,0.3734264318829905
ZKSCAN8,0.03089075642418561
ZMAT1,0.3720366790737807
ZMAT2,-0.04705550433543727
ZMAT3,-0.14660607630669395
ZMAT5,-0.054944321984763476
ZMIZ1,0.37187516039134527
ZMIZ2,-0.03268572261285871
ZMPSTE24,-0.2053571041248069
ZMYM1,-0.006059640467824453
ZMYM2,0.10240338489284893
ZMYM3,0.07804641749356174
ZMYM4,-0.0043783058320361725
ZMYM5,-0.012105420819671643
ZMYM6,-0.05723945966494369
ZMYND10,
ZMYND11,0.06770575301694655
ZMYND15,-0.06410215116038273
ZMYND19,-0.08961772396422657
ZMYND8,0.14277199158887116
ZNF10,-0.08974492389232074
ZNF100,-0.07290962901020408
ZNF101,0.21459382056214138
ZNF106,0.39343732021227434
ZNF107,0.13711388063709767
ZNF117,-0.012084765814963159
ZNF12,-0.022942016008996115
ZNF121,-0.04697916943692403
ZNF124,-0.009328732600059404
ZNF131,0.10042068454740784
ZNF133,0.008774009059094248
ZNF134,-0.0025764221921628144
ZNF135,0.2260813328154523
ZNF136,-0.12309513437266992
ZNF140,-0.02870771353044215
ZNF141,0.19617353188690909
ZNF142,-0.1127367599204325
ZNF143,-0.11527551963470621
ZNF146,0.05971613344467423
ZNF148,0.14274041861319903
ZNF154,-0.055865720389529916
ZNF155,0.29931417537129973
ZNF16,-0.06298034666998237
ZNF160,0.08863691646949179
ZNF169,0.18754074265156298
ZNF175,0.09007467583086846
ZNF180,0.12698827188383482
ZNF181,0.0227628694055157
ZNF182,0.08345640792714022
ZNF184,-0.20014814520063307
ZNF185,0.14369362955809198
ZNF189,-0.22253587874795552
ZNF19,0.5549643018633694
ZNF195,0.22172311760218352
ZNF197,0.18420841112917696
ZNF200,-0.14720369901362093
ZNF202,-0.0014331060960460476
ZNF205,0.0995630119727913
ZNF207,0.1438591415879927
ZNF211,-0.04116692740843023
ZNF212,0.14487231752386018
ZNF213,0.16832087832279782
ZNF213-AS1,0.2353281096376397
ZNF217,-0.055085436443790145
ZNF219,0.032594489517856345
ZNF22,-0.011973333348607987
ZNF224,0.1253748198275514
ZNF225,0.25550915845250405
ZNF226,-0.003135981219170055
ZNF227,0.12697090607015366
ZNF232,-0.08547456679374786
ZNF234,0.024746714317802572
ZNF236,-0.1644359316396496
ZNF24,-0.10858059642242995
ZNF248,0.3818892195335713
ZNF25,0.11214157160742388
ZNF251,-0.11958594152857832
ZNF253,-0.02582945394294439
ZNF254,0.06486291432471282
ZNF26,0.3518675256239316
ZNF260,0.0004945951709320472
ZNF263,-0.09161237279534123
ZNF264,0.09365233668508063
ZNF266,0.05141464686381611
ZNF267,0.07988502545329765
ZNF268,-0.12681434272694292
ZNF273,-0.026245516022281576
ZNF274,0.061578554744762724
ZNF275,0.17757026268925585
ZNF276,0.16475149191666374
ZNF277,0.10283652136362137
ZNF28,0.015281256533548329
ZNF280C,0.12259399449397944
ZNF280D,0.10852013849523905
ZNF281,0.16132321661556934
ZNF282,-0.053898548020566844
ZNF283,0.2184513805346128
ZNF292,0.36532393518143536
ZNF296,-0.047477175572760696
ZNF3,-0.07413156535385225
ZNF302,0.26260144961320847
ZNF304,0.2003535922244367
ZNF316,0.19011273034335857
ZNF317,-0.16630493845614266
ZNF318,0.07563096080898236
ZNF319,-0.09634451621672657
ZNF32,-0.004262892296131178
ZNF320,-0.06550757810995454
ZNF322,0.06909633499568878
ZNF324,0.17134194717020726
ZNF324B,-0.08610924685388757
ZNF326,0.3123268733090807
ZNF329,0.10928128379255266
ZNF330,0.09444346504087187
ZNF331,0.053161904548812644
ZNF333,0.14088442116386138
ZNF335,-0.04578980063373801
ZNF337,-0.03758120994444165
ZNF33A,-0.031524492067177654
ZNF33B,0.15147442137252898
ZNF34,0.25383111390093155
ZNF341,0.08793488518696896
ZNF343,0.10247904517732927
ZNF345,0.18436573497125716
ZNF346,-0.08512229797188066
ZNF347,0.09531525524681184
ZNF35,0.36623453096849906
ZNF350,0.42498910622384733
ZNF354A,-0.12838369276405012
ZNF354B,-0.09821883694956242
ZNF354C,-0.18942220170591084
ZNF358,0.3910271822732598
ZNF362,-0.06811614511399396
ZNF365,-0.0027171898466604207
ZNF366,0.5030384698403783
ZNF367,0.48745778809540313
ZNF37A,-0.12074345853873962
ZNF383,0.15419221068128716
ZNF384,0.0034964682933078346
ZNF385A,-0.0565309410942438
ZNF385B,0.576305875394282
ZNF385D,0.5533607707752719
ZNF394,0.3424792993473894
ZNF395,-0.015074665464671542
ZNF397,-0.21948248502489226
ZNF398,-0.05563063802489244
ZNF407,0.2421720456284281
ZNF408,-0.08795867231487423
ZNF415,0.3370065929536649
ZNF417,-0.11767734975772509
ZNF420,0.21144234927803104
ZNF423,0.675573405922902
ZNF426,0.05816987104779564
ZNF428,-0.10137982535918623
ZNF43,0.26410984230750695
ZNF430,-0.0225607684389363
ZNF431,0.10192848002764592
ZNF432,0.37148002014564385
ZNF436,0.024686045593305506
ZNF438,0.03327934796929678
ZNF439,0.010955873335550759
ZNF44,0.24418390997623513
ZNF440,0.4796156195614438
ZNF441,0.09323263620719115
ZNF442,0.09397310812925815
ZNF444,0.04298252156448502
ZNF445,0.02797551150323645
ZNF446,0.2334167074036742
ZNF449,0.11464538230312016
ZNF451,0.1796291050145441
ZNF462,0.28651561391264496
ZNF467,0.13269205451889257
ZNF468,
ZNF469,-0.013238329433790995
ZNF470,0.06183589739176684
ZNF471,0.1327554871903449
ZNF473,0.747218069176557
ZNF48,0.024190968076691913
ZNF480,0.037053438757327216
ZNF486,0.22014352444649776
ZNF487,0.003770994986650478
ZNF493,0.1846280026567645
ZNF496,-0.21384568487855465
ZNF500,0.03178110053832588
ZNF502,0.1333489144154728
ZNF503,0.33260059040355433
ZNF503-AS2,-0.08468689518164117
ZNF506,0.23831961783546923
ZNF507,0.31210076557281713
ZNF510,0.12472090742209878
ZNF511,-0.06427877730271933
ZNF512,-0.02891829006424077
ZNF512B,-0.08467978789174192
ZNF513,-0.09070655718777954
ZNF514,-0.012072647893014689
ZNF516,0.02273047454948194
ZNF518A,-0.12648540623350107
ZNF518B,-0.045525414748691165
ZNF519,0.1638713776186365
ZNF521,0.7651766049878792
ZNF524,-0.0199734619061468
ZNF525,-0.14034406787277987
ZNF526,0.3157175852177258
ZNF527,-0.08648905377589591
ZNF528,0.29298155987117613
ZNF529,-0.17215028292309217
ZNF532,0.40050464230607624
ZNF543,-0.032018792797968376
ZNF544,0.034906720676708226
ZNF546,0.184105240547288
ZNF548,-0.09145642211238773
ZNF549,0.04278886148122054
ZNF550,0.10116961669371277
ZNF551,
ZNF552,0.2177516888380462
ZNF554,0.1197753130006266
ZNF555,-0.07827181365861885
ZNF557,0.1291435747430054
ZNF558,-0.022302686197340438
ZNF559,-0.09678885821247096
ZNF561,0.03600911345990752
ZNF562,-0.2231798421241604
ZNF566,0.21261134378129937
ZNF567,0.3394094335018563
ZNF568,-0.01667327778831125
ZNF569,-0.18735710492871321
ZNF57,-0.04401714922453183
ZNF570,0.10718673854611718
ZNF573,-0.07555354559082551
ZNF574,0.3231936123739331
ZNF575,0.017781494071129927
ZNF577,0.37760774126649505
ZNF579,-0.07159740114539272
ZNF580,0.13325443964158093
ZNF583,0.32408993188215657
ZNF584,-0.004764734117003428
ZNF585A,-0.07210645720311426
ZNF585B,0.0012799985773264489
ZNF586,0.09111568928048569
ZNF587,-0.10881980603380331
ZNF587B,-0.07748966440355325
ZNF589,0.25228289337149096
ZNF592,0.025018996109356647
ZNF593,-0.07766490404258906
ZNF595,0.12342838370544883
ZNF597,-0.03262624241328419
ZNF598,-0.10107494386111249
ZNF599,0.017135352979261897
ZNF600,0.0969830625015816
ZNF605,0.07952466534378463
ZNF606,-0.06698416061863274
ZNF608,0.4371421929740425
ZNF609,0.13798028790727115
ZNF611,0.21723792580879686
ZNF614,0.25186343021198215
ZNF615,0.010307670324916344
ZNF616,-0.004767245478952504
ZNF618,0.585931851801577
ZNF619,0.06690999620234997
ZNF621,-0.05946768411368858
ZNF622,0.00623069905679388
ZNF623,-0.058639196782471745
ZNF626,-0.017138777010547675
ZNF627,-0.04908309428842103
ZNF629,-0.09115279250310289
ZNF638,0.2683810687798256
ZNF639,0.0852411546900269
ZNF641,0.3288293203353434
ZNF644,0.06301929445569773
ZNF646,-0.023875330045065916
ZNF649,-0.143713242622081
ZNF652,0.2297851976399456
ZNF654,0.009934162990563065
ZNF655,0.034688832425188686
ZNF660,
ZNF662,-0.04760816019235041
ZNF664,0.11811373645738585
ZNF667,0.004069637914163815
ZNF667-AS1,0.2587290960126184
ZNF668,-0.14041538263724293
ZNF671,0.14830062237341568
ZNF672,-0.16797919455761634
ZNF675,0.018029741549380803
ZNF677,-0.014441969482541565
ZNF678,0.10192917625094829
ZNF680,0.04837487315429879
ZNF682,0.12370474904229037
ZNF684,-0.11869709129414519
ZNF687,0.3585097094458954
ZNF688,-0.1808618805913704
ZNF689,-0.0480131540975588
ZNF691,-0.11485390751151243
ZNF692,0.14804701211690624
ZNF696,0.0647008893347206
ZNF697,0.37924574272853423
ZNF7,0.06410653158683256
ZNF70,0.06534440417299749
ZNF700,0.2603280384243639
ZNF701,-0.002877759045524991
ZNF703,0.18254542311299993
ZNF704,0.49589231828250396
ZNF706,0.08737446509829935
ZNF708,0.12956146640917798
ZNF71,0.005145347424737048
ZNF710,-0.04255943980234834
ZNF711,0.01880406882231344
ZNF713,
ZNF714,0.18306538476322803
ZNF717,-0.06505744129583066
ZNF718,0.09329862284759842
ZNF721,0.07619772253755996
ZNF736,0.032865184362593586
ZNF738,0.05204094540427933
ZNF74,-0.033196278794139035
ZNF740,0.5193069850454205
ZNF746,0.544127203331606
ZNF750,0.15752583487072208
ZNF75A,-0.02571095950257514
ZNF75D,-0.041899012743108914
ZNF76,-0.1272079463786756
ZNF761,-0.16102443097531371
ZNF763,-0.053532014390931734
ZNF764,-0.03162729801118176
ZNF765,0.024586530254014406
ZNF766,0.36884036207846493
ZNF768,0.08859584861034642
ZNF770,0.12795111544433044
ZNF771,-0.055571935344084854
ZNF773,0.17923105239321865
ZNF774,0.08518314963414476
ZNF775,-0.07196075611615953
ZNF776,-0.026850542368286913
ZNF777,-0.006264713824293725
ZNF778,0.07650331896322432
ZNF780A,-0.13238303726101197
ZNF780B,0.05064544786305552
ZNF783,0.10103777769570077
ZNF784,-0.07375376629673266
ZNF785,-0.041385285977567826
ZNF787,-0.05969920031716741
ZNF790,-0.16618209806879466
ZNF791,0.00912776911433513
ZNF792,0.532410362122669
ZNF793,0.6191366922333087
ZNF800,0.12449093126969214
ZNF808,0.30685454403503537
ZNF81,0.08603484841114493
ZNF813,-0.013440294294763252
ZNF814,0.059239061558391454
ZNF827,0.5582426624117464
ZNF829,0.09451307690906162
ZNF83,0.2765581876150251
ZNF830,0.05839836588952774
ZNF836,0.24287964526936986
ZNF839,0.16095810050785067
ZNF84,0.14167313912452018
ZNF841,-0.007227017724161263
ZNF844,-0.010028889587740845
ZNF845,-0.052934163509649704
ZNF853,-0.0574419864264724
ZNF862,-0.0034677406914171713
ZNF865,-0.055584228748246874
ZNF880,-0.11173997360361997
ZNF891,-0.14765981900791603
ZNF91,-0.06431296953911973
ZNF92,0.07064844511728671
ZNFX1,-0.007337889806885968
ZNHIT1,0.005290120783311875
ZNHIT2,0.1432548853346325
ZNHIT3,0.047675423573973065
ZNHIT6,0.19564909600260885
ZNRF1,0.39345191192165235
ZNRF2,0.27812975612627805
ZNRF3,0.5924374766991197
ZP3,-0.13931381946957572
ZPR1,-0.06893531262737801
ZRANB1,0.028315844115542957
ZRANB2,0.2544685061043194
ZRANB3,0.20042826803750213
ZRSR2,0.009806055854290034
ZSCAN16-AS1,0.2892294130921041
ZSCAN18,0.0720380594995455
ZSCAN21,0.1857307257815123
ZSCAN22,-0.02534235629388551
ZSCAN25,0.0436347132249994
ZSCAN26,0.1740880960754958
ZSCAN29,-0.001787235956572375
ZSCAN30,0.15730836137521145
ZSCAN31,0.5787192911074749
ZSCAN32,-0.16185093199298153
ZSCAN5A,-0.0263124628339629
ZSCAN9,-0.23122923579558763
ZSWIM1,-0.05076577180529914
ZSWIM3,0.06463567116248131
ZSWIM4,0.03846180408576514
ZSWIM6,0.23443895658654304
ZSWIM7,-0.1393191684914038
ZSWIM8,-0.06651884616254725
ZW10,-0.17233458476798258
ZWILCH,-0.15077832327599333
ZWINT,0.5041326915823946
ZXDB,-0.07697387035427926
ZXDC,0.10412985485116985
ZYG11B,0.0502171371897084
ZYX,0.4254021338750916
ZZEF1,0.12788036384836732
