dataset,axis,method,r
HCA_fold2,gene,BayesPrism,0.860507362837674
HCA_fold2,gene,BayesPrism,0.831148162925855
HCA_fold2,gene,BayesPrism,0.237532591890198
HCA_fold2,gene,BayesPrism,0.78362307076704
HCA_fold2,gene,BayesPrism,0.787473530033287
HCA_fold2,gene,BayesPrism,0.702610765964054
HCA_fold2,gene,BayesPrism,0.895148148359587
HCA_fold2,gene,BayesPrism,0.805051996264191
HCA_fold2,gene,BayesPrism,0.8614195584605
HCA_fold2,gene,BayesPrism,0.684376726786742
HCA_fold2,gene,BayesPrism,0.588659504652658
HCA_fold2,gene,BayesPrism,0.71636529303666
HCA_fold2,gene,BayesPrism,0.631066876813911
HCA_fold2,gene,BayesPrism,0.712430690496606
HCA_fold2,gene,BayesPrism,0.698316944597323
HCA_fold2,gene,BayesPrism,0.867912900978204
HCA_fold2,gene,BayesPrism,0.807294884157371
HCA_fold2,gene,BayesPrism,0.629889499967066
HCA_fold2,gene,BayesPrism,0.767994954622003
HCA_fold2,gene,BayesPrism,0.790861378154678
HCA_fold2,gene,BayesPrism,0.503598344213972
HCA_fold2,gene,BayesPrism,0.859953607464911
HCA_fold2,gene,BayesPrism,0.543566291814125
HCA_fold2,gene,BayesPrism,0.760819077253105
HCA_fold2,gene,BayesPrism,0.703019976569721
HCA_fold2,gene,BayesPrism,0.808406230250622
HCA_fold2,gene,BayesPrism,0.322899661201254
HCA_fold2,gene,BayesPrism,0.920992281681463
HCA_fold2,gene,BayesPrism,0.709011049183952
HCA_fold2,gene,BayesPrism,0.662800442350513
HCA_fold2,gene,BayesPrism,0.686219066191594
HCA_fold2,gene,BayesPrism,0.278991232798288
HCA_fold2,gene,BayesPrism,0.797066177384016
HCA_fold2,gene,BayesPrism,0.694143204687316
HCA_fold2,gene,BayesPrism,0.64687855195086
HCA_fold2,gene,BayesPrism,0.667323744173568
HCA_fold2,gene,BayesPrism,0.834626276633179
HCA_fold2,gene,BayesPrism,0.835456726813913
HCA_fold2,gene,BayesPrism,0.596013390812584
HCA_fold2,gene,BayesPrism,0.444514977564184
HCA_fold2,gene,BayesPrism,0.499881772101614
HCA_fold2,gene,BayesPrism,0.755295788921505
HCA_fold2,gene,BayesPrism,0.785791174753734
HCA_fold2,gene,BayesPrism,0.4759575858218
HCA_fold2,gene,BayesPrism,0.550392140727847
HCA_fold2,gene,BayesPrism,0.635965771993134
HCA_fold2,gene,BayesPrism,0.832523033465238
HCA_fold2,gene,BayesPrism,0.661797191996812
HCA_fold2,gene,BayesPrism,0.85330344554416
HCA_fold2,gene,BayesPrism,0.512467553979771
HCA_fold2,gene,BayesPrism,0.714251997550119
HCA_fold2,gene,BayesPrism,0.706449840041447
HCA_fold2,gene,BayesPrism,0.758190861055755
HCA_fold2,gene,BayesPrism,0.676183169623273
HCA_fold2,gene,BayesPrism,0.927140440929251
HCA_fold2,gene,BayesPrism,0.507199219111624
HCA_fold2,gene,BayesPrism,0.738971511673407
HCA_fold2,gene,BayesPrism,0.661380779900514
HCA_fold2,gene,BayesPrism,0.766831971380331
HCA_fold2,gene,BayesPrism,0.854632930358727
HCA_fold2,gene,BayesPrism,0.847271582245604
HCA_fold2,gene,BayesPrism,0.745007802092791
HCA_fold2,gene,BayesPrism,0.58413324429774
HCA_fold2,gene,BayesPrism,0.598302651765358
HCA_fold2,gene,BayesPrism,0.822205346244125
HCA_fold2,gene,BayesPrism,0.402218177311106
HCA_fold2,gene,BayesPrism,0.858292237768715
HCA_fold2,gene,BayesPrism,0.575585768266626
HCA_fold2,gene,BayesPrism,0.719335432210336
HCA_fold2,gene,BayesPrism,0.819326437569019
HCA_fold2,gene,BayesPrism,0.434007593080794
HCA_fold2,gene,BayesPrism,0.280810110403955
HCA_fold2,gene,BayesPrism,0.871486530907772
HCA_fold2,gene,BayesPrism,0.735816723724008
HCA_fold2,gene,BayesPrism,0.346529062335221
HCA_fold2,gene,BayesPrism,0.39452556916502
HCA_fold2,gene,BayesPrism,0.787944727922677
HCA_fold2,gene,BayesPrism,0.869519353492916
HCA_fold2,gene,BayesPrism,0.306296268515007
HCA_fold2,gene,BayesPrism,0.673990213577117
HCA_fold2,gene,BayesPrism,0.730225738186802
HCA_fold2,gene,BayesPrism,0.676881584746636
HCA_fold2,gene,BayesPrism,0.58743513014555
HCA_fold2,gene,BayesPrism,0.696536786742297
HCA_fold2,gene,BayesPrism,0.650730508578084
HCA_fold2,gene,BayesPrism,0.581891774326584
HCA_fold2,gene,BayesPrism,0.36982149102492
HCA_fold2,gene,BayesPrism,0.730345698793039
HCA_fold2,gene,BayesPrism,0.88961466404341
HCA_fold2,gene,BayesPrism,0.740076229148059
HCA_fold2,gene,BayesPrism,0.904127415357992
HCA_fold2,gene,BayesPrism,0.796633541872984
HCA_fold2,gene,BayesPrism,0.861869032716515
HCA_fold2,gene,BayesPrism,0.111981913242375
HCA_fold2,gene,BayesPrism,0.865941099108011
HCA_fold2,gene,BayesPrism,0.455311844011171
HCA_fold2,gene,BayesPrism,0.500178019652697
HCA_fold2,gene,BayesPrism,0.806452711442999
HCA_fold2,gene,BayesPrism,0.856493260281962
HCA_fold2,gene,BayesPrism,0.851869232636334
HCA_fold2,gene,BayesPrism,0.329001686652978
HCA_fold2,gene,BayesPrism,0.729052542660429
HCA_fold2,gene,BayesPrism,0.785614906103322
HCA_fold2,gene,BayesPrism,0.751716636443005
HCA_fold2,gene,BayesPrism,0.804278453635888
HCA_fold2,gene,BayesPrism,0.8454560299087
HCA_fold2,gene,BayesPrism,0.672209652724774
HCA_fold2,gene,BayesPrism,0.718497404877449
HCA_fold2,gene,BayesPrism,0.787786576884096
HCA_fold2,gene,BayesPrism,0.822528825249943
HCA_fold2,gene,BayesPrism,0.704195686629143
HCA_fold2,gene,BayesPrism,0.661738714142516
HCA_fold2,gene,BayesPrism,0.315218183837515
HCA_fold2,gene,BayesPrism,0.633803077375876
HCA_fold2,gene,BayesPrism,0.792204746628181
HCA_fold2,gene,BayesPrism,0.778308088042562
HCA_fold2,gene,BayesPrism,0.516452708448596
HCA_fold2,gene,BayesPrism,0.428101076069538
HCA_fold2,gene,BayesPrism,0.618581299816594
HCA_fold2,gene,BayesPrism,0.487680186992024
HCA_fold2,gene,BayesPrism,0.657369723719427
HCA_fold2,gene,BayesPrism,0.835537751726493
HCA_fold2,gene,BayesPrism,0.554880368825917
HCA_fold2,gene,BayesPrism,0.578732047348766
HCA_fold2,gene,BayesPrism,0.508031053138218
HCA_fold2,gene,BayesPrism,0.0196084190030108
HCA_fold2,gene,BayesPrism,0.830189906720786
HCA_fold2,gene,BayesPrism,0.527282652680151
HCA_fold2,gene,BayesPrism,0.798772141233007
HCA_fold2,gene,BayesPrism,0.432808080608895
HCA_fold2,gene,BayesPrism,0.852154346221822
HCA_fold2,gene,BayesPrism,0.882273289623307
HCA_fold2,gene,BayesPrism,0.713403161117181
HCA_fold2,gene,BayesPrism,0.84106616569909
HCA_fold2,gene,BayesPrism,0.387448438602894
HCA_fold2,gene,BayesPrism,0.450102228869602
HCA_fold2,gene,BayesPrism,0.875480019937346
HCA_fold2,gene,BayesPrism,0.814240536337524
HCA_fold2,gene,BayesPrism,0.710966765945326
HCA_fold2,gene,BayesPrism,0.710259792535873
HCA_fold2,gene,BayesPrism,0.821976036316889
HCA_fold2,gene,BayesPrism,0.686314249835948
HCA_fold2,gene,BayesPrism,0.867669699489594
HCA_fold2,gene,BayesPrism,0.894545074715719
HCA_fold2,gene,BayesPrism,0.776531343584599
HCA_fold2,gene,BayesPrism,0.618789027309526
HCA_fold2,gene,BayesPrism,0.301886499121258
HCA_fold2,gene,BayesPrism,0.743340481663945
HCA_fold2,gene,BayesPrism,0.503204978250628
HCA_fold2,gene,BayesPrism,0.723939192265021
HCA_fold2,gene,BayesPrism,0.867117533437594
HCA_fold2,gene,BayesPrism,0.749146364112198
HCA_fold2,gene,BayesPrism,0.620322053492434
HCA_fold2,gene,BayesPrism,0.620747178417561
HCA_fold2,gene,BayesPrism,0.624709549571461
HCA_fold2,gene,BayesPrism,0.766971889296633
HCA_fold2,gene,BayesPrism,0.709247568397309
HCA_fold2,gene,BayesPrism,0.932870312056454
HCA_fold2,gene,BayesPrism,0.834324569169654
HCA_fold2,gene,BayesPrism,0.901551804160007
HCA_fold2,gene,BayesPrism,0.165435539256531
HCA_fold2,gene,BayesPrism,0.727757011609233
HCA_fold2,gene,BayesPrism,0.844453485243102
HCA_fold2,gene,BayesPrism,0.522826955049425
HCA_fold2,gene,BayesPrism,0.594535076391177
HCA_fold2,gene,BayesPrism,0.803292941183803
HCA_fold2,gene,BayesPrism,0.802468801923487
HCA_fold2,gene,BayesPrism,0.773586533989149
HCA_fold2,gene,BayesPrism,0.706651224559298
HCA_fold2,gene,BayesPrism,0.729601489653943
HCA_fold2,gene,BayesPrism,0.408043626525471
HCA_fold2,gene,BayesPrism,0.648613690465703
HCA_fold2,gene,BayesPrism,0.846339073561335
HCA_fold2,gene,BayesPrism,0.554588758957521
HCA_fold2,gene,BayesPrism,0.730764268338639
HCA_fold2,gene,BayesPrism,0.710040873852361
HCA_fold2,gene,BayesPrism,0.7383804180799
HCA_fold2,gene,BayesPrism,0.26239917605337
HCA_fold2,gene,BayesPrism,0.875644154171689
HCA_fold2,gene,BayesPrism,0.676474967428017
HCA_fold2,gene,BayesPrism,0.673835893819412
HCA_fold2,gene,BayesPrism,0.562368213488956
HCA_fold2,gene,BayesPrism,0.868329696441278
HCA_fold2,gene,BayesPrism,0.657094684866228
HCA_fold2,gene,BayesPrism,0.483501737116273
HCA_fold2,gene,BayesPrism,0.663600625719204
HCA_fold2,gene,BayesPrism,0.70892775733158
HCA_fold2,gene,BayesPrism,0.504870611084711
HCA_fold2,gene,BayesPrism,0.669983675373492
HCA_fold2,gene,BayesPrism,0.839659336051605
HCA_fold2,gene,BayesPrism,0.386871742204202
HCA_fold2,gene,BayesPrism,0.771046354041984
HCA_fold2,gene,BayesPrism,0.797449850846116
HCA_fold2,gene,BayesPrism,0.655747807138065
HCA_fold2,gene,BayesPrism,0.72349792959958
HCA_fold2,gene,BayesPrism,0.527171066082388
HCA_fold2,gene,BayesPrism,0.721504387031183
HCA_fold2,gene,BayesPrism,0.601812164333093
HCA_fold2,gene,BayesPrism,0.883448843091939
HCA_fold2,gene,BayesPrism,0.709998134240416
HCA_fold2,gene,BayesPrism,0.801542878909116
HCA_fold2,gene,BayesPrism,0.895701529585524
HCA_fold2,gene,BayesPrism,0.71707788544549
HCA_fold2,gene,BayesPrism,0.735604731511288
HCA_fold2,gene,BayesPrism,0.869434410665099
HCA_fold2,gene,BayesPrism,0.847451961096448
HCA_fold2,gene,BayesPrism,0.69196415212076
HCA_fold2,gene,BayesPrism,0.678164577451825
HCA_fold2,gene,BayesPrism,0.808903067570859
HCA_fold2,gene,BayesPrism,0.790599770941276
HCA_fold2,gene,BayesPrism,0.635559679752488
HCA_fold2,gene,BayesPrism,0.734350841914269
HCA_fold2,gene,BayesPrism,0.58029860363811
HCA_fold2,gene,BayesPrism,0.382283379133121
HCA_fold2,gene,BayesPrism,0.816461541694992
HCA_fold2,gene,BayesPrism,0.627624273997427
HCA_fold2,gene,BayesPrism,0.639500990043653
HCA_fold2,gene,BayesPrism,0.755711315011826
HCA_fold2,gene,BayesPrism,0.558903751211713
HCA_fold2,gene,BayesPrism,0.499005538684479
HCA_fold2,gene,BayesPrism,0.515655640927517
HCA_fold2,gene,BayesPrism,0.900084938553547
HCA_fold2,gene,BayesPrism,0.431502786974182
HCA_fold2,gene,BayesPrism,0.751380235324468
HCA_fold2,gene,BayesPrism,0.533683284947489
HCA_fold2,gene,BayesPrism,0.646432499770188
HCA_fold2,gene,BayesPrism,0.16320389648513
HCA_fold2,gene,BayesPrism,0.736264864764995
HCA_fold2,gene,BayesPrism,0.89105756310148
HCA_fold2,gene,BayesPrism,0.639152167140382
HCA_fold2,gene,BayesPrism,0.732043102227554
HCA_fold2,gene,BayesPrism,0.636376100828227
HCA_fold2,gene,BayesPrism,0.887045838239704
HCA_fold2,gene,BayesPrism,0.683869408452803
HCA_fold2,gene,BayesPrism,0.769262893261968
HCA_fold2,gene,BayesPrism,0.717534739629868
HCA_fold2,gene,BayesPrism,0.896221210295926
HCA_fold2,gene,BayesPrism,0.79203954244547
HCA_fold2,gene,BayesPrism,0.647595270323318
HCA_fold2,gene,BayesPrism,0.778715799325601
HCA_fold2,gene,BayesPrism,0.724585759411902
HCA_fold2,gene,BayesPrism,0.843871097104131
HCA_fold2,gene,BayesPrism,0.78748194279788
HCA_fold2,gene,BayesPrism,0.708820218681761
HCA_fold2,gene,BayesPrism,0.561875060603879
HCA_fold2,gene,BayesPrism,0.924250366116189
HCA_fold2,gene,BayesPrism,0.628770313550479
HCA_fold2,gene,BayesPrism,0.609816026696478
HCA_fold2,gene,BayesPrism,0.832372517260153
HCA_fold2,gene,BayesPrism,0.362262887757058
HCA_fold2,gene,BayesPrism,0.656753309539508
HCA_fold2,gene,BayesPrism,0.767453460711637
HCA_fold2,gene,BayesPrism,0.802996096356215
HCA_fold2,gene,BayesPrism,0.806544698846312
HCA_fold2,gene,BayesPrism,0.730577794558398
HCA_fold2,gene,BayesPrism,0.756037018754569
HCA_fold2,gene,BayesPrism,0.525321524083357
HCA_fold2,gene,BayesPrism,0.794763023869797
HCA_fold2,gene,BayesPrism,0.70536499255698
HCA_fold2,gene,BayesPrism,0.794268612952794
HCA_fold2,gene,BayesPrism,0.679245184238398
HCA_fold2,gene,BayesPrism,0.843050457956813
HCA_fold2,gene,BayesPrism,0.473598085508876
HCA_fold2,gene,BayesPrism,0.638969673744983
HCA_fold2,gene,BayesPrism,0.899332883841249
HCA_fold2,gene,BayesPrism,0.734375547776776
HCA_fold2,gene,BayesPrism,0.508473210428697
HCA_fold2,gene,BayesPrism,0.644605359495748
HCA_fold2,gene,BayesPrism,0.858804790506562
HCA_fold2,gene,BayesPrism,0.487287885690952
HCA_fold2,gene,BayesPrism,0.869537778281724
HCA_fold2,gene,BayesPrism,0.875101033818332
HCA_fold2,gene,BayesPrism,0.827581268707569
HCA_fold2,gene,BayesPrism,0.896077583761041
HCA_fold2,gene,BayesPrism,0.680493610210551
HCA_fold2,gene,BayesPrism,0.414610489256365
HCA_fold2,gene,BayesPrism,0.894628558158106
HCA_fold2,gene,BayesPrism,0.344104757533675
HCA_fold2,gene,BayesPrism,0.473109507459579
HCA_fold2,gene,BayesPrism,0.841180936596847
HCA_fold2,gene,BayesPrism,0.64092521003356
HCA_fold2,gene,BayesPrism,0.736209949734275
HCA_fold2,gene,BayesPrism,0.933842177833078
HCA_fold2,gene,BayesPrism,0.683377818323301
HCA_fold2,gene,BayesPrism,0.829600214876099
HCA_fold2,gene,BayesPrism,0.674538957086674
HCA_fold2,gene,BayesPrism,0.616087082038353
HCA_fold2,gene,BayesPrism,0.772388670346762
HCA_fold2,gene,BayesPrism,0.77992821679799
HCA_fold2,gene,BayesPrism,0.811050341676713
HCA_fold2,gene,BayesPrism,0.803692474586035
HCA_fold2,gene,BayesPrism,0.831609093264755
HCA_fold2,gene,BayesPrism,0.666360305803447
HCA_fold2,gene,BayesPrism,0.289209143563823
HCA_fold2,gene,BayesPrism,0.694148590562033
HCA_fold2,gene,BayesPrism,0.70614036464922
HCA_fold2,gene,BayesPrism,0.871898093444193
HCA_fold2,gene,BayesPrism,0.937658341728926
HCA_fold2,gene,BayesPrism,0.75260391220912
HCA_fold2,gene,BayesPrism,0.770026996381201
HCA_fold2,gene,BayesPrism,0.914685459491874
HCA_fold2,gene,BayesPrism,0.680060981914499
HCA_fold2,gene,BayesPrism,0.829044659949262
HCA_fold2,gene,BayesPrism,0.739521407009469
HCA_fold2,gene,BayesPrism,0.593719683065229
HCA_fold2,gene,BayesPrism,0.782247418685595
HCA_fold2,gene,BayesPrism,0.779732807594357
HCA_fold2,gene,BayesPrism,0.360939133602542
HCA_fold2,gene,BayesPrism,0.832808594037355
HCA_fold2,gene,BayesPrism,0.892000615363471
HCA_fold2,gene,BayesPrism,0.709890647251821
HCA_fold2,gene,BayesPrism,0.562511519663851
HCA_fold2,gene,BayesPrism,0.805274308658515
HCA_fold2,gene,BayesPrism,0.654916039041581
HCA_fold2,gene,BayesPrism,0.844670800635876
HCA_fold2,gene,BayesPrism,0.811022855696498
HCA_fold2,gene,BayesPrism,0.733278204843764
HCA_fold2,gene,BayesPrism,0.764271030153993
HCA_fold2,gene,BayesPrism,0.87593742626213
HCA_fold2,gene,BayesPrism,0.791816973506581
HCA_fold2,gene,BayesPrism,0.706926889321618
HCA_fold2,gene,BayesPrism,0.850221594667185
HCA_fold2,gene,BayesPrism,0.670703796044428
HCA_fold2,gene,BayesPrism,0.873487307869005
HCA_fold2,gene,BayesPrism,0.739641768933402
HCA_fold2,gene,BayesPrism,0.767506761290615
HCA_fold2,gene,BayesPrism,0.912180064312007
HCA_fold2,gene,BayesPrism,0.207106690493366
HCA_fold2,gene,BayesPrism,0.758832676132011
HCA_fold2,gene,BayesPrism,0.933921640336319
HCA_fold2,gene,BayesPrism,0.823607639427452
HCA_fold2,gene,BayesPrism,0.607398458698618
HCA_fold2,gene,BayesPrism,0.880209843412314
HCA_fold2,gene,BayesPrism,0.75277955485767
HCA_fold2,gene,BayesPrism,0.5993930928398
HCA_fold2,gene,BayesPrism,0.77612451349927
HCA_fold2,gene,BayesPrism,0.707149875916448
HCA_fold2,gene,BayesPrism,0.749835636044578
HCA_fold2,gene,BayesPrism,0.156111122613405
HCA_fold2,gene,BayesPrism,0.88355611186611
HCA_fold2,gene,BayesPrism,0.455373284122071
HCA_fold2,gene,BayesPrism,0.85522468428568
HCA_fold2,gene,BayesPrism,0.872486746536931
HCA_fold2,gene,BayesPrism,0.374352137181388
HCA_fold2,gene,BayesPrism,0.62393267778335
HCA_fold2,gene,BayesPrism,0.892126179066245
HCA_fold2,gene,BayesPrism,0.869371088376436
HCA_fold2,gene,BayesPrism,0.844150926821855
HCA_fold2,gene,BayesPrism,0.669273471104135
HCA_fold2,gene,BayesPrism,0.759926490018714
HCA_fold2,gene,BayesPrism,0.89945895669031
HCA_fold2,gene,BayesPrism,0.886209038741113
HCA_fold2,gene,BayesPrism,0.298478645538296
HCA_fold2,gene,BayesPrism,0.672076201816942
HCA_fold2,gene,BayesPrism,0.72917233493252
HCA_fold2,gene,BayesPrism,0.875689377515108
HCA_fold2,gene,BayesPrism,0.8251578879368
HCA_fold2,gene,BayesPrism,0.681354822243731
HCA_fold2,gene,BayesPrism,0.874118885789207
HCA_fold2,gene,BayesPrism,0.883489561156983
HCA_fold2,gene,BayesPrism,0.52286172896621
HCA_fold2,gene,BayesPrism,0.673843653406184
HCA_fold2,gene,BayesPrism,0.476091060338987
HCA_fold2,gene,BayesPrism,0.864885916752286
HCA_fold2,gene,BayesPrism,0.848852415100056
HCA_fold2,gene,BayesPrism,0.859034254240077
HCA_fold2,gene,BayesPrism,0.892381639677415
HCA_fold2,gene,BayesPrism,0.844304700385891
HCA_fold2,gene,BayesPrism,0.880030964929006
HCA_fold2,gene,BayesPrism,0.287243961925197
HCA_fold2,gene,BayesPrism,0.780168845516119
HCA_fold2,gene,BayesPrism,0.314965010620508
HCA_fold2,gene,BayesPrism,0.796283909297273
HCA_fold2,gene,BayesPrism,0.838431733307811
HCA_fold2,gene,BayesPrism,0.812209406066174
HCA_fold2,gene,BayesPrism,0.695274103040268
HCA_fold2,gene,BayesPrism,0.722103635607021
HCA_fold2,gene,BayesPrism,0.945827294006975
HCA_fold2,gene,BayesPrism,0.683367461067882
HCA_fold2,gene,BayesPrism,0.69865414706265
HCA_fold2,gene,BayesPrism,0.481878558014209
HCA_fold2,gene,BayesPrism,0.446928218175364
HCA_fold2,gene,BayesPrism,0.785319453191901
HCA_fold2,gene,BayesPrism,0.775650145056783
HCA_fold2,gene,BayesPrism,0.402693283820123
HCA_fold2,gene,BayesPrism,0.758380098082555
HCA_fold2,gene,BayesPrism,0.254240847001356
HCA_fold2,gene,BayesPrism,0.734363126293685
HCA_fold2,gene,BayesPrism,0.839660318213497
HCA_fold2,gene,BayesPrism,0.62770104912512
HCA_fold2,gene,BayesPrism,0.727709096497035
HCA_fold2,gene,BayesPrism,0.721773593124324
HCA_fold2,gene,BayesPrism,0.724012440549908
HCA_fold2,gene,BayesPrism,0.801072244842434
HCA_fold2,gene,BayesPrism,0.721433741077203
HCA_fold2,gene,BayesPrism,0.695065160394406
HCA_fold2,gene,BayesPrism,0.745590317524165
HCA_fold2,gene,BayesPrism,0.75368040267125
HCA_fold2,gene,BayesPrism,0.680395786085017
HCA_fold2,gene,BayesPrism,0.726917408490441
HCA_fold2,gene,BayesPrism,0.799123824256161
HCA_fold2,gene,BayesPrism,0.514994364977914
HCA_fold2,gene,BayesPrism,0.748793167579703
HCA_fold2,gene,BayesPrism,0.688135884126489
HCA_fold2,gene,BayesPrism,0.787016262631097
HCA_fold2,gene,BayesPrism,0.848122543385258
HCA_fold2,gene,BayesPrism,0.79741649523521
HCA_fold2,gene,BayesPrism,0.794985837327787
HCA_fold2,gene,BayesPrism,0.771542079310052
HCA_fold2,gene,BayesPrism,0.812832473827696
HCA_fold2,gene,BayesPrism,0.72307331900848
HCA_fold2,gene,BayesPrism,0.827394002524224
HCA_fold2,gene,BayesPrism,0.788367220321981
HCA_fold2,gene,BayesPrism,0.62241405719776
HCA_fold2,gene,BayesPrism,0.763481030918531
HCA_fold2,gene,BayesPrism,0.852387919889382
HCA_fold2,gene,BayesPrism,0.479913344369587
HCA_fold2,gene,BayesPrism,0.52012979756997
HCA_fold2,gene,BayesPrism,0.69160538508333
HCA_fold2,gene,BayesPrism,0.805242725078849
HCA_fold2,gene,BayesPrism,0.58798073688778
HCA_fold2,gene,BayesPrism,0.405271344531836
HCA_fold2,gene,BayesPrism,0.89435642088017
HCA_fold2,gene,BayesPrism,0.690680449844031
HCA_fold2,gene,BayesPrism,0.839942351766682
HCA_fold2,gene,BayesPrism,0.719363562620362
HCA_fold2,gene,BayesPrism,0.794280507789906
HCA_fold2,gene,BayesPrism,0.623144766759473
HCA_fold2,gene,BayesPrism,0.782903204801463
HCA_fold2,gene,BayesPrism,0.665207882884789
HCA_fold2,gene,BayesPrism,0.873887416870075
HCA_fold2,gene,BayesPrism,0.638609296157751
HCA_fold2,gene,BayesPrism,0.816352255111704
HCA_fold2,gene,BayesPrism,0.941431311355832
HCA_fold2,gene,BayesPrism,0.433783201643029
HCA_fold2,gene,CIBERSORTx,0.553539769916074
HCA_fold2,gene,CIBERSORTx,0.766317772402417
HCA_fold2,gene,CIBERSORTx,0.603140822730207
HCA_fold2,gene,CIBERSORTx,0.666428981410555
HCA_fold2,gene,CIBERSORTx,0.445237437657754
HCA_fold2,gene,CIBERSORTx,0.819764961045461
HCA_fold2,gene,CIBERSORTx,0.865554505220438
HCA_fold2,gene,CIBERSORTx,0.498412398007001
HCA_fold2,gene,CIBERSORTx,0.61888440172952
HCA_fold2,gene,CIBERSORTx,0.446511968497329
HCA_fold2,gene,CIBERSORTx,0.595978788750565
HCA_fold2,gene,CIBERSORTx,0.53659087693465
HCA_fold2,gene,CIBERSORTx,0.609288107023676
HCA_fold2,gene,CIBERSORTx,0.73807850147049
HCA_fold2,gene,CIBERSORTx,0.763052655332696
HCA_fold2,gene,CIBERSORTx,0.720690404534871
HCA_fold2,gene,CIBERSORTx,0.326608974715312
HCA_fold2,gene,CIBERSORTx,0.758129239943569
HCA_fold2,gene,CIBERSORTx,0.689405142727602
HCA_fold2,gene,CIBERSORTx,0.762918819824747
HCA_fold2,gene,CIBERSORTx,0.836448367864053
HCA_fold2,gene,CIBERSORTx,0.536254957646035
HCA_fold2,gene,CIBERSORTx,0.617960927858034
HCA_fold2,gene,CIBERSORTx,0.559147719926886
HCA_fold2,gene,CIBERSORTx,0.693644913136939
HCA_fold2,gene,CIBERSORTx,0.570958959109764
HCA_fold2,gene,CIBERSORTx,0.584975817083605
HCA_fold2,gene,CIBERSORTx,0.588725329378732
HCA_fold2,gene,CIBERSORTx,0.744437195017752
HCA_fold2,gene,CIBERSORTx,0.4483827461516
HCA_fold2,gene,CIBERSORTx,0.547731077620999
HCA_fold2,gene,CIBERSORTx,0.526873622237859
HCA_fold2,gene,CIBERSORTx,0.716308401887056
HCA_fold2,gene,CIBERSORTx,0.751272525846018
HCA_fold2,gene,CIBERSORTx,0.577378761196342
HCA_fold2,gene,CIBERSORTx,0.628779374867176
HCA_fold2,gene,CIBERSORTx,0.567891205189982
HCA_fold2,gene,CIBERSORTx,0.381893289725001
HCA_fold2,gene,CIBERSORTx,0.656310475923333
HCA_fold2,gene,CIBERSORTx,0.396949920284393
HCA_fold2,gene,CIBERSORTx,0.43613418506739
HCA_fold2,gene,CIBERSORTx,0.635143343955015
HCA_fold2,gene,CIBERSORTx,0.847220077998155
HCA_fold2,gene,CIBERSORTx,0.422891007979874
HCA_fold2,gene,CIBERSORTx,0.484257175316178
HCA_fold2,gene,CIBERSORTx,0.74504705449901
HCA_fold2,gene,CIBERSORTx,0.778302276389475
HCA_fold2,gene,CIBERSORTx,0.46236253216713
HCA_fold2,gene,CIBERSORTx,0.380408388856719
HCA_fold2,gene,CIBERSORTx,0.723959777243222
HCA_fold2,gene,CIBERSORTx,0.733147444364585
HCA_fold2,gene,CIBERSORTx,0.770295920849303
HCA_fold2,gene,CIBERSORTx,0.458569810328827
HCA_fold2,gene,CIBERSORTx,0.0193662322114226
HCA_fold2,gene,CIBERSORTx,0.449224549612901
HCA_fold2,gene,CIBERSORTx,0.484961619629123
HCA_fold2,gene,CIBERSORTx,0.338837489473722
HCA_fold2,gene,CIBERSORTx,0.645727940797687
HCA_fold2,gene,CIBERSORTx,0.470701590712741
HCA_fold2,gene,CIBERSORTx,0.34631296400252
HCA_fold2,gene,CIBERSORTx,0.334448753291232
HCA_fold2,gene,CIBERSORTx,0.724301974707001
HCA_fold2,gene,CIBERSORTx,0.81109743443531
HCA_fold2,gene,CIBERSORTx,0.413145969780593
HCA_fold2,gene,CIBERSORTx,0.917195437598549
HCA_fold2,gene,CIBERSORTx,0.70934467599944
HCA_fold2,gene,CIBERSORTx,0.631858521238411
HCA_fold2,gene,CIBERSORTx,0.760694513701124
HCA_fold2,gene,CIBERSORTx,0.610465457003316
HCA_fold2,gene,CIBERSORTx,0.656149624563007
HCA_fold2,gene,CIBERSORTx,0.707011475789212
HCA_fold2,gene,CIBERSORTx,0.659295825429608
HCA_fold2,gene,CIBERSORTx,0.670209867291945
HCA_fold2,gene,CIBERSORTx,0.812962178288897
HCA_fold2,gene,CIBERSORTx,0.519296912221352
HCA_fold2,gene,CIBERSORTx,0.682493208540702
HCA_fold2,gene,CIBERSORTx,0.391885621712293
HCA_fold2,gene,CIBERSORTx,0.562069637477156
HCA_fold2,gene,CIBERSORTx,0.710033279223203
HCA_fold2,gene,CIBERSORTx,0.582055015622405
HCA_fold2,gene,CIBERSORTx,0.477748946979967
HCA_fold2,gene,CIBERSORTx,0.634097483702246
HCA_fold2,gene,CIBERSORTx,0.599943037818071
HCA_fold2,gene,CIBERSORTx,0.827959332182431
HCA_fold2,gene,CIBERSORTx,0.70605125345113
HCA_fold2,gene,CIBERSORTx,0.299190228145631
HCA_fold2,gene,CIBERSORTx,0.484677960269923
HCA_fold2,gene,CIBERSORTx,0.546977649947869
HCA_fold2,gene,CIBERSORTx,0.677763927272399
HCA_fold2,gene,CIBERSORTx,0.628568735983869
HCA_fold2,gene,CIBERSORTx,0.368450348184572
HCA_fold2,gene,CIBERSORTx,0.699894878210456
HCA_fold2,gene,CIBERSORTx,0.815576189995063
HCA_fold2,gene,CIBERSORTx,0.882547247436349
HCA_fold2,gene,CIBERSORTx,0.419906355846808
HCA_fold2,gene,CIBERSORTx,0.752010261231908
HCA_fold2,gene,CIBERSORTx,0.665056165901245
HCA_fold2,gene,CIBERSORTx,0.557282159289586
HCA_fold2,gene,CIBERSORTx,0.30477967874974
HCA_fold2,gene,CIBERSORTx,0.816577033477142
HCA_fold2,gene,CIBERSORTx,0.610709029132994
HCA_fold2,gene,CIBERSORTx,0.87956193409403
HCA_fold2,gene,CIBERSORTx,0.65044906298551
HCA_fold2,gene,CIBERSORTx,0.684170436293698
HCA_fold2,gene,CIBERSORTx,0.614689035797537
HCA_fold2,gene,CIBERSORTx,0.568999818947004
HCA_fold2,gene,CIBERSORTx,0.857868732946022
HCA_fold2,gene,CIBERSORTx,0.382508741862887
HCA_fold2,gene,CIBERSORTx,0.40765531436945
HCA_fold2,gene,CIBERSORTx,0.579271675758479
HCA_fold2,gene,CIBERSORTx,0.52894997125477
HCA_fold2,gene,CIBERSORTx,0.638209026309131
HCA_fold2,gene,CIBERSORTx,0.582656494422545
HCA_fold2,gene,CIBERSORTx,0.963609594458661
HCA_fold2,gene,CIBERSORTx,0.761225870662255
HCA_fold2,gene,CIBERSORTx,0.885338440763812
HCA_fold2,gene,CIBERSORTx,0.703057600821912
HCA_fold2,gene,CIBERSORTx,0.77892635072131
HCA_fold2,gene,CIBERSORTx,0.322956695917436
HCA_fold2,gene,CIBERSORTx,0.410102764186338
HCA_fold2,gene,CIBERSORTx,0.755669254119887
HCA_fold2,gene,CIBERSORTx,0.729071755989165
HCA_fold2,gene,CIBERSORTx,0.746132674057391
HCA_fold2,gene,CIBERSORTx,0.519857955856511
HCA_fold2,gene,CIBERSORTx,0.782963319094602
HCA_fold2,gene,CIBERSORTx,0.511421838181117
HCA_fold2,gene,CIBERSORTx,0.708415484990624
HCA_fold2,gene,CIBERSORTx,0.392094168333153
HCA_fold2,gene,CIBERSORTx,0.719873917947766
HCA_fold2,gene,CIBERSORTx,0.662283333258538
HCA_fold2,gene,CIBERSORTx,0.716402309942991
HCA_fold2,gene,CIBERSORTx,0.488294141919415
HCA_fold2,gene,CIBERSORTx,0.229185542581849
HCA_fold2,gene,CIBERSORTx,0.598168810214093
HCA_fold2,gene,CIBERSORTx,0.706790498621673
HCA_fold2,gene,CIBERSORTx,0.327230298033937
HCA_fold2,gene,CIBERSORTx,0.542710219928535
HCA_fold2,gene,CIBERSORTx,0.470543956416304
HCA_fold2,gene,CIBERSORTx,0.489589056803706
HCA_fold2,gene,CIBERSORTx,0.81870213019371
HCA_fold2,gene,CIBERSORTx,0.678650135947753
HCA_fold2,gene,CIBERSORTx,0.426823260942912
HCA_fold2,gene,CIBERSORTx,0.684848324672124
HCA_fold2,gene,CIBERSORTx,0.402223696311694
HCA_fold2,gene,CIBERSORTx,0.49353352204231
HCA_fold2,gene,CIBERSORTx,0.265695702860094
HCA_fold2,gene,CIBERSORTx,0.737955492944445
HCA_fold2,gene,CIBERSORTx,0.692005669687376
HCA_fold2,gene,CIBERSORTx,0.643296430439807
HCA_fold2,gene,CIBERSORTx,0.771310334524775
HCA_fold2,gene,CIBERSORTx,0.534886189022867
HCA_fold2,gene,CIBERSORTx,0.669451821865844
HCA_fold2,gene,CIBERSORTx,0.759464223100189
HCA_fold2,gene,CIBERSORTx,0.686778900777
HCA_fold2,gene,CIBERSORTx,0.4778851594434
HCA_fold2,gene,CIBERSORTx,0.367167951324313
HCA_fold2,gene,CIBERSORTx,0.649116756957442
HCA_fold2,gene,CIBERSORTx,0.587737144676021
HCA_fold2,gene,CIBERSORTx,0.615023191627035
HCA_fold2,gene,CIBERSORTx,0.476831334960041
HCA_fold2,gene,CIBERSORTx,0.627204501645653
HCA_fold2,gene,CIBERSORTx,0.439645568477955
HCA_fold2,gene,CIBERSORTx,0.519477986369015
HCA_fold2,gene,CIBERSORTx,0.476649453134526
HCA_fold2,gene,CIBERSORTx,0.719021210073314
HCA_fold2,gene,CIBERSORTx,0.787273535125831
HCA_fold2,gene,CIBERSORTx,0.269713701790832
HCA_fold2,gene,CIBERSORTx,0.670577919609598
HCA_fold2,gene,CIBERSORTx,0.644601017907858
HCA_fold2,gene,CIBERSORTx,0.635832125646289
HCA_fold2,gene,CIBERSORTx,0.440077914748073
HCA_fold2,gene,CIBERSORTx,0.724561300411539
HCA_fold2,gene,CIBERSORTx,0.452497043672265
HCA_fold2,gene,CIBERSORTx,0.587197736819311
HCA_fold2,gene,CIBERSORTx,0.501886327013386
HCA_fold2,gene,CIBERSORTx,0.41773396663205
HCA_fold2,gene,CIBERSORTx,0.547306880501932
HCA_fold2,gene,CIBERSORTx,0.527466002548471
HCA_fold2,gene,CIBERSORTx,0.716580816459944
HCA_fold2,gene,CIBERSORTx,0.626058094344202
HCA_fold2,gene,CIBERSORTx,0.816574526645799
HCA_fold2,gene,CIBERSORTx,0.556835613910045
HCA_fold2,gene,CIBERSORTx,0.740405099498298
HCA_fold2,gene,CIBERSORTx,0.778849849865465
HCA_fold2,gene,CIBERSORTx,0.870574785058834
HCA_fold2,gene,CIBERSORTx,0.347735863878836
HCA_fold2,gene,CIBERSORTx,0.504332443620912
HCA_fold2,gene,CIBERSORTx,0.759839582235758
HCA_fold2,gene,CIBERSORTx,0.561112143928389
HCA_fold2,gene,CIBERSORTx,0.6882241734164
HCA_fold2,gene,CIBERSORTx,0.561733467461487
HCA_fold2,gene,CIBERSORTx,0.621026777758418
HCA_fold2,gene,CIBERSORTx,0.594816054136743
HCA_fold2,gene,CIBERSORTx,0.199876031923192
HCA_fold2,gene,CIBERSORTx,0.779771711343364
HCA_fold2,gene,CIBERSORTx,0.620297259958961
HCA_fold2,gene,CIBERSORTx,0.686285893628361
HCA_fold2,gene,CIBERSORTx,0.655631402151711
HCA_fold2,gene,CIBERSORTx,0.720203815294677
HCA_fold2,gene,CIBERSORTx,0.731046695026035
HCA_fold2,gene,CIBERSORTx,0.725462591416954
HCA_fold2,gene,CIBERSORTx,0.586000936283959
HCA_fold2,gene,CIBERSORTx,-0.113739156807263
HCA_fold2,gene,CIBERSORTx,0.747058121059631
HCA_fold2,gene,CIBERSORTx,0.706182832207794
HCA_fold2,gene,CIBERSORTx,0.835648834789465
HCA_fold2,gene,CIBERSORTx,0.80821198238243
HCA_fold2,gene,CIBERSORTx,0.809147747277639
HCA_fold2,gene,CIBERSORTx,0.52553466436537
HCA_fold2,gene,CIBERSORTx,0.519338686327851
HCA_fold2,gene,CIBERSORTx,0.720658542902104
HCA_fold2,gene,CIBERSORTx,0.418764321036771
HCA_fold2,gene,CIBERSORTx,0.697912200934615
HCA_fold2,gene,CIBERSORTx,0.74776680979566
HCA_fold2,gene,CIBERSORTx,0.57231753263267
HCA_fold2,gene,CIBERSORTx,0.768640195194287
HCA_fold2,gene,CIBERSORTx,0.548048140213409
HCA_fold2,gene,CIBERSORTx,0.507816256426093
HCA_fold2,gene,CIBERSORTx,0.671534480523026
HCA_fold2,gene,CIBERSORTx,0.68937333653476
HCA_fold2,gene,CIBERSORTx,0.427558341588777
HCA_fold2,gene,CIBERSORTx,0.728225643567924
HCA_fold2,gene,CIBERSORTx,0.874248026793044
HCA_fold2,gene,CIBERSORTx,0.456689788688713
HCA_fold2,gene,CIBERSORTx,0.672725331688604
HCA_fold2,gene,CIBERSORTx,0.717795523077872
HCA_fold2,gene,CIBERSORTx,0.908161463036516
HCA_fold2,gene,CIBERSORTx,0.816913093612296
HCA_fold2,gene,CIBERSORTx,0.320854722409146
HCA_fold2,gene,CIBERSORTx,0.378431341552131
HCA_fold2,gene,CIBERSORTx,0.661576078451284
HCA_fold2,gene,CIBERSORTx,0.77359319714551
HCA_fold2,gene,CIBERSORTx,0.721867945684127
HCA_fold2,gene,CIBERSORTx,0.652521562588682
HCA_fold2,gene,CIBERSORTx,0.533263860188842
HCA_fold2,gene,CIBERSORTx,0.506882925158266
HCA_fold2,gene,CIBERSORTx,0.593132036803793
HCA_fold2,gene,CIBERSORTx,0.376445670173295
HCA_fold2,gene,CIBERSORTx,0.293603535496945
HCA_fold2,gene,CIBERSORTx,0.856534381189393
HCA_fold2,gene,CIBERSORTx,0.469054012564216
HCA_fold2,gene,CIBERSORTx,0.690759861481169
HCA_fold2,gene,CIBERSORTx,0.641783927732189
HCA_fold2,gene,CIBERSORTx,0.694729312158438
HCA_fold2,gene,CIBERSORTx,0.814752814966366
HCA_fold2,gene,CIBERSORTx,0.717856583505706
HCA_fold2,gene,CIBERSORTx,0.628236138202438
HCA_fold2,gene,CIBERSORTx,0.440288124262058
HCA_fold2,gene,CIBERSORTx,0.612067658011694
HCA_fold2,gene,CIBERSORTx,0.627344068165808
HCA_fold2,gene,CIBERSORTx,0.709098942184009
HCA_fold2,gene,CIBERSORTx,0.563820006102212
HCA_fold2,gene,CIBERSORTx,0.852955887762869
HCA_fold2,gene,CIBERSORTx,0.45619719670759
HCA_fold2,gene,CIBERSORTx,0.407209801782432
HCA_fold2,gene,CIBERSORTx,0.904095768709702
HCA_fold2,gene,CIBERSORTx,0.733895049049288
HCA_fold2,gene,CIBERSORTx,0.910186461102317
HCA_fold2,gene,CIBERSORTx,0.75526343566714
HCA_fold2,gene,CIBERSORTx,0.429351356088169
HCA_fold2,gene,CIBERSORTx,0.878443596235108
HCA_fold2,gene,CIBERSORTx,0.474187010566145
HCA_fold2,gene,CIBERSORTx,0.647324161621063
HCA_fold2,gene,CIBERSORTx,0.62258045737693
HCA_fold2,gene,CIBERSORTx,0.827644311689429
HCA_fold2,gene,CIBERSORTx,0.096609048293019
HCA_fold2,gene,CIBERSORTx,0.86949652637254
HCA_fold2,gene,CIBERSORTx,0.798384593073172
HCA_fold2,gene,CIBERSORTx,0.533567276929241
HCA_fold2,gene,CIBERSORTx,0.834330255492285
HCA_fold2,gene,CIBERSORTx,0.865978636968762
HCA_fold2,gene,CIBERSORTx,0.766742338124542
HCA_fold2,gene,CIBERSORTx,0.486678089819229
HCA_fold2,gene,CIBERSORTx,0.825137817793993
HCA_fold2,gene,CIBERSORTx,0.867885750105242
HCA_fold2,gene,CIBERSORTx,0.683593077754184
HCA_fold2,gene,CIBERSORTx,0.714698217454659
HCA_fold2,gene,CIBERSORTx,0.535683402177172
HCA_fold2,gene,CIBERSORTx,0.835071845014751
HCA_fold2,gene,CIBERSORTx,0.66834602135533
HCA_fold2,gene,CIBERSORTx,0.628343712095942
HCA_fold2,gene,CIBERSORTx,0.536824580192766
HCA_fold2,gene,CIBERSORTx,0.694869157295246
HCA_fold2,gene,CIBERSORTx,0.825057911230705
HCA_fold2,gene,CIBERSORTx,0.818130200480391
HCA_fold2,gene,CIBERSORTx,0.727714125914851
HCA_fold2,gene,CIBERSORTx,0.532760278104299
HCA_fold2,gene,CIBERSORTx,0.707738876636225
HCA_fold2,gene,CIBERSORTx,0.857529648526797
HCA_fold2,gene,CIBERSORTx,0.625256185253403
HCA_fold2,gene,CIBERSORTx,0.370683224370824
HCA_fold2,gene,CIBERSORTx,0.729918400639321
HCA_fold2,gene,CIBERSORTx,0.718618765262481
HCA_fold2,gene,CIBERSORTx,0.443369133648192
HCA_fold2,gene,CIBERSORTx,0.522019044045497
HCA_fold2,gene,CIBERSORTx,0.321282524721939
HCA_fold2,gene,CIBERSORTx,0.84192757790518
HCA_fold2,gene,CIBERSORTx,0.479635320624261
HCA_fold2,gene,CIBERSORTx,0.901399171619068
HCA_fold2,gene,CIBERSORTx,0.79449221145583
HCA_fold2,gene,CIBERSORTx,0.592865751344273
HCA_fold2,gene,CIBERSORTx,0.697558366615411
HCA_fold2,gene,CIBERSORTx,0.4069143304356
HCA_fold2,gene,CIBERSORTx,0.497429286495161
HCA_fold2,gene,CIBERSORTx,0.451291051159323
HCA_fold2,gene,CIBERSORTx,0.653637711755941
HCA_fold2,gene,CIBERSORTx,0.711282572230071
HCA_fold2,gene,CIBERSORTx,0.763776554424529
HCA_fold2,gene,CIBERSORTx,0.603127879860193
HCA_fold2,gene,CIBERSORTx,0.711014981706993
HCA_fold2,gene,CIBERSORTx,0.759051454943741
HCA_fold2,gene,CIBERSORTx,0.433783279079226
HCA_fold2,gene,CIBERSORTx,0.644919625416778
HCA_fold2,gene,CIBERSORTx,0.706894603840608
HCA_fold2,gene,CIBERSORTx,0.482490539852369
HCA_fold2,gene,CIBERSORTx,0.532414812853589
HCA_fold2,gene,CIBERSORTx,0.599523455476038
HCA_fold2,gene,CIBERSORTx,0.753753376903706
HCA_fold2,gene,CIBERSORTx,0.369451234830411
HCA_fold2,gene,CIBERSORTx,0.896520841874127
HCA_fold2,gene,CIBERSORTx,0.812111335289417
HCA_fold2,gene,CIBERSORTx,0.447254012381726
HCA_fold2,gene,CIBERSORTx,0.67671807507715
HCA_fold2,gene,CIBERSORTx,0.432369520068599
HCA_fold2,gene,CIBERSORTx,0.81715568638761
HCA_fold2,gene,CIBERSORTx,0.498539404314159
HCA_fold2,gene,CIBERSORTx,0.873431965107211
HCA_fold2,gene,CIBERSORTx,0.033817429956893
HCA_fold2,gene,CIBERSORTx,0.767089160224363
HCA_fold2,gene,CIBERSORTx,0.264330299220382
HCA_fold2,gene,DISSECT,0.586384272652075
HCA_fold2,gene,DISSECT,0.514011525345708
HCA_fold2,gene,DISSECT,0.101603551973757
HCA_fold2,gene,DISSECT,0.463130083649157
HCA_fold2,gene,DISSECT,0.471213463218921
HCA_fold2,gene,DISSECT,0.454238626357689
HCA_fold2,gene,DISSECT,0.707419988198441
HCA_fold2,gene,DISSECT,0.581499699040865
HCA_fold2,gene,DISSECT,0.621961776524126
HCA_fold2,gene,DISSECT,0.463596949193995
HCA_fold2,gene,DISSECT,0.636537603001925
HCA_fold2,gene,DISSECT,0.395692664268857
HCA_fold2,gene,DISSECT,0.529189147369002
HCA_fold2,gene,DISSECT,0.438847485497771
HCA_fold2,gene,DISSECT,0.608791286371843
HCA_fold2,gene,DISSECT,0.57156756930846
HCA_fold2,gene,DISSECT,0.523128435972729
HCA_fold2,gene,DISSECT,0.569970663299141
HCA_fold2,gene,DISSECT,0.354780092697944
HCA_fold2,gene,DISSECT,0.637400141715261
HCA_fold2,gene,DISSECT,0.442520481263386
HCA_fold2,gene,DISSECT,0.40814421038918
HCA_fold2,gene,DISSECT,0.664014512279651
HCA_fold2,gene,DISSECT,0.335799373666934
HCA_fold2,gene,DISSECT,0.545384795620176
HCA_fold2,gene,DISSECT,0.464072401557905
HCA_fold2,gene,DISSECT,0.598214562002573
HCA_fold2,gene,DISSECT,0.226463762319344
HCA_fold2,gene,DISSECT,0.707236733384915
HCA_fold2,gene,DISSECT,0.504347765405684
HCA_fold2,gene,DISSECT,0.39869838759835
HCA_fold2,gene,DISSECT,0.404980390621471
HCA_fold2,gene,DISSECT,0.189657376482757
HCA_fold2,gene,DISSECT,0.640441033736552
HCA_fold2,gene,DISSECT,0.560236756034073
HCA_fold2,gene,DISSECT,0.26023392665515
HCA_fold2,gene,DISSECT,0.452150141793364
HCA_fold2,gene,DISSECT,0.664509317069375
HCA_fold2,gene,DISSECT,0.459955881488481
HCA_fold2,gene,DISSECT,0.628291079074639
HCA_fold2,gene,DISSECT,0.237732396236344
HCA_fold2,gene,DISSECT,0.211647010496241
HCA_fold2,gene,DISSECT,0.233845309396538
HCA_fold2,gene,DISSECT,0.540715332532404
HCA_fold2,gene,DISSECT,0.540659027720954
HCA_fold2,gene,DISSECT,0.37166238726081
HCA_fold2,gene,DISSECT,0.315728092872259
HCA_fold2,gene,DISSECT,0.351982849306095
HCA_fold2,gene,DISSECT,0.605813124739356
HCA_fold2,gene,DISSECT,0.528735013617775
HCA_fold2,gene,DISSECT,0.554525602464723
HCA_fold2,gene,DISSECT,0.38664644734492
HCA_fold2,gene,DISSECT,0.535328157927396
HCA_fold2,gene,DISSECT,0.435411743572105
HCA_fold2,gene,DISSECT,0.449085130964794
HCA_fold2,gene,DISSECT,0.412642326035157
HCA_fold2,gene,DISSECT,0.635421174821038
HCA_fold2,gene,DISSECT,0.318524842083592
HCA_fold2,gene,DISSECT,0.457592538540406
HCA_fold2,gene,DISSECT,0.462062156228553
HCA_fold2,gene,DISSECT,0.595458550068041
HCA_fold2,gene,DISSECT,0.600481213457375
HCA_fold2,gene,DISSECT,0.496914775156799
HCA_fold2,gene,DISSECT,0.585436671859208
HCA_fold2,gene,DISSECT,0.385623140949184
HCA_fold2,gene,DISSECT,0.361194888663756
HCA_fold2,gene,DISSECT,0.6604038247112
HCA_fold2,gene,DISSECT,0.162239657525428
HCA_fold2,gene,DISSECT,0.626387678776441
HCA_fold2,gene,DISSECT,0.27473502233572
HCA_fold2,gene,DISSECT,0.437681856686553
HCA_fold2,gene,DISSECT,0.416187984894274
HCA_fold2,gene,DISSECT,0.265435698757927
HCA_fold2,gene,DISSECT,0.158663630841926
HCA_fold2,gene,DISSECT,0.628236042238885
HCA_fold2,gene,DISSECT,0.589296436483878
HCA_fold2,gene,DISSECT,0.116079328731196
HCA_fold2,gene,DISSECT,0.139426265001469
HCA_fold2,gene,DISSECT,0.54014394237018
HCA_fold2,gene,DISSECT,0.665998339442074
HCA_fold2,gene,DISSECT,0.0858899898420619
HCA_fold2,gene,DISSECT,0.445980360280403
HCA_fold2,gene,DISSECT,0.354106695536473
HCA_fold2,gene,DISSECT,0.460363525434997
HCA_fold2,gene,DISSECT,0.416506559798218
HCA_fold2,gene,DISSECT,0.409688688894425
HCA_fold2,gene,DISSECT,0.416122995511855
HCA_fold2,gene,DISSECT,0.438191373128688
HCA_fold2,gene,DISSECT,0.303660163022674
HCA_fold2,gene,DISSECT,0.563469811337575
HCA_fold2,gene,DISSECT,0.62965774520551
HCA_fold2,gene,DISSECT,0.502390165732727
HCA_fold2,gene,DISSECT,0.633074586100841
HCA_fold2,gene,DISSECT,0.49339945739527
HCA_fold2,gene,DISSECT,0.559523759097264
HCA_fold2,gene,DISSECT,0.15072258508419
HCA_fold2,gene,DISSECT,0.640648059441929
HCA_fold2,gene,DISSECT,0.152528753612579
HCA_fold2,gene,DISSECT,0.366628919164698
HCA_fold2,gene,DISSECT,0.545669743977489
HCA_fold2,gene,DISSECT,0.7002207081567
HCA_fold2,gene,DISSECT,0.552792531744157
HCA_fold2,gene,DISSECT,0.200554490082291
HCA_fold2,gene,DISSECT,0.637320319336998
HCA_fold2,gene,DISSECT,0.507937750418039
HCA_fold2,gene,DISSECT,0.534813138456071
HCA_fold2,gene,DISSECT,0.527382426091154
HCA_fold2,gene,DISSECT,0.660770798937876
HCA_fold2,gene,DISSECT,0.346807681557019
HCA_fold2,gene,DISSECT,0.386872847863463
HCA_fold2,gene,DISSECT,0.473077556528645
HCA_fold2,gene,DISSECT,0.460584325169504
HCA_fold2,gene,DISSECT,0.394558098127675
HCA_fold2,gene,DISSECT,0.258182973324576
HCA_fold2,gene,DISSECT,0.142578045045916
HCA_fold2,gene,DISSECT,0.45941642788503
HCA_fold2,gene,DISSECT,0.481517219439651
HCA_fold2,gene,DISSECT,0.408103499833211
HCA_fold2,gene,DISSECT,0.391716365418869
HCA_fold2,gene,DISSECT,0.277035815925889
HCA_fold2,gene,DISSECT,0.445546245832959
HCA_fold2,gene,DISSECT,0.288399956255321
HCA_fold2,gene,DISSECT,0.405044556528883
HCA_fold2,gene,DISSECT,0.503094354894401
HCA_fold2,gene,DISSECT,0.438500399094132
HCA_fold2,gene,DISSECT,0.386629645838335
HCA_fold2,gene,DISSECT,0.110719957492166
HCA_fold2,gene,DISSECT,0.119406068041556
HCA_fold2,gene,DISSECT,0.530113233842492
HCA_fold2,gene,DISSECT,0.446072849402624
HCA_fold2,gene,DISSECT,0.603913740303889
HCA_fold2,gene,DISSECT,0.215064352608499
HCA_fold2,gene,DISSECT,0.65225019924482
HCA_fold2,gene,DISSECT,0.662105687511916
HCA_fold2,gene,DISSECT,0.370457962159008
HCA_fold2,gene,DISSECT,0.649576445710824
HCA_fold2,gene,DISSECT,0.20616725587096
HCA_fold2,gene,DISSECT,0.259163155033935
HCA_fold2,gene,DISSECT,0.54011317920398
HCA_fold2,gene,DISSECT,0.461359187267404
HCA_fold2,gene,DISSECT,0.413679497568259
HCA_fold2,gene,DISSECT,0.341109299499472
HCA_fold2,gene,DISSECT,0.576867225864741
HCA_fold2,gene,DISSECT,0.462734619361942
HCA_fold2,gene,DISSECT,0.588989659674906
HCA_fold2,gene,DISSECT,0.635739948083678
HCA_fold2,gene,DISSECT,0.608699574009933
HCA_fold2,gene,DISSECT,0.439594523466791
HCA_fold2,gene,DISSECT,0.101749848915904
HCA_fold2,gene,DISSECT,0.596309931311112
HCA_fold2,gene,DISSECT,0.415440352760845
HCA_fold2,gene,DISSECT,0.50912383638456
HCA_fold2,gene,DISSECT,0.648355250576321
HCA_fold2,gene,DISSECT,0.455543402540184
HCA_fold2,gene,DISSECT,0.413026592277688
HCA_fold2,gene,DISSECT,0.392141382869825
HCA_fold2,gene,DISSECT,0.368535692690303
HCA_fold2,gene,DISSECT,0.474949642937271
HCA_fold2,gene,DISSECT,0.576165758986768
HCA_fold2,gene,DISSECT,0.481048788281017
HCA_fold2,gene,DISSECT,0.626330318741583
HCA_fold2,gene,DISSECT,0.790354907754381
HCA_fold2,gene,DISSECT,-0.0121048371423172
HCA_fold2,gene,DISSECT,0.397229984327701
HCA_fold2,gene,DISSECT,0.580217075024637
HCA_fold2,gene,DISSECT,0.416508687263157
HCA_fold2,gene,DISSECT,0.399851656721451
HCA_fold2,gene,DISSECT,0.440440248328401
HCA_fold2,gene,DISSECT,0.437756147495658
HCA_fold2,gene,DISSECT,0.601322846599481
HCA_fold2,gene,DISSECT,0.519643377754302
HCA_fold2,gene,DISSECT,0.539322393594889
HCA_fold2,gene,DISSECT,0.195519293458949
HCA_fold2,gene,DISSECT,0.529900919086861
HCA_fold2,gene,DISSECT,0.60161204084976
HCA_fold2,gene,DISSECT,0.350226745963764
HCA_fold2,gene,DISSECT,0.548690556354126
HCA_fold2,gene,DISSECT,0.293292743206424
HCA_fold2,gene,DISSECT,0.501012203370676
HCA_fold2,gene,DISSECT,0.121017174178593
HCA_fold2,gene,DISSECT,0.678993468302861
HCA_fold2,gene,DISSECT,0.413679789254586
HCA_fold2,gene,DISSECT,0.436185720686263
HCA_fold2,gene,DISSECT,0.287272737511057
HCA_fold2,gene,DISSECT,0.62211419880861
HCA_fold2,gene,DISSECT,0.45532425522945
HCA_fold2,gene,DISSECT,0.321805811787506
HCA_fold2,gene,DISSECT,0.443629119603536
HCA_fold2,gene,DISSECT,0.481781918609691
HCA_fold2,gene,DISSECT,0.344648850525343
HCA_fold2,gene,DISSECT,0.515449295627236
HCA_fold2,gene,DISSECT,0.661476986781871
HCA_fold2,gene,DISSECT,0.173971482837229
HCA_fold2,gene,DISSECT,0.463646453714434
HCA_fold2,gene,DISSECT,0.540584841340915
HCA_fold2,gene,DISSECT,0.467177083517043
HCA_fold2,gene,DISSECT,0.273105021946535
HCA_fold2,gene,DISSECT,0.271710697582283
HCA_fold2,gene,DISSECT,0.539996945767891
HCA_fold2,gene,DISSECT,0.358919217009055
HCA_fold2,gene,DISSECT,0.678250620893679
HCA_fold2,gene,DISSECT,0.39751752870897
HCA_fold2,gene,DISSECT,0.661753406602104
HCA_fold2,gene,DISSECT,0.57005708484502
HCA_fold2,gene,DISSECT,0.566245308178949
HCA_fold2,gene,DISSECT,0.493012595649977
HCA_fold2,gene,DISSECT,0.600715268945417
HCA_fold2,gene,DISSECT,0.574851626317658
HCA_fold2,gene,DISSECT,0.416971878023652
HCA_fold2,gene,DISSECT,0.552544808242604
HCA_fold2,gene,DISSECT,0.486766188237714
HCA_fold2,gene,DISSECT,0.603616257438429
HCA_fold2,gene,DISSECT,0.21264524466636
HCA_fold2,gene,DISSECT,0.601651906642608
HCA_fold2,gene,DISSECT,0.348428713945326
HCA_fold2,gene,DISSECT,0.275515910283663
HCA_fold2,gene,DISSECT,0.656253162337822
HCA_fold2,gene,DISSECT,0.347692754542404
HCA_fold2,gene,DISSECT,0.313652186267211
HCA_fold2,gene,DISSECT,0.60205433744162
HCA_fold2,gene,DISSECT,0.261890858911998
HCA_fold2,gene,DISSECT,0.2329581470293
HCA_fold2,gene,DISSECT,0.351411843297553
HCA_fold2,gene,DISSECT,0.744589541572293
HCA_fold2,gene,DISSECT,0.219190274426033
HCA_fold2,gene,DISSECT,0.533265179038981
HCA_fold2,gene,DISSECT,0.323013780197454
HCA_fold2,gene,DISSECT,0.476168492378066
HCA_fold2,gene,DISSECT,0.169686680944388
HCA_fold2,gene,DISSECT,0.503442683130771
HCA_fold2,gene,DISSECT,0.623421596812
HCA_fold2,gene,DISSECT,0.53174842436123
HCA_fold2,gene,DISSECT,0.370165234604584
HCA_fold2,gene,DISSECT,0.368079575973055
HCA_fold2,gene,DISSECT,0.319311649910836
HCA_fold2,gene,DISSECT,0.623582135818857
HCA_fold2,gene,DISSECT,0.322773060714485
HCA_fold2,gene,DISSECT,0.607293904341646
HCA_fold2,gene,DISSECT,0.56474758992348
HCA_fold2,gene,DISSECT,0.623830021792678
HCA_fold2,gene,DISSECT,0.364545214416489
HCA_fold2,gene,DISSECT,0.415911678822006
HCA_fold2,gene,DISSECT,0.560377738535045
HCA_fold2,gene,DISSECT,0.36437269611317
HCA_fold2,gene,DISSECT,0.675132343263253
HCA_fold2,gene,DISSECT,0.635043574929413
HCA_fold2,gene,DISSECT,0.522964524538245
HCA_fold2,gene,DISSECT,0.229859859871162
HCA_fold2,gene,DISSECT,0.533938790593166
HCA_fold2,gene,DISSECT,0.43796891312504
HCA_fold2,gene,DISSECT,0.387054364944388
HCA_fold2,gene,DISSECT,0.521788467191278
HCA_fold2,gene,DISSECT,0.271425625300147
HCA_fold2,gene,DISSECT,0.519729414062403
HCA_fold2,gene,DISSECT,0.58257572120417
HCA_fold2,gene,DISSECT,0.56841255451878
HCA_fold2,gene,DISSECT,0.573191119793411
HCA_fold2,gene,DISSECT,0.373376389412277
HCA_fold2,gene,DISSECT,0.482872146937875
HCA_fold2,gene,DISSECT,0.32050544464966
HCA_fold2,gene,DISSECT,0.467335344019718
HCA_fold2,gene,DISSECT,0.510040438940327
HCA_fold2,gene,DISSECT,0.40695796076852
HCA_fold2,gene,DISSECT,0.498985305929003
HCA_fold2,gene,DISSECT,0.445505974304449
HCA_fold2,gene,DISSECT,0.652154178066678
HCA_fold2,gene,DISSECT,0.451983212670338
HCA_fold2,gene,DISSECT,0.341000726708584
HCA_fold2,gene,DISSECT,0.713828581301976
HCA_fold2,gene,DISSECT,0.630499946049402
HCA_fold2,gene,DISSECT,0.24652788013872
HCA_fold2,gene,DISSECT,0.408464226213055
HCA_fold2,gene,DISSECT,0.579119763244429
HCA_fold2,gene,DISSECT,0.169992705426027
HCA_fold2,gene,DISSECT,0.546552686090027
HCA_fold2,gene,DISSECT,0.719690377045986
HCA_fold2,gene,DISSECT,0.462568494248844
HCA_fold2,gene,DISSECT,0.698163565836425
HCA_fold2,gene,DISSECT,0.63159520853314
HCA_fold2,gene,DISSECT,0.256842446896521
HCA_fold2,gene,DISSECT,0.704887416836326
HCA_fold2,gene,DISSECT,0.346473444101833
HCA_fold2,gene,DISSECT,0.420911453999543
HCA_fold2,gene,DISSECT,0.493508307394142
HCA_fold2,gene,DISSECT,0.390596617004768
HCA_fold2,gene,DISSECT,0.551109712184769
HCA_fold2,gene,DISSECT,0.783154665542858
HCA_fold2,gene,DISSECT,0.561962254027504
HCA_fold2,gene,DISSECT,0.436268603554313
HCA_fold2,gene,DISSECT,0.412345076622594
HCA_fold2,gene,DISSECT,0.430218106462496
HCA_fold2,gene,DISSECT,0.418367568911601
HCA_fold2,gene,DISSECT,0.492565476961404
HCA_fold2,gene,DISSECT,0.430467743769935
HCA_fold2,gene,DISSECT,0.486012246456958
HCA_fold2,gene,DISSECT,0.655106573694303
HCA_fold2,gene,DISSECT,0.565205279370725
HCA_fold2,gene,DISSECT,0.273021400890523
HCA_fold2,gene,DISSECT,0.0831311442587077
HCA_fold2,gene,DISSECT,0.321709786726573
HCA_fold2,gene,DISSECT,0.44263162760308
HCA_fold2,gene,DISSECT,0.701516920294853
HCA_fold2,gene,DISSECT,0.689689999268404
HCA_fold2,gene,DISSECT,0.512920098872042
HCA_fold2,gene,DISSECT,0.413396229655365
HCA_fold2,gene,DISSECT,0.32991050146846
HCA_fold2,gene,DISSECT,0.549602470778249
HCA_fold2,gene,DISSECT,0.719462663966216
HCA_fold2,gene,DISSECT,0.404815735581633
HCA_fold2,gene,DISSECT,0.432014237969231
HCA_fold2,gene,DISSECT,0.642414471086003
HCA_fold2,gene,DISSECT,0.343166424278348
HCA_fold2,gene,DISSECT,0.591448203654539
HCA_fold2,gene,DISSECT,0.598618335344023
HCA_fold2,gene,DISSECT,0.130633820487254
HCA_fold2,gene,DISSECT,0.551795357386392
HCA_fold2,gene,DISSECT,0.690606550396687
HCA_fold2,gene,DISSECT,0.327942075613005
HCA_fold2,gene,DISSECT,0.224974896775887
HCA_fold2,gene,DISSECT,0.513991290540577
HCA_fold2,gene,DISSECT,0.495872872488687
HCA_fold2,gene,DISSECT,0.561449261042184
HCA_fold2,gene,DISSECT,0.578343056658484
HCA_fold2,gene,DISSECT,0.528377138235228
HCA_fold2,gene,DISSECT,0.515008049865521
HCA_fold2,gene,DISSECT,0.667385824953076
HCA_fold2,gene,DISSECT,0.495436775437953
HCA_fold2,gene,DISSECT,0.537498994836768
HCA_fold2,gene,DISSECT,0.534345200364923
HCA_fold2,gene,DISSECT,0.384447021567905
HCA_fold2,gene,DISSECT,0.496902240790712
HCA_fold2,gene,DISSECT,0.510686373952405
HCA_fold2,gene,DISSECT,0.546790654955171
HCA_fold2,gene,DISSECT,0.733378123717616
HCA_fold2,gene,DISSECT,0.0990906170657588
HCA_fold2,gene,DISSECT,0.51125438545078
HCA_fold2,gene,DISSECT,0.771745428698932
HCA_fold2,gene,DISSECT,0.577609828081907
HCA_fold2,gene,DISSECT,0.358827227022745
HCA_fold2,gene,DISSECT,0.684945511299923
HCA_fold2,gene,DISSECT,0.566999134728787
HCA_fold2,gene,DISSECT,0.376003094394154
HCA_fold2,gene,DISSECT,0.544716074027995
HCA_fold2,gene,DISSECT,0.477557488188014
HCA_fold2,gene,DISSECT,0.488707192293417
HCA_fold2,gene,DISSECT,0.160035305397848
HCA_fold2,gene,DISSECT,0.641489700126106
HCA_fold2,gene,DISSECT,0.425254521042242
HCA_fold2,gene,DISSECT,0.595662311347102
HCA_fold2,gene,DISSECT,0.647277981115131
HCA_fold2,gene,DISSECT,0.255906009264644
HCA_fold2,gene,DISSECT,0.459312416917994
HCA_fold2,gene,DISSECT,0.516003766555787
HCA_fold2,gene,DISSECT,0.58661184307667
HCA_fold2,gene,DISSECT,0.607979058747932
HCA_fold2,gene,DISSECT,0.451689306458456
HCA_fold2,gene,DISSECT,0.409494620528322
HCA_fold2,gene,DISSECT,0.672817740816434
HCA_fold2,gene,DISSECT,0.57912454916937
HCA_fold2,gene,DISSECT,0.211127540353386
HCA_fold2,gene,DISSECT,0.269340382992384
HCA_fold2,gene,DISSECT,0.469456069438987
HCA_fold2,gene,DISSECT,0.543055150172729
HCA_fold2,gene,DISSECT,0.581768073787449
HCA_fold2,gene,DISSECT,0.384139832457892
HCA_fold2,gene,DISSECT,0.715676348291454
HCA_fold2,gene,DISSECT,0.534013405016103
HCA_fold2,gene,DISSECT,0.30403658555962
HCA_fold2,gene,DISSECT,0.252871654979909
HCA_fold2,gene,DISSECT,0.249947302726309
HCA_fold2,gene,DISSECT,0.673018590184568
HCA_fold2,gene,DISSECT,0.594165540168059
HCA_fold2,gene,DISSECT,0.692729287606213
HCA_fold2,gene,DISSECT,0.748110165612705
HCA_fold2,gene,DISSECT,0.654381698040099
HCA_fold2,gene,DISSECT,0.690095631345833
HCA_fold2,gene,DISSECT,0.199098261451495
HCA_fold2,gene,DISSECT,0.603933263528278
HCA_fold2,gene,DISSECT,0.313067785418663
HCA_fold2,gene,DISSECT,0.507762012913286
HCA_fold2,gene,DISSECT,0.655641035332441
HCA_fold2,gene,DISSECT,0.533598739366599
HCA_fold2,gene,DISSECT,0.454845869247976
HCA_fold2,gene,DISSECT,0.554058268037928
HCA_fold2,gene,DISSECT,0.665035574432699
HCA_fold2,gene,DISSECT,0.565885670784734
HCA_fold2,gene,DISSECT,0.359925260338487
HCA_fold2,gene,DISSECT,0.352535981966499
HCA_fold2,gene,DISSECT,0.365264557470843
HCA_fold2,gene,DISSECT,0.374988917298057
HCA_fold2,gene,DISSECT,0.470960182588347
HCA_fold2,gene,DISSECT,0.171712038885057
HCA_fold2,gene,DISSECT,0.239681440677085
HCA_fold2,gene,DISSECT,0.519570205910218
HCA_fold2,gene,DISSECT,0.184208290369223
HCA_fold2,gene,DISSECT,0.408811042820019
HCA_fold2,gene,DISSECT,0.5133072718619
HCA_fold2,gene,DISSECT,0.23957239061246
HCA_fold2,gene,DISSECT,0.572443604418352
HCA_fold2,gene,DISSECT,0.406708578640523
HCA_fold2,gene,DISSECT,0.535413482230798
HCA_fold2,gene,DISSECT,0.649690194129691
HCA_fold2,gene,DISSECT,0.5744214017138
HCA_fold2,gene,DISSECT,0.557039545513502
HCA_fold2,gene,DISSECT,0.446380699021698
HCA_fold2,gene,DISSECT,0.524417624467703
HCA_fold2,gene,DISSECT,0.430385834882855
HCA_fold2,gene,DISSECT,0.350012688343748
HCA_fold2,gene,DISSECT,0.466917096093826
HCA_fold2,gene,DISSECT,0.215303287890885
HCA_fold2,gene,DISSECT,0.47327779181564
HCA_fold2,gene,DISSECT,0.354822406500266
HCA_fold2,gene,DISSECT,0.528677485278727
HCA_fold2,gene,DISSECT,0.661556479226395
HCA_fold2,gene,DISSECT,0.513325892084179
HCA_fold2,gene,DISSECT,0.445350328089872
HCA_fold2,gene,DISSECT,0.606492620486798
HCA_fold2,gene,DISSECT,0.0341118204226934
HCA_fold2,gene,DISSECT,0.178851645854611
HCA_fold2,gene,DISSECT,0.631648014168795
HCA_fold2,gene,DISSECT,0.627994794315298
HCA_fold2,gene,DISSECT,0.440586340560188
HCA_fold2,gene,DISSECT,0.499467824978759
HCA_fold2,gene,DISSECT,0.577416088071885
HCA_fold2,gene,DISSECT,0.181926989293059
HCA_fold2,gene,DISSECT,0.351018555859191
HCA_fold2,gene,DISSECT,0.511837349670552
HCA_fold2,gene,DISSECT,0.617783352269426
HCA_fold2,gene,DISSECT,0.248453213595602
HCA_fold2,gene,DISSECT,0.206811595799963
HCA_fold2,gene,DISSECT,0.503983382734116
HCA_fold2,gene,DISSECT,0.477866514292006
HCA_fold2,gene,DISSECT,0.225848840429833
HCA_fold2,gene,DISSECT,0.602925528216139
HCA_fold2,gene,DISSECT,0.564292245395687
HCA_fold2,gene,DISSECT,0.493511766930992
HCA_fold2,gene,DISSECT,0.497586790244015
HCA_fold2,gene,DISSECT,0.473982326711724
HCA_fold2,gene,DISSECT,0.46743535901717
HCA_fold2,gene,DISSECT,0.535233357396174
HCA_fold2,gene,DISSECT,0.507492801051783
HCA_fold2,gene,DISSECT,0.535136758113313
HCA_fold2,gene,DISSECT,0.132322472829649
HCA_fold2,gene,DISSECT,0.225939431386108
HCA_fold2,gene,TAPE,0.286161016075491
HCA_fold2,gene,TAPE,0.389565135178699
HCA_fold2,gene,TAPE,-0.161108301415589
HCA_fold2,gene,TAPE,0.224422996686742
HCA_fold2,gene,TAPE,0.316926602086404
HCA_fold2,gene,TAPE,-0.0032491479384379
HCA_fold2,gene,TAPE,0.225134656490386
HCA_fold2,gene,TAPE,0.255960717510364
HCA_fold2,gene,TAPE,0.458417527344529
HCA_fold2,gene,TAPE,0.454601503295488
HCA_fold2,gene,TAPE,0.0701385994899409
HCA_fold2,gene,TAPE,-0.0792786894581012
HCA_fold2,gene,TAPE,0.229122560322137
HCA_fold2,gene,TAPE,0.264205515554537
HCA_fold2,gene,TAPE,0.123865154077348
HCA_fold2,gene,TAPE,0.206466170982038
HCA_fold2,gene,TAPE,0.374142617956041
HCA_fold2,gene,TAPE,0.40281020897584
HCA_fold2,gene,TAPE,0.0316747577119186
HCA_fold2,gene,TAPE,0.33183369076607
HCA_fold2,gene,TAPE,0.368281201186667
HCA_fold2,gene,TAPE,-0.140190597306968
HCA_fold2,gene,TAPE,0.417494766990994
HCA_fold2,gene,TAPE,0.211398972651067
HCA_fold2,gene,TAPE,0.133935868619738
HCA_fold2,gene,TAPE,0.290787926091583
HCA_fold2,gene,TAPE,-0.0290638959853471
HCA_fold2,gene,TAPE,0.0239774905033373
HCA_fold2,gene,TAPE,0.290733491681744
HCA_fold2,gene,TAPE,0.315991167465448
HCA_fold2,gene,TAPE,0.282525696546243
HCA_fold2,gene,TAPE,0.0637027670617434
HCA_fold2,gene,TAPE,0.117355017020751
HCA_fold2,gene,TAPE,-0.0241879287797243
HCA_fold2,gene,TAPE,0.0918002595610807
HCA_fold2,gene,TAPE,-0.00933224170334868
HCA_fold2,gene,TAPE,0.109048152863295
HCA_fold2,gene,TAPE,0.441734494849695
HCA_fold2,gene,TAPE,0.168644269313601
HCA_fold2,gene,TAPE,0.25148976801457
HCA_fold2,gene,TAPE,0.253549976613444
HCA_fold2,gene,TAPE,-0.0796865496904419
HCA_fold2,gene,TAPE,0.0106127641164672
HCA_fold2,gene,TAPE,0.0987249339403228
HCA_fold2,gene,TAPE,0.0776236052976654
HCA_fold2,gene,TAPE,0.0192182378468366
HCA_fold2,gene,TAPE,-0.12443665730341
HCA_fold2,gene,TAPE,0.126635541327654
HCA_fold2,gene,TAPE,0.277535473561369
HCA_fold2,gene,TAPE,-0.126072310439224
HCA_fold2,gene,TAPE,0.266540146188231
HCA_fold2,gene,TAPE,0.277455673024137
HCA_fold2,gene,TAPE,0.101538166210931
HCA_fold2,gene,TAPE,0.109493008231078
HCA_fold2,gene,TAPE,0.124518886757342
HCA_fold2,gene,TAPE,-0.191124374783846
HCA_fold2,gene,TAPE,0.305362255140176
HCA_fold2,gene,TAPE,0.0623632020852292
HCA_fold2,gene,TAPE,-0.0907022255884496
HCA_fold2,gene,TAPE,0.454810089037362
HCA_fold2,gene,TAPE,0.107645083269667
HCA_fold2,gene,TAPE,0.248668175323445
HCA_fold2,gene,TAPE,0.132690802069213
HCA_fold2,gene,TAPE,0.0877244305269499
HCA_fold2,gene,TAPE,0.0853155843260577
HCA_fold2,gene,TAPE,0.233977993356286
HCA_fold2,gene,TAPE,0.326033969674919
HCA_fold2,gene,TAPE,0.221793927973711
HCA_fold2,gene,TAPE,0.248932014329995
HCA_fold2,gene,TAPE,-0.0246275717722713
HCA_fold2,gene,TAPE,0.298151260558643
HCA_fold2,gene,TAPE,0.231524385832374
HCA_fold2,gene,TAPE,-0.139499462207918
HCA_fold2,gene,TAPE,0.0079729670223513
HCA_fold2,gene,TAPE,0.367685271233004
HCA_fold2,gene,TAPE,0.120202885422803
HCA_fold2,gene,TAPE,-0.0214076902216644
HCA_fold2,gene,TAPE,0.0755323400358095
HCA_fold2,gene,TAPE,0.221593265839188
HCA_fold2,gene,TAPE,0.186342817022871
HCA_fold2,gene,TAPE,0.16176237771266
HCA_fold2,gene,TAPE,0.346913085437736
HCA_fold2,gene,TAPE,-0.0208679671010027
HCA_fold2,gene,TAPE,0.235809498455196
HCA_fold2,gene,TAPE,-0.0692654088932456
HCA_fold2,gene,TAPE,-0.210897428108943
HCA_fold2,gene,TAPE,0.0160141095308162
HCA_fold2,gene,TAPE,0.0833137052958363
HCA_fold2,gene,TAPE,-0.00131115125710379
HCA_fold2,gene,TAPE,0.0539935894969069
HCA_fold2,gene,TAPE,0.382771474758705
HCA_fold2,gene,TAPE,0.113804738033939
HCA_fold2,gene,TAPE,0.467879387048683
HCA_fold2,gene,TAPE,0.278245080532218
HCA_fold2,gene,TAPE,0.285381984337826
HCA_fold2,gene,TAPE,0.0447526707557411
HCA_fold2,gene,TAPE,0.25571255830018
HCA_fold2,gene,TAPE,-0.102283698191033
HCA_fold2,gene,TAPE,0.0272997537931652
HCA_fold2,gene,TAPE,0.0437783749830658
HCA_fold2,gene,TAPE,0.366236577312525
HCA_fold2,gene,TAPE,0.162865062991287
HCA_fold2,gene,TAPE,0.00841030023927027
HCA_fold2,gene,TAPE,0.0852929126250822
HCA_fold2,gene,TAPE,0.370545670900295
HCA_fold2,gene,TAPE,0.186155198038559
HCA_fold2,gene,TAPE,0.435726620016855
HCA_fold2,gene,TAPE,0.339991586563601
HCA_fold2,gene,TAPE,0.0164171356724204
HCA_fold2,gene,TAPE,0.135319248765658
HCA_fold2,gene,TAPE,0.322737240281366
HCA_fold2,gene,TAPE,0.28374821004859
HCA_fold2,gene,TAPE,0.322578309393192
HCA_fold2,gene,TAPE,0.129067359182892
HCA_fold2,gene,TAPE,0.11191647383463
HCA_fold2,gene,TAPE,-0.0729489237372752
HCA_fold2,gene,TAPE,0.345128640496569
HCA_fold2,gene,TAPE,0.17804962988537
HCA_fold2,gene,TAPE,0.26245454636963
HCA_fold2,gene,TAPE,0.0526320080505208
HCA_fold2,gene,TAPE,0.277667281833579
HCA_fold2,gene,TAPE,0.0684431073839583
HCA_fold2,gene,TAPE,0.0425616536890721
HCA_fold2,gene,TAPE,0.419238095245289
HCA_fold2,gene,TAPE,0.15171117381242
HCA_fold2,gene,TAPE,-0.0446856755553436
HCA_fold2,gene,TAPE,-0.00590130853304424
HCA_fold2,gene,TAPE,0.0273135551438501
HCA_fold2,gene,TAPE,0.419767344164978
HCA_fold2,gene,TAPE,0.194724371609256
HCA_fold2,gene,TAPE,0.209479669613833
HCA_fold2,gene,TAPE,-0.000298567012538838
HCA_fold2,gene,TAPE,0.338497250918279
HCA_fold2,gene,TAPE,0.117426621350376
HCA_fold2,gene,TAPE,0.407873390385646
HCA_fold2,gene,TAPE,-0.0442089042017156
HCA_fold2,gene,TAPE,0.0485029203708537
HCA_fold2,gene,TAPE,-0.141553750248741
HCA_fold2,gene,TAPE,0.310345586146089
HCA_fold2,gene,TAPE,0.294482946493872
HCA_fold2,gene,TAPE,0.395857422393152
HCA_fold2,gene,TAPE,0.159387478395974
HCA_fold2,gene,TAPE,0.413797793043576
HCA_fold2,gene,TAPE,0.166974619613015
HCA_fold2,gene,TAPE,0.360859889457499
HCA_fold2,gene,TAPE,-0.0444493246807466
HCA_fold2,gene,TAPE,0.182393178226024
HCA_fold2,gene,TAPE,-0.145803421073104
HCA_fold2,gene,TAPE,0.164992194848368
HCA_fold2,gene,TAPE,0.276906472193536
HCA_fold2,gene,TAPE,0.236325708558541
HCA_fold2,gene,TAPE,0.347723474658808
HCA_fold2,gene,TAPE,0.189840691960135
HCA_fold2,gene,TAPE,0.0141660510098991
HCA_fold2,gene,TAPE,-0.0579418372403206
HCA_fold2,gene,TAPE,0.225414893061642
HCA_fold2,gene,TAPE,0.407340803933089
HCA_fold2,gene,TAPE,0.168140654415746
HCA_fold2,gene,TAPE,0.0437003678825878
HCA_fold2,gene,TAPE,-0.118942968801551
HCA_fold2,gene,TAPE,-0.048074143692406
HCA_fold2,gene,TAPE,-0.0320306270330463
HCA_fold2,gene,TAPE,-0.0138879715316168
HCA_fold2,gene,TAPE,0.371060100106491
HCA_fold2,gene,TAPE,0.375517679490358
HCA_fold2,gene,TAPE,0.281796524611182
HCA_fold2,gene,TAPE,0.412372546597352
HCA_fold2,gene,TAPE,0.308855945181689
HCA_fold2,gene,TAPE,0.295447665766359
HCA_fold2,gene,TAPE,0.00580339219380209
HCA_fold2,gene,TAPE,0.343164438812097
HCA_fold2,gene,TAPE,0.26660956993977
HCA_fold2,gene,TAPE,0.0443830467636087
HCA_fold2,gene,TAPE,-0.00634322918431634
HCA_fold2,gene,TAPE,0.455864489309224
HCA_fold2,gene,TAPE,-0.000340241824969915
HCA_fold2,gene,TAPE,0.460330965004652
HCA_fold2,gene,TAPE,0.0741847508289497
HCA_fold2,gene,TAPE,0.208638173398633
HCA_fold2,gene,TAPE,0.0542441419438399
HCA_fold2,gene,TAPE,0.31676218096724
HCA_fold2,gene,TAPE,0.305453245089168
HCA_fold2,gene,TAPE,0.169773045026856
HCA_fold2,gene,TAPE,-0.0444854831618583
HCA_fold2,gene,TAPE,0.401244587009191
HCA_fold2,gene,TAPE,0.0279989197719697
HCA_fold2,gene,TAPE,0.342852750692974
HCA_fold2,gene,TAPE,0.413271528769415
HCA_fold2,gene,TAPE,0.371803181627173
HCA_fold2,gene,TAPE,-0.112181257884715
HCA_fold2,gene,TAPE,0.395551998021326
HCA_fold2,gene,TAPE,0.499589814625682
HCA_fold2,gene,TAPE,-0.101396710692125
HCA_fold2,gene,TAPE,0.0565255695721201
HCA_fold2,gene,TAPE,0.387836749870841
HCA_fold2,gene,TAPE,0.122318669773272
HCA_fold2,gene,TAPE,0.050486771139259
HCA_fold2,gene,TAPE,0.377215091055692
HCA_fold2,gene,TAPE,0.409206960170335
HCA_fold2,gene,TAPE,-0.0403445664296672
HCA_fold2,gene,TAPE,0.300616742989152
HCA_fold2,gene,TAPE,0.101273228173743
HCA_fold2,gene,TAPE,0.156147753898296
HCA_fold2,gene,TAPE,0.186644118020875
HCA_fold2,gene,TAPE,0.121987598172826
HCA_fold2,gene,TAPE,0.0819020256796908
HCA_fold2,gene,TAPE,0.240378056910405
HCA_fold2,gene,TAPE,0.168801234684184
HCA_fold2,gene,TAPE,0.0911718056597522
HCA_fold2,gene,TAPE,0.0346346101339398
HCA_fold2,gene,TAPE,0.324794775686596
HCA_fold2,gene,TAPE,0.389743561795592
HCA_fold2,gene,TAPE,0.0128732052540667
HCA_fold2,gene,TAPE,0.322514673114687
HCA_fold2,gene,TAPE,0.123872055875703
HCA_fold2,gene,TAPE,0.128050870168526
HCA_fold2,gene,TAPE,0.336498980949124
HCA_fold2,gene,TAPE,-0.0511031355259988
HCA_fold2,gene,TAPE,0.0528100933867991
HCA_fold2,gene,TAPE,0.444382916297515
HCA_fold2,gene,TAPE,0.0402444877917026
HCA_fold2,gene,TAPE,0.015926618660036
HCA_fold2,gene,TAPE,0.124634610978059
HCA_fold2,gene,TAPE,0.384234301587663
HCA_fold2,gene,TAPE,0.0404660861915871
HCA_fold2,gene,TAPE,0.298799365735424
HCA_fold2,gene,TAPE,0.140886816183845
HCA_fold2,gene,TAPE,0.233546229596114
HCA_fold2,gene,TAPE,0.0352575791412826
HCA_fold2,gene,TAPE,-0.0584934692847164
HCA_fold2,gene,TAPE,0.459131201341547
HCA_fold2,gene,TAPE,-0.0172593746988087
HCA_fold2,gene,TAPE,0.268627725624878
HCA_fold2,gene,TAPE,0.134015060767832
HCA_fold2,gene,TAPE,0.113211202680771
HCA_fold2,gene,TAPE,0.401603472355179
HCA_fold2,gene,TAPE,0.112351307911394
HCA_fold2,gene,TAPE,0.288764532592861
HCA_fold2,gene,TAPE,0.017061181249279
HCA_fold2,gene,TAPE,0.315895187667658
HCA_fold2,gene,TAPE,0.155098961662237
HCA_fold2,gene,TAPE,0.0806627549636295
HCA_fold2,gene,TAPE,0.135631683064633
HCA_fold2,gene,TAPE,0.284724915492672
HCA_fold2,gene,TAPE,0.349152708081804
HCA_fold2,gene,TAPE,0.512650434128051
HCA_fold2,gene,TAPE,0.394108226083652
HCA_fold2,gene,TAPE,0.0280809583080226
HCA_fold2,gene,TAPE,0.0822263841386934
HCA_fold2,gene,TAPE,-0.0700819483765794
HCA_fold2,gene,TAPE,-0.0819925149027373
HCA_fold2,gene,TAPE,0.448883837679778
HCA_fold2,gene,TAPE,-0.174738009604722
HCA_fold2,gene,TAPE,0.106344979411956
HCA_fold2,gene,TAPE,0.171233474804803
HCA_fold2,gene,TAPE,0.233993464974715
HCA_fold2,gene,TAPE,0.333818458113117
HCA_fold2,gene,TAPE,0.291804609855703
HCA_fold2,gene,TAPE,0.333609412380609
HCA_fold2,gene,TAPE,0.265153690093183
HCA_fold2,gene,TAPE,0.262801857879084
HCA_fold2,gene,TAPE,0.081887957427386
HCA_fold2,gene,TAPE,0.292395519582955
HCA_fold2,gene,TAPE,0.134288649849814
HCA_fold2,gene,TAPE,0.333392209070679
HCA_fold2,gene,TAPE,0.192006468664042
HCA_fold2,gene,TAPE,-0.0215917734275138
HCA_fold2,gene,TAPE,0.225279646326677
HCA_fold2,gene,TAPE,0.460165668358451
HCA_fold2,gene,TAPE,0.282930709328688
HCA_fold2,gene,TAPE,0.12725033925499
HCA_fold2,gene,TAPE,0.0357180977232011
HCA_fold2,gene,TAPE,0.276359504970055
HCA_fold2,gene,TAPE,0.222832165992598
HCA_fold2,gene,TAPE,0.301354188889099
HCA_fold2,gene,TAPE,0.49320469111976
HCA_fold2,gene,TAPE,0.187460238563709
HCA_fold2,gene,TAPE,0.411701304129018
HCA_fold2,gene,TAPE,0.0552300940384147
HCA_fold2,gene,TAPE,-0.0180578641737306
HCA_fold2,gene,TAPE,0.508849477839972
HCA_fold2,gene,TAPE,0.0559386682523275
HCA_fold2,gene,TAPE,0.0446596336761234
HCA_fold2,gene,TAPE,0.174769697694509
HCA_fold2,gene,TAPE,0.152167718021934
HCA_fold2,gene,TAPE,0.213535091263622
HCA_fold2,gene,TAPE,0.23422276479609
HCA_fold2,gene,TAPE,0.247493507578031
HCA_fold2,gene,TAPE,0.308960113651546
HCA_fold2,gene,TAPE,0.240824551156765
HCA_fold2,gene,TAPE,0.45952585552734
HCA_fold2,gene,TAPE,0.339443118353188
HCA_fold2,gene,TAPE,0.121596574437324
HCA_fold2,gene,TAPE,0.0378932164463275
HCA_fold2,gene,TAPE,0.264597736755486
HCA_fold2,gene,TAPE,0.307639414467359
HCA_fold2,gene,TAPE,0.214280612522783
HCA_fold2,gene,TAPE,0.0526189939728143
HCA_fold2,gene,TAPE,0.256710797914375
HCA_fold2,gene,TAPE,0.0524289936739717
HCA_fold2,gene,TAPE,0.0589592813653221
HCA_fold2,gene,TAPE,0.42392371764691
HCA_fold2,gene,TAPE,0.293141129524265
HCA_fold2,gene,TAPE,0.377784331533237
HCA_fold2,gene,TAPE,0.150859355122936
HCA_fold2,gene,TAPE,0.311896941027266
HCA_fold2,gene,TAPE,0.266821910824103
HCA_fold2,gene,TAPE,0.285820974831052
HCA_fold2,gene,TAPE,0.218015614598424
HCA_fold2,gene,TAPE,0.405081108991454
HCA_fold2,gene,TAPE,-0.0749261263619068
HCA_fold2,gene,TAPE,0.0817964084036107
HCA_fold2,gene,TAPE,0.409434594898501
HCA_fold2,gene,TAPE,0.0180844389171016
HCA_fold2,gene,TAPE,0.0420708876414789
HCA_fold2,gene,TAPE,0.191959139432179
HCA_fold2,gene,TAPE,0.324167749965976
HCA_fold2,gene,TAPE,0.392578009110961
HCA_fold2,gene,TAPE,-0.037428096373705
HCA_fold2,gene,TAPE,0.379422376261028
HCA_fold2,gene,TAPE,-0.182237404416548
HCA_fold2,gene,TAPE,0.290085346720193
HCA_fold2,gene,TAPE,0.475863684955234
HCA_fold2,gene,TAPE,0.416382854978775
HCA_fold2,gene,TAPE,0.178439710989654
HCA_fold2,gene,TAPE,0.403976352082125
HCA_fold2,gene,TAPE,0.470657190011195
HCA_fold2,gene,TAPE,0.138576364766513
HCA_fold2,gene,TAPE,0.365480042718362
HCA_fold2,gene,TAPE,0.244385208634358
HCA_fold2,gene,TAPE,0.437311992880245
HCA_fold2,gene,TAPE,0.287620504886181
HCA_fold2,gene,TAPE,0.272119047313932
HCA_fold2,gene,TAPE,0.340780183133603
HCA_fold2,gene,TAPE,0.0488049722722962
HCA_fold2,gene,TAPE,0.414656389350531
HCA_fold2,gene,TAPE,0.457391731726531
HCA_fold2,gene,TAPE,0.438674095286532
HCA_fold2,gene,TAPE,0.279776282986902
HCA_fold2,gene,TAPE,0.469186620824235
HCA_fold2,gene,TAPE,0.325356030372201
HCA_fold2,gene,TAPE,0.112353159324588
HCA_fold2,gene,TAPE,0.121649328186642
HCA_fold2,gene,TAPE,0.152339724731713
HCA_fold2,gene,TAPE,0.330676338604188
HCA_fold2,gene,TAPE,0.00238759051785478
HCA_fold2,gene,TAPE,0.444475395873615
HCA_fold2,gene,TAPE,-0.0884841124381683
HCA_fold2,gene,TAPE,0.254283856817328
HCA_fold2,gene,TAPE,0.116991365543047
HCA_fold2,gene,TAPE,0.002006476466086
HCA_fold2,gene,TAPE,0.390557990897655
HCA_fold2,gene,TAPE,0.332211862274
HCA_fold2,gene,TAPE,0.413638406317062
HCA_fold2,gene,TAPE,0.274696202558621
HCA_fold2,gene,TAPE,0.189691005579666
HCA_fold2,gene,TAPE,0.432677926322334
HCA_fold2,gene,TAPE,0.377224080476828
HCA_fold2,gene,TAPE,-0.0707900709322327
HCA_fold2,gene,TAPE,0.214791216626461
HCA_fold2,gene,TAPE,0.378558594548343
HCA_fold2,gene,TAPE,0.460488693765436
HCA_fold2,gene,TAPE,0.282547253335396
HCA_fold2,gene,TAPE,0.339193151018853
HCA_fold2,gene,TAPE,0.191463226689943
HCA_fold2,gene,TAPE,0.415905093021066
HCA_fold2,gene,TAPE,0.0269588480209296
HCA_fold2,gene,TAPE,-0.00496285390093631
HCA_fold2,gene,TAPE,0.213955971183996
HCA_fold2,gene,TAPE,0.0479213404113308
HCA_fold2,gene,TAPE,0.274542405860834
HCA_fold2,gene,TAPE,0.307648921749018
HCA_fold2,gene,TAPE,0.207975472931703
HCA_fold2,gene,TAPE,0.378244855283434
HCA_fold2,gene,TAPE,0.267465177366116
HCA_fold2,gene,TAPE,0.239619307845549
HCA_fold2,gene,TAPE,-0.00216190670171126
HCA_fold2,gene,TAPE,0.104868939013201
HCA_fold2,gene,TAPE,-0.112303167046722
HCA_fold2,gene,TAPE,0.468465327116729
HCA_fold2,gene,TAPE,0.224701790128641
HCA_fold2,gene,TAPE,0.0250880795998744
HCA_fold2,gene,TAPE,0.161852399476288
HCA_fold2,gene,TAPE,0.0512559883094464
HCA_fold2,gene,TAPE,0.303501551431933
HCA_fold2,gene,TAPE,0.130588168500131
HCA_fold2,gene,TAPE,-0.0300464292504531
HCA_fold2,gene,TAPE,0.0670193859759516
HCA_fold2,gene,TAPE,0.0663399499620739
HCA_fold2,gene,TAPE,0.094448026633702
HCA_fold2,gene,TAPE,0.168465030395939
HCA_fold2,gene,TAPE,-0.0811180121667183
HCA_fold2,gene,TAPE,-0.0528820823332393
HCA_fold2,gene,TAPE,0.232204343386819
HCA_fold2,gene,TAPE,-0.0892639472971031
HCA_fold2,gene,TAPE,0.171136859694527
HCA_fold2,gene,TAPE,0.315847933887921
HCA_fold2,gene,TAPE,0.00644447894178712
HCA_fold2,gene,TAPE,0.216869699376445
HCA_fold2,gene,TAPE,0.305180460200311
HCA_fold2,gene,TAPE,0.156911048559993
HCA_fold2,gene,TAPE,0.0374559294533421
HCA_fold2,gene,TAPE,0.10831283675395
HCA_fold2,gene,TAPE,0.098474477501206
HCA_fold2,gene,TAPE,0.122797073612454
HCA_fold2,gene,TAPE,0.137652536399596
HCA_fold2,gene,TAPE,0.169379934698076
HCA_fold2,gene,TAPE,0.211361062110162
HCA_fold2,gene,TAPE,0.311196464421348
HCA_fold2,gene,TAPE,-0.0641183216401074
HCA_fold2,gene,TAPE,0.435290971206983
HCA_fold2,gene,TAPE,0.292652293284481
HCA_fold2,gene,TAPE,0.324806601192499
HCA_fold2,gene,TAPE,0.433263452464295
HCA_fold2,gene,TAPE,0.344178752577067
HCA_fold2,gene,TAPE,0.140230050944657
HCA_fold2,gene,TAPE,0.028929524199376
HCA_fold2,gene,TAPE,0.194609534391357
HCA_fold2,gene,TAPE,0.174102293921924
HCA_fold2,gene,TAPE,0.410379476520773
HCA_fold2,gene,TAPE,0.0342086105236459
HCA_fold2,gene,TAPE,-0.0328524093650812
HCA_fold2,gene,TAPE,0.14780137208318
HCA_fold2,gene,TAPE,0.427420351379242
HCA_fold2,gene,TAPE,0.142713256537605
HCA_fold2,gene,TAPE,-0.0924931234099888
HCA_fold2,gene,TAPE,0.107975599036736
HCA_fold2,gene,TAPE,0.0552690145963553
HCA_fold2,gene,TAPE,0.0863434751548422
HCA_fold2,gene,TAPE,-0.0763170044857877
HCA_fold2,gene,TAPE,0.025079697385893
HCA_fold2,gene,TAPE,0.212297139207613
HCA_fold2,gene,TAPE,-0.0251463541883355
HCA_fold2,gene,TAPE,0.4472989941175
HCA_fold2,gene,TAPE,0.329805734102993
HCA_fold2,gene,TAPE,0.162203708757301
HCA_fold2,gene,TAPE,-0.000182574475223903
HCA_fold2,gene,TAPE,0.310361661186501
HCA_fold2,gene,TAPE,0.218723717934535
HCA_fold2,gene,TAPE,0.343623077055264
HCA_fold2,gene,TAPE,0.11539765372274
HCA_fold2,gene,TAPE,0.365576482161425
HCA_fold2,gene,TAPE,0.242165134960526
HCA_fold2,gene,TAPE,0.0231281713745521
HCA_fold2,gene,DeconvSC,0.860914674914642
HCA_fold2,gene,DeconvSC,0.628283450065416
HCA_fold2,gene,DeconvSC,0.34165597684455
HCA_fold2,gene,DeconvSC,0.769449782233617
HCA_fold2,gene,DeconvSC,0.852915474142222
HCA_fold2,gene,DeconvSC,0.748670383968431
HCA_fold2,gene,DeconvSC,0.883937844657859
HCA_fold2,gene,DeconvSC,0.865692166590869
HCA_fold2,gene,DeconvSC,0.849771797474348
HCA_fold2,gene,DeconvSC,0.755064878868035
HCA_fold2,gene,DeconvSC,0.848942116094589
HCA_fold2,gene,DeconvSC,0.700777363452044
HCA_fold2,gene,DeconvSC,0.784452893304436
HCA_fold2,gene,DeconvSC,0.701370557608488
HCA_fold2,gene,DeconvSC,0.760153690799191
HCA_fold2,gene,DeconvSC,0.730512879363048
HCA_fold2,gene,DeconvSC,0.86357152514779
HCA_fold2,gene,DeconvSC,0.874322318239517
HCA_fold2,gene,DeconvSC,0.47403549050436
HCA_fold2,gene,DeconvSC,0.823376160206585
HCA_fold2,gene,DeconvSC,0.856165937543242
HCA_fold2,gene,DeconvSC,0.661099376739966
HCA_fold2,gene,DeconvSC,0.874710075835145
HCA_fold2,gene,DeconvSC,0.530872824087581
HCA_fold2,gene,DeconvSC,0.752845491145495
HCA_fold2,gene,DeconvSC,0.810342535109974
HCA_fold2,gene,DeconvSC,0.804359653980228
HCA_fold2,gene,DeconvSC,0.414600235956174
HCA_fold2,gene,DeconvSC,0.897533234199355
HCA_fold2,gene,DeconvSC,0.757989999952739
HCA_fold2,gene,DeconvSC,0.684542759421475
HCA_fold2,gene,DeconvSC,0.61311546643847
HCA_fold2,gene,DeconvSC,0.301940774735522
HCA_fold2,gene,DeconvSC,0.840070535525905
HCA_fold2,gene,DeconvSC,0.791161284730458
HCA_fold2,gene,DeconvSC,0.619712200243837
HCA_fold2,gene,DeconvSC,0.696463817116821
HCA_fold2,gene,DeconvSC,0.832295196813198
HCA_fold2,gene,DeconvSC,0.800945898811268
HCA_fold2,gene,DeconvSC,0.832673913182227
HCA_fold2,gene,DeconvSC,0.411024461139948
HCA_fold2,gene,DeconvSC,0.387785125250146
HCA_fold2,gene,DeconvSC,0.5345644558611
HCA_fold2,gene,DeconvSC,0.715261271468847
HCA_fold2,gene,DeconvSC,0.745214602866692
HCA_fold2,gene,DeconvSC,0.504720257031548
HCA_fold2,gene,DeconvSC,0.647606861448225
HCA_fold2,gene,DeconvSC,0.596639352065662
HCA_fold2,gene,DeconvSC,0.789324831591067
HCA_fold2,gene,DeconvSC,0.702774308511932
HCA_fold2,gene,DeconvSC,0.882344680263656
HCA_fold2,gene,DeconvSC,0.563159971399422
HCA_fold2,gene,DeconvSC,0.694534563408304
HCA_fold2,gene,DeconvSC,0.738589518580783
HCA_fold2,gene,DeconvSC,0.738290901990391
HCA_fold2,gene,DeconvSC,0.785116582118765
HCA_fold2,gene,DeconvSC,0.90993474460243
HCA_fold2,gene,DeconvSC,0.493895105629272
HCA_fold2,gene,DeconvSC,0.752902421726932
HCA_fold2,gene,DeconvSC,0.744846228389374
HCA_fold2,gene,DeconvSC,0.846272859601496
HCA_fold2,gene,DeconvSC,0.846875290807296
HCA_fold2,gene,DeconvSC,0.66855548133679
HCA_fold2,gene,DeconvSC,0.797004968455467
HCA_fold2,gene,DeconvSC,0.698853830234742
HCA_fold2,gene,DeconvSC,0.671313762498128
HCA_fold2,gene,DeconvSC,0.855185643285235
HCA_fold2,gene,DeconvSC,0.274307577317415
HCA_fold2,gene,DeconvSC,0.81618823359808
HCA_fold2,gene,DeconvSC,0.559902069189019
HCA_fold2,gene,DeconvSC,0.719525432606448
HCA_fold2,gene,DeconvSC,0.591074606568036
HCA_fold2,gene,DeconvSC,0.49271451167955
HCA_fold2,gene,DeconvSC,0.266728822130985
HCA_fold2,gene,DeconvSC,0.888995590171153
HCA_fold2,gene,DeconvSC,0.783209508853055
HCA_fold2,gene,DeconvSC,0.235897981811159
HCA_fold2,gene,DeconvSC,0.248149538612343
HCA_fold2,gene,DeconvSC,0.769354904519599
HCA_fold2,gene,DeconvSC,0.84201061571755
HCA_fold2,gene,DeconvSC,0.252661707611212
HCA_fold2,gene,DeconvSC,0.704378528650223
HCA_fold2,gene,DeconvSC,0.720583008933155
HCA_fold2,gene,DeconvSC,0.709236175873511
HCA_fold2,gene,DeconvSC,0.734271177722789
HCA_fold2,gene,DeconvSC,0.700041974071308
HCA_fold2,gene,DeconvSC,0.662136098324139
HCA_fold2,gene,DeconvSC,0.694788901013637
HCA_fold2,gene,DeconvSC,0.50764910551505
HCA_fold2,gene,DeconvSC,0.805391695084733
HCA_fold2,gene,DeconvSC,0.896914203468685
HCA_fold2,gene,DeconvSC,0.725691285419634
HCA_fold2,gene,DeconvSC,0.890115067472368
HCA_fold2,gene,DeconvSC,0.827212125264528
HCA_fold2,gene,DeconvSC,0.832070612139806
HCA_fold2,gene,DeconvSC,0.349994837624443
HCA_fold2,gene,DeconvSC,0.847494018507264
HCA_fold2,gene,DeconvSC,0.577391901261904
HCA_fold2,gene,DeconvSC,0.573460820105971
HCA_fold2,gene,DeconvSC,0.804013488449138
HCA_fold2,gene,DeconvSC,0.836992711721511
HCA_fold2,gene,DeconvSC,0.887232641999079
HCA_fold2,gene,DeconvSC,0.399666888701561
HCA_fold2,gene,DeconvSC,0.816783103249561
HCA_fold2,gene,DeconvSC,0.817798662281975
HCA_fold2,gene,DeconvSC,0.779779487047205
HCA_fold2,gene,DeconvSC,0.838024470748855
HCA_fold2,gene,DeconvSC,0.849968820044414
HCA_fold2,gene,DeconvSC,0.535251249489492
HCA_fold2,gene,DeconvSC,0.712258089041639
HCA_fold2,gene,DeconvSC,0.780889516674297
HCA_fold2,gene,DeconvSC,0.860695991965586
HCA_fold2,gene,DeconvSC,0.72011779986161
HCA_fold2,gene,DeconvSC,0.62111750491866
HCA_fold2,gene,DeconvSC,0.423748109671375
HCA_fold2,gene,DeconvSC,0.724425643719413
HCA_fold2,gene,DeconvSC,0.803609053075606
HCA_fold2,gene,DeconvSC,0.815040702428864
HCA_fold2,gene,DeconvSC,0.66715946026642
HCA_fold2,gene,DeconvSC,0.386171714366879
HCA_fold2,gene,DeconvSC,0.794913758417762
HCA_fold2,gene,DeconvSC,0.513379195364366
HCA_fold2,gene,DeconvSC,0.70770751178052
HCA_fold2,gene,DeconvSC,0.874279719998078
HCA_fold2,gene,DeconvSC,0.635965168216711
HCA_fold2,gene,DeconvSC,0.72759736164149
HCA_fold2,gene,DeconvSC,0.566253440204668
HCA_fold2,gene,DeconvSC,0.2803627250959
HCA_fold2,gene,DeconvSC,0.825221950396806
HCA_fold2,gene,DeconvSC,0.674868145016631
HCA_fold2,gene,DeconvSC,0.810589446506656
HCA_fold2,gene,DeconvSC,0.440604428427199
HCA_fold2,gene,DeconvSC,0.858894823748811
HCA_fold2,gene,DeconvSC,0.897054051849666
HCA_fold2,gene,DeconvSC,0.74745086816736
HCA_fold2,gene,DeconvSC,0.867449551161492
HCA_fold2,gene,DeconvSC,0.436637404922667
HCA_fold2,gene,DeconvSC,0.521548407872196
HCA_fold2,gene,DeconvSC,0.884018453276227
HCA_fold2,gene,DeconvSC,0.587562234283652
HCA_fold2,gene,DeconvSC,0.667115412673846
HCA_fold2,gene,DeconvSC,0.702891281859601
HCA_fold2,gene,DeconvSC,0.854630857833132
HCA_fold2,gene,DeconvSC,0.72634547249764
HCA_fold2,gene,DeconvSC,0.865579195891456
HCA_fold2,gene,DeconvSC,0.902117696769482
HCA_fold2,gene,DeconvSC,0.795955891994186
HCA_fold2,gene,DeconvSC,0.76271878130235
HCA_fold2,gene,DeconvSC,0.299622055853955
HCA_fold2,gene,DeconvSC,0.777581936976409
HCA_fold2,gene,DeconvSC,0.595488821861811
HCA_fold2,gene,DeconvSC,0.836447786417127
HCA_fold2,gene,DeconvSC,0.891398969208687
HCA_fold2,gene,DeconvSC,0.787390931222637
HCA_fold2,gene,DeconvSC,0.716058511329793
HCA_fold2,gene,DeconvSC,0.715783035347754
HCA_fold2,gene,DeconvSC,0.719463333435786
HCA_fold2,gene,DeconvSC,0.723727473924835
HCA_fold2,gene,DeconvSC,0.763684101480672
HCA_fold2,gene,DeconvSC,0.934419893600241
HCA_fold2,gene,DeconvSC,0.79876835722682
HCA_fold2,gene,DeconvSC,0.85169619498814
HCA_fold2,gene,DeconvSC,0.277865979731837
HCA_fold2,gene,DeconvSC,0.820638580478852
HCA_fold2,gene,DeconvSC,0.883857212446371
HCA_fold2,gene,DeconvSC,0.613831921223466
HCA_fold2,gene,DeconvSC,0.650275416574943
HCA_fold2,gene,DeconvSC,0.853462552236353
HCA_fold2,gene,DeconvSC,0.910432201700082
HCA_fold2,gene,DeconvSC,0.782516816468511
HCA_fold2,gene,DeconvSC,0.724054439262439
HCA_fold2,gene,DeconvSC,0.681386928281289
HCA_fold2,gene,DeconvSC,0.381860594480643
HCA_fold2,gene,DeconvSC,0.72805264506584
HCA_fold2,gene,DeconvSC,0.824854901569511
HCA_fold2,gene,DeconvSC,0.659319511564058
HCA_fold2,gene,DeconvSC,0.751757591561197
HCA_fold2,gene,DeconvSC,0.655955656681475
HCA_fold2,gene,DeconvSC,0.740014041872787
HCA_fold2,gene,DeconvSC,0.259379581794318
HCA_fold2,gene,DeconvSC,0.8864307803653
HCA_fold2,gene,DeconvSC,0.746955547278173
HCA_fold2,gene,DeconvSC,0.689072917519487
HCA_fold2,gene,DeconvSC,0.679087573250549
HCA_fold2,gene,DeconvSC,0.852538359839346
HCA_fold2,gene,DeconvSC,0.724309389295749
HCA_fold2,gene,DeconvSC,0.534356369521619
HCA_fold2,gene,DeconvSC,0.769614100762756
HCA_fold2,gene,DeconvSC,0.706821170051843
HCA_fold2,gene,DeconvSC,0.745556512377186
HCA_fold2,gene,DeconvSC,0.740134369814459
HCA_fold2,gene,DeconvSC,0.82362345608489
HCA_fold2,gene,DeconvSC,0.32521281750293
HCA_fold2,gene,DeconvSC,0.7186789752066
HCA_fold2,gene,DeconvSC,0.826161209222225
HCA_fold2,gene,DeconvSC,0.681331248925936
HCA_fold2,gene,DeconvSC,0.600303806237776
HCA_fold2,gene,DeconvSC,0.55270922939176
HCA_fold2,gene,DeconvSC,0.774419684258243
HCA_fold2,gene,DeconvSC,0.608288196840766
HCA_fold2,gene,DeconvSC,0.85398243281635
HCA_fold2,gene,DeconvSC,0.770851537657411
HCA_fold2,gene,DeconvSC,0.826812330552734
HCA_fold2,gene,DeconvSC,0.898533154233923
HCA_fold2,gene,DeconvSC,0.688211796711092
HCA_fold2,gene,DeconvSC,0.788733561763459
HCA_fold2,gene,DeconvSC,0.850083541581718
HCA_fold2,gene,DeconvSC,0.835547236385034
HCA_fold2,gene,DeconvSC,0.773148285666744
HCA_fold2,gene,DeconvSC,0.74766028908664
HCA_fold2,gene,DeconvSC,0.847829924772897
HCA_fold2,gene,DeconvSC,0.75214274913603
HCA_fold2,gene,DeconvSC,0.62371702861858
HCA_fold2,gene,DeconvSC,0.805499427916879
HCA_fold2,gene,DeconvSC,0.63331635754677
HCA_fold2,gene,DeconvSC,0.496980845654297
HCA_fold2,gene,DeconvSC,0.823218091872438
HCA_fold2,gene,DeconvSC,0.5870068823325
HCA_fold2,gene,DeconvSC,0.667846122813901
HCA_fold2,gene,DeconvSC,0.734027154324032
HCA_fold2,gene,DeconvSC,0.641837743717088
HCA_fold2,gene,DeconvSC,0.537417688316038
HCA_fold2,gene,DeconvSC,0.611222068314401
HCA_fold2,gene,DeconvSC,0.899229669575361
HCA_fold2,gene,DeconvSC,0.576247561765984
HCA_fold2,gene,DeconvSC,0.813134450547306
HCA_fold2,gene,DeconvSC,0.545893375136722
HCA_fold2,gene,DeconvSC,0.740603280459962
HCA_fold2,gene,DeconvSC,0.286402621263545
HCA_fold2,gene,DeconvSC,0.780564266825679
HCA_fold2,gene,DeconvSC,0.871542751122516
HCA_fold2,gene,DeconvSC,0.697699266350022
HCA_fold2,gene,DeconvSC,0.769071693971642
HCA_fold2,gene,DeconvSC,0.749238609509977
HCA_fold2,gene,DeconvSC,0.645867544294684
HCA_fold2,gene,DeconvSC,0.903498882512245
HCA_fold2,gene,DeconvSC,0.628378799342829
HCA_fold2,gene,DeconvSC,0.803006786391782
HCA_fold2,gene,DeconvSC,0.761856207272337
HCA_fold2,gene,DeconvSC,0.880068313314487
HCA_fold2,gene,DeconvSC,0.728130388358108
HCA_fold2,gene,DeconvSC,0.697889258615142
HCA_fold2,gene,DeconvSC,0.776060889228126
HCA_fold2,gene,DeconvSC,0.694726011385328
HCA_fold2,gene,DeconvSC,0.844192380723733
HCA_fold2,gene,DeconvSC,0.834402125647275
HCA_fold2,gene,DeconvSC,0.736438242857143
HCA_fold2,gene,DeconvSC,0.529334163973917
HCA_fold2,gene,DeconvSC,0.853116334265114
HCA_fold2,gene,DeconvSC,0.704599758360358
HCA_fold2,gene,DeconvSC,0.629642621806269
HCA_fold2,gene,DeconvSC,0.867579568342303
HCA_fold2,gene,DeconvSC,0.363793010345059
HCA_fold2,gene,DeconvSC,0.683059446020785
HCA_fold2,gene,DeconvSC,0.857697296012323
HCA_fold2,gene,DeconvSC,0.834776265193331
HCA_fold2,gene,DeconvSC,0.798262799099078
HCA_fold2,gene,DeconvSC,0.552566238842869
HCA_fold2,gene,DeconvSC,0.578582568066244
HCA_fold2,gene,DeconvSC,0.593329629627035
HCA_fold2,gene,DeconvSC,0.616644416304383
HCA_fold2,gene,DeconvSC,0.763743632279343
HCA_fold2,gene,DeconvSC,0.774341800534286
HCA_fold2,gene,DeconvSC,0.731680898526648
HCA_fold2,gene,DeconvSC,0.750273660074827
HCA_fold2,gene,DeconvSC,0.862564592077986
HCA_fold2,gene,DeconvSC,0.559798593224083
HCA_fold2,gene,DeconvSC,0.61612534244291
HCA_fold2,gene,DeconvSC,0.89738661956599
HCA_fold2,gene,DeconvSC,0.811446644447128
HCA_fold2,gene,DeconvSC,0.59065477884627
HCA_fold2,gene,DeconvSC,0.587789047920705
HCA_fold2,gene,DeconvSC,0.840210614016134
HCA_fold2,gene,DeconvSC,0.547547808638671
HCA_fold2,gene,DeconvSC,0.811339552087397
HCA_fold2,gene,DeconvSC,0.882409842516136
HCA_fold2,gene,DeconvSC,0.876043978766667
HCA_fold2,gene,DeconvSC,0.866226947324122
HCA_fold2,gene,DeconvSC,0.746194663673392
HCA_fold2,gene,DeconvSC,0.397705931720969
HCA_fold2,gene,DeconvSC,0.889838959242062
HCA_fold2,gene,DeconvSC,0.577718548861359
HCA_fold2,gene,DeconvSC,0.574275542185522
HCA_fold2,gene,DeconvSC,0.829364629313637
HCA_fold2,gene,DeconvSC,0.651353820479927
HCA_fold2,gene,DeconvSC,0.753415334393078
HCA_fold2,gene,DeconvSC,0.885283926171701
HCA_fold2,gene,DeconvSC,0.776016077960688
HCA_fold2,gene,DeconvSC,0.612200728163673
HCA_fold2,gene,DeconvSC,0.635484920141302
HCA_fold2,gene,DeconvSC,0.73440389656345
HCA_fold2,gene,DeconvSC,0.837324740966163
HCA_fold2,gene,DeconvSC,0.824324831739306
HCA_fold2,gene,DeconvSC,0.826480155724966
HCA_fold2,gene,DeconvSC,0.825559351406086
HCA_fold2,gene,DeconvSC,0.860192417246265
HCA_fold2,gene,DeconvSC,0.847202050596339
HCA_fold2,gene,DeconvSC,0.582806737315926
HCA_fold2,gene,DeconvSC,0.357664205590203
HCA_fold2,gene,DeconvSC,0.710635085479802
HCA_fold2,gene,DeconvSC,0.772808974001401
HCA_fold2,gene,DeconvSC,0.898950740855404
HCA_fold2,gene,DeconvSC,0.910179373908857
HCA_fold2,gene,DeconvSC,0.827873034937702
HCA_fold2,gene,DeconvSC,0.77395336105163
HCA_fold2,gene,DeconvSC,0.740439919862027
HCA_fold2,gene,DeconvSC,0.795046668131096
HCA_fold2,gene,DeconvSC,0.87825802454141
HCA_fold2,gene,DeconvSC,0.774649566690862
HCA_fold2,gene,DeconvSC,0.842259140305875
HCA_fold2,gene,DeconvSC,0.782727154651178
HCA_fold2,gene,DeconvSC,0.649952236006429
HCA_fold2,gene,DeconvSC,0.798682248253421
HCA_fold2,gene,DeconvSC,0.792845154600144
HCA_fold2,gene,DeconvSC,0.354541628271317
HCA_fold2,gene,DeconvSC,0.843724285318645
HCA_fold2,gene,DeconvSC,0.912027940853709
HCA_fold2,gene,DeconvSC,0.715467909044398
HCA_fold2,gene,DeconvSC,0.628488769309717
HCA_fold2,gene,DeconvSC,0.782107427034577
HCA_fold2,gene,DeconvSC,0.759596612114808
HCA_fold2,gene,DeconvSC,0.899635815088658
HCA_fold2,gene,DeconvSC,0.802699809223478
HCA_fold2,gene,DeconvSC,0.731272671081541
HCA_fold2,gene,DeconvSC,0.780044089910246
HCA_fold2,gene,DeconvSC,0.865601241481604
HCA_fold2,gene,DeconvSC,0.852579682804306
HCA_fold2,gene,DeconvSC,0.74410938911593
HCA_fold2,gene,DeconvSC,0.750001424689919
HCA_fold2,gene,DeconvSC,0.791670896433441
HCA_fold2,gene,DeconvSC,0.901614180632086
HCA_fold2,gene,DeconvSC,0.802513724166399
HCA_fold2,gene,DeconvSC,0.81725426994163
HCA_fold2,gene,DeconvSC,0.856000252760528
HCA_fold2,gene,DeconvSC,0.317783377993202
HCA_fold2,gene,DeconvSC,0.58918043064888
HCA_fold2,gene,DeconvSC,0.903595779344456
HCA_fold2,gene,DeconvSC,0.881155318578743
HCA_fold2,gene,DeconvSC,0.65515997034711
HCA_fold2,gene,DeconvSC,0.860480185985783
HCA_fold2,gene,DeconvSC,0.815004484207851
HCA_fold2,gene,DeconvSC,0.66066568299379
HCA_fold2,gene,DeconvSC,0.811132713722592
HCA_fold2,gene,DeconvSC,0.77097452406629
HCA_fold2,gene,DeconvSC,0.649795740182961
HCA_fold2,gene,DeconvSC,0.318027795217591
HCA_fold2,gene,DeconvSC,0.875304149852088
HCA_fold2,gene,DeconvSC,0.527993065491839
HCA_fold2,gene,DeconvSC,0.879293581522627
HCA_fold2,gene,DeconvSC,0.865236859208107
HCA_fold2,gene,DeconvSC,0.447356730859904
HCA_fold2,gene,DeconvSC,0.678535454173732
HCA_fold2,gene,DeconvSC,0.672994157397914
HCA_fold2,gene,DeconvSC,0.89868230954717
HCA_fold2,gene,DeconvSC,0.831223319881475
HCA_fold2,gene,DeconvSC,0.733455205940249
HCA_fold2,gene,DeconvSC,0.772057198092383
HCA_fold2,gene,DeconvSC,0.912706890585625
HCA_fold2,gene,DeconvSC,0.857493349661037
HCA_fold2,gene,DeconvSC,0.402669916154631
HCA_fold2,gene,DeconvSC,0.559750267619086
HCA_fold2,gene,DeconvSC,0.77244508116892
HCA_fold2,gene,DeconvSC,0.659394504052444
HCA_fold2,gene,DeconvSC,0.780476261995655
HCA_fold2,gene,DeconvSC,0.661452510868083
HCA_fold2,gene,DeconvSC,0.878161783170387
HCA_fold2,gene,DeconvSC,0.829991112595981
HCA_fold2,gene,DeconvSC,0.608209476284549
HCA_fold2,gene,DeconvSC,0.460343846624042
HCA_fold2,gene,DeconvSC,0.44485226946696
HCA_fold2,gene,DeconvSC,0.850446560371185
HCA_fold2,gene,DeconvSC,0.831604459645221
HCA_fold2,gene,DeconvSC,0.849305755114248
HCA_fold2,gene,DeconvSC,0.891586924343868
HCA_fold2,gene,DeconvSC,0.857125212356094
HCA_fold2,gene,DeconvSC,0.888023688348565
HCA_fold2,gene,DeconvSC,0.396919130281223
HCA_fold2,gene,DeconvSC,0.818459658400617
HCA_fold2,gene,DeconvSC,0.484872805316482
HCA_fold2,gene,DeconvSC,0.833544506682121
HCA_fold2,gene,DeconvSC,0.853164090536062
HCA_fold2,gene,DeconvSC,0.836139513118088
HCA_fold2,gene,DeconvSC,0.723527384340554
HCA_fold2,gene,DeconvSC,0.802704509234496
HCA_fold2,gene,DeconvSC,0.84096783452238
HCA_fold2,gene,DeconvSC,0.767214661884778
HCA_fold2,gene,DeconvSC,0.730973117143103
HCA_fold2,gene,DeconvSC,0.575773703839885
HCA_fold2,gene,DeconvSC,0.540712144093251
HCA_fold2,gene,DeconvSC,0.719424172833039
HCA_fold2,gene,DeconvSC,0.648015244238438
HCA_fold2,gene,DeconvSC,0.446968191910005
HCA_fold2,gene,DeconvSC,0.460874744451217
HCA_fold2,gene,DeconvSC,0.781906395968876
HCA_fold2,gene,DeconvSC,0.308772255080638
HCA_fold2,gene,DeconvSC,0.659087590729263
HCA_fold2,gene,DeconvSC,0.892620410426915
HCA_fold2,gene,DeconvSC,0.431776363016986
HCA_fold2,gene,DeconvSC,0.764710779790098
HCA_fold2,gene,DeconvSC,0.526475786322513
HCA_fold2,gene,DeconvSC,0.742300211489978
HCA_fold2,gene,DeconvSC,0.860421224221852
HCA_fold2,gene,DeconvSC,0.795154507402858
HCA_fold2,gene,DeconvSC,0.773736334912745
HCA_fold2,gene,DeconvSC,0.795238635356756
HCA_fold2,gene,DeconvSC,0.788830328899342
HCA_fold2,gene,DeconvSC,0.765294288576659
HCA_fold2,gene,DeconvSC,0.807099107580635
HCA_fold2,gene,DeconvSC,0.908708607439539
HCA_fold2,gene,DeconvSC,0.564020339106698
HCA_fold2,gene,DeconvSC,0.733259201420108
HCA_fold2,gene,DeconvSC,0.5119681052997
HCA_fold2,gene,DeconvSC,0.827595474005878
HCA_fold2,gene,DeconvSC,0.862692773341433
HCA_fold2,gene,DeconvSC,0.601998297553781
HCA_fold2,gene,DeconvSC,0.685995612733998
HCA_fold2,gene,DeconvSC,0.839938262390607
HCA_fold2,gene,DeconvSC,0.585559226236974
HCA_fold2,gene,DeconvSC,0.594704159230195
HCA_fold2,gene,DeconvSC,0.834843998724524
HCA_fold2,gene,DeconvSC,0.823450806849166
HCA_fold2,gene,DeconvSC,0.72553748806842
HCA_fold2,gene,DeconvSC,0.843038660073578
HCA_fold2,gene,DeconvSC,0.865861755949239
HCA_fold2,gene,DeconvSC,0.358642129080955
HCA_fold2,gene,DeconvSC,0.600478327380053
HCA_fold2,gene,DeconvSC,0.752765955446223
HCA_fold2,gene,DeconvSC,0.760790445235048
HCA_fold2,gene,DeconvSC,0.669188262176923
HCA_fold2,gene,DeconvSC,0.439443288349238
HCA_fold2,gene,DeconvSC,0.728987399376013
HCA_fold2,gene,DeconvSC,0.755998592878093
HCA_fold2,gene,DeconvSC,0.701777587626801
HCA_fold2,gene,DeconvSC,0.82798821261756
HCA_fold2,gene,DeconvSC,0.751365868095767
HCA_fold2,gene,DeconvSC,0.830782720295053
HCA_fold2,gene,DeconvSC,0.64875751835117
HCA_fold2,gene,DeconvSC,0.817082864391034
HCA_fold2,gene,DeconvSC,0.703561545600009
HCA_fold2,gene,DeconvSC,0.856716095534017
HCA_fold2,gene,DeconvSC,0.678661883550641
HCA_fold2,gene,DeconvSC,0.59019163772115
HCA_fold2,gene,DeconvSC,0.725591532196754
HCA_fold2,gene,DeconvSC,0.458872502592774
GSE141115,gene,BayesPrism,0.629074723926518
GSE141115,gene,BayesPrism,0.793438432598632
GSE141115,gene,BayesPrism,0.459402604813529
GSE141115,gene,BayesPrism,0.958037494560532
GSE141115,gene,BayesPrism,0.839750365640481
GSE141115,gene,BayesPrism,0.784273441799964
GSE141115,gene,BayesPrism,0.636987025567462
GSE141115,gene,BayesPrism,0.671694440758196
GSE141115,gene,BayesPrism,0.388176060044794
GSE141115,gene,BayesPrism,0.792033431210838
GSE141115,gene,BayesPrism,0.482515270206999
GSE141115,gene,BayesPrism,0.48760417510645
GSE141115,gene,BayesPrism,0.90294909892946
GSE141115,gene,BayesPrism,0.766023764638486
GSE141115,gene,BayesPrism,0.85343583606461
GSE141115,gene,BayesPrism,0.819772210351411
GSE141115,gene,BayesPrism,0.762597058353135
GSE141115,gene,BayesPrism,0.903603901558824
GSE141115,gene,BayesPrism,0.845919606730443
GSE141115,gene,BayesPrism,0.793173382235024
GSE141115,gene,BayesPrism,0.504573994108512
GSE141115,gene,BayesPrism,0.475363429188995
GSE141115,gene,BayesPrism,0.699337912802235
GSE141115,gene,BayesPrism,0.88371595845636
GSE141115,gene,BayesPrism,0.355952988149269
GSE141115,gene,BayesPrism,0.365256926243394
GSE141115,gene,BayesPrism,0.388648254166033
GSE141115,gene,BayesPrism,0.417112464242874
GSE141115,gene,BayesPrism,0.571846947338369
GSE141115,gene,BayesPrism,0.481614217520606
GSE141115,gene,BayesPrism,0.516917396524728
GSE141115,gene,BayesPrism,0.806556292711143
GSE141115,gene,BayesPrism,0.679229444679259
GSE141115,gene,BayesPrism,0.491556845671091
GSE141115,gene,BayesPrism,0.458937546672183
GSE141115,gene,BayesPrism,0.643639620853926
GSE141115,gene,BayesPrism,0.538830239678269
GSE141115,gene,BayesPrism,0.776336516037617
GSE141115,gene,BayesPrism,0.69064038714937
GSE141115,gene,BayesPrism,0.640775911539649
GSE141115,gene,BayesPrism,0.83869351890397
GSE141115,gene,BayesPrism,0.817438385840866
GSE141115,gene,BayesPrism,0.541001304422687
GSE141115,gene,BayesPrism,0.863333223531177
GSE141115,gene,BayesPrism,0.95207694056669
GSE141115,gene,BayesPrism,0.893899978182282
GSE141115,gene,BayesPrism,0.777106054425203
GSE141115,gene,BayesPrism,0.930859165926344
GSE141115,gene,BayesPrism,0.303837388720635
GSE141115,gene,BayesPrism,0.519130399942375
GSE141115,gene,BayesPrism,0.823783300620611
GSE141115,gene,BayesPrism,0.8965908586815
GSE141115,gene,BayesPrism,0.742797662311469
GSE141115,gene,BayesPrism,0.828132980490478
GSE141115,gene,BayesPrism,0.683059162840008
GSE141115,gene,BayesPrism,0.668813629662578
GSE141115,gene,BayesPrism,0.764917158398562
GSE141115,gene,BayesPrism,0.78682313495135
GSE141115,gene,BayesPrism,0.762533777362733
GSE141115,gene,BayesPrism,0.801332010476454
GSE141115,gene,BayesPrism,-0.0938521038504771
GSE141115,gene,BayesPrism,0.580523399035837
GSE141115,gene,BayesPrism,0.675786728546165
GSE141115,gene,BayesPrism,0.823531754714849
GSE141115,gene,BayesPrism,0.983423147952072
GSE141115,gene,BayesPrism,0.434246257803642
GSE141115,gene,BayesPrism,0.716091520771788
GSE141115,gene,BayesPrism,0.848588087890431
GSE141115,gene,BayesPrism,0.631497214631169
GSE141115,gene,BayesPrism,0.714502160864357
GSE141115,gene,BayesPrism,0.861801340882832
GSE141115,gene,BayesPrism,0.990494869488243
GSE141115,gene,BayesPrism,0.607183143519984
GSE141115,gene,BayesPrism,0.746458471031067
GSE141115,gene,BayesPrism,0.923131501773739
GSE141115,gene,BayesPrism,0.82294890887651
GSE141115,gene,BayesPrism,0.504164427810455
GSE141115,gene,BayesPrism,0.764911255374843
GSE141115,gene,BayesPrism,0.372888628789184
GSE141115,gene,BayesPrism,0.471729393876464
GSE141115,gene,BayesPrism,0.420790940120062
GSE141115,gene,BayesPrism,0.709715976410231
GSE141115,gene,BayesPrism,0.744180010886752
GSE141115,gene,BayesPrism,0.972756117027059
GSE141115,gene,BayesPrism,0.487685709760792
GSE141115,gene,BayesPrism,0.377653064994966
GSE141115,gene,BayesPrism,0.847953077045137
GSE141115,gene,BayesPrism,0.898909340409848
GSE141115,gene,BayesPrism,0.518526514573665
GSE141115,gene,BayesPrism,0.378764918886185
GSE141115,gene,BayesPrism,0.444792135718884
GSE141115,gene,BayesPrism,0.682002182640143
GSE141115,gene,BayesPrism,0.675505391876562
GSE141115,gene,BayesPrism,0.880719732892869
GSE141115,gene,BayesPrism,0.727810396959418
GSE141115,gene,BayesPrism,0.78446519243771
GSE141115,gene,BayesPrism,0.853662113790127
GSE141115,gene,BayesPrism,0.862930825845331
GSE141115,gene,BayesPrism,0.905789753858755
GSE141115,gene,BayesPrism,0.780852160716167
GSE141115,gene,BayesPrism,0.494098229883512
GSE141115,gene,BayesPrism,0.595434249319952
GSE141115,gene,BayesPrism,0.834723822006012
GSE141115,gene,BayesPrism,0.468507566716412
GSE141115,gene,BayesPrism,0.298212954029637
GSE141115,gene,BayesPrism,0.530992748789983
GSE141115,gene,BayesPrism,0.58841375336621
GSE141115,gene,BayesPrism,0.752862437454173
GSE141115,gene,BayesPrism,0.733154099208962
GSE141115,gene,BayesPrism,0.358502283173043
GSE141115,gene,BayesPrism,0.372547219618413
GSE141115,gene,BayesPrism,0.998143353954742
GSE141115,gene,BayesPrism,0.819801218946414
GSE141115,gene,BayesPrism,0.41907015913353
GSE141115,gene,BayesPrism,0.416472327839761
GSE141115,gene,BayesPrism,0.414323753852521
GSE141115,gene,BayesPrism,0.864830225374906
GSE141115,gene,BayesPrism,0.242987084362407
GSE141115,gene,BayesPrism,0.435113498541357
GSE141115,gene,BayesPrism,0.708331887076253
GSE141115,gene,BayesPrism,0.687405247608317
GSE141115,gene,BayesPrism,0.545004334477262
GSE141115,gene,BayesPrism,0.816296222969464
GSE141115,gene,BayesPrism,0.896265670604214
GSE141115,gene,BayesPrism,0.827095925269341
GSE141115,gene,BayesPrism,0.696368004869923
GSE141115,gene,BayesPrism,0.794892392968177
GSE141115,gene,BayesPrism,0.813859807209976
GSE141115,gene,BayesPrism,0.581606321805944
GSE141115,gene,BayesPrism,0.736339601950189
GSE141115,gene,BayesPrism,0.332919828199497
GSE141115,gene,BayesPrism,0.753726064493729
GSE141115,gene,BayesPrism,0.5820029064125
GSE141115,gene,BayesPrism,0.425089893445362
GSE141115,gene,BayesPrism,0.91966079340303
GSE141115,gene,BayesPrism,0.671017747351132
GSE141115,gene,BayesPrism,0.500871614663757
GSE141115,gene,BayesPrism,0.62828155236941
GSE141115,gene,BayesPrism,0.533553706888863
GSE141115,gene,BayesPrism,0.640404354036087
GSE141115,gene,BayesPrism,0.800666145738375
GSE141115,gene,BayesPrism,0.75191730150643
GSE141115,gene,BayesPrism,0.362577568577795
GSE141115,gene,BayesPrism,0.677582579815802
GSE141115,gene,BayesPrism,0.471654081494242
GSE141115,gene,BayesPrism,0.919188782470501
GSE141115,gene,BayesPrism,0.47699653615221
GSE141115,gene,BayesPrism,0.395144595534977
GSE141115,gene,BayesPrism,0.679599268406223
GSE141115,gene,BayesPrism,0.51603592883131
GSE141115,gene,BayesPrism,0.714205159300796
GSE141115,gene,BayesPrism,0.50488253412776
GSE141115,gene,BayesPrism,0.76304577354658
GSE141115,gene,BayesPrism,0.57549312154948
GSE141115,gene,BayesPrism,0.802164200161599
GSE141115,gene,BayesPrism,0.858245572773523
GSE141115,gene,BayesPrism,0.822688173169139
GSE141115,gene,BayesPrism,0.810786579549798
GSE141115,gene,BayesPrism,0.51128320379147
GSE141115,gene,BayesPrism,0.371694445399749
GSE141115,gene,BayesPrism,0.719331152853889
GSE141115,gene,BayesPrism,0.691519029515507
GSE141115,gene,BayesPrism,0.554668050673237
GSE141115,gene,BayesPrism,0.862960181959817
GSE141115,gene,BayesPrism,0.726835929798021
GSE141115,gene,BayesPrism,0.60702178829147
GSE141115,gene,BayesPrism,0.784715429814584
GSE141115,gene,BayesPrism,0.775710264555712
GSE141115,gene,BayesPrism,0.525042916403912
GSE141115,gene,BayesPrism,0.713155598659899
GSE141115,gene,BayesPrism,0.946011842397247
GSE141115,gene,BayesPrism,0.786040635628885
GSE141115,gene,BayesPrism,0.717484162336687
GSE141115,gene,BayesPrism,0.79294023641879
GSE141115,gene,BayesPrism,0.738902166566186
GSE141115,gene,BayesPrism,0.891465278466327
GSE141115,gene,BayesPrism,0.278986471716946
GSE141115,gene,BayesPrism,0.648210437134954
GSE141115,gene,BayesPrism,0.584458363037182
GSE141115,gene,BayesPrism,0.987504864230211
GSE141115,gene,BayesPrism,0.427575530313393
GSE141115,gene,BayesPrism,0.451164945377784
GSE141115,gene,BayesPrism,0.992534239756553
GSE141115,gene,BayesPrism,0.838348303284955
GSE141115,gene,BayesPrism,0.366432151562938
GSE141115,gene,BayesPrism,0.988136581836961
GSE141115,gene,BayesPrism,0.885967090252678
GSE141115,gene,BayesPrism,0.57678454102188
GSE141115,gene,BayesPrism,0.695821016355431
GSE141115,gene,BayesPrism,0.988036585816917
GSE141115,gene,BayesPrism,0.923515641262094
GSE141115,gene,BayesPrism,0.842105803484323
GSE141115,gene,BayesPrism,0.757264026957512
GSE141115,gene,BayesPrism,0.813034644974117
GSE141115,gene,BayesPrism,0.803547677581646
GSE141115,gene,BayesPrism,0.410443997283022
GSE141115,gene,BayesPrism,-0.159478097521996
GSE141115,gene,BayesPrism,0.535995410253091
GSE141115,gene,BayesPrism,0.796931020218741
GSE141115,gene,BayesPrism,0.682803527982397
GSE141115,gene,BayesPrism,0.581507927902953
GSE141115,gene,BayesPrism,0.619759369978113
GSE141115,gene,BayesPrism,0.538478038721288
GSE141115,gene,BayesPrism,0.892654939414202
GSE141115,gene,BayesPrism,0.413307526602863
GSE141115,gene,BayesPrism,0.932153756801746
GSE141115,gene,BayesPrism,0.656410571172412
GSE141115,gene,BayesPrism,0.80377298507739
GSE141115,gene,BayesPrism,0.872177522316021
GSE141115,gene,BayesPrism,0.773283116476826
GSE141115,gene,BayesPrism,0.72047400783823
GSE141115,gene,BayesPrism,0.796487866722524
GSE141115,gene,BayesPrism,0.988976546489232
GSE141115,gene,BayesPrism,0.832806474399851
GSE141115,gene,BayesPrism,0.795856236509324
GSE141115,gene,BayesPrism,0.695827427427855
GSE141115,gene,BayesPrism,0.287330707006864
GSE141115,gene,BayesPrism,0.816190078166615
GSE141115,gene,BayesPrism,0.831519153293958
GSE141115,gene,BayesPrism,0.676737798067776
GSE141115,gene,BayesPrism,0.84141993190854
GSE141115,gene,BayesPrism,0.776030529953035
GSE141115,gene,BayesPrism,0.829235837319971
GSE141115,gene,BayesPrism,0.964411269146725
GSE141115,gene,BayesPrism,0.785448843046904
GSE141115,gene,BayesPrism,0.880923247330477
GSE141115,gene,BayesPrism,0.715504183743314
GSE141115,gene,BayesPrism,0.994888804699963
GSE141115,gene,BayesPrism,0.566587798080462
GSE141115,gene,BayesPrism,0.700044325912135
GSE141115,gene,BayesPrism,0.425845868413695
GSE141115,gene,BayesPrism,0.286693143280773
GSE141115,gene,BayesPrism,0.515473442630874
GSE141115,gene,BayesPrism,0.340727270116608
GSE141115,gene,BayesPrism,0.32332532739374
GSE141115,gene,BayesPrism,0.439920080787465
GSE141115,gene,BayesPrism,0.351861191834032
GSE141115,gene,BayesPrism,0.0982049012947118
GSE141115,gene,BayesPrism,0.519679209224038
GSE141115,gene,BayesPrism,0.279051967490142
GSE141115,gene,BayesPrism,0.567654885945184
GSE141115,gene,BayesPrism,0.444318702713588
GSE141115,gene,BayesPrism,0.359564450052393
GSE141115,gene,BayesPrism,0.0421455472817609
GSE141115,gene,BayesPrism,0.473711268342672
GSE141115,gene,BayesPrism,0.364795399919478
GSE141115,gene,BayesPrism,0.12913309614345
GSE141115,gene,BayesPrism,-0.00506267433875351
GSE141115,gene,BayesPrism,0.444398505811307
GSE141115,gene,BayesPrism,0.456248207957913
GSE141115,gene,BayesPrism,0.294949719544676
GSE141115,gene,BayesPrism,0.256911296644533
GSE141115,gene,BayesPrism,0.330164362959591
GSE141115,gene,BayesPrism,0.34753464595782
GSE141115,gene,BayesPrism,0.331660211941487
GSE141115,gene,BayesPrism,0.137529455943989
GSE141115,gene,BayesPrism,0.176722125024997
GSE141115,gene,BayesPrism,0.533031028521837
GSE141115,gene,BayesPrism,0.246727725653396
GSE141115,gene,BayesPrism,0.306201387113802
GSE141115,gene,BayesPrism,0.408153594605882
GSE141115,gene,BayesPrism,0.171715357208089
GSE141115,gene,BayesPrism,0.291382495177265
GSE141115,gene,BayesPrism,0.696139202606304
GSE141115,gene,BayesPrism,0.295844420211365
GSE141115,gene,BayesPrism,0.36954083067196
GSE141115,gene,BayesPrism,0.295075415102509
GSE141115,gene,BayesPrism,0.62475579866774
GSE141115,gene,BayesPrism,0.778245710172279
GSE141115,gene,BayesPrism,0.397250390449762
GSE141115,gene,BayesPrism,0.585226804240826
GSE141115,gene,BayesPrism,0.589981641571275
GSE141115,gene,BayesPrism,-0.0300844877941674
GSE141115,gene,BayesPrism,0.825653801049008
GSE141115,gene,BayesPrism,0.854390827701298
GSE141115,gene,BayesPrism,0.901939052619582
GSE141115,gene,BayesPrism,0.406558156901221
GSE141115,gene,BayesPrism,0.795701176122408
GSE141115,gene,BayesPrism,0.567100948990806
GSE141115,gene,BayesPrism,0.873290834937572
GSE141115,gene,BayesPrism,0.306940464001495
GSE141115,gene,BayesPrism,0.46134053447977
GSE141115,gene,BayesPrism,0.708938774258427
GSE141115,gene,BayesPrism,0.835284606615849
GSE141115,gene,BayesPrism,0.670006236021881
GSE141115,gene,BayesPrism,0.0288094525737925
GSE141115,gene,BayesPrism,0.499112795662099
GSE141115,gene,BayesPrism,0.767330983058145
GSE141115,gene,BayesPrism,0.6960138714735
GSE141115,gene,BayesPrism,0.759513321389966
GSE141115,gene,BayesPrism,0.638051235374251
GSE141115,gene,BayesPrism,0.397269788766506
GSE141115,gene,BayesPrism,0.823079139014742
GSE141115,gene,BayesPrism,0.851733053028161
GSE141115,gene,BayesPrism,0.996788646241019
GSE141115,gene,BayesPrism,0.788514184740049
GSE141115,gene,BayesPrism,0.881447036354071
GSE141115,gene,BayesPrism,0.977072474300764
GSE141115,gene,BayesPrism,0.535448508167487
GSE141115,gene,BayesPrism,0.542728136623409
GSE141115,gene,BayesPrism,0.591535290485073
GSE141115,gene,BayesPrism,0.823627778598513
GSE141115,gene,BayesPrism,0.720724863759142
GSE141115,gene,BayesPrism,0.981339090525974
GSE141115,gene,BayesPrism,0.946328600313197
GSE141115,gene,BayesPrism,0.767863294178766
GSE141115,gene,BayesPrism,0.93170851685532
GSE141115,gene,BayesPrism,0.80686122639694
GSE141115,gene,BayesPrism,0.978203836160882
GSE141115,gene,BayesPrism,0.518367811999214
GSE141115,gene,BayesPrism,0.383736181414411
GSE141115,gene,BayesPrism,0.905173440887511
GSE141115,gene,BayesPrism,0.608681046144885
GSE141115,gene,BayesPrism,0.791703277840455
GSE141115,gene,BayesPrism,0.635842554682462
GSE141115,gene,BayesPrism,0.986259076944547
GSE141115,gene,BayesPrism,0.366214772752954
GSE141115,gene,BayesPrism,0.622180799409187
GSE141115,gene,BayesPrism,0.839450995586781
GSE141115,gene,BayesPrism,0.627135155712635
GSE141115,gene,BayesPrism,0.470757650713386
GSE141115,gene,BayesPrism,0.542408523670595
GSE141115,gene,BayesPrism,0.669317967203423
GSE141115,gene,BayesPrism,0.617855409605172
GSE141115,gene,BayesPrism,0.40729292619897
GSE141115,gene,BayesPrism,0.759028916170742
GSE141115,gene,BayesPrism,0.716708673433118
GSE141115,gene,BayesPrism,0.715397436390958
GSE141115,gene,BayesPrism,0.733785590282744
GSE141115,gene,BayesPrism,0.721625625271783
GSE141115,gene,BayesPrism,0.631243654702522
GSE141115,gene,BayesPrism,0.717550799564875
GSE141115,gene,BayesPrism,0.918219075081041
GSE141115,gene,BayesPrism,0.311616293249664
GSE141115,gene,CIBERSORTx,0.126622393592435
GSE141115,gene,CIBERSORTx,0.978709936847892
GSE141115,gene,CIBERSORTx,0.602184023206498
GSE141115,gene,CIBERSORTx,0.803925498746562
GSE141115,gene,CIBERSORTx,-0.728625552593254
GSE141115,gene,CIBERSORTx,0.587192191179452
GSE141115,gene,CIBERSORTx,0.486705249725271
GSE141115,gene,CIBERSORTx,0.593016095736457
GSE141115,gene,CIBERSORTx,-0.322378805992215
GSE141115,gene,CIBERSORTx,0.155354562558259
GSE141115,gene,CIBERSORTx,-0.482583482489939
GSE141115,gene,CIBERSORTx,-0.295362321465336
GSE141115,gene,CIBERSORTx,0.957404459271022
GSE141115,gene,CIBERSORTx,-0.452084952407507
GSE141115,gene,CIBERSORTx,-0.549347521027989
GSE141115,gene,CIBERSORTx,0.805632656963073
GSE141115,gene,CIBERSORTx,0.345895572864596
GSE141115,gene,CIBERSORTx,-0.315375474106019
GSE141115,gene,CIBERSORTx,0.715104801098324
GSE141115,gene,CIBERSORTx,0.98885220967012
GSE141115,gene,CIBERSORTx,0.921750190165791
GSE141115,gene,CIBERSORTx,0.925551885249281
GSE141115,gene,CIBERSORTx,0.983035584328899
GSE141115,gene,CIBERSORTx,0.853296509082484
GSE141115,gene,CIBERSORTx,0.979071456888878
GSE141115,gene,CIBERSORTx,-0.224714390369143
GSE141115,gene,CIBERSORTx,0.553659035135704
GSE141115,gene,CIBERSORTx,0.48577706011766
GSE141115,gene,CIBERSORTx,0.519261029974424
GSE141115,gene,CIBERSORTx,-0.275378160270079
GSE141115,gene,CIBERSORTx,-0.264661180798
GSE141115,gene,CIBERSORTx,0.53981130289814
GSE141115,gene,CIBERSORTx,-0.346921698644647
GSE141115,gene,CIBERSORTx,0.864093729830602
GSE141115,gene,CIBERSORTx,0.543219696377059
GSE141115,gene,CIBERSORTx,0.488561567332789
GSE141115,gene,CIBERSORTx,0.720256465369229
GSE141115,gene,CIBERSORTx,0.892104601754693
GSE141115,gene,CIBERSORTx,0.404632335291992
GSE141115,gene,CIBERSORTx,0.503430467214802
GSE141115,gene,CIBERSORTx,0.838549414967167
GSE141115,gene,CIBERSORTx,0.768258871925219
GSE141115,gene,CIBERSORTx,0.309610021913066
GSE141115,gene,CIBERSORTx,0.547187084087498
GSE141115,gene,CIBERSORTx,0.210507444833921
GSE141115,gene,CIBERSORTx,-0.26190908983981
GSE141115,gene,CIBERSORTx,0.293061314498906
GSE141115,gene,CIBERSORTx,0.151814665912938
GSE141115,gene,CIBERSORTx,0.869592571501785
GSE141115,gene,CIBERSORTx,0.720855918077962
GSE141115,gene,CIBERSORTx,0.573594136809295
GSE141115,gene,CIBERSORTx,-0.252047529487288
GSE141115,gene,CIBERSORTx,-0.334215294651813
GSE141115,gene,CIBERSORTx,-0.318828238900293
GSE141115,gene,CIBERSORTx,-0.0576072913475081
GSE141115,gene,CIBERSORTx,-0.111399664472661
GSE141115,gene,CIBERSORTx,0.731280687252387
GSE141115,gene,CIBERSORTx,-0.0169450446545134
GSE141115,gene,CIBERSORTx,0.555024109202602
GSE141115,gene,CIBERSORTx,-0.683600426489623
GSE141115,gene,CIBERSORTx,0.919346222968009
GSE141115,gene,CIBERSORTx,0.070104170958867
GSE141115,gene,CIBERSORTx,0.812225272722196
GSE141115,gene,CIBERSORTx,-0.391225420137089
GSE141115,gene,CIBERSORTx,-0.390808274230785
GSE141115,gene,CIBERSORTx,0.498430281412529
GSE141115,gene,CIBERSORTx,-0.356559983457361
GSE141115,gene,CIBERSORTx,0.115603325869696
GSE141115,gene,CIBERSORTx,-0.208992891573993
GSE141115,gene,CIBERSORTx,0.573897633454845
GSE141115,gene,CIBERSORTx,0.557852432755642
GSE141115,gene,CIBERSORTx,-0.309383038024295
GSE141115,gene,CIBERSORTx,0.326334215795233
GSE141115,gene,CIBERSORTx,-0.273700767538955
GSE141115,gene,CIBERSORTx,0.178275809498982
GSE141115,gene,CIBERSORTx,0.568446310793983
GSE141115,gene,CIBERSORTx,-0.254686785063293
GSE141115,gene,CIBERSORTx,0.636703523412448
GSE141115,gene,CIBERSORTx,-0.698297126576412
GSE141115,gene,CIBERSORTx,0.547898659740567
GSE141115,gene,CIBERSORTx,0.901542602854279
GSE141115,gene,CIBERSORTx,0.490080022684366
GSE141115,gene,CIBERSORTx,0.292384755569421
GSE141115,gene,CIBERSORTx,0.165627683515083
GSE141115,gene,CIBERSORTx,0.583030962094047
GSE141115,gene,CIBERSORTx,-0.00915461321971929
GSE141115,gene,CIBERSORTx,-0.898331309774106
GSE141115,gene,CIBERSORTx,-0.545718296744269
GSE141115,gene,CIBERSORTx,0.701192670578425
GSE141115,gene,CIBERSORTx,0.37428837402194
GSE141115,gene,CIBERSORTx,0.0746990497387697
GSE141115,gene,CIBERSORTx,0.0751694979865884
GSE141115,gene,CIBERSORTx,0.724486755255616
GSE141115,gene,CIBERSORTx,-0.30241029678116
GSE141115,gene,CIBERSORTx,0.0535665038304754
GSE141115,gene,CIBERSORTx,0.675639787119305
GSE141115,gene,CIBERSORTx,-0.361156990088953
GSE141115,gene,CIBERSORTx,0.897164007897181
GSE141115,gene,CIBERSORTx,0.875736690005254
GSE141115,gene,CIBERSORTx,-0.138491259234244
GSE141115,gene,CIBERSORTx,-0.385281575225245
GSE141115,gene,CIBERSORTx,0.726590020296139
GSE141115,gene,CIBERSORTx,0.403461669462376
GSE141115,gene,CIBERSORTx,0.420717680610951
GSE141115,gene,CIBERSORTx,0.396982947925435
GSE141115,gene,CIBERSORTx,0.85277602554494
GSE141115,gene,CIBERSORTx,0.618412798210452
GSE141115,gene,CIBERSORTx,0.111150973731627
GSE141115,gene,CIBERSORTx,-0.458600236897073
GSE141115,gene,CIBERSORTx,-0.674120844059077
GSE141115,gene,CIBERSORTx,-0.338691599493508
GSE141115,gene,CIBERSORTx,0.412319407621641
GSE141115,gene,CIBERSORTx,-0.0987642978068089
GSE141115,gene,CIBERSORTx,0.839019160270243
GSE141115,gene,CIBERSORTx,0.656847819111325
GSE141115,gene,CIBERSORTx,-0.0401301710477916
GSE141115,gene,CIBERSORTx,-0.246811207201399
GSE141115,gene,CIBERSORTx,-0.302501441924459
GSE141115,gene,CIBERSORTx,-0.366017257876563
GSE141115,gene,CIBERSORTx,-0.235838305013076
GSE141115,gene,CIBERSORTx,-0.168508023853573
GSE141115,gene,CIBERSORTx,0.422661517072519
GSE141115,gene,CIBERSORTx,-0.566599897480469
GSE141115,gene,CIBERSORTx,0.459210519765254
GSE141115,gene,CIBERSORTx,0.32951588416526
GSE141115,gene,CIBERSORTx,0.679815452376889
GSE141115,gene,CIBERSORTx,0.450676612891427
GSE141115,gene,CIBERSORTx,0.191424119228416
GSE141115,gene,CIBERSORTx,0.427465399884389
GSE141115,gene,CIBERSORTx,-0.298140203783627
GSE141115,gene,CIBERSORTx,0.0566026865452679
GSE141115,gene,CIBERSORTx,-0.237317045617202
GSE141115,gene,CIBERSORTx,-0.735354732697716
GSE141115,gene,CIBERSORTx,0.815522092912733
GSE141115,gene,CIBERSORTx,-0.266509851782156
GSE141115,gene,CIBERSORTx,0.657144401377702
GSE141115,gene,CIBERSORTx,0.897916119545918
GSE141115,gene,CIBERSORTx,0.662716925884369
GSE141115,gene,CIBERSORTx,0.978840376533835
GSE141115,gene,CIBERSORTx,0.955613485922918
GSE141115,gene,CIBERSORTx,-0.375299788612801
GSE141115,gene,CIBERSORTx,-0.51819619158423
GSE141115,gene,CIBERSORTx,-0.491679020352488
GSE141115,gene,CIBERSORTx,-0.133836489686157
GSE141115,gene,CIBERSORTx,-0.554614581669028
GSE141115,gene,CIBERSORTx,-0.240745648758391
GSE141115,gene,CIBERSORTx,-0.182472910894435
GSE141115,gene,CIBERSORTx,-0.20667951587442
GSE141115,gene,CIBERSORTx,-0.779961962323329
GSE141115,gene,CIBERSORTx,-0.258134966609316
GSE141115,gene,CIBERSORTx,-0.513511484205482
GSE141115,gene,CIBERSORTx,-0.587026130389028
GSE141115,gene,CIBERSORTx,0.933687511216976
GSE141115,gene,CIBERSORTx,0.138643348135646
GSE141115,gene,CIBERSORTx,-0.462979737174399
GSE141115,gene,CIBERSORTx,0.416038925715198
GSE141115,gene,CIBERSORTx,0.72327562176407
GSE141115,gene,CIBERSORTx,0.949148620153144
GSE141115,gene,CIBERSORTx,0.675718688629298
GSE141115,gene,CIBERSORTx,0.0703213355935726
GSE141115,gene,CIBERSORTx,-0.837378116601507
GSE141115,gene,CIBERSORTx,0.127251869669121
GSE141115,gene,CIBERSORTx,-0.374369986772022
GSE141115,gene,CIBERSORTx,-0.0918021401585253
GSE141115,gene,CIBERSORTx,-0.594355799509523
GSE141115,gene,CIBERSORTx,0.542996444759385
GSE141115,gene,CIBERSORTx,-0.232560280345761
GSE141115,gene,CIBERSORTx,0.0766045759380076
GSE141115,gene,CIBERSORTx,0.752207140499473
GSE141115,gene,CIBERSORTx,-0.581735280066856
GSE141115,gene,CIBERSORTx,0.986057094770807
GSE141115,gene,CIBERSORTx,0.509369267798626
GSE141115,gene,CIBERSORTx,0.986249707213453
GSE141115,gene,CIBERSORTx,-0.267473435908668
GSE141115,gene,CIBERSORTx,-0.198083509768989
GSE141115,gene,CIBERSORTx,0.0874300684158594
GSE141115,gene,CIBERSORTx,-0.344806538382811
GSE141115,gene,CIBERSORTx,0.858080154374562
GSE141115,gene,CIBERSORTx,0.479312030230052
GSE141115,gene,CIBERSORTx,0.899852499095911
GSE141115,gene,CIBERSORTx,0.783218565581579
GSE141115,gene,CIBERSORTx,-0.379543853129121
GSE141115,gene,CIBERSORTx,0.689979549843731
GSE141115,gene,CIBERSORTx,-0.462526894126954
GSE141115,gene,CIBERSORTx,0.364019464772833
GSE141115,gene,CIBERSORTx,-0.155811432809208
GSE141115,gene,CIBERSORTx,-0.075971572824844
GSE141115,gene,CIBERSORTx,0.362287265174021
GSE141115,gene,CIBERSORTx,0.463442770467052
GSE141115,gene,CIBERSORTx,0.719688447787541
GSE141115,gene,CIBERSORTx,0.162793977442015
GSE141115,gene,CIBERSORTx,0.507746306588062
GSE141115,gene,CIBERSORTx,-0.254738223344184
GSE141115,gene,CIBERSORTx,0.498546560210514
GSE141115,gene,CIBERSORTx,0.331455665057246
GSE141115,gene,CIBERSORTx,-0.0166185736684297
GSE141115,gene,CIBERSORTx,-0.270914170707857
GSE141115,gene,DISSECT,0.636579929167309
GSE141115,gene,DISSECT,0.60679998915872
GSE141115,gene,DISSECT,0.309976000351932
GSE141115,gene,DISSECT,0.622237771051467
GSE141115,gene,DISSECT,0.739162428357301
GSE141115,gene,DISSECT,0.687585122730876
GSE141115,gene,DISSECT,0.704954952978415
GSE141115,gene,DISSECT,0.614037902439332
GSE141115,gene,DISSECT,0.288261552060423
GSE141115,gene,DISSECT,0.478180543611885
GSE141115,gene,DISSECT,0.21416873736253
GSE141115,gene,DISSECT,0.678341717305699
GSE141115,gene,DISSECT,0.7636377295101
GSE141115,gene,DISSECT,0.555533636627418
GSE141115,gene,DISSECT,0.709840427598684
GSE141115,gene,DISSECT,0.630998315294672
GSE141115,gene,DISSECT,0.491743170939921
GSE141115,gene,DISSECT,0.544888416405967
GSE141115,gene,DISSECT,0.669670767513967
GSE141115,gene,DISSECT,0.704146892079848
GSE141115,gene,DISSECT,0.819606125906207
GSE141115,gene,DISSECT,0.511492535817448
GSE141115,gene,DISSECT,0.66405157788574
GSE141115,gene,DISSECT,0.504330008317881
GSE141115,gene,DISSECT,0.214448913223381
GSE141115,gene,DISSECT,0.231266072985105
GSE141115,gene,DISSECT,0.254512319883163
GSE141115,gene,DISSECT,0.327175869967267
GSE141115,gene,DISSECT,0.557624406241194
GSE141115,gene,DISSECT,-0.147243407353978
GSE141115,gene,DISSECT,0.606320974207498
GSE141115,gene,DISSECT,0.249138413073961
GSE141115,gene,DISSECT,0.722600013529893
GSE141115,gene,DISSECT,0.600274423911524
GSE141115,gene,DISSECT,0.467959357235692
GSE141115,gene,DISSECT,0.0236786417708278
GSE141115,gene,DISSECT,-0.0185933703572351
GSE141115,gene,DISSECT,0.357990944369644
GSE141115,gene,DISSECT,0.793520833936077
GSE141115,gene,DISSECT,0.579008756052265
GSE141115,gene,DISSECT,0.649088021398829
GSE141115,gene,DISSECT,0.581760704380898
GSE141115,gene,DISSECT,0.783217140309655
GSE141115,gene,DISSECT,0.58233844332705
GSE141115,gene,DISSECT,0.646786800440547
GSE141115,gene,DISSECT,0.524691663915857
GSE141115,gene,DISSECT,0.605027314555014
GSE141115,gene,DISSECT,0.343554878256181
GSE141115,gene,DISSECT,0.631073039705109
GSE141115,gene,DISSECT,0.412380483957323
GSE141115,gene,DISSECT,0.444153937379322
GSE141115,gene,DISSECT,0.748562516304936
GSE141115,gene,DISSECT,0.627067265204944
GSE141115,gene,DISSECT,0.707965177002611
GSE141115,gene,DISSECT,0.881643243475266
GSE141115,gene,DISSECT,0.667084172674569
GSE141115,gene,DISSECT,0.716592576068889
GSE141115,gene,DISSECT,0.905539026300585
GSE141115,gene,DISSECT,0.574681321746357
GSE141115,gene,DISSECT,0.618323742888617
GSE141115,gene,DISSECT,0.507051856975785
GSE141115,gene,DISSECT,0.619514423472191
GSE141115,gene,DISSECT,0.590015467537336
GSE141115,gene,DISSECT,0.717233698746791
GSE141115,gene,DISSECT,0.494217400586054
GSE141115,gene,DISSECT,0.61276593013455
GSE141115,gene,DISSECT,0.488670190940838
GSE141115,gene,DISSECT,0.482725406583253
GSE141115,gene,DISSECT,0.710273963389288
GSE141115,gene,DISSECT,0.697072542241204
GSE141115,gene,DISSECT,0.794147152382171
GSE141115,gene,DISSECT,0.666808559387836
GSE141115,gene,DISSECT,0.805874057130752
GSE141115,gene,DISSECT,0.487303874978537
GSE141115,gene,DISSECT,0.624219690904045
GSE141115,gene,DISSECT,0.592046763212293
GSE141115,gene,DISSECT,0.828945467875725
GSE141115,gene,DISSECT,0.227623688209665
GSE141115,gene,DISSECT,0.428873954825796
GSE141115,gene,DISSECT,0.246611343476539
GSE141115,gene,DISSECT,0.625085473434564
GSE141115,gene,DISSECT,0.57537374507793
GSE141115,gene,DISSECT,0.631945677664499
GSE141115,gene,DISSECT,0.531004102409381
GSE141115,gene,DISSECT,0.604333914725525
GSE141115,gene,DISSECT,0.582438540513843
GSE141115,gene,DISSECT,0.782528628118906
GSE141115,gene,DISSECT,0.459101764689214
GSE141115,gene,DISSECT,0.277632162922744
GSE141115,gene,DISSECT,0.511329479019954
GSE141115,gene,DISSECT,0.426251310296985
GSE141115,gene,DISSECT,0.491752109375904
GSE141115,gene,DISSECT,0.525542792284138
GSE141115,gene,DISSECT,0.583701794073166
GSE141115,gene,DISSECT,0.46333930908708
GSE141115,gene,DISSECT,0.532313279637369
GSE141115,gene,DISSECT,0.323329521173441
GSE141115,gene,DISSECT,0.669159846889865
GSE141115,gene,DISSECT,0.633618247442622
GSE141115,gene,DISSECT,0.428666082205835
GSE141115,gene,DISSECT,0.479804429395058
GSE141115,gene,DISSECT,0.367521500861907
GSE141115,gene,DISSECT,0.778947010909932
GSE141115,gene,DISSECT,-0.0204515523672803
GSE141115,gene,DISSECT,0.787551180953163
GSE141115,gene,DISSECT,0.419125736411343
GSE141115,gene,DISSECT,0.410145380503442
GSE141115,gene,DISSECT,0.659743366833258
GSE141115,gene,DISSECT,0.416659495046216
GSE141115,gene,DISSECT,0.613436506209656
GSE141115,gene,DISSECT,0.937730666546851
GSE141115,gene,DISSECT,0.487222446244778
GSE141115,gene,DISSECT,0.730259124069418
GSE141115,gene,DISSECT,0.607731877766128
GSE141115,gene,DISSECT,0.246833841724147
GSE141115,gene,DISSECT,0.526532179206137
GSE141115,gene,DISSECT,0.531874777547849
GSE141115,gene,DISSECT,0.541719378275206
GSE141115,gene,DISSECT,0.650836680898817
GSE141115,gene,DISSECT,0.578042554541179
GSE141115,gene,DISSECT,0.547702580053206
GSE141115,gene,DISSECT,0.682427714908687
GSE141115,gene,DISSECT,0.661328487725094
GSE141115,gene,DISSECT,0.646342333281726
GSE141115,gene,DISSECT,0.728661808556697
GSE141115,gene,DISSECT,0.770701537819268
GSE141115,gene,DISSECT,0.568222248237428
GSE141115,gene,DISSECT,0.603076499823171
GSE141115,gene,DISSECT,0.720436240041492
GSE141115,gene,DISSECT,0.420667143257798
GSE141115,gene,DISSECT,0.680777464715166
GSE141115,gene,DISSECT,0.632934565672982
GSE141115,gene,DISSECT,0.648049601937555
GSE141115,gene,DISSECT,0.697998782805301
GSE141115,gene,DISSECT,0.505561777057518
GSE141115,gene,DISSECT,0.28508593191278
GSE141115,gene,DISSECT,0.711028648690203
GSE141115,gene,DISSECT,0.512533782388528
GSE141115,gene,DISSECT,0.652381244072819
GSE141115,gene,DISSECT,0.5312831873488
GSE141115,gene,DISSECT,0.697261948431512
GSE141115,gene,DISSECT,0.731996142427
GSE141115,gene,DISSECT,0.489683069777525
GSE141115,gene,DISSECT,0.546457871996335
GSE141115,gene,DISSECT,0.756860508647671
GSE141115,gene,DISSECT,0.487291773540085
GSE141115,gene,DISSECT,0.355151765119905
GSE141115,gene,DISSECT,0.540168550713078
GSE141115,gene,DISSECT,0.730350585238466
GSE141115,gene,DISSECT,0.461863314650563
GSE141115,gene,DISSECT,0.698888348762506
GSE141115,gene,DISSECT,0.547343611835507
GSE141115,gene,DISSECT,0.73516761509359
GSE141115,gene,DISSECT,0.657919248254761
GSE141115,gene,DISSECT,0.7636957719318
GSE141115,gene,DISSECT,0.773321337859713
GSE141115,gene,DISSECT,0.569467651652969
GSE141115,gene,DISSECT,0.558944153088362
GSE141115,gene,DISSECT,0.594621620622414
GSE141115,gene,DISSECT,0.756143082705014
GSE141115,gene,DISSECT,0.609904866940275
GSE141115,gene,DISSECT,0.52047369796235
GSE141115,gene,DISSECT,0.7881533727001
GSE141115,gene,DISSECT,0.665517043009747
GSE141115,gene,DISSECT,0.711832851338727
GSE141115,gene,DISSECT,0.477939412269485
GSE141115,gene,DISSECT,0.507507767178038
GSE141115,gene,DISSECT,0.440604980122512
GSE141115,gene,DISSECT,0.815023648150065
GSE141115,gene,DISSECT,0.779473016209198
GSE141115,gene,DISSECT,0.684763364822534
GSE141115,gene,DISSECT,0.444794420198799
GSE141115,gene,DISSECT,0.657836110622569
GSE141115,gene,DISSECT,0.658527300977982
GSE141115,gene,DISSECT,0.438258724015611
GSE141115,gene,DISSECT,0.357063775526724
GSE141115,gene,DISSECT,0.366992447982935
GSE141115,gene,DISSECT,0.473526660645588
GSE141115,gene,DISSECT,0.82591752512349
GSE141115,gene,DISSECT,0.660559119993185
GSE141115,gene,DISSECT,0.445224859584731
GSE141115,gene,DISSECT,0.730969780884313
GSE141115,gene,DISSECT,0.719672489593255
GSE141115,gene,DISSECT,0.295560467328696
GSE141115,gene,DISSECT,0.568249264059222
GSE141115,gene,DISSECT,0.541099635790893
GSE141115,gene,DISSECT,0.607550698713927
GSE141115,gene,DISSECT,0.849066320214899
GSE141115,gene,DISSECT,0.816169031962976
GSE141115,gene,DISSECT,0.695932426028953
GSE141115,gene,DISSECT,0.615045387490441
GSE141115,gene,DISSECT,0.550859075759975
GSE141115,gene,DISSECT,0.546121752311553
GSE141115,gene,DISSECT,0.478251758528889
GSE141115,gene,DISSECT,0.470741296348046
GSE141115,gene,DISSECT,0.529658121568339
GSE141115,gene,DISSECT,0.366074992993491
GSE141115,gene,DISSECT,0.665987376084957
GSE141115,gene,DISSECT,0.294733537665237
GSE141115,gene,DISSECT,0.626919547652744
GSE141115,gene,DISSECT,0.454683395266775
GSE141115,gene,DISSECT,0.60676148184412
GSE141115,gene,DISSECT,0.573262891435965
GSE141115,gene,DISSECT,0.485995931429836
GSE141115,gene,DISSECT,0.719526873755377
GSE141115,gene,DISSECT,0.449866881775254
GSE141115,gene,DISSECT,0.669780067980669
GSE141115,gene,DISSECT,0.454369937412667
GSE141115,gene,DISSECT,0.633268764902851
GSE141115,gene,DISSECT,0.345564151782003
GSE141115,gene,DISSECT,0.635173671203663
GSE141115,gene,DISSECT,0.581256980706101
GSE141115,gene,DISSECT,0.402874575842237
GSE141115,gene,DISSECT,0.656041197166477
GSE141115,gene,DISSECT,0.334275850016727
GSE141115,gene,DISSECT,0.677591464484804
GSE141115,gene,DISSECT,0.498621103061903
GSE141115,gene,DISSECT,0.77992612686418
GSE141115,gene,DISSECT,0.842930252674658
GSE141115,gene,DISSECT,0.531427467731263
GSE141115,gene,DISSECT,0.722696251782476
GSE141115,gene,DISSECT,0.697732189035939
GSE141115,gene,DISSECT,0.601061041014226
GSE141115,gene,DISSECT,0.489203869130802
GSE141115,gene,DISSECT,0.668996169247225
GSE141115,gene,DISSECT,0.536548631526333
GSE141115,gene,DISSECT,0.628352013255384
GSE141115,gene,DISSECT,0.708294723289167
GSE141115,gene,DISSECT,0.733815741222173
GSE141115,gene,DISSECT,0.638862980127351
GSE141115,gene,DISSECT,0.465429756025557
GSE141115,gene,DISSECT,0.381293234202951
GSE141115,gene,DISSECT,0.374137286004747
GSE141115,gene,DISSECT,0.812178990149307
GSE141115,gene,DISSECT,0.669615701203754
GSE141115,gene,DISSECT,0.534500645939323
GSE141115,gene,DISSECT,0.231377163719287
GSE141115,gene,DISSECT,0.30690742871657
GSE141115,gene,DISSECT,0.559751917051357
GSE141115,gene,DISSECT,0.472569273686598
GSE141115,gene,DISSECT,0.479719785909352
GSE141115,gene,DISSECT,0.348913721022743
GSE141115,gene,DISSECT,0.42429295648959
GSE141115,gene,DISSECT,-0.0908313072334274
GSE141115,gene,DISSECT,0.38422788180974
GSE141115,gene,DISSECT,0.576740599478316
GSE141115,gene,DISSECT,0.0841123661446206
GSE141115,gene,DISSECT,0.802522836791135
GSE141115,gene,DISSECT,0.652700555923431
GSE141115,gene,DISSECT,0.342939615504513
GSE141115,gene,DISSECT,0.594190751630309
GSE141115,gene,DISSECT,0.240952738506623
GSE141115,gene,DISSECT,0.418543153573157
GSE141115,gene,DISSECT,0.555266389150993
GSE141115,gene,DISSECT,0.589705090690172
GSE141115,gene,DISSECT,0.733677781384953
GSE141115,gene,DISSECT,0.436170723418381
GSE141115,gene,DISSECT,0.620839590045335
GSE141115,gene,DISSECT,0.453214022216269
GSE141115,gene,DISSECT,0.290336624289829
GSE141115,gene,DISSECT,0.547823608415795
GSE141115,gene,DISSECT,0.686447639414807
GSE141115,gene,DISSECT,0.567964172789075
GSE141115,gene,DISSECT,0.633087762943471
GSE141115,gene,DISSECT,0.163138731121503
GSE141115,gene,DISSECT,0.69852906085857
GSE141115,gene,DISSECT,0.671984866157272
GSE141115,gene,DISSECT,0.501258499214631
GSE141115,gene,DISSECT,0.275529318203655
GSE141115,gene,DISSECT,0.708249642232933
GSE141115,gene,DISSECT,0.630882503195807
GSE141115,gene,DISSECT,-0.167108799874666
GSE141115,gene,DISSECT,0.410858651563595
GSE141115,gene,DISSECT,0.760451455627725
GSE141115,gene,DISSECT,0.865903849451644
GSE141115,gene,DISSECT,0.616346623716009
GSE141115,gene,DISSECT,0.624427607044538
GSE141115,gene,DISSECT,0.790432853046561
GSE141115,gene,DISSECT,0.733301547436479
GSE141115,gene,DISSECT,0.429034189915285
GSE141115,gene,DISSECT,0.552591115032787
GSE141115,gene,DISSECT,0.583500810200621
GSE141115,gene,DISSECT,0.62494286363317
GSE141115,gene,DISSECT,0.527506930333329
GSE141115,gene,DISSECT,0.567092426696286
GSE141115,gene,DISSECT,0.601944722092575
GSE141115,gene,DISSECT,0.33053712438316
GSE141115,gene,DISSECT,0.448582578266998
GSE141115,gene,DISSECT,0.795895994483902
GSE141115,gene,DISSECT,0.0841769594360964
GSE141115,gene,DISSECT,0.504713596767041
GSE141115,gene,DISSECT,0.69005175975099
GSE141115,gene,DISSECT,0.653564155388444
GSE141115,gene,DISSECT,0.70539319003745
GSE141115,gene,DISSECT,0.69817204349292
GSE141115,gene,DISSECT,0.644437468835235
GSE141115,gene,DISSECT,0.633049022199961
GSE141115,gene,DISSECT,0.564668741391234
GSE141115,gene,DISSECT,0.600802560641986
GSE141115,gene,DISSECT,0.717481613633889
GSE141115,gene,DISSECT,0.744507102140833
GSE141115,gene,DISSECT,0.542354477068506
GSE141115,gene,DISSECT,0.632525031849637
GSE141115,gene,DISSECT,0.680557768581193
GSE141115,gene,DISSECT,0.692019844385254
GSE141115,gene,DISSECT,0.647157532772924
GSE141115,gene,DISSECT,0.620296419551181
GSE141115,gene,DISSECT,0.601489996500951
GSE141115,gene,DISSECT,0.520879009100962
GSE141115,gene,DISSECT,0.503001248488771
GSE141115,gene,DISSECT,0.707942041337267
GSE141115,gene,DISSECT,0.718357304622747
GSE141115,gene,DISSECT,0.874491999986992
GSE141115,gene,DISSECT,0.197430397811025
GSE141115,gene,DISSECT,0.617012544646829
GSE141115,gene,DISSECT,0.526300406491918
GSE141115,gene,DISSECT,0.154903620626492
GSE141115,gene,DISSECT,0.693294509153027
GSE141115,gene,DISSECT,0.687768713775602
GSE141115,gene,DISSECT,0.596837546568599
GSE141115,gene,DISSECT,0.76101527278045
GSE141115,gene,DISSECT,0.89510133528189
GSE141115,gene,DISSECT,0.387465069323848
GSE141115,gene,DISSECT,0.185714311586831
GSE141115,gene,DISSECT,0.670168909729767
GSE141115,gene,DISSECT,0.775995058185749
GSE141115,gene,DISSECT,0.192622381474898
GSE141115,gene,DISSECT,0.468694954104576
GSE141115,gene,DISSECT,0.644354082836729
GSE141115,gene,DISSECT,0.562588163180175
GSE141115,gene,DISSECT,0.718961741004733
GSE141115,gene,DISSECT,0.658117902682574
GSE141115,gene,DISSECT,-0.189664073332826
GSE141115,gene,TAPE,0.63897951320128
GSE141115,gene,TAPE,-0.0746260145772769
GSE141115,gene,TAPE,0.523093061257542
GSE141115,gene,TAPE,0.575959873473786
GSE141115,gene,TAPE,0.295782064073582
GSE141115,gene,TAPE,-0.12341258531581
GSE141115,gene,TAPE,0.684335275110241
GSE141115,gene,TAPE,-0.017609917626108
GSE141115,gene,TAPE,0.414086254537668
GSE141115,gene,TAPE,-0.12362104089209
GSE141115,gene,TAPE,-0.183901468609335
GSE141115,gene,TAPE,0.264041044949987
GSE141115,gene,TAPE,0.172860020173543
GSE141115,gene,TAPE,0.0988288816129718
GSE141115,gene,TAPE,-0.0614479474648156
GSE141115,gene,TAPE,0.0234824279827719
GSE141115,gene,TAPE,0.445545227433033
GSE141115,gene,TAPE,0.146816942208761
GSE141115,gene,TAPE,0.137681534888398
GSE141115,gene,TAPE,0.444522031459403
GSE141115,gene,TAPE,0.374767347090722
GSE141115,gene,TAPE,0.446633695067748
GSE141115,gene,TAPE,-0.318298852430513
GSE141115,gene,TAPE,-0.186190825311855
GSE141115,gene,TAPE,-0.126695757272263
GSE141115,gene,TAPE,-0.0735490828992649
GSE141115,gene,TAPE,-0.236553232812061
GSE141115,gene,TAPE,-0.247614309714971
GSE141115,gene,TAPE,0.0256223488002315
GSE141115,gene,TAPE,0.0166997201023504
GSE141115,gene,TAPE,-0.0772399572259896
GSE141115,gene,TAPE,-0.259266037297756
GSE141115,gene,TAPE,-0.0899700683276126
GSE141115,gene,TAPE,-0.110949078092928
GSE141115,gene,TAPE,-0.341374900585865
GSE141115,gene,TAPE,-0.0407575591659828
GSE141115,gene,TAPE,0.0311168747477193
GSE141115,gene,TAPE,-0.00237494756246038
GSE141115,gene,TAPE,0.378662191870719
GSE141115,gene,TAPE,0.690995187403614
GSE141115,gene,TAPE,0.300698437100677
GSE141115,gene,TAPE,0.7374056752085
GSE141115,gene,TAPE,-0.00579652890214955
GSE141115,gene,TAPE,0.563223435991339
GSE141115,gene,TAPE,0.574637823959837
GSE141115,gene,TAPE,0.582638226504453
GSE141115,gene,TAPE,0.292287653172458
GSE141115,gene,TAPE,0.610400505181606
GSE141115,gene,TAPE,0.277222091412638
GSE141115,gene,TAPE,0.354721036979147
GSE141115,gene,TAPE,-0.18366639410398
GSE141115,gene,TAPE,-0.0552867677457732
GSE141115,gene,TAPE,0.216314321482216
GSE141115,gene,TAPE,0.57406192889025
GSE141115,gene,TAPE,0.0479747249133031
GSE141115,gene,TAPE,0.446595188283493
GSE141115,gene,TAPE,0.15032559036406
GSE141115,gene,TAPE,0.270747009351604
GSE141115,gene,TAPE,0.446967442572002
GSE141115,gene,TAPE,0.187812737714144
GSE141115,gene,TAPE,0.0300873610642868
GSE141115,gene,TAPE,0.151984376831544
GSE141115,gene,TAPE,-0.288535786682523
GSE141115,gene,TAPE,-0.0991940552031534
GSE141115,gene,TAPE,0.579234550247519
GSE141115,gene,TAPE,-0.027463425203795
GSE141115,gene,TAPE,0.298666839580373
GSE141115,gene,TAPE,-0.137510479926379
GSE141115,gene,TAPE,-0.196761981197201
GSE141115,gene,TAPE,0.0224896547025464
GSE141115,gene,TAPE,-0.237370121394838
GSE141115,gene,TAPE,0.677040673869379
GSE141115,gene,TAPE,-0.145224278613443
GSE141115,gene,TAPE,-0.0510796600494986
GSE141115,gene,TAPE,0.412273065667528
GSE141115,gene,TAPE,0.207486282802474
GSE141115,gene,TAPE,0.372017367864789
GSE141115,gene,TAPE,0.354571399741139
GSE141115,gene,TAPE,-0.211827492943258
GSE141115,gene,TAPE,-0.174260373282038
GSE141115,gene,TAPE,-0.24561370403771
GSE141115,gene,TAPE,0.571758538865023
GSE141115,gene,TAPE,0.219816203659104
GSE141115,gene,TAPE,-0.370310627298911
GSE141115,gene,TAPE,0.358692883670633
GSE141115,gene,TAPE,0.342917690055921
GSE141115,gene,TAPE,0.203700883690539
GSE141115,gene,TAPE,0.620539553829802
GSE141115,gene,TAPE,0.150248812167917
GSE141115,gene,TAPE,-0.171779934923121
GSE141115,gene,TAPE,-0.269634041386495
GSE141115,gene,TAPE,-0.0465062405651626
GSE141115,gene,TAPE,-0.287734682530217
GSE141115,gene,TAPE,-0.0779011207097743
GSE141115,gene,TAPE,-0.325498674433432
GSE141115,gene,TAPE,-0.26349977317213
GSE141115,gene,TAPE,0.649793807394651
GSE141115,gene,TAPE,0.551848573578626
GSE141115,gene,TAPE,0.563807405003752
GSE141115,gene,TAPE,-0.205448706457507
GSE141115,gene,TAPE,-0.187150905481232
GSE141115,gene,TAPE,-0.104840770649253
GSE141115,gene,TAPE,0.569114231060334
GSE141115,gene,TAPE,0.160312226304154
GSE141115,gene,TAPE,0.267005808601448
GSE141115,gene,TAPE,0.30003793319742
GSE141115,gene,TAPE,0.39951680059024
GSE141115,gene,TAPE,0.588622028620787
GSE141115,gene,TAPE,-0.0212220641026515
GSE141115,gene,TAPE,-0.178143218356849
GSE141115,gene,TAPE,-0.117264800900813
GSE141115,gene,TAPE,0.714765870276728
GSE141115,gene,TAPE,0.234761531688488
GSE141115,gene,TAPE,0.47883348606708
GSE141115,gene,TAPE,0.524301066107463
GSE141115,gene,TAPE,0.331399394665739
GSE141115,gene,TAPE,0.48015837832499
GSE141115,gene,TAPE,0.182940614004622
GSE141115,gene,TAPE,0.251108611755421
GSE141115,gene,TAPE,0.305991673399102
GSE141115,gene,TAPE,0.564017079219259
GSE141115,gene,TAPE,0.121243155816238
GSE141115,gene,TAPE,0.338204467918195
GSE141115,gene,TAPE,0.567310824088194
GSE141115,gene,TAPE,0.604180195925838
GSE141115,gene,TAPE,0.299599883765438
GSE141115,gene,TAPE,0.642103077284764
GSE141115,gene,TAPE,0.506337275455446
GSE141115,gene,TAPE,0.446993504360796
GSE141115,gene,TAPE,0.583260388779065
GSE141115,gene,TAPE,0.241186878357353
GSE141115,gene,TAPE,-0.033939405407088
GSE141115,gene,TAPE,-0.227352482653291
GSE141115,gene,TAPE,-0.026701564757176
GSE141115,gene,TAPE,0.0537084116560385
GSE141115,gene,TAPE,0.425269252933294
GSE141115,gene,TAPE,0.305257169073809
GSE141115,gene,TAPE,0.495840762490541
GSE141115,gene,TAPE,0.171323147865241
GSE141115,gene,TAPE,0.349067785203831
GSE141115,gene,TAPE,0.0308797209844364
GSE141115,gene,TAPE,-0.187033652697456
GSE141115,gene,TAPE,-0.456491857595812
GSE141115,gene,TAPE,-0.0379479181546071
GSE141115,gene,TAPE,0.449282427025555
GSE141115,gene,TAPE,-0.0592665858053516
GSE141115,gene,TAPE,0.316747700373613
GSE141115,gene,TAPE,0.460577542199037
GSE141115,gene,TAPE,-0.0176670205286716
GSE141115,gene,TAPE,0.33215932130337
GSE141115,gene,TAPE,0.0930897241753604
GSE141115,gene,TAPE,0.488090461699021
GSE141115,gene,TAPE,-0.158854223736583
GSE141115,gene,TAPE,0.175023914009972
GSE141115,gene,TAPE,-0.122940131574252
GSE141115,gene,TAPE,0.496887751589538
GSE141115,gene,TAPE,0.259388108549414
GSE141115,gene,TAPE,-0.159476423877973
GSE141115,gene,TAPE,0.577279162758154
GSE141115,gene,TAPE,0.0949820949419764
GSE141115,gene,TAPE,-0.456354258770231
GSE141115,gene,TAPE,-0.264632856898684
GSE141115,gene,TAPE,0.316000076706333
GSE141115,gene,TAPE,0.299605404960478
GSE141115,gene,TAPE,0.252648136075006
GSE141115,gene,TAPE,0.388332198745894
GSE141115,gene,TAPE,0.0281775626969082
GSE141115,gene,TAPE,0.522039926576815
GSE141115,gene,TAPE,0.345046368877685
GSE141115,gene,TAPE,0.649928693783023
GSE141115,gene,TAPE,0.318528974787018
GSE141115,gene,TAPE,0.536867704598513
GSE141115,gene,TAPE,0.373825314758835
GSE141115,gene,TAPE,-0.234072019155027
GSE141115,gene,TAPE,0.111694434543624
GSE141115,gene,TAPE,0.571838329009555
GSE141115,gene,TAPE,-0.00129998646336762
GSE141115,gene,TAPE,0.395522051188873
GSE141115,gene,TAPE,-0.20013552315395
GSE141115,gene,TAPE,0.647703307745709
GSE141115,gene,TAPE,-0.258277419441643
GSE141115,gene,TAPE,-0.152429452158994
GSE141115,gene,TAPE,0.588549175960441
GSE141115,gene,TAPE,0.71715461766386
GSE141115,gene,TAPE,0.377616566863693
GSE141115,gene,TAPE,0.690228680817977
GSE141115,gene,TAPE,0.483735761195204
GSE141115,gene,TAPE,0.177770011929344
GSE141115,gene,TAPE,0.574410354969247
GSE141115,gene,TAPE,0.702557861500371
GSE141115,gene,TAPE,0.487582391455436
GSE141115,gene,TAPE,0.0603724584354209
GSE141115,gene,TAPE,0.433367478256257
GSE141115,gene,TAPE,-0.18744397227864
GSE141115,gene,TAPE,0.417018399490135
GSE141115,gene,TAPE,0.0539724673220649
GSE141115,gene,TAPE,-0.466279769706639
GSE141115,gene,TAPE,-0.218813658860149
GSE141115,gene,TAPE,-0.178670263311954
GSE141115,gene,TAPE,0.143952364610491
GSE141115,gene,TAPE,0.621323610493657
GSE141115,gene,TAPE,0.550995726229851
GSE141115,gene,TAPE,0.284808202390705
GSE141115,gene,TAPE,0.325418373908596
GSE141115,gene,TAPE,-0.133741654771663
GSE141115,gene,TAPE,0.627763123025449
GSE141115,gene,TAPE,-0.341863296069174
GSE141115,gene,TAPE,-0.196816379218986
GSE141115,gene,TAPE,0.592831329032887
GSE141115,gene,TAPE,0.199732606642845
GSE141115,gene,TAPE,0.582394046758709
GSE141115,gene,TAPE,0.476396440308925
GSE141115,gene,TAPE,0.588860941453835
GSE141115,gene,TAPE,-0.0817339054137971
GSE141115,gene,TAPE,-0.420908566987244
GSE141115,gene,TAPE,0.0549096481385248
GSE141115,gene,TAPE,0.163739163423243
GSE141115,gene,TAPE,0.544254732102409
GSE141115,gene,TAPE,0.302264986869294
GSE141115,gene,TAPE,0.691778641178066
GSE141115,gene,TAPE,0.281712049538233
GSE141115,gene,TAPE,-0.599870884181888
GSE141115,gene,TAPE,0.498915345188326
GSE141115,gene,TAPE,0.712296223740603
GSE141115,gene,TAPE,0.503891040873926
GSE141115,gene,TAPE,0.496443593967604
GSE141115,gene,TAPE,0.220715795696301
GSE141115,gene,TAPE,0.715431709202086
GSE141115,gene,TAPE,0.105078558261165
GSE141115,gene,TAPE,0.0490727234116032
GSE141115,gene,TAPE,0.528054232045049
GSE141115,gene,TAPE,0.47522381651952
GSE141115,gene,TAPE,0.607584765109082
GSE141115,gene,TAPE,0.435048680929917
GSE141115,gene,TAPE,0.504191266424058
GSE141115,gene,TAPE,0.372460112015811
GSE141115,gene,TAPE,0.361377035173984
GSE141115,gene,TAPE,0.272889123717161
GSE141115,gene,TAPE,0.361172664439426
GSE141115,gene,TAPE,0.291555228456253
GSE141115,gene,TAPE,0.310641707318798
GSE141115,gene,TAPE,0.358779118978684
GSE141115,gene,TAPE,0.276244032300408
GSE141115,gene,TAPE,0.467255307565335
GSE141115,gene,TAPE,0.404124390514581
GSE141115,gene,TAPE,0.398843824429097
GSE141115,gene,TAPE,0.317376950710031
GSE141115,gene,TAPE,0.524148647375061
GSE141115,gene,TAPE,0.396789143774086
GSE141115,gene,TAPE,0.511920405581696
GSE141115,gene,TAPE,0.294387663211049
GSE141115,gene,TAPE,0.310540136512987
GSE141115,gene,TAPE,0.485400939857645
GSE141115,gene,TAPE,0.402181381259271
GSE141115,gene,TAPE,0.195887847138217
GSE141115,gene,TAPE,0.370758288431576
GSE141115,gene,TAPE,0.348800186634752
GSE141115,gene,TAPE,0.50474459612078
GSE141115,gene,TAPE,0.501666886688918
GSE141115,gene,TAPE,0.223039267350865
GSE141115,gene,TAPE,0.435778641654171
GSE141115,gene,TAPE,0.40688532445671
GSE141115,gene,TAPE,0.380853350102384
GSE141115,gene,TAPE,0.324985380923658
GSE141115,gene,TAPE,0.44316807826388
GSE141115,gene,TAPE,0.491850921523278
GSE141115,gene,TAPE,0.225529754467099
GSE141115,gene,TAPE,0.462082652215003
GSE141115,gene,TAPE,0.0504605250130585
GSE141115,gene,TAPE,0.228082450156552
GSE141115,gene,TAPE,-0.0321100252710481
GSE141115,gene,TAPE,0.18023636778905
GSE141115,gene,TAPE,-0.219718095492008
GSE141115,gene,TAPE,0.241372273101276
GSE141115,gene,TAPE,0.196371661665445
GSE141115,gene,TAPE,0.0855310345913308
GSE141115,gene,TAPE,0.0318924130762157
GSE141115,gene,TAPE,0.0322478317513388
GSE141115,gene,TAPE,0.253491671951041
GSE141115,gene,TAPE,0.669219777295493
GSE141115,gene,TAPE,0.509566796956813
GSE141115,gene,TAPE,-0.0467673065286151
GSE141115,gene,TAPE,0.12632752584496
GSE141115,gene,TAPE,0.102580355964363
GSE141115,gene,TAPE,0.357584066304234
GSE141115,gene,TAPE,0.540950039207459
GSE141115,gene,TAPE,0.253500385370338
GSE141115,gene,TAPE,-0.598984621704182
GSE141115,gene,TAPE,0.491885451968989
GSE141115,gene,TAPE,-0.227238863936098
GSE141115,gene,TAPE,-0.210387530676047
GSE141115,gene,TAPE,0.326528427578206
GSE141115,gene,TAPE,-0.325423811328343
GSE141115,gene,TAPE,0.577926252322034
GSE141115,gene,TAPE,0.649060116834647
GSE141115,gene,TAPE,-0.191766078278183
GSE141115,gene,TAPE,0.436654428133508
GSE141115,gene,TAPE,-0.214136355987689
GSE141115,gene,TAPE,0.0106712631343362
GSE141115,gene,TAPE,0.154802436200362
GSE141115,gene,TAPE,0.422737224063413
GSE141115,gene,TAPE,0.413621594732989
GSE141115,gene,TAPE,-0.202997130662786
GSE141115,gene,TAPE,0.649500633348368
GSE141115,gene,TAPE,0.718682494500784
GSE141115,gene,TAPE,-0.0539436375193105
GSE141115,gene,TAPE,0.466768669636942
GSE141115,gene,TAPE,0.383648040337157
GSE141115,gene,TAPE,0.545757694872994
GSE141115,gene,TAPE,-0.134006160322593
GSE141115,gene,TAPE,0.276458322000316
GSE141115,gene,TAPE,-0.123750356704646
GSE141115,gene,TAPE,0.685603357231008
GSE141115,gene,TAPE,0.376016080910784
GSE141115,gene,TAPE,0.20925226669471
GSE141115,gene,TAPE,0.677865409591706
GSE141115,gene,TAPE,0.328216138351876
GSE141115,gene,TAPE,0.090504595739882
GSE141115,gene,TAPE,-0.0486839773097289
GSE141115,gene,TAPE,-0.0407349433555095
GSE141115,gene,TAPE,-0.050546542285446
GSE141115,gene,TAPE,-0.332741275216269
GSE141115,gene,TAPE,0.242219878107604
GSE141115,gene,TAPE,-0.359290835125162
GSE141115,gene,TAPE,-0.0188658995507714
GSE141115,gene,TAPE,0.0558783164732798
GSE141115,gene,TAPE,0.454762170435011
GSE141115,gene,TAPE,-0.340032756156157
GSE141115,gene,TAPE,-0.261422053913598
GSE141115,gene,TAPE,-0.0804604265141635
GSE141115,gene,TAPE,0.0603024424848502
GSE141115,gene,TAPE,-0.0970944772809312
GSE141115,gene,TAPE,0.490051882440322
GSE141115,gene,TAPE,-0.539205145087509
GSE141115,gene,DeconvSC,0.954396031580332
GSE141115,gene,DeconvSC,0.875906923969298
GSE141115,gene,DeconvSC,0.850769782339786
GSE141115,gene,DeconvSC,0.971701013318634
GSE141115,gene,DeconvSC,0.894305294128601
GSE141115,gene,DeconvSC,0.866212592377943
GSE141115,gene,DeconvSC,0.950394267189698
GSE141115,gene,DeconvSC,0.845869900440718
GSE141115,gene,DeconvSC,0.918016852646559
GSE141115,gene,DeconvSC,0.970900668043765
GSE141115,gene,DeconvSC,0.709002308150766
GSE141115,gene,DeconvSC,0.830254544566728
GSE141115,gene,DeconvSC,0.945479548330399
GSE141115,gene,DeconvSC,0.886596692019405
GSE141115,gene,DeconvSC,0.964054423744378
GSE141115,gene,DeconvSC,0.925108991529697
GSE141115,gene,DeconvSC,0.820795229840496
GSE141115,gene,DeconvSC,0.90155129595216
GSE141115,gene,DeconvSC,0.968911190701118
GSE141115,gene,DeconvSC,0.914057627859595
GSE141115,gene,DeconvSC,0.780343057413755
GSE141115,gene,DeconvSC,0.848677950233502
GSE141115,gene,DeconvSC,0.857094235852472
GSE141115,gene,DeconvSC,0.960232316347665
GSE141115,gene,DeconvSC,0.927342670299861
GSE141115,gene,DeconvSC,0.616542519580728
GSE141115,gene,DeconvSC,0.911154286088371
GSE141115,gene,DeconvSC,0.889626525401414
GSE141115,gene,DeconvSC,0.905924915379065
GSE141115,gene,DeconvSC,0.880246408532264
GSE141115,gene,DeconvSC,0.980171296138242
GSE141115,gene,DeconvSC,0.919846531458471
GSE141115,gene,DeconvSC,0.955824489110064
GSE141115,gene,DeconvSC,0.959091275235306
GSE141115,gene,DeconvSC,0.908620029607115
GSE141115,gene,DeconvSC,0.85128325655475
GSE141115,gene,DeconvSC,0.805341044188688
GSE141115,gene,DeconvSC,0.921404782201574
GSE141115,gene,DeconvSC,0.938132279007667
GSE141115,gene,DeconvSC,0.836064846390867
GSE141115,gene,DeconvSC,0.909973487462975
GSE141115,gene,DeconvSC,0.988988912752628
GSE141115,gene,DeconvSC,0.807369332859706
GSE141115,gene,DeconvSC,0.823843256667856
GSE141115,gene,DeconvSC,0.802359440457233
GSE141115,gene,DeconvSC,0.791883099532101
GSE141115,gene,DeconvSC,0.906458205926548
GSE141115,gene,DeconvSC,0.823735848700122
GSE141115,gene,DeconvSC,0.88079206108647
GSE141115,gene,DeconvSC,0.861732910445613
GSE141115,gene,DeconvSC,0.883812497919458
GSE141115,gene,DeconvSC,0.935991130785714
GSE141115,gene,DeconvSC,0.92719474954316
GSE141115,gene,DeconvSC,0.950197066162741
GSE141115,gene,DeconvSC,0.938979667037797
GSE141115,gene,DeconvSC,0.936204961096221
GSE141115,gene,DeconvSC,0.939564336689525
GSE141115,gene,DeconvSC,0.924514219825419
GSE141115,gene,DeconvSC,0.959471399973332
GSE141115,gene,DeconvSC,0.87100499151181
GSE141115,gene,DeconvSC,0.949593700251348
GSE141115,gene,DeconvSC,0.969656557170182
GSE141115,gene,DeconvSC,0.925825277645393
GSE141115,gene,DeconvSC,0.957087129172357
GSE141115,gene,DeconvSC,0.964394140503533
GSE141115,gene,DeconvSC,0.818030661642709
GSE141115,gene,DeconvSC,0.903304776389812
GSE141115,gene,DeconvSC,0.802469157302853
GSE141115,gene,DeconvSC,0.93564771860162
GSE141115,gene,DeconvSC,0.950983110244596
GSE141115,gene,DeconvSC,0.912222811793995
GSE141115,gene,DeconvSC,0.965889466233907
GSE141115,gene,DeconvSC,0.950251005008435
GSE141115,gene,DeconvSC,0.922841430983793
GSE141115,gene,DeconvSC,0.934600815308601
GSE141115,gene,DeconvSC,0.791206218214947
GSE141115,gene,DeconvSC,0.937521456483913
GSE141115,gene,DeconvSC,0.952258603828704
GSE141115,gene,DeconvSC,0.921363584645716
GSE141115,gene,DeconvSC,0.948399589125202
GSE141115,gene,DeconvSC,0.864162444302901
GSE141115,gene,DeconvSC,0.893177791157118
GSE141115,gene,DeconvSC,0.632059076327502
GSE141115,gene,DeconvSC,0.88691535021784
GSE141115,gene,DeconvSC,0.755307695152513
GSE141115,gene,DeconvSC,0.927703660666758
GSE141115,gene,DeconvSC,0.873924178330354
GSE141115,gene,DeconvSC,0.805624065664549
GSE141115,gene,DeconvSC,0.84156347462282
GSE141115,gene,DeconvSC,0.828638952983313
GSE141115,gene,DeconvSC,0.926888104427989
GSE141115,gene,DeconvSC,0.800778136906119
GSE141115,gene,DeconvSC,0.92191913100687
GSE141115,gene,DeconvSC,0.871815144331682
GSE141115,gene,DeconvSC,0.909542028537294
GSE141115,gene,DeconvSC,0.965995917690628
GSE141115,gene,DeconvSC,0.930660645980925
GSE141115,gene,DeconvSC,0.980012032450839
GSE141115,gene,DeconvSC,0.932854756370847
GSE141115,gene,DeconvSC,0.761814089107418
GSE141115,gene,DeconvSC,0.891458745588531
GSE141115,gene,DeconvSC,0.919701175781403
GSE141115,gene,DeconvSC,0.653372807556961
GSE141115,gene,DeconvSC,0.841204182054628
GSE141115,gene,DeconvSC,0.878589034178081
GSE141115,gene,DeconvSC,0.766561943496047
GSE141115,gene,DeconvSC,0.848381356638868
GSE141115,gene,DeconvSC,0.646988698671356
GSE141115,gene,DeconvSC,0.841771235136292
GSE141115,gene,DeconvSC,0.8128879664909
GSE141115,gene,DeconvSC,0.994869293063761
GSE141115,gene,DeconvSC,0.928859929878178
GSE141115,gene,DeconvSC,0.978489301163911
GSE141115,gene,DeconvSC,0.878333335023917
GSE141115,gene,DeconvSC,0.826951689554562
GSE141115,gene,DeconvSC,0.921426877729987
GSE141115,gene,DeconvSC,0.855315552753511
GSE141115,gene,DeconvSC,0.815354400292511
GSE141115,gene,DeconvSC,0.878517828270398
GSE141115,gene,DeconvSC,0.578959121873616
GSE141115,gene,DeconvSC,0.990047444322197
GSE141115,gene,DeconvSC,0.978802158636903
GSE141115,gene,DeconvSC,0.870166091903305
GSE141115,gene,DeconvSC,0.875972291460157
GSE141115,gene,DeconvSC,0.898360201313474
GSE141115,gene,DeconvSC,0.837455900026352
GSE141115,gene,DeconvSC,0.913182893226771
GSE141115,gene,DeconvSC,0.851239647540633
GSE141115,gene,DeconvSC,0.907337281698269
GSE141115,gene,DeconvSC,0.502481821457197
GSE141115,gene,DeconvSC,0.922354319289569
GSE141115,gene,DeconvSC,0.795653838147648
GSE141115,gene,DeconvSC,0.868091333484445
GSE141115,gene,DeconvSC,0.941595196426236
GSE141115,gene,DeconvSC,0.815473189474813
GSE141115,gene,DeconvSC,0.697696311554206
GSE141115,gene,DeconvSC,0.914524138219436
GSE141115,gene,DeconvSC,0.922658203234675
GSE141115,gene,DeconvSC,0.943361550100886
GSE141115,gene,DeconvSC,0.890726114363011
GSE141115,gene,DeconvSC,0.906448409247704
GSE141115,gene,DeconvSC,0.721983543040484
GSE141115,gene,DeconvSC,0.911304910851901
GSE141115,gene,DeconvSC,0.651476211616278
GSE141115,gene,DeconvSC,0.951248559635599
GSE141115,gene,DeconvSC,0.790286567839717
GSE141115,gene,DeconvSC,0.744917541774896
GSE141115,gene,DeconvSC,0.829087216776637
GSE141115,gene,DeconvSC,0.907880495402243
GSE141115,gene,DeconvSC,0.763778113755031
GSE141115,gene,DeconvSC,0.939870962554462
GSE141115,gene,DeconvSC,0.852214492927373
GSE141115,gene,DeconvSC,0.82857533953704
GSE141115,gene,DeconvSC,0.950546565255416
GSE141115,gene,DeconvSC,0.905305257124155
GSE141115,gene,DeconvSC,0.921788375796956
GSE141115,gene,DeconvSC,0.886203061834652
GSE141115,gene,DeconvSC,0.799692403573413
GSE141115,gene,DeconvSC,0.750391297628319
GSE141115,gene,DeconvSC,0.706487809947445
GSE141115,gene,DeconvSC,0.766397412852368
GSE141115,gene,DeconvSC,0.829072889424255
GSE141115,gene,DeconvSC,0.888502996792748
GSE141115,gene,DeconvSC,0.868101057363474
GSE141115,gene,DeconvSC,0.787176080774605
GSE141115,gene,DeconvSC,0.852480443159556
GSE141115,gene,DeconvSC,0.667481895332742
GSE141115,gene,DeconvSC,0.748007805747947
GSE141115,gene,DeconvSC,0.904845173982737
GSE141115,gene,DeconvSC,0.918242759987054
GSE141115,gene,DeconvSC,0.871312073285579
GSE141115,gene,DeconvSC,0.963179178971144
GSE141115,gene,DeconvSC,0.795463850936263
GSE141115,gene,DeconvSC,0.848672215275931
GSE141115,gene,DeconvSC,0.634814874241277
GSE141115,gene,DeconvSC,0.822539152760933
GSE141115,gene,DeconvSC,0.863931739749086
GSE141115,gene,DeconvSC,0.982790452089103
GSE141115,gene,DeconvSC,0.526154713866024
GSE141115,gene,DeconvSC,0.818491338332015
GSE141115,gene,DeconvSC,0.974703671829605
GSE141115,gene,DeconvSC,0.985143712473188
GSE141115,gene,DeconvSC,0.814542886555545
GSE141115,gene,DeconvSC,0.976915606962305
GSE141115,gene,DeconvSC,0.878320830592857
GSE141115,gene,DeconvSC,0.881825129570398
GSE141115,gene,DeconvSC,0.972159001544196
GSE141115,gene,DeconvSC,0.993087486218244
GSE141115,gene,DeconvSC,0.945716132434657
GSE141115,gene,DeconvSC,0.954007554832647
GSE141115,gene,DeconvSC,0.863016504277394
GSE141115,gene,DeconvSC,0.920331080627384
GSE141115,gene,DeconvSC,0.890938783924369
GSE141115,gene,DeconvSC,0.892686493740686
GSE141115,gene,DeconvSC,0.85054380903273
GSE141115,gene,DeconvSC,0.940674963551588
GSE141115,gene,DeconvSC,0.827098848228274
GSE141115,gene,DeconvSC,0.78923719207691
GSE141115,gene,DeconvSC,0.858407399221817
GSE141115,gene,DeconvSC,0.849541966769751
GSE141115,gene,DeconvSC,0.937366353959474
GSE141115,gene,DeconvSC,0.878872706241334
GSE141115,gene,DeconvSC,0.966527362245636
GSE141115,gene,DeconvSC,0.868573743373822
GSE141115,gene,DeconvSC,0.950878975498242
GSE141115,gene,DeconvSC,0.946270633001186
GSE141115,gene,DeconvSC,0.91373434389373
GSE141115,gene,DeconvSC,0.885578504778198
GSE141115,gene,DeconvSC,0.966960872533691
GSE141115,gene,DeconvSC,0.991400888355259
GSE141115,gene,DeconvSC,0.846301314960726
GSE141115,gene,DeconvSC,0.825979333212187
GSE141115,gene,DeconvSC,0.884866952578724
GSE141115,gene,DeconvSC,0.934472232340657
GSE141115,gene,DeconvSC,0.86073053122676
GSE141115,gene,DeconvSC,0.895853477318424
GSE141115,gene,DeconvSC,0.89308420147631
GSE141115,gene,DeconvSC,0.948545104505341
GSE141115,gene,DeconvSC,0.85138450857921
GSE141115,gene,DeconvSC,0.958762832312173
GSE141115,gene,DeconvSC,0.919442455220966
GSE141115,gene,DeconvSC,0.949036338643772
GSE141115,gene,DeconvSC,0.959789333174045
GSE141115,gene,DeconvSC,0.878900949693083
GSE141115,gene,DeconvSC,0.98262683476446
GSE141115,gene,DeconvSC,0.949936505822595
GSE141115,gene,DeconvSC,0.97726135022211
GSE141115,gene,DeconvSC,0.794423731475907
GSE141115,gene,DeconvSC,0.617248553212989
GSE141115,gene,DeconvSC,0.618631975468357
GSE141115,gene,DeconvSC,0.772887565824992
GSE141115,gene,DeconvSC,0.741760320597219
GSE141115,gene,DeconvSC,0.808224176670429
GSE141115,gene,DeconvSC,0.715478256933245
GSE141115,gene,DeconvSC,0.65470618451683
GSE141115,gene,DeconvSC,0.64571286709209
GSE141115,gene,DeconvSC,0.789463468418214
GSE141115,gene,DeconvSC,0.594668101132785
GSE141115,gene,DeconvSC,0.80045487160001
GSE141115,gene,DeconvSC,0.707908140100441
GSE141115,gene,DeconvSC,0.777803949074886
GSE141115,gene,DeconvSC,0.39184569805453
GSE141115,gene,DeconvSC,0.667653079244206
GSE141115,gene,DeconvSC,0.676055685884922
GSE141115,gene,DeconvSC,0.79737978858899
GSE141115,gene,DeconvSC,0.784572210519551
GSE141115,gene,DeconvSC,0.805079185036009
GSE141115,gene,DeconvSC,0.636001817762552
GSE141115,gene,DeconvSC,0.842458786340042
GSE141115,gene,DeconvSC,0.744018624660071
GSE141115,gene,DeconvSC,0.676389370304028
GSE141115,gene,DeconvSC,0.539082390664704
GSE141115,gene,DeconvSC,0.626402206690265
GSE141115,gene,DeconvSC,0.826718248451837
GSE141115,gene,DeconvSC,0.660845933924336
GSE141115,gene,DeconvSC,0.787023583896285
GSE141115,gene,DeconvSC,0.707967757556423
GSE141115,gene,DeconvSC,0.638440775223056
GSE141115,gene,DeconvSC,0.685812856186675
GSE141115,gene,DeconvSC,0.73907368156073
GSE141115,gene,DeconvSC,0.803419305708698
GSE141115,gene,DeconvSC,0.675524854258146
GSE141115,gene,DeconvSC,0.600571628417843
GSE141115,gene,DeconvSC,0.496792355960369
GSE141115,gene,DeconvSC,0.733051043597945
GSE141115,gene,DeconvSC,0.913606163668888
GSE141115,gene,DeconvSC,0.889814331392986
GSE141115,gene,DeconvSC,0.83205192531167
GSE141115,gene,DeconvSC,0.782299467996033
GSE141115,gene,DeconvSC,-0.068126768269736
GSE141115,gene,DeconvSC,0.772087785497956
GSE141115,gene,DeconvSC,0.957293323691141
GSE141115,gene,DeconvSC,0.89612600099336
GSE141115,gene,DeconvSC,0.760127054759733
GSE141115,gene,DeconvSC,0.952415573643583
GSE141115,gene,DeconvSC,0.967061231656497
GSE141115,gene,DeconvSC,0.951677012396706
GSE141115,gene,DeconvSC,0.916343147791679
GSE141115,gene,DeconvSC,0.808981556065214
GSE141115,gene,DeconvSC,0.781936236290341
GSE141115,gene,DeconvSC,0.941480540327241
GSE141115,gene,DeconvSC,0.806102622240577
GSE141115,gene,DeconvSC,0.831774370540219
GSE141115,gene,DeconvSC,0.889095120285713
GSE141115,gene,DeconvSC,0.833797456827064
GSE141115,gene,DeconvSC,0.781255242564407
GSE141115,gene,DeconvSC,0.857112751054764
GSE141115,gene,DeconvSC,0.82216545512698
GSE141115,gene,DeconvSC,0.743488909355752
GSE141115,gene,DeconvSC,0.927502623494706
GSE141115,gene,DeconvSC,0.966667922447977
GSE141115,gene,DeconvSC,0.988021370973414
GSE141115,gene,DeconvSC,0.928186122109078
GSE141115,gene,DeconvSC,0.953425243617168
GSE141115,gene,DeconvSC,0.971092729481848
GSE141115,gene,DeconvSC,0.827922766771086
GSE141115,gene,DeconvSC,0.987393303887158
GSE141115,gene,DeconvSC,0.966532694586041
GSE141115,gene,DeconvSC,0.933108104325187
GSE141115,gene,DeconvSC,0.90187950311993
GSE141115,gene,DeconvSC,0.948741499681703
GSE141115,gene,DeconvSC,0.962928859481354
GSE141115,gene,DeconvSC,0.916806447437578
GSE141115,gene,DeconvSC,0.937560461355919
GSE141115,gene,DeconvSC,0.879058458303282
GSE141115,gene,DeconvSC,0.974143700669064
GSE141115,gene,DeconvSC,0.912355945270994
GSE141115,gene,DeconvSC,0.802664786920717
GSE141115,gene,DeconvSC,0.89580068531364
GSE141115,gene,DeconvSC,0.877869719942492
GSE141115,gene,DeconvSC,0.951289257480255
GSE141115,gene,DeconvSC,0.821031729050448
GSE141115,gene,DeconvSC,0.943775776719056
GSE141115,gene,DeconvSC,0.559690035919585
GSE141115,gene,DeconvSC,0.858053918774034
GSE141115,gene,DeconvSC,0.892386642612648
GSE141115,gene,DeconvSC,0.904593603894238
GSE141115,gene,DeconvSC,0.604253227305228
GSE141115,gene,DeconvSC,0.879247087001792
GSE141115,gene,DeconvSC,0.854945651498763
GSE141115,gene,DeconvSC,0.843143458297193
GSE141115,gene,DeconvSC,0.826359735213456
GSE141115,gene,DeconvSC,0.825268848643999
GSE141115,gene,DeconvSC,0.916843901288547
GSE141115,gene,DeconvSC,0.875894173777456
GSE141115,gene,DeconvSC,0.949439936417562
GSE141115,gene,DeconvSC,0.873070557565598
GSE141115,gene,DeconvSC,0.771476286115212
GSE141115,gene,DeconvSC,0.815877695814099
GSE141115,gene,DeconvSC,0.816443275364474
GSE159585,gene,BayesPrism,0.563201506855815
GSE159585,gene,BayesPrism,0.392215041672193
GSE159585,gene,BayesPrism,0.773612835868792
GSE159585,gene,BayesPrism,0.416673040262156
GSE159585,gene,BayesPrism,0.418180627064705
GSE159585,gene,BayesPrism,0.408239006615274
GSE159585,gene,BayesPrism,0.137093073140645
GSE159585,gene,BayesPrism,0.589821489555
GSE159585,gene,BayesPrism,0.531027003462012
GSE159585,gene,BayesPrism,0.583335970136604
GSE159585,gene,BayesPrism,0.722045439371317
GSE159585,gene,BayesPrism,0.675971172622397
GSE159585,gene,BayesPrism,0.11467349029409
GSE159585,gene,BayesPrism,0.603190369637316
GSE159585,gene,BayesPrism,0.47695150867111
GSE159585,gene,BayesPrism,0.064310826620725
GSE159585,gene,BayesPrism,0.302890500993664
GSE159585,gene,BayesPrism,0.337779202874645
GSE159585,gene,BayesPrism,0.571687252961322
GSE159585,gene,BayesPrism,0.469797504915626
GSE159585,gene,BayesPrism,0.397242831538492
GSE159585,gene,BayesPrism,0.137365090044417
GSE159585,gene,BayesPrism,0.552963400440785
GSE159585,gene,BayesPrism,0.356457306912734
GSE159585,gene,BayesPrism,0.561186884325332
GSE159585,gene,BayesPrism,0.523408488798738
GSE159585,gene,BayesPrism,0.345575184242889
GSE159585,gene,BayesPrism,0.22624597207472
GSE159585,gene,BayesPrism,0.514868502614258
GSE159585,gene,BayesPrism,-0.0369173907849297
GSE159585,gene,BayesPrism,0.309838039892456
GSE159585,gene,BayesPrism,0.233749143824791
GSE159585,gene,BayesPrism,0.473119170675563
GSE159585,gene,BayesPrism,0.510996760547986
GSE159585,gene,BayesPrism,0.105131368615192
GSE159585,gene,BayesPrism,0.201259798642524
GSE159585,gene,BayesPrism,0.352745758402763
GSE159585,gene,BayesPrism,0.141584311653002
GSE159585,gene,BayesPrism,0.00491462676116135
GSE159585,gene,BayesPrism,0.128201072686122
GSE159585,gene,BayesPrism,0.509045482037784
GSE159585,gene,BayesPrism,0.35794264216366
GSE159585,gene,BayesPrism,0.441964786092523
GSE159585,gene,BayesPrism,0.727520451672993
GSE159585,gene,BayesPrism,0.255508095270686
GSE159585,gene,BayesPrism,0.487526597771614
GSE159585,gene,BayesPrism,0.265582107411472
GSE159585,gene,BayesPrism,0.396016429958602
GSE159585,gene,BayesPrism,0.643497399623675
GSE159585,gene,BayesPrism,0.818550451474356
GSE159585,gene,BayesPrism,0.61145174480297
GSE159585,gene,BayesPrism,0.577949911973084
GSE159585,gene,BayesPrism,0.623836432570661
GSE159585,gene,BayesPrism,0.322656797145566
GSE159585,gene,BayesPrism,0.796000042428381
GSE159585,gene,BayesPrism,0.530207588391982
GSE159585,gene,BayesPrism,0.896488942820852
GSE159585,gene,BayesPrism,0.81416263759086
GSE159585,gene,BayesPrism,0.533684704366494
GSE159585,gene,BayesPrism,0.636129084726528
GSE159585,gene,BayesPrism,0.2427253452412
GSE159585,gene,BayesPrism,0.336410130550529
GSE159585,gene,BayesPrism,0.354650645398851
GSE159585,gene,BayesPrism,0.459143111495675
GSE159585,gene,BayesPrism,0.735600426747095
GSE159585,gene,BayesPrism,0.775648392789831
GSE159585,gene,BayesPrism,0.234478665511614
GSE159585,gene,BayesPrism,0.0327795467596966
GSE159585,gene,BayesPrism,0.560939517397725
GSE159585,gene,BayesPrism,0.594630473761059
GSE159585,gene,BayesPrism,0.314793153905847
GSE159585,gene,BayesPrism,0.408807538475301
GSE159585,gene,BayesPrism,0.708029053344513
GSE159585,gene,BayesPrism,0.615629608120751
GSE159585,gene,BayesPrism,0.606275773675347
GSE159585,gene,BayesPrism,0.664553395402444
GSE159585,gene,BayesPrism,0.436250231283691
GSE159585,gene,BayesPrism,0.729166846089589
GSE159585,gene,BayesPrism,0.613896567039461
GSE159585,gene,BayesPrism,0.760240797162194
GSE159585,gene,BayesPrism,0.44036098870391
GSE159585,gene,BayesPrism,0.684956310859815
GSE159585,gene,BayesPrism,0.570189663956046
GSE159585,gene,BayesPrism,0.642281306462351
GSE159585,gene,BayesPrism,0.248375183129088
GSE159585,gene,BayesPrism,0.0216546167661422
GSE159585,gene,BayesPrism,0.347844974092817
GSE159585,gene,BayesPrism,0.977327192007394
GSE159585,gene,BayesPrism,0.736327764011434
GSE159585,gene,BayesPrism,0.296358864203758
GSE159585,gene,BayesPrism,0.395187489171231
GSE159585,gene,BayesPrism,0.540020497540655
GSE159585,gene,BayesPrism,0.746391302494963
GSE159585,gene,BayesPrism,0.719343700702363
GSE159585,gene,BayesPrism,0.571623399813448
GSE159585,gene,BayesPrism,-0.140776128288386
GSE159585,gene,BayesPrism,0.49330024642973
GSE159585,gene,BayesPrism,0.558687205230437
GSE159585,gene,BayesPrism,0.429144292353718
GSE159585,gene,BayesPrism,0.526834864769283
GSE159585,gene,BayesPrism,0.739164095562502
GSE159585,gene,BayesPrism,0.584643699950346
GSE159585,gene,BayesPrism,0.00587465617646005
GSE159585,gene,BayesPrism,0.378836114109286
GSE159585,gene,BayesPrism,0.442562751372623
GSE159585,gene,BayesPrism,0.719796883678301
GSE159585,gene,BayesPrism,0.776757064810346
GSE159585,gene,BayesPrism,0.129141223149944
GSE159585,gene,BayesPrism,0.456435151159141
GSE159585,gene,BayesPrism,0.630280807645854
GSE159585,gene,BayesPrism,0.343538654260841
GSE159585,gene,BayesPrism,0.769223485466351
GSE159585,gene,BayesPrism,0.935653996321321
GSE159585,gene,BayesPrism,-0.0546477298887417
GSE159585,gene,BayesPrism,0.0492327682919621
GSE159585,gene,BayesPrism,-0.0352298052650176
GSE159585,gene,BayesPrism,0.577236009044301
GSE159585,gene,BayesPrism,0.449998778455315
GSE159585,gene,BayesPrism,0.354823686832414
GSE159585,gene,BayesPrism,0.292757640300888
GSE159585,gene,BayesPrism,0.357314418654545
GSE159585,gene,BayesPrism,-0.110202913247612
GSE159585,gene,BayesPrism,0.633041659787064
GSE159585,gene,BayesPrism,0.801916075874711
GSE159585,gene,BayesPrism,0.46320388983336
GSE159585,gene,BayesPrism,0.806489110044656
GSE159585,gene,BayesPrism,0.492039809287723
GSE159585,gene,BayesPrism,0.226252096668956
GSE159585,gene,BayesPrism,0.071579271947325
GSE159585,gene,BayesPrism,0.184034786129524
GSE159585,gene,BayesPrism,0.644070940944345
GSE159585,gene,BayesPrism,0.439133113963127
GSE159585,gene,BayesPrism,0.579916124839091
GSE159585,gene,BayesPrism,0.746507037862112
GSE159585,gene,BayesPrism,0.538010347896881
GSE159585,gene,BayesPrism,0.306127315680781
GSE159585,gene,BayesPrism,0.273418672086545
GSE159585,gene,BayesPrism,0.125188753757853
GSE159585,gene,BayesPrism,0.142449106393934
GSE159585,gene,BayesPrism,0.365551757874613
GSE159585,gene,BayesPrism,0.122104367483438
GSE159585,gene,BayesPrism,-0.0482870814843223
GSE159585,gene,BayesPrism,0.327128918939114
GSE159585,gene,BayesPrism,0.628045814816838
GSE159585,gene,BayesPrism,-0.014944536536593
GSE159585,gene,BayesPrism,0.356724796361815
GSE159585,gene,BayesPrism,0.214823875717536
GSE159585,gene,BayesPrism,0.589972600421931
GSE159585,gene,BayesPrism,0.812062903223143
GSE159585,gene,BayesPrism,0.374317612527713
GSE159585,gene,BayesPrism,0.52891468105654
GSE159585,gene,BayesPrism,0.372238368358032
GSE159585,gene,BayesPrism,0.580277746420784
GSE159585,gene,BayesPrism,0.531622885513092
GSE159585,gene,BayesPrism,0.0998463607652937
GSE159585,gene,BayesPrism,0.2304932813465
GSE159585,gene,BayesPrism,0.230415917698335
GSE159585,gene,BayesPrism,0.275495803920105
GSE159585,gene,BayesPrism,0.417787389828368
GSE159585,gene,BayesPrism,0.293250362065529
GSE159585,gene,BayesPrism,0.227303639641239
GSE159585,gene,BayesPrism,0.226439690776646
GSE159585,gene,BayesPrism,0.726546905129409
GSE159585,gene,BayesPrism,0.700853362779981
GSE159585,gene,BayesPrism,0.310938291253504
GSE159585,gene,BayesPrism,0.705351705802034
GSE159585,gene,BayesPrism,0.41253207904941
GSE159585,gene,BayesPrism,0.655518295266887
GSE159585,gene,BayesPrism,0.158500549031062
GSE159585,gene,BayesPrism,0.375181734503049
GSE159585,gene,BayesPrism,0.0581979754831875
GSE159585,gene,BayesPrism,0.576867076124727
GSE159585,gene,BayesPrism,0.280885012328956
GSE159585,gene,BayesPrism,0.616682549484048
GSE159585,gene,BayesPrism,0.563464715024092
GSE159585,gene,BayesPrism,0.316860132972694
GSE159585,gene,BayesPrism,0.804187537398563
GSE159585,gene,BayesPrism,0.518587332305081
GSE159585,gene,BayesPrism,0.759037388727219
GSE159585,gene,BayesPrism,0.246944682708236
GSE159585,gene,BayesPrism,0.224023719992149
GSE159585,gene,BayesPrism,0.302946776463062
GSE159585,gene,BayesPrism,0.377871121966923
GSE159585,gene,BayesPrism,0.286849534923103
GSE159585,gene,BayesPrism,0.32835465816436
GSE159585,gene,BayesPrism,0.0509118878448453
GSE159585,gene,BayesPrism,0.381904000564369
GSE159585,gene,BayesPrism,0.601133847950092
GSE159585,gene,BayesPrism,0.34113479167844
GSE159585,gene,BayesPrism,0.724575120310931
GSE159585,gene,BayesPrism,0.423934493142834
GSE159585,gene,BayesPrism,0.230207652393979
GSE159585,gene,BayesPrism,0.728149660623981
GSE159585,gene,BayesPrism,0.132734595340472
GSE159585,gene,BayesPrism,0.864916157529408
GSE159585,gene,BayesPrism,0.322137848114557
GSE159585,gene,BayesPrism,0.133210698073394
GSE159585,gene,BayesPrism,0.0985720322234668
GSE159585,gene,BayesPrism,0.395224549638618
GSE159585,gene,BayesPrism,-0.0785885378495695
GSE159585,gene,BayesPrism,0.452160431401106
GSE159585,gene,BayesPrism,0.3404066265803
GSE159585,gene,BayesPrism,0.218526290141311
GSE159585,gene,BayesPrism,0.326605041799662
GSE159585,gene,BayesPrism,0.683660551563665
GSE159585,gene,BayesPrism,0.240104632302575
GSE159585,gene,BayesPrism,0.492814929869684
GSE159585,gene,BayesPrism,-0.0274117909570344
GSE159585,gene,BayesPrism,0.22679035345158
GSE159585,gene,BayesPrism,0.675334015834005
GSE159585,gene,BayesPrism,0.298248131882426
GSE159585,gene,BayesPrism,0.709216417146043
GSE159585,gene,BayesPrism,0.841389400494901
GSE159585,gene,BayesPrism,0.181845791472569
GSE159585,gene,BayesPrism,0.701389748021863
GSE159585,gene,BayesPrism,0.614844528456804
GSE159585,gene,BayesPrism,0.378792552575758
GSE159585,gene,BayesPrism,0.815099160849619
GSE159585,gene,BayesPrism,0.273049355184998
GSE159585,gene,BayesPrism,0.310080751016618
GSE159585,gene,BayesPrism,0.912952047340349
GSE159585,gene,BayesPrism,0.344106489559052
GSE159585,gene,BayesPrism,0.383916658822117
GSE159585,gene,BayesPrism,0.718922628660855
GSE159585,gene,BayesPrism,0.652633392748516
GSE159585,gene,BayesPrism,0.41742662141955
GSE159585,gene,BayesPrism,0.179452481393659
GSE159585,gene,BayesPrism,0.422255500813825
GSE159585,gene,BayesPrism,0.646009348390856
GSE159585,gene,BayesPrism,0.795700262940323
GSE159585,gene,BayesPrism,0.330799016902184
GSE159585,gene,BayesPrism,0.638379577317054
GSE159585,gene,BayesPrism,0.712518278971019
GSE159585,gene,BayesPrism,0.324755480068593
GSE159585,gene,BayesPrism,0.225538840703577
GSE159585,gene,BayesPrism,0.0340639803457892
GSE159585,gene,BayesPrism,-0.0363285211861565
GSE159585,gene,BayesPrism,0.468206164415739
GSE159585,gene,BayesPrism,0.515173838691162
GSE159585,gene,BayesPrism,0.401633441543131
GSE159585,gene,BayesPrism,0.355990391948639
GSE159585,gene,BayesPrism,0.476597694238175
GSE159585,gene,BayesPrism,0.516085808279348
GSE159585,gene,BayesPrism,0.642937147839853
GSE159585,gene,BayesPrism,0.248938679557432
GSE159585,gene,BayesPrism,0.338713760519377
GSE159585,gene,BayesPrism,0.516377537867132
GSE159585,gene,BayesPrism,0.877714494017739
GSE159585,gene,BayesPrism,0.820465044810168
GSE159585,gene,BayesPrism,0.695952588657319
GSE159585,gene,BayesPrism,0.738129077759132
GSE159585,gene,BayesPrism,0.750959669333542
GSE159585,gene,BayesPrism,0.335496961686402
GSE159585,gene,BayesPrism,0.549724461222252
GSE159585,gene,BayesPrism,0.411079883764069
GSE159585,gene,BayesPrism,0.127056440603515
GSE159585,gene,BayesPrism,0.426081108616581
GSE159585,gene,BayesPrism,-0.00492563194714039
GSE159585,gene,BayesPrism,0.296734096677939
GSE159585,gene,BayesPrism,0.661713351280462
GSE159585,gene,BayesPrism,0.562755558664187
GSE159585,gene,BayesPrism,0.649173535587726
GSE159585,gene,BayesPrism,0.737997241356235
GSE159585,gene,BayesPrism,0.609287754899215
GSE159585,gene,BayesPrism,0.541347942617055
GSE159585,gene,BayesPrism,0.579574741229855
GSE159585,gene,BayesPrism,0.77652123019555
GSE159585,gene,BayesPrism,0.228526602181336
GSE159585,gene,BayesPrism,0.0821349094219372
GSE159585,gene,BayesPrism,0.576717353753422
GSE159585,gene,BayesPrism,0.573247653993613
GSE159585,gene,BayesPrism,0.5961433195662
GSE159585,gene,BayesPrism,0.258837105653708
GSE159585,gene,BayesPrism,0.320925107990251
GSE159585,gene,BayesPrism,0.549594340739634
GSE159585,gene,BayesPrism,0.403303441091199
GSE159585,gene,BayesPrism,0.332028515517366
GSE159585,gene,BayesPrism,0.0847928212169583
GSE159585,gene,BayesPrism,0.234713687070862
GSE159585,gene,BayesPrism,0.500468242551284
GSE159585,gene,BayesPrism,0.529488005846899
GSE159585,gene,BayesPrism,0.630081300204483
GSE159585,gene,BayesPrism,0.425589275564315
GSE159585,gene,BayesPrism,0.70175487568984
GSE159585,gene,BayesPrism,0.121823186485411
GSE159585,gene,BayesPrism,0.20981018042314
GSE159585,gene,BayesPrism,0.78020761052772
GSE159585,gene,BayesPrism,0.636159917137024
GSE159585,gene,BayesPrism,0.315798515079492
GSE159585,gene,BayesPrism,0.449894782423919
GSE159585,gene,BayesPrism,0.454622608771935
GSE159585,gene,BayesPrism,0.854920923067974
GSE159585,gene,BayesPrism,0.298068181944378
GSE159585,gene,BayesPrism,0.704727019824462
GSE159585,gene,BayesPrism,0.433888703393636
GSE159585,gene,BayesPrism,0.24338600323671
GSE159585,gene,BayesPrism,0.49267215700457
GSE159585,gene,BayesPrism,0.379248234861281
GSE159585,gene,BayesPrism,0.624436975984926
GSE159585,gene,BayesPrism,0.416172602052214
GSE159585,gene,BayesPrism,0.416343324465733
GSE159585,gene,BayesPrism,0.207966658771234
GSE159585,gene,BayesPrism,0.742497205090805
GSE159585,gene,BayesPrism,0.725270738344003
GSE159585,gene,BayesPrism,0.431753553322212
GSE159585,gene,BayesPrism,0.644027839865046
GSE159585,gene,BayesPrism,0.597382206470986
GSE159585,gene,BayesPrism,0.474508528651863
GSE159585,gene,BayesPrism,0.334114012988411
GSE159585,gene,BayesPrism,0.481677063590876
GSE159585,gene,BayesPrism,0.200597713203839
GSE159585,gene,BayesPrism,0.429786698330493
GSE159585,gene,BayesPrism,0.863711472335287
GSE159585,gene,BayesPrism,0.419817981073537
GSE159585,gene,BayesPrism,0.302533198031203
GSE159585,gene,BayesPrism,0.518084946093342
GSE159585,gene,BayesPrism,0.675577779338832
GSE159585,gene,BayesPrism,0.882416403807906
GSE159585,gene,BayesPrism,0.695914065332402
GSE159585,gene,BayesPrism,0.578363394317995
GSE159585,gene,BayesPrism,0.199301367669651
GSE159585,gene,BayesPrism,0.818297677015641
GSE159585,gene,BayesPrism,0.125649456620248
GSE159585,gene,BayesPrism,0.614665390894976
GSE159585,gene,BayesPrism,0.564108800085012
GSE159585,gene,BayesPrism,0.70438438437458
GSE159585,gene,BayesPrism,0.225716009626125
GSE159585,gene,BayesPrism,0.049076898786775
GSE159585,gene,BayesPrism,0.419389740657999
GSE159585,gene,BayesPrism,0.179937866116737
GSE159585,gene,BayesPrism,0.555634033448036
GSE159585,gene,BayesPrism,0.577122994568906
GSE159585,gene,BayesPrism,0.35195841785603
GSE159585,gene,BayesPrism,0.665289453194341
GSE159585,gene,BayesPrism,0.544387050733034
GSE159585,gene,BayesPrism,0.380937053248037
GSE159585,gene,BayesPrism,0.720841784866118
GSE159585,gene,BayesPrism,0.459039651670707
GSE159585,gene,BayesPrism,0.754821535246534
GSE159585,gene,BayesPrism,0.566486422985405
GSE159585,gene,BayesPrism,-0.0216932532058219
GSE159585,gene,BayesPrism,0.287602981530839
GSE159585,gene,BayesPrism,0.215729715142791
GSE159585,gene,BayesPrism,0.113909399296307
GSE159585,gene,BayesPrism,0.583672513872253
GSE159585,gene,BayesPrism,0.696326961612028
GSE159585,gene,BayesPrism,0.48533962121761
GSE159585,gene,BayesPrism,0.695286341889017
GSE159585,gene,BayesPrism,0.797124711904757
GSE159585,gene,BayesPrism,0.232066597327142
GSE159585,gene,BayesPrism,0.403316251341663
GSE159585,gene,BayesPrism,0.825727918783536
GSE159585,gene,BayesPrism,0.363906728817061
GSE159585,gene,BayesPrism,0.778319472662312
GSE159585,gene,BayesPrism,0.100136315950457
GSE159585,gene,BayesPrism,0.726995408535562
GSE159585,gene,BayesPrism,0.476245289161037
GSE159585,gene,BayesPrism,0.219432006383252
GSE159585,gene,BayesPrism,0.468389434538074
GSE159585,gene,BayesPrism,0.617858673759666
GSE159585,gene,BayesPrism,0.427173181203245
GSE159585,gene,BayesPrism,0.141264570285059
GSE159585,gene,BayesPrism,0.781614622189112
GSE159585,gene,BayesPrism,0.471330719763865
GSE159585,gene,BayesPrism,0.675390289413083
GSE159585,gene,BayesPrism,0.333677702165272
GSE159585,gene,BayesPrism,-0.0572451262201574
GSE159585,gene,BayesPrism,-0.0232786036859162
GSE159585,gene,BayesPrism,0.0165338399111554
GSE159585,gene,BayesPrism,0.605720193814088
GSE159585,gene,BayesPrism,0.608563136190643
GSE159585,gene,BayesPrism,0.482749177667728
GSE159585,gene,BayesPrism,0.359495798891882
GSE159585,gene,BayesPrism,0.359025133673467
GSE159585,gene,BayesPrism,-0.081226367858505
GSE159585,gene,BayesPrism,0.531748009216047
GSE159585,gene,BayesPrism,0.628591847353575
GSE159585,gene,BayesPrism,0.281873936180548
GSE159585,gene,BayesPrism,0.91878202307293
GSE159585,gene,BayesPrism,0.573132395372392
GSE159585,gene,BayesPrism,0.71815826263713
GSE159585,gene,BayesPrism,0.728769168413957
GSE159585,gene,BayesPrism,0.707866012800984
GSE159585,gene,BayesPrism,0.820838869741746
GSE159585,gene,BayesPrism,0.272050909803709
GSE159585,gene,BayesPrism,0.266828544753288
GSE159585,gene,BayesPrism,0.307951953502828
GSE159585,gene,BayesPrism,0.322205659761085
GSE159585,gene,BayesPrism,-0.110413787614998
GSE159585,gene,BayesPrism,0.683251732544929
GSE159585,gene,BayesPrism,0.553551507801038
GSE159585,gene,BayesPrism,0.0969065002433554
GSE159585,gene,BayesPrism,0.501929286962489
GSE159585,gene,BayesPrism,0.310071866859593
GSE159585,gene,BayesPrism,-0.0331691173425473
GSE159585,gene,BayesPrism,-0.120378793195285
GSE159585,gene,BayesPrism,0.0705849552173034
GSE159585,gene,BayesPrism,0.571211736076914
GSE159585,gene,BayesPrism,0.139965401459652
GSE159585,gene,BayesPrism,0.537354030581475
GSE159585,gene,BayesPrism,0.42650430786078
GSE159585,gene,BayesPrism,0.518850520982737
GSE159585,gene,BayesPrism,0.23917024925393
GSE159585,gene,BayesPrism,0.85457491687441
GSE159585,gene,BayesPrism,0.554754238775047
GSE159585,gene,BayesPrism,0.365328530923007
GSE159585,gene,BayesPrism,0.383056652887673
GSE159585,gene,BayesPrism,0.227078952115677
GSE159585,gene,BayesPrism,0.655702206045122
GSE159585,gene,BayesPrism,0.250234736778457
GSE159585,gene,BayesPrism,0.491768858330846
GSE159585,gene,BayesPrism,0.765362002591288
GSE159585,gene,BayesPrism,0.731092976404933
GSE159585,gene,BayesPrism,0.415930744082459
GSE159585,gene,BayesPrism,0.1943624631394
GSE159585,gene,BayesPrism,0.225695712675681
GSE159585,gene,BayesPrism,0.278575186542338
GSE159585,gene,BayesPrism,0.0323914418273832
GSE159585,gene,BayesPrism,-0.059764006627627
GSE159585,gene,BayesPrism,0.256648647944095
GSE159585,gene,BayesPrism,0.104161651892216
GSE159585,gene,BayesPrism,0.798193615827871
GSE159585,gene,BayesPrism,0.451616824466069
GSE159585,gene,BayesPrism,0.564915792737093
GSE159585,gene,BayesPrism,0.773822391705425
GSE159585,gene,BayesPrism,0.182539656662864
GSE159585,gene,BayesPrism,0.505673119489366
GSE159585,gene,BayesPrism,0.515494720634352
GSE159585,gene,BayesPrism,0.263141306008638
GSE159585,gene,BayesPrism,0.544769516570356
GSE159585,gene,BayesPrism,0.634783509572845
GSE159585,gene,BayesPrism,0.634111568411163
GSE159585,gene,BayesPrism,0.478133670508121
GSE159585,gene,BayesPrism,0.645399123904871
GSE159585,gene,BayesPrism,0.567041999770365
GSE159585,gene,BayesPrism,0.207426687798613
GSE159585,gene,BayesPrism,0.492530701558165
GSE159585,gene,BayesPrism,-0.0430155487110143
GSE159585,gene,BayesPrism,0.32226639929599
GSE159585,gene,BayesPrism,0.378273784779518
GSE159585,gene,BayesPrism,0.200394171386287
GSE159585,gene,BayesPrism,0.126897235347912
GSE159585,gene,BayesPrism,0.713103359695708
GSE159585,gene,BayesPrism,0.206163397074593
GSE159585,gene,BayesPrism,0.890607519668105
GSE159585,gene,BayesPrism,0.709815898125868
GSE159585,gene,BayesPrism,0.396873051065421
GSE159585,gene,BayesPrism,0.0744756298187108
GSE159585,gene,BayesPrism,0.293479230043184
GSE159585,gene,BayesPrism,0.319497961755101
GSE159585,gene,BayesPrism,0.199851408401594
GSE159585,gene,BayesPrism,0.407114066660681
GSE159585,gene,BayesPrism,0.364357208034018
GSE159585,gene,BayesPrism,0.304926145546222
GSE159585,gene,BayesPrism,0.6451597766591
GSE159585,gene,BayesPrism,0.424712219744734
GSE159585,gene,BayesPrism,0.254944147020292
GSE159585,gene,BayesPrism,0.602533972858676
GSE159585,gene,BayesPrism,0.450294048660255
GSE159585,gene,BayesPrism,0.427412491378556
GSE159585,gene,BayesPrism,0.474234090298732
GSE159585,gene,BayesPrism,0.56196593958829
GSE159585,gene,BayesPrism,-0.000810212472699094
GSE159585,gene,BayesPrism,0.177168291128213
GSE159585,gene,CIBERSORTx,0.530751275778247
GSE159585,gene,CIBERSORTx,0.370636915085828
GSE159585,gene,CIBERSORTx,0.640297645376658
GSE159585,gene,CIBERSORTx,-0.456225665949089
GSE159585,gene,CIBERSORTx,-0.1803716027841
GSE159585,gene,CIBERSORTx,0.455667032399431
GSE159585,gene,CIBERSORTx,-0.275003968998564
GSE159585,gene,CIBERSORTx,0.0990399327391164
GSE159585,gene,CIBERSORTx,0.347060072661703
GSE159585,gene,CIBERSORTx,0.0110314869397681
GSE159585,gene,CIBERSORTx,-0.169747086444157
GSE159585,gene,CIBERSORTx,0.41654194233159
GSE159585,gene,CIBERSORTx,-0.154012662137578
GSE159585,gene,CIBERSORTx,-0.0355038928098776
GSE159585,gene,CIBERSORTx,0.067804016272512
GSE159585,gene,CIBERSORTx,-0.290564737780733
GSE159585,gene,CIBERSORTx,0.251986698337084
GSE159585,gene,CIBERSORTx,0.376758280145363
GSE159585,gene,CIBERSORTx,0.129295870535612
GSE159585,gene,CIBERSORTx,0.830761294493544
GSE159585,gene,CIBERSORTx,-0.244819481602132
GSE159585,gene,CIBERSORTx,0.217222486125265
GSE159585,gene,CIBERSORTx,0.389501337147216
GSE159585,gene,CIBERSORTx,-0.107536796293674
GSE159585,gene,CIBERSORTx,-0.339217729925705
GSE159585,gene,CIBERSORTx,0.56715324107657
GSE159585,gene,CIBERSORTx,0.13836454961771
GSE159585,gene,CIBERSORTx,0.044550747403469
GSE159585,gene,CIBERSORTx,0.564357573982428
GSE159585,gene,CIBERSORTx,-0.0490801856506029
GSE159585,gene,CIBERSORTx,-0.625117007966105
GSE159585,gene,CIBERSORTx,0.744589900586336
GSE159585,gene,CIBERSORTx,0.347982714776148
GSE159585,gene,CIBERSORTx,0.312432589410991
GSE159585,gene,CIBERSORTx,0.51470116798802
GSE159585,gene,CIBERSORTx,0.45050949475182
GSE159585,gene,CIBERSORTx,0.366727976396332
GSE159585,gene,CIBERSORTx,0.0120703606561483
GSE159585,gene,CIBERSORTx,0.162465205794792
GSE159585,gene,CIBERSORTx,-0.0283683414658912
GSE159585,gene,CIBERSORTx,-0.264063431341847
GSE159585,gene,CIBERSORTx,0.354309942775631
GSE159585,gene,CIBERSORTx,0.0752552728536242
GSE159585,gene,CIBERSORTx,0.268006867957041
GSE159585,gene,CIBERSORTx,0.317434240336585
GSE159585,gene,CIBERSORTx,-0.0744551868657181
GSE159585,gene,CIBERSORTx,0.523999555708059
GSE159585,gene,CIBERSORTx,0.334735140906433
GSE159585,gene,CIBERSORTx,0.16494240216289
GSE159585,gene,CIBERSORTx,0.325833288960228
GSE159585,gene,CIBERSORTx,0.413973253468367
GSE159585,gene,CIBERSORTx,-0.30966507928199
GSE159585,gene,CIBERSORTx,0.550813043757142
GSE159585,gene,CIBERSORTx,0.160282764230246
GSE159585,gene,CIBERSORTx,0.546689201696225
GSE159585,gene,CIBERSORTx,0.255627661953643
GSE159585,gene,CIBERSORTx,0.534264782233934
GSE159585,gene,CIBERSORTx,0.22824054873497
GSE159585,gene,CIBERSORTx,0.110501068645961
GSE159585,gene,CIBERSORTx,0.134870066667583
GSE159585,gene,CIBERSORTx,-0.209438690894198
GSE159585,gene,CIBERSORTx,-0.534375444887379
GSE159585,gene,CIBERSORTx,0.662477029067217
GSE159585,gene,CIBERSORTx,0.0667736993747762
GSE159585,gene,CIBERSORTx,-0.183579957741178
GSE159585,gene,CIBERSORTx,0.62234870424868
GSE159585,gene,CIBERSORTx,0.789990014593939
GSE159585,gene,CIBERSORTx,0.461737305441656
GSE159585,gene,CIBERSORTx,-0.296231831728475
GSE159585,gene,CIBERSORTx,0.292850386082377
GSE159585,gene,DISSECT,0.677019731827838
GSE159585,gene,DISSECT,0.61808587863176
GSE159585,gene,DISSECT,0.830751211792084
GSE159585,gene,DISSECT,0.691225036907816
GSE159585,gene,DISSECT,0.789026324934132
GSE159585,gene,DISSECT,0.618195001651498
GSE159585,gene,DISSECT,0.69464383535412
GSE159585,gene,DISSECT,0.650545300927159
GSE159585,gene,DISSECT,0.644395003768907
GSE159585,gene,DISSECT,0.797941511423547
GSE159585,gene,DISSECT,0.822495707021648
GSE159585,gene,DISSECT,0.520082635197152
GSE159585,gene,DISSECT,0.479825855500997
GSE159585,gene,DISSECT,0.784166259004271
GSE159585,gene,DISSECT,0.877746988039451
GSE159585,gene,DISSECT,0.359016458369453
GSE159585,gene,DISSECT,0.57160410574461
GSE159585,gene,DISSECT,0.757067886116283
GSE159585,gene,DISSECT,0.802759390541448
GSE159585,gene,DISSECT,0.824741185259664
GSE159585,gene,DISSECT,0.733505579548751
GSE159585,gene,DISSECT,0.758185316048642
GSE159585,gene,DISSECT,0.877574111169046
GSE159585,gene,DISSECT,0.909920381327716
GSE159585,gene,DISSECT,0.78879036852651
GSE159585,gene,DISSECT,0.843798127463703
GSE159585,gene,DISSECT,0.717317225735945
GSE159585,gene,DISSECT,0.966190209158942
GSE159585,gene,DISSECT,0.676349962811734
GSE159585,gene,DISSECT,0.635385032029966
GSE159585,gene,DISSECT,0.926142070903315
GSE159585,gene,DISSECT,0.762253834300385
GSE159585,gene,DISSECT,0.836164205709272
GSE159585,gene,DISSECT,0.76235406818117
GSE159585,gene,DISSECT,0.365097094610679
GSE159585,gene,DISSECT,0.770067594723645
GSE159585,gene,DISSECT,0.833035278491784
GSE159585,gene,DISSECT,0.573711750530813
GSE159585,gene,DISSECT,0.73093159501861
GSE159585,gene,DISSECT,0.67424540804885
GSE159585,gene,DISSECT,0.71776561862464
GSE159585,gene,DISSECT,0.836128420459257
GSE159585,gene,DISSECT,0.767284483792623
GSE159585,gene,DISSECT,0.793714467748137
GSE159585,gene,DISSECT,0.785839639999168
GSE159585,gene,DISSECT,0.667428353690988
GSE159585,gene,DISSECT,0.404995761643521
GSE159585,gene,DISSECT,0.640800912418611
GSE159585,gene,DISSECT,0.821013975648156
GSE159585,gene,DISSECT,0.732719047834088
GSE159585,gene,DISSECT,0.50846882392158
GSE159585,gene,DISSECT,0.768243199806591
GSE159585,gene,DISSECT,0.766011720212789
GSE159585,gene,DISSECT,0.681400963196478
GSE159585,gene,DISSECT,0.878186266819233
GSE159585,gene,DISSECT,0.72217388011859
GSE159585,gene,DISSECT,0.513354169607074
GSE159585,gene,DISSECT,0.849342772419783
GSE159585,gene,DISSECT,0.701686422827627
GSE159585,gene,DISSECT,0.743219907777908
GSE159585,gene,DISSECT,0.714549534093723
GSE159585,gene,DISSECT,0.848242641490029
GSE159585,gene,DISSECT,0.560642698291098
GSE159585,gene,DISSECT,0.683167295769193
GSE159585,gene,DISSECT,0.815807560920669
GSE159585,gene,DISSECT,0.64908508089344
GSE159585,gene,DISSECT,0.676125123698546
GSE159585,gene,DISSECT,0.609671176336191
GSE159585,gene,DISSECT,0.868795088681509
GSE159585,gene,DISSECT,0.853425611376962
GSE159585,gene,DISSECT,0.765684760264481
GSE159585,gene,DISSECT,0.823561241153858
GSE159585,gene,DISSECT,0.658285852344577
GSE159585,gene,DISSECT,0.513855583447078
GSE159585,gene,DISSECT,0.840602136707787
GSE159585,gene,DISSECT,0.808391776053206
GSE159585,gene,DISSECT,0.665232956824176
GSE159585,gene,DISSECT,0.827214443720071
GSE159585,gene,DISSECT,0.643362536873867
GSE159585,gene,DISSECT,0.879718810785851
GSE159585,gene,DISSECT,0.939950857535428
GSE159585,gene,DISSECT,0.473165404830611
GSE159585,gene,DISSECT,0.614309110910715
GSE159585,gene,DISSECT,0.890094408869557
GSE159585,gene,DISSECT,0.52277720705424
GSE159585,gene,DISSECT,0.886488980408386
GSE159585,gene,DISSECT,0.803531768221872
GSE159585,gene,DISSECT,0.515615188639073
GSE159585,gene,DISSECT,0.610997209513594
GSE159585,gene,DISSECT,0.633843051568187
GSE159585,gene,DISSECT,0.866910282143887
GSE159585,gene,DISSECT,0.785679979666304
GSE159585,gene,DISSECT,0.534217093732181
GSE159585,gene,DISSECT,0.792990452064137
GSE159585,gene,DISSECT,0.788059999458092
GSE159585,gene,DISSECT,0.63827402327428
GSE159585,gene,DISSECT,0.837531231317356
GSE159585,gene,DISSECT,0.860995814957871
GSE159585,gene,DISSECT,0.810391664936979
GSE159585,gene,DISSECT,0.705304699160041
GSE159585,gene,DISSECT,0.463761181358364
GSE159585,gene,DISSECT,0.348202862600519
GSE159585,gene,DISSECT,0.795648400665991
GSE159585,gene,DISSECT,0.732733128409636
GSE159585,gene,DISSECT,0.806931707526907
GSE159585,gene,DISSECT,0.604643741245473
GSE159585,gene,DISSECT,0.800606225253763
GSE159585,gene,DISSECT,0.743419470173258
GSE159585,gene,DISSECT,0.817877732102578
GSE159585,gene,DISSECT,0.857556729204315
GSE159585,gene,DISSECT,0.758701606210081
GSE159585,gene,DISSECT,0.551184439530496
GSE159585,gene,DISSECT,0.381368415450688
GSE159585,gene,DISSECT,0.462022639760909
GSE159585,gene,DISSECT,0.480238209187955
GSE159585,gene,DISSECT,0.528594327073805
GSE159585,gene,DISSECT,0.914566613731506
GSE159585,gene,DISSECT,0.954478359404503
GSE159585,gene,DISSECT,0.795020191466371
GSE159585,gene,DISSECT,0.765405833908426
GSE159585,gene,DISSECT,0.927228712984365
GSE159585,gene,DISSECT,0.812233577742661
GSE159585,gene,DISSECT,0.84409886031359
GSE159585,gene,DISSECT,0.629237588240287
GSE159585,gene,DISSECT,0.711523194394585
GSE159585,gene,DISSECT,0.65870817684596
GSE159585,gene,DISSECT,0.762880353478133
GSE159585,gene,DISSECT,0.206749723068213
GSE159585,gene,DISSECT,0.597092926260733
GSE159585,gene,DISSECT,0.93470179548341
GSE159585,gene,DISSECT,0.841596959857347
GSE159585,gene,DISSECT,0.844883752906311
GSE159585,gene,DISSECT,0.436278752467678
GSE159585,gene,DISSECT,0.881743813295416
GSE159585,gene,DISSECT,0.523480289901308
GSE159585,gene,DISSECT,0.676394528712648
GSE159585,gene,DISSECT,0.696580300430916
GSE159585,gene,DISSECT,0.317998393752884
GSE159585,gene,DISSECT,0.788415601731613
GSE159585,gene,DISSECT,0.761015458624974
GSE159585,gene,DISSECT,0.722612536555352
GSE159585,gene,DISSECT,0.454730986831023
GSE159585,gene,DISSECT,0.482238023339084
GSE159585,gene,DISSECT,0.644160307199099
GSE159585,gene,DISSECT,0.527218345922235
GSE159585,gene,DISSECT,0.892471117625538
GSE159585,gene,DISSECT,0.754637649069267
GSE159585,gene,DISSECT,0.876695964751021
GSE159585,gene,DISSECT,0.84837843146908
GSE159585,gene,DISSECT,0.643551573713781
GSE159585,gene,DISSECT,0.804249204270651
GSE159585,gene,DISSECT,0.948022860701247
GSE159585,gene,DISSECT,0.804229809330095
GSE159585,gene,DISSECT,0.824588795581212
GSE159585,gene,DISSECT,0.645117678654624
GSE159585,gene,DISSECT,0.631806981449287
GSE159585,gene,DISSECT,0.636125048994977
GSE159585,gene,DISSECT,0.464521614681133
GSE159585,gene,DISSECT,0.563958020214814
GSE159585,gene,DISSECT,0.741125141769775
GSE159585,gene,DISSECT,0.312605195950584
GSE159585,gene,DISSECT,0.485849073445642
GSE159585,gene,DISSECT,0.837436480384089
GSE159585,gene,DISSECT,0.885935628526905
GSE159585,gene,DISSECT,0.85714195759442
GSE159585,gene,DISSECT,0.669222966694706
GSE159585,gene,DISSECT,0.797661508205905
GSE159585,gene,DISSECT,0.419560351784019
GSE159585,gene,DISSECT,0.549244545159254
GSE159585,gene,DISSECT,0.707568496686096
GSE159585,gene,DISSECT,0.648399217929383
GSE159585,gene,DISSECT,0.518308505557198
GSE159585,gene,DISSECT,0.798388891498409
GSE159585,gene,DISSECT,0.864298833162532
GSE159585,gene,DISSECT,0.833935264924893
GSE159585,gene,DISSECT,0.70107555563462
GSE159585,gene,DISSECT,0.579814871933179
GSE159585,gene,DISSECT,0.673190172137451
GSE159585,gene,DISSECT,0.670947192930904
GSE159585,gene,DISSECT,0.778662670200705
GSE159585,gene,DISSECT,0.526715653844195
GSE159585,gene,DISSECT,0.55996415931498
GSE159585,gene,DISSECT,0.669694869843292
GSE159585,gene,DISSECT,0.244243842346982
GSE159585,gene,DISSECT,0.443486324369767
GSE159585,gene,DISSECT,0.695123364979887
GSE159585,gene,DISSECT,0.29444245291401
GSE159585,gene,DISSECT,0.928145567897804
GSE159585,gene,DISSECT,0.541337839490061
GSE159585,gene,DISSECT,0.822590526257278
GSE159585,gene,DISSECT,0.83997000009728
GSE159585,gene,DISSECT,0.397244021380424
GSE159585,gene,DISSECT,0.72130244966607
GSE159585,gene,DISSECT,0.535909121432218
GSE159585,gene,DISSECT,0.70201817796663
GSE159585,gene,DISSECT,0.617724902002373
GSE159585,gene,DISSECT,0.682414105289749
GSE159585,gene,DISSECT,0.591046833109385
GSE159585,gene,DISSECT,0.744688403758888
GSE159585,gene,DISSECT,0.38714861140044
GSE159585,gene,DISSECT,0.820664569166895
GSE159585,gene,DISSECT,0.468205005732533
GSE159585,gene,DISSECT,0.727309078109851
GSE159585,gene,DISSECT,0.564958587175661
GSE159585,gene,DISSECT,0.8495430763375
GSE159585,gene,DISSECT,0.649536201727501
GSE159585,gene,DISSECT,0.465681619516467
GSE159585,gene,DISSECT,0.558672305346813
GSE159585,gene,DISSECT,0.798558461323407
GSE159585,gene,DISSECT,0.772674775914119
GSE159585,gene,DISSECT,0.479941739783608
GSE159585,gene,DISSECT,0.787639091745209
GSE159585,gene,DISSECT,0.916587258959757
GSE159585,gene,DISSECT,0.802645446800833
GSE159585,gene,DISSECT,0.685752369625396
GSE159585,gene,DISSECT,0.850816090287716
GSE159585,gene,DISSECT,0.686902661092595
GSE159585,gene,DISSECT,0.752858713258018
GSE159585,gene,DISSECT,0.699249082523631
GSE159585,gene,DISSECT,0.900788715606887
GSE159585,gene,DISSECT,0.406249089891024
GSE159585,gene,DISSECT,0.648349698629824
GSE159585,gene,DISSECT,0.749978177974662
GSE159585,gene,DISSECT,0.77123977379982
GSE159585,gene,DISSECT,0.645670558538244
GSE159585,gene,DISSECT,0.722471808463458
GSE159585,gene,DISSECT,0.779249349266473
GSE159585,gene,DISSECT,0.633486779122111
GSE159585,gene,DISSECT,0.859393181452198
GSE159585,gene,DISSECT,0.909795912527063
GSE159585,gene,DISSECT,0.754298737908979
GSE159585,gene,DISSECT,0.739199701460281
GSE159585,gene,DISSECT,0.539087561687841
GSE159585,gene,DISSECT,0.381278005959393
GSE159585,gene,DISSECT,0.754367612013397
GSE159585,gene,DISSECT,0.693600585988307
GSE159585,gene,DISSECT,0.425538849984859
GSE159585,gene,DISSECT,0.851873122260231
GSE159585,gene,DISSECT,0.839095126293045
GSE159585,gene,DISSECT,0.8566331894815
GSE159585,gene,DISSECT,0.860043526399208
GSE159585,gene,DISSECT,0.798129895423597
GSE159585,gene,DISSECT,0.76423684712477
GSE159585,gene,DISSECT,0.859241477270135
GSE159585,gene,DISSECT,0.542593937177108
GSE159585,gene,DISSECT,0.812780578805582
GSE159585,gene,DISSECT,0.857559619332549
GSE159585,gene,DISSECT,0.775567657653014
GSE159585,gene,DISSECT,0.766650592778701
GSE159585,gene,DISSECT,0.769480529493013
GSE159585,gene,DISSECT,0.614478745877625
GSE159585,gene,DISSECT,0.814470441091112
GSE159585,gene,DISSECT,0.400033591651863
GSE159585,gene,DISSECT,0.536640548609438
GSE159585,gene,DISSECT,0.956949605062729
GSE159585,gene,DISSECT,0.861081603849491
GSE159585,gene,DISSECT,0.538519806801605
GSE159585,gene,DISSECT,0.66308190747842
GSE159585,gene,DISSECT,0.639559707128249
GSE159585,gene,DISSECT,0.690272451080682
GSE159585,gene,DISSECT,0.752538243576732
GSE159585,gene,DISSECT,0.539199182112649
GSE159585,gene,DISSECT,0.630502701318792
GSE159585,gene,DISSECT,0.817383755753694
GSE159585,gene,DISSECT,0.876546404801213
GSE159585,gene,DISSECT,0.67655970476487
GSE159585,gene,DISSECT,0.379262149533146
GSE159585,gene,DISSECT,0.37120837167396
GSE159585,gene,DISSECT,0.459317215017352
GSE159585,gene,DISSECT,0.725208216332632
GSE159585,gene,DISSECT,0.729108640191622
GSE159585,gene,DISSECT,0.697695143280276
GSE159585,gene,DISSECT,0.510415664778487
GSE159585,gene,DISSECT,0.380705980600455
GSE159585,gene,DISSECT,0.813441170187177
GSE159585,gene,DISSECT,0.66729515577338
GSE159585,gene,DISSECT,0.721339813692551
GSE159585,gene,DISSECT,0.565996944531707
GSE159585,gene,DISSECT,0.864893377094577
GSE159585,gene,DISSECT,0.774589759733566
GSE159585,gene,DISSECT,0.873428990276546
GSE159585,gene,DISSECT,0.78263647112247
GSE159585,gene,DISSECT,0.641367002088448
GSE159585,gene,DISSECT,0.843716278042961
GSE159585,gene,DISSECT,0.67307171825784
GSE159585,gene,DISSECT,0.634412434653744
GSE159585,gene,DISSECT,0.659639782744953
GSE159585,gene,DISSECT,0.699532607965228
GSE159585,gene,DISSECT,0.791328963158906
GSE159585,gene,DISSECT,0.677859862684174
GSE159585,gene,DISSECT,0.830267048737311
GSE159585,gene,DISSECT,0.763045402153196
GSE159585,gene,DISSECT,0.417330698746587
GSE159585,gene,DISSECT,0.848902344244791
GSE159585,gene,DISSECT,0.776633847507347
GSE159585,gene,DISSECT,0.747301133792371
GSE159585,gene,DISSECT,0.921339650708691
GSE159585,gene,DISSECT,0.766444555523557
GSE159585,gene,DISSECT,0.616826456628254
GSE159585,gene,DISSECT,0.672698077824695
GSE159585,gene,DISSECT,0.825691993704038
GSE159585,gene,DISSECT,0.713041791132137
GSE159585,gene,DISSECT,0.679292361678615
GSE159585,gene,DISSECT,0.811039783676
GSE159585,gene,DISSECT,0.549548304704183
GSE159585,gene,DISSECT,0.775814109197092
GSE159585,gene,DISSECT,0.78568405840148
GSE159585,gene,DISSECT,0.679099323845029
GSE159585,gene,DISSECT,0.852198987978794
GSE159585,gene,DISSECT,0.929385859583849
GSE159585,gene,DISSECT,0.477544598478826
GSE159585,gene,DISSECT,0.834660175815596
GSE159585,gene,DISSECT,0.867406637748714
GSE159585,gene,DISSECT,0.625706186860751
GSE159585,gene,DISSECT,0.631564872119599
GSE159585,gene,DISSECT,0.865258830874307
GSE159585,gene,DISSECT,0.821113849973649
GSE159585,gene,DISSECT,0.843045551374279
GSE159585,gene,DISSECT,0.941116703985785
GSE159585,gene,DISSECT,0.829676221685335
GSE159585,gene,DISSECT,0.803869182772713
GSE159585,gene,DISSECT,0.90459906345044
GSE159585,gene,DISSECT,0.792532738002869
GSE159585,gene,DISSECT,0.942851699642219
GSE159585,gene,DISSECT,0.918636063353892
GSE159585,gene,DISSECT,0.66037198635943
GSE159585,gene,DISSECT,0.840481932976735
GSE159585,gene,DISSECT,0.524372737054071
GSE159585,gene,DISSECT,0.89784153039457
GSE159585,gene,DISSECT,0.470796024565243
GSE159585,gene,DISSECT,0.777606906631167
GSE159585,gene,DISSECT,0.420752845809741
GSE159585,gene,DISSECT,0.76232108390586
GSE159585,gene,DISSECT,0.798766262416915
GSE159585,gene,DISSECT,0.91125003638156
GSE159585,gene,DISSECT,0.576682282363414
GSE159585,gene,DISSECT,0.869579988521359
GSE159585,gene,DISSECT,0.680472192300852
GSE159585,gene,DISSECT,0.893673047169474
GSE159585,gene,DISSECT,0.679849228501157
GSE159585,gene,DISSECT,0.36239305472647
GSE159585,gene,DISSECT,0.673506045265401
GSE159585,gene,DISSECT,0.900164113665287
GSE159585,gene,DISSECT,0.909086621165078
GSE159585,gene,DISSECT,0.746388119538682
GSE159585,gene,DISSECT,0.813798235540965
GSE159585,gene,DISSECT,0.80431169404284
GSE159585,gene,DISSECT,0.85209402854294
GSE159585,gene,DISSECT,0.47477787662499
GSE159585,gene,DISSECT,0.247718422388125
GSE159585,gene,DISSECT,0.859574800296063
GSE159585,gene,DISSECT,0.840815521909174
GSE159585,gene,DISSECT,0.747537981859612
GSE159585,gene,DISSECT,0.835959823616979
GSE159585,gene,DISSECT,0.578203160664672
GSE159585,gene,DISSECT,0.743688153549715
GSE159585,gene,DISSECT,0.788750556241992
GSE159585,gene,DISSECT,0.797189055759713
GSE159585,gene,DISSECT,0.79330764933126
GSE159585,gene,DISSECT,0.722029952385196
GSE159585,gene,DISSECT,0.822621742558047
GSE159585,gene,DISSECT,0.515636619221251
GSE159585,gene,DISSECT,0.773071900489625
GSE159585,gene,DISSECT,0.534485552807626
GSE159585,gene,DISSECT,0.884689693515369
GSE159585,gene,DISSECT,0.7622665421359
GSE159585,gene,DISSECT,0.783693957057693
GSE159585,gene,DISSECT,0.354017678866113
GSE159585,gene,DISSECT,0.555544703141609
GSE159585,gene,DISSECT,0.903920391805625
GSE159585,gene,DISSECT,0.688540377598439
GSE159585,gene,DISSECT,0.230805886473765
GSE159585,gene,DISSECT,0.55592060106664
GSE159585,gene,DISSECT,0.669334275666184
GSE159585,gene,DISSECT,0.535143984436409
GSE159585,gene,DISSECT,0.717309029218133
GSE159585,gene,DISSECT,0.612392133473155
GSE159585,gene,DISSECT,0.843990891418913
GSE159585,gene,DISSECT,0.822574556696022
GSE159585,gene,DISSECT,0.821666036438882
GSE159585,gene,DISSECT,0.921364332934934
GSE159585,gene,DISSECT,0.768198362045692
GSE159585,gene,DISSECT,0.711938279864699
GSE159585,gene,DISSECT,0.75039434060115
GSE159585,gene,DISSECT,0.85335101865434
GSE159585,gene,DISSECT,0.438240319926444
GSE159585,gene,DISSECT,0.739944409731905
GSE159585,gene,DISSECT,0.677227421298367
GSE159585,gene,DISSECT,0.723987098232974
GSE159585,gene,DISSECT,0.651634534784603
GSE159585,gene,DISSECT,0.655063998596082
GSE159585,gene,DISSECT,0.560162820500694
GSE159585,gene,DISSECT,0.919150953666532
GSE159585,gene,DISSECT,0.583898779047405
GSE159585,gene,DISSECT,0.425262141603597
GSE159585,gene,DISSECT,0.454514823550849
GSE159585,gene,DISSECT,0.691171300528267
GSE159585,gene,DISSECT,0.850749137785214
GSE159585,gene,DISSECT,0.773311450252749
GSE159585,gene,DISSECT,0.680535262767615
GSE159585,gene,DISSECT,0.720568676674337
GSE159585,gene,DISSECT,0.54539856876723
GSE159585,gene,DISSECT,0.744171708326112
GSE159585,gene,DISSECT,0.656217931577962
GSE159585,gene,DISSECT,0.794386746388319
GSE159585,gene,DISSECT,0.871644167131951
GSE159585,gene,DISSECT,0.665401170073602
GSE159585,gene,DISSECT,0.49208495670223
GSE159585,gene,DISSECT,0.721687132874124
GSE159585,gene,DISSECT,0.645133064337791
GSE159585,gene,DISSECT,0.797463853567549
GSE159585,gene,DISSECT,0.897968705900208
GSE159585,gene,DISSECT,0.532657559981368
GSE159585,gene,DISSECT,0.671669303637702
GSE159585,gene,DISSECT,0.712553939312611
GSE159585,gene,DISSECT,0.82103777425266
GSE159585,gene,DISSECT,0.722842355345863
GSE159585,gene,DISSECT,0.607330536862063
GSE159585,gene,DISSECT,0.704051273447833
GSE159585,gene,DISSECT,0.851284909791817
GSE159585,gene,DISSECT,0.325410124811837
GSE159585,gene,DISSECT,0.924384939466638
GSE159585,gene,DISSECT,0.698274937503201
GSE159585,gene,DISSECT,0.815170995927754
GSE159585,gene,DISSECT,0.832585629800949
GSE159585,gene,DISSECT,0.449390588186956
GSE159585,gene,DISSECT,0.629482711505679
GSE159585,gene,DISSECT,0.914559770974952
GSE159585,gene,DISSECT,0.816160265734135
GSE159585,gene,DISSECT,0.882111033303435
GSE159585,gene,DISSECT,0.645182123591039
GSE159585,gene,DISSECT,0.707364086369057
GSE159585,gene,DISSECT,0.729047239542351
GSE159585,gene,DISSECT,0.876051175813422
GSE159585,gene,DISSECT,0.715809570266638
GSE159585,gene,DISSECT,0.473351097351106
GSE159585,gene,DISSECT,0.806844110446155
GSE159585,gene,DISSECT,0.626136972774347
GSE159585,gene,DISSECT,0.510544700693986
GSE159585,gene,DISSECT,0.786704086463319
GSE159585,gene,DISSECT,0.71710625883651
GSE159585,gene,DISSECT,0.612487997911421
GSE159585,gene,DISSECT,0.433359369314752
GSE159585,gene,DISSECT,0.802165925748255
GSE159585,gene,DISSECT,0.750821948344774
GSE159585,gene,DISSECT,0.826819547509177
GSE159585,gene,DISSECT,0.835417554477869
GSE159585,gene,DISSECT,0.550724926524826
GSE159585,gene,DISSECT,0.608815410671641
GSE159585,gene,DISSECT,0.667438374417608
GSE159585,gene,DISSECT,0.612174234395911
GSE159585,gene,DISSECT,0.644012566648505
GSE159585,gene,DISSECT,0.514279830913281
GSE159585,gene,DISSECT,0.544717822137039
GSE159585,gene,DISSECT,0.920728136654161
GSE159585,gene,DISSECT,0.757703388340212
GSE159585,gene,DISSECT,0.765573654628472
GSE159585,gene,DISSECT,0.426390736695326
GSE159585,gene,DISSECT,0.726665826812966
GSE159585,gene,DISSECT,0.631446697651234
GSE159585,gene,DISSECT,0.584410512463483
GSE159585,gene,DISSECT,0.488781382080369
GSE159585,gene,DISSECT,0.616343052232268
GSE159585,gene,DISSECT,0.626151984264204
GSE159585,gene,TAPE,-0.0417696648242625
GSE159585,gene,TAPE,-0.0236620223730535
GSE159585,gene,TAPE,-0.0209921435962851
GSE159585,gene,TAPE,0.152564250488542
GSE159585,gene,TAPE,-0.0395187708713506
GSE159585,gene,TAPE,0.0473880214505414
GSE159585,gene,TAPE,-0.0631956003162462
GSE159585,gene,TAPE,-0.306596259182662
GSE159585,gene,TAPE,-0.00238002895474977
GSE159585,gene,TAPE,0.0594168389927211
GSE159585,gene,TAPE,0.119637570519158
GSE159585,gene,TAPE,-0.183633017116876
GSE159585,gene,TAPE,-0.0739700040858964
GSE159585,gene,TAPE,0.185537553913582
GSE159585,gene,TAPE,0.0698709830079547
GSE159585,gene,TAPE,0.261601819431217
GSE159585,gene,TAPE,0.153190449569319
GSE159585,gene,TAPE,-0.0795539476523908
GSE159585,gene,TAPE,-0.100588007093868
GSE159585,gene,TAPE,0.0253307323847818
GSE159585,gene,TAPE,0.109200315789578
GSE159585,gene,TAPE,0.0364904071955907
GSE159585,gene,TAPE,-0.0544960463268337
GSE159585,gene,TAPE,-0.0829617217447559
GSE159585,gene,TAPE,-0.0655063136574447
GSE159585,gene,TAPE,0.259245845423417
GSE159585,gene,TAPE,0.137031050404643
GSE159585,gene,TAPE,-0.107335460148423
GSE159585,gene,TAPE,0.0937445516432713
GSE159585,gene,TAPE,-0.0322461672144453
GSE159585,gene,TAPE,0.0923217089773224
GSE159585,gene,TAPE,0.0214388094913603
GSE159585,gene,TAPE,0.0721510460935573
GSE159585,gene,TAPE,-0.0351683861221945
GSE159585,gene,TAPE,-0.04129380666025
GSE159585,gene,TAPE,-0.0355172435089351
GSE159585,gene,TAPE,0.0312322775756113
GSE159585,gene,TAPE,0.037295621627115
GSE159585,gene,TAPE,-0.0490455523291456
GSE159585,gene,TAPE,0.174824360938695
GSE159585,gene,TAPE,-0.019868980017097
GSE159585,gene,TAPE,-0.280198311832693
GSE159585,gene,TAPE,0.293364395538083
GSE159585,gene,TAPE,0.143056048090907
GSE159585,gene,TAPE,0.000664031958121157
GSE159585,gene,TAPE,0.143482833455577
GSE159585,gene,TAPE,0.00843218458206441
GSE159585,gene,TAPE,0.308405550200572
GSE159585,gene,TAPE,-0.124511299104541
GSE159585,gene,TAPE,0.0171705312168292
GSE159585,gene,TAPE,0.0437742753718285
GSE159585,gene,TAPE,-0.0379821394941007
GSE159585,gene,TAPE,0.165342189432497
GSE159585,gene,TAPE,0.0795043281067641
GSE159585,gene,TAPE,0.107089372111105
GSE159585,gene,TAPE,0.0327039898439794
GSE159585,gene,TAPE,-0.149979105054395
GSE159585,gene,TAPE,-0.174658145206915
GSE159585,gene,TAPE,0.0354867571017817
GSE159585,gene,TAPE,-0.0896883239235125
GSE159585,gene,TAPE,0.0013804614293511
GSE159585,gene,TAPE,-0.11341877424419
GSE159585,gene,TAPE,0.065289381345395
GSE159585,gene,TAPE,0.178155794116701
GSE159585,gene,TAPE,0.0516364408438492
GSE159585,gene,TAPE,0.0347936371889596
GSE159585,gene,TAPE,0.0352492881869819
GSE159585,gene,TAPE,0.0661392908367774
GSE159585,gene,TAPE,-0.0773935483942138
GSE159585,gene,TAPE,-0.0341133638978359
GSE159585,gene,TAPE,-0.000381738487356632
GSE159585,gene,TAPE,-0.0304040880244752
GSE159585,gene,TAPE,0.00796883674047092
GSE159585,gene,TAPE,0.122864273586393
GSE159585,gene,TAPE,0.0673111241716555
GSE159585,gene,TAPE,0.0330783934564448
GSE159585,gene,TAPE,0.0631405197047179
GSE159585,gene,TAPE,-0.0704536997456109
GSE159585,gene,TAPE,0.190812388604653
GSE159585,gene,TAPE,-0.135024012764076
GSE159585,gene,TAPE,0.0428021080477611
GSE159585,gene,TAPE,0.0690126932818024
GSE159585,gene,TAPE,0.120590745328103
GSE159585,gene,TAPE,-0.00373882154189817
GSE159585,gene,TAPE,0.0442115616526229
GSE159585,gene,TAPE,0.0401671183364235
GSE159585,gene,TAPE,0.159516352188276
GSE159585,gene,TAPE,0.141889598777761
GSE159585,gene,TAPE,0.165621110306759
GSE159585,gene,TAPE,0.0221069677260936
GSE159585,gene,TAPE,0.0041976095956939
GSE159585,gene,TAPE,0.185528308480918
GSE159585,gene,TAPE,-0.147484969517663
GSE159585,gene,TAPE,-0.0817127502111341
GSE159585,gene,TAPE,0.126390051592113
GSE159585,gene,TAPE,-0.00508887731153909
GSE159585,gene,TAPE,0.0440922782621642
GSE159585,gene,TAPE,0.0433954287783366
GSE159585,gene,TAPE,0.0018472390562297
GSE159585,gene,TAPE,0.0395841367621565
GSE159585,gene,TAPE,0.179761711857665
GSE159585,gene,TAPE,-0.0924331549880254
GSE159585,gene,TAPE,-0.105341856132653
GSE159585,gene,TAPE,0.0518336760334976
GSE159585,gene,TAPE,-0.0496960596080667
GSE159585,gene,TAPE,0.0235656936691277
GSE159585,gene,TAPE,-0.106012092993856
GSE159585,gene,TAPE,-0.0535376426815919
GSE159585,gene,TAPE,0.0461176640023772
GSE159585,gene,TAPE,0.0323698301563158
GSE159585,gene,TAPE,0.00113929527690712
GSE159585,gene,TAPE,0.0814551495225338
GSE159585,gene,TAPE,0.0998811206440304
GSE159585,gene,TAPE,0.132546246839778
GSE159585,gene,TAPE,0.0656859294560957
GSE159585,gene,TAPE,0.0876863331544469
GSE159585,gene,TAPE,-0.108081402185099
GSE159585,gene,TAPE,-0.0473964683816534
GSE159585,gene,TAPE,0.0347174240910302
GSE159585,gene,TAPE,0.0893329230193514
GSE159585,gene,TAPE,-0.0299839297328382
GSE159585,gene,TAPE,0.0361398607927459
GSE159585,gene,TAPE,-0.0317457619745332
GSE159585,gene,TAPE,-0.000230643797588864
GSE159585,gene,TAPE,0.0207773712134244
GSE159585,gene,TAPE,0.0861466991004708
GSE159585,gene,TAPE,0.0786199636771569
GSE159585,gene,TAPE,0.018549727971508
GSE159585,gene,TAPE,0.0985129850568648
GSE159585,gene,TAPE,0.0822264533522785
GSE159585,gene,TAPE,-0.0785756297017561
GSE159585,gene,TAPE,-0.228161543637514
GSE159585,gene,TAPE,0.0248993953075924
GSE159585,gene,TAPE,0.0869213046364099
GSE159585,gene,TAPE,0.134275618289018
GSE159585,gene,TAPE,-0.0423865446234531
GSE159585,gene,TAPE,0.232663604748206
GSE159585,gene,TAPE,-0.0289445886504265
GSE159585,gene,TAPE,0.099814450681798
GSE159585,gene,TAPE,0.0294418835121575
GSE159585,gene,TAPE,0.184627608773338
GSE159585,gene,TAPE,0.0304291247682713
GSE159585,gene,TAPE,0.148596624208432
GSE159585,gene,TAPE,0.13224391550983
GSE159585,gene,TAPE,0.209538100460454
GSE159585,gene,TAPE,0.13092927508186
GSE159585,gene,TAPE,-0.132511901291159
GSE159585,gene,TAPE,0.168268287408488
GSE159585,gene,TAPE,0.116211843580463
GSE159585,gene,TAPE,0.0684328745060527
GSE159585,gene,TAPE,0.0160711735578908
GSE159585,gene,TAPE,0.0749891265430845
GSE159585,gene,TAPE,0.052558839953135
GSE159585,gene,TAPE,0.0355469713709359
GSE159585,gene,TAPE,-0.110538193139178
GSE159585,gene,TAPE,-0.173540158663132
GSE159585,gene,TAPE,-0.0218743495721327
GSE159585,gene,TAPE,0.0493053164523256
GSE159585,gene,TAPE,-0.15018177617223
GSE159585,gene,TAPE,0.239393304495854
GSE159585,gene,TAPE,0.151253037204872
GSE159585,gene,TAPE,-0.137134666774326
GSE159585,gene,TAPE,0.12592185738513
GSE159585,gene,TAPE,0.0244348003416582
GSE159585,gene,TAPE,-0.0266289191251512
GSE159585,gene,TAPE,0.180400286099278
GSE159585,gene,TAPE,0.11004288634436
GSE159585,gene,TAPE,0.0635350299174855
GSE159585,gene,TAPE,-0.228892904747969
GSE159585,gene,TAPE,-0.0187888389348907
GSE159585,gene,TAPE,0.122492686188749
GSE159585,gene,TAPE,-0.0248286600787002
GSE159585,gene,TAPE,-0.112768509413485
GSE159585,gene,TAPE,-0.102595642640981
GSE159585,gene,TAPE,-0.000502855900708844
GSE159585,gene,TAPE,0.0275183429479044
GSE159585,gene,TAPE,-0.0458696922848089
GSE159585,gene,TAPE,0.0357579529988945
GSE159585,gene,TAPE,0.163370834772516
GSE159585,gene,TAPE,0.0818922923606962
GSE159585,gene,TAPE,0.00338126798082833
GSE159585,gene,TAPE,0.0688397477092137
GSE159585,gene,TAPE,0.151234037037171
GSE159585,gene,TAPE,0.0769528374404208
GSE159585,gene,TAPE,0.0253531510691765
GSE159585,gene,TAPE,0.0582486305949168
GSE159585,gene,TAPE,-0.149771648797328
GSE159585,gene,TAPE,-0.0598623164582938
GSE159585,gene,TAPE,0.0439694874809293
GSE159585,gene,TAPE,-0.00630163388097462
GSE159585,gene,TAPE,-0.0739248468380541
GSE159585,gene,TAPE,0.103435721470546
GSE159585,gene,TAPE,0.178837757368321
GSE159585,gene,TAPE,0.0767511548254305
GSE159585,gene,TAPE,0.0502623544919274
GSE159585,gene,TAPE,0.0650004036774141
GSE159585,gene,TAPE,-0.0175700742568611
GSE159585,gene,TAPE,0.0587799031724114
GSE159585,gene,TAPE,-0.0207758412565724
GSE159585,gene,TAPE,0.00917441145085255
GSE159585,gene,TAPE,0.104148042268722
GSE159585,gene,TAPE,0.023168519170002
GSE159585,gene,TAPE,-0.117894194045008
GSE159585,gene,TAPE,0.251407225920126
GSE159585,gene,TAPE,0.219841676063821
GSE159585,gene,TAPE,0.15909608971385
GSE159585,gene,TAPE,-0.0526796897225202
GSE159585,gene,TAPE,0.149773075992404
GSE159585,gene,TAPE,0.00628966697966966
GSE159585,gene,TAPE,0.120148839109637
GSE159585,gene,TAPE,-0.156366832991396
GSE159585,gene,TAPE,0.0720812933818148
GSE159585,gene,TAPE,0.12967179830008
GSE159585,gene,TAPE,-0.0295132408871535
GSE159585,gene,TAPE,0.0278043602946171
GSE159585,gene,TAPE,-0.0202140778756783
GSE159585,gene,TAPE,0.0780657347807447
GSE159585,gene,TAPE,-0.17881235011353
GSE159585,gene,TAPE,-0.073799098712945
GSE159585,gene,TAPE,-0.0499939986376975
GSE159585,gene,TAPE,0.125353952543258
GSE159585,gene,TAPE,0.236170400230434
GSE159585,gene,TAPE,0.156563967922015
GSE159585,gene,TAPE,-0.0451271607809996
GSE159585,gene,TAPE,-0.0351937325236256
GSE159585,gene,TAPE,0.105743573997075
GSE159585,gene,TAPE,-0.0133718486461108
GSE159585,gene,TAPE,0.0259032951865148
GSE159585,gene,TAPE,0.054713692033224
GSE159585,gene,TAPE,0.0589107664498731
GSE159585,gene,TAPE,0.0967678421357986
GSE159585,gene,TAPE,0.0422760753273138
GSE159585,gene,TAPE,-0.211500969567996
GSE159585,gene,TAPE,0.10794673373083
GSE159585,gene,TAPE,0.172124103969423
GSE159585,gene,TAPE,0.0208972511730421
GSE159585,gene,TAPE,0.21561542299487
GSE159585,gene,TAPE,0.0367931626091876
GSE159585,gene,TAPE,0.179220846152156
GSE159585,gene,TAPE,-0.124690357778733
GSE159585,gene,TAPE,0.0107659726076137
GSE159585,gene,TAPE,0.0810225398675376
GSE159585,gene,TAPE,-0.0369469841781913
GSE159585,gene,TAPE,0.0440709860144631
GSE159585,gene,TAPE,0.247919949570266
GSE159585,gene,TAPE,0.218718360288842
GSE159585,gene,TAPE,0.130836600298773
GSE159585,gene,TAPE,0.127526759106452
GSE159585,gene,TAPE,0.127321407883295
GSE159585,gene,TAPE,-0.0287016043762895
GSE159585,gene,TAPE,0.0484770563880117
GSE159585,gene,TAPE,-0.109749694172227
GSE159585,gene,TAPE,0.112933306542573
GSE159585,gene,TAPE,-0.278015324148634
GSE159585,gene,TAPE,0.00515889377708666
GSE159585,gene,TAPE,-0.0549593927363989
GSE159585,gene,TAPE,0.0731026359469087
GSE159585,gene,TAPE,-0.0063626493274065
GSE159585,gene,TAPE,-0.0754588548103502
GSE159585,gene,TAPE,0.128022304761909
GSE159585,gene,TAPE,0.104589910325948
GSE159585,gene,TAPE,0.0449986708508121
GSE159585,gene,TAPE,0.0435289252968076
GSE159585,gene,TAPE,0.000227433871639001
GSE159585,gene,TAPE,0.151549604492707
GSE159585,gene,TAPE,0.148178977421606
GSE159585,gene,TAPE,0.064637745013383
GSE159585,gene,TAPE,0.344021325224251
GSE159585,gene,TAPE,0.0105290488462031
GSE159585,gene,TAPE,0.0402684856382094
GSE159585,gene,TAPE,-0.0537107194474191
GSE159585,gene,TAPE,0.106667881950882
GSE159585,gene,TAPE,0.0776941191371918
GSE159585,gene,TAPE,-0.11343329568464
GSE159585,gene,TAPE,0.128578560696921
GSE159585,gene,TAPE,-0.107158408008581
GSE159585,gene,TAPE,-0.032803401978405
GSE159585,gene,TAPE,0.133836951703172
GSE159585,gene,TAPE,-0.0961072762497551
GSE159585,gene,TAPE,-0.0180226577539741
GSE159585,gene,TAPE,0.116466416211794
GSE159585,gene,TAPE,-0.0316459921693631
GSE159585,gene,TAPE,0.169618791074403
GSE159585,gene,TAPE,-0.168652831855871
GSE159585,gene,TAPE,-0.128389451132305
GSE159585,gene,TAPE,-0.0157960514230892
GSE159585,gene,TAPE,0.186816759075511
GSE159585,gene,TAPE,-0.0352978182192281
GSE159585,gene,TAPE,-0.0368200212734175
GSE159585,gene,TAPE,0.114527126576122
GSE159585,gene,TAPE,0.0129874173150768
GSE159585,gene,TAPE,-0.0912050496096318
GSE159585,gene,TAPE,-0.165180511701128
GSE159585,gene,TAPE,0.128436954472686
GSE159585,gene,TAPE,0.122068233072311
GSE159585,gene,TAPE,0.0981199243282837
GSE159585,gene,TAPE,-0.140571177216472
GSE159585,gene,TAPE,-0.00653236059330173
GSE159585,gene,TAPE,0.0486021816736079
GSE159585,gene,TAPE,0.216987858605277
GSE159585,gene,TAPE,0.0195051633235766
GSE159585,gene,TAPE,0.132331253493895
GSE159585,gene,TAPE,-0.0369639117237814
GSE159585,gene,TAPE,0.0520213964083794
GSE159585,gene,TAPE,-0.127456319333476
GSE159585,gene,TAPE,0.197728683405218
GSE159585,gene,TAPE,-0.0166213742969266
GSE159585,gene,TAPE,0.21366335586479
GSE159585,gene,TAPE,-0.0105705547172391
GSE159585,gene,TAPE,0.0816069966307003
GSE159585,gene,TAPE,0.0989926903204885
GSE159585,gene,TAPE,-0.0432102707153498
GSE159585,gene,TAPE,-0.0303033064881051
GSE159585,gene,TAPE,-0.161946332082432
GSE159585,gene,TAPE,-0.072896350768136
GSE159585,gene,TAPE,0.17928051440103
GSE159585,gene,TAPE,0.0448903643470453
GSE159585,gene,TAPE,0.0188942641007838
GSE159585,gene,TAPE,-0.0820055755975028
GSE159585,gene,TAPE,-0.0480549683687726
GSE159585,gene,TAPE,0.0693504131634507
GSE159585,gene,TAPE,0.115059401521991
GSE159585,gene,TAPE,-0.000954303569863167
GSE159585,gene,TAPE,0.130424292694895
GSE159585,gene,TAPE,0.0319823829434963
GSE159585,gene,TAPE,0.208579667861412
GSE159585,gene,TAPE,0.226023751208418
GSE159585,gene,TAPE,0.181378494309354
GSE159585,gene,TAPE,0.0681610601286146
GSE159585,gene,TAPE,0.225279022218749
GSE159585,gene,TAPE,0.0824108195381498
GSE159585,gene,TAPE,0.0116172096484123
GSE159585,gene,TAPE,-0.0412645374077573
GSE159585,gene,TAPE,-0.0103345566629944
GSE159585,gene,TAPE,0.0067700001575611
GSE159585,gene,TAPE,-0.0332639449907849
GSE159585,gene,TAPE,0.0998155094498336
GSE159585,gene,TAPE,-0.102072128813354
GSE159585,gene,TAPE,0.0441686139259349
GSE159585,gene,TAPE,-0.273441335503171
GSE159585,gene,TAPE,0.0680135219546209
GSE159585,gene,TAPE,0.0923401281803908
GSE159585,gene,TAPE,0.00165027571991019
GSE159585,gene,TAPE,-0.0861455448700448
GSE159585,gene,TAPE,0.0185386405704235
GSE159585,gene,TAPE,0.0532129829632657
GSE159585,gene,TAPE,-0.0578280594671756
GSE159585,gene,TAPE,-0.108853836284653
GSE159585,gene,TAPE,0.0714826741824573
GSE159585,gene,TAPE,0.0602912786431131
GSE159585,gene,TAPE,-0.000853922256395929
GSE159585,gene,TAPE,0.029181026039339
GSE159585,gene,TAPE,-0.00234505235272127
GSE159585,gene,TAPE,-0.0682954863383854
GSE159585,gene,TAPE,-0.0687110774748582
GSE159585,gene,TAPE,-0.00914098262180551
GSE159585,gene,TAPE,0.0988591399412355
GSE159585,gene,TAPE,0.149213482500548
GSE159585,gene,TAPE,0.0906047193996536
GSE159585,gene,TAPE,0.173270901105171
GSE159585,gene,TAPE,-0.115563128898633
GSE159585,gene,TAPE,0.06561666628384
GSE159585,gene,TAPE,0.0692167041440131
GSE159585,gene,TAPE,0.0126066119203134
GSE159585,gene,TAPE,0.089600295715945
GSE159585,gene,TAPE,0.0145176736403291
GSE159585,gene,TAPE,-0.0792575986389463
GSE159585,gene,TAPE,0.0997223566718794
GSE159585,gene,TAPE,-0.109020823738589
GSE159585,gene,TAPE,-0.147306692707709
GSE159585,gene,TAPE,-0.0390472469912541
GSE159585,gene,TAPE,-0.150965064500557
GSE159585,gene,TAPE,0.103459211878767
GSE159585,gene,TAPE,0.0107837804700745
GSE159585,gene,TAPE,-0.183449884346287
GSE159585,gene,TAPE,-0.0940515108606386
GSE159585,gene,TAPE,0.00068025988443142
GSE159585,gene,TAPE,-0.0887981863264209
GSE159585,gene,TAPE,0.0579324829952183
GSE159585,gene,TAPE,-0.0748348397686026
GSE159585,gene,TAPE,-0.0913228921767484
GSE159585,gene,TAPE,-0.0459382980042169
GSE159585,gene,TAPE,-0.109115279789712
GSE159585,gene,TAPE,0.0680538439814879
GSE159585,gene,TAPE,-0.0203117314755999
GSE159585,gene,TAPE,-0.0227369649248923
GSE159585,gene,TAPE,0.229598015517213
GSE159585,gene,TAPE,0.089001338301014
GSE159585,gene,TAPE,0.0600109278732436
GSE159585,gene,TAPE,-0.0176375094064582
GSE159585,gene,TAPE,-0.116398849973555
GSE159585,gene,TAPE,0.116284903441025
GSE159585,gene,TAPE,-0.0805467930140888
GSE159585,gene,TAPE,-0.0533716983225219
GSE159585,gene,TAPE,0.150080945601433
GSE159585,gene,TAPE,0.0853429259104345
GSE159585,gene,TAPE,0.00474296604837532
GSE159585,gene,TAPE,0.105729845570997
GSE159585,gene,TAPE,0.16059566565391
GSE159585,gene,TAPE,-0.0358496558922609
GSE159585,gene,TAPE,0.14720489516245
GSE159585,gene,TAPE,-0.110718894783786
GSE159585,gene,TAPE,0.0453429716958932
GSE159585,gene,TAPE,-0.275800796893883
GSE159585,gene,TAPE,-0.138868180197003
GSE159585,gene,TAPE,0.0241547979406841
GSE159585,gene,TAPE,0.00673382934779924
GSE159585,gene,TAPE,0.159140569310838
GSE159585,gene,TAPE,0.0895231056843878
GSE159585,gene,TAPE,-0.0387338723228357
GSE159585,gene,TAPE,0.0525161032961763
GSE159585,gene,TAPE,-0.00914050193650502
GSE159585,gene,TAPE,-0.0403459635054971
GSE159585,gene,TAPE,-0.126931338349344
GSE159585,gene,TAPE,0.034154160489243
GSE159585,gene,TAPE,0.0638427530667148
GSE159585,gene,TAPE,0.0623669533028798
GSE159585,gene,TAPE,-0.0356446742091199
GSE159585,gene,TAPE,0.28208348120641
GSE159585,gene,TAPE,0.026698385876077
GSE159585,gene,TAPE,-0.108355693957529
GSE159585,gene,TAPE,0.201380538690582
GSE159585,gene,TAPE,0.00531443913120319
GSE159585,gene,TAPE,0.179376681571906
GSE159585,gene,TAPE,0.04953569934866
GSE159585,gene,TAPE,0.169565718548618
GSE159585,gene,TAPE,0.117510914370102
GSE159585,gene,TAPE,-0.170296469913208
GSE159585,gene,TAPE,0.044227184560408
GSE159585,gene,TAPE,-0.0695087221309985
GSE159585,gene,TAPE,-0.224229219374596
GSE159585,gene,TAPE,0.128048284531512
GSE159585,gene,TAPE,0.0384848594017842
GSE159585,gene,TAPE,0.0909461517228535
GSE159585,gene,TAPE,-0.0527715633390558
GSE159585,gene,TAPE,-0.120316094635555
GSE159585,gene,TAPE,0.0107552804926995
GSE159585,gene,TAPE,0.171355601225439
GSE159585,gene,TAPE,0.0446556242109094
GSE159585,gene,TAPE,-0.0947899506941928
GSE159585,gene,TAPE,0.0947187042215254
GSE159585,gene,TAPE,0.161912244754638
GSE159585,gene,TAPE,0.0229132839531409
GSE159585,gene,TAPE,0.0410788721227948
GSE159585,gene,TAPE,0.126440270218981
GSE159585,gene,TAPE,0.0962899772050584
GSE159585,gene,TAPE,-0.128438636417709
GSE159585,gene,TAPE,0.0844534662089293
GSE159585,gene,TAPE,0.122521381404082
GSE159585,gene,TAPE,-0.0323195164839025
GSE159585,gene,TAPE,-0.0580683251172329
GSE159585,gene,TAPE,-0.00107604584639734
GSE159585,gene,TAPE,-0.023609345175021
GSE159585,gene,TAPE,-0.0200992418326858
GSE159585,gene,TAPE,0.110430330752516
GSE159585,gene,TAPE,-0.149285056093048
GSE159585,gene,TAPE,0.0287056441617007
GSE159585,gene,TAPE,0.0673595679052461
GSE159585,gene,TAPE,0.0469682280550108
GSE159585,gene,TAPE,-0.0797613379365065
GSE159585,gene,TAPE,-0.0498158363684496
GSE159585,gene,TAPE,-0.0788901344693052
GSE159585,gene,TAPE,0.173000296001674
GSE159585,gene,TAPE,0.363924579957767
GSE159585,gene,DeconvSC,0.897693597927441
GSE159585,gene,DeconvSC,0.805977273455409
GSE159585,gene,DeconvSC,0.8458936786262
GSE159585,gene,DeconvSC,0.819729218493478
GSE159585,gene,DeconvSC,0.811400131298612
GSE159585,gene,DeconvSC,0.813565373924477
GSE159585,gene,DeconvSC,0.793008398551227
GSE159585,gene,DeconvSC,0.77924945890823
GSE159585,gene,DeconvSC,0.71661913434033
GSE159585,gene,DeconvSC,0.921231695967872
GSE159585,gene,DeconvSC,0.894890262360957
GSE159585,gene,DeconvSC,0.752757335520267
GSE159585,gene,DeconvSC,0.819635840840449
GSE159585,gene,DeconvSC,0.74534044819369
GSE159585,gene,DeconvSC,0.904669328602118
GSE159585,gene,DeconvSC,0.792759341755877
GSE159585,gene,DeconvSC,0.633785583157603
GSE159585,gene,DeconvSC,0.814307752031694
GSE159585,gene,DeconvSC,0.844409165820213
GSE159585,gene,DeconvSC,0.86712585432273
GSE159585,gene,DeconvSC,0.860447667687113
GSE159585,gene,DeconvSC,0.771331311540928
GSE159585,gene,DeconvSC,0.87127186245216
GSE159585,gene,DeconvSC,0.907128907533818
GSE159585,gene,DeconvSC,0.923368239317926
GSE159585,gene,DeconvSC,0.806740968215565
GSE159585,gene,DeconvSC,0.828433436247121
GSE159585,gene,DeconvSC,0.938726997981689
GSE159585,gene,DeconvSC,0.764134699591689
GSE159585,gene,DeconvSC,0.829468573890446
GSE159585,gene,DeconvSC,0.896880401559873
GSE159585,gene,DeconvSC,0.821259517765686
GSE159585,gene,DeconvSC,0.82448393534912
GSE159585,gene,DeconvSC,0.924406285592024
GSE159585,gene,DeconvSC,0.447105210904319
GSE159585,gene,DeconvSC,0.821171297627709
GSE159585,gene,DeconvSC,0.860626737448033
GSE159585,gene,DeconvSC,0.633664292772706
GSE159585,gene,DeconvSC,0.841387971764895
GSE159585,gene,DeconvSC,0.755631387394479
GSE159585,gene,DeconvSC,0.918761182818323
GSE159585,gene,DeconvSC,0.83042042764103
GSE159585,gene,DeconvSC,0.894046934215006
GSE159585,gene,DeconvSC,0.88140184149933
GSE159585,gene,DeconvSC,0.861673522957675
GSE159585,gene,DeconvSC,0.759354360232364
GSE159585,gene,DeconvSC,0.708769762559997
GSE159585,gene,DeconvSC,0.801114189495849
GSE159585,gene,DeconvSC,0.853675194748197
GSE159585,gene,DeconvSC,0.896966773257158
GSE159585,gene,DeconvSC,0.745478014991755
GSE159585,gene,DeconvSC,0.746355702052364
GSE159585,gene,DeconvSC,0.85640920064766
GSE159585,gene,DeconvSC,0.676459151719988
GSE159585,gene,DeconvSC,0.92237302367215
GSE159585,gene,DeconvSC,0.795428630315718
GSE159585,gene,DeconvSC,0.317140585971326
GSE159585,gene,DeconvSC,0.930554694965609
GSE159585,gene,DeconvSC,0.863407654756768
GSE159585,gene,DeconvSC,0.873133234404945
GSE159585,gene,DeconvSC,0.871018659949833
GSE159585,gene,DeconvSC,0.897707501137689
GSE159585,gene,DeconvSC,0.79540846403678
GSE159585,gene,DeconvSC,0.926020787552052
GSE159585,gene,DeconvSC,0.902055334293604
GSE159585,gene,DeconvSC,0.948160380916367
GSE159585,gene,DeconvSC,0.701531018790416
GSE159585,gene,DeconvSC,0.283672232867886
GSE159585,gene,DeconvSC,0.896981903046164
GSE159585,gene,DeconvSC,0.897237925521365
GSE159585,gene,DeconvSC,0.770406917329389
GSE159585,gene,DeconvSC,0.851026074020277
GSE159585,gene,DeconvSC,0.890447231999924
GSE159585,gene,DeconvSC,0.849383058761193
GSE159585,gene,DeconvSC,0.86709438807002
GSE159585,gene,DeconvSC,0.845182043879265
GSE159585,gene,DeconvSC,0.755217384827983
GSE159585,gene,DeconvSC,0.885749687591832
GSE159585,gene,DeconvSC,0.664856834302776
GSE159585,gene,DeconvSC,0.942444725651057
GSE159585,gene,DeconvSC,0.92383787272896
GSE159585,gene,DeconvSC,0.789172693843603
GSE159585,gene,DeconvSC,0.666450996209079
GSE159585,gene,DeconvSC,0.938797490993586
GSE159585,gene,DeconvSC,0.627653196072478
GSE159585,gene,DeconvSC,0.837442004853735
GSE159585,gene,DeconvSC,0.866188530025932
GSE159585,gene,DeconvSC,0.924331877262486
GSE159585,gene,DeconvSC,0.859501739580413
GSE159585,gene,DeconvSC,0.809693345083703
GSE159585,gene,DeconvSC,0.856053384209419
GSE159585,gene,DeconvSC,0.782910285020647
GSE159585,gene,DeconvSC,0.970117587007907
GSE159585,gene,DeconvSC,0.807407998377746
GSE159585,gene,DeconvSC,0.908541970349567
GSE159585,gene,DeconvSC,0.697644329999126
GSE159585,gene,DeconvSC,0.913673349988908
GSE159585,gene,DeconvSC,0.918894140752756
GSE159585,gene,DeconvSC,0.839276795027704
GSE159585,gene,DeconvSC,0.817865301763838
GSE159585,gene,DeconvSC,0.882414355250286
GSE159585,gene,DeconvSC,0.583830324386465
GSE159585,gene,DeconvSC,0.810887844809953
GSE159585,gene,DeconvSC,0.922271512948831
GSE159585,gene,DeconvSC,0.899917428172172
GSE159585,gene,DeconvSC,0.858195433663784
GSE159585,gene,DeconvSC,0.858060711515033
GSE159585,gene,DeconvSC,0.769540799489424
GSE159585,gene,DeconvSC,0.850261981240847
GSE159585,gene,DeconvSC,0.893386301950797
GSE159585,gene,DeconvSC,0.893756820317957
GSE159585,gene,DeconvSC,0.900351068343704
GSE159585,gene,DeconvSC,0.912481013144925
GSE159585,gene,DeconvSC,0.816520098052917
GSE159585,gene,DeconvSC,0.863218929087695
GSE159585,gene,DeconvSC,0.914780312076485
GSE159585,gene,DeconvSC,0.913799562665061
GSE159585,gene,DeconvSC,0.98767856959379
GSE159585,gene,DeconvSC,0.836766980755994
GSE159585,gene,DeconvSC,0.846254485074543
GSE159585,gene,DeconvSC,0.951164947858288
GSE159585,gene,DeconvSC,0.861920434041761
GSE159585,gene,DeconvSC,0.906727622131134
GSE159585,gene,DeconvSC,0.890397867398465
GSE159585,gene,DeconvSC,0.775041260033102
GSE159585,gene,DeconvSC,0.88812972364661
GSE159585,gene,DeconvSC,0.7727945478324
GSE159585,gene,DeconvSC,0.422982108567214
GSE159585,gene,DeconvSC,0.469650518666361
GSE159585,gene,DeconvSC,0.936839690613969
GSE159585,gene,DeconvSC,0.817359125504524
GSE159585,gene,DeconvSC,0.933407352784946
GSE159585,gene,DeconvSC,0.831084771528518
GSE159585,gene,DeconvSC,0.935128110207039
GSE159585,gene,DeconvSC,0.842234050699929
GSE159585,gene,DeconvSC,0.781752862188956
GSE159585,gene,DeconvSC,0.826026165566092
GSE159585,gene,DeconvSC,0.414437489231935
GSE159585,gene,DeconvSC,0.792397902984691
GSE159585,gene,DeconvSC,0.854670296148876
GSE159585,gene,DeconvSC,0.795318366838307
GSE159585,gene,DeconvSC,0.788522906664474
GSE159585,gene,DeconvSC,0.529504040445623
GSE159585,gene,DeconvSC,0.925675083945638
GSE159585,gene,DeconvSC,0.690435907042183
GSE159585,gene,DeconvSC,0.939947200084608
GSE159585,gene,DeconvSC,0.810048633176591
GSE159585,gene,DeconvSC,0.832686511371114
GSE159585,gene,DeconvSC,0.888129346282549
GSE159585,gene,DeconvSC,0.747667333733031
GSE159585,gene,DeconvSC,0.872854540567528
GSE159585,gene,DeconvSC,0.937627227108484
GSE159585,gene,DeconvSC,0.923673997651732
GSE159585,gene,DeconvSC,0.902872412076282
GSE159585,gene,DeconvSC,0.660298968334026
GSE159585,gene,DeconvSC,0.742069350698716
GSE159585,gene,DeconvSC,0.750862714583044
GSE159585,gene,DeconvSC,0.765464589459126
GSE159585,gene,DeconvSC,0.819804349125783
GSE159585,gene,DeconvSC,0.78170099140217
GSE159585,gene,DeconvSC,0.655410930239505
GSE159585,gene,DeconvSC,0.872922524555366
GSE159585,gene,DeconvSC,0.844342943428564
GSE159585,gene,DeconvSC,0.886484934781355
GSE159585,gene,DeconvSC,0.810708659258354
GSE159585,gene,DeconvSC,0.916948643260918
GSE159585,gene,DeconvSC,0.881267489807685
GSE159585,gene,DeconvSC,0.623263095590752
GSE159585,gene,DeconvSC,0.687736809862082
GSE159585,gene,DeconvSC,0.817299840574886
GSE159585,gene,DeconvSC,0.633018263765831
GSE159585,gene,DeconvSC,0.711568765145268
GSE159585,gene,DeconvSC,0.897580636103688
GSE159585,gene,DeconvSC,0.92068754890788
GSE159585,gene,DeconvSC,0.874159097531861
GSE159585,gene,DeconvSC,0.712520429855981
GSE159585,gene,DeconvSC,0.857631896955572
GSE159585,gene,DeconvSC,0.789591231194815
GSE159585,gene,DeconvSC,0.913522712430776
GSE159585,gene,DeconvSC,0.718599807439736
GSE159585,gene,DeconvSC,0.566977663956733
GSE159585,gene,DeconvSC,0.477773297443011
GSE159585,gene,DeconvSC,0.74811242881354
GSE159585,gene,DeconvSC,0.580857249314544
GSE159585,gene,DeconvSC,0.649996696242783
GSE159585,gene,DeconvSC,0.945002463694707
GSE159585,gene,DeconvSC,0.576993195906742
GSE159585,gene,DeconvSC,0.899579369831461
GSE159585,gene,DeconvSC,0.56087364919331
GSE159585,gene,DeconvSC,0.86242511208567
GSE159585,gene,DeconvSC,0.890953294532567
GSE159585,gene,DeconvSC,0.666472983845187
GSE159585,gene,DeconvSC,0.778354047295953
GSE159585,gene,DeconvSC,0.602824317931617
GSE159585,gene,DeconvSC,0.858424154405029
GSE159585,gene,DeconvSC,0.70585812190248
GSE159585,gene,DeconvSC,0.703561698208478
GSE159585,gene,DeconvSC,0.630449541713866
GSE159585,gene,DeconvSC,0.842784681847102
GSE159585,gene,DeconvSC,0.4151105467771
GSE159585,gene,DeconvSC,0.834514521385244
GSE159585,gene,DeconvSC,0.426962029760922
GSE159585,gene,DeconvSC,0.906866715880275
GSE159585,gene,DeconvSC,0.733871776214481
GSE159585,gene,DeconvSC,0.862732353056855
GSE159585,gene,DeconvSC,0.79607781573457
GSE159585,gene,DeconvSC,0.804841001460072
GSE159585,gene,DeconvSC,0.600124469539922
GSE159585,gene,DeconvSC,0.878912417295181
GSE159585,gene,DeconvSC,0.881573943607886
GSE159585,gene,DeconvSC,0.657699703503726
GSE159585,gene,DeconvSC,0.906476103553851
GSE159585,gene,DeconvSC,0.959855671247019
GSE159585,gene,DeconvSC,0.807617892262638
GSE159585,gene,DeconvSC,0.881567363099005
GSE159585,gene,DeconvSC,0.894531280163331
GSE159585,gene,DeconvSC,0.865878645455988
GSE159585,gene,DeconvSC,0.934017823997694
GSE159585,gene,DeconvSC,0.767793688762595
GSE159585,gene,DeconvSC,0.814702194867639
GSE159585,gene,DeconvSC,0.894211948514253
GSE159585,gene,DeconvSC,0.743732412560829
GSE159585,gene,DeconvSC,0.845318925099264
GSE159585,gene,DeconvSC,0.80287614830439
GSE159585,gene,DeconvSC,0.76342369458535
GSE159585,gene,DeconvSC,0.825434747142957
GSE159585,gene,DeconvSC,0.826362695579097
GSE159585,gene,DeconvSC,0.750590110504706
GSE159585,gene,DeconvSC,0.854849966001757
GSE159585,gene,DeconvSC,0.930027386777794
GSE159585,gene,DeconvSC,0.900097505246545
GSE159585,gene,DeconvSC,0.8556747063962
GSE159585,gene,DeconvSC,0.775070196117015
GSE159585,gene,DeconvSC,0.414129934410921
GSE159585,gene,DeconvSC,0.812800919050381
GSE159585,gene,DeconvSC,0.89099730508613
GSE159585,gene,DeconvSC,0.28779324066187
GSE159585,gene,DeconvSC,0.922096707530896
GSE159585,gene,DeconvSC,0.905552477637445
GSE159585,gene,DeconvSC,0.829144250828437
GSE159585,gene,DeconvSC,0.893629948935233
GSE159585,gene,DeconvSC,0.889265944212897
GSE159585,gene,DeconvSC,0.843087959797481
GSE159585,gene,DeconvSC,0.900048980945774
GSE159585,gene,DeconvSC,0.425250072961736
GSE159585,gene,DeconvSC,0.804776364418394
GSE159585,gene,DeconvSC,0.846882318313823
GSE159585,gene,DeconvSC,0.952681771926465
GSE159585,gene,DeconvSC,0.920913525821422
GSE159585,gene,DeconvSC,0.886536343998545
GSE159585,gene,DeconvSC,0.919183987938864
GSE159585,gene,DeconvSC,0.899478113602708
GSE159585,gene,DeconvSC,0.756043833979327
GSE159585,gene,DeconvSC,0.816870634100641
GSE159585,gene,DeconvSC,0.937825895936444
GSE159585,gene,DeconvSC,0.869126101641261
GSE159585,gene,DeconvSC,0.58931038310229
GSE159585,gene,DeconvSC,0.658151789520944
GSE159585,gene,DeconvSC,0.823243804090518
GSE159585,gene,DeconvSC,0.896426033294579
GSE159585,gene,DeconvSC,0.881527062785829
GSE159585,gene,DeconvSC,0.772163534549724
GSE159585,gene,DeconvSC,0.80651714373562
GSE159585,gene,DeconvSC,0.871148340739319
GSE159585,gene,DeconvSC,0.892834256635958
GSE159585,gene,DeconvSC,0.851400728847641
GSE159585,gene,DeconvSC,0.860980495222194
GSE159585,gene,DeconvSC,0.490652785722972
GSE159585,gene,DeconvSC,0.603582175493037
GSE159585,gene,DeconvSC,0.920600206391436
GSE159585,gene,DeconvSC,0.637153090578534
GSE159585,gene,DeconvSC,0.789010357073135
GSE159585,gene,DeconvSC,0.653057903041134
GSE159585,gene,DeconvSC,0.755246819595118
GSE159585,gene,DeconvSC,0.900044961258953
GSE159585,gene,DeconvSC,0.772529828753719
GSE159585,gene,DeconvSC,0.719434472288614
GSE159585,gene,DeconvSC,0.748844740125065
GSE159585,gene,DeconvSC,0.838279259147176
GSE159585,gene,DeconvSC,0.833189405742868
GSE159585,gene,DeconvSC,0.925943372150144
GSE159585,gene,DeconvSC,0.956058796094051
GSE159585,gene,DeconvSC,0.802366584323326
GSE159585,gene,DeconvSC,0.901147296769427
GSE159585,gene,DeconvSC,0.700324819611089
GSE159585,gene,DeconvSC,0.434868321596595
GSE159585,gene,DeconvSC,0.928727457164648
GSE159585,gene,DeconvSC,0.835395413750196
GSE159585,gene,DeconvSC,0.829997760495355
GSE159585,gene,DeconvSC,0.684181359541309
GSE159585,gene,DeconvSC,0.866099248695446
GSE159585,gene,DeconvSC,0.934618730952109
GSE159585,gene,DeconvSC,0.767844976340121
GSE159585,gene,DeconvSC,0.928642020527873
GSE159585,gene,DeconvSC,0.864112296740355
GSE159585,gene,DeconvSC,0.753016955712322
GSE159585,gene,DeconvSC,0.861925067567745
GSE159585,gene,DeconvSC,0.767654944982087
GSE159585,gene,DeconvSC,0.876788376368756
GSE159585,gene,DeconvSC,0.752730438521853
GSE159585,gene,DeconvSC,0.782846863899343
GSE159585,gene,DeconvSC,0.835543250230287
GSE159585,gene,DeconvSC,0.902080598123094
GSE159585,gene,DeconvSC,0.901906026257827
GSE159585,gene,DeconvSC,0.843433690893989
GSE159585,gene,DeconvSC,0.887754802226413
GSE159585,gene,DeconvSC,0.833921314224278
GSE159585,gene,DeconvSC,0.782026720619255
GSE159585,gene,DeconvSC,0.84304095265843
GSE159585,gene,DeconvSC,0.91207637179639
GSE159585,gene,DeconvSC,0.731820904345586
GSE159585,gene,DeconvSC,0.89325680551708
GSE159585,gene,DeconvSC,0.92307699928152
GSE159585,gene,DeconvSC,0.800156342536956
GSE159585,gene,DeconvSC,0.769381319165744
GSE159585,gene,DeconvSC,0.859357162293527
GSE159585,gene,DeconvSC,0.793730344193463
GSE159585,gene,DeconvSC,0.949752411694236
GSE159585,gene,DeconvSC,0.972876148826717
GSE159585,gene,DeconvSC,0.815405535120988
GSE159585,gene,DeconvSC,0.798003423899855
GSE159585,gene,DeconvSC,0.907341078265837
GSE159585,gene,DeconvSC,0.837610676395429
GSE159585,gene,DeconvSC,0.922275970875106
GSE159585,gene,DeconvSC,0.888181592652157
GSE159585,gene,DeconvSC,0.896909230448342
GSE159585,gene,DeconvSC,0.879845064468203
GSE159585,gene,DeconvSC,0.700378349160574
GSE159585,gene,DeconvSC,0.86573856070061
GSE159585,gene,DeconvSC,0.653097042153799
GSE159585,gene,DeconvSC,0.886220163886614
GSE159585,gene,DeconvSC,0.877115740226674
GSE159585,gene,DeconvSC,0.716016916892932
GSE159585,gene,DeconvSC,0.809097443404781
GSE159585,gene,DeconvSC,0.952330405684324
GSE159585,gene,DeconvSC,0.656531648516505
GSE159585,gene,DeconvSC,0.922961130951142
GSE159585,gene,DeconvSC,0.855248042358029
GSE159585,gene,DeconvSC,0.923015803160919
GSE159585,gene,DeconvSC,0.856431493114275
GSE159585,gene,DeconvSC,0.622808621780608
GSE159585,gene,DeconvSC,0.668588720751277
GSE159585,gene,DeconvSC,0.956394206459368
GSE159585,gene,DeconvSC,0.787083052787919
GSE159585,gene,DeconvSC,0.750458410606539
GSE159585,gene,DeconvSC,0.860765639303472
GSE159585,gene,DeconvSC,0.833626274025632
GSE159585,gene,DeconvSC,0.849638523218387
GSE159585,gene,DeconvSC,0.884968940641143
GSE159585,gene,DeconvSC,0.722993461275334
GSE159585,gene,DeconvSC,0.899657255971509
GSE159585,gene,DeconvSC,0.890970225152159
GSE159585,gene,DeconvSC,0.800458921437149
GSE159585,gene,DeconvSC,0.913993839849719
GSE159585,gene,DeconvSC,0.603612604245513
GSE159585,gene,DeconvSC,0.908241288874034
GSE159585,gene,DeconvSC,0.844136023653153
GSE159585,gene,DeconvSC,0.831009848486298
GSE159585,gene,DeconvSC,0.89757796863192
GSE159585,gene,DeconvSC,0.91123852483527
GSE159585,gene,DeconvSC,0.913765726933519
GSE159585,gene,DeconvSC,0.911168438254098
GSE159585,gene,DeconvSC,0.822378920880326
GSE159585,gene,DeconvSC,0.69649027855646
GSE159585,gene,DeconvSC,0.932508177044725
GSE159585,gene,DeconvSC,0.829438245276459
GSE159585,gene,DeconvSC,0.536378211220511
GSE159585,gene,DeconvSC,0.286902892421676
GSE159585,gene,DeconvSC,0.753907009963049
GSE159585,gene,DeconvSC,0.925550004868755
GSE159585,gene,DeconvSC,0.913008979556511
GSE159585,gene,DeconvSC,0.914472518106449
GSE159585,gene,DeconvSC,0.901265929716873
GSE159585,gene,DeconvSC,0.823339736374736
GSE159585,gene,DeconvSC,0.671991724270363
GSE159585,gene,DeconvSC,0.694219573036363
GSE159585,gene,DeconvSC,0.710158022158808
GSE159585,gene,DeconvSC,0.788795796500319
GSE159585,gene,DeconvSC,0.956833056552538
GSE159585,gene,DeconvSC,0.904370757339811
GSE159585,gene,DeconvSC,0.594199016050744
GSE159585,gene,DeconvSC,0.925644866753029
GSE159585,gene,DeconvSC,0.835043007017511
GSE159585,gene,DeconvSC,0.891542374368002
GSE159585,gene,DeconvSC,0.896365444465861
GSE159585,gene,DeconvSC,0.858479253804502
GSE159585,gene,DeconvSC,0.79188676636175
GSE159585,gene,DeconvSC,0.859540217017797
GSE159585,gene,DeconvSC,0.750125005781069
GSE159585,gene,DeconvSC,0.841307600574946
GSE159585,gene,DeconvSC,0.817073674521771
GSE159585,gene,DeconvSC,0.807150451581602
GSE159585,gene,DeconvSC,0.581604776221518
GSE159585,gene,DeconvSC,0.916643135562076
GSE159585,gene,DeconvSC,0.591636266337822
GSE159585,gene,DeconvSC,0.935581870250523
GSE159585,gene,DeconvSC,0.481568037700131
GSE159585,gene,DeconvSC,0.682745033895452
GSE159585,gene,DeconvSC,0.928949067281358
GSE159585,gene,DeconvSC,0.851770009599449
GSE159585,gene,DeconvSC,0.722106376333994
GSE159585,gene,DeconvSC,0.800504149988229
GSE159585,gene,DeconvSC,0.790130945933705
GSE159585,gene,DeconvSC,0.887066446562723
GSE159585,gene,DeconvSC,0.863591010648343
GSE159585,gene,DeconvSC,0.888629561525567
GSE159585,gene,DeconvSC,0.941914597152332
GSE159585,gene,DeconvSC,0.893783615195473
GSE159585,gene,DeconvSC,0.810180265109298
GSE159585,gene,DeconvSC,0.903819348007577
GSE159585,gene,DeconvSC,0.833461057121754
GSE159585,gene,DeconvSC,0.819424575127463
GSE159585,gene,DeconvSC,0.907807524651896
GSE159585,gene,DeconvSC,0.889217711157671
GSE159585,gene,DeconvSC,0.733081951108627
GSE159585,gene,DeconvSC,0.710948321676118
GSE159585,gene,DeconvSC,0.917686330370564
GSE159585,gene,DeconvSC,0.737912602322394
GSE159585,gene,DeconvSC,0.744792084833452
GSE159585,gene,DeconvSC,0.697551518498407
GSE159585,gene,DeconvSC,0.914869338233434
GSE159585,gene,DeconvSC,0.539286310402209
GSE159585,gene,DeconvSC,0.911353403107702
GSE159585,gene,DeconvSC,0.897826289455101
GSE159585,gene,DeconvSC,0.937207830493595
GSE159585,gene,DeconvSC,0.913437050412718
GSE159585,gene,DeconvSC,0.736719924836232
GSE159585,gene,DeconvSC,0.882796214614344
GSE159585,gene,DeconvSC,0.90432356749121
GSE159585,gene,DeconvSC,0.863769475860922
GSE159585,gene,DeconvSC,0.858986309175986
GSE159585,gene,DeconvSC,0.803123592300501
GSE159585,gene,DeconvSC,0.818242202816521
GSE159585,gene,DeconvSC,0.878753518954851
GSE159585,gene,DeconvSC,0.941768311525911
GSE159585,gene,DeconvSC,0.821519703246011
GSE159585,gene,DeconvSC,0.532320803194754
GSE159585,gene,DeconvSC,0.89228728700884
GSE159585,gene,DeconvSC,0.529096077810803
GSE159585,gene,DeconvSC,0.326263159903422
GSE159585,gene,DeconvSC,0.783483790678393
GSE159585,gene,DeconvSC,0.759890881611017
GSE159585,gene,DeconvSC,0.651879910465966
GSE159585,gene,DeconvSC,0.810392905073723
GSE159585,gene,DeconvSC,0.758795191315102
GSE159585,gene,DeconvSC,0.929836718981502
GSE159585,gene,DeconvSC,0.939212414690247
GSE159585,gene,DeconvSC,0.92997341286506
GSE159585,gene,DeconvSC,0.757635384631446
GSE159585,gene,DeconvSC,0.786159686600407
GSE159585,gene,DeconvSC,0.818081008290106
GSE159585,gene,DeconvSC,0.461532699870716
GSE159585,gene,DeconvSC,0.66786795539007
GSE159585,gene,DeconvSC,0.704941365076425
GSE159585,gene,DeconvSC,0.694096266126657
GSE159585,gene,DeconvSC,0.935882530347046
GSE159585,gene,DeconvSC,0.902728619824595
GSE159585,gene,DeconvSC,0.614955604155643
GSE159585,gene,DeconvSC,0.514287934144312
GSE159585,gene,DeconvSC,0.943384450800061
GSE159585,gene,DeconvSC,0.774282028142705
GSE159585,gene,DeconvSC,0.834267671954893
GSE159585,gene,DeconvSC,0.636794315402814
GSE159585,gene,DeconvSC,0.807980025009278
GSE159585,gene,DeconvSC,0.780828691607603
