dataset,axis,method,r
HCA_fold2,gene,BayesPrism,0.685041004629817
HCA_fold2,gene,BayesPrism,0.785097822577337
HCA_fold2,gene,BayesPrism,0.399203000160107
HCA_fold2,gene,BayesPrism,0.490257402861282
HCA_fold2,gene,BayesPrism,0.440400508328235
HCA_fold2,gene,BayesPrism,0.874992374641142
HCA_fold2,gene,BayesPrism,0.836369208383123
HCA_fold2,gene,BayesPrism,0.606767603174988
HCA_fold2,gene,BayesPrism,0.874941489059277
HCA_fold2,gene,BayesPrism,0.464385169518276
HCA_fold2,gene,BayesPrism,0.574968084624892
HCA_fold2,gene,BayesPrism,0.744043815933579
HCA_fold2,gene,BayesPrism,0.449957519583548
HCA_fold2,gene,BayesPrism,0.684033417410602
HCA_fold2,gene,BayesPrism,0.561434792813429
HCA_fold2,gene,BayesPrism,0.462288902205159
HCA_fold2,gene,BayesPrism,0.581732599355468
HCA_fold2,gene,BayesPrism,0.71595400510103
HCA_fold2,gene,BayesPrism,0.709317976795001
HCA_fold2,gene,BayesPrism,0.712830799961254
HCA_fold2,gene,BayesPrism,0.64514773995428
HCA_fold2,gene,BayesPrism,0.381227889105633
HCA_fold2,gene,BayesPrism,0.813346963465695
HCA_fold2,gene,BayesPrism,0.81734968943361
HCA_fold2,gene,BayesPrism,0.638614245286755
HCA_fold2,gene,BayesPrism,0.720454394072078
HCA_fold2,gene,BayesPrism,0.806837944502335
HCA_fold2,gene,BayesPrism,0.560145073651564
HCA_fold2,gene,BayesPrism,0.608463491362904
HCA_fold2,gene,BayesPrism,0.453536795691899
HCA_fold2,gene,BayesPrism,0.598021722415451
HCA_fold2,gene,BayesPrism,0.51597433506949
HCA_fold2,gene,BayesPrism,0.504976636818001
HCA_fold2,gene,BayesPrism,0.75852736509026
HCA_fold2,gene,BayesPrism,0.941203576335981
HCA_fold2,gene,BayesPrism,0.900682029790029
HCA_fold2,gene,BayesPrism,0.757805090261553
HCA_fold2,gene,BayesPrism,0.856382106131738
HCA_fold2,gene,BayesPrism,0.589745777650654
HCA_fold2,gene,BayesPrism,0.885678834753699
HCA_fold2,gene,BayesPrism,0.664735189785418
HCA_fold2,gene,BayesPrism,0.713178567294502
HCA_fold2,gene,BayesPrism,0.748211854556751
HCA_fold2,gene,BayesPrism,0.730246553987963
HCA_fold2,gene,BayesPrism,0.540477504188932
HCA_fold2,gene,BayesPrism,0.366071580137823
HCA_fold2,gene,BayesPrism,0.692539413752425
HCA_fold2,gene,BayesPrism,0.354744304575416
HCA_fold2,gene,BayesPrism,0.81498438203678
HCA_fold2,gene,BayesPrism,0.442261700863182
HCA_fold2,gene,BayesPrism,0.675302922837616
HCA_fold2,gene,BayesPrism,0.707291045729918
HCA_fold2,gene,BayesPrism,0.63811422600195
HCA_fold2,gene,BayesPrism,0.536834864615455
HCA_fold2,gene,BayesPrism,0.644866547303892
HCA_fold2,gene,BayesPrism,0.58323639314037
HCA_fold2,gene,BayesPrism,0.737070198513195
HCA_fold2,gene,BayesPrism,0.55030166237205
HCA_fold2,gene,BayesPrism,0.513186663457424
HCA_fold2,gene,BayesPrism,0.612920418073284
HCA_fold2,gene,BayesPrism,0.778509650406275
HCA_fold2,gene,BayesPrism,0.524471652718724
HCA_fold2,gene,BayesPrism,0.514806654297768
HCA_fold2,gene,BayesPrism,0.853650412244633
HCA_fold2,gene,BayesPrism,0.543804980501784
HCA_fold2,gene,BayesPrism,0.540394435728845
HCA_fold2,gene,BayesPrism,0.667487107469452
HCA_fold2,gene,BayesPrism,0.824630688730464
HCA_fold2,gene,BayesPrism,0.673615922250281
HCA_fold2,gene,BayesPrism,0.557072771539486
HCA_fold2,gene,BayesPrism,0.783149258060385
HCA_fold2,gene,BayesPrism,0.87826020527715
HCA_fold2,gene,BayesPrism,0.723552196592934
HCA_fold2,gene,BayesPrism,0.586204212255831
HCA_fold2,gene,BayesPrism,0.663307895861104
HCA_fold2,gene,BayesPrism,0.465140728340473
HCA_fold2,gene,BayesPrism,0.850190454727862
HCA_fold2,gene,BayesPrism,0.875202301231863
HCA_fold2,gene,BayesPrism,0.761917543854898
HCA_fold2,gene,BayesPrism,0.251223646752014
HCA_fold2,gene,BayesPrism,0.658683605750835
HCA_fold2,gene,BayesPrism,0.815857265843342
HCA_fold2,gene,BayesPrism,0.873992374830326
HCA_fold2,gene,BayesPrism,0.741333083120878
HCA_fold2,gene,BayesPrism,0.58948728079706
HCA_fold2,gene,BayesPrism,0.784375976503229
HCA_fold2,gene,BayesPrism,0.585549144574279
HCA_fold2,gene,BayesPrism,0.946387593850552
HCA_fold2,gene,BayesPrism,0.747011062949351
HCA_fold2,gene,BayesPrism,0.50846004517826
HCA_fold2,gene,BayesPrism,0.75527933536775
HCA_fold2,gene,BayesPrism,0.530082874747834
HCA_fold2,gene,BayesPrism,0.805956643199199
HCA_fold2,gene,BayesPrism,0.530353220344646
HCA_fold2,gene,BayesPrism,0.321293996192809
HCA_fold2,gene,BayesPrism,0.722914628242926
HCA_fold2,gene,BayesPrism,0.543370142926435
HCA_fold2,gene,BayesPrism,0.648336193180394
HCA_fold2,gene,BayesPrism,0.532298258152014
HCA_fold2,gene,BayesPrism,0.731132174991012
HCA_fold2,gene,BayesPrism,0.73314299928523
HCA_fold2,gene,BayesPrism,0.867937676978183
HCA_fold2,gene,BayesPrism,0.472110907096714
HCA_fold2,gene,BayesPrism,0.896356625008641
HCA_fold2,gene,BayesPrism,0.822616314115273
HCA_fold2,gene,BayesPrism,0.737272928776746
HCA_fold2,gene,BayesPrism,0.316615636391501
HCA_fold2,gene,BayesPrism,0.643848150751457
HCA_fold2,gene,BayesPrism,0.811935141612905
HCA_fold2,gene,BayesPrism,0.531497867819528
HCA_fold2,gene,BayesPrism,0.528070089661824
HCA_fold2,gene,BayesPrism,0.752161131435323
HCA_fold2,gene,BayesPrism,0.658371282771437
HCA_fold2,gene,BayesPrism,0.802505331966076
HCA_fold2,gene,BayesPrism,0.354069497368299
HCA_fold2,gene,BayesPrism,0.247038062190649
HCA_fold2,gene,BayesPrism,0.61606573380678
HCA_fold2,gene,BayesPrism,0.608190032732935
HCA_fold2,gene,BayesPrism,0.399976746159063
HCA_fold2,gene,BayesPrism,0.569416132045258
HCA_fold2,gene,BayesPrism,0.848691422276039
HCA_fold2,gene,BayesPrism,0.379842239545915
HCA_fold2,gene,BayesPrism,0.575910795595244
HCA_fold2,gene,BayesPrism,0.693538602091152
HCA_fold2,gene,BayesPrism,0.739460528586593
HCA_fold2,gene,BayesPrism,0.76363516120781
HCA_fold2,gene,BayesPrism,0.609727370681738
HCA_fold2,gene,BayesPrism,0.740897724428121
HCA_fold2,gene,BayesPrism,0.50238125668715
HCA_fold2,gene,BayesPrism,0.647822587254693
HCA_fold2,gene,BayesPrism,0.681096641389869
HCA_fold2,gene,BayesPrism,0.746412045942517
HCA_fold2,gene,BayesPrism,0.555904395664438
HCA_fold2,gene,BayesPrism,0.791083968700096
HCA_fold2,gene,BayesPrism,0.711518661546309
HCA_fold2,gene,BayesPrism,0.637219072491609
HCA_fold2,gene,BayesPrism,0.444401482615519
HCA_fold2,gene,BayesPrism,0.495312867563554
HCA_fold2,gene,BayesPrism,0.811853831163371
HCA_fold2,gene,BayesPrism,0.602346759247607
HCA_fold2,gene,BayesPrism,0.663777896503498
HCA_fold2,gene,BayesPrism,0.67028207615022
HCA_fold2,gene,BayesPrism,0.404910369490117
HCA_fold2,gene,BayesPrism,0.21804177213014
HCA_fold2,gene,BayesPrism,0.604744495007526
HCA_fold2,gene,BayesPrism,0.659634903017548
HCA_fold2,gene,BayesPrism,0.543820119081738
HCA_fold2,gene,BayesPrism,0.834962097899266
HCA_fold2,gene,BayesPrism,0.552936802532224
HCA_fold2,gene,BayesPrism,0.506554823182761
HCA_fold2,gene,BayesPrism,0.636242848619005
HCA_fold2,gene,BayesPrism,0.81266403303982
HCA_fold2,gene,BayesPrism,0.686045050740708
HCA_fold2,gene,BayesPrism,0.948452859944431
HCA_fold2,gene,BayesPrism,0.690526056924059
HCA_fold2,gene,BayesPrism,0.644334912158627
HCA_fold2,gene,BayesPrism,0.821717357533433
HCA_fold2,gene,BayesPrism,0.378215855133716
HCA_fold2,gene,BayesPrism,0.562656083251866
HCA_fold2,gene,BayesPrism,0.633190719122068
HCA_fold2,gene,BayesPrism,0.745148796965395
HCA_fold2,gene,BayesPrism,0.529345473119319
HCA_fold2,gene,BayesPrism,0.762069536573726
HCA_fold2,gene,BayesPrism,0.68221062225297
HCA_fold2,gene,BayesPrism,0.591857759335813
HCA_fold2,gene,BayesPrism,0.578998118850049
HCA_fold2,gene,BayesPrism,0.817177303505404
HCA_fold2,gene,BayesPrism,0.696387712495279
HCA_fold2,gene,BayesPrism,0.692823477797268
HCA_fold2,gene,BayesPrism,0.923751220891856
HCA_fold2,gene,BayesPrism,0.466949254200349
HCA_fold2,gene,BayesPrism,0.259933545626071
HCA_fold2,gene,BayesPrism,0.610806848231093
HCA_fold2,gene,BayesPrism,0.563274804975675
HCA_fold2,gene,BayesPrism,0.747084696470433
HCA_fold2,gene,BayesPrism,0.793498100492137
HCA_fold2,gene,BayesPrism,0.61741632833553
HCA_fold2,gene,BayesPrism,0.65679822775208
HCA_fold2,gene,BayesPrism,0.603833496607205
HCA_fold2,gene,BayesPrism,0.449328773143795
HCA_fold2,gene,BayesPrism,0.404133633367145
HCA_fold2,gene,BayesPrism,0.63661810958762
HCA_fold2,gene,BayesPrism,0.828782919657893
HCA_fold2,gene,BayesPrism,0.473602736434657
HCA_fold2,gene,BayesPrism,0.269819728688656
HCA_fold2,gene,BayesPrism,0.888120341523834
HCA_fold2,gene,BayesPrism,0.551445661675056
HCA_fold2,gene,BayesPrism,0.57663438770867
HCA_fold2,gene,BayesPrism,0.433064003557628
HCA_fold2,gene,BayesPrism,0.672888123459027
HCA_fold2,gene,BayesPrism,0.781553875443436
HCA_fold2,gene,BayesPrism,0.41733986429908
HCA_fold2,gene,BayesPrism,0.688384838041501
HCA_fold2,gene,BayesPrism,0.700887052065075
HCA_fold2,gene,BayesPrism,0.328575286537239
HCA_fold2,gene,BayesPrism,0.698594449819438
HCA_fold2,gene,BayesPrism,0.837895256824569
HCA_fold2,gene,BayesPrism,0.741829407664769
HCA_fold2,gene,BayesPrism,0.782597729162967
HCA_fold2,gene,BayesPrism,0.545202439802984
HCA_fold2,gene,BayesPrism,0.418067084187546
HCA_fold2,gene,BayesPrism,0.803146150169025
HCA_fold2,gene,BayesPrism,0.542114735034679
HCA_fold2,gene,BayesPrism,0.777271725600034
HCA_fold2,gene,BayesPrism,0.8525523439387
HCA_fold2,gene,BayesPrism,0.934388189315979
HCA_fold2,gene,BayesPrism,0.490191271471495
HCA_fold2,gene,BayesPrism,0.623312796569874
HCA_fold2,gene,BayesPrism,0.873428010759723
HCA_fold2,gene,BayesPrism,0.815097107021966
HCA_fold2,gene,BayesPrism,0.313773208771873
HCA_fold2,gene,BayesPrism,0.638101258770645
HCA_fold2,gene,BayesPrism,0.405072441906409
HCA_fold2,gene,BayesPrism,0.810172173845412
HCA_fold2,gene,BayesPrism,0.749869885163347
HCA_fold2,gene,BayesPrism,0.537635049111862
HCA_fold2,gene,BayesPrism,0.349602891498917
HCA_fold2,gene,BayesPrism,0.374931069173557
HCA_fold2,gene,BayesPrism,0.60330206574764
HCA_fold2,gene,BayesPrism,0.527538787147845
HCA_fold2,gene,BayesPrism,0.805435813448334
HCA_fold2,gene,BayesPrism,0.666030875676674
HCA_fold2,gene,BayesPrism,0.319888534438165
HCA_fold2,gene,BayesPrism,0.75700306714301
HCA_fold2,gene,BayesPrism,0.819639750284586
HCA_fold2,gene,BayesPrism,0.518947712547276
HCA_fold2,gene,BayesPrism,0.636542858037718
HCA_fold2,gene,BayesPrism,0.501392387630017
HCA_fold2,gene,BayesPrism,0.873826110258745
HCA_fold2,gene,BayesPrism,0.430901288442491
HCA_fold2,gene,BayesPrism,0.676891237260495
HCA_fold2,gene,BayesPrism,0.26077166386409
HCA_fold2,gene,BayesPrism,0.506847713981192
HCA_fold2,gene,BayesPrism,0.502622158157739
HCA_fold2,gene,BayesPrism,0.350789662823828
HCA_fold2,gene,BayesPrism,0.695933520665805
HCA_fold2,gene,BayesPrism,0.699319052591527
HCA_fold2,gene,BayesPrism,0.705589764120647
HCA_fold2,gene,BayesPrism,0.469668643197905
HCA_fold2,gene,BayesPrism,0.145541151674548
HCA_fold2,gene,BayesPrism,0.864137281333192
HCA_fold2,gene,BayesPrism,0.467869021334649
HCA_fold2,gene,BayesPrism,0.636191469761173
HCA_fold2,gene,BayesPrism,0.541727732585963
HCA_fold2,gene,BayesPrism,0.355624305284957
HCA_fold2,gene,BayesPrism,0.576788991431311
HCA_fold2,gene,BayesPrism,0.747581563669766
HCA_fold2,gene,BayesPrism,0.842408878966938
HCA_fold2,gene,BayesPrism,0.440970184629005
HCA_fold2,gene,BayesPrism,0.79394163008991
HCA_fold2,gene,BayesPrism,0.726985934180368
HCA_fold2,gene,BayesPrism,0.755762214745292
HCA_fold2,gene,BayesPrism,0.950365588445056
HCA_fold2,gene,BayesPrism,0.68821657940967
HCA_fold2,gene,BayesPrism,0.505150762141471
HCA_fold2,gene,BayesPrism,0.160222051464126
HCA_fold2,gene,BayesPrism,0.567164417730599
HCA_fold2,gene,BayesPrism,0.836986403711297
HCA_fold2,gene,BayesPrism,0.826204042939007
HCA_fold2,gene,BayesPrism,0.356620539872121
HCA_fold2,gene,BayesPrism,0.516811188074922
HCA_fold2,gene,BayesPrism,0.467186828794546
HCA_fold2,gene,BayesPrism,0.733212795667753
HCA_fold2,gene,BayesPrism,0.718798468947376
HCA_fold2,gene,BayesPrism,0.809266416593014
HCA_fold2,gene,BayesPrism,0.644381069574499
HCA_fold2,gene,BayesPrism,0.900054837918596
HCA_fold2,gene,BayesPrism,0.749979359117136
HCA_fold2,gene,BayesPrism,0.719246420862133
HCA_fold2,gene,BayesPrism,0.758342528711164
HCA_fold2,gene,BayesPrism,0.296690188085557
HCA_fold2,gene,BayesPrism,0.634001011485225
HCA_fold2,gene,BayesPrism,0.663279775341134
HCA_fold2,gene,BayesPrism,0.896587292484165
HCA_fold2,gene,BayesPrism,0.776433698792802
HCA_fold2,gene,BayesPrism,0.800178549431878
HCA_fold2,gene,BayesPrism,0.319614145117164
HCA_fold2,gene,BayesPrism,0.829329589974691
HCA_fold2,gene,BayesPrism,0.81742095695464
HCA_fold2,gene,BayesPrism,0.628197519742631
HCA_fold2,gene,BayesPrism,0.376233928119184
HCA_fold2,gene,BayesPrism,0.522072645313374
HCA_fold2,gene,BayesPrism,0.60629872909884
HCA_fold2,gene,BayesPrism,0.567598173551854
HCA_fold2,gene,BayesPrism,0.60467250460105
HCA_fold2,gene,BayesPrism,0.861763362764593
HCA_fold2,gene,BayesPrism,0.439380490314183
HCA_fold2,gene,BayesPrism,0.46281595091543
HCA_fold2,gene,BayesPrism,0.768518606155004
HCA_fold2,gene,BayesPrism,0.556597875103913
HCA_fold2,gene,BayesPrism,0.420362318210335
HCA_fold2,gene,BayesPrism,0.623977699065419
HCA_fold2,gene,BayesPrism,0.278636787992121
HCA_fold2,gene,BayesPrism,0.674565785904791
HCA_fold2,gene,BayesPrism,0.834282510676125
HCA_fold2,gene,BayesPrism,0.682753161884581
HCA_fold2,gene,BayesPrism,0.457148077534885
HCA_fold2,gene,BayesPrism,0.481678245891177
HCA_fold2,gene,BayesPrism,0.592763161531581
HCA_fold2,gene,BayesPrism,0.506452968431156
HCA_fold2,gene,BayesPrism,0.46996284069454
HCA_fold2,gene,BayesPrism,0.567677592053727
HCA_fold2,gene,BayesPrism,0.534777935194745
HCA_fold2,gene,BayesPrism,0.707371571002123
HCA_fold2,gene,BayesPrism,0.859633174357819
HCA_fold2,gene,BayesPrism,0.755623051386493
HCA_fold2,gene,BayesPrism,0.525762372985746
HCA_fold2,gene,BayesPrism,0.360835580196221
HCA_fold2,gene,BayesPrism,0.382253829288712
HCA_fold2,gene,BayesPrism,0.62859472299456
HCA_fold2,gene,BayesPrism,0.659822074461828
HCA_fold2,gene,BayesPrism,0.668308645162003
HCA_fold2,gene,BayesPrism,0.500534993725675
HCA_fold2,gene,BayesPrism,0.751210088727604
HCA_fold2,gene,BayesPrism,0.872929170028852
HCA_fold2,gene,BayesPrism,0.585986471881355
HCA_fold2,gene,BayesPrism,0.843057892568613
HCA_fold2,gene,BayesPrism,0.880897297890019
HCA_fold2,gene,BayesPrism,0.849485909751742
HCA_fold2,gene,BayesPrism,0.738298683505553
HCA_fold2,gene,BayesPrism,0.720341820952451
HCA_fold2,gene,BayesPrism,0.825994502373686
HCA_fold2,gene,BayesPrism,0.667327909217159
HCA_fold2,gene,BayesPrism,0.891504804605558
HCA_fold2,gene,BayesPrism,0.771033120133453
HCA_fold2,gene,BayesPrism,0.652581809374439
HCA_fold2,gene,BayesPrism,0.81601227188731
HCA_fold2,gene,BayesPrism,0.877597465289199
HCA_fold2,gene,BayesPrism,0.537323468302231
HCA_fold2,gene,BayesPrism,0.900729349553469
HCA_fold2,gene,BayesPrism,0.210369658304187
HCA_fold2,gene,BayesPrism,0.40237183489798
HCA_fold2,gene,BayesPrism,0.941782641375787
HCA_fold2,gene,BayesPrism,0.782631820511314
HCA_fold2,gene,BayesPrism,0.44727779761673
HCA_fold2,gene,BayesPrism,0.789106345116032
HCA_fold2,gene,BayesPrism,0.666016532407744
HCA_fold2,gene,BayesPrism,0.846004371262052
HCA_fold2,gene,BayesPrism,0.684798024641189
HCA_fold2,gene,BayesPrism,0.593330145711016
HCA_fold2,gene,BayesPrism,0.750472621844005
HCA_fold2,gene,BayesPrism,0.494995596442765
HCA_fold2,gene,BayesPrism,0.738061836639851
HCA_fold2,gene,BayesPrism,0.811580322538938
HCA_fold2,gene,BayesPrism,0.75522090327022
HCA_fold2,gene,BayesPrism,0.693638545839868
HCA_fold2,gene,BayesPrism,0.746189649545891
HCA_fold2,gene,BayesPrism,0.755840827858587
HCA_fold2,gene,BayesPrism,0.730888046710613
HCA_fold2,gene,BayesPrism,0.684510725591684
HCA_fold2,gene,BayesPrism,0.523258319955537
HCA_fold2,gene,BayesPrism,0.200662407748086
HCA_fold2,gene,BayesPrism,0.339022751175343
HCA_fold2,gene,BayesPrism,0.930133998189539
HCA_fold2,gene,BayesPrism,0.648311382042734
HCA_fold2,gene,BayesPrism,0.546176727990886
HCA_fold2,gene,BayesPrism,0.75239515556402
HCA_fold2,gene,BayesPrism,0.690924595077913
HCA_fold2,gene,BayesPrism,0.689351423094141
HCA_fold2,gene,BayesPrism,0.85763053254451
HCA_fold2,gene,BayesPrism,0.398759702010988
HCA_fold2,gene,BayesPrism,0.804162000031585
HCA_fold2,gene,BayesPrism,0.66624430901246
HCA_fold2,gene,BayesPrism,0.39320873996996
HCA_fold2,gene,BayesPrism,0.41649072683199
HCA_fold2,gene,BayesPrism,0.760395793657094
HCA_fold2,gene,BayesPrism,0.718571463245451
HCA_fold2,gene,BayesPrism,0.771642383404988
HCA_fold2,gene,BayesPrism,0.396973843413862
HCA_fold2,gene,BayesPrism,0.902594891191405
HCA_fold2,gene,BayesPrism,0.718111365725825
HCA_fold2,gene,BayesPrism,0.743125766873113
HCA_fold2,gene,BayesPrism,0.432254509439281
HCA_fold2,gene,BayesPrism,0.779422899843116
HCA_fold2,gene,BayesPrism,0.546329196658372
HCA_fold2,gene,BayesPrism,0.739607564054425
HCA_fold2,gene,BayesPrism,0.912399861143902
HCA_fold2,gene,BayesPrism,0.834938580548226
HCA_fold2,gene,BayesPrism,0.55047890576228
HCA_fold2,gene,BayesPrism,0.588147647216132
HCA_fold2,gene,BayesPrism,0.573779734492249
HCA_fold2,gene,BayesPrism,0.480145887323441
HCA_fold2,gene,BayesPrism,0.893342404420959
HCA_fold2,gene,BayesPrism,0.600908890451173
HCA_fold2,gene,BayesPrism,0.561601784645741
HCA_fold2,gene,BayesPrism,0.795244534101003
HCA_fold2,gene,BayesPrism,0.282652914251166
HCA_fold2,gene,BayesPrism,0.884778571060459
HCA_fold2,gene,BayesPrism,0.704002384542922
HCA_fold2,gene,BayesPrism,0.656786298073081
HCA_fold2,gene,BayesPrism,0.449040266500111
HCA_fold2,gene,BayesPrism,0.662277771544675
HCA_fold2,gene,BayesPrism,0.688479968494478
HCA_fold2,gene,BayesPrism,0.806033597641605
HCA_fold2,gene,BayesPrism,0.648787259788663
HCA_fold2,gene,BayesPrism,0.572968634608188
HCA_fold2,gene,BayesPrism,0.510463673314387
HCA_fold2,gene,BayesPrism,0.647866391218255
HCA_fold2,gene,BayesPrism,0.620765358390284
HCA_fold2,gene,BayesPrism,0.632589201962745
HCA_fold2,gene,BayesPrism,0.511379065219956
HCA_fold2,gene,BayesPrism,0.632071304092456
HCA_fold2,gene,BayesPrism,0.822260847995547
HCA_fold2,gene,BayesPrism,0.211707537109292
HCA_fold2,gene,BayesPrism,0.781180416388842
HCA_fold2,gene,BayesPrism,0.479370335298342
HCA_fold2,gene,BayesPrism,0.722847190684769
HCA_fold2,gene,BayesPrism,0.61234096342652
HCA_fold2,gene,BayesPrism,0.874837014495249
HCA_fold2,gene,BayesPrism,0.779314294363873
HCA_fold2,gene,BayesPrism,0.617483104869765
HCA_fold2,gene,BayesPrism,0.776998891269268
HCA_fold2,gene,BayesPrism,0.866231467308266
HCA_fold2,gene,BayesPrism,0.498688821853697
HCA_fold2,gene,BayesPrism,0.376238720680224
HCA_fold2,gene,BayesPrism,0.781458787660241
HCA_fold2,gene,BayesPrism,0.77605871145361
HCA_fold2,gene,BayesPrism,0.870714449025735
HCA_fold2,gene,BayesPrism,0.722954901242176
HCA_fold2,gene,BayesPrism,0.725502082155526
HCA_fold2,gene,BayesPrism,0.673189483637278
HCA_fold2,gene,BayesPrism,0.770308973682065
HCA_fold2,gene,BayesPrism,0.49372387105813
HCA_fold2,gene,BayesPrism,0.786916063583586
HCA_fold2,gene,BayesPrism,0.700424102372037
HCA_fold2,gene,BayesPrism,0.399793109192696
HCA_fold2,gene,BayesPrism,0.743811846827018
HCA_fold2,gene,BayesPrism,0.73078047803169
HCA_fold2,gene,BayesPrism,0.789558358254215
HCA_fold2,gene,BayesPrism,0.624086518230383
HCA_fold2,gene,BayesPrism,0.834932129383539
HCA_fold2,gene,BayesPrism,0.612186897888485
HCA_fold2,gene,BayesPrism,0.846955660741939
HCA_fold2,gene,BayesPrism,0.719098090700092
HCA_fold2,gene,BayesPrism,0.242127861179225
HCA_fold2,gene,BayesPrism,0.718676653204572
HCA_fold2,gene,BayesPrism,0.658903437307137
HCA_fold2,gene,BayesPrism,0.774891218319077
HCA_fold2,gene,BayesPrism,0.740012506851037
HCA_fold2,gene,BayesPrism,0.687415595565035
HCA_fold2,gene,BayesPrism,0.444289640488794
HCA_fold2,gene,BayesPrism,0.820951848453511
HCA_fold2,gene,BayesPrism,0.781555033743664
HCA_fold2,gene,BayesPrism,0.492591178951844
HCA_fold2,gene,BayesPrism,0.568579987455525
HCA_fold2,gene,BayesPrism,0.366432666027863
HCA_fold2,gene,BayesPrism,0.749086866040921
HCA_fold2,gene,BayesPrism,0.446759191658904
HCA_fold2,gene,BayesPrism,0.589517829404995
HCA_fold2,gene,BayesPrism,0.630229076317724
HCA_fold2,gene,BayesPrism,0.686169094913038
HCA_fold2,gene,BayesPrism,0.646442313329179
HCA_fold2,gene,BayesPrism,0.856724102557158
HCA_fold2,gene,BayesPrism,0.944289734531136
HCA_fold2,gene,BayesPrism,0.719870380494607
HCA_fold2,gene,BayesPrism,0.764454379611551
HCA_fold2,gene,BayesPrism,0.82970454902836
HCA_fold2,gene,BayesPrism,0.799721246719069
HCA_fold2,gene,BayesPrism,0.447235996732355
HCA_fold2,gene,BayesPrism,0.745823648108194
HCA_fold2,gene,BayesPrism,0.640220595060068
HCA_fold2,gene,BayesPrism,0.658152929952547
HCA_fold2,gene,BayesPrism,0.912203087937625
HCA_fold2,gene,BayesPrism,0.426186273914181
HCA_fold2,gene,BayesPrism,0.808646076218878
HCA_fold2,gene,BayesPrism,0.840969557875589
HCA_fold2,gene,BayesPrism,0.683149172043451
HCA_fold2,gene,BayesPrism,0.75651868171164
HCA_fold2,gene,BayesPrism,0.863307860931815
HCA_fold2,gene,BayesPrism,0.66414126063934
HCA_fold2,gene,BayesPrism,0.324748044938991
HCA_fold2,gene,BayesPrism,0.670376051709192
HCA_fold2,gene,BayesPrism,0.822428866309885
HCA_fold2,gene,BayesPrism,0.753760417020381
HCA_fold2,gene,BayesPrism,0.817749039210339
HCA_fold2,gene,BayesPrism,0.814628056935191
HCA_fold2,gene,BayesPrism,0.75945027350791
HCA_fold2,gene,BayesPrism,0.594459832764158
HCA_fold2,gene,BayesPrism,0.497565554000125
HCA_fold2,gene,BayesPrism,0.826465574760505
HCA_fold2,gene,BayesPrism,0.324602461220216
HCA_fold2,gene,BayesPrism,0.916236282579339
HCA_fold2,gene,BayesPrism,0.702169106394693
HCA_fold2,gene,BayesPrism,0.362249830585025
HCA_fold2,gene,BayesPrism,0.660135914085134
HCA_fold2,gene,BayesPrism,0.689192507281244
HCA_fold2,gene,BayesPrism,0.600038621055963
HCA_fold2,gene,BayesPrism,0.821549449192617
HCA_fold2,gene,BayesPrism,0.589542428859707
HCA_fold2,gene,BayesPrism,0.904900484759621
HCA_fold2,gene,BayesPrism,0.864887482711741
HCA_fold2,gene,BayesPrism,0.839396036503042
HCA_fold2,gene,BayesPrism,0.622825358682537
HCA_fold2,gene,BayesPrism,0.532682141213682
HCA_fold2,gene,BayesPrism,0.636172479794723
HCA_fold2,gene,BayesPrism,0.661708392062521
HCA_fold2,gene,BayesPrism,0.375611119759165
HCA_fold2,gene,BayesPrism,0.771791951540689
HCA_fold2,gene,BayesPrism,0.273770645801874
HCA_fold2,gene,BayesPrism,0.861070760763049
HCA_fold2,gene,BayesPrism,0.438079618935943
HCA_fold2,gene,BayesPrism,0.31742407776691
HCA_fold2,gene,BayesPrism,0.202866624821209
HCA_fold2,gene,BayesPrism,0.529721750826693
HCA_fold2,gene,BayesPrism,0.867779183127476
HCA_fold2,gene,BayesPrism,0.436318130012071
HCA_fold2,gene,BayesPrism,0.336380249181087
HCA_fold2,gene,BayesPrism,0.309634376256174
HCA_fold2,gene,BayesPrism,0.504017686687901
HCA_fold2,gene,BayesPrism,0.862142194374814
HCA_fold2,gene,BayesPrism,0.56738729477398
HCA_fold2,gene,BayesPrism,0.559855423979889
HCA_fold2,gene,BayesPrism,0.530918642620399
HCA_fold2,gene,BayesPrism,0.272317692817307
HCA_fold2,gene,BayesPrism,0.441629467250823
HCA_fold2,gene,BayesPrism,0.72057955464364
HCA_fold2,gene,BayesPrism,0.68873979357529
HCA_fold2,gene,BayesPrism,0.813765569768384
HCA_fold2,gene,BayesPrism,0.434321697914721
HCA_fold2,gene,BayesPrism,0.536693363112508
HCA_fold2,gene,BayesPrism,0.73195190780644
HCA_fold2,gene,BayesPrism,0.355306836967094
HCA_fold2,gene,BayesPrism,0.464757390118035
HCA_fold2,gene,BayesPrism,0.668758099318678
HCA_fold2,gene,BayesPrism,0.843166193670128
HCA_fold2,gene,BayesPrism,0.622957387009195
HCA_fold2,gene,BayesPrism,0.344596705961143
HCA_fold2,gene,BayesPrism,0.612248762575304
HCA_fold2,gene,BayesPrism,0.905796666361919
HCA_fold2,gene,BayesPrism,0.755298417136733
HCA_fold2,gene,BayesPrism,0.415723468180346
HCA_fold2,gene,BayesPrism,0.671773046778861
HCA_fold2,gene,BayesPrism,0.611815750008481
HCA_fold2,gene,BayesPrism,0.517671484114453
HCA_fold2,gene,BayesPrism,0.714141424545117
HCA_fold2,gene,BayesPrism,0.65948743504585
HCA_fold2,gene,BayesPrism,0.544541320117232
HCA_fold2,gene,BayesPrism,0.785970365713307
HCA_fold2,gene,BayesPrism,0.453708773351182
HCA_fold2,gene,BayesPrism,0.815957662037938
HCA_fold2,gene,BayesPrism,0.912814754438567
HCA_fold2,gene,BayesPrism,0.708040661460654
HCA_fold2,gene,BayesPrism,0.813988386888145
HCA_fold2,gene,BayesPrism,0.867520851707426
HCA_fold2,gene,BayesPrism,0.644587267736875
HCA_fold2,gene,BayesPrism,0.562870299760976
HCA_fold2,gene,BayesPrism,0.755178177789594
HCA_fold2,gene,BayesPrism,0.466462917639734
HCA_fold2,gene,BayesPrism,0.541363987003117
HCA_fold2,gene,BayesPrism,0.852001308764569
HCA_fold2,gene,BayesPrism,0.392733498487074
HCA_fold2,gene,BayesPrism,0.772074814258565
HCA_fold2,gene,BayesPrism,0.563423682793083
HCA_fold2,gene,BayesPrism,0.766545674507771
HCA_fold2,gene,BayesPrism,0.473112488505267
HCA_fold2,gene,BayesPrism,0.579789198304814
HCA_fold2,gene,BayesPrism,0.698730011343722
HCA_fold2,gene,BayesPrism,0.846087940124401
HCA_fold2,gene,BayesPrism,0.565596450709787
HCA_fold2,gene,BayesPrism,0.504608129885868
HCA_fold2,gene,BayesPrism,0.767310509189147
HCA_fold2,gene,BayesPrism,0.628777017315596
HCA_fold2,gene,BayesPrism,0.873675563961683
HCA_fold2,gene,BayesPrism,0.928598156740179
HCA_fold2,gene,BayesPrism,0.826960303907734
HCA_fold2,gene,BayesPrism,0.445462862417972
HCA_fold2,gene,BayesPrism,0.292502156703375
HCA_fold2,gene,BayesPrism,0.782404716700818
HCA_fold2,gene,BayesPrism,0.549910115296435
HCA_fold2,gene,BayesPrism,0.869848863527988
HCA_fold2,gene,BayesPrism,0.459729812718193
HCA_fold2,gene,BayesPrism,0.698645853363709
HCA_fold2,gene,BayesPrism,0.736919689988986
HCA_fold2,gene,BayesPrism,0.844774507197886
HCA_fold2,gene,BayesPrism,0.837662269749554
HCA_fold2,gene,BayesPrism,0.570566504161933
HCA_fold2,gene,BayesPrism,0.582805016030541
HCA_fold2,gene,BayesPrism,0.837144807936798
HCA_fold2,gene,BayesPrism,0.644412028486378
HCA_fold2,gene,BayesPrism,0.897803777653322
HCA_fold2,gene,BayesPrism,0.632490445835706
HCA_fold2,gene,BayesPrism,0.687949557600456
HCA_fold2,gene,BayesPrism,0.537985255661901
HCA_fold2,gene,BayesPrism,0.58836338838417
HCA_fold2,gene,BayesPrism,0.625778832992678
HCA_fold2,gene,BayesPrism,0.732883840435729
HCA_fold2,gene,BayesPrism,0.532526694305977
HCA_fold2,gene,BayesPrism,0.905293257436529
HCA_fold2,gene,BayesPrism,0.441163310810649
HCA_fold2,gene,BayesPrism,0.838160592047114
HCA_fold2,gene,BayesPrism,0.743069752539512
HCA_fold2,gene,BayesPrism,0.674695170899195
HCA_fold2,gene,BayesPrism,0.242379060155229
HCA_fold2,gene,BayesPrism,0.933813537858381
HCA_fold2,gene,BayesPrism,0.804027508469613
HCA_fold2,gene,BayesPrism,0.644499796958865
HCA_fold2,gene,BayesPrism,0.787526579528883
HCA_fold2,gene,BayesPrism,0.613808055069661
HCA_fold2,gene,BayesPrism,0.273618251713175
HCA_fold2,gene,BayesPrism,0.378719655162815
HCA_fold2,gene,BayesPrism,0.880870374665486
HCA_fold2,gene,BayesPrism,0.777905192236205
HCA_fold2,gene,BayesPrism,0.782792738296767
HCA_fold2,gene,BayesPrism,0.881193097573492
HCA_fold2,gene,BayesPrism,0.629716264631073
HCA_fold2,gene,BayesPrism,0.710914109170404
HCA_fold2,gene,BayesPrism,0.590227682015764
HCA_fold2,gene,BayesPrism,0.465088209304264
HCA_fold2,gene,BayesPrism,0.670676037240611
HCA_fold2,gene,BayesPrism,0.70791973106396
HCA_fold2,gene,BayesPrism,0.830588639149111
HCA_fold2,gene,BayesPrism,0.484337430745009
HCA_fold2,gene,BayesPrism,0.79638989730059
HCA_fold2,gene,BayesPrism,0.664196276236031
HCA_fold2,gene,BayesPrism,0.557265911474057
HCA_fold2,gene,BayesPrism,0.715509730454567
HCA_fold2,gene,BayesPrism,0.339936472774943
HCA_fold2,gene,BayesPrism,0.84143385024352
HCA_fold2,gene,BayesPrism,0.733389619819393
HCA_fold2,gene,BayesPrism,0.649369356857152
HCA_fold2,gene,BayesPrism,0.267353801854338
HCA_fold2,gene,BayesPrism,0.596775390214976
HCA_fold2,gene,BayesPrism,0.609827936247207
HCA_fold2,gene,BayesPrism,0.960681914230106
HCA_fold2,gene,BayesPrism,0.769321526499187
HCA_fold2,gene,BayesPrism,0.698892337770982
HCA_fold2,gene,BayesPrism,0.652125197174377
HCA_fold2,gene,BayesPrism,0.893825645096884
HCA_fold2,gene,BayesPrism,0.934836737778553
HCA_fold2,gene,BayesPrism,0.191954654023805
HCA_fold2,gene,BayesPrism,0.386407911224012
HCA_fold2,gene,BayesPrism,0.579609683872132
HCA_fold2,gene,BayesPrism,0.773691163806566
HCA_fold2,gene,BayesPrism,0.682817910762269
HCA_fold2,gene,BayesPrism,0.802012052931708
HCA_fold2,gene,BayesPrism,0.861527586144572
HCA_fold2,gene,BayesPrism,0.812886326658169
HCA_fold2,gene,BayesPrism,0.459120974896469
HCA_fold2,gene,BayesPrism,0.6944418221305
HCA_fold2,gene,BayesPrism,0.544622841039075
HCA_fold2,gene,BayesPrism,0.365480636777929
HCA_fold2,gene,BayesPrism,0.376861043486352
HCA_fold2,gene,BayesPrism,0.624868474699204
HCA_fold2,gene,BayesPrism,0.331094518948385
HCA_fold2,gene,BayesPrism,0.631767558598863
HCA_fold2,gene,BayesPrism,0.936176620077795
HCA_fold2,gene,BayesPrism,0.487058049321048
HCA_fold2,gene,BayesPrism,0.554918247271738
HCA_fold2,gene,BayesPrism,0.867604949032643
HCA_fold2,gene,BayesPrism,0.465572281371724
HCA_fold2,gene,BayesPrism,0.845061486981229
HCA_fold2,gene,BayesPrism,0.399549023249429
HCA_fold2,gene,BayesPrism,0.756996569424785
HCA_fold2,gene,BayesPrism,0.489502593027459
HCA_fold2,gene,BayesPrism,0.750070899311078
HCA_fold2,gene,BayesPrism,0.750541049896003
HCA_fold2,gene,BayesPrism,0.768442810315295
HCA_fold2,gene,BayesPrism,0.68201479263336
HCA_fold2,gene,BayesPrism,0.739033081113493
HCA_fold2,gene,BayesPrism,0.27054242557258
HCA_fold2,gene,BayesPrism,0.741137582339478
HCA_fold2,gene,BayesPrism,0.676961035288314
HCA_fold2,gene,BayesPrism,0.685131549719493
HCA_fold2,gene,BayesPrism,0.694155936101703
HCA_fold2,gene,BayesPrism,0.865836509509137
HCA_fold2,gene,BayesPrism,0.429403677867956
HCA_fold2,gene,BayesPrism,0.840319246918146
HCA_fold2,gene,BayesPrism,0.767538600843321
HCA_fold2,gene,BayesPrism,0.609050531550544
HCA_fold2,gene,BayesPrism,0.581598730922828
HCA_fold2,gene,BayesPrism,0.697278805906815
HCA_fold2,gene,BayesPrism,0.465108694973743
HCA_fold2,gene,BayesPrism,0.393173066990299
HCA_fold2,gene,BayesPrism,0.833656104305607
HCA_fold2,gene,BayesPrism,0.435905586143052
HCA_fold2,gene,BayesPrism,0.581675392081016
HCA_fold2,gene,BayesPrism,0.352860717324205
HCA_fold2,gene,BayesPrism,0.245814613761629
HCA_fold2,gene,BayesPrism,0.908661051803046
HCA_fold2,gene,BayesPrism,0.725584805430289
HCA_fold2,gene,BayesPrism,0.688106881254459
HCA_fold2,gene,BayesPrism,0.766160682290236
HCA_fold2,gene,BayesPrism,0.68564453302133
HCA_fold2,gene,BayesPrism,0.556282329994604
HCA_fold2,gene,BayesPrism,0.470287239016195
HCA_fold2,gene,BayesPrism,0.90125823128277
HCA_fold2,gene,BayesPrism,0.872232685851759
HCA_fold2,gene,BayesPrism,0.526620580582196
HCA_fold2,gene,BayesPrism,0.596586269652153
HCA_fold2,gene,BayesPrism,0.508597351581698
HCA_fold2,gene,BayesPrism,0.7611065655782
HCA_fold2,gene,BayesPrism,0.584049928136345
HCA_fold2,gene,BayesPrism,0.559828351888954
HCA_fold2,gene,BayesPrism,0.482796967809983
HCA_fold2,gene,BayesPrism,0.803213470068137
HCA_fold2,gene,BayesPrism,0.421224359386978
HCA_fold2,gene,BayesPrism,0.47315767108279
HCA_fold2,gene,BayesPrism,0.342248731766055
HCA_fold2,gene,BayesPrism,0.72075072501274
HCA_fold2,gene,BayesPrism,0.75546231275092
HCA_fold2,gene,BayesPrism,0.890093329155905
HCA_fold2,gene,BayesPrism,0.669991529848461
HCA_fold2,gene,BayesPrism,0.455253485996661
HCA_fold2,gene,BayesPrism,0.300396587801295
HCA_fold2,gene,BayesPrism,0.590345980514909
HCA_fold2,gene,BayesPrism,0.6043766784301
HCA_fold2,gene,BayesPrism,0.628177646323065
HCA_fold2,gene,BayesPrism,0.574529482552823
HCA_fold2,gene,BayesPrism,0.696316365531176
HCA_fold2,gene,BayesPrism,0.813211914118
HCA_fold2,gene,BayesPrism,0.741010326312852
HCA_fold2,gene,BayesPrism,0.561564580751861
HCA_fold2,gene,BayesPrism,0.571454358528345
HCA_fold2,gene,BayesPrism,0.725658598040956
HCA_fold2,gene,BayesPrism,0.799593042341987
HCA_fold2,gene,BayesPrism,0.728341407431634
HCA_fold2,gene,BayesPrism,0.31386564691706
HCA_fold2,gene,BayesPrism,0.54306585361254
HCA_fold2,gene,BayesPrism,0.539031125723271
HCA_fold2,gene,BayesPrism,0.433832729767989
HCA_fold2,gene,BayesPrism,0.835903132749645
HCA_fold2,gene,BayesPrism,0.568213601898191
HCA_fold2,gene,BayesPrism,0.64378729279785
HCA_fold2,gene,BayesPrism,0.828197206942972
HCA_fold2,gene,BayesPrism,0.837456510637022
HCA_fold2,gene,BayesPrism,0.535003646041917
HCA_fold2,gene,BayesPrism,0.691641467456674
HCA_fold2,gene,BayesPrism,0.515626075911381
HCA_fold2,gene,BayesPrism,0.112588012878676
HCA_fold2,gene,BayesPrism,0.659576204632557
HCA_fold2,gene,BayesPrism,0.518123116819259
HCA_fold2,gene,BayesPrism,0.571967803907142
HCA_fold2,gene,BayesPrism,0.806112217948757
HCA_fold2,gene,BayesPrism,0.526401108648939
HCA_fold2,gene,BayesPrism,0.534415774481364
HCA_fold2,gene,BayesPrism,0.305621565448839
HCA_fold2,gene,BayesPrism,0.485898098745687
HCA_fold2,gene,BayesPrism,0.54180006792026
HCA_fold2,gene,BayesPrism,0.611870917161033
HCA_fold2,gene,BayesPrism,0.522678177809011
HCA_fold2,gene,BayesPrism,0.460154189011986
HCA_fold2,gene,BayesPrism,0.599142342107781
HCA_fold2,gene,BayesPrism,0.484848329848596
HCA_fold2,gene,BayesPrism,0.727726773946176
HCA_fold2,gene,BayesPrism,0.733351449800861
HCA_fold2,gene,BayesPrism,0.77854012284016
HCA_fold2,gene,BayesPrism,0.674953438202072
HCA_fold2,gene,BayesPrism,0.723854560217897
HCA_fold2,gene,BayesPrism,0.61476859970591
HCA_fold2,gene,BayesPrism,0.489684649736788
HCA_fold2,gene,BayesPrism,0.791111349164087
HCA_fold2,gene,BayesPrism,0.612709306035049
HCA_fold2,gene,BayesPrism,0.483652341381801
HCA_fold2,gene,BayesPrism,0.850424393069068
HCA_fold2,gene,BayesPrism,0.229379249064203
HCA_fold2,gene,BayesPrism,0.620421996031263
HCA_fold2,gene,BayesPrism,0.866142060604032
HCA_fold2,gene,BayesPrism,0.695419601732676
HCA_fold2,gene,BayesPrism,0.450120757848841
HCA_fold2,gene,BayesPrism,0.497888343733141
HCA_fold2,gene,BayesPrism,0.806715376907993
HCA_fold2,gene,BayesPrism,0.884328542678567
HCA_fold2,gene,BayesPrism,0.919869851767141
HCA_fold2,gene,BayesPrism,0.32392536836371
HCA_fold2,gene,BayesPrism,0.617878173451864
HCA_fold2,gene,BayesPrism,0.806822252396511
HCA_fold2,gene,BayesPrism,0.653837251199718
HCA_fold2,gene,BayesPrism,0.585617793657041
HCA_fold2,gene,BayesPrism,0.593636144429871
HCA_fold2,gene,BayesPrism,0.795719909783126
HCA_fold2,gene,BayesPrism,0.722258833127521
HCA_fold2,gene,BayesPrism,0.584694506116726
HCA_fold2,gene,BayesPrism,0.434125738980086
HCA_fold2,gene,BayesPrism,0.521381408225372
HCA_fold2,gene,BayesPrism,0.791792391623581
HCA_fold2,gene,BayesPrism,0.506861250866618
HCA_fold2,gene,BayesPrism,0.626156233396183
HCA_fold2,gene,BayesPrism,0.564814137770091
HCA_fold2,gene,BayesPrism,0.431400870032915
HCA_fold2,gene,BayesPrism,0.923440096645624
HCA_fold2,gene,BayesPrism,0.315709130209933
HCA_fold2,gene,BayesPrism,0.336991240549677
HCA_fold2,gene,BayesPrism,0.831906746203001
HCA_fold2,gene,BayesPrism,0.58615486169555
HCA_fold2,gene,BayesPrism,0.733136028900903
HCA_fold2,gene,BayesPrism,0.585312622385848
HCA_fold2,gene,BayesPrism,0.454390636233901
HCA_fold2,gene,BayesPrism,0.308547407765642
HCA_fold2,gene,BayesPrism,0.568170286486819
HCA_fold2,gene,BayesPrism,0.695826506602437
HCA_fold2,gene,BayesPrism,0.813833548350173
HCA_fold2,gene,BayesPrism,0.568803680093299
HCA_fold2,gene,BayesPrism,0.828101772529216
HCA_fold2,gene,BayesPrism,0.766190232988397
HCA_fold2,gene,BayesPrism,0.749007631699764
HCA_fold2,gene,BayesPrism,0.443661006115572
HCA_fold2,gene,BayesPrism,0.452189321940189
HCA_fold2,gene,BayesPrism,0.660296831887618
HCA_fold2,gene,BayesPrism,0.733440699034494
HCA_fold2,gene,BayesPrism,0.824596927338796
HCA_fold2,gene,BayesPrism,0.805996353508044
HCA_fold2,gene,BayesPrism,0.724410640614418
HCA_fold2,gene,BayesPrism,0.614811831539713
HCA_fold2,gene,BayesPrism,0.464514953140019
HCA_fold2,gene,BayesPrism,0.682507315972258
HCA_fold2,gene,BayesPrism,0.821838482307572
HCA_fold2,gene,BayesPrism,0.924550103686465
HCA_fold2,gene,BayesPrism,0.172197161726715
HCA_fold2,gene,BayesPrism,0.507167493483938
HCA_fold2,gene,BayesPrism,0.912895996421965
HCA_fold2,gene,BayesPrism,0.796707209884696
HCA_fold2,gene,BayesPrism,0.717834757030415
HCA_fold2,gene,BayesPrism,0.795330690947135
HCA_fold2,gene,BayesPrism,0.91119353928361
HCA_fold2,gene,BayesPrism,0.903438951683507
HCA_fold2,gene,BayesPrism,0.750690874577215
HCA_fold2,gene,BayesPrism,0.651924884091768
HCA_fold2,gene,BayesPrism,0.614299126205828
HCA_fold2,gene,BayesPrism,0.670707115210243
HCA_fold2,gene,BayesPrism,0.636584062444811
HCA_fold2,gene,BayesPrism,0.630891998566602
HCA_fold2,gene,BayesPrism,0.741792975502119
HCA_fold2,gene,BayesPrism,0.826017336453183
HCA_fold2,gene,BayesPrism,0.591431349944737
HCA_fold2,gene,BayesPrism,0.799355462243495
HCA_fold2,gene,BayesPrism,0.734308171369869
HCA_fold2,gene,BayesPrism,0.825413570298906
HCA_fold2,gene,BayesPrism,0.798382896757841
HCA_fold2,gene,BayesPrism,0.773004570168774
HCA_fold2,gene,BayesPrism,0.764380524497293
HCA_fold2,gene,BayesPrism,0.63232350578176
HCA_fold2,gene,BayesPrism,0.91755017601441
HCA_fold2,gene,BayesPrism,0.781718240514224
HCA_fold2,gene,BayesPrism,0.832568468660408
HCA_fold2,gene,BayesPrism,0.933877404293569
HCA_fold2,gene,BayesPrism,0.594540496298153
HCA_fold2,gene,BayesPrism,0.302578611225504
HCA_fold2,gene,BayesPrism,0.333522208054881
HCA_fold2,gene,BayesPrism,0.758792400592863
HCA_fold2,gene,BayesPrism,0.500082560843046
HCA_fold2,gene,BayesPrism,0.865203061941766
HCA_fold2,gene,BayesPrism,0.784670497320028
HCA_fold2,gene,BayesPrism,0.540214095318938
HCA_fold2,gene,BayesPrism,0.673730309176673
HCA_fold2,gene,BayesPrism,0.402432656415751
HCA_fold2,gene,BayesPrism,0.745086427178687
HCA_fold2,gene,BayesPrism,0.904397821004268
HCA_fold2,gene,BayesPrism,0.552611636299182
HCA_fold2,gene,BayesPrism,0.289871931098484
HCA_fold2,gene,BayesPrism,0.727503289955382
HCA_fold2,gene,BayesPrism,0.398520511661223
HCA_fold2,gene,BayesPrism,0.671568979279103
HCA_fold2,gene,BayesPrism,0.452425650409338
HCA_fold2,gene,BayesPrism,0.558918661686849
HCA_fold2,gene,BayesPrism,0.539555898451571
HCA_fold2,gene,BayesPrism,0.703593058315139
HCA_fold2,gene,BayesPrism,0.633050588741203
HCA_fold2,gene,BayesPrism,0.866994367603268
HCA_fold2,gene,BayesPrism,0.670605552873666
HCA_fold2,gene,BayesPrism,0.451833765482981
HCA_fold2,gene,BayesPrism,0.861921843250125
HCA_fold2,gene,BayesPrism,0.654152684949301
HCA_fold2,gene,BayesPrism,0.390326642962116
HCA_fold2,gene,BayesPrism,0.496728210033676
HCA_fold2,gene,BayesPrism,0.756404701658613
HCA_fold2,gene,BayesPrism,0.906581636743926
HCA_fold2,gene,BayesPrism,0.874515830516666
HCA_fold2,gene,BayesPrism,0.526114795755625
HCA_fold2,gene,BayesPrism,0.558129627010033
HCA_fold2,gene,BayesPrism,0.771572812446915
HCA_fold2,gene,BayesPrism,0.416308772402653
HCA_fold2,gene,BayesPrism,0.918513156366809
HCA_fold2,gene,BayesPrism,0.579173544806795
HCA_fold2,gene,BayesPrism,0.778231294450135
HCA_fold2,gene,BayesPrism,0.673896297875094
HCA_fold2,gene,BayesPrism,0.517105701879579
HCA_fold2,gene,BayesPrism,0.542561705201753
HCA_fold2,gene,BayesPrism,0.870005197378978
HCA_fold2,gene,BayesPrism,0.663609155554537
HCA_fold2,gene,BayesPrism,0.559159268082356
HCA_fold2,gene,BayesPrism,0.2132714639947
HCA_fold2,gene,BayesPrism,0.550340876411291
HCA_fold2,gene,BayesPrism,0.758794593857488
HCA_fold2,gene,BayesPrism,0.679678289827107
HCA_fold2,gene,BayesPrism,0.277068082360839
HCA_fold2,gene,BayesPrism,0.66718466125149
HCA_fold2,gene,BayesPrism,0.79501527151625
HCA_fold2,gene,BayesPrism,0.458920502363851
HCA_fold2,gene,BayesPrism,0.917017857324213
HCA_fold2,gene,BayesPrism,0.367283054802398
HCA_fold2,gene,BayesPrism,0.852371786347744
HCA_fold2,gene,BayesPrism,0.4573241496323
HCA_fold2,gene,BayesPrism,0.650908693047333
HCA_fold2,gene,BayesPrism,0.521515440730172
HCA_fold2,gene,BayesPrism,0.408050763909912
HCA_fold2,gene,BayesPrism,0.797350967595047
HCA_fold2,gene,BayesPrism,0.274284105490307
HCA_fold2,gene,BayesPrism,0.682797747253978
HCA_fold2,gene,BayesPrism,0.489201081791166
HCA_fold2,gene,BayesPrism,0.558899946245583
HCA_fold2,gene,BayesPrism,0.878529703516731
HCA_fold2,gene,BayesPrism,0.697533123309948
HCA_fold2,gene,BayesPrism,0.731500893477108
HCA_fold2,gene,BayesPrism,0.187139635811789
HCA_fold2,gene,BayesPrism,0.615824066761453
HCA_fold2,gene,BayesPrism,0.651783306874462
HCA_fold2,gene,BayesPrism,0.588198083077314
HCA_fold2,gene,BayesPrism,0.775208888614483
HCA_fold2,gene,BayesPrism,0.542392605271031
HCA_fold2,gene,BayesPrism,0.580217736415795
HCA_fold2,gene,BayesPrism,0.70362293520661
HCA_fold2,gene,BayesPrism,0.372260844346646
HCA_fold2,gene,BayesPrism,0.671747322999828
HCA_fold2,gene,BayesPrism,0.199250379080545
HCA_fold2,gene,BayesPrism,0.52733352509178
HCA_fold2,gene,BayesPrism,0.579947113007833
HCA_fold2,gene,BayesPrism,0.665736896120514
HCA_fold2,gene,BayesPrism,0.444326266155936
HCA_fold2,gene,BayesPrism,0.440970384969862
HCA_fold2,gene,BayesPrism,0.6817163281165
HCA_fold2,gene,BayesPrism,0.361951687860231
HCA_fold2,gene,BayesPrism,0.434001315441067
HCA_fold2,gene,BayesPrism,0.207094979915763
HCA_fold2,gene,BayesPrism,0.47240146192144
HCA_fold2,gene,BayesPrism,0.755386795901909
HCA_fold2,gene,BayesPrism,0.920234673480565
HCA_fold2,gene,BayesPrism,0.506442703516159
HCA_fold2,gene,BayesPrism,0.835715347220592
HCA_fold2,gene,BayesPrism,0.937743709136098
HCA_fold2,gene,BayesPrism,0.3113503623688
HCA_fold2,gene,BayesPrism,0.418940969191567
HCA_fold2,gene,BayesPrism,0.48303962597457
HCA_fold2,gene,BayesPrism,0.589459758589615
HCA_fold2,gene,BayesPrism,0.875556771372813
HCA_fold2,gene,BayesPrism,0.68811878339041
HCA_fold2,gene,BayesPrism,0.698897714250666
HCA_fold2,gene,BayesPrism,0.753614042710568
HCA_fold2,gene,BayesPrism,0.879914905215688
HCA_fold2,gene,BayesPrism,0.782256646199314
HCA_fold2,gene,BayesPrism,0.846740989359776
HCA_fold2,gene,BayesPrism,0.8126343597734
HCA_fold2,gene,BayesPrism,0.781866326863879
HCA_fold2,gene,BayesPrism,0.965144481683632
HCA_fold2,gene,BayesPrism,0.423225743233621
HCA_fold2,gene,BayesPrism,0.871928723765447
HCA_fold2,gene,BayesPrism,0.877825561183165
HCA_fold2,gene,BayesPrism,0.431224555992908
HCA_fold2,gene,BayesPrism,0.442147005928173
HCA_fold2,gene,BayesPrism,0.884026576133224
HCA_fold2,gene,BayesPrism,0.736461266952027
HCA_fold2,gene,BayesPrism,0.635290147090964
HCA_fold2,gene,BayesPrism,0.647623588957975
HCA_fold2,gene,BayesPrism,0.800242898541799
HCA_fold2,gene,BayesPrism,0.818869044788204
HCA_fold2,gene,BayesPrism,0.704073319111729
HCA_fold2,gene,BayesPrism,0.706370976279611
HCA_fold2,gene,BayesPrism,0.574095709864442
HCA_fold2,gene,BayesPrism,0.670904784548578
HCA_fold2,gene,BayesPrism,0.520564021586524
HCA_fold2,gene,BayesPrism,0.818681792382066
HCA_fold2,gene,BayesPrism,0.587032220268117
HCA_fold2,gene,BayesPrism,0.600670668497651
HCA_fold2,gene,BayesPrism,0.714350248641983
HCA_fold2,gene,BayesPrism,0.569091255540637
HCA_fold2,gene,BayesPrism,0.843524087033028
HCA_fold2,gene,BayesPrism,0.444310324084506
HCA_fold2,gene,BayesPrism,0.950379726065652
HCA_fold2,gene,BayesPrism,0.731917397172327
HCA_fold2,gene,BayesPrism,0.60779524585659
HCA_fold2,gene,BayesPrism,0.7543597193797
HCA_fold2,gene,BayesPrism,0.475375820554994
HCA_fold2,gene,BayesPrism,0.655839865553868
HCA_fold2,gene,BayesPrism,0.812153322853008
HCA_fold2,gene,BayesPrism,0.664442460560551
HCA_fold2,gene,BayesPrism,0.290237260175869
HCA_fold2,gene,BayesPrism,0.866146491074577
HCA_fold2,gene,BayesPrism,0.824591628696056
HCA_fold2,gene,BayesPrism,0.672520271184191
HCA_fold2,gene,BayesPrism,0.70255117254981
HCA_fold2,gene,BayesPrism,0.395356569164142
HCA_fold2,gene,BayesPrism,0.41144645123046
HCA_fold2,gene,BayesPrism,0.744256296775816
HCA_fold2,gene,BayesPrism,0.705468845156643
HCA_fold2,gene,BayesPrism,0.819237452439135
HCA_fold2,gene,BayesPrism,0.632194393678271
HCA_fold2,gene,BayesPrism,0.650724711978063
HCA_fold2,gene,BayesPrism,0.875066812566387
HCA_fold2,gene,BayesPrism,0.830413550980284
HCA_fold2,gene,BayesPrism,0.84862505705198
HCA_fold2,gene,BayesPrism,0.62876200358508
HCA_fold2,gene,BayesPrism,0.842719870273541
HCA_fold2,gene,BayesPrism,0.654983939962954
HCA_fold2,gene,BayesPrism,0.574632960747045
HCA_fold2,gene,BayesPrism,0.795351453785076
HCA_fold2,gene,BayesPrism,0.541057549129428
HCA_fold2,gene,BayesPrism,0.495166606679851
HCA_fold2,gene,BayesPrism,0.767923766397368
HCA_fold2,gene,BayesPrism,0.76512646238928
HCA_fold2,gene,BayesPrism,0.624735669540956
HCA_fold2,gene,BayesPrism,0.640212151660946
HCA_fold2,gene,BayesPrism,0.7934751398634
HCA_fold2,gene,BayesPrism,0.650328319767529
HCA_fold2,gene,BayesPrism,0.330321695101953
HCA_fold2,gene,BayesPrism,0.846693388166042
HCA_fold2,gene,BayesPrism,0.726852137016712
HCA_fold2,gene,BayesPrism,0.718671366386665
HCA_fold2,gene,BayesPrism,0.780976781364509
HCA_fold2,gene,BayesPrism,0.490908832314435
HCA_fold2,gene,BayesPrism,0.769540179563542
HCA_fold2,gene,BayesPrism,0.523477883046822
HCA_fold2,gene,BayesPrism,0.506651604427213
HCA_fold2,gene,BayesPrism,0.779010810413423
HCA_fold2,gene,BayesPrism,0.803063267784338
HCA_fold2,gene,BayesPrism,0.633340719391521
HCA_fold2,gene,BayesPrism,0.821363287118716
HCA_fold2,gene,BayesPrism,0.73723146899464
HCA_fold2,gene,BayesPrism,0.547945517820911
HCA_fold2,gene,BayesPrism,0.741344557989812
HCA_fold2,gene,BayesPrism,0.219640798343076
HCA_fold2,gene,BayesPrism,0.0521183373180756
HCA_fold2,gene,BayesPrism,0.777332467937846
HCA_fold2,gene,BayesPrism,0.562922280276892
HCA_fold2,gene,BayesPrism,0.20577204596382
HCA_fold2,gene,BayesPrism,0.707847443218031
HCA_fold2,gene,BayesPrism,0.701003402615552
HCA_fold2,gene,BayesPrism,0.387519574886107
HCA_fold2,gene,BayesPrism,0.640791976705325
HCA_fold2,gene,BayesPrism,0.86669467967016
HCA_fold2,gene,BayesPrism,0.646120260650458
HCA_fold2,gene,BayesPrism,0.891181542996274
HCA_fold2,gene,BayesPrism,0.353087748283908
HCA_fold2,gene,BayesPrism,0.899248487149576
HCA_fold2,gene,BayesPrism,0.314126568540734
HCA_fold2,gene,BayesPrism,0.666840544669791
HCA_fold2,gene,BayesPrism,0.304366640348355
HCA_fold2,gene,BayesPrism,0.772352282883813
HCA_fold2,gene,BayesPrism,0.642761460428221
HCA_fold2,gene,BayesPrism,0.549343109440994
HCA_fold2,gene,BayesPrism,0.474530874688271
HCA_fold2,gene,BayesPrism,0.440258428128696
HCA_fold2,gene,BayesPrism,0.842562919511154
HCA_fold2,gene,BayesPrism,0.632520856343044
HCA_fold2,gene,BayesPrism,0.924482561920318
HCA_fold2,gene,BayesPrism,0.617316189220905
HCA_fold2,gene,BayesPrism,0.849028149928475
HCA_fold2,gene,BayesPrism,0.771076641938551
HCA_fold2,gene,BayesPrism,0.72294621267302
HCA_fold2,gene,BayesPrism,0.787712678266634
HCA_fold2,gene,BayesPrism,0.558849720040737
HCA_fold2,gene,BayesPrism,0.666045690230787
HCA_fold2,gene,BayesPrism,0.597318010636475
HCA_fold2,gene,BayesPrism,0.731984106446355
HCA_fold2,gene,BayesPrism,0.907060423993683
HCA_fold2,gene,BayesPrism,0.917002697922942
HCA_fold2,gene,BayesPrism,0.878108809294374
HCA_fold2,gene,BayesPrism,0.893316888878288
HCA_fold2,gene,BayesPrism,0.627256414609824
HCA_fold2,gene,BayesPrism,0.196509839072489
HCA_fold2,gene,BayesPrism,0.915100967802626
HCA_fold2,gene,BayesPrism,0.683018565636115
HCA_fold2,gene,BayesPrism,0.699513784582243
HCA_fold2,gene,BayesPrism,0.681529086113754
HCA_fold2,gene,BayesPrism,0.173588231451518
HCA_fold2,gene,BayesPrism,0.741895441353922
HCA_fold2,gene,BayesPrism,0.654732437176173
HCA_fold2,gene,BayesPrism,0.753178409002964
HCA_fold2,gene,BayesPrism,0.774306081685944
HCA_fold2,gene,BayesPrism,0.459164968228324
HCA_fold2,gene,BayesPrism,0.825075586390828
HCA_fold2,gene,BayesPrism,0.603778212971274
HCA_fold2,gene,BayesPrism,0.86429247015831
HCA_fold2,gene,BayesPrism,0.111792393097368
HCA_fold2,gene,BayesPrism,0.461858565161943
HCA_fold2,gene,BayesPrism,0.782282992993463
HCA_fold2,gene,BayesPrism,0.884700972495005
HCA_fold2,gene,BayesPrism,0.727937243633179
HCA_fold2,gene,BayesPrism,0.656375877626971
HCA_fold2,gene,BayesPrism,0.55118280823592
HCA_fold2,gene,BayesPrism,0.88340420701314
HCA_fold2,gene,BayesPrism,0.969196025613929
HCA_fold2,gene,BayesPrism,0.783392426217567
HCA_fold2,gene,BayesPrism,0.634787700945743
HCA_fold2,gene,BayesPrism,0.918396520615066
HCA_fold2,gene,BayesPrism,0.509780991648525
HCA_fold2,gene,BayesPrism,0.788976498372223
HCA_fold2,gene,BayesPrism,0.601723834945542
HCA_fold2,gene,BayesPrism,0.714882145309426
HCA_fold2,gene,BayesPrism,0.716769941738917
HCA_fold2,gene,BayesPrism,0.731933133106351
HCA_fold2,gene,BayesPrism,0.944981399585993
HCA_fold2,gene,BayesPrism,0.582711441114801
HCA_fold2,gene,BayesPrism,0.776980629447425
HCA_fold2,gene,BayesPrism,0.810395478616486
HCA_fold2,gene,BayesPrism,0.711842253735002
HCA_fold2,gene,BayesPrism,0.740780248407068
HCA_fold2,gene,BayesPrism,0.564145357536913
HCA_fold2,gene,BayesPrism,0.689117374387631
HCA_fold2,gene,BayesPrism,0.874666337033567
HCA_fold2,gene,BayesPrism,0.657581970601668
HCA_fold2,gene,BayesPrism,0.625444500986158
HCA_fold2,gene,BayesPrism,0.852568139821291
HCA_fold2,gene,BayesPrism,0.55785533886838
HCA_fold2,gene,BayesPrism,0.728223061349856
HCA_fold2,gene,BayesPrism,0.664156400296692
HCA_fold2,gene,BayesPrism,0.805003644649946
HCA_fold2,gene,BayesPrism,0.791684200289926
HCA_fold2,gene,BayesPrism,0.799638797394161
HCA_fold2,gene,BayesPrism,0.819599264334279
HCA_fold2,gene,BayesPrism,0.403787470324546
HCA_fold2,gene,BayesPrism,0.719711477834192
HCA_fold2,gene,BayesPrism,0.537175625791736
HCA_fold2,gene,BayesPrism,0.766684303615118
HCA_fold2,gene,BayesPrism,0.475416736063648
HCA_fold2,gene,BayesPrism,0.799397067167909
HCA_fold2,gene,BayesPrism,0.69089155694809
HCA_fold2,gene,BayesPrism,0.477886915930302
HCA_fold2,gene,BayesPrism,0.631198732376051
HCA_fold2,gene,BayesPrism,0.945568319698757
HCA_fold2,gene,BayesPrism,0.813743692407813
HCA_fold2,gene,BayesPrism,0.807001336354462
HCA_fold2,gene,BayesPrism,0.848184343614825
HCA_fold2,gene,BayesPrism,0.0491219704254853
HCA_fold2,gene,BayesPrism,0.559563254390713
HCA_fold2,gene,BayesPrism,0.904675620835013
HCA_fold2,gene,BayesPrism,0.386698249156866
HCA_fold2,gene,BayesPrism,0.685688830836615
HCA_fold2,gene,BayesPrism,0.529800078947413
HCA_fold2,gene,BayesPrism,0.766157742852618
HCA_fold2,gene,BayesPrism,0.847664466087549
HCA_fold2,gene,BayesPrism,0.602334845695184
HCA_fold2,gene,BayesPrism,0.662031471171557
HCA_fold2,gene,BayesPrism,0.828185793606798
HCA_fold2,gene,BayesPrism,0.722393329852693
HCA_fold2,gene,BayesPrism,0.533658235968112
HCA_fold2,gene,BayesPrism,0.598861931908403
HCA_fold2,gene,BayesPrism,0.847868226210192
HCA_fold2,gene,BayesPrism,0.746774182085435
HCA_fold2,gene,BayesPrism,0.505084178578675
HCA_fold2,gene,BayesPrism,0.638842438015021
HCA_fold2,gene,BayesPrism,0.76619254016218
HCA_fold2,gene,BayesPrism,0.749943627602401
HCA_fold2,gene,BayesPrism,0.818918827124574
HCA_fold2,gene,BayesPrism,0.741055561920607
HCA_fold2,gene,BayesPrism,0.831558738988887
HCA_fold2,gene,BayesPrism,0.502447880192078
HCA_fold2,gene,BayesPrism,0.889885790078675
HCA_fold2,gene,BayesPrism,0.647281422798001
HCA_fold2,gene,BayesPrism,0.961580255109525
HCA_fold2,gene,BayesPrism,0.491177728288819
HCA_fold2,gene,BayesPrism,0.823625978051445
HCA_fold2,gene,BayesPrism,0.746599428454325
HCA_fold2,gene,BayesPrism,0.40838375073515
HCA_fold2,gene,BayesPrism,0.913230585545834
HCA_fold2,gene,BayesPrism,0.851546583112948
HCA_fold2,gene,BayesPrism,0.495969444032411
HCA_fold2,gene,BayesPrism,0.531990365160509
HCA_fold2,gene,BayesPrism,0.292757892652591
HCA_fold2,gene,BayesPrism,0.423019491733838
HCA_fold2,gene,BayesPrism,0.826026117793932
HCA_fold2,gene,BayesPrism,0.361083866850259
HCA_fold2,gene,BayesPrism,0.468912514768511
HCA_fold2,gene,BayesPrism,0.386757507482869
HCA_fold2,gene,BayesPrism,0.687404392515149
HCA_fold2,gene,BayesPrism,0.759083604923268
HCA_fold2,gene,BayesPrism,0.685162297588251
HCA_fold2,gene,BayesPrism,0.853952839699886
HCA_fold2,gene,BayesPrism,0.77827270341584
HCA_fold2,gene,BayesPrism,0.387489389291849
HCA_fold2,gene,BayesPrism,0.933174188503783
HCA_fold2,gene,BayesPrism,0.848935414169197
HCA_fold2,gene,BayesPrism,0.585829319770958
HCA_fold2,gene,BayesPrism,0.596817471409242
HCA_fold2,gene,BayesPrism,0.726447009357247
HCA_fold2,gene,BayesPrism,0.875596730065676
HCA_fold2,gene,BayesPrism,0.683755997279265
HCA_fold2,gene,BayesPrism,0.730288182387067
HCA_fold2,gene,BayesPrism,0.684547392715323
HCA_fold2,gene,BayesPrism,0.605805689493544
HCA_fold2,gene,BayesPrism,0.208615355282738
HCA_fold2,gene,BayesPrism,0.81383787067615
HCA_fold2,gene,BayesPrism,0.18472563898435
HCA_fold2,gene,BayesPrism,0.543911188662521
HCA_fold2,gene,BayesPrism,0.776589865465651
HCA_fold2,gene,BayesPrism,0.428513597251582
HCA_fold2,gene,BayesPrism,0.655640314014858
HCA_fold2,gene,BayesPrism,0.758984508216998
HCA_fold2,gene,BayesPrism,0.593678466366796
HCA_fold2,gene,BayesPrism,0.709186166717757
HCA_fold2,gene,BayesPrism,0.673902366927061
HCA_fold2,gene,BayesPrism,0.799106056372907
HCA_fold2,gene,BayesPrism,0.628538021050379
HCA_fold2,gene,BayesPrism,0.791977182793497
HCA_fold2,gene,BayesPrism,0.633547083660625
HCA_fold2,gene,BayesPrism,0.633920934930223
HCA_fold2,gene,BayesPrism,0.794490914672188
HCA_fold2,gene,BayesPrism,0.645009116580266
HCA_fold2,gene,BayesPrism,0.842397792002361
HCA_fold2,gene,BayesPrism,0.830050812006175
HCA_fold2,gene,BayesPrism,0.895006465062348
HCA_fold2,gene,BayesPrism,0.627101466654423
HCA_fold2,gene,BayesPrism,0.767734153010636
HCA_fold2,gene,BayesPrism,0.830951210572029
HCA_fold2,gene,BayesPrism,0.72787279146392
HCA_fold2,gene,BayesPrism,0.659017297265781
HCA_fold2,gene,BayesPrism,0.864437460777233
HCA_fold2,gene,BayesPrism,0.722773767431729
HCA_fold2,gene,BayesPrism,0.390790460527403
HCA_fold2,gene,BayesPrism,0.54672386811161
HCA_fold2,gene,BayesPrism,0.662639909111942
HCA_fold2,gene,BayesPrism,0.268124423046805
HCA_fold2,gene,BayesPrism,0.784483853741957
HCA_fold2,gene,BayesPrism,0.930683462523903
HCA_fold2,gene,BayesPrism,0.46238691528332
HCA_fold2,gene,BayesPrism,0.703189868476173
HCA_fold2,gene,BayesPrism,0.651439424267015
HCA_fold2,gene,BayesPrism,0.585483650608801
HCA_fold2,gene,BayesPrism,0.761300888155997
HCA_fold2,gene,BayesPrism,0.809577774283602
HCA_fold2,gene,BayesPrism,0.572835475740965
HCA_fold2,gene,BayesPrism,0.702162654913294
HCA_fold2,gene,BayesPrism,0.652902601250578
HCA_fold2,gene,BayesPrism,0.944901389684989
HCA_fold2,gene,BayesPrism,0.519217794308637
HCA_fold2,gene,BayesPrism,0.820471158906863
HCA_fold2,gene,BayesPrism,0.893375529126523
HCA_fold2,gene,BayesPrism,0.284398465902726
HCA_fold2,gene,BayesPrism,0.84024942162306
HCA_fold2,gene,BayesPrism,0.56665218609642
HCA_fold2,gene,BayesPrism,0.563496366875129
HCA_fold2,gene,BayesPrism,0.615985919223188
HCA_fold2,gene,BayesPrism,0.389012646941337
HCA_fold2,gene,BayesPrism,0.586485033709382
HCA_fold2,gene,BayesPrism,0.761045013121802
HCA_fold2,gene,BayesPrism,0.742070469217757
HCA_fold2,gene,BayesPrism,0.349183503930921
HCA_fold2,gene,BayesPrism,0.652039599066526
HCA_fold2,gene,BayesPrism,0.721940957570905
HCA_fold2,gene,BayesPrism,0.866450882852744
HCA_fold2,gene,BayesPrism,0.637298843878811
HCA_fold2,gene,BayesPrism,0.879455272524774
HCA_fold2,gene,BayesPrism,0.684646662674001
HCA_fold2,gene,BayesPrism,0.690261700590005
HCA_fold2,gene,BayesPrism,0.777729633045092
HCA_fold2,gene,BayesPrism,0.888034003077549
HCA_fold2,gene,BayesPrism,0.0792844202140276
HCA_fold2,gene,BayesPrism,0.406755248532451
HCA_fold2,gene,BayesPrism,0.575694438933466
HCA_fold2,gene,BayesPrism,0.609303676287494
HCA_fold2,gene,BayesPrism,0.803265240116591
HCA_fold2,gene,BayesPrism,0.788211894730579
HCA_fold2,gene,BayesPrism,0.81815253805725
HCA_fold2,gene,BayesPrism,0.783862592037053
HCA_fold2,gene,BayesPrism,0.878338654745564
HCA_fold2,gene,BayesPrism,0.293623935968575
HCA_fold2,gene,BayesPrism,0.910658413527461
HCA_fold2,gene,BayesPrism,0.898601995366629
HCA_fold2,gene,BayesPrism,0.676884154864393
HCA_fold2,gene,BayesPrism,0.801695908256665
HCA_fold2,gene,BayesPrism,0.789536975030171
HCA_fold2,gene,BayesPrism,0.427571401761761
HCA_fold2,gene,BayesPrism,0.835841661681929
HCA_fold2,gene,BayesPrism,0.708785082678411
HCA_fold2,gene,BayesPrism,0.756045067116012
HCA_fold2,gene,BayesPrism,0.579053635893696
HCA_fold2,gene,BayesPrism,0.950967328870503
HCA_fold2,gene,BayesPrism,0.830885889548181
HCA_fold2,gene,BayesPrism,0.6206092822521
HCA_fold2,gene,BayesPrism,0.918264164272929
HCA_fold2,gene,BayesPrism,0.854745794174854
HCA_fold2,gene,BayesPrism,0.441638080832234
HCA_fold2,gene,BayesPrism,0.507055026545189
HCA_fold2,gene,BayesPrism,0.638768254519351
HCA_fold2,gene,BayesPrism,0.649422047342994
HCA_fold2,gene,BayesPrism,0.379614456423784
HCA_fold2,gene,BayesPrism,0.63595683598458
HCA_fold2,gene,BayesPrism,0.569238715844928
HCA_fold2,gene,BayesPrism,0.813330706273463
HCA_fold2,gene,BayesPrism,0.851212145006684
HCA_fold2,gene,BayesPrism,0.418668329421511
HCA_fold2,gene,BayesPrism,0.817758074924614
HCA_fold2,gene,BayesPrism,0.741183057869383
HCA_fold2,gene,BayesPrism,0.677177940235948
HCA_fold2,gene,BayesPrism,0.482753217749072
HCA_fold2,gene,BayesPrism,0.863556796942247
HCA_fold2,gene,BayesPrism,0.515182770806988
HCA_fold2,gene,BayesPrism,0.618264131678844
HCA_fold2,gene,BayesPrism,0.785661665212351
HCA_fold2,gene,BayesPrism,0.740624218405403
HCA_fold2,gene,BayesPrism,0.732821793925738
HCA_fold2,gene,BayesPrism,0.648073960905492
HCA_fold2,gene,BayesPrism,0.4891123282868
HCA_fold2,gene,BayesPrism,0.886996233311154
HCA_fold2,gene,BayesPrism,0.919389074308549
HCA_fold2,gene,BayesPrism,0.365619610628376
HCA_fold2,gene,BayesPrism,0.851349918222492
HCA_fold2,gene,BayesPrism,0.781145479576898
HCA_fold2,gene,BayesPrism,0.707325701492063
HCA_fold2,gene,BayesPrism,0.350975519590363
HCA_fold2,gene,BayesPrism,0.601514594267556
HCA_fold2,gene,BayesPrism,0.368216656289894
HCA_fold2,gene,BayesPrism,0.585046555215645
HCA_fold2,gene,BayesPrism,0.594003655715809
HCA_fold2,gene,BayesPrism,0.743276228474963
HCA_fold2,gene,BayesPrism,0.662970243203701
HCA_fold2,gene,BayesPrism,0.831632258131226
HCA_fold2,gene,BayesPrism,0.786142806539714
HCA_fold2,gene,BayesPrism,0.540887321159906
HCA_fold2,gene,BayesPrism,0.742449571642484
HCA_fold2,gene,BayesPrism,0.878017553811942
HCA_fold2,gene,BayesPrism,0.755747922856767
HCA_fold2,gene,BayesPrism,0.796206007252837
HCA_fold2,gene,BayesPrism,0.717700346077272
HCA_fold2,gene,BayesPrism,0.775758357407853
HCA_fold2,gene,BayesPrism,0.454581544501726
HCA_fold2,gene,BayesPrism,0.679825063292776
HCA_fold2,gene,BayesPrism,0.733629651451735
HCA_fold2,gene,BayesPrism,0.64588514987947
HCA_fold2,gene,BayesPrism,0.513420091958755
HCA_fold2,gene,BayesPrism,0.79339929266312
HCA_fold2,gene,BayesPrism,0.910426771325056
HCA_fold2,gene,BayesPrism,0.516465156337846
HCA_fold2,gene,BayesPrism,0.76101569019845
HCA_fold2,gene,BayesPrism,0.476591256560088
HCA_fold2,gene,BayesPrism,0.719669301616141
HCA_fold2,gene,BayesPrism,0.464851213486526
HCA_fold2,gene,BayesPrism,0.909680674145977
HCA_fold2,gene,BayesPrism,0.9104788776433
HCA_fold2,gene,BayesPrism,0.719886449856155
HCA_fold2,gene,BayesPrism,0.798408558250057
HCA_fold2,gene,BayesPrism,0.444298092045307
HCA_fold2,gene,BayesPrism,0.791090557492309
HCA_fold2,gene,BayesPrism,0.853153317217919
HCA_fold2,gene,BayesPrism,0.698033413977198
HCA_fold2,gene,BayesPrism,0.763941557364177
HCA_fold2,gene,BayesPrism,0.710721477486489
HCA_fold2,gene,BayesPrism,0.661768886629296
HCA_fold2,gene,BayesPrism,0.67194739887495
HCA_fold2,gene,BayesPrism,0.704993154133762
HCA_fold2,gene,BayesPrism,0.50632508970015
HCA_fold2,gene,BayesPrism,0.592942916256544
HCA_fold2,gene,BayesPrism,0.329383109822688
HCA_fold2,gene,BayesPrism,0.826997472654351
HCA_fold2,gene,BayesPrism,0.912351766264781
HCA_fold2,gene,BayesPrism,0.609099046909305
HCA_fold2,gene,BayesPrism,0.799798219472336
HCA_fold2,gene,BayesPrism,0.870863054086385
HCA_fold2,gene,BayesPrism,0.626493593359083
HCA_fold2,gene,BayesPrism,0.532587507109643
HCA_fold2,gene,BayesPrism,0.883166689587828
HCA_fold2,gene,BayesPrism,0.254193694232599
HCA_fold2,gene,BayesPrism,0.791775100148072
HCA_fold2,gene,BayesPrism,0.875503329541871
HCA_fold2,gene,BayesPrism,0.575949999261991
HCA_fold2,gene,BayesPrism,0.621659466288008
HCA_fold2,gene,BayesPrism,0.400105314779216
HCA_fold2,gene,BayesPrism,0.653575013993231
HCA_fold2,gene,BayesPrism,0.282337726706842
HCA_fold2,gene,BayesPrism,0.553269267859039
HCA_fold2,gene,BayesPrism,0.906027814201621
HCA_fold2,gene,BayesPrism,0.306980513699711
HCA_fold2,gene,BayesPrism,0.618430838294813
HCA_fold2,gene,BayesPrism,0.569834426226205
HCA_fold2,gene,BayesPrism,0.791293089910141
HCA_fold2,gene,BayesPrism,0.525472647354748
HCA_fold2,gene,BayesPrism,0.699689204826722
HCA_fold2,gene,BayesPrism,0.911510911144479
HCA_fold2,gene,BayesPrism,0.187442868901697
HCA_fold2,gene,BayesPrism,0.740066568591203
HCA_fold2,gene,BayesPrism,0.931878085782416
HCA_fold2,gene,BayesPrism,0.76086144709456
HCA_fold2,gene,BayesPrism,0.201475364823544
HCA_fold2,gene,BayesPrism,0.710366158605797
HCA_fold2,gene,BayesPrism,0.567947047169844
HCA_fold2,gene,BayesPrism,0.762481368716834
HCA_fold2,gene,BayesPrism,0.502911234079835
HCA_fold2,gene,BayesPrism,0.530545275731233
HCA_fold2,gene,BayesPrism,0.604909366779351
HCA_fold2,gene,BayesPrism,0.727449104568186
HCA_fold2,gene,BayesPrism,0.454766896055921
HCA_fold2,gene,BayesPrism,0.888683750345863
HCA_fold2,gene,BayesPrism,0.568336507269963
HCA_fold2,gene,BayesPrism,0.589910713696962
HCA_fold2,gene,BayesPrism,0.650627477224704
HCA_fold2,gene,BayesPrism,0.394067963826119
HCA_fold2,gene,BayesPrism,0.86736662250072
HCA_fold2,gene,BayesPrism,0.471136403226005
HCA_fold2,gene,BayesPrism,0.739157237434798
HCA_fold2,gene,BayesPrism,0.461575047933155
HCA_fold2,gene,BayesPrism,0.677585097967487
HCA_fold2,gene,BayesPrism,0.601063755815194
HCA_fold2,gene,BayesPrism,0.901709436894182
HCA_fold2,gene,BayesPrism,0.451051064725673
HCA_fold2,gene,BayesPrism,0.663702153383312
HCA_fold2,gene,BayesPrism,0.835146485109623
HCA_fold2,gene,BayesPrism,0.873676620015849
HCA_fold2,gene,BayesPrism,0.634812299514711
HCA_fold2,gene,BayesPrism,0.612949431543167
HCA_fold2,gene,BayesPrism,0.845307667550845
HCA_fold2,gene,BayesPrism,0.905581343997382
HCA_fold2,gene,BayesPrism,0.339043123888784
HCA_fold2,gene,BayesPrism,0.44517893306055
HCA_fold2,gene,BayesPrism,0.926753966480316
HCA_fold2,gene,BayesPrism,0.528755441007383
HCA_fold2,gene,BayesPrism,0.890115996358546
HCA_fold2,gene,BayesPrism,0.732094913046819
HCA_fold2,gene,BayesPrism,0.561690891965149
HCA_fold2,gene,BayesPrism,0.187294031610563
HCA_fold2,gene,BayesPrism,0.795865492767326
HCA_fold2,gene,BayesPrism,0.866867405048382
HCA_fold2,gene,BayesPrism,0.838464439187628
HCA_fold2,gene,BayesPrism,0.684457972523697
HCA_fold2,gene,BayesPrism,0.633956138163118
HCA_fold2,gene,BayesPrism,0.805144314483545
HCA_fold2,gene,BayesPrism,0.885156259947705
HCA_fold2,gene,BayesPrism,0.89097259958044
HCA_fold2,gene,BayesPrism,0.889343219938814
HCA_fold2,gene,BayesPrism,0.750514559592726
HCA_fold2,gene,BayesPrism,0.853894112940516
HCA_fold2,gene,BayesPrism,0.886394413901606
HCA_fold2,gene,BayesPrism,0.757663031906231
HCA_fold2,gene,BayesPrism,0.418437409000847
HCA_fold2,gene,BayesPrism,0.830053195981577
HCA_fold2,gene,BayesPrism,0.851067239257655
HCA_fold2,gene,BayesPrism,0.502240941945069
HCA_fold2,gene,BayesPrism,0.815666375042986
HCA_fold2,gene,BayesPrism,0.665733022283452
HCA_fold2,gene,BayesPrism,0.82163469416924
HCA_fold2,gene,BayesPrism,0.596944686692748
HCA_fold2,gene,BayesPrism,0.649746720252025
HCA_fold2,gene,BayesPrism,0.659101284136825
HCA_fold2,gene,BayesPrism,0.884903167901399
HCA_fold2,gene,BayesPrism,0.696833161626618
HCA_fold2,gene,BayesPrism,0.901257054945384
HCA_fold2,gene,BayesPrism,0.700094733648444
HCA_fold2,gene,BayesPrism,0.853747018849201
HCA_fold2,gene,BayesPrism,0.555897633742681
HCA_fold2,gene,BayesPrism,0.613098510442179
HCA_fold2,gene,BayesPrism,0.377567274315027
HCA_fold2,gene,BayesPrism,0.616470552667787
HCA_fold2,gene,BayesPrism,0.728554835228832
HCA_fold2,gene,BayesPrism,0.397731625537916
HCA_fold2,gene,BayesPrism,0.395693150189909
HCA_fold2,gene,BayesPrism,0.755802462490849
HCA_fold2,gene,BayesPrism,0.805154467127434
HCA_fold2,gene,BayesPrism,0.657771420905696
HCA_fold2,gene,BayesPrism,0.743200820111983
HCA_fold2,gene,BayesPrism,0.958652090680157
HCA_fold2,gene,BayesPrism,0.563963270468811
HCA_fold2,gene,BayesPrism,0.808586181232236
HCA_fold2,gene,BayesPrism,0.415254632183757
HCA_fold2,gene,BayesPrism,0.793598606748659
HCA_fold2,gene,BayesPrism,0.714936763992339
HCA_fold2,gene,BayesPrism,0.689318090872348
HCA_fold2,gene,BayesPrism,0.445821414538871
HCA_fold2,gene,BayesPrism,0.338941706975349
HCA_fold2,gene,BayesPrism,0.387974416618977
HCA_fold2,gene,BayesPrism,0.309149733703712
HCA_fold2,gene,BayesPrism,0.222939447342254
HCA_fold2,gene,BayesPrism,0.605495475423043
HCA_fold2,gene,BayesPrism,0.199785325072121
HCA_fold2,gene,BayesPrism,0.838309957385329
HCA_fold2,gene,BayesPrism,0.826020388198711
HCA_fold2,gene,BayesPrism,0.566658419035127
HCA_fold2,gene,BayesPrism,0.469053272048528
HCA_fold2,gene,BayesPrism,0.905388307841006
HCA_fold2,gene,BayesPrism,0.667106162578203
HCA_fold2,gene,BayesPrism,0.736992328677865
HCA_fold2,gene,BayesPrism,0.810333345620997
HCA_fold2,gene,BayesPrism,0.728699932108627
HCA_fold2,gene,BayesPrism,0.870853922574496
HCA_fold2,gene,BayesPrism,0.653674039807724
HCA_fold2,gene,BayesPrism,0.715252571380055
HCA_fold2,gene,BayesPrism,0.77085243748681
HCA_fold2,gene,BayesPrism,0.641386033064474
HCA_fold2,gene,BayesPrism,0.660929739283802
HCA_fold2,gene,BayesPrism,0.448518688733512
HCA_fold2,gene,BayesPrism,0.753487012377546
HCA_fold2,gene,BayesPrism,0.628091111428542
HCA_fold2,gene,BayesPrism,0.776278202344835
HCA_fold2,gene,BayesPrism,0.891113893318904
HCA_fold2,gene,BayesPrism,0.845315426170082
HCA_fold2,gene,BayesPrism,0.645309482019029
HCA_fold2,gene,BayesPrism,0.730451693019958
HCA_fold2,gene,BayesPrism,0.527221903186441
HCA_fold2,gene,BayesPrism,0.543842664845666
HCA_fold2,gene,BayesPrism,0.490492167523269
HCA_fold2,gene,BayesPrism,0.759822546893845
HCA_fold2,gene,BayesPrism,0.478227078861427
HCA_fold2,gene,BayesPrism,0.714743470651324
HCA_fold2,gene,BayesPrism,0.614241608048573
HCA_fold2,gene,BayesPrism,0.788139699608704
HCA_fold2,gene,BayesPrism,0.83715474415359
HCA_fold2,gene,BayesPrism,0.64971019790828
HCA_fold2,gene,BayesPrism,0.385084264927547
HCA_fold2,gene,BayesPrism,0.482555364729959
HCA_fold2,gene,BayesPrism,0.627717607545585
HCA_fold2,gene,BayesPrism,0.823674075117678
HCA_fold2,gene,BayesPrism,0.703086730285208
HCA_fold2,gene,BayesPrism,0.776629157221098
HCA_fold2,gene,BayesPrism,0.840265977180757
HCA_fold2,gene,BayesPrism,0.785049464199238
HCA_fold2,gene,BayesPrism,0.985146647167572
HCA_fold2,gene,BayesPrism,0.545738124093759
HCA_fold2,gene,BayesPrism,0.842951767763258
HCA_fold2,gene,BayesPrism,0.678418050998434
HCA_fold2,gene,BayesPrism,0.761220227618545
HCA_fold2,gene,BayesPrism,0.87259559762354
HCA_fold2,gene,BayesPrism,0.83896395105269
HCA_fold2,gene,BayesPrism,0.873226382139286
HCA_fold2,gene,BayesPrism,0.112041058747058
HCA_fold2,gene,BayesPrism,0.767595079897101
HCA_fold2,gene,BayesPrism,0.801061523277847
HCA_fold2,gene,BayesPrism,0.589989588779186
HCA_fold2,gene,BayesPrism,0.943568226604913
HCA_fold2,gene,BayesPrism,0.897235828636305
HCA_fold2,gene,BayesPrism,0.906463298257633
HCA_fold2,gene,BayesPrism,0.836816793526327
HCA_fold2,gene,BayesPrism,0.90249175195577
HCA_fold2,gene,BayesPrism,0.845296264704663
HCA_fold2,gene,BayesPrism,0.929904984131815
HCA_fold2,gene,BayesPrism,0.632369819139881
HCA_fold2,gene,BayesPrism,0.907464961294214
HCA_fold2,gene,BayesPrism,0.518289648844453
HCA_fold2,gene,BayesPrism,0.739334436099108
HCA_fold2,gene,BayesPrism,0.92143210379058
HCA_fold2,gene,BayesPrism,0.91891456610556
HCA_fold2,gene,BayesPrism,0.98023627604581
HCA_fold2,gene,BayesPrism,0.877916403689786
HCA_fold2,gene,BayesPrism,0.79711346753267
HCA_fold2,gene,BayesPrism,0.78746883667942
HCA_fold2,gene,BayesPrism,0.608548452029624
HCA_fold2,gene,BayesPrism,0.395043329284527
HCA_fold2,gene,BayesPrism,0.643145846937064
HCA_fold2,gene,BayesPrism,0.697088403847063
HCA_fold2,gene,BayesPrism,0.848873725070766
HCA_fold2,gene,BayesPrism,0.458003605544524
HCA_fold2,gene,BayesPrism,0.637100343606967
HCA_fold2,gene,BayesPrism,0.641853804015086
HCA_fold2,gene,BayesPrism,0.857274551983763
HCA_fold2,gene,BayesPrism,0.755704865915257
HCA_fold2,gene,BayesPrism,0.837833387808551
HCA_fold2,gene,BayesPrism,0.660600686054612
HCA_fold2,gene,BayesPrism,0.858563024541623
HCA_fold2,gene,BayesPrism,0.84112077063352
HCA_fold2,gene,BayesPrism,0.903150397165307
HCA_fold2,gene,BayesPrism,0.683307154393356
HCA_fold2,gene,BayesPrism,0.921985788608919
HCA_fold2,gene,BayesPrism,0.753364845591133
HCA_fold2,gene,BayesPrism,0.809769088355747
HCA_fold2,gene,BayesPrism,0.762155427503331
HCA_fold2,gene,BayesPrism,0.748204968762337
HCA_fold2,gene,BayesPrism,0.701506750834745
HCA_fold2,gene,BayesPrism,0.790254748887132
HCA_fold2,gene,BayesPrism,0.667547980417055
HCA_fold2,gene,BayesPrism,0.796006567788245
HCA_fold2,gene,BayesPrism,0.260283613109777
HCA_fold2,gene,BayesPrism,0.838470581897484
HCA_fold2,gene,BayesPrism,0.825254617436658
HCA_fold2,gene,BayesPrism,0.712050874894086
HCA_fold2,gene,BayesPrism,0.594805773671319
HCA_fold2,gene,BayesPrism,0.799364191525788
HCA_fold2,gene,BayesPrism,0.615568796207575
HCA_fold2,gene,BayesPrism,0.487330702819905
HCA_fold2,gene,BayesPrism,0.522151491208723
HCA_fold2,gene,BayesPrism,0.869102527994644
HCA_fold2,gene,BayesPrism,0.678522279000688
HCA_fold2,gene,BayesPrism,0.414816296603365
HCA_fold2,gene,BayesPrism,0.786231940145516
HCA_fold2,gene,BayesPrism,0.313342172385098
HCA_fold2,gene,BayesPrism,0.523498960130828
HCA_fold2,gene,BayesPrism,0.859998574353886
HCA_fold2,gene,BayesPrism,0.91556499857807
HCA_fold2,gene,BayesPrism,0.760880223650629
HCA_fold2,gene,BayesPrism,0.142808782630427
HCA_fold2,gene,BayesPrism,0.943672802694045
HCA_fold2,gene,BayesPrism,0.742464877524578
HCA_fold2,gene,BayesPrism,0.912530240840522
HCA_fold2,gene,BayesPrism,0.752898307812486
HCA_fold2,gene,BayesPrism,0.68661529113089
HCA_fold2,gene,BayesPrism,0.830281018660313
HCA_fold2,gene,BayesPrism,0.48616462648751
HCA_fold2,gene,BayesPrism,0.770556251951181
HCA_fold2,gene,BayesPrism,0.485209202485679
HCA_fold2,gene,BayesPrism,0.846232352436111
HCA_fold2,gene,BayesPrism,0.235466500951737
HCA_fold2,gene,BayesPrism,0.730735662843952
HCA_fold2,gene,BayesPrism,0.726440105592042
HCA_fold2,gene,BayesPrism,0.626435100354659
HCA_fold2,gene,BayesPrism,0.918773296265615
HCA_fold2,gene,BayesPrism,0.445734171680588
HCA_fold2,gene,BayesPrism,0.596185532229407
HCA_fold2,gene,BayesPrism,0.78113698321439
HCA_fold2,gene,BayesPrism,0.547623881396604
HCA_fold2,gene,BayesPrism,0.944785561698931
HCA_fold2,gene,BayesPrism,0.280159434113914
HCA_fold2,gene,BayesPrism,0.547707808567033
HCA_fold2,gene,BayesPrism,0.710359208954094
HCA_fold2,gene,BayesPrism,0.427323602469353
HCA_fold2,gene,BayesPrism,0.636500981919633
HCA_fold2,gene,BayesPrism,0.595523817120078
HCA_fold2,gene,BayesPrism,0.800932173183095
HCA_fold2,gene,BayesPrism,0.600415649156814
HCA_fold2,gene,BayesPrism,0.669025770247948
HCA_fold2,gene,BayesPrism,0.735242702768103
HCA_fold2,gene,BayesPrism,0.874239056137424
HCA_fold2,gene,BayesPrism,0.644968205824374
HCA_fold2,gene,BayesPrism,0.765319633687535
HCA_fold2,gene,BayesPrism,0.652410935477598
HCA_fold2,gene,BayesPrism,0.579140975756673
HCA_fold2,gene,BayesPrism,0.821494410554494
HCA_fold2,gene,BayesPrism,0.875061747121645
HCA_fold2,gene,BayesPrism,0.748694245364966
HCA_fold2,gene,BayesPrism,0.61224898215214
HCA_fold2,gene,BayesPrism,0.827896439430928
HCA_fold2,gene,BayesPrism,0.442228890619953
HCA_fold2,gene,BayesPrism,0.775300229756136
HCA_fold2,gene,BayesPrism,0.922403897539887
HCA_fold2,gene,BayesPrism,0.634752234822342
HCA_fold2,gene,BayesPrism,0.492748460723982
HCA_fold2,gene,BayesPrism,0.643337755727349
HCA_fold2,gene,BayesPrism,0.717395442234508
HCA_fold2,gene,BayesPrism,0.50579719555818
HCA_fold2,gene,BayesPrism,0.854598519032138
HCA_fold2,gene,BayesPrism,0.660789525621387
HCA_fold2,gene,BayesPrism,0.982182508642271
HCA_fold2,gene,BayesPrism,0.71205942981167
HCA_fold2,gene,BayesPrism,0.813114986070757
HCA_fold2,gene,BayesPrism,0.527102377389008
HCA_fold2,gene,BayesPrism,0.115627568355017
HCA_fold2,gene,BayesPrism,0.23945866022225
HCA_fold2,gene,BayesPrism,0.482815576600577
HCA_fold2,gene,BayesPrism,0.876836287504773
HCA_fold2,gene,BayesPrism,0.51279431491842
HCA_fold2,gene,BayesPrism,0.766847494055909
HCA_fold2,gene,BayesPrism,0.671463886902733
HCA_fold2,gene,BayesPrism,0.724701481167309
HCA_fold2,gene,BayesPrism,0.521368268469744
HCA_fold2,gene,BayesPrism,0.599663250534205
HCA_fold2,gene,BayesPrism,0.546070576649569
HCA_fold2,gene,BayesPrism,0.406466156082544
HCA_fold2,gene,BayesPrism,0.881684120341589
HCA_fold2,gene,BayesPrism,0.225195617092743
HCA_fold2,gene,BayesPrism,0.664153436949086
HCA_fold2,gene,BayesPrism,0.480576699547047
HCA_fold2,gene,BayesPrism,0.758727675419759
HCA_fold2,gene,BayesPrism,0.638827361635629
HCA_fold2,gene,BayesPrism,0.850956148455566
HCA_fold2,gene,BayesPrism,0.877899585178196
HCA_fold2,gene,BayesPrism,0.236715712343525
HCA_fold2,gene,CIBERSORTx,0.420376002739889
HCA_fold2,gene,CIBERSORTx,0.752526240206006
HCA_fold2,gene,CIBERSORTx,0.268624318561298
HCA_fold2,gene,CIBERSORTx,0.0589559222857708
HCA_fold2,gene,CIBERSORTx,0.22208642748202
HCA_fold2,gene,CIBERSORTx,0.556726006246247
HCA_fold2,gene,CIBERSORTx,0.83227853235408
HCA_fold2,gene,CIBERSORTx,0.337130054854186
HCA_fold2,gene,CIBERSORTx,0.824126792646378
HCA_fold2,gene,CIBERSORTx,0.347759926515762
HCA_fold2,gene,CIBERSORTx,0.2504670757729
HCA_fold2,gene,CIBERSORTx,0.207965688685098
HCA_fold2,gene,CIBERSORTx,0.28028577205019
HCA_fold2,gene,CIBERSORTx,0.730512087851179
HCA_fold2,gene,CIBERSORTx,0.3375880481917
HCA_fold2,gene,CIBERSORTx,0.360368859674004
HCA_fold2,gene,CIBERSORTx,0.283746627325825
HCA_fold2,gene,CIBERSORTx,0.478075431348954
HCA_fold2,gene,CIBERSORTx,0.51817384940374
HCA_fold2,gene,CIBERSORTx,0.660831305600934
HCA_fold2,gene,CIBERSORTx,0.74397472440283
HCA_fold2,gene,CIBERSORTx,0.41107184025019
HCA_fold2,gene,CIBERSORTx,0.636558411765916
HCA_fold2,gene,CIBERSORTx,0.675422438143752
HCA_fold2,gene,CIBERSORTx,0.603978018215461
HCA_fold2,gene,CIBERSORTx,0.522562679572584
HCA_fold2,gene,CIBERSORTx,0.832350355263313
HCA_fold2,gene,CIBERSORTx,0.650927293317644
HCA_fold2,gene,CIBERSORTx,0.438005725858343
HCA_fold2,gene,CIBERSORTx,0.510485280924528
HCA_fold2,gene,CIBERSORTx,0.582689066568773
HCA_fold2,gene,CIBERSORTx,0.347008934881299
HCA_fold2,gene,CIBERSORTx,0.213874739499523
HCA_fold2,gene,CIBERSORTx,0.466276533058554
HCA_fold2,gene,CIBERSORTx,0.840761825349274
HCA_fold2,gene,CIBERSORTx,0.812166528339181
HCA_fold2,gene,CIBERSORTx,0.707142689613898
HCA_fold2,gene,CIBERSORTx,0.880871968435156
HCA_fold2,gene,CIBERSORTx,0.572824642343927
HCA_fold2,gene,CIBERSORTx,0.855517363220621
HCA_fold2,gene,CIBERSORTx,0.316887485823286
HCA_fold2,gene,CIBERSORTx,0.627642762894757
HCA_fold2,gene,CIBERSORTx,0.537348873665951
HCA_fold2,gene,CIBERSORTx,0.58213885864522
HCA_fold2,gene,CIBERSORTx,0.230294021592297
HCA_fold2,gene,CIBERSORTx,0.437250242313148
HCA_fold2,gene,CIBERSORTx,0.645908193315802
HCA_fold2,gene,CIBERSORTx,0.369398680527225
HCA_fold2,gene,CIBERSORTx,0.882689921184618
HCA_fold2,gene,CIBERSORTx,0.31930614434336
HCA_fold2,gene,CIBERSORTx,0.485712253492783
HCA_fold2,gene,CIBERSORTx,-0.0384750240708365
HCA_fold2,gene,CIBERSORTx,0.452459951701123
HCA_fold2,gene,CIBERSORTx,0.56464411478359
HCA_fold2,gene,CIBERSORTx,0.564332902716565
HCA_fold2,gene,CIBERSORTx,0.330034271579272
HCA_fold2,gene,CIBERSORTx,0.774592098408012
HCA_fold2,gene,CIBERSORTx,0.531609676134657
HCA_fold2,gene,CIBERSORTx,0.519230748674955
HCA_fold2,gene,CIBERSORTx,0.5997755249243
HCA_fold2,gene,CIBERSORTx,0.642493248511992
HCA_fold2,gene,CIBERSORTx,0.312620488903908
HCA_fold2,gene,CIBERSORTx,0.420287379300776
HCA_fold2,gene,CIBERSORTx,0.829071851696194
HCA_fold2,gene,CIBERSORTx,0.282414198668969
HCA_fold2,gene,CIBERSORTx,0.199363871438043
HCA_fold2,gene,CIBERSORTx,0.544995256130838
HCA_fold2,gene,CIBERSORTx,0.537733763038055
HCA_fold2,gene,CIBERSORTx,0.725302993168524
HCA_fold2,gene,CIBERSORTx,0.485548379299708
HCA_fold2,gene,CIBERSORTx,0.718749079978405
HCA_fold2,gene,CIBERSORTx,0.547540357453606
HCA_fold2,gene,CIBERSORTx,0.5787351072762
HCA_fold2,gene,CIBERSORTx,0.628440066535705
HCA_fold2,gene,CIBERSORTx,0.478257704386061
HCA_fold2,gene,CIBERSORTx,0.356733486545088
HCA_fold2,gene,CIBERSORTx,0.69601950815659
HCA_fold2,gene,CIBERSORTx,0.736552034185458
HCA_fold2,gene,CIBERSORTx,0.614057128842107
HCA_fold2,gene,CIBERSORTx,0.172328257891794
HCA_fold2,gene,CIBERSORTx,0.480770191898344
HCA_fold2,gene,CIBERSORTx,0.766113846895114
HCA_fold2,gene,CIBERSORTx,0.716005725950204
HCA_fold2,gene,CIBERSORTx,0.603800660905952
HCA_fold2,gene,CIBERSORTx,0.302779710673434
HCA_fold2,gene,CIBERSORTx,0.732372083304424
HCA_fold2,gene,CIBERSORTx,0.263980046919905
HCA_fold2,gene,CIBERSORTx,0.938031864503853
HCA_fold2,gene,CIBERSORTx,0.816419323142435
HCA_fold2,gene,CIBERSORTx,0.318355139810599
HCA_fold2,gene,CIBERSORTx,0.519700493690034
HCA_fold2,gene,CIBERSORTx,0.577803600031359
HCA_fold2,gene,CIBERSORTx,0.462115546784375
HCA_fold2,gene,CIBERSORTx,0.470773055484858
HCA_fold2,gene,CIBERSORTx,0.275856208526068
HCA_fold2,gene,CIBERSORTx,0.628128082101993
HCA_fold2,gene,CIBERSORTx,0.411171149920225
HCA_fold2,gene,CIBERSORTx,0.361196137395584
HCA_fold2,gene,CIBERSORTx,0.365992610772912
HCA_fold2,gene,CIBERSORTx,0.632111276905607
HCA_fold2,gene,CIBERSORTx,0.61853488234985
HCA_fold2,gene,CIBERSORTx,0.692256732782074
HCA_fold2,gene,CIBERSORTx,0.455088220995859
HCA_fold2,gene,CIBERSORTx,0.746473098222445
HCA_fold2,gene,CIBERSORTx,0.766790644536699
HCA_fold2,gene,CIBERSORTx,0.764962084185167
HCA_fold2,gene,CIBERSORTx,0.325285741929033
HCA_fold2,gene,CIBERSORTx,0.548736271955781
HCA_fold2,gene,CIBERSORTx,0.656990965821883
HCA_fold2,gene,CIBERSORTx,0.452131396196747
HCA_fold2,gene,CIBERSORTx,0.344015697535612
HCA_fold2,gene,CIBERSORTx,0.584757593449854
HCA_fold2,gene,CIBERSORTx,0.49984536257333
HCA_fold2,gene,CIBERSORTx,0.727278488683835
HCA_fold2,gene,CIBERSORTx,0.447371371278883
HCA_fold2,gene,CIBERSORTx,0.220082188628412
HCA_fold2,gene,CIBERSORTx,0.46156581956462
HCA_fold2,gene,CIBERSORTx,0.365924895168312
HCA_fold2,gene,CIBERSORTx,0.464439708884122
HCA_fold2,gene,CIBERSORTx,0.587208349371419
HCA_fold2,gene,CIBERSORTx,0.764937284542229
HCA_fold2,gene,CIBERSORTx,0.138188756603642
HCA_fold2,gene,CIBERSORTx,0.448597870819615
HCA_fold2,gene,CIBERSORTx,0.494149639182187
HCA_fold2,gene,CIBERSORTx,0.689611348792089
HCA_fold2,gene,CIBERSORTx,0.679500073858787
HCA_fold2,gene,CIBERSORTx,0.538509481255868
HCA_fold2,gene,CIBERSORTx,0.571779142662029
HCA_fold2,gene,CIBERSORTx,0.16612782575209
HCA_fold2,gene,CIBERSORTx,0.354331648949773
HCA_fold2,gene,CIBERSORTx,0.62818631821696
HCA_fold2,gene,CIBERSORTx,0.573134767315577
HCA_fold2,gene,CIBERSORTx,0.315385387515642
HCA_fold2,gene,CIBERSORTx,0.719784960696415
HCA_fold2,gene,CIBERSORTx,0.779466881675316
HCA_fold2,gene,CIBERSORTx,0.635872832080598
HCA_fold2,gene,CIBERSORTx,0.242375346269242
HCA_fold2,gene,CIBERSORTx,0.372143943286756
HCA_fold2,gene,CIBERSORTx,0.769913906853659
HCA_fold2,gene,CIBERSORTx,0.393701738005965
HCA_fold2,gene,CIBERSORTx,0.635153869365059
HCA_fold2,gene,CIBERSORTx,0.290835816829547
HCA_fold2,gene,CIBERSORTx,0.434943360728484
HCA_fold2,gene,CIBERSORTx,0.156376034983092
HCA_fold2,gene,CIBERSORTx,0.424428967182544
HCA_fold2,gene,CIBERSORTx,0.438994286714876
HCA_fold2,gene,CIBERSORTx,0.549334666975258
HCA_fold2,gene,CIBERSORTx,0.7076998538014
HCA_fold2,gene,CIBERSORTx,0.337465011369201
HCA_fold2,gene,CIBERSORTx,0.456514675591
HCA_fold2,gene,CIBERSORTx,0.387691049635038
HCA_fold2,gene,CIBERSORTx,0.812436871376944
HCA_fold2,gene,CIBERSORTx,0.574736282684975
HCA_fold2,gene,CIBERSORTx,0.856718189671918
HCA_fold2,gene,CIBERSORTx,0.549681359675223
HCA_fold2,gene,CIBERSORTx,0.643048682939924
HCA_fold2,gene,CIBERSORTx,0.68200303439568
HCA_fold2,gene,CIBERSORTx,0.293870833278531
HCA_fold2,gene,CIBERSORTx,0.634453105249501
HCA_fold2,gene,CIBERSORTx,-0.111667964050709
HCA_fold2,gene,CIBERSORTx,0.804106469936493
HCA_fold2,gene,CIBERSORTx,0.372563488974166
HCA_fold2,gene,CIBERSORTx,0.735245111895162
HCA_fold2,gene,CIBERSORTx,0.768857911907252
HCA_fold2,gene,CIBERSORTx,0.195344991875297
HCA_fold2,gene,CIBERSORTx,0.46447010397375
HCA_fold2,gene,CIBERSORTx,0.55125534465779
HCA_fold2,gene,CIBERSORTx,0.551480079075983
HCA_fold2,gene,CIBERSORTx,0.678748078279095
HCA_fold2,gene,CIBERSORTx,0.70649106091802
HCA_fold2,gene,CIBERSORTx,0.455477601917937
HCA_fold2,gene,CIBERSORTx,0.157272150019385
HCA_fold2,gene,CIBERSORTx,0.366566350009892
HCA_fold2,gene,CIBERSORTx,0.474818105799582
HCA_fold2,gene,CIBERSORTx,0.815573367899183
HCA_fold2,gene,CIBERSORTx,0.592940695396454
HCA_fold2,gene,CIBERSORTx,0.40572129145721
HCA_fold2,gene,CIBERSORTx,0.582987768790192
HCA_fold2,gene,CIBERSORTx,0.513955441839049
HCA_fold2,gene,CIBERSORTx,0.321907260955191
HCA_fold2,gene,CIBERSORTx,0.190886090453682
HCA_fold2,gene,CIBERSORTx,0.521596690346546
HCA_fold2,gene,CIBERSORTx,0.612325800955943
HCA_fold2,gene,CIBERSORTx,0.449083031720598
HCA_fold2,gene,CIBERSORTx,0.361477094362042
HCA_fold2,gene,CIBERSORTx,0.774712691964298
HCA_fold2,gene,CIBERSORTx,0.405779754666995
HCA_fold2,gene,CIBERSORTx,0.452804769545479
HCA_fold2,gene,CIBERSORTx,0.342242952550815
HCA_fold2,gene,CIBERSORTx,0.715932768597839
HCA_fold2,gene,CIBERSORTx,0.43840913114484
HCA_fold2,gene,CIBERSORTx,0.304585387297606
HCA_fold2,gene,CIBERSORTx,0.664536557961366
HCA_fold2,gene,CIBERSORTx,0.585981032094952
HCA_fold2,gene,CIBERSORTx,0.294537147889544
HCA_fold2,gene,CIBERSORTx,0.441504963184483
HCA_fold2,gene,CIBERSORTx,0.846217963548192
HCA_fold2,gene,CIBERSORTx,0.674264137128363
HCA_fold2,gene,CIBERSORTx,0.450625169895576
HCA_fold2,gene,CIBERSORTx,0.541218760984307
HCA_fold2,gene,CIBERSORTx,-0.0118668306805855
HCA_fold2,gene,CIBERSORTx,0.540208015013637
HCA_fold2,gene,CIBERSORTx,0.38089341574817
HCA_fold2,gene,CIBERSORTx,0.739523153592849
HCA_fold2,gene,CIBERSORTx,0.822334436480799
HCA_fold2,gene,CIBERSORTx,0.741485448145407
HCA_fold2,gene,CIBERSORTx,0.445964673283404
HCA_fold2,gene,CIBERSORTx,0.561647177410961
HCA_fold2,gene,CIBERSORTx,0.846486355690223
HCA_fold2,gene,CIBERSORTx,0.688791022282902
HCA_fold2,gene,CIBERSORTx,0.202061234906653
HCA_fold2,gene,CIBERSORTx,0.524111288780255
HCA_fold2,gene,CIBERSORTx,0.334223589671545
HCA_fold2,gene,CIBERSORTx,0.563310486383743
HCA_fold2,gene,CIBERSORTx,0.78469804747514
HCA_fold2,gene,CIBERSORTx,0.495914259679803
HCA_fold2,gene,CIBERSORTx,0.170749262400241
HCA_fold2,gene,CIBERSORTx,0.170131378005799
HCA_fold2,gene,CIBERSORTx,0.361323018690627
HCA_fold2,gene,CIBERSORTx,0.325280432855471
HCA_fold2,gene,CIBERSORTx,0.82381137751772
HCA_fold2,gene,CIBERSORTx,0.682156973019103
HCA_fold2,gene,CIBERSORTx,0.331047479006921
HCA_fold2,gene,CIBERSORTx,0.660456349930683
HCA_fold2,gene,CIBERSORTx,0.75393306842644
HCA_fold2,gene,CIBERSORTx,0.0770832685209521
HCA_fold2,gene,CIBERSORTx,0.535382677966431
HCA_fold2,gene,CIBERSORTx,0.479900413519021
HCA_fold2,gene,CIBERSORTx,0.754179887184594
HCA_fold2,gene,CIBERSORTx,0.432235648469149
HCA_fold2,gene,CIBERSORTx,0.474078655501605
HCA_fold2,gene,CIBERSORTx,0.181024421501184
HCA_fold2,gene,CIBERSORTx,0.554285529882799
HCA_fold2,gene,CIBERSORTx,0.173057074899739
HCA_fold2,gene,CIBERSORTx,0.353010576241119
HCA_fold2,gene,CIBERSORTx,0.768597319741597
HCA_fold2,gene,CIBERSORTx,0.593455178859312
HCA_fold2,gene,CIBERSORTx,0.648665893694034
HCA_fold2,gene,CIBERSORTx,0.28911746830373
HCA_fold2,gene,CIBERSORTx,0.199992492827178
HCA_fold2,gene,CIBERSORTx,0.830214451474984
HCA_fold2,gene,CIBERSORTx,0.275653630250693
HCA_fold2,gene,CIBERSORTx,0.276842546216461
HCA_fold2,gene,CIBERSORTx,0.488486567440184
HCA_fold2,gene,CIBERSORTx,0.446084996674884
HCA_fold2,gene,CIBERSORTx,0.33872190080899
HCA_fold2,gene,CIBERSORTx,0.608036143299506
HCA_fold2,gene,CIBERSORTx,0.826964907045694
HCA_fold2,gene,CIBERSORTx,0.312242990225034
HCA_fold2,gene,CIBERSORTx,0.578878238654736
HCA_fold2,gene,CIBERSORTx,0.709899021636105
HCA_fold2,gene,CIBERSORTx,0.441436927752988
HCA_fold2,gene,CIBERSORTx,0.685207131291634
HCA_fold2,gene,CIBERSORTx,0.749684083650393
HCA_fold2,gene,CIBERSORTx,0.382974357020926
HCA_fold2,gene,CIBERSORTx,0.0111551563416704
HCA_fold2,gene,CIBERSORTx,0.402741584041924
HCA_fold2,gene,CIBERSORTx,0.890266705331346
HCA_fold2,gene,CIBERSORTx,0.460686460843942
HCA_fold2,gene,CIBERSORTx,0.332163722075173
HCA_fold2,gene,CIBERSORTx,0.393282653673372
HCA_fold2,gene,CIBERSORTx,0.431169607229761
HCA_fold2,gene,CIBERSORTx,0.400518708379679
HCA_fold2,gene,CIBERSORTx,0.470249961003406
HCA_fold2,gene,CIBERSORTx,0.794764498073561
HCA_fold2,gene,CIBERSORTx,0.229748689694247
HCA_fold2,gene,CIBERSORTx,0.864383288521533
HCA_fold2,gene,CIBERSORTx,0.382314699068552
HCA_fold2,gene,CIBERSORTx,0.634640640880452
HCA_fold2,gene,CIBERSORTx,0.636255415263736
HCA_fold2,gene,CIBERSORTx,0.277286355197336
HCA_fold2,gene,CIBERSORTx,0.622215905855762
HCA_fold2,gene,CIBERSORTx,0.838320823081488
HCA_fold2,gene,CIBERSORTx,0.866937052472661
HCA_fold2,gene,CIBERSORTx,0.445007666096749
HCA_fold2,gene,CIBERSORTx,0.574135863807389
HCA_fold2,gene,CIBERSORTx,0.378428131222994
HCA_fold2,gene,CIBERSORTx,0.798397638169515
HCA_fold2,gene,CIBERSORTx,0.712672463878752
HCA_fold2,gene,CIBERSORTx,0.653580820086369
HCA_fold2,gene,CIBERSORTx,0.325319392493147
HCA_fold2,gene,CIBERSORTx,0.306939455194676
HCA_fold2,gene,CIBERSORTx,0.495606771767771
HCA_fold2,gene,CIBERSORTx,0.52336911110674
HCA_fold2,gene,CIBERSORTx,0.698369552897946
HCA_fold2,gene,CIBERSORTx,0.872640620766264
HCA_fold2,gene,CIBERSORTx,0.39066798426105
HCA_fold2,gene,CIBERSORTx,0.353933354321022
HCA_fold2,gene,CIBERSORTx,0.575871533289579
HCA_fold2,gene,CIBERSORTx,0.419468902377423
HCA_fold2,gene,CIBERSORTx,0.312453246272354
HCA_fold2,gene,CIBERSORTx,0.424979213806385
HCA_fold2,gene,CIBERSORTx,0.317724798084704
HCA_fold2,gene,CIBERSORTx,0.526353244628378
HCA_fold2,gene,CIBERSORTx,0.750577173357531
HCA_fold2,gene,CIBERSORTx,0.383604228250808
HCA_fold2,gene,CIBERSORTx,0.174795636888729
HCA_fold2,gene,CIBERSORTx,0.219840661578468
HCA_fold2,gene,CIBERSORTx,0.589561923863085
HCA_fold2,gene,CIBERSORTx,0.485604869442744
HCA_fold2,gene,CIBERSORTx,0.299845612564321
HCA_fold2,gene,CIBERSORTx,0.325894549052361
HCA_fold2,gene,CIBERSORTx,0.555978797239247
HCA_fold2,gene,CIBERSORTx,0.782173543364345
HCA_fold2,gene,CIBERSORTx,0.821062430156846
HCA_fold2,gene,CIBERSORTx,0.478487071041863
HCA_fold2,gene,CIBERSORTx,0.510223801546655
HCA_fold2,gene,CIBERSORTx,0.130833662996758
HCA_fold2,gene,CIBERSORTx,0.187087126283591
HCA_fold2,gene,CIBERSORTx,0.508308023623404
HCA_fold2,gene,CIBERSORTx,0.486557558153361
HCA_fold2,gene,CIBERSORTx,0.45391504475056
HCA_fold2,gene,CIBERSORTx,0.417848344797626
HCA_fold2,gene,CIBERSORTx,0.511700786165407
HCA_fold2,gene,CIBERSORTx,0.845935075309928
HCA_fold2,gene,CIBERSORTx,0.478052597837842
HCA_fold2,gene,CIBERSORTx,0.634844395164741
HCA_fold2,gene,CIBERSORTx,0.72152643479772
HCA_fold2,gene,CIBERSORTx,0.716987543789316
HCA_fold2,gene,CIBERSORTx,0.748191276101884
HCA_fold2,gene,CIBERSORTx,0.346281891361339
HCA_fold2,gene,CIBERSORTx,0.725439987500212
HCA_fold2,gene,CIBERSORTx,0.339807366802073
HCA_fold2,gene,CIBERSORTx,0.273409819570051
HCA_fold2,gene,CIBERSORTx,0.650144645678594
HCA_fold2,gene,CIBERSORTx,0.515267170361423
HCA_fold2,gene,CIBERSORTx,0.764910279960741
HCA_fold2,gene,CIBERSORTx,0.493231558119731
HCA_fold2,gene,CIBERSORTx,0.211477712109518
HCA_fold2,gene,CIBERSORTx,0.884001797607199
HCA_fold2,gene,CIBERSORTx,0.149856827792901
HCA_fold2,gene,CIBERSORTx,0.000305482174708938
HCA_fold2,gene,CIBERSORTx,0.527640808347159
HCA_fold2,gene,CIBERSORTx,0.779709476610385
HCA_fold2,gene,CIBERSORTx,0.512680671546004
HCA_fold2,gene,CIBERSORTx,0.442809472480779
HCA_fold2,gene,CIBERSORTx,0.488080737597119
HCA_fold2,gene,CIBERSORTx,0.661902931848081
HCA_fold2,gene,CIBERSORTx,0.452390251132862
HCA_fold2,gene,CIBERSORTx,0.429732611684998
HCA_fold2,gene,CIBERSORTx,0.53817355398932
HCA_fold2,gene,CIBERSORTx,0.369686705377258
HCA_fold2,gene,CIBERSORTx,0.719476545924598
HCA_fold2,gene,CIBERSORTx,0.512620152934527
HCA_fold2,gene,CIBERSORTx,0.405000080048271
HCA_fold2,gene,CIBERSORTx,0.379702206155236
HCA_fold2,gene,CIBERSORTx,0.577696955484206
HCA_fold2,gene,CIBERSORTx,0.704294128407169
HCA_fold2,gene,CIBERSORTx,0.607067488401697
HCA_fold2,gene,CIBERSORTx,0.558228769896961
HCA_fold2,gene,CIBERSORTx,0.257393460803882
HCA_fold2,gene,CIBERSORTx,-0.0326330059701544
HCA_fold2,gene,CIBERSORTx,0.311202600918807
HCA_fold2,gene,CIBERSORTx,0.832570081097829
HCA_fold2,gene,CIBERSORTx,0.516347302925728
HCA_fold2,gene,CIBERSORTx,0.667085995083027
HCA_fold2,gene,CIBERSORTx,0.661433644366728
HCA_fold2,gene,CIBERSORTx,0.495413931629755
HCA_fold2,gene,CIBERSORTx,0.723845432341391
HCA_fold2,gene,CIBERSORTx,0.661023641058459
HCA_fold2,gene,CIBERSORTx,0.482614652903545
HCA_fold2,gene,CIBERSORTx,0.779308330698857
HCA_fold2,gene,CIBERSORTx,0.41741278768578
HCA_fold2,gene,CIBERSORTx,0.31413112190554
HCA_fold2,gene,CIBERSORTx,0.180230581124997
HCA_fold2,gene,CIBERSORTx,0.741186590010244
HCA_fold2,gene,CIBERSORTx,0.568150022664519
HCA_fold2,gene,CIBERSORTx,0.686095738732019
HCA_fold2,gene,CIBERSORTx,0.258431058456939
HCA_fold2,gene,CIBERSORTx,0.837229728227559
HCA_fold2,gene,CIBERSORTx,0.610682543098847
HCA_fold2,gene,CIBERSORTx,0.731697382315578
HCA_fold2,gene,CIBERSORTx,0.329082554485115
HCA_fold2,gene,CIBERSORTx,0.473528416794536
HCA_fold2,gene,CIBERSORTx,0.285770280830206
HCA_fold2,gene,CIBERSORTx,0.3564040372054
HCA_fold2,gene,CIBERSORTx,0.924797648804533
HCA_fold2,gene,CIBERSORTx,0.714826935147405
HCA_fold2,gene,CIBERSORTx,0.403657394135193
HCA_fold2,gene,CIBERSORTx,0.519166152904904
HCA_fold2,gene,CIBERSORTx,0.386709954057513
HCA_fold2,gene,CIBERSORTx,0.403399347868042
HCA_fold2,gene,CIBERSORTx,0.653956119634341
HCA_fold2,gene,CIBERSORTx,0.197209730852829
HCA_fold2,gene,CIBERSORTx,0.303813420637247
HCA_fold2,gene,CIBERSORTx,0.763508344965808
HCA_fold2,gene,CIBERSORTx,0.337197676532089
HCA_fold2,gene,CIBERSORTx,0.779884091097424
HCA_fold2,gene,CIBERSORTx,0.598295105366448
HCA_fold2,gene,CIBERSORTx,0.565891910011548
HCA_fold2,gene,CIBERSORTx,0.475944390450213
HCA_fold2,gene,CIBERSORTx,0.415869626857802
HCA_fold2,gene,CIBERSORTx,0.684873467701627
HCA_fold2,gene,CIBERSORTx,0.73163999975995
HCA_fold2,gene,CIBERSORTx,0.3306279035559
HCA_fold2,gene,CIBERSORTx,0.467043536800593
HCA_fold2,gene,CIBERSORTx,0.249120345092379
HCA_fold2,gene,CIBERSORTx,0.670372649196935
HCA_fold2,gene,CIBERSORTx,0.333916382285799
HCA_fold2,gene,CIBERSORTx,0.576879438282943
HCA_fold2,gene,CIBERSORTx,0.294593861619919
HCA_fold2,gene,CIBERSORTx,0.113340719337344
HCA_fold2,gene,CIBERSORTx,0.626170675389027
HCA_fold2,gene,CIBERSORTx,0.271533442618494
HCA_fold2,gene,CIBERSORTx,0.679671198178252
HCA_fold2,gene,CIBERSORTx,0.458382410081358
HCA_fold2,gene,CIBERSORTx,0.594094667371793
HCA_fold2,gene,CIBERSORTx,0.54950410740771
HCA_fold2,gene,CIBERSORTx,0.671049675934625
HCA_fold2,gene,CIBERSORTx,0.828425841378304
HCA_fold2,gene,CIBERSORTx,0.355438004507794
HCA_fold2,gene,CIBERSORTx,0.603460435619376
HCA_fold2,gene,CIBERSORTx,0.710893637561249
HCA_fold2,gene,CIBERSORTx,0.62856619551693
HCA_fold2,gene,CIBERSORTx,0.245508926193198
HCA_fold2,gene,CIBERSORTx,0.74901440507118
HCA_fold2,gene,CIBERSORTx,0.445086938477759
HCA_fold2,gene,CIBERSORTx,0.833513247672657
HCA_fold2,gene,CIBERSORTx,0.600815188646851
HCA_fold2,gene,CIBERSORTx,0.682692500330988
HCA_fold2,gene,CIBERSORTx,0.29962414741508
HCA_fold2,gene,CIBERSORTx,0.768105704658793
HCA_fold2,gene,CIBERSORTx,0.521982612776774
HCA_fold2,gene,CIBERSORTx,0.696486981731708
HCA_fold2,gene,CIBERSORTx,0.739902323237533
HCA_fold2,gene,CIBERSORTx,0.0833800484443886
HCA_fold2,gene,CIBERSORTx,0.816570189332697
HCA_fold2,gene,CIBERSORTx,0.686294068244142
HCA_fold2,gene,CIBERSORTx,0.687003308855688
HCA_fold2,gene,CIBERSORTx,0.530698539641794
HCA_fold2,gene,CIBERSORTx,0.531217702769028
HCA_fold2,gene,CIBERSORTx,0.521281756505208
HCA_fold2,gene,CIBERSORTx,0.704432576002533
HCA_fold2,gene,CIBERSORTx,0.384784705214104
HCA_fold2,gene,CIBERSORTx,0.238016878287484
HCA_fold2,gene,CIBERSORTx,0.438718280997063
HCA_fold2,gene,CIBERSORTx,0.594671137391963
HCA_fold2,gene,CIBERSORTx,0.750783486370646
HCA_fold2,gene,CIBERSORTx,0.593390767129259
HCA_fold2,gene,CIBERSORTx,0.386849109635145
HCA_fold2,gene,CIBERSORTx,0.196273898938947
HCA_fold2,gene,CIBERSORTx,0.840304170839165
HCA_fold2,gene,CIBERSORTx,0.733652314689916
HCA_fold2,gene,CIBERSORTx,0.538256235041462
HCA_fold2,gene,CIBERSORTx,0.341579273713017
HCA_fold2,gene,CIBERSORTx,0.288542059829738
HCA_fold2,gene,CIBERSORTx,0.812000058642467
HCA_fold2,gene,CIBERSORTx,0.258229688116357
HCA_fold2,gene,CIBERSORTx,0.50736913264893
HCA_fold2,gene,CIBERSORTx,0.608000710645051
HCA_fold2,gene,CIBERSORTx,0.598490631561193
HCA_fold2,gene,CIBERSORTx,0.163449920716953
HCA_fold2,gene,CIBERSORTx,0.591636630819898
HCA_fold2,gene,CIBERSORTx,0.853703456465775
HCA_fold2,gene,CIBERSORTx,0.54039681350295
HCA_fold2,gene,CIBERSORTx,0.677280618794647
HCA_fold2,gene,CIBERSORTx,0.660205492101353
HCA_fold2,gene,CIBERSORTx,0.74942087591823
HCA_fold2,gene,CIBERSORTx,0.489438503315623
HCA_fold2,gene,CIBERSORTx,0.597616519974649
HCA_fold2,gene,CIBERSORTx,0.495882907305645
HCA_fold2,gene,CIBERSORTx,0.621066031723648
HCA_fold2,gene,CIBERSORTx,0.844890441566579
HCA_fold2,gene,CIBERSORTx,0.348702178205772
HCA_fold2,gene,CIBERSORTx,0.834094939803931
HCA_fold2,gene,CIBERSORTx,0.793686284242707
HCA_fold2,gene,CIBERSORTx,0.711513040067049
HCA_fold2,gene,CIBERSORTx,0.543830128850886
HCA_fold2,gene,CIBERSORTx,0.699753709825916
HCA_fold2,gene,CIBERSORTx,0.512086669942076
HCA_fold2,gene,CIBERSORTx,0.227941336109422
HCA_fold2,gene,CIBERSORTx,0.378528551700008
HCA_fold2,gene,CIBERSORTx,0.709864759676798
HCA_fold2,gene,CIBERSORTx,0.736428259658008
HCA_fold2,gene,CIBERSORTx,0.733750350230055
HCA_fold2,gene,CIBERSORTx,0.688965425788526
HCA_fold2,gene,CIBERSORTx,0.729210232482389
HCA_fold2,gene,CIBERSORTx,0.217358586282294
HCA_fold2,gene,CIBERSORTx,0.311809616893022
HCA_fold2,gene,CIBERSORTx,0.858150775475147
HCA_fold2,gene,CIBERSORTx,0.317234476287734
HCA_fold2,gene,CIBERSORTx,0.882202445629477
HCA_fold2,gene,CIBERSORTx,0.550867770966113
HCA_fold2,gene,CIBERSORTx,0.155927857778117
HCA_fold2,gene,CIBERSORTx,0.69711695521575
HCA_fold2,gene,CIBERSORTx,0.549492563920902
HCA_fold2,gene,CIBERSORTx,0.412149783288617
HCA_fold2,gene,CIBERSORTx,0.504254044285617
HCA_fold2,gene,CIBERSORTx,0.555242315396611
HCA_fold2,gene,CIBERSORTx,0.698190720751593
HCA_fold2,gene,CIBERSORTx,0.549881331548693
HCA_fold2,gene,CIBERSORTx,0.728527887411668
HCA_fold2,gene,CIBERSORTx,0.523864508842442
HCA_fold2,gene,CIBERSORTx,0.368681192666896
HCA_fold2,gene,CIBERSORTx,0.580401151338638
HCA_fold2,gene,CIBERSORTx,0.629535070323824
HCA_fold2,gene,CIBERSORTx,0.304181796964393
HCA_fold2,gene,CIBERSORTx,0.699640316176819
HCA_fold2,gene,CIBERSORTx,0.610768049905491
HCA_fold2,gene,CIBERSORTx,0.876862748095445
HCA_fold2,gene,CIBERSORTx,0.247499250934162
HCA_fold2,gene,CIBERSORTx,0.182573062008942
HCA_fold2,gene,CIBERSORTx,0.0677804146600361
HCA_fold2,gene,CIBERSORTx,0.42616804260857
HCA_fold2,gene,CIBERSORTx,0.90941875594336
HCA_fold2,gene,CIBERSORTx,0.292614518410855
HCA_fold2,gene,CIBERSORTx,0.388726157787854
HCA_fold2,gene,CIBERSORTx,0.0129136131040304
HCA_fold2,gene,CIBERSORTx,0.540887738021692
HCA_fold2,gene,CIBERSORTx,0.632317995411519
HCA_fold2,gene,CIBERSORTx,0.451833978613983
HCA_fold2,gene,CIBERSORTx,0.588429541773353
HCA_fold2,gene,CIBERSORTx,0.38714046356672
HCA_fold2,gene,CIBERSORTx,0.267029139102204
HCA_fold2,gene,CIBERSORTx,0.410204153166981
HCA_fold2,gene,CIBERSORTx,0.564916402800958
HCA_fold2,gene,CIBERSORTx,0.298764176386454
HCA_fold2,gene,CIBERSORTx,0.705501727756094
HCA_fold2,gene,CIBERSORTx,0.320001379404958
HCA_fold2,gene,CIBERSORTx,0.648874534410649
HCA_fold2,gene,CIBERSORTx,0.81700113900669
HCA_fold2,gene,CIBERSORTx,0.225176486939038
HCA_fold2,gene,CIBERSORTx,0.271952786064027
HCA_fold2,gene,CIBERSORTx,0.383403960611486
HCA_fold2,gene,CIBERSORTx,0.828193065278183
HCA_fold2,gene,CIBERSORTx,0.496813959592935
HCA_fold2,gene,CIBERSORTx,0.260553139821559
HCA_fold2,gene,CIBERSORTx,0.589213999659829
HCA_fold2,gene,CIBERSORTx,0.895133202490191
HCA_fold2,gene,CIBERSORTx,0.45244065654328
HCA_fold2,gene,CIBERSORTx,0.189328765319339
HCA_fold2,gene,CIBERSORTx,0.333986696940867
HCA_fold2,gene,CIBERSORTx,0.543019077765518
HCA_fold2,gene,CIBERSORTx,0.43371548320198
HCA_fold2,gene,CIBERSORTx,0.553088236880913
HCA_fold2,gene,CIBERSORTx,0.470934452587384
HCA_fold2,gene,CIBERSORTx,0.556017913941219
HCA_fold2,gene,CIBERSORTx,0.845982428778471
HCA_fold2,gene,CIBERSORTx,0.546099790376007
HCA_fold2,gene,CIBERSORTx,0.66326528230475
HCA_fold2,gene,CIBERSORTx,0.785155453538517
HCA_fold2,gene,CIBERSORTx,0.512927376414853
HCA_fold2,gene,CIBERSORTx,0.787756795769417
HCA_fold2,gene,CIBERSORTx,0.727711724724064
HCA_fold2,gene,CIBERSORTx,0.555095607234034
HCA_fold2,gene,CIBERSORTx,0.489645145972739
HCA_fold2,gene,CIBERSORTx,0.586855869082012
HCA_fold2,gene,CIBERSORTx,0.298592225113947
HCA_fold2,gene,CIBERSORTx,0.368478243666968
HCA_fold2,gene,CIBERSORTx,0.778543188480779
HCA_fold2,gene,CIBERSORTx,0.647143174004456
HCA_fold2,gene,CIBERSORTx,0.720644345202629
HCA_fold2,gene,CIBERSORTx,0.431992120999748
HCA_fold2,gene,CIBERSORTx,0.330275239672779
HCA_fold2,gene,CIBERSORTx,0.533184500510801
HCA_fold2,gene,CIBERSORTx,0.570389654205716
HCA_fold2,gene,CIBERSORTx,0.12322377016651
HCA_fold2,gene,CIBERSORTx,0.833371380289158
HCA_fold2,gene,CIBERSORTx,0.197638613916154
HCA_fold2,gene,CIBERSORTx,0.291291311912982
HCA_fold2,gene,CIBERSORTx,0.753946216792616
HCA_fold2,gene,CIBERSORTx,0.626639820354532
HCA_fold2,gene,CIBERSORTx,0.600223430412115
HCA_fold2,gene,CIBERSORTx,0.898636101103492
HCA_fold2,gene,CIBERSORTx,0.609570484142636
HCA_fold2,gene,CIBERSORTx,0.405996428545346
HCA_fold2,gene,CIBERSORTx,0.0344858874065506
HCA_fold2,gene,CIBERSORTx,0.640640610392732
HCA_fold2,gene,CIBERSORTx,0.60491182529721
HCA_fold2,gene,CIBERSORTx,0.687743645440904
HCA_fold2,gene,CIBERSORTx,0.523693823281888
HCA_fold2,gene,CIBERSORTx,0.656691009207815
HCA_fold2,gene,CIBERSORTx,0.803972009779399
HCA_fold2,gene,CIBERSORTx,0.735987033376072
HCA_fold2,gene,CIBERSORTx,0.890317299342218
HCA_fold2,gene,CIBERSORTx,0.521807912255178
HCA_fold2,gene,CIBERSORTx,0.168228086986689
HCA_fold2,gene,CIBERSORTx,0.86512627188631
HCA_fold2,gene,CIBERSORTx,0.496777193708213
HCA_fold2,gene,CIBERSORTx,0.792418492081754
HCA_fold2,gene,CIBERSORTx,0.691299187206759
HCA_fold2,gene,CIBERSORTx,0.714874089319299
HCA_fold2,gene,CIBERSORTx,0.278942939648582
HCA_fold2,gene,CIBERSORTx,0.495996848490525
HCA_fold2,gene,CIBERSORTx,0.560943920052084
HCA_fold2,gene,CIBERSORTx,0.594186164703256
HCA_fold2,gene,CIBERSORTx,0.344771650052358
HCA_fold2,gene,CIBERSORTx,0.874262323808197
HCA_fold2,gene,CIBERSORTx,0.447814638590452
HCA_fold2,gene,CIBERSORTx,0.628285727065125
HCA_fold2,gene,CIBERSORTx,0.736873072538173
HCA_fold2,gene,CIBERSORTx,0.416228264106301
HCA_fold2,gene,CIBERSORTx,0.175192359161137
HCA_fold2,gene,CIBERSORTx,0.913554256585281
HCA_fold2,gene,CIBERSORTx,0.653407035327905
HCA_fold2,gene,CIBERSORTx,0.536361160303093
HCA_fold2,gene,CIBERSORTx,0.592294094192886
HCA_fold2,gene,CIBERSORTx,0.567102701370768
HCA_fold2,gene,CIBERSORTx,0.24384723824877
HCA_fold2,gene,CIBERSORTx,0.43774458284447
HCA_fold2,gene,CIBERSORTx,0.874290826695373
HCA_fold2,gene,CIBERSORTx,0.726955854265209
HCA_fold2,gene,CIBERSORTx,0.430156639499224
HCA_fold2,gene,CIBERSORTx,0.793258461801346
HCA_fold2,gene,CIBERSORTx,0.402006991020342
HCA_fold2,gene,CIBERSORTx,0.503109383151739
HCA_fold2,gene,CIBERSORTx,0.437081813172075
HCA_fold2,gene,CIBERSORTx,0.390924775022537
HCA_fold2,gene,CIBERSORTx,0.609291550276662
HCA_fold2,gene,CIBERSORTx,0.574515530409791
HCA_fold2,gene,CIBERSORTx,0.782487163597215
HCA_fold2,gene,CIBERSORTx,0.455477925933747
HCA_fold2,gene,CIBERSORTx,0.688509802347226
HCA_fold2,gene,CIBERSORTx,0.713153878884244
HCA_fold2,gene,CIBERSORTx,0.606948583385676
HCA_fold2,gene,CIBERSORTx,0.569979943457604
HCA_fold2,gene,CIBERSORTx,0.233890930388671
HCA_fold2,gene,CIBERSORTx,0.759021884847269
HCA_fold2,gene,CIBERSORTx,0.499619341733865
HCA_fold2,gene,CIBERSORTx,0.506226996162115
HCA_fold2,gene,CIBERSORTx,-0.0440514279545476
HCA_fold2,gene,CIBERSORTx,0.608725687031319
HCA_fold2,gene,CIBERSORTx,0.394614781582034
HCA_fold2,gene,CIBERSORTx,0.973523713847214
HCA_fold2,gene,CIBERSORTx,0.768811898490847
HCA_fold2,gene,CIBERSORTx,0.342376874629168
HCA_fold2,gene,CIBERSORTx,0.574893433595117
HCA_fold2,gene,CIBERSORTx,0.775829884921376
HCA_fold2,gene,CIBERSORTx,0.897200239049225
HCA_fold2,gene,CIBERSORTx,-0.135737934144842
HCA_fold2,gene,CIBERSORTx,0.31798117565957
HCA_fold2,gene,CIBERSORTx,0.361439600861861
HCA_fold2,gene,CIBERSORTx,0.733130070125934
HCA_fold2,gene,CIBERSORTx,0.753975773451801
HCA_fold2,gene,CIBERSORTx,0.771427255842805
HCA_fold2,gene,CIBERSORTx,0.777144406695327
HCA_fold2,gene,CIBERSORTx,0.622782563263301
HCA_fold2,gene,CIBERSORTx,0.427781718507609
HCA_fold2,gene,CIBERSORTx,0.688362935064948
HCA_fold2,gene,CIBERSORTx,0.423186163356509
HCA_fold2,gene,CIBERSORTx,0.249877056842117
HCA_fold2,gene,CIBERSORTx,0.388135389159961
HCA_fold2,gene,CIBERSORTx,0.381886366729143
HCA_fold2,gene,CIBERSORTx,0.166091497439709
HCA_fold2,gene,CIBERSORTx,0.432269527141302
HCA_fold2,gene,CIBERSORTx,0.691191928936005
HCA_fold2,gene,CIBERSORTx,0.472542168544967
HCA_fold2,gene,CIBERSORTx,0.51374828419853
HCA_fold2,gene,CIBERSORTx,0.781283888464362
HCA_fold2,gene,CIBERSORTx,0.184155330210995
HCA_fold2,gene,CIBERSORTx,0.73176128946956
HCA_fold2,gene,CIBERSORTx,0.223281023506443
HCA_fold2,gene,CIBERSORTx,0.751811751749025
HCA_fold2,gene,CIBERSORTx,0.227789191727553
HCA_fold2,gene,CIBERSORTx,0.7940464389381
HCA_fold2,gene,CIBERSORTx,0.551555716429815
HCA_fold2,gene,CIBERSORTx,0.482764553981941
HCA_fold2,gene,CIBERSORTx,-0.130269601183482
HCA_fold2,gene,CIBERSORTx,0.830135990591413
HCA_fold2,gene,CIBERSORTx,0.27559946570038
HCA_fold2,gene,CIBERSORTx,0.802979702896408
HCA_fold2,gene,CIBERSORTx,0.281143227455745
HCA_fold2,gene,CIBERSORTx,0.455796482425284
HCA_fold2,gene,CIBERSORTx,0.508471902067258
HCA_fold2,gene,CIBERSORTx,0.764779788012391
HCA_fold2,gene,CIBERSORTx,0.21974131553951
HCA_fold2,gene,CIBERSORTx,0.749066071646416
HCA_fold2,gene,CIBERSORTx,0.849409081296983
HCA_fold2,gene,CIBERSORTx,0.433934273377717
HCA_fold2,gene,CIBERSORTx,0.250512469842927
HCA_fold2,gene,CIBERSORTx,0.7477156076799
HCA_fold2,gene,CIBERSORTx,0.00269023231476779
HCA_fold2,gene,CIBERSORTx,-0.0978534046164352
HCA_fold2,gene,CIBERSORTx,0.65980607432921
HCA_fold2,gene,CIBERSORTx,0.31153677698167
HCA_fold2,gene,CIBERSORTx,0.446187769876197
HCA_fold2,gene,CIBERSORTx,0.133748162979756
HCA_fold2,gene,CIBERSORTx,0.345534250637979
HCA_fold2,gene,CIBERSORTx,0.831619701528318
HCA_fold2,gene,CIBERSORTx,0.583313623730709
HCA_fold2,gene,CIBERSORTx,0.417596256392549
HCA_fold2,gene,CIBERSORTx,0.691269326097349
HCA_fold2,gene,CIBERSORTx,0.694840734811616
HCA_fold2,gene,CIBERSORTx,0.405892066658037
HCA_fold2,gene,CIBERSORTx,0.418208064294109
HCA_fold2,gene,CIBERSORTx,0.883408837566429
HCA_fold2,gene,CIBERSORTx,0.72320136199793
HCA_fold2,gene,CIBERSORTx,0.396574991343606
HCA_fold2,gene,CIBERSORTx,0.624486417705073
HCA_fold2,gene,CIBERSORTx,0.15128967748796
HCA_fold2,gene,CIBERSORTx,0.538646959861925
HCA_fold2,gene,CIBERSORTx,0.4375740806561
HCA_fold2,gene,CIBERSORTx,0.441456505423522
HCA_fold2,gene,CIBERSORTx,0.635922753212349
HCA_fold2,gene,CIBERSORTx,0.721261920511753
HCA_fold2,gene,CIBERSORTx,0.183550514191427
HCA_fold2,gene,CIBERSORTx,0.475753765622778
HCA_fold2,gene,CIBERSORTx,0.313743204151558
HCA_fold2,gene,CIBERSORTx,0.287708290115512
HCA_fold2,gene,CIBERSORTx,0.631762386478581
HCA_fold2,gene,CIBERSORTx,0.619795600928342
HCA_fold2,gene,CIBERSORTx,0.724923335724161
HCA_fold2,gene,CIBERSORTx,0.381700093382581
HCA_fold2,gene,CIBERSORTx,0.0791399075967595
HCA_fold2,gene,CIBERSORTx,0.375923669839901
HCA_fold2,gene,CIBERSORTx,0.697707415779385
HCA_fold2,gene,CIBERSORTx,0.34019063745453
HCA_fold2,gene,CIBERSORTx,0.64374014717203
HCA_fold2,gene,CIBERSORTx,0.101261040989217
HCA_fold2,gene,CIBERSORTx,0.700041239962194
HCA_fold2,gene,CIBERSORTx,0.581151096946879
HCA_fold2,gene,CIBERSORTx,0.429853734462928
HCA_fold2,gene,CIBERSORTx,0.391220693263158
HCA_fold2,gene,CIBERSORTx,0.536547944545387
HCA_fold2,gene,CIBERSORTx,0.560543303775905
HCA_fold2,gene,CIBERSORTx,0.528424842604524
HCA_fold2,gene,CIBERSORTx,0.382708060474148
HCA_fold2,gene,CIBERSORTx,0.594300512625001
HCA_fold2,gene,CIBERSORTx,0.629936518416517
HCA_fold2,gene,CIBERSORTx,0.409404360085439
HCA_fold2,gene,CIBERSORTx,0.825517768628755
HCA_fold2,gene,CIBERSORTx,0.452771410774348
HCA_fold2,gene,CIBERSORTx,0.501554599021918
HCA_fold2,gene,CIBERSORTx,0.7120524023126
HCA_fold2,gene,CIBERSORTx,0.49842571922563
HCA_fold2,gene,CIBERSORTx,0.599929081975182
HCA_fold2,gene,CIBERSORTx,0.409982919257881
HCA_fold2,gene,CIBERSORTx,0.346399249368871
HCA_fold2,gene,CIBERSORTx,0.228808236739364
HCA_fold2,gene,CIBERSORTx,0.53876977581443
HCA_fold2,gene,CIBERSORTx,0.453499680355421
HCA_fold2,gene,CIBERSORTx,0.327779443965259
HCA_fold2,gene,CIBERSORTx,0.472722855587732
HCA_fold2,gene,CIBERSORTx,0.304042634639378
HCA_fold2,gene,CIBERSORTx,0.415732039421629
HCA_fold2,gene,CIBERSORTx,0.352447844003762
HCA_fold2,gene,CIBERSORTx,0.310959089246864
HCA_fold2,gene,CIBERSORTx,0.498914897223004
HCA_fold2,gene,CIBERSORTx,0.708730090989498
HCA_fold2,gene,CIBERSORTx,0.312956969889875
HCA_fold2,gene,CIBERSORTx,0.343362055240216
HCA_fold2,gene,CIBERSORTx,0.408844479827892
HCA_fold2,gene,CIBERSORTx,0.487987463512034
HCA_fold2,gene,CIBERSORTx,0.828647688962628
HCA_fold2,gene,CIBERSORTx,0.542873383232938
HCA_fold2,gene,CIBERSORTx,0.779975774060103
HCA_fold2,gene,CIBERSORTx,0.690024737482151
HCA_fold2,gene,CIBERSORTx,0.62872476707084
HCA_fold2,gene,CIBERSORTx,0.474200756875318
HCA_fold2,gene,CIBERSORTx,0.196366224727227
HCA_fold2,gene,CIBERSORTx,0.7899799556378
HCA_fold2,gene,CIBERSORTx,0.433926076540288
HCA_fold2,gene,CIBERSORTx,0.169220692431818
HCA_fold2,gene,CIBERSORTx,0.696945655536988
HCA_fold2,gene,CIBERSORTx,0.319768850045919
HCA_fold2,gene,CIBERSORTx,0.655185133331037
HCA_fold2,gene,CIBERSORTx,0.794961634780278
HCA_fold2,gene,CIBERSORTx,0.553463234992024
HCA_fold2,gene,CIBERSORTx,0.257987434077888
HCA_fold2,gene,CIBERSORTx,0.444735009671593
HCA_fold2,gene,CIBERSORTx,0.273870103964113
HCA_fold2,gene,CIBERSORTx,0.801244815784163
HCA_fold2,gene,CIBERSORTx,0.825849723487393
HCA_fold2,gene,CIBERSORTx,0.203230704748369
HCA_fold2,gene,CIBERSORTx,0.411025999709929
HCA_fold2,gene,CIBERSORTx,0.533056177520965
HCA_fold2,gene,CIBERSORTx,0.307151828227475
HCA_fold2,gene,CIBERSORTx,-0.0431987840785126
HCA_fold2,gene,CIBERSORTx,0.163417924869012
HCA_fold2,gene,CIBERSORTx,0.795185361371056
HCA_fold2,gene,CIBERSORTx,0.698576439179496
HCA_fold2,gene,CIBERSORTx,0.452494125744128
HCA_fold2,gene,CIBERSORTx,0.318377972905705
HCA_fold2,gene,CIBERSORTx,0.498230037444464
HCA_fold2,gene,CIBERSORTx,0.738542129721142
HCA_fold2,gene,CIBERSORTx,0.544530246096957
HCA_fold2,gene,CIBERSORTx,0.541848489427666
HCA_fold2,gene,CIBERSORTx,0.267524689232985
HCA_fold2,gene,CIBERSORTx,0.266862732279368
HCA_fold2,gene,CIBERSORTx,0.757431756522096
HCA_fold2,gene,CIBERSORTx,0.186575472056794
HCA_fold2,gene,CIBERSORTx,0.266839032109855
HCA_fold2,gene,CIBERSORTx,0.90370033989045
HCA_fold2,gene,CIBERSORTx,0.638918042710134
HCA_fold2,gene,CIBERSORTx,0.66907603815344
HCA_fold2,gene,CIBERSORTx,0.393138505824059
HCA_fold2,gene,CIBERSORTx,0.36539935219039
HCA_fold2,gene,CIBERSORTx,0.184315301479212
HCA_fold2,gene,CIBERSORTx,0.490932331389021
HCA_fold2,gene,CIBERSORTx,0.655002841756552
HCA_fold2,gene,CIBERSORTx,0.789500387277718
HCA_fold2,gene,CIBERSORTx,0.491815761699636
HCA_fold2,gene,CIBERSORTx,0.815634297520973
HCA_fold2,gene,CIBERSORTx,0.475825101408942
HCA_fold2,gene,CIBERSORTx,0.691938043272964
HCA_fold2,gene,CIBERSORTx,0.288083798066922
HCA_fold2,gene,CIBERSORTx,-0.263259780970901
HCA_fold2,gene,CIBERSORTx,0.544569733777892
HCA_fold2,gene,CIBERSORTx,0.524040764833333
HCA_fold2,gene,CIBERSORTx,0.79516788119385
HCA_fold2,gene,CIBERSORTx,0.660710157719616
HCA_fold2,gene,CIBERSORTx,0.805119919446828
HCA_fold2,gene,CIBERSORTx,0.496326540538611
HCA_fold2,gene,CIBERSORTx,0.318549663392512
HCA_fold2,gene,CIBERSORTx,0.70923435744648
HCA_fold2,gene,CIBERSORTx,0.795979786021826
HCA_fold2,gene,CIBERSORTx,0.84996768735258
HCA_fold2,gene,CIBERSORTx,0.202087258778262
HCA_fold2,gene,CIBERSORTx,0.418743295897458
HCA_fold2,gene,CIBERSORTx,0.781596846266418
HCA_fold2,gene,CIBERSORTx,0.644818559862495
HCA_fold2,gene,CIBERSORTx,0.578435413533417
HCA_fold2,gene,CIBERSORTx,0.670851707616191
HCA_fold2,gene,CIBERSORTx,0.79196200661822
HCA_fold2,gene,CIBERSORTx,0.719934739540001
HCA_fold2,gene,CIBERSORTx,0.485818205646159
HCA_fold2,gene,CIBERSORTx,0.58594182773709
HCA_fold2,gene,CIBERSORTx,0.582452972247073
HCA_fold2,gene,CIBERSORTx,0.564230685874956
HCA_fold2,gene,CIBERSORTx,0.33625233038499
HCA_fold2,gene,CIBERSORTx,0.415904054071688
HCA_fold2,gene,CIBERSORTx,0.391868898528215
HCA_fold2,gene,CIBERSORTx,0.654862212091899
HCA_fold2,gene,CIBERSORTx,0.397833233751394
HCA_fold2,gene,CIBERSORTx,0.619037633057945
HCA_fold2,gene,CIBERSORTx,0.521152375178698
HCA_fold2,gene,CIBERSORTx,0.808684952641457
HCA_fold2,gene,CIBERSORTx,0.687194380189565
HCA_fold2,gene,CIBERSORTx,0.644350817071099
HCA_fold2,gene,CIBERSORTx,0.6877664518651
HCA_fold2,gene,CIBERSORTx,0.523734434730562
HCA_fold2,gene,CIBERSORTx,0.892780916621048
HCA_fold2,gene,CIBERSORTx,0.713969407097778
HCA_fold2,gene,CIBERSORTx,0.643485196379506
HCA_fold2,gene,CIBERSORTx,0.590466473448893
HCA_fold2,gene,CIBERSORTx,0.556247671057478
HCA_fold2,gene,CIBERSORTx,0.477705806534737
HCA_fold2,gene,CIBERSORTx,0.307491632156502
HCA_fold2,gene,CIBERSORTx,0.471925763554058
HCA_fold2,gene,CIBERSORTx,0.276539770428913
HCA_fold2,gene,CIBERSORTx,0.783397441827425
HCA_fold2,gene,CIBERSORTx,0.668004096384078
HCA_fold2,gene,CIBERSORTx,0.418341723587342
HCA_fold2,gene,CIBERSORTx,0.443222164990384
HCA_fold2,gene,CIBERSORTx,0.104594264363877
HCA_fold2,gene,CIBERSORTx,0.547792934990655
HCA_fold2,gene,CIBERSORTx,0.892399210443941
HCA_fold2,gene,CIBERSORTx,0.102436720291262
HCA_fold2,gene,CIBERSORTx,0.341472442695248
HCA_fold2,gene,CIBERSORTx,0.548107744324212
HCA_fold2,gene,CIBERSORTx,0.160180910464213
HCA_fold2,gene,CIBERSORTx,0.223278197800905
HCA_fold2,gene,CIBERSORTx,0.392822565939272
HCA_fold2,gene,CIBERSORTx,0.481378965417133
HCA_fold2,gene,CIBERSORTx,0.482295183971862
HCA_fold2,gene,CIBERSORTx,0.68780353210726
HCA_fold2,gene,CIBERSORTx,0.439321494146748
HCA_fold2,gene,CIBERSORTx,0.775859731902614
HCA_fold2,gene,CIBERSORTx,0.488182447466974
HCA_fold2,gene,CIBERSORTx,0.223567264048465
HCA_fold2,gene,CIBERSORTx,0.881681453942133
HCA_fold2,gene,CIBERSORTx,0.577905964528349
HCA_fold2,gene,CIBERSORTx,0.0796709914033311
HCA_fold2,gene,CIBERSORTx,0.415298978359178
HCA_fold2,gene,CIBERSORTx,0.461188842278037
HCA_fold2,gene,CIBERSORTx,0.731133705075259
HCA_fold2,gene,CIBERSORTx,0.831660727418824
HCA_fold2,gene,CIBERSORTx,0.414215163176567
HCA_fold2,gene,CIBERSORTx,0.263733630222891
HCA_fold2,gene,CIBERSORTx,0.771077650389311
HCA_fold2,gene,CIBERSORTx,0.27102987593463
HCA_fold2,gene,CIBERSORTx,0.846583275441247
HCA_fold2,gene,CIBERSORTx,0.307998567580917
HCA_fold2,gene,CIBERSORTx,0.613217429293531
HCA_fold2,gene,CIBERSORTx,0.679544811580754
HCA_fold2,gene,CIBERSORTx,0.129344291612034
HCA_fold2,gene,CIBERSORTx,0.131095006216833
HCA_fold2,gene,CIBERSORTx,0.735114577899076
HCA_fold2,gene,CIBERSORTx,0.686731346514092
HCA_fold2,gene,CIBERSORTx,0.437524097470174
HCA_fold2,gene,CIBERSORTx,0.16958607872261
HCA_fold2,gene,CIBERSORTx,0.310741902084831
HCA_fold2,gene,CIBERSORTx,0.631208188170823
HCA_fold2,gene,CIBERSORTx,0.334181629791059
HCA_fold2,gene,CIBERSORTx,0.191062667796319
HCA_fold2,gene,CIBERSORTx,0.287235029421243
HCA_fold2,gene,CIBERSORTx,0.658550708220523
HCA_fold2,gene,CIBERSORTx,0.443953000656241
HCA_fold2,gene,CIBERSORTx,0.670800054276119
HCA_fold2,gene,CIBERSORTx,0.363054324166527
HCA_fold2,gene,CIBERSORTx,0.701678460499286
HCA_fold2,gene,CIBERSORTx,0.181221268049328
HCA_fold2,gene,CIBERSORTx,0.468497081941221
HCA_fold2,gene,CIBERSORTx,0.494184587291469
HCA_fold2,gene,CIBERSORTx,0.273374284075144
HCA_fold2,gene,CIBERSORTx,0.480497525670103
HCA_fold2,gene,CIBERSORTx,0.283444451399096
HCA_fold2,gene,CIBERSORTx,0.651279049004814
HCA_fold2,gene,CIBERSORTx,0.515242909296007
HCA_fold2,gene,CIBERSORTx,0.502255554638562
HCA_fold2,gene,CIBERSORTx,0.59311566973038
HCA_fold2,gene,CIBERSORTx,0.596746819368387
HCA_fold2,gene,CIBERSORTx,0.510064358906533
HCA_fold2,gene,CIBERSORTx,0.073591392894605
HCA_fold2,gene,CIBERSORTx,0.66687857588734
HCA_fold2,gene,CIBERSORTx,0.653369325626291
HCA_fold2,gene,CIBERSORTx,0.457206717016989
HCA_fold2,gene,CIBERSORTx,0.439869584742873
HCA_fold2,gene,CIBERSORTx,0.534371926391727
HCA_fold2,gene,CIBERSORTx,0.36705415418805
HCA_fold2,gene,CIBERSORTx,0.493400714014896
HCA_fold2,gene,CIBERSORTx,0.119163084807181
HCA_fold2,gene,CIBERSORTx,0.707588673927715
HCA_fold2,gene,CIBERSORTx,0.118289792064398
HCA_fold2,gene,CIBERSORTx,0.512595997051438
HCA_fold2,gene,CIBERSORTx,0.527322093788066
HCA_fold2,gene,CIBERSORTx,0.32831969022679
HCA_fold2,gene,CIBERSORTx,0.418578849792331
HCA_fold2,gene,CIBERSORTx,0.053633692080665
HCA_fold2,gene,CIBERSORTx,0.645803223390213
HCA_fold2,gene,CIBERSORTx,0.637350454005599
HCA_fold2,gene,CIBERSORTx,0.509975729532591
HCA_fold2,gene,CIBERSORTx,0.473438194202191
HCA_fold2,gene,CIBERSORTx,0.455301566547675
HCA_fold2,gene,CIBERSORTx,0.549644695796538
HCA_fold2,gene,CIBERSORTx,0.535568237509121
HCA_fold2,gene,CIBERSORTx,0.433035940687388
HCA_fold2,gene,CIBERSORTx,0.783415238214046
HCA_fold2,gene,CIBERSORTx,0.897884972058573
HCA_fold2,gene,CIBERSORTx,0.479553302894465
HCA_fold2,gene,CIBERSORTx,0.502658506601931
HCA_fold2,gene,CIBERSORTx,0.347668547942344
HCA_fold2,gene,CIBERSORTx,0.524781988593764
HCA_fold2,gene,CIBERSORTx,0.746880436782278
HCA_fold2,gene,CIBERSORTx,0.439216657570445
HCA_fold2,gene,CIBERSORTx,0.636434754625684
HCA_fold2,gene,CIBERSORTx,0.825623045693765
HCA_fold2,gene,CIBERSORTx,0.884627326004942
HCA_fold2,gene,CIBERSORTx,0.602205515201934
HCA_fold2,gene,CIBERSORTx,0.773662096432244
HCA_fold2,gene,CIBERSORTx,0.809877504163664
HCA_fold2,gene,CIBERSORTx,0.770708079301266
HCA_fold2,gene,CIBERSORTx,0.774568093844683
HCA_fold2,gene,CIBERSORTx,0.321102157780715
HCA_fold2,gene,CIBERSORTx,0.885473952776741
HCA_fold2,gene,CIBERSORTx,0.657557039395214
HCA_fold2,gene,CIBERSORTx,0.19972946820813
HCA_fold2,gene,CIBERSORTx,0.390361224019563
HCA_fold2,gene,CIBERSORTx,0.771594888094098
HCA_fold2,gene,CIBERSORTx,0.548541533814829
HCA_fold2,gene,CIBERSORTx,0.675977799275446
HCA_fold2,gene,CIBERSORTx,0.565502467845433
HCA_fold2,gene,CIBERSORTx,0.388433438501327
HCA_fold2,gene,CIBERSORTx,0.784657399984
HCA_fold2,gene,CIBERSORTx,0.49819174359686
HCA_fold2,gene,CIBERSORTx,0.584240643453762
HCA_fold2,gene,CIBERSORTx,0.323692598210796
HCA_fold2,gene,CIBERSORTx,0.703514688531314
HCA_fold2,gene,CIBERSORTx,0.462151195552393
HCA_fold2,gene,CIBERSORTx,0.796451811847646
HCA_fold2,gene,CIBERSORTx,0.535265209603933
HCA_fold2,gene,CIBERSORTx,0.397678194132305
HCA_fold2,gene,CIBERSORTx,0.680301537905228
HCA_fold2,gene,CIBERSORTx,0.53439049431745
HCA_fold2,gene,CIBERSORTx,0.903788416465195
HCA_fold2,gene,CIBERSORTx,0.379874322812804
HCA_fold2,gene,CIBERSORTx,0.876027882859035
HCA_fold2,gene,CIBERSORTx,0.695948679261124
HCA_fold2,gene,CIBERSORTx,0.512918697565851
HCA_fold2,gene,CIBERSORTx,0.845706053489341
HCA_fold2,gene,CIBERSORTx,0.321767596414769
HCA_fold2,gene,CIBERSORTx,0.355334517688976
HCA_fold2,gene,CIBERSORTx,0.740603546668176
HCA_fold2,gene,CIBERSORTx,0.522595420560015
HCA_fold2,gene,CIBERSORTx,0.109317291981089
HCA_fold2,gene,CIBERSORTx,0.784933937705581
HCA_fold2,gene,CIBERSORTx,0.767741690822185
HCA_fold2,gene,CIBERSORTx,0.634203180973562
HCA_fold2,gene,CIBERSORTx,0.477704115113772
HCA_fold2,gene,CIBERSORTx,0.438195839425368
HCA_fold2,gene,CIBERSORTx,0.444221341505456
HCA_fold2,gene,CIBERSORTx,0.5721748675775
HCA_fold2,gene,CIBERSORTx,0.706350913460204
HCA_fold2,gene,CIBERSORTx,0.837164617953786
HCA_fold2,gene,CIBERSORTx,0.565040255259764
HCA_fold2,gene,CIBERSORTx,0.416380250218728
HCA_fold2,gene,CIBERSORTx,0.765144275439821
HCA_fold2,gene,CIBERSORTx,0.712625501244728
HCA_fold2,gene,CIBERSORTx,0.589412417032271
HCA_fold2,gene,CIBERSORTx,0.438898983564775
HCA_fold2,gene,CIBERSORTx,0.647579233770518
HCA_fold2,gene,CIBERSORTx,0.754124016038974
HCA_fold2,gene,CIBERSORTx,-0.0146963309761989
HCA_fold2,gene,CIBERSORTx,0.818698688117839
HCA_fold2,gene,CIBERSORTx,0.52347475803665
HCA_fold2,gene,CIBERSORTx,0.211093845632909
HCA_fold2,gene,CIBERSORTx,0.576276013037353
HCA_fold2,gene,CIBERSORTx,0.66173573215382
HCA_fold2,gene,CIBERSORTx,0.353017985543872
HCA_fold2,gene,CIBERSORTx,0.264478954770863
HCA_fold2,gene,CIBERSORTx,0.777989950460946
HCA_fold2,gene,CIBERSORTx,0.385519869920549
HCA_fold2,gene,CIBERSORTx,0.110367400624162
HCA_fold2,gene,CIBERSORTx,0.828060234220959
HCA_fold2,gene,CIBERSORTx,0.441453092332302
HCA_fold2,gene,CIBERSORTx,0.647818894565216
HCA_fold2,gene,CIBERSORTx,0.822885633076182
HCA_fold2,gene,CIBERSORTx,0.670095886927992
HCA_fold2,gene,CIBERSORTx,0.539200442976894
HCA_fold2,gene,CIBERSORTx,0.565965577525541
HCA_fold2,gene,CIBERSORTx,0.454020128226897
HCA_fold2,gene,CIBERSORTx,0.759837868409123
HCA_fold2,gene,CIBERSORTx,0.827840807127228
HCA_fold2,gene,CIBERSORTx,0.633302149278641
HCA_fold2,gene,CIBERSORTx,0.482298575670428
HCA_fold2,gene,CIBERSORTx,0.678701703446008
HCA_fold2,gene,CIBERSORTx,0.447241803093786
HCA_fold2,gene,CIBERSORTx,0.623694613903389
HCA_fold2,gene,CIBERSORTx,0.287303119452067
HCA_fold2,gene,CIBERSORTx,0.136798227544669
HCA_fold2,gene,CIBERSORTx,0.774068414593896
HCA_fold2,gene,CIBERSORTx,0.524575424110774
HCA_fold2,gene,CIBERSORTx,0.249323022602836
HCA_fold2,gene,CIBERSORTx,0.797167516616453
HCA_fold2,gene,CIBERSORTx,0.62061994946063
HCA_fold2,gene,CIBERSORTx,0.440407164467632
HCA_fold2,gene,CIBERSORTx,0.475991988481331
HCA_fold2,gene,CIBERSORTx,0.738024331041461
HCA_fold2,gene,CIBERSORTx,0.720465031067079
HCA_fold2,gene,CIBERSORTx,0.866624667045754
HCA_fold2,gene,CIBERSORTx,0.0292386982747033
HCA_fold2,gene,CIBERSORTx,0.945830114186364
HCA_fold2,gene,CIBERSORTx,0.444060510532875
HCA_fold2,gene,CIBERSORTx,0.58985217167055
HCA_fold2,gene,CIBERSORTx,-0.060043968310636
HCA_fold2,gene,CIBERSORTx,0.822437234892047
HCA_fold2,gene,CIBERSORTx,0.62155803479422
HCA_fold2,gene,CIBERSORTx,0.379540207580146
HCA_fold2,gene,CIBERSORTx,0.556874511688306
HCA_fold2,gene,CIBERSORTx,0.413052616599972
HCA_fold2,gene,CIBERSORTx,0.834814447194382
HCA_fold2,gene,CIBERSORTx,0.727840654658315
HCA_fold2,gene,CIBERSORTx,0.76197694223906
HCA_fold2,gene,CIBERSORTx,0.374618295163193
HCA_fold2,gene,CIBERSORTx,0.849590773973559
HCA_fold2,gene,CIBERSORTx,0.881908300166614
HCA_fold2,gene,CIBERSORTx,0.783793950770472
HCA_fold2,gene,CIBERSORTx,0.631091195770946
HCA_fold2,gene,CIBERSORTx,0.538599471062556
HCA_fold2,gene,CIBERSORTx,-0.114943378291102
HCA_fold2,gene,CIBERSORTx,0.0795285339449505
HCA_fold2,gene,CIBERSORTx,0.847660385379234
HCA_fold2,gene,CIBERSORTx,0.774203369529513
HCA_fold2,gene,CIBERSORTx,0.745913880268573
HCA_fold2,gene,CIBERSORTx,0.850062050585169
HCA_fold2,gene,CIBERSORTx,0.826669773522743
HCA_fold2,gene,CIBERSORTx,0.273422622335809
HCA_fold2,gene,CIBERSORTx,0.197929614717099
HCA_fold2,gene,CIBERSORTx,0.834768968048962
HCA_fold2,gene,CIBERSORTx,0.524804141872069
HCA_fold2,gene,CIBERSORTx,0.664577110707473
HCA_fold2,gene,CIBERSORTx,0.758084359404197
HCA_fold2,gene,CIBERSORTx,0.152256650682854
HCA_fold2,gene,CIBERSORTx,0.526739002505829
HCA_fold2,gene,CIBERSORTx,0.317611218720336
HCA_fold2,gene,CIBERSORTx,0.572367413166068
HCA_fold2,gene,CIBERSORTx,0.50692962466092
HCA_fold2,gene,CIBERSORTx,0.156983809369421
HCA_fold2,gene,CIBERSORTx,0.813836071950965
HCA_fold2,gene,CIBERSORTx,0.580633551470724
HCA_fold2,gene,CIBERSORTx,0.718573256693073
HCA_fold2,gene,CIBERSORTx,0.256254293404371
HCA_fold2,gene,CIBERSORTx,0.283685882071395
HCA_fold2,gene,CIBERSORTx,0.575179428772299
HCA_fold2,gene,CIBERSORTx,0.522098914764342
HCA_fold2,gene,CIBERSORTx,0.614490422858309
HCA_fold2,gene,CIBERSORTx,0.479519571585431
HCA_fold2,gene,CIBERSORTx,0.209738448657448
HCA_fold2,gene,CIBERSORTx,0.749684568761695
HCA_fold2,gene,CIBERSORTx,0.966839927142171
HCA_fold2,gene,CIBERSORTx,0.779202767954555
HCA_fold2,gene,CIBERSORTx,0.788278425981775
HCA_fold2,gene,CIBERSORTx,0.71523723702028
HCA_fold2,gene,CIBERSORTx,0.670720356085058
HCA_fold2,gene,CIBERSORTx,0.871781509247449
HCA_fold2,gene,CIBERSORTx,0.620610364054616
HCA_fold2,gene,CIBERSORTx,0.796898680777033
HCA_fold2,gene,CIBERSORTx,0.466122555858946
HCA_fold2,gene,CIBERSORTx,0.706982605375306
HCA_fold2,gene,CIBERSORTx,0.770553914695263
HCA_fold2,gene,CIBERSORTx,0.225215352558965
HCA_fold2,gene,CIBERSORTx,0.61540091572505
HCA_fold2,gene,CIBERSORTx,0.638823117546855
HCA_fold2,gene,CIBERSORTx,0.616375459248735
HCA_fold2,gene,CIBERSORTx,0.754656987230386
HCA_fold2,gene,CIBERSORTx,0.452874364274974
HCA_fold2,gene,CIBERSORTx,0.609114537321998
HCA_fold2,gene,CIBERSORTx,0.768101352446041
HCA_fold2,gene,CIBERSORTx,0.595018818024552
HCA_fold2,gene,CIBERSORTx,0.565495207511839
HCA_fold2,gene,CIBERSORTx,0.814151805999391
HCA_fold2,gene,CIBERSORTx,0.604487867694614
HCA_fold2,gene,CIBERSORTx,0.604186388538695
HCA_fold2,gene,CIBERSORTx,0.551814682502716
HCA_fold2,gene,CIBERSORTx,0.689491421656241
HCA_fold2,gene,CIBERSORTx,0.661662259435184
HCA_fold2,gene,CIBERSORTx,0.791739935289537
HCA_fold2,gene,CIBERSORTx,0.962074048233674
HCA_fold2,gene,CIBERSORTx,0.575790376451411
HCA_fold2,gene,CIBERSORTx,0.557971602824566
HCA_fold2,gene,CIBERSORTx,0.520922990440614
HCA_fold2,gene,CIBERSORTx,0.661311336771385
HCA_fold2,gene,CIBERSORTx,0.481600133826201
HCA_fold2,gene,CIBERSORTx,0.682398879618468
HCA_fold2,gene,CIBERSORTx,0.631934635528609
HCA_fold2,gene,CIBERSORTx,0.405204819924867
HCA_fold2,gene,CIBERSORTx,0.403345136280338
HCA_fold2,gene,CIBERSORTx,0.729939705953002
HCA_fold2,gene,CIBERSORTx,0.896971226170442
HCA_fold2,gene,CIBERSORTx,0.722486867808406
HCA_fold2,gene,CIBERSORTx,0.723303651274529
HCA_fold2,gene,CIBERSORTx,0.0977884948975747
HCA_fold2,gene,CIBERSORTx,0.738947922487566
HCA_fold2,gene,CIBERSORTx,0.811148632548295
HCA_fold2,gene,CIBERSORTx,0.455396471806056
HCA_fold2,gene,CIBERSORTx,0.676974299496931
HCA_fold2,gene,CIBERSORTx,0.626159625826759
HCA_fold2,gene,CIBERSORTx,0.410454585035043
HCA_fold2,gene,CIBERSORTx,0.42379432332487
HCA_fold2,gene,CIBERSORTx,0.335769681255314
HCA_fold2,gene,CIBERSORTx,0.015932187572989
HCA_fold2,gene,CIBERSORTx,0.731613978765004
HCA_fold2,gene,CIBERSORTx,0.642664880403112
HCA_fold2,gene,CIBERSORTx,0.512586208807363
HCA_fold2,gene,CIBERSORTx,0.732000220963548
HCA_fold2,gene,CIBERSORTx,0.871353884004594
HCA_fold2,gene,CIBERSORTx,0.663154750425695
HCA_fold2,gene,CIBERSORTx,0.460988438838886
HCA_fold2,gene,CIBERSORTx,0.54657553310817
HCA_fold2,gene,CIBERSORTx,0.494433010867109
HCA_fold2,gene,CIBERSORTx,0.711032507118617
HCA_fold2,gene,CIBERSORTx,0.267156315643177
HCA_fold2,gene,CIBERSORTx,0.807445264280099
HCA_fold2,gene,CIBERSORTx,0.843603394168549
HCA_fold2,gene,CIBERSORTx,0.515462761099748
HCA_fold2,gene,CIBERSORTx,0.765429983221184
HCA_fold2,gene,CIBERSORTx,0.151706954529831
HCA_fold2,gene,CIBERSORTx,0.918427292685008
HCA_fold2,gene,CIBERSORTx,0.648485570154328
HCA_fold2,gene,CIBERSORTx,0.804467447679517
HCA_fold2,gene,CIBERSORTx,0.846967410136333
HCA_fold2,gene,CIBERSORTx,0.398969869021468
HCA_fold2,gene,CIBERSORTx,0.822100209953573
HCA_fold2,gene,CIBERSORTx,0.72992566645359
HCA_fold2,gene,CIBERSORTx,0.433291174876764
HCA_fold2,gene,CIBERSORTx,0.36892695218052
HCA_fold2,gene,CIBERSORTx,0.31380864762246
HCA_fold2,gene,CIBERSORTx,0.18228247791946
HCA_fold2,gene,CIBERSORTx,0.627813663415864
HCA_fold2,gene,CIBERSORTx,0.356857948636796
HCA_fold2,gene,CIBERSORTx,0.324142347882078
HCA_fold2,gene,CIBERSORTx,0.217476003276589
HCA_fold2,gene,CIBERSORTx,0.769197388712315
HCA_fold2,gene,CIBERSORTx,0.617475075114323
HCA_fold2,gene,CIBERSORTx,0.570658013378482
HCA_fold2,gene,CIBERSORTx,0.250310001967065
HCA_fold2,gene,CIBERSORTx,0.66182316413094
HCA_fold2,gene,CIBERSORTx,0.259631464301271
HCA_fold2,gene,CIBERSORTx,0.79557868607105
HCA_fold2,gene,CIBERSORTx,0.67877892912491
HCA_fold2,gene,CIBERSORTx,0.61355001988232
HCA_fold2,gene,CIBERSORTx,0.374584631071295
HCA_fold2,gene,CIBERSORTx,0.727561059308963
HCA_fold2,gene,CIBERSORTx,0.672507900558406
HCA_fold2,gene,CIBERSORTx,0.426782306419492
HCA_fold2,gene,CIBERSORTx,0.709562644810706
HCA_fold2,gene,CIBERSORTx,0.530925987904879
HCA_fold2,gene,CIBERSORTx,0.525873593142597
HCA_fold2,gene,CIBERSORTx,0.0893350946447445
HCA_fold2,gene,CIBERSORTx,0.635129243367845
HCA_fold2,gene,CIBERSORTx,0.299530273396465
HCA_fold2,gene,CIBERSORTx,-0.0547566004920397
HCA_fold2,gene,CIBERSORTx,0.775045243391247
HCA_fold2,gene,CIBERSORTx,0.37603519191547
HCA_fold2,gene,CIBERSORTx,0.679034379705916
HCA_fold2,gene,CIBERSORTx,0.563164042978635
HCA_fold2,gene,CIBERSORTx,0.341476802264739
HCA_fold2,gene,CIBERSORTx,-0.0321786361997789
HCA_fold2,gene,CIBERSORTx,0.55625935114872
HCA_fold2,gene,CIBERSORTx,0.593132384537872
HCA_fold2,gene,CIBERSORTx,0.430050100453031
HCA_fold2,gene,CIBERSORTx,0.419340539951786
HCA_fold2,gene,CIBERSORTx,0.450590041017239
HCA_fold2,gene,CIBERSORTx,0.665260184332097
HCA_fold2,gene,CIBERSORTx,0.710560741895883
HCA_fold2,gene,CIBERSORTx,0.465579527213457
HCA_fold2,gene,CIBERSORTx,0.309054660838118
HCA_fold2,gene,CIBERSORTx,0.856286525611657
HCA_fold2,gene,CIBERSORTx,0.854588697249344
HCA_fold2,gene,CIBERSORTx,0.501187586483453
HCA_fold2,gene,CIBERSORTx,0.490533800426842
HCA_fold2,gene,CIBERSORTx,0.719187508326577
HCA_fold2,gene,CIBERSORTx,0.756613449598889
HCA_fold2,gene,CIBERSORTx,0.664934757563443
HCA_fold2,gene,CIBERSORTx,0.696004278954787
HCA_fold2,gene,CIBERSORTx,0.639001864776559
HCA_fold2,gene,CIBERSORTx,0.340894058495937
HCA_fold2,gene,CIBERSORTx,0.389090943473129
HCA_fold2,gene,CIBERSORTx,0.732630470347802
HCA_fold2,gene,CIBERSORTx,0.4214024987748
HCA_fold2,gene,CIBERSORTx,0.828161159878039
HCA_fold2,gene,CIBERSORTx,0.885116345791312
HCA_fold2,gene,CIBERSORTx,0.364169213700612
HCA_fold2,gene,CIBERSORTx,0.73537775598294
HCA_fold2,gene,CIBERSORTx,0.659571076337169
HCA_fold2,gene,CIBERSORTx,0.408960193716487
HCA_fold2,gene,CIBERSORTx,0.659941393114443
HCA_fold2,gene,CIBERSORTx,0.691306532361357
HCA_fold2,gene,CIBERSORTx,0.258601052698493
HCA_fold2,gene,CIBERSORTx,0.609454204546682
HCA_fold2,gene,CIBERSORTx,0.613010928659698
HCA_fold2,gene,CIBERSORTx,0.644734679417625
HCA_fold2,gene,CIBERSORTx,0.220862878024258
HCA_fold2,gene,CIBERSORTx,0.779330739403364
HCA_fold2,gene,CIBERSORTx,0.474799188925955
HCA_fold2,gene,CIBERSORTx,0.251917894623944
HCA_fold2,gene,CIBERSORTx,0.642350292140839
HCA_fold2,gene,CIBERSORTx,0.252592282596476
HCA_fold2,gene,CIBERSORTx,0.387978881064886
HCA_fold2,gene,CIBERSORTx,0.605600981659705
HCA_fold2,gene,CIBERSORTx,0.222893152778482
HCA_fold2,gene,CIBERSORTx,0.6299803762424
HCA_fold2,gene,CIBERSORTx,0.678882647109985
HCA_fold2,gene,CIBERSORTx,0.802467875999113
HCA_fold2,gene,CIBERSORTx,0.154925696710463
HCA_fold2,gene,CIBERSORTx,0.730789497498117
HCA_fold2,gene,CIBERSORTx,0.637970294857202
HCA_fold2,gene,CIBERSORTx,0.744028287193137
HCA_fold2,gene,CIBERSORTx,0.32994427979525
HCA_fold2,gene,CIBERSORTx,0.902904668275828
HCA_fold2,gene,CIBERSORTx,0.550252149505126
HCA_fold2,gene,CIBERSORTx,0.589556200684775
HCA_fold2,gene,CIBERSORTx,0.602072264332137
HCA_fold2,gene,CIBERSORTx,0.870728664010971
HCA_fold2,gene,CIBERSORTx,0.461668591507309
HCA_fold2,gene,CIBERSORTx,0.260892704889682
HCA_fold2,gene,CIBERSORTx,0.318719571617035
HCA_fold2,gene,CIBERSORTx,0.259376964213405
HCA_fold2,gene,CIBERSORTx,0.835165984965567
HCA_fold2,gene,CIBERSORTx,0.481721131711989
HCA_fold2,gene,CIBERSORTx,0.434508473242523
HCA_fold2,gene,CIBERSORTx,0.545103807082718
HCA_fold2,gene,CIBERSORTx,0.786041421922822
HCA_fold2,gene,CIBERSORTx,0.138703849103421
HCA_fold2,gene,CIBERSORTx,0.916380887746744
HCA_fold2,gene,CIBERSORTx,0.89314180087267
HCA_fold2,gene,CIBERSORTx,0.339504670578513
HCA_fold2,gene,CIBERSORTx,0.770669626695258
HCA_fold2,gene,CIBERSORTx,0.756174718438599
HCA_fold2,gene,CIBERSORTx,0.41654461477442
HCA_fold2,gene,CIBERSORTx,0.883713090494441
HCA_fold2,gene,CIBERSORTx,0.57665172758525
HCA_fold2,gene,CIBERSORTx,0.808381494480268
HCA_fold2,gene,CIBERSORTx,0.414563455910995
HCA_fold2,gene,CIBERSORTx,0.924596661962759
HCA_fold2,gene,CIBERSORTx,0.758894593423539
HCA_fold2,gene,CIBERSORTx,0.43936478710356
HCA_fold2,gene,CIBERSORTx,0.774228042505124
HCA_fold2,gene,CIBERSORTx,0.743179747935632
HCA_fold2,gene,CIBERSORTx,0.605040107920556
HCA_fold2,gene,CIBERSORTx,0.321292110108026
HCA_fold2,gene,CIBERSORTx,0.501553177853118
HCA_fold2,gene,CIBERSORTx,0.731939153018065
HCA_fold2,gene,CIBERSORTx,0.168446257893319
HCA_fold2,gene,CIBERSORTx,0.603850082897156
HCA_fold2,gene,CIBERSORTx,0.5122465487393
HCA_fold2,gene,CIBERSORTx,0.878630957826222
HCA_fold2,gene,CIBERSORTx,0.63530095302761
HCA_fold2,gene,CIBERSORTx,0.393099449411228
HCA_fold2,gene,CIBERSORTx,0.784055018212355
HCA_fold2,gene,CIBERSORTx,0.833883556215205
HCA_fold2,gene,CIBERSORTx,0.569723876908197
HCA_fold2,gene,CIBERSORTx,0.350725517181278
HCA_fold2,gene,CIBERSORTx,0.879480318386671
HCA_fold2,gene,CIBERSORTx,0.401753917608766
HCA_fold2,gene,CIBERSORTx,0.500786861589964
HCA_fold2,gene,CIBERSORTx,0.8256511017462
HCA_fold2,gene,CIBERSORTx,0.721822408819855
HCA_fold2,gene,CIBERSORTx,0.633287420675434
HCA_fold2,gene,CIBERSORTx,0.48877413871735
HCA_fold2,gene,CIBERSORTx,0.340854189310738
HCA_fold2,gene,CIBERSORTx,0.826206880543474
HCA_fold2,gene,CIBERSORTx,0.877884218031252
HCA_fold2,gene,CIBERSORTx,0.206122914808775
HCA_fold2,gene,CIBERSORTx,0.650835377973448
HCA_fold2,gene,CIBERSORTx,0.491309172559821
HCA_fold2,gene,CIBERSORTx,0.506686781155766
HCA_fold2,gene,CIBERSORTx,0.282671165655939
HCA_fold2,gene,CIBERSORTx,0.446366654396258
HCA_fold2,gene,CIBERSORTx,0.560799193157084
HCA_fold2,gene,CIBERSORTx,0.329230244400417
HCA_fold2,gene,CIBERSORTx,0.410913935212512
HCA_fold2,gene,CIBERSORTx,0.757325670538679
HCA_fold2,gene,CIBERSORTx,0.534402771988892
HCA_fold2,gene,CIBERSORTx,0.691407970584893
HCA_fold2,gene,CIBERSORTx,0.59115351263278
HCA_fold2,gene,CIBERSORTx,0.408629865033661
HCA_fold2,gene,CIBERSORTx,0.799196774057547
HCA_fold2,gene,CIBERSORTx,0.852211340951195
HCA_fold2,gene,CIBERSORTx,0.680922379854469
HCA_fold2,gene,CIBERSORTx,0.64959537092488
HCA_fold2,gene,CIBERSORTx,0.733748125013113
HCA_fold2,gene,CIBERSORTx,0.67166836626015
HCA_fold2,gene,CIBERSORTx,0.278709445192339
HCA_fold2,gene,CIBERSORTx,0.650583569288069
HCA_fold2,gene,CIBERSORTx,0.662038973746441
HCA_fold2,gene,CIBERSORTx,0.768537599512081
HCA_fold2,gene,CIBERSORTx,0.662186652348346
HCA_fold2,gene,CIBERSORTx,0.848534221866695
HCA_fold2,gene,CIBERSORTx,0.849748670308686
HCA_fold2,gene,CIBERSORTx,0.507868692183989
HCA_fold2,gene,CIBERSORTx,0.727675040420169
HCA_fold2,gene,CIBERSORTx,0.303200974028106
HCA_fold2,gene,CIBERSORTx,0.441119416688499
HCA_fold2,gene,CIBERSORTx,0.114983169148015
HCA_fold2,gene,CIBERSORTx,0.883067153948767
HCA_fold2,gene,CIBERSORTx,0.816771659747908
HCA_fold2,gene,CIBERSORTx,0.705036712017064
HCA_fold2,gene,CIBERSORTx,0.399031241676981
HCA_fold2,gene,CIBERSORTx,0.343340270349059
HCA_fold2,gene,CIBERSORTx,0.791310046628967
HCA_fold2,gene,CIBERSORTx,0.576442495721295
HCA_fold2,gene,CIBERSORTx,0.274005750609406
HCA_fold2,gene,CIBERSORTx,0.829381446143232
HCA_fold2,gene,CIBERSORTx,0.721050588412082
HCA_fold2,gene,CIBERSORTx,0.515333660757422
HCA_fold2,gene,CIBERSORTx,0.553669844387551
HCA_fold2,gene,CIBERSORTx,0.553071549978585
HCA_fold2,gene,CIBERSORTx,0.385631637141857
HCA_fold2,gene,CIBERSORTx,0.594933385178778
HCA_fold2,gene,CIBERSORTx,0.477420393116224
HCA_fold2,gene,CIBERSORTx,0.726453711468829
HCA_fold2,gene,CIBERSORTx,0.879253627492342
HCA_fold2,gene,CIBERSORTx,0.708804454087646
HCA_fold2,gene,CIBERSORTx,0.790007532433277
HCA_fold2,gene,CIBERSORTx,0.812525833121015
HCA_fold2,gene,CIBERSORTx,0.716468858700001
HCA_fold2,gene,CIBERSORTx,0.428954138857153
HCA_fold2,gene,CIBERSORTx,0.86988279172568
HCA_fold2,gene,CIBERSORTx,0.398254337572756
HCA_fold2,gene,CIBERSORTx,0.697034957533673
HCA_fold2,gene,CIBERSORTx,0.795712697177239
HCA_fold2,gene,CIBERSORTx,0.332565172527084
HCA_fold2,gene,CIBERSORTx,0.423588240796805
HCA_fold2,gene,CIBERSORTx,0.291317387043976
HCA_fold2,gene,CIBERSORTx,0.856517305588288
HCA_fold2,gene,CIBERSORTx,0.106540862088641
HCA_fold2,gene,CIBERSORTx,0.377682964860539
HCA_fold2,gene,CIBERSORTx,0.949511208813387
HCA_fold2,gene,CIBERSORTx,0.424883528086786
HCA_fold2,gene,CIBERSORTx,0.58822492205071
HCA_fold2,gene,CIBERSORTx,0.345684158092936
HCA_fold2,gene,CIBERSORTx,0.499808997393958
HCA_fold2,gene,CIBERSORTx,0.600228815422066
HCA_fold2,gene,CIBERSORTx,0.417109815269179
HCA_fold2,gene,CIBERSORTx,0.847912314458539
HCA_fold2,gene,CIBERSORTx,0.0917775397951663
HCA_fold2,gene,CIBERSORTx,0.689150745804999
HCA_fold2,gene,CIBERSORTx,0.886698178882586
HCA_fold2,gene,CIBERSORTx,0.837016022215934
HCA_fold2,gene,CIBERSORTx,0.175661800197271
HCA_fold2,gene,CIBERSORTx,0.589165233571426
HCA_fold2,gene,CIBERSORTx,0.351763094935252
HCA_fold2,gene,CIBERSORTx,0.680526863253641
HCA_fold2,gene,CIBERSORTx,0.337446593155399
HCA_fold2,gene,CIBERSORTx,0.442399769524926
HCA_fold2,gene,CIBERSORTx,0.416189430700276
HCA_fold2,gene,CIBERSORTx,0.53830540774224
HCA_fold2,gene,CIBERSORTx,0.543922558345434
HCA_fold2,gene,CIBERSORTx,0.868042714653593
HCA_fold2,gene,CIBERSORTx,0.591564643989822
HCA_fold2,gene,CIBERSORTx,0.528626739797734
HCA_fold2,gene,CIBERSORTx,0.642449565007798
HCA_fold2,gene,CIBERSORTx,0.503834532413134
HCA_fold2,gene,CIBERSORTx,0.820699502195275
HCA_fold2,gene,CIBERSORTx,0.204206641331226
HCA_fold2,gene,CIBERSORTx,0.791583919234438
HCA_fold2,gene,CIBERSORTx,0.591787950125356
HCA_fold2,gene,CIBERSORTx,0.686082677760506
HCA_fold2,gene,CIBERSORTx,0.464064642543044
HCA_fold2,gene,CIBERSORTx,0.774568937361905
HCA_fold2,gene,CIBERSORTx,0.382113373296091
HCA_fold2,gene,CIBERSORTx,0.626280416357931
HCA_fold2,gene,CIBERSORTx,0.573635952558057
HCA_fold2,gene,CIBERSORTx,0.842603150120285
HCA_fold2,gene,CIBERSORTx,0.556374081974108
HCA_fold2,gene,CIBERSORTx,0.401727780018203
HCA_fold2,gene,CIBERSORTx,0.755776851614934
HCA_fold2,gene,CIBERSORTx,0.721242968719769
HCA_fold2,gene,CIBERSORTx,-0.0235702668635225
HCA_fold2,gene,CIBERSORTx,0.185638449445179
HCA_fold2,gene,CIBERSORTx,0.800934927302622
HCA_fold2,gene,CIBERSORTx,0.539335023713298
HCA_fold2,gene,CIBERSORTx,0.659236846537068
HCA_fold2,gene,CIBERSORTx,0.626393829923406
HCA_fold2,gene,CIBERSORTx,0.649368429173994
HCA_fold2,gene,CIBERSORTx,0.00775624377103526
HCA_fold2,gene,CIBERSORTx,0.806392705038714
HCA_fold2,gene,CIBERSORTx,0.626077226170218
HCA_fold2,gene,CIBERSORTx,0.722532263802467
HCA_fold2,gene,CIBERSORTx,0.395435236040237
HCA_fold2,gene,CIBERSORTx,0.591638700602374
HCA_fold2,gene,CIBERSORTx,0.87935432217303
HCA_fold2,gene,CIBERSORTx,0.550566619531046
HCA_fold2,gene,CIBERSORTx,0.723165389440373
HCA_fold2,gene,CIBERSORTx,0.849398585186542
HCA_fold2,gene,CIBERSORTx,0.672590178555724
HCA_fold2,gene,CIBERSORTx,0.843972777386807
HCA_fold2,gene,CIBERSORTx,0.750078592807134
HCA_fold2,gene,CIBERSORTx,0.63206426938064
HCA_fold2,gene,CIBERSORTx,0.32650316168862
HCA_fold2,gene,CIBERSORTx,0.574934755555346
HCA_fold2,gene,CIBERSORTx,0.419794078541872
HCA_fold2,gene,CIBERSORTx,0.34465383350808
HCA_fold2,gene,CIBERSORTx,0.519833109475646
HCA_fold2,gene,CIBERSORTx,0.571205213731416
HCA_fold2,gene,CIBERSORTx,0.738584282600963
HCA_fold2,gene,CIBERSORTx,0.591054265714009
HCA_fold2,gene,CIBERSORTx,0.616237355138949
HCA_fold2,gene,CIBERSORTx,0.0369017205061108
HCA_fold2,gene,CIBERSORTx,0.858651385093091
HCA_fold2,gene,CIBERSORTx,0.484975632914348
HCA_fold2,gene,CIBERSORTx,0.873213957254225
HCA_fold2,gene,CIBERSORTx,0.658530469283199
HCA_fold2,gene,CIBERSORTx,0.652137035874355
HCA_fold2,gene,CIBERSORTx,0.515658288997293
HCA_fold2,gene,CIBERSORTx,0.346296042774117
HCA_fold2,gene,CIBERSORTx,0.420543040441109
HCA_fold2,gene,CIBERSORTx,0.542818500288673
HCA_fold2,gene,CIBERSORTx,0.373570879776011
HCA_fold2,gene,CIBERSORTx,0.383617837430209
HCA_fold2,gene,CIBERSORTx,0.325632294876145
HCA_fold2,gene,CIBERSORTx,0.746028375323354
HCA_fold2,gene,CIBERSORTx,0.623142854991867
HCA_fold2,gene,CIBERSORTx,0.400174019001486
HCA_fold2,gene,CIBERSORTx,0.59515225163103
HCA_fold2,gene,CIBERSORTx,0.735735042140733
HCA_fold2,gene,CIBERSORTx,0.595916617682918
HCA_fold2,gene,CIBERSORTx,0.883464656130391
HCA_fold2,gene,CIBERSORTx,0.30280654384981
HCA_fold2,gene,CIBERSORTx,0.474204902469355
HCA_fold2,gene,CIBERSORTx,0.627750995332344
HCA_fold2,gene,CIBERSORTx,0.497879114161772
HCA_fold2,gene,CIBERSORTx,0.441995632736153
HCA_fold2,gene,CIBERSORTx,0.536667120356512
HCA_fold2,gene,CIBERSORTx,0.383528028634399
HCA_fold2,gene,CIBERSORTx,0.0876497062524527
HCA_fold2,gene,CIBERSORTx,0.113076556497541
HCA_fold2,gene,CIBERSORTx,0.543071777557282
HCA_fold2,gene,CIBERSORTx,0.11544595687958
HCA_fold2,gene,CIBERSORTx,0.534929296473139
HCA_fold2,gene,CIBERSORTx,0.344898026720306
HCA_fold2,gene,CIBERSORTx,0.628156235493561
HCA_fold2,gene,CIBERSORTx,0.351500136035596
HCA_fold2,gene,CIBERSORTx,0.907418978232981
HCA_fold2,gene,CIBERSORTx,0.60955634076042
HCA_fold2,gene,CIBERSORTx,0.847214894269387
HCA_fold2,gene,CIBERSORTx,0.48930467766058
HCA_fold2,gene,CIBERSORTx,0.107140639903313
HCA_fold2,gene,CIBERSORTx,0.908845810825703
HCA_fold2,gene,CIBERSORTx,0.480093209290765
HCA_fold2,gene,CIBERSORTx,0.806040244092776
HCA_fold2,gene,CIBERSORTx,0.793298257184961
HCA_fold2,gene,CIBERSORTx,0.562831312817964
HCA_fold2,gene,CIBERSORTx,0.545458593137032
HCA_fold2,gene,CIBERSORTx,0.285154880439019
HCA_fold2,gene,CIBERSORTx,0.444380677338096
HCA_fold2,gene,CIBERSORTx,0.715525586126869
HCA_fold2,gene,CIBERSORTx,0.628630426617697
HCA_fold2,gene,CIBERSORTx,0.865479675621708
HCA_fold2,gene,CIBERSORTx,0.718082608236591
HCA_fold2,gene,CIBERSORTx,-0.135059917040611
HCA_fold2,gene,CIBERSORTx,0.724915333684735
HCA_fold2,gene,CIBERSORTx,0.0695770358950921
HCA_fold2,gene,CIBERSORTx,0.0112346584327216
HCA_fold2,gene,CIBERSORTx,0.355489783146977
HCA_fold2,gene,CIBERSORTx,0.407033973701449
HCA_fold2,gene,CIBERSORTx,0.733336718980115
HCA_fold2,gene,CIBERSORTx,0.501880791642937
HCA_fold2,gene,CIBERSORTx,0.592482210583805
HCA_fold2,gene,CIBERSORTx,0.469597617692547
HCA_fold2,gene,CIBERSORTx,0.818257316011824
HCA_fold2,gene,CIBERSORTx,0.688967948622374
HCA_fold2,gene,CIBERSORTx,0.314811394705804
HCA_fold2,gene,CIBERSORTx,0.482552150958208
HCA_fold2,gene,CIBERSORTx,0.363963968784398
HCA_fold2,gene,CIBERSORTx,0.6684469656474
HCA_fold2,gene,CIBERSORTx,0.62285359491152
HCA_fold2,gene,CIBERSORTx,0.659098558289881
HCA_fold2,gene,CIBERSORTx,0.705145980285566
HCA_fold2,gene,CIBERSORTx,0.640686696385917
HCA_fold2,gene,CIBERSORTx,0.64869717193351
HCA_fold2,gene,CIBERSORTx,0.659700340662623
HCA_fold2,gene,CIBERSORTx,0.359182677416365
HCA_fold2,gene,CIBERSORTx,0.581175834083942
HCA_fold2,gene,CIBERSORTx,0.480183481686169
HCA_fold2,gene,CIBERSORTx,0.656277249221898
HCA_fold2,gene,CIBERSORTx,0.529544379937489
HCA_fold2,gene,CIBERSORTx,0.680697505816022
HCA_fold2,gene,CIBERSORTx,0.289333987603047
HCA_fold2,gene,CIBERSORTx,0.771587678671839
HCA_fold2,gene,CIBERSORTx,0.590219984297042
HCA_fold2,gene,CIBERSORTx,0.749960860033438
HCA_fold2,gene,CIBERSORTx,0.679905579564543
HCA_fold2,gene,CIBERSORTx,0.744445084441565
HCA_fold2,gene,CIBERSORTx,0.568514675564651
HCA_fold2,gene,CIBERSORTx,0.72476846178293
HCA_fold2,gene,CIBERSORTx,0.762049454653327
HCA_fold2,gene,CIBERSORTx,0.686616694456382
HCA_fold2,gene,CIBERSORTx,0.793456649344095
HCA_fold2,gene,CIBERSORTx,0.623300722459717
HCA_fold2,gene,CIBERSORTx,0.53126634586893
HCA_fold2,gene,CIBERSORTx,0.863745350623775
HCA_fold2,gene,CIBERSORTx,0.671501360937515
HCA_fold2,gene,CIBERSORTx,0.290960569706344
HCA_fold2,gene,CIBERSORTx,0.535060502219379
HCA_fold2,gene,CIBERSORTx,-0.0271079298395793
HCA_fold2,gene,CIBERSORTx,0.899481260620414
HCA_fold2,gene,CIBERSORTx,0.783023322512579
HCA_fold2,gene,CIBERSORTx,0.572172591458288
HCA_fold2,gene,CIBERSORTx,0.649708054618785
HCA_fold2,gene,CIBERSORTx,0.153036700698365
HCA_fold2,gene,CIBERSORTx,0.649752117723264
HCA_fold2,gene,CIBERSORTx,0.782748918707986
HCA_fold2,gene,CIBERSORTx,0.711656863108435
HCA_fold2,gene,CIBERSORTx,0.450341814004342
HCA_fold2,gene,CIBERSORTx,0.393266389543175
HCA_fold2,gene,CIBERSORTx,0.524715775828903
HCA_fold2,gene,CIBERSORTx,0.721169821847448
HCA_fold2,gene,CIBERSORTx,0.751721029269007
HCA_fold2,gene,CIBERSORTx,0.813090212423502
HCA_fold2,gene,CIBERSORTx,0.522625391946818
HCA_fold2,gene,CIBERSORTx,0.45850141807291
HCA_fold2,gene,CIBERSORTx,0.658201358019364
HCA_fold2,gene,CIBERSORTx,0.617466332270026
HCA_fold2,gene,CIBERSORTx,0.604604912792166
HCA_fold2,gene,CIBERSORTx,0.557468506234725
HCA_fold2,gene,CIBERSORTx,0.444617558718475
HCA_fold2,gene,CIBERSORTx,0.807587334735268
HCA_fold2,gene,CIBERSORTx,0.764368119493842
HCA_fold2,gene,CIBERSORTx,0.732529668815675
HCA_fold2,gene,CIBERSORTx,0.743327201101359
HCA_fold2,gene,CIBERSORTx,0.678991881479443
HCA_fold2,gene,CIBERSORTx,0.719386658401945
HCA_fold2,gene,CIBERSORTx,0.745588933226666
HCA_fold2,gene,CIBERSORTx,0.200121370348843
HCA_fold2,gene,CIBERSORTx,0.500548724862507
HCA_fold2,gene,CIBERSORTx,0.613804671311543
HCA_fold2,gene,CIBERSORTx,0.617867139122265
HCA_fold2,gene,CIBERSORTx,0.573802270420746
HCA_fold2,gene,CIBERSORTx,0.819957088616649
HCA_fold2,gene,CIBERSORTx,0.674138569706408
HCA_fold2,gene,CIBERSORTx,0.552109011406182
HCA_fold2,gene,CIBERSORTx,0.538356710661942
HCA_fold2,gene,CIBERSORTx,0.543587811576279
HCA_fold2,gene,CIBERSORTx,0.465234706839157
HCA_fold2,gene,CIBERSORTx,0.594960137193059
HCA_fold2,gene,CIBERSORTx,0.604232272721877
HCA_fold2,gene,CIBERSORTx,0.411840496320972
HCA_fold2,gene,CIBERSORTx,0.452334802748072
HCA_fold2,gene,CIBERSORTx,0.541307389397615
HCA_fold2,gene,CIBERSORTx,0.801536812459985
HCA_fold2,gene,CIBERSORTx,0.835329339766714
HCA_fold2,gene,CIBERSORTx,0.56135478791658
HCA_fold2,gene,CIBERSORTx,-0.156836827771692
HCA_fold2,gene,CIBERSORTx,0.6305912136995
HCA_fold2,gene,CIBERSORTx,0.382951969741325
HCA_fold2,gene,CIBERSORTx,0.672351782325107
HCA_fold2,gene,CIBERSORTx,0.451126431445192
HCA_fold2,gene,CIBERSORTx,0.782142048747847
HCA_fold2,gene,CIBERSORTx,0.331956922783078
HCA_fold2,gene,CIBERSORTx,0.76714786953084
HCA_fold2,gene,CIBERSORTx,0.432667902218719
HCA_fold2,gene,CIBERSORTx,0.761713782735998
HCA_fold2,gene,CIBERSORTx,-0.0375458617388356
HCA_fold2,gene,CIBERSORTx,0.790703533975268
HCA_fold2,gene,CIBERSORTx,0.785185501749094
HCA_fold2,gene,CIBERSORTx,0.437023686973656
HCA_fold2,gene,CIBERSORTx,0.90816379755395
HCA_fold2,gene,CIBERSORTx,0.350968132970695
HCA_fold2,gene,CIBERSORTx,-0.0563647812988702
HCA_fold2,gene,CIBERSORTx,0.787795032307944
HCA_fold2,gene,CIBERSORTx,0.288231760973191
HCA_fold2,gene,CIBERSORTx,0.659633470748099
HCA_fold2,gene,CIBERSORTx,0.290499770038619
HCA_fold2,gene,CIBERSORTx,0.393555888360834
HCA_fold2,gene,CIBERSORTx,0.567994907556892
HCA_fold2,gene,CIBERSORTx,0.308416636664419
HCA_fold2,gene,CIBERSORTx,0.490402321672713
HCA_fold2,gene,CIBERSORTx,0.349051437354068
HCA_fold2,gene,CIBERSORTx,0.826114205682355
HCA_fold2,gene,CIBERSORTx,0.596288181133597
HCA_fold2,gene,CIBERSORTx,0.580915380893045
HCA_fold2,gene,CIBERSORTx,0.497106807916637
HCA_fold2,gene,CIBERSORTx,0.868952944830714
HCA_fold2,gene,CIBERSORTx,0.520009795123602
HCA_fold2,gene,CIBERSORTx,0.823499297425267
HCA_fold2,gene,CIBERSORTx,0.434047306996695
HCA_fold2,gene,CIBERSORTx,0.561031976180472
HCA_fold2,gene,CIBERSORTx,0.824448602806737
HCA_fold2,gene,CIBERSORTx,0.893211973741341
HCA_fold2,gene,CIBERSORTx,0.463762930498959
HCA_fold2,gene,CIBERSORTx,0.264660036905549
HCA_fold2,gene,CIBERSORTx,0.695924107983501
HCA_fold2,gene,CIBERSORTx,0.273838673436833
HCA_fold2,gene,CIBERSORTx,0.692926793348938
HCA_fold2,gene,CIBERSORTx,0.826857690654548
HCA_fold2,gene,CIBERSORTx,0.556507384480823
HCA_fold2,gene,CIBERSORTx,0.567848364806741
HCA_fold2,gene,CIBERSORTx,0.442785652876325
HCA_fold2,gene,CIBERSORTx,0.715166839221939
HCA_fold2,gene,CIBERSORTx,0.238986838768747
HCA_fold2,gene,CIBERSORTx,0.818048963697443
HCA_fold2,gene,CIBERSORTx,0.711954449685509
HCA_fold2,gene,CIBERSORTx,0.63856119445152
HCA_fold2,gene,CIBERSORTx,0.65470326023165
HCA_fold2,gene,CIBERSORTx,0.825306361394924
HCA_fold2,gene,CIBERSORTx,0.541889776691518
HCA_fold2,gene,CIBERSORTx,0.183890112414318
HCA_fold2,gene,CIBERSORTx,-0.0289240689310627
HCA_fold2,gene,CIBERSORTx,0.311518994533541
HCA_fold2,gene,CIBERSORTx,0.602523290711448
HCA_fold2,gene,CIBERSORTx,0.226061489641776
HCA_fold2,gene,CIBERSORTx,0.758783055430746
HCA_fold2,gene,CIBERSORTx,0.50381597446718
HCA_fold2,gene,CIBERSORTx,0.420464646625315
HCA_fold2,gene,CIBERSORTx,0.376429169731931
HCA_fold2,gene,CIBERSORTx,0.367350199388119
HCA_fold2,gene,CIBERSORTx,0.359052370979227
HCA_fold2,gene,CIBERSORTx,0.284059257377896
HCA_fold2,gene,CIBERSORTx,0.88638674225567
HCA_fold2,gene,CIBERSORTx,0.545436135080287
HCA_fold2,gene,CIBERSORTx,0.63864866562581
HCA_fold2,gene,CIBERSORTx,0.227578679576854
HCA_fold2,gene,CIBERSORTx,-0.0831891259618922
HCA_fold2,gene,CIBERSORTx,0.0382089687714511
HCA_fold2,gene,CIBERSORTx,0.818232217612041
HCA_fold2,gene,CIBERSORTx,0.824869216590501
HCA_fold2,gene,CIBERSORTx,0.603637773891333
HCA_fold2,gene,DISSECT,0.551639635539631
HCA_fold2,gene,DISSECT,0.577098502464474
HCA_fold2,gene,DISSECT,0.271189504695022
HCA_fold2,gene,DISSECT,0.287470548248719
HCA_fold2,gene,DISSECT,0.33537655292732
HCA_fold2,gene,DISSECT,0.690331373729867
HCA_fold2,gene,DISSECT,0.721344499007194
HCA_fold2,gene,DISSECT,0.451564142851256
HCA_fold2,gene,DISSECT,0.623617968379398
HCA_fold2,gene,DISSECT,0.219317607430157
HCA_fold2,gene,DISSECT,0.401721541664127
HCA_fold2,gene,DISSECT,0.53844133026475
HCA_fold2,gene,DISSECT,0.305347633714728
HCA_fold2,gene,DISSECT,0.410678382045132
HCA_fold2,gene,DISSECT,0.383644751043292
HCA_fold2,gene,DISSECT,0.330466067865547
HCA_fold2,gene,DISSECT,0.228750077405775
HCA_fold2,gene,DISSECT,0.559850306599272
HCA_fold2,gene,DISSECT,0.482786330759882
HCA_fold2,gene,DISSECT,0.531784339501946
HCA_fold2,gene,DISSECT,0.543251026844874
HCA_fold2,gene,DISSECT,0.182891030987357
HCA_fold2,gene,DISSECT,0.591091416429636
HCA_fold2,gene,DISSECT,0.568130283624458
HCA_fold2,gene,DISSECT,0.455747911369281
HCA_fold2,gene,DISSECT,0.480529537959848
HCA_fold2,gene,DISSECT,-0.0084669965464291
HCA_fold2,gene,DISSECT,0.461996443768346
HCA_fold2,gene,DISSECT,0.387108521432845
HCA_fold2,gene,DISSECT,0.463130215813089
HCA_fold2,gene,DISSECT,0.425811211762593
HCA_fold2,gene,DISSECT,0.459029463289358
HCA_fold2,gene,DISSECT,0.290507802841141
HCA_fold2,gene,DISSECT,0.556281799684609
HCA_fold2,gene,DISSECT,0.810345311342472
HCA_fold2,gene,DISSECT,0.628676610161078
HCA_fold2,gene,DISSECT,0.650188367802575
HCA_fold2,gene,DISSECT,0.71204681778033
HCA_fold2,gene,DISSECT,0.534238088407552
HCA_fold2,gene,DISSECT,0.602224317631251
HCA_fold2,gene,DISSECT,0.524345258101409
HCA_fold2,gene,DISSECT,0.645665027407168
HCA_fold2,gene,DISSECT,0.54663016801426
HCA_fold2,gene,DISSECT,0.550078913193553
HCA_fold2,gene,DISSECT,0.210676236922009
HCA_fold2,gene,DISSECT,0.348985395214477
HCA_fold2,gene,DISSECT,0.552932324282212
HCA_fold2,gene,DISSECT,0.340133489299038
HCA_fold2,gene,DISSECT,0.672621601077482
HCA_fold2,gene,DISSECT,0.299599895834621
HCA_fold2,gene,DISSECT,0.478659904355736
HCA_fold2,gene,DISSECT,0.262141771942629
HCA_fold2,gene,DISSECT,0.549416813864407
HCA_fold2,gene,DISSECT,0.321457395259943
HCA_fold2,gene,DISSECT,0.392416297041702
HCA_fold2,gene,DISSECT,0.396987664722723
HCA_fold2,gene,DISSECT,0.610362080266892
HCA_fold2,gene,DISSECT,0.483062570323093
HCA_fold2,gene,DISSECT,0.46107310822185
HCA_fold2,gene,DISSECT,0.398410477833663
HCA_fold2,gene,DISSECT,0.589188113694272
HCA_fold2,gene,DISSECT,0.317549538238594
HCA_fold2,gene,DISSECT,0.356460390223762
HCA_fold2,gene,DISSECT,0.649524373724254
HCA_fold2,gene,DISSECT,0.357597722604937
HCA_fold2,gene,DISSECT,0.342673673961299
HCA_fold2,gene,DISSECT,0.459435253934427
HCA_fold2,gene,DISSECT,0.684493783806757
HCA_fold2,gene,DISSECT,0.610231646478255
HCA_fold2,gene,DISSECT,0.315016975086013
HCA_fold2,gene,DISSECT,0.601346926781939
HCA_fold2,gene,DISSECT,0.371206570090634
HCA_fold2,gene,DISSECT,0.524640624006592
HCA_fold2,gene,DISSECT,0.477709052086232
HCA_fold2,gene,DISSECT,0.538473495837325
HCA_fold2,gene,DISSECT,0.329797186728235
HCA_fold2,gene,DISSECT,0.674321161873988
HCA_fold2,gene,DISSECT,0.746241224872385
HCA_fold2,gene,DISSECT,0.598153415019482
HCA_fold2,gene,DISSECT,0.0838587259474148
HCA_fold2,gene,DISSECT,0.40866492823933
HCA_fold2,gene,DISSECT,0.624291472239981
HCA_fold2,gene,DISSECT,0.688833199190039
HCA_fold2,gene,DISSECT,0.588317555572967
HCA_fold2,gene,DISSECT,0.460368181279327
HCA_fold2,gene,DISSECT,0.587463989522302
HCA_fold2,gene,DISSECT,0.373315119592785
HCA_fold2,gene,DISSECT,0.74052216255669
HCA_fold2,gene,DISSECT,0.662254659719169
HCA_fold2,gene,DISSECT,0.486079465346828
HCA_fold2,gene,DISSECT,0.517541653866704
HCA_fold2,gene,DISSECT,0.350864153607489
HCA_fold2,gene,DISSECT,0.471005467806361
HCA_fold2,gene,DISSECT,0.390845661727103
HCA_fold2,gene,DISSECT,0.171321716570781
HCA_fold2,gene,DISSECT,0.598131771711182
HCA_fold2,gene,DISSECT,0.394660483905268
HCA_fold2,gene,DISSECT,0.385798798972063
HCA_fold2,gene,DISSECT,0.364143055772219
HCA_fold2,gene,DISSECT,0.363914657029672
HCA_fold2,gene,DISSECT,0.590801325567386
HCA_fold2,gene,DISSECT,0.582183783372752
HCA_fold2,gene,DISSECT,0.303468538610744
HCA_fold2,gene,DISSECT,0.675078986742262
HCA_fold2,gene,DISSECT,0.650659621408839
HCA_fold2,gene,DISSECT,0.677284436089583
HCA_fold2,gene,DISSECT,0.271456696352596
HCA_fold2,gene,DISSECT,0.532550041214885
HCA_fold2,gene,DISSECT,0.619305840264866
HCA_fold2,gene,DISSECT,0.286199707211577
HCA_fold2,gene,DISSECT,0.271377772662203
HCA_fold2,gene,DISSECT,0.569027534119396
HCA_fold2,gene,DISSECT,0.544013229497272
HCA_fold2,gene,DISSECT,0.59204256179528
HCA_fold2,gene,DISSECT,0.281323339377088
HCA_fold2,gene,DISSECT,0.2362386632749
HCA_fold2,gene,DISSECT,0.401311000013046
HCA_fold2,gene,DISSECT,0.443156922756023
HCA_fold2,gene,DISSECT,0.358679184806911
HCA_fold2,gene,DISSECT,0.406030285085659
HCA_fold2,gene,DISSECT,0.69460248587654
HCA_fold2,gene,DISSECT,0.209571190524888
HCA_fold2,gene,DISSECT,0.513645153131947
HCA_fold2,gene,DISSECT,0.547778850270876
HCA_fold2,gene,DISSECT,0.616247074291915
HCA_fold2,gene,DISSECT,0.0611565300372848
HCA_fold2,gene,DISSECT,0.434830222690511
HCA_fold2,gene,DISSECT,0.623685316917055
HCA_fold2,gene,DISSECT,0.388294760554878
HCA_fold2,gene,DISSECT,0.485933982834403
HCA_fold2,gene,DISSECT,0.460965756972944
HCA_fold2,gene,DISSECT,0.537297870974042
HCA_fold2,gene,DISSECT,0.464307260709848
HCA_fold2,gene,DISSECT,0.574342593200581
HCA_fold2,gene,DISSECT,0.516908560597758
HCA_fold2,gene,DISSECT,0.463204500346427
HCA_fold2,gene,DISSECT,0.272635972308428
HCA_fold2,gene,DISSECT,0.439842649891351
HCA_fold2,gene,DISSECT,0.537822308464645
HCA_fold2,gene,DISSECT,0.349019280131852
HCA_fold2,gene,DISSECT,0.494407909135722
HCA_fold2,gene,DISSECT,0.361794290824402
HCA_fold2,gene,DISSECT,0.197898977018044
HCA_fold2,gene,DISSECT,0.126573753962394
HCA_fold2,gene,DISSECT,0.382280954068577
HCA_fold2,gene,DISSECT,0.383244498063709
HCA_fold2,gene,DISSECT,0.420616905453204
HCA_fold2,gene,DISSECT,0.67742593503474
HCA_fold2,gene,DISSECT,0.320102240865336
HCA_fold2,gene,DISSECT,0.344478001190911
HCA_fold2,gene,DISSECT,0.513968649923385
HCA_fold2,gene,DISSECT,0.648556312391249
HCA_fold2,gene,DISSECT,0.56474068259631
HCA_fold2,gene,DISSECT,0.813594327566462
HCA_fold2,gene,DISSECT,0.578093308236525
HCA_fold2,gene,DISSECT,0.449555301405657
HCA_fold2,gene,DISSECT,0.645822631500885
HCA_fold2,gene,DISSECT,0.290405867938791
HCA_fold2,gene,DISSECT,0.39266548216
HCA_fold2,gene,DISSECT,0.478883450385336
HCA_fold2,gene,DISSECT,0.605095609610182
HCA_fold2,gene,DISSECT,0.405200325194951
HCA_fold2,gene,DISSECT,0.607106119539407
HCA_fold2,gene,DISSECT,0.532335702708153
HCA_fold2,gene,DISSECT,0.380449715691691
HCA_fold2,gene,DISSECT,0.478628479860247
HCA_fold2,gene,DISSECT,0.67449358269649
HCA_fold2,gene,DISSECT,0.472182577727693
HCA_fold2,gene,DISSECT,0.587231361809163
HCA_fold2,gene,DISSECT,0.643349485826382
HCA_fold2,gene,DISSECT,0.388468315645975
HCA_fold2,gene,DISSECT,0.114882882000161
HCA_fold2,gene,DISSECT,0.299922770807144
HCA_fold2,gene,DISSECT,0.489002411953394
HCA_fold2,gene,DISSECT,0.588578355162295
HCA_fold2,gene,DISSECT,0.552359774780072
HCA_fold2,gene,DISSECT,0.327099762014649
HCA_fold2,gene,DISSECT,0.531104120421727
HCA_fold2,gene,DISSECT,0.56923858561561
HCA_fold2,gene,DISSECT,0.374041966796643
HCA_fold2,gene,DISSECT,0.274731126368
HCA_fold2,gene,DISSECT,0.562536719870936
HCA_fold2,gene,DISSECT,0.762138823395144
HCA_fold2,gene,DISSECT,0.487787082869527
HCA_fold2,gene,DISSECT,0.205951507560552
HCA_fold2,gene,DISSECT,0.755050078244051
HCA_fold2,gene,DISSECT,0.458050125804072
HCA_fold2,gene,DISSECT,0.46224094517708
HCA_fold2,gene,DISSECT,0.284457087558243
HCA_fold2,gene,DISSECT,0.551625380070219
HCA_fold2,gene,DISSECT,0.582030685393747
HCA_fold2,gene,DISSECT,0.354649747661535
HCA_fold2,gene,DISSECT,0.662359337018938
HCA_fold2,gene,DISSECT,0.399931788875584
HCA_fold2,gene,DISSECT,0.314655626742573
HCA_fold2,gene,DISSECT,0.575332812593843
HCA_fold2,gene,DISSECT,0.77855621268563
HCA_fold2,gene,DISSECT,0.51274024606746
HCA_fold2,gene,DISSECT,0.556815659785929
HCA_fold2,gene,DISSECT,0.376065744205985
HCA_fold2,gene,DISSECT,0.256237078408191
HCA_fold2,gene,DISSECT,0.623909186184007
HCA_fold2,gene,DISSECT,0.429814056626037
HCA_fold2,gene,DISSECT,0.513213504680935
HCA_fold2,gene,DISSECT,0.570613404015088
HCA_fold2,gene,DISSECT,0.697194232261273
HCA_fold2,gene,DISSECT,0.377927283233134
HCA_fold2,gene,DISSECT,0.40440111658958
HCA_fold2,gene,DISSECT,0.663059555457268
HCA_fold2,gene,DISSECT,0.65440060672949
HCA_fold2,gene,DISSECT,0.301738205759153
HCA_fold2,gene,DISSECT,0.485196328515427
HCA_fold2,gene,DISSECT,0.236309970034447
HCA_fold2,gene,DISSECT,0.660029937670186
HCA_fold2,gene,DISSECT,0.610963149312492
HCA_fold2,gene,DISSECT,0.459373885420685
HCA_fold2,gene,DISSECT,0.215624504730259
HCA_fold2,gene,DISSECT,0.232835092686387
HCA_fold2,gene,DISSECT,0.347624529943113
HCA_fold2,gene,DISSECT,0.353772220319948
HCA_fold2,gene,DISSECT,0.607757472919783
HCA_fold2,gene,DISSECT,0.494994674772476
HCA_fold2,gene,DISSECT,0.0283550204413959
HCA_fold2,gene,DISSECT,0.51327149687678
HCA_fold2,gene,DISSECT,0.670064828875432
HCA_fold2,gene,DISSECT,0.0101535428019413
HCA_fold2,gene,DISSECT,0.298767197456965
HCA_fold2,gene,DISSECT,0.403209452610362
HCA_fold2,gene,DISSECT,0.684623609918201
HCA_fold2,gene,DISSECT,0.312332089287667
HCA_fold2,gene,DISSECT,0.482203957850423
HCA_fold2,gene,DISSECT,0.302204460369829
HCA_fold2,gene,DISSECT,0.435379492077844
HCA_fold2,gene,DISSECT,0.276244573601592
HCA_fold2,gene,DISSECT,0.386569633781091
HCA_fold2,gene,DISSECT,0.452698788916267
HCA_fold2,gene,DISSECT,0.604356697203953
HCA_fold2,gene,DISSECT,0.486206723762382
HCA_fold2,gene,DISSECT,0.276016131992184
HCA_fold2,gene,DISSECT,0.135462280941564
HCA_fold2,gene,DISSECT,0.485020716767221
HCA_fold2,gene,DISSECT,0.154631013577469
HCA_fold2,gene,DISSECT,0.388021177371692
HCA_fold2,gene,DISSECT,0.402257620723329
HCA_fold2,gene,DISSECT,0.216968227599598
HCA_fold2,gene,DISSECT,0.335194338499284
HCA_fold2,gene,DISSECT,0.459318273606683
HCA_fold2,gene,DISSECT,0.602396472101288
HCA_fold2,gene,DISSECT,0.320677275525674
HCA_fold2,gene,DISSECT,0.52900673706528
HCA_fold2,gene,DISSECT,0.646580431961384
HCA_fold2,gene,DISSECT,0.504637321163233
HCA_fold2,gene,DISSECT,0.773321836717087
HCA_fold2,gene,DISSECT,0.596308189085445
HCA_fold2,gene,DISSECT,0.389131221357964
HCA_fold2,gene,DISSECT,0.172497925789266
HCA_fold2,gene,DISSECT,0.306035361414251
HCA_fold2,gene,DISSECT,0.737943173480829
HCA_fold2,gene,DISSECT,0.711617623786413
HCA_fold2,gene,DISSECT,0.0971080559220893
HCA_fold2,gene,DISSECT,0.407763335626548
HCA_fold2,gene,DISSECT,0.388557101704208
HCA_fold2,gene,DISSECT,0.586483407996986
HCA_fold2,gene,DISSECT,0.540748662787423
HCA_fold2,gene,DISSECT,0.547214095831138
HCA_fold2,gene,DISSECT,0.423811633339091
HCA_fold2,gene,DISSECT,0.758925574662173
HCA_fold2,gene,DISSECT,0.56427867949619
HCA_fold2,gene,DISSECT,0.630899361355731
HCA_fold2,gene,DISSECT,0.631768760410211
HCA_fold2,gene,DISSECT,0.214235647058118
HCA_fold2,gene,DISSECT,0.573676213796974
HCA_fold2,gene,DISSECT,0.542417337345307
HCA_fold2,gene,DISSECT,0.719617754457906
HCA_fold2,gene,DISSECT,0.634539776850532
HCA_fold2,gene,DISSECT,0.513923091701251
HCA_fold2,gene,DISSECT,0.0919117549044465
HCA_fold2,gene,DISSECT,0.69433745064946
HCA_fold2,gene,DISSECT,0.720680346830308
HCA_fold2,gene,DISSECT,0.578708929671489
HCA_fold2,gene,DISSECT,0.37545635567035
HCA_fold2,gene,DISSECT,0.291853992830376
HCA_fold2,gene,DISSECT,0.467502936650078
HCA_fold2,gene,DISSECT,0.418528014451724
HCA_fold2,gene,DISSECT,0.623374741233898
HCA_fold2,gene,DISSECT,0.772301751947985
HCA_fold2,gene,DISSECT,0.211913462385404
HCA_fold2,gene,DISSECT,0.393964169465978
HCA_fold2,gene,DISSECT,0.651821805672832
HCA_fold2,gene,DISSECT,0.370910496763024
HCA_fold2,gene,DISSECT,0.389594581276577
HCA_fold2,gene,DISSECT,0.440474122420822
HCA_fold2,gene,DISSECT,0.20914800442992
HCA_fold2,gene,DISSECT,0.426652562598421
HCA_fold2,gene,DISSECT,0.717341150563581
HCA_fold2,gene,DISSECT,0.487418704589834
HCA_fold2,gene,DISSECT,0.308285281403589
HCA_fold2,gene,DISSECT,0.266848383901035
HCA_fold2,gene,DISSECT,0.510117899602847
HCA_fold2,gene,DISSECT,0.347204724276842
HCA_fold2,gene,DISSECT,0.323974148102579
HCA_fold2,gene,DISSECT,0.413037880609856
HCA_fold2,gene,DISSECT,0.406999125787274
HCA_fold2,gene,DISSECT,0.6735215146107
HCA_fold2,gene,DISSECT,0.648699560798788
HCA_fold2,gene,DISSECT,0.521590992133495
HCA_fold2,gene,DISSECT,0.505003688822145
HCA_fold2,gene,DISSECT,0.247190872750535
HCA_fold2,gene,DISSECT,0.243400967872667
HCA_fold2,gene,DISSECT,0.399512154081584
HCA_fold2,gene,DISSECT,0.314025253485168
HCA_fold2,gene,DISSECT,0.479950377559045
HCA_fold2,gene,DISSECT,0.309203160000137
HCA_fold2,gene,DISSECT,0.508831113413022
HCA_fold2,gene,DISSECT,0.611658699164498
HCA_fold2,gene,DISSECT,0.574964726714817
HCA_fold2,gene,DISSECT,0.719709701051486
HCA_fold2,gene,DISSECT,0.720661719342685
HCA_fold2,gene,DISSECT,0.667941970234158
HCA_fold2,gene,DISSECT,0.647188163773011
HCA_fold2,gene,DISSECT,0.422108044652923
HCA_fold2,gene,DISSECT,0.66264065798481
HCA_fold2,gene,DISSECT,0.481093940998459
HCA_fold2,gene,DISSECT,0.613633677410609
HCA_fold2,gene,DISSECT,0.463637691857004
HCA_fold2,gene,DISSECT,0.486865570122338
HCA_fold2,gene,DISSECT,0.639272574927395
HCA_fold2,gene,DISSECT,0.756528174486574
HCA_fold2,gene,DISSECT,0.373328544731566
HCA_fold2,gene,DISSECT,0.688005687394796
HCA_fold2,gene,DISSECT,0.189329431276452
HCA_fold2,gene,DISSECT,0.0737253226466433
HCA_fold2,gene,DISSECT,0.781964617849019
HCA_fold2,gene,DISSECT,0.667927092294238
HCA_fold2,gene,DISSECT,0.336941903198196
HCA_fold2,gene,DISSECT,0.585020586844342
HCA_fold2,gene,DISSECT,0.518280638337621
HCA_fold2,gene,DISSECT,0.612293504941361
HCA_fold2,gene,DISSECT,0.540541441238728
HCA_fold2,gene,DISSECT,0.393594674894917
HCA_fold2,gene,DISSECT,0.568506821584846
HCA_fold2,gene,DISSECT,0.376689821026741
HCA_fold2,gene,DISSECT,0.45490399398825
HCA_fold2,gene,DISSECT,0.512070154762621
HCA_fold2,gene,DISSECT,0.519294100405341
HCA_fold2,gene,DISSECT,0.17244190074844
HCA_fold2,gene,DISSECT,0.439094764067026
HCA_fold2,gene,DISSECT,0.616266222058419
HCA_fold2,gene,DISSECT,0.526105839237638
HCA_fold2,gene,DISSECT,0.445558146831318
HCA_fold2,gene,DISSECT,0.264312795277089
HCA_fold2,gene,DISSECT,0.0534129566858444
HCA_fold2,gene,DISSECT,0.349128906418519
HCA_fold2,gene,DISSECT,0.748302577542222
HCA_fold2,gene,DISSECT,0.451079591852632
HCA_fold2,gene,DISSECT,0.418424488695182
HCA_fold2,gene,DISSECT,0.459098111262335
HCA_fold2,gene,DISSECT,0.470698859341733
HCA_fold2,gene,DISSECT,0.584667020664334
HCA_fold2,gene,DISSECT,0.712234463308744
HCA_fold2,gene,DISSECT,0.377023700586458
HCA_fold2,gene,DISSECT,0.668531195494318
HCA_fold2,gene,DISSECT,0.474518453113194
HCA_fold2,gene,DISSECT,0.186664537273346
HCA_fold2,gene,DISSECT,0.366655786450308
HCA_fold2,gene,DISSECT,0.629063243629499
HCA_fold2,gene,DISSECT,0.655186857733986
HCA_fold2,gene,DISSECT,0.622449610327717
HCA_fold2,gene,DISSECT,0.263100756944356
HCA_fold2,gene,DISSECT,0.745577219045508
HCA_fold2,gene,DISSECT,0.492550816733343
HCA_fold2,gene,DISSECT,0.545958306840333
HCA_fold2,gene,DISSECT,0.421749709971225
HCA_fold2,gene,DISSECT,0.593660050159788
HCA_fold2,gene,DISSECT,0.34485645982931
HCA_fold2,gene,DISSECT,0.453420509758849
HCA_fold2,gene,DISSECT,0.747906700170879
HCA_fold2,gene,DISSECT,0.585367018420458
HCA_fold2,gene,DISSECT,0.471379036116829
HCA_fold2,gene,DISSECT,0.494590648171369
HCA_fold2,gene,DISSECT,0.463359519657359
HCA_fold2,gene,DISSECT,0.464682619512039
HCA_fold2,gene,DISSECT,0.714903371541249
HCA_fold2,gene,DISSECT,0.398600612690892
HCA_fold2,gene,DISSECT,0.386411376908914
HCA_fold2,gene,DISSECT,0.694868325080367
HCA_fold2,gene,DISSECT,0.262097772759603
HCA_fold2,gene,DISSECT,0.70897080591545
HCA_fold2,gene,DISSECT,0.544351657982636
HCA_fold2,gene,DISSECT,0.357243933177467
HCA_fold2,gene,DISSECT,0.250709911499007
HCA_fold2,gene,DISSECT,0.602333081114831
HCA_fold2,gene,DISSECT,0.605521358181354
HCA_fold2,gene,DISSECT,0.690383795512073
HCA_fold2,gene,DISSECT,0.428907616040953
HCA_fold2,gene,DISSECT,0.337240496430106
HCA_fold2,gene,DISSECT,0.44303555135097
HCA_fold2,gene,DISSECT,0.49695575785421
HCA_fold2,gene,DISSECT,0.408088527630973
HCA_fold2,gene,DISSECT,0.427258154651369
HCA_fold2,gene,DISSECT,0.255163026549314
HCA_fold2,gene,DISSECT,0.52487079456402
HCA_fold2,gene,DISSECT,0.626746265856611
HCA_fold2,gene,DISSECT,0.038617552713067
HCA_fold2,gene,DISSECT,0.624334217353263
HCA_fold2,gene,DISSECT,0.306088244592895
HCA_fold2,gene,DISSECT,0.635572662596685
HCA_fold2,gene,DISSECT,0.631980801779117
HCA_fold2,gene,DISSECT,0.736369741191857
HCA_fold2,gene,DISSECT,0.577884858719107
HCA_fold2,gene,DISSECT,0.365868420874612
HCA_fold2,gene,DISSECT,0.49307566043363
HCA_fold2,gene,DISSECT,0.673582435143102
HCA_fold2,gene,DISSECT,0.398463370017217
HCA_fold2,gene,DISSECT,0.248039981696732
HCA_fold2,gene,DISSECT,0.632816028900301
HCA_fold2,gene,DISSECT,0.541060752238867
HCA_fold2,gene,DISSECT,0.653849651895734
HCA_fold2,gene,DISSECT,0.47637134887628
HCA_fold2,gene,DISSECT,0.640734389721627
HCA_fold2,gene,DISSECT,0.417742501770363
HCA_fold2,gene,DISSECT,0.621041923572169
HCA_fold2,gene,DISSECT,0.308408446251065
HCA_fold2,gene,DISSECT,0.601965539652232
HCA_fold2,gene,DISSECT,0.561244683710785
HCA_fold2,gene,DISSECT,0.259505851717632
HCA_fold2,gene,DISSECT,0.60031990244252
HCA_fold2,gene,DISSECT,0.567169405368496
HCA_fold2,gene,DISSECT,0.572375780371513
HCA_fold2,gene,DISSECT,0.512252398530928
HCA_fold2,gene,DISSECT,0.635025589550046
HCA_fold2,gene,DISSECT,0.52118684018223
HCA_fold2,gene,DISSECT,0.68482971090051
HCA_fold2,gene,DISSECT,0.431826904588929
HCA_fold2,gene,DISSECT,0.134238617903419
HCA_fold2,gene,DISSECT,0.532733209918757
HCA_fold2,gene,DISSECT,0.435278887818443
HCA_fold2,gene,DISSECT,0.574973689076076
HCA_fold2,gene,DISSECT,0.502569329316616
HCA_fold2,gene,DISSECT,0.471073523343224
HCA_fold2,gene,DISSECT,0.346852340384057
HCA_fold2,gene,DISSECT,0.577246570125641
HCA_fold2,gene,DISSECT,0.553869618116493
HCA_fold2,gene,DISSECT,0.397948705055942
HCA_fold2,gene,DISSECT,0.321005269174612
HCA_fold2,gene,DISSECT,0.39878365258188
HCA_fold2,gene,DISSECT,0.626589625490789
HCA_fold2,gene,DISSECT,0.389490469514627
HCA_fold2,gene,DISSECT,0.497031835673424
HCA_fold2,gene,DISSECT,0.483386727262243
HCA_fold2,gene,DISSECT,0.609745857146399
HCA_fold2,gene,DISSECT,0.392974112325554
HCA_fold2,gene,DISSECT,0.599948796787798
HCA_fold2,gene,DISSECT,0.841178338007423
HCA_fold2,gene,DISSECT,0.527464069576511
HCA_fold2,gene,DISSECT,0.344712928518533
HCA_fold2,gene,DISSECT,0.622060765910856
HCA_fold2,gene,DISSECT,0.620801737829897
HCA_fold2,gene,DISSECT,0.35986880149276
HCA_fold2,gene,DISSECT,0.655795429265561
HCA_fold2,gene,DISSECT,0.420444712816008
HCA_fold2,gene,DISSECT,0.529303180098055
HCA_fold2,gene,DISSECT,0.758163006800334
HCA_fold2,gene,DISSECT,0.238172229180627
HCA_fold2,gene,DISSECT,0.612598537257809
HCA_fold2,gene,DISSECT,0.668174348236587
HCA_fold2,gene,DISSECT,0.543364949096272
HCA_fold2,gene,DISSECT,0.66902668208925
HCA_fold2,gene,DISSECT,0.728839277890526
HCA_fold2,gene,DISSECT,0.311638273919518
HCA_fold2,gene,DISSECT,0.156585229275165
HCA_fold2,gene,DISSECT,0.459113262511044
HCA_fold2,gene,DISSECT,0.531128119628035
HCA_fold2,gene,DISSECT,0.5475968483564
HCA_fold2,gene,DISSECT,0.667726632290493
HCA_fold2,gene,DISSECT,0.706816397251779
HCA_fold2,gene,DISSECT,0.607276803364907
HCA_fold2,gene,DISSECT,0.157017392188919
HCA_fold2,gene,DISSECT,0.328339006923713
HCA_fold2,gene,DISSECT,0.631514711723958
HCA_fold2,gene,DISSECT,0.3201833631185
HCA_fold2,gene,DISSECT,0.695812578434146
HCA_fold2,gene,DISSECT,0.491368800433447
HCA_fold2,gene,DISSECT,0.31086842516661
HCA_fold2,gene,DISSECT,0.576380655921352
HCA_fold2,gene,DISSECT,0.41246995574322
HCA_fold2,gene,DISSECT,0.397642857051729
HCA_fold2,gene,DISSECT,0.638187233971853
HCA_fold2,gene,DISSECT,0.500528595169871
HCA_fold2,gene,DISSECT,0.656517166646461
HCA_fold2,gene,DISSECT,0.608479824438421
HCA_fold2,gene,DISSECT,0.630142590941282
HCA_fold2,gene,DISSECT,0.434773396396222
HCA_fold2,gene,DISSECT,0.358430696113029
HCA_fold2,gene,DISSECT,0.395520625771204
HCA_fold2,gene,DISSECT,0.486186283837043
HCA_fold2,gene,DISSECT,0.269512808101669
HCA_fold2,gene,DISSECT,0.640983388790347
HCA_fold2,gene,DISSECT,0.271323678498879
HCA_fold2,gene,DISSECT,0.777995647624422
HCA_fold2,gene,DISSECT,0.35681682434562
HCA_fold2,gene,DISSECT,0.171475386940136
HCA_fold2,gene,DISSECT,0.185990630298746
HCA_fold2,gene,DISSECT,0.326130264970316
HCA_fold2,gene,DISSECT,0.692268429516963
HCA_fold2,gene,DISSECT,0.246308835269185
HCA_fold2,gene,DISSECT,0.206636641688341
HCA_fold2,gene,DISSECT,0.148391086694435
HCA_fold2,gene,DISSECT,0.41537030255303
HCA_fold2,gene,DISSECT,0.63351908252277
HCA_fold2,gene,DISSECT,0.349771494299095
HCA_fold2,gene,DISSECT,0.501781816860574
HCA_fold2,gene,DISSECT,0.483650628013829
HCA_fold2,gene,DISSECT,0.332811370895639
HCA_fold2,gene,DISSECT,0.386045451563358
HCA_fold2,gene,DISSECT,0.436663379403937
HCA_fold2,gene,DISSECT,0.274830271807218
HCA_fold2,gene,DISSECT,0.640402066838397
HCA_fold2,gene,DISSECT,0.354297890560915
HCA_fold2,gene,DISSECT,0.474746648401051
HCA_fold2,gene,DISSECT,0.586815198826916
HCA_fold2,gene,DISSECT,0.0886557486229775
HCA_fold2,gene,DISSECT,0.288016659553883
HCA_fold2,gene,DISSECT,0.451264478492253
HCA_fold2,gene,DISSECT,0.717170688783117
HCA_fold2,gene,DISSECT,0.471958909813436
HCA_fold2,gene,DISSECT,0.272916934820887
HCA_fold2,gene,DISSECT,0.579664493922962
HCA_fold2,gene,DISSECT,0.738989452137888
HCA_fold2,gene,DISSECT,0.503786600138508
HCA_fold2,gene,DISSECT,0.329128991734158
HCA_fold2,gene,DISSECT,0.394902252911195
HCA_fold2,gene,DISSECT,0.439603796225412
HCA_fold2,gene,DISSECT,0.471484306213465
HCA_fold2,gene,DISSECT,0.62020130214477
HCA_fold2,gene,DISSECT,0.414488058514927
HCA_fold2,gene,DISSECT,0.376041289344548
HCA_fold2,gene,DISSECT,0.620889659622035
HCA_fold2,gene,DISSECT,0.0719142643267327
HCA_fold2,gene,DISSECT,-0.0057999402253165
HCA_fold2,gene,DISSECT,0.698392349806367
HCA_fold2,gene,DISSECT,0.468043472447686
HCA_fold2,gene,DISSECT,0.660908487006793
HCA_fold2,gene,DISSECT,0.568669823391467
HCA_fold2,gene,DISSECT,0.480044819906057
HCA_fold2,gene,DISSECT,0.264900048206109
HCA_fold2,gene,DISSECT,0.498364555296396
HCA_fold2,gene,DISSECT,0.34056034810181
HCA_fold2,gene,DISSECT,0.367579727384424
HCA_fold2,gene,DISSECT,0.624317471379498
HCA_fold2,gene,DISSECT,0.264500055334018
HCA_fold2,gene,DISSECT,0.671841960218913
HCA_fold2,gene,DISSECT,0.382772454764906
HCA_fold2,gene,DISSECT,0.364807536221241
HCA_fold2,gene,DISSECT,0.19776278267104
HCA_fold2,gene,DISSECT,0.469770582587679
HCA_fold2,gene,DISSECT,0.442492261171028
HCA_fold2,gene,DISSECT,0.658277626488668
HCA_fold2,gene,DISSECT,0.220887388578501
HCA_fold2,gene,DISSECT,0.388507679855373
HCA_fold2,gene,DISSECT,0.595707632769059
HCA_fold2,gene,DISSECT,0.539523062680587
HCA_fold2,gene,DISSECT,0.683439046466593
HCA_fold2,gene,DISSECT,0.7694461083254
HCA_fold2,gene,DISSECT,0.511315975082812
HCA_fold2,gene,DISSECT,0.344866847823023
HCA_fold2,gene,DISSECT,0.168071465998507
HCA_fold2,gene,DISSECT,0.651593001537801
HCA_fold2,gene,DISSECT,0.439366347456801
HCA_fold2,gene,DISSECT,0.47565860692623
HCA_fold2,gene,DISSECT,0.439006553762427
HCA_fold2,gene,DISSECT,0.446156102551287
HCA_fold2,gene,DISSECT,0.60334349140595
HCA_fold2,gene,DISSECT,0.688733327241952
HCA_fold2,gene,DISSECT,0.686056284167525
HCA_fold2,gene,DISSECT,0.440328271164659
HCA_fold2,gene,DISSECT,0.34114276710071
HCA_fold2,gene,DISSECT,0.568746911497423
HCA_fold2,gene,DISSECT,0.387865949001079
HCA_fold2,gene,DISSECT,0.756536010043039
HCA_fold2,gene,DISSECT,0.515195241138857
HCA_fold2,gene,DISSECT,0.559532000205015
HCA_fold2,gene,DISSECT,0.337422970555243
HCA_fold2,gene,DISSECT,0.348546440613356
HCA_fold2,gene,DISSECT,0.451100423641322
HCA_fold2,gene,DISSECT,0.628189764784781
HCA_fold2,gene,DISSECT,0.325248330687397
HCA_fold2,gene,DISSECT,0.707296050777705
HCA_fold2,gene,DISSECT,0.360976061771808
HCA_fold2,gene,DISSECT,0.649937246267392
HCA_fold2,gene,DISSECT,0.58928521749484
HCA_fold2,gene,DISSECT,0.388227169247413
HCA_fold2,gene,DISSECT,0.214521179216697
HCA_fold2,gene,DISSECT,0.84887802258019
HCA_fold2,gene,DISSECT,0.597438740933916
HCA_fold2,gene,DISSECT,0.361704028398817
HCA_fold2,gene,DISSECT,0.613892500857302
HCA_fold2,gene,DISSECT,0.446860098239932
HCA_fold2,gene,DISSECT,0.167200010189296
HCA_fold2,gene,DISSECT,0.38361258998485
HCA_fold2,gene,DISSECT,0.740422921983995
HCA_fold2,gene,DISSECT,0.571730878800482
HCA_fold2,gene,DISSECT,0.575769139179105
HCA_fold2,gene,DISSECT,0.585285952088725
HCA_fold2,gene,DISSECT,0.370080221176159
HCA_fold2,gene,DISSECT,0.452345671350934
HCA_fold2,gene,DISSECT,0.409902781186423
HCA_fold2,gene,DISSECT,0.32122963336679
HCA_fold2,gene,DISSECT,0.485708451028313
HCA_fold2,gene,DISSECT,0.475337301411058
HCA_fold2,gene,DISSECT,0.624961595507095
HCA_fold2,gene,DISSECT,0.335218810975589
HCA_fold2,gene,DISSECT,0.578135865770365
HCA_fold2,gene,DISSECT,0.60469791212856
HCA_fold2,gene,DISSECT,0.460336571982789
HCA_fold2,gene,DISSECT,0.601945136640288
HCA_fold2,gene,DISSECT,0.260064010859736
HCA_fold2,gene,DISSECT,0.70473201913873
HCA_fold2,gene,DISSECT,0.611006775270097
HCA_fold2,gene,DISSECT,0.557025095625951
HCA_fold2,gene,DISSECT,0.186431153800157
HCA_fold2,gene,DISSECT,0.506815680011594
HCA_fold2,gene,DISSECT,0.372681368932544
HCA_fold2,gene,DISSECT,0.681938489800716
HCA_fold2,gene,DISSECT,0.618844409928586
HCA_fold2,gene,DISSECT,0.411896287242889
HCA_fold2,gene,DISSECT,0.529730362183066
HCA_fold2,gene,DISSECT,0.770193877413775
HCA_fold2,gene,DISSECT,0.855231111520336
HCA_fold2,gene,DISSECT,0.0922199205511272
HCA_fold2,gene,DISSECT,0.213864532116988
HCA_fold2,gene,DISSECT,0.336805000499483
HCA_fold2,gene,DISSECT,0.550942691740215
HCA_fold2,gene,DISSECT,0.582674826553394
HCA_fold2,gene,DISSECT,0.45073472544971
HCA_fold2,gene,DISSECT,0.700859476932588
HCA_fold2,gene,DISSECT,0.596534644210578
HCA_fold2,gene,DISSECT,0.278516519196806
HCA_fold2,gene,DISSECT,0.569539244238482
HCA_fold2,gene,DISSECT,0.367426152514081
HCA_fold2,gene,DISSECT,0.204657020460361
HCA_fold2,gene,DISSECT,0.277399578890886
HCA_fold2,gene,DISSECT,0.461164350694473
HCA_fold2,gene,DISSECT,0.177726226572912
HCA_fold2,gene,DISSECT,0.488186069910695
HCA_fold2,gene,DISSECT,-0.00312805233221571
HCA_fold2,gene,DISSECT,0.445159669848219
HCA_fold2,gene,DISSECT,0.411582641982713
HCA_fold2,gene,DISSECT,0.539305788512225
HCA_fold2,gene,DISSECT,0.235849994585763
HCA_fold2,gene,DISSECT,0.554340245982893
HCA_fold2,gene,DISSECT,0.159987366063827
HCA_fold2,gene,DISSECT,0.650167248419149
HCA_fold2,gene,DISSECT,0.350501696169407
HCA_fold2,gene,DISSECT,0.690292779717001
HCA_fold2,gene,DISSECT,0.564576411976407
HCA_fold2,gene,DISSECT,0.410347619463757
HCA_fold2,gene,DISSECT,0.303127731142105
HCA_fold2,gene,DISSECT,0.69342731046703
HCA_fold2,gene,DISSECT,0.355695862122731
HCA_fold2,gene,DISSECT,0.61555281016637
HCA_fold2,gene,DISSECT,0.471277273469684
HCA_fold2,gene,DISSECT,0.536145601847726
HCA_fold2,gene,DISSECT,0.528370615659736
HCA_fold2,gene,DISSECT,0.620849668552608
HCA_fold2,gene,DISSECT,0.162935431056012
HCA_fold2,gene,DISSECT,0.687387405298654
HCA_fold2,gene,DISSECT,0.544155342652661
HCA_fold2,gene,DISSECT,0.297710066547105
HCA_fold2,gene,DISSECT,0.276968897571736
HCA_fold2,gene,DISSECT,0.61700843322846
HCA_fold2,gene,DISSECT,0.392897106697929
HCA_fold2,gene,DISSECT,0.0819403449287901
HCA_fold2,gene,DISSECT,0.732245011773322
HCA_fold2,gene,DISSECT,0.313909874540831
HCA_fold2,gene,DISSECT,0.346058482238987
HCA_fold2,gene,DISSECT,0.127533950918403
HCA_fold2,gene,DISSECT,0.15399931917753
HCA_fold2,gene,DISSECT,0.571172152789965
HCA_fold2,gene,DISSECT,0.477429885149349
HCA_fold2,gene,DISSECT,0.43845285244805
HCA_fold2,gene,DISSECT,0.591023394944661
HCA_fold2,gene,DISSECT,0.599433798124284
HCA_fold2,gene,DISSECT,0.445836358456634
HCA_fold2,gene,DISSECT,0.275452825088505
HCA_fold2,gene,DISSECT,0.686450261277259
HCA_fold2,gene,DISSECT,0.709751799368076
HCA_fold2,gene,DISSECT,0.210855629725421
HCA_fold2,gene,DISSECT,0.504014950217925
HCA_fold2,gene,DISSECT,0.304781680060135
HCA_fold2,gene,DISSECT,0.489476716454199
HCA_fold2,gene,DISSECT,0.372033585069291
HCA_fold2,gene,DISSECT,0.486207271340611
HCA_fold2,gene,DISSECT,0.414015328522726
HCA_fold2,gene,DISSECT,0.656343350947706
HCA_fold2,gene,DISSECT,0.313958913675011
HCA_fold2,gene,DISSECT,0.358973484310144
HCA_fold2,gene,DISSECT,0.143170974324963
HCA_fold2,gene,DISSECT,0.469997236381257
HCA_fold2,gene,DISSECT,0.638039141430031
HCA_fold2,gene,DISSECT,0.745584855807056
HCA_fold2,gene,DISSECT,0.534149056045866
HCA_fold2,gene,DISSECT,0.438352572325903
HCA_fold2,gene,DISSECT,0.178683938276721
HCA_fold2,gene,DISSECT,0.339013801753428
HCA_fold2,gene,DISSECT,0.476399365671789
HCA_fold2,gene,DISSECT,0.443101723645871
HCA_fold2,gene,DISSECT,0.422827100062048
HCA_fold2,gene,DISSECT,0.367465382125242
HCA_fold2,gene,DISSECT,0.564326838878566
HCA_fold2,gene,DISSECT,0.54308985187313
HCA_fold2,gene,DISSECT,0.360982074003653
HCA_fold2,gene,DISSECT,0.455700891515906
HCA_fold2,gene,DISSECT,0.585832355732984
HCA_fold2,gene,DISSECT,0.542393632608052
HCA_fold2,gene,DISSECT,0.553196278319348
HCA_fold2,gene,DISSECT,0.166861992068439
HCA_fold2,gene,DISSECT,0.40315669090037
HCA_fold2,gene,DISSECT,0.464587670559962
HCA_fold2,gene,DISSECT,0.299376107309999
HCA_fold2,gene,DISSECT,0.701734770822216
HCA_fold2,gene,DISSECT,0.452222685527247
HCA_fold2,gene,DISSECT,0.524150390599028
HCA_fold2,gene,DISSECT,0.511562688873651
HCA_fold2,gene,DISSECT,0.58783399139674
HCA_fold2,gene,DISSECT,0.402507223415008
HCA_fold2,gene,DISSECT,0.450995987363245
HCA_fold2,gene,DISSECT,0.362797262833115
HCA_fold2,gene,DISSECT,0.116757848965424
HCA_fold2,gene,DISSECT,0.556972287873727
HCA_fold2,gene,DISSECT,0.437214298806221
HCA_fold2,gene,DISSECT,0.311928785920677
HCA_fold2,gene,DISSECT,0.629713585010489
HCA_fold2,gene,DISSECT,0.473990675820569
HCA_fold2,gene,DISSECT,0.359556442403038
HCA_fold2,gene,DISSECT,0.261703781212536
HCA_fold2,gene,DISSECT,0.280331735652817
HCA_fold2,gene,DISSECT,0.402645695860631
HCA_fold2,gene,DISSECT,0.52034515913245
HCA_fold2,gene,DISSECT,0.367159294572796
HCA_fold2,gene,DISSECT,0.240675101339159
HCA_fold2,gene,DISSECT,0.516262906400012
HCA_fold2,gene,DISSECT,0.29760108531502
HCA_fold2,gene,DISSECT,0.571451778179666
HCA_fold2,gene,DISSECT,0.572248046867262
HCA_fold2,gene,DISSECT,0.529685073301995
HCA_fold2,gene,DISSECT,0.538666886852079
HCA_fold2,gene,DISSECT,0.527586195274075
HCA_fold2,gene,DISSECT,0.32553047074871
HCA_fold2,gene,DISSECT,0.321708387616352
HCA_fold2,gene,DISSECT,0.718402573626683
HCA_fold2,gene,DISSECT,0.357538880616537
HCA_fold2,gene,DISSECT,0.171721159135785
HCA_fold2,gene,DISSECT,0.699077774750461
HCA_fold2,gene,DISSECT,0.175808449537129
HCA_fold2,gene,DISSECT,0.395297776539872
HCA_fold2,gene,DISSECT,0.682121834258091
HCA_fold2,gene,DISSECT,0.555018679767938
HCA_fold2,gene,DISSECT,0.0972417428956694
HCA_fold2,gene,DISSECT,0.412242469132672
HCA_fold2,gene,DISSECT,0.493242904865411
HCA_fold2,gene,DISSECT,0.667080500334266
HCA_fold2,gene,DISSECT,0.754817335719074
HCA_fold2,gene,DISSECT,0.167835997554559
HCA_fold2,gene,DISSECT,0.453575730557619
HCA_fold2,gene,DISSECT,0.577493804419443
HCA_fold2,gene,DISSECT,0.370334938995552
HCA_fold2,gene,DISSECT,0.158475798534846
HCA_fold2,gene,DISSECT,0.330240039759153
HCA_fold2,gene,DISSECT,0.636500645875994
HCA_fold2,gene,DISSECT,0.622805671979501
HCA_fold2,gene,DISSECT,0.38827323567747
HCA_fold2,gene,DISSECT,0.330350253836844
HCA_fold2,gene,DISSECT,0.423720569170192
HCA_fold2,gene,DISSECT,0.596184064555963
HCA_fold2,gene,DISSECT,0.31191128299285
HCA_fold2,gene,DISSECT,0.575522250873606
HCA_fold2,gene,DISSECT,0.393642466385159
HCA_fold2,gene,DISSECT,0.167889344666929
HCA_fold2,gene,DISSECT,0.766528578402791
HCA_fold2,gene,DISSECT,0.164784770158996
HCA_fold2,gene,DISSECT,0.293697305296385
HCA_fold2,gene,DISSECT,0.845461458161802
HCA_fold2,gene,DISSECT,0.510704225277046
HCA_fold2,gene,DISSECT,0.552783477659246
HCA_fold2,gene,DISSECT,0.391320726784378
HCA_fold2,gene,DISSECT,0.301253831035666
HCA_fold2,gene,DISSECT,0.273823204516896
HCA_fold2,gene,DISSECT,0.500469414940449
HCA_fold2,gene,DISSECT,0.499210914557717
HCA_fold2,gene,DISSECT,0.596271103885788
HCA_fold2,gene,DISSECT,0.354797355237255
HCA_fold2,gene,DISSECT,0.711141394654533
HCA_fold2,gene,DISSECT,0.692393401635811
HCA_fold2,gene,DISSECT,0.521847153661774
HCA_fold2,gene,DISSECT,0.338896746056632
HCA_fold2,gene,DISSECT,0.296532648408542
HCA_fold2,gene,DISSECT,0.379713776226647
HCA_fold2,gene,DISSECT,0.548242634933869
HCA_fold2,gene,DISSECT,0.62702022803975
HCA_fold2,gene,DISSECT,0.708855953472838
HCA_fold2,gene,DISSECT,0.584845751972301
HCA_fold2,gene,DISSECT,0.54918080887716
HCA_fold2,gene,DISSECT,0.234079471122567
HCA_fold2,gene,DISSECT,0.460851229652936
HCA_fold2,gene,DISSECT,0.625156325361145
HCA_fold2,gene,DISSECT,0.788022858853639
HCA_fold2,gene,DISSECT,0.164144274417657
HCA_fold2,gene,DISSECT,0.344813072318741
HCA_fold2,gene,DISSECT,0.666365927694502
HCA_fold2,gene,DISSECT,0.644841761506389
HCA_fold2,gene,DISSECT,0.63638047003453
HCA_fold2,gene,DISSECT,0.571106960164031
HCA_fold2,gene,DISSECT,0.719424589403737
HCA_fold2,gene,DISSECT,0.701803980411791
HCA_fold2,gene,DISSECT,0.502639801206149
HCA_fold2,gene,DISSECT,0.547185827557963
HCA_fold2,gene,DISSECT,0.430644587040903
HCA_fold2,gene,DISSECT,0.417790074680017
HCA_fold2,gene,DISSECT,0.494166759558098
HCA_fold2,gene,DISSECT,0.455751232993998
HCA_fold2,gene,DISSECT,0.541059588549276
HCA_fold2,gene,DISSECT,0.596365708923828
HCA_fold2,gene,DISSECT,0.372403442303951
HCA_fold2,gene,DISSECT,0.656533071781123
HCA_fold2,gene,DISSECT,0.597536250772113
HCA_fold2,gene,DISSECT,0.66493746553349
HCA_fold2,gene,DISSECT,0.654329840473496
HCA_fold2,gene,DISSECT,0.668870440034328
HCA_fold2,gene,DISSECT,0.684456159899826
HCA_fold2,gene,DISSECT,0.435427527276882
HCA_fold2,gene,DISSECT,0.801584967279183
HCA_fold2,gene,DISSECT,0.66680580741187
HCA_fold2,gene,DISSECT,0.644647132409821
HCA_fold2,gene,DISSECT,0.36816352375463
HCA_fold2,gene,DISSECT,0.507129243239682
HCA_fold2,gene,DISSECT,0.286259363997663
HCA_fold2,gene,DISSECT,0.200844907431189
HCA_fold2,gene,DISSECT,0.573063019285489
HCA_fold2,gene,DISSECT,0.401992240307932
HCA_fold2,gene,DISSECT,0.657409709927433
HCA_fold2,gene,DISSECT,0.697842386792531
HCA_fold2,gene,DISSECT,0.358125600087846
HCA_fold2,gene,DISSECT,0.387459310860438
HCA_fold2,gene,DISSECT,0.237983916520396
HCA_fold2,gene,DISSECT,0.592822715285971
HCA_fold2,gene,DISSECT,0.744988224538055
HCA_fold2,gene,DISSECT,0.284983242644451
HCA_fold2,gene,DISSECT,0.145969190775307
HCA_fold2,gene,DISSECT,0.64179824352534
HCA_fold2,gene,DISSECT,0.159186329957421
HCA_fold2,gene,DISSECT,0.419912488909132
HCA_fold2,gene,DISSECT,0.232526367828296
HCA_fold2,gene,DISSECT,0.4698193139967
HCA_fold2,gene,DISSECT,0.226345950571658
HCA_fold2,gene,DISSECT,0.567775554244206
HCA_fold2,gene,DISSECT,0.460093011691794
HCA_fold2,gene,DISSECT,0.577407260087562
HCA_fold2,gene,DISSECT,0.482983368402564
HCA_fold2,gene,DISSECT,0.225674379557905
HCA_fold2,gene,DISSECT,0.599140805531175
HCA_fold2,gene,DISSECT,0.595816367873101
HCA_fold2,gene,DISSECT,0.242758412980393
HCA_fold2,gene,DISSECT,0.389224834864599
HCA_fold2,gene,DISSECT,0.597958451838299
HCA_fold2,gene,DISSECT,0.79864109356581
HCA_fold2,gene,DISSECT,0.590273592307677
HCA_fold2,gene,DISSECT,0.290172109841738
HCA_fold2,gene,DISSECT,0.370157681677112
HCA_fold2,gene,DISSECT,0.645632548324011
HCA_fold2,gene,DISSECT,0.330098276097522
HCA_fold2,gene,DISSECT,-0.00576502998478924
HCA_fold2,gene,DISSECT,0.394995678411666
HCA_fold2,gene,DISSECT,0.578377204355532
HCA_fold2,gene,DISSECT,0.644494412300425
HCA_fold2,gene,DISSECT,0.366973590827378
HCA_fold2,gene,DISSECT,0.380147866832855
HCA_fold2,gene,DISSECT,0.721117016285152
HCA_fold2,gene,DISSECT,0.517411420479377
HCA_fold2,gene,DISSECT,0.407076259364223
HCA_fold2,gene,DISSECT,0.0821769466595729
HCA_fold2,gene,DISSECT,0.346234803194751
HCA_fold2,gene,DISSECT,0.69636219069754
HCA_fold2,gene,DISSECT,0.44835333654156
HCA_fold2,gene,DISSECT,0.147584591264094
HCA_fold2,gene,DISSECT,0.43979880383444
HCA_fold2,gene,DISSECT,0.570822724430784
HCA_fold2,gene,DISSECT,0.423727879669083
HCA_fold2,gene,DISSECT,0.724069988166918
HCA_fold2,gene,DISSECT,0.258647458417891
HCA_fold2,gene,DISSECT,0.73476939096359
HCA_fold2,gene,DISSECT,0.266590152101655
HCA_fold2,gene,DISSECT,0.542578049542618
HCA_fold2,gene,DISSECT,0.344868965558217
HCA_fold2,gene,DISSECT,0.250924047339172
HCA_fold2,gene,DISSECT,0.492634316684455
HCA_fold2,gene,DISSECT,0.248082528453922
HCA_fold2,gene,DISSECT,0.554616941416297
HCA_fold2,gene,DISSECT,0.410699568285682
HCA_fold2,gene,DISSECT,0.329787990765434
HCA_fold2,gene,DISSECT,0.704917071334352
HCA_fold2,gene,DISSECT,0.548556972328262
HCA_fold2,gene,DISSECT,0.443191078379099
HCA_fold2,gene,DISSECT,0.0965036012540648
HCA_fold2,gene,DISSECT,0.553243931858964
HCA_fold2,gene,DISSECT,0.570516045621522
HCA_fold2,gene,DISSECT,0.507239171597345
HCA_fold2,gene,DISSECT,0.661407184242659
HCA_fold2,gene,DISSECT,0.409513937292182
HCA_fold2,gene,DISSECT,0.401785004987523
HCA_fold2,gene,DISSECT,0.439607015042273
HCA_fold2,gene,DISSECT,0.222354932040875
HCA_fold2,gene,DISSECT,0.546516554392977
HCA_fold2,gene,DISSECT,0.0830507746592055
HCA_fold2,gene,DISSECT,0.323799081016681
HCA_fold2,gene,DISSECT,0.392736871871451
HCA_fold2,gene,DISSECT,0.421679789472776
HCA_fold2,gene,DISSECT,0.408864094511434
HCA_fold2,gene,DISSECT,0.333708477502779
HCA_fold2,gene,DISSECT,0.427103810395547
HCA_fold2,gene,DISSECT,0.454127907952249
HCA_fold2,gene,DISSECT,0.301199626497959
HCA_fold2,gene,DISSECT,0.42259032598051
HCA_fold2,gene,DISSECT,0.32005093573308
HCA_fold2,gene,DISSECT,0.562123284380372
HCA_fold2,gene,DISSECT,0.744233422936144
HCA_fold2,gene,DISSECT,0.247649367008689
HCA_fold2,gene,DISSECT,0.608751064232911
HCA_fold2,gene,DISSECT,0.675066118371669
HCA_fold2,gene,DISSECT,0.225574886135516
HCA_fold2,gene,DISSECT,0.331910704526841
HCA_fold2,gene,DISSECT,0.411196015616463
HCA_fold2,gene,DISSECT,0.438391803363643
HCA_fold2,gene,DISSECT,0.449137320686758
HCA_fold2,gene,DISSECT,0.496249725962278
HCA_fold2,gene,DISSECT,0.459423084003045
HCA_fold2,gene,DISSECT,0.585459854674602
HCA_fold2,gene,DISSECT,0.657479735688161
HCA_fold2,gene,DISSECT,0.496611041974072
HCA_fold2,gene,DISSECT,0.730019446831441
HCA_fold2,gene,DISSECT,0.599907240119031
HCA_fold2,gene,DISSECT,0.602094175519915
HCA_fold2,gene,DISSECT,0.457640740295423
HCA_fold2,gene,DISSECT,0.269144674195396
HCA_fold2,gene,DISSECT,0.691610001073415
HCA_fold2,gene,DISSECT,0.751275964584039
HCA_fold2,gene,DISSECT,0.173007059197579
HCA_fold2,gene,DISSECT,0.428829629572205
HCA_fold2,gene,DISSECT,0.668180213512591
HCA_fold2,gene,DISSECT,0.483803144918234
HCA_fold2,gene,DISSECT,0.300737770756203
HCA_fold2,gene,DISSECT,0.515989732420243
HCA_fold2,gene,DISSECT,0.558892418398612
HCA_fold2,gene,DISSECT,0.645466697917438
HCA_fold2,gene,DISSECT,0.595374213929053
HCA_fold2,gene,DISSECT,0.525434948104752
HCA_fold2,gene,DISSECT,0.348356381907606
HCA_fold2,gene,DISSECT,0.62838376688831
HCA_fold2,gene,DISSECT,0.436125483259234
HCA_fold2,gene,DISSECT,0.687830266703198
HCA_fold2,gene,DISSECT,0.391504880834899
HCA_fold2,gene,DISSECT,0.443625729182192
HCA_fold2,gene,DISSECT,0.486877303707005
HCA_fold2,gene,DISSECT,0.444297550026765
HCA_fold2,gene,DISSECT,0.710281110463268
HCA_fold2,gene,DISSECT,0.390288585385692
HCA_fold2,gene,DISSECT,0.62876224089566
HCA_fold2,gene,DISSECT,0.648620276555564
HCA_fold2,gene,DISSECT,0.393108218150536
HCA_fold2,gene,DISSECT,0.585633168507594
HCA_fold2,gene,DISSECT,0.286364667037756
HCA_fold2,gene,DISSECT,0.368619024782953
HCA_fold2,gene,DISSECT,0.680112695718155
HCA_fold2,gene,DISSECT,0.43316599577792
HCA_fold2,gene,DISSECT,0.0395349599576673
HCA_fold2,gene,DISSECT,0.670266697248905
HCA_fold2,gene,DISSECT,0.601017607046559
HCA_fold2,gene,DISSECT,0.619596694711362
HCA_fold2,gene,DISSECT,0.528688581652774
HCA_fold2,gene,DISSECT,0.301001936739076
HCA_fold2,gene,DISSECT,0.322462680458076
HCA_fold2,gene,DISSECT,0.461747854325487
HCA_fold2,gene,DISSECT,0.581231335366121
HCA_fold2,gene,DISSECT,0.706786607801327
HCA_fold2,gene,DISSECT,0.554761926417684
HCA_fold2,gene,DISSECT,0.59814995121899
HCA_fold2,gene,DISSECT,0.740720437993539
HCA_fold2,gene,DISSECT,0.688322346529673
HCA_fold2,gene,DISSECT,0.666991514001987
HCA_fold2,gene,DISSECT,0.277628610058114
HCA_fold2,gene,DISSECT,0.611922175428426
HCA_fold2,gene,DISSECT,0.569019887911631
HCA_fold2,gene,DISSECT,0.287569911868456
HCA_fold2,gene,DISSECT,0.604703962747773
HCA_fold2,gene,DISSECT,0.324033317075735
HCA_fold2,gene,DISSECT,0.337612875528417
HCA_fold2,gene,DISSECT,0.556148792651075
HCA_fold2,gene,DISSECT,0.55395933943051
HCA_fold2,gene,DISSECT,0.348522739693875
HCA_fold2,gene,DISSECT,0.41243189162298
HCA_fold2,gene,DISSECT,0.683641190434763
HCA_fold2,gene,DISSECT,0.538028332611171
HCA_fold2,gene,DISSECT,0.216892241433973
HCA_fold2,gene,DISSECT,0.566664495861767
HCA_fold2,gene,DISSECT,0.446853822051342
HCA_fold2,gene,DISSECT,0.542920997543121
HCA_fold2,gene,DISSECT,0.643406001453813
HCA_fold2,gene,DISSECT,0.454679709869825
HCA_fold2,gene,DISSECT,0.473928025586593
HCA_fold2,gene,DISSECT,0.431512354594328
HCA_fold2,gene,DISSECT,0.37134880161113
HCA_fold2,gene,DISSECT,0.696001050202067
HCA_fold2,gene,DISSECT,0.720123276788524
HCA_fold2,gene,DISSECT,0.492485159012776
HCA_fold2,gene,DISSECT,0.732667271726406
HCA_fold2,gene,DISSECT,0.564783920273423
HCA_fold2,gene,DISSECT,0.478282444194114
HCA_fold2,gene,DISSECT,0.563107998796373
HCA_fold2,gene,DISSECT,0.198456230658797
HCA_fold2,gene,DISSECT,0.0447536455662115
HCA_fold2,gene,DISSECT,0.555933409840347
HCA_fold2,gene,DISSECT,0.362914087548737
HCA_fold2,gene,DISSECT,0.123013829436988
HCA_fold2,gene,DISSECT,0.642462760850661
HCA_fold2,gene,DISSECT,0.481321574980574
HCA_fold2,gene,DISSECT,0.240956227662613
HCA_fold2,gene,DISSECT,0.529868238463555
HCA_fold2,gene,DISSECT,0.713219947608204
HCA_fold2,gene,DISSECT,0.561923741173289
HCA_fold2,gene,DISSECT,0.732574651541905
HCA_fold2,gene,DISSECT,0.190356514528183
HCA_fold2,gene,DISSECT,0.767076112386255
HCA_fold2,gene,DISSECT,0.198431678332862
HCA_fold2,gene,DISSECT,0.40664143985172
HCA_fold2,gene,DISSECT,0.226038787425521
HCA_fold2,gene,DISSECT,0.675724848032459
HCA_fold2,gene,DISSECT,0.490063373220852
HCA_fold2,gene,DISSECT,0.313064415283058
HCA_fold2,gene,DISSECT,0.356791475532489
HCA_fold2,gene,DISSECT,0.387929811637054
HCA_fold2,gene,DISSECT,0.616982057015669
HCA_fold2,gene,DISSECT,0.432541342139992
HCA_fold2,gene,DISSECT,0.769158935659387
HCA_fold2,gene,DISSECT,0.444118468641152
HCA_fold2,gene,DISSECT,0.659729101305478
HCA_fold2,gene,DISSECT,0.565720397567485
HCA_fold2,gene,DISSECT,0.630012654071843
HCA_fold2,gene,DISSECT,0.67405232906244
HCA_fold2,gene,DISSECT,0.491170096325371
HCA_fold2,gene,DISSECT,0.478700143163209
HCA_fold2,gene,DISSECT,0.271246837319551
HCA_fold2,gene,DISSECT,0.600613910948741
HCA_fold2,gene,DISSECT,0.721269174497162
HCA_fold2,gene,DISSECT,0.639640371385184
HCA_fold2,gene,DISSECT,0.793713205362054
HCA_fold2,gene,DISSECT,0.61936481335928
HCA_fold2,gene,DISSECT,0.397088803462636
HCA_fold2,gene,DISSECT,0.211026914607531
HCA_fold2,gene,DISSECT,0.741126800211059
HCA_fold2,gene,DISSECT,0.666360451961686
HCA_fold2,gene,DISSECT,0.546135215230177
HCA_fold2,gene,DISSECT,0.478094424065234
HCA_fold2,gene,DISSECT,0.245986496104014
HCA_fold2,gene,DISSECT,0.57617882810024
HCA_fold2,gene,DISSECT,0.342907772805343
HCA_fold2,gene,DISSECT,0.451018078068797
HCA_fold2,gene,DISSECT,0.513183563678068
HCA_fold2,gene,DISSECT,0.391354671419953
HCA_fold2,gene,DISSECT,0.711688147446696
HCA_fold2,gene,DISSECT,0.461025105901499
HCA_fold2,gene,DISSECT,0.624170927160998
HCA_fold2,gene,DISSECT,0.123898102664075
HCA_fold2,gene,DISSECT,0.341729914968775
HCA_fold2,gene,DISSECT,0.492155974240252
HCA_fold2,gene,DISSECT,0.751832648491835
HCA_fold2,gene,DISSECT,0.448651617194751
HCA_fold2,gene,DISSECT,0.447077561870609
HCA_fold2,gene,DISSECT,0.342668186787474
HCA_fold2,gene,DISSECT,0.653921312228023
HCA_fold2,gene,DISSECT,0.895566150583794
HCA_fold2,gene,DISSECT,0.618968648050607
HCA_fold2,gene,DISSECT,0.505188648620608
HCA_fold2,gene,DISSECT,0.779253270759512
HCA_fold2,gene,DISSECT,0.429533572972632
HCA_fold2,gene,DISSECT,0.567269113837758
HCA_fold2,gene,DISSECT,0.39360572430505
HCA_fold2,gene,DISSECT,0.629940865155927
HCA_fold2,gene,DISSECT,0.455560196244917
HCA_fold2,gene,DISSECT,0.564973227258025
HCA_fold2,gene,DISSECT,0.832823882627613
HCA_fold2,gene,DISSECT,0.308611713690782
HCA_fold2,gene,DISSECT,0.583906622415543
HCA_fold2,gene,DISSECT,0.591201021650479
HCA_fold2,gene,DISSECT,0.558834423252751
HCA_fold2,gene,DISSECT,0.597825213185872
HCA_fold2,gene,DISSECT,0.367695196077784
HCA_fold2,gene,DISSECT,0.571071881112254
HCA_fold2,gene,DISSECT,0.689284774090277
HCA_fold2,gene,DISSECT,0.514904887029523
HCA_fold2,gene,DISSECT,0.33249100704945
HCA_fold2,gene,DISSECT,0.55444315765157
HCA_fold2,gene,DISSECT,0.547763216682658
HCA_fold2,gene,DISSECT,0.499661787147631
HCA_fold2,gene,DISSECT,0.51274615604792
HCA_fold2,gene,DISSECT,0.685183354284261
HCA_fold2,gene,DISSECT,0.71184520322135
HCA_fold2,gene,DISSECT,0.656507281895245
HCA_fold2,gene,DISSECT,0.825321728005354
HCA_fold2,gene,DISSECT,0.333498219334994
HCA_fold2,gene,DISSECT,0.536431533295619
HCA_fold2,gene,DISSECT,0.344012201995786
HCA_fold2,gene,DISSECT,0.642970777682863
HCA_fold2,gene,DISSECT,0.323321639853531
HCA_fold2,gene,DISSECT,0.531921006098284
HCA_fold2,gene,DISSECT,0.466129948890385
HCA_fold2,gene,DISSECT,0.288567946041677
HCA_fold2,gene,DISSECT,0.445871455554961
HCA_fold2,gene,DISSECT,0.752374012869464
HCA_fold2,gene,DISSECT,0.667744099709617
HCA_fold2,gene,DISSECT,0.659275077014317
HCA_fold2,gene,DISSECT,0.637087873202341
HCA_fold2,gene,DISSECT,-0.0794392766570449
HCA_fold2,gene,DISSECT,0.56507730004286
HCA_fold2,gene,DISSECT,0.772414813416372
HCA_fold2,gene,DISSECT,0.353207615425018
HCA_fold2,gene,DISSECT,0.42122628807803
HCA_fold2,gene,DISSECT,0.539771116587366
HCA_fold2,gene,DISSECT,0.638181804972602
HCA_fold2,gene,DISSECT,0.562055744513606
HCA_fold2,gene,DISSECT,0.441799811596126
HCA_fold2,gene,DISSECT,0.475990342567125
HCA_fold2,gene,DISSECT,0.731857906422764
HCA_fold2,gene,DISSECT,0.547502826456188
HCA_fold2,gene,DISSECT,0.399520206016842
HCA_fold2,gene,DISSECT,0.473913543815512
HCA_fold2,gene,DISSECT,0.712392464925228
HCA_fold2,gene,DISSECT,0.666217460645411
HCA_fold2,gene,DISSECT,0.414566629270812
HCA_fold2,gene,DISSECT,0.444786014811139
HCA_fold2,gene,DISSECT,0.397421361983071
HCA_fold2,gene,DISSECT,0.551136008694271
HCA_fold2,gene,DISSECT,0.626866530022439
HCA_fold2,gene,DISSECT,0.645743835745133
HCA_fold2,gene,DISSECT,0.604836548168553
HCA_fold2,gene,DISSECT,0.452891905282158
HCA_fold2,gene,DISSECT,0.796006149008682
HCA_fold2,gene,DISSECT,0.403913593064095
HCA_fold2,gene,DISSECT,0.812465911397675
HCA_fold2,gene,DISSECT,0.447558373248255
HCA_fold2,gene,DISSECT,0.653252682337357
HCA_fold2,gene,DISSECT,0.62544228917768
HCA_fold2,gene,DISSECT,0.142602680210309
HCA_fold2,gene,DISSECT,0.809060961425228
HCA_fold2,gene,DISSECT,0.644346441119965
HCA_fold2,gene,DISSECT,0.291899968413602
HCA_fold2,gene,DISSECT,0.298444428117981
HCA_fold2,gene,DISSECT,0.0804836267750644
HCA_fold2,gene,DISSECT,0.178032457585337
HCA_fold2,gene,DISSECT,0.650531535345065
HCA_fold2,gene,DISSECT,0.280088137577609
HCA_fold2,gene,DISSECT,0.335857681154025
HCA_fold2,gene,DISSECT,0.285198002592783
HCA_fold2,gene,DISSECT,0.48406395558639
HCA_fold2,gene,DISSECT,0.590783899880492
HCA_fold2,gene,DISSECT,0.535284993963381
HCA_fold2,gene,DISSECT,0.633336927703813
HCA_fold2,gene,DISSECT,0.621360273250157
HCA_fold2,gene,DISSECT,0.309846202657853
HCA_fold2,gene,DISSECT,0.797497195102784
HCA_fold2,gene,DISSECT,0.568966535329176
HCA_fold2,gene,DISSECT,0.42439497305604
HCA_fold2,gene,DISSECT,0.435330286672984
HCA_fold2,gene,DISSECT,0.459697859838519
HCA_fold2,gene,DISSECT,0.607015046072599
HCA_fold2,gene,DISSECT,0.459270121815437
HCA_fold2,gene,DISSECT,0.605944000384318
HCA_fold2,gene,DISSECT,0.523395760749075
HCA_fold2,gene,DISSECT,0.572116529204997
HCA_fold2,gene,DISSECT,0.129750629643927
HCA_fold2,gene,DISSECT,0.6668457576646
HCA_fold2,gene,DISSECT,0.0036505974967812
HCA_fold2,gene,DISSECT,0.0796184935999613
HCA_fold2,gene,DISSECT,0.609159538116958
HCA_fold2,gene,DISSECT,0.379060580023513
HCA_fold2,gene,DISSECT,0.603678497791155
HCA_fold2,gene,DISSECT,0.668921288264569
HCA_fold2,gene,DISSECT,0.31785015986502
HCA_fold2,gene,DISSECT,-0.0059239672045073
HCA_fold2,gene,DISSECT,0.415807841175129
HCA_fold2,gene,DISSECT,0.646641148165819
HCA_fold2,gene,DISSECT,0.428497439547406
HCA_fold2,gene,DISSECT,0.617975828980178
HCA_fold2,gene,DISSECT,0.485559523565762
HCA_fold2,gene,DISSECT,0.49032936684725
HCA_fold2,gene,DISSECT,0.611633241895622
HCA_fold2,gene,DISSECT,0.469027665624957
HCA_fold2,gene,DISSECT,0.641153201272945
HCA_fold2,gene,DISSECT,0.703131791496915
HCA_fold2,gene,DISSECT,0.750932184611508
HCA_fold2,gene,DISSECT,0.446275088744934
HCA_fold2,gene,DISSECT,0.448715365513719
HCA_fold2,gene,DISSECT,0.668721171515659
HCA_fold2,gene,DISSECT,0.473217478658594
HCA_fold2,gene,DISSECT,0.530484101886925
HCA_fold2,gene,DISSECT,0.623559971145208
HCA_fold2,gene,DISSECT,0.605173134853716
HCA_fold2,gene,DISSECT,0.205764331264189
HCA_fold2,gene,DISSECT,0.378018062487868
HCA_fold2,gene,DISSECT,0.672260732718842
HCA_fold2,gene,DISSECT,0.244967755094644
HCA_fold2,gene,DISSECT,0.610948286156001
HCA_fold2,gene,DISSECT,0.813004673967471
HCA_fold2,gene,DISSECT,0.297972186149277
HCA_fold2,gene,DISSECT,0.559674717663756
HCA_fold2,gene,DISSECT,0.491335724755417
HCA_fold2,gene,DISSECT,0.485739920182884
HCA_fold2,gene,DISSECT,0.583587220444332
HCA_fold2,gene,DISSECT,0.591549993281122
HCA_fold2,gene,DISSECT,0.413565332123247
HCA_fold2,gene,DISSECT,0.557852182399391
HCA_fold2,gene,DISSECT,0.326592379459175
HCA_fold2,gene,DISSECT,0.588547835305512
HCA_fold2,gene,DISSECT,0.337372029683626
HCA_fold2,gene,DISSECT,0.705588525465171
HCA_fold2,gene,DISSECT,0.772584829684744
HCA_fold2,gene,DISSECT,0.1181849638527
HCA_fold2,gene,DISSECT,0.623495497332619
HCA_fold2,gene,DISSECT,0.405439662772494
HCA_fold2,gene,DISSECT,0.420441344876632
HCA_fold2,gene,DISSECT,0.605364657253939
HCA_fold2,gene,DISSECT,0.317346443684307
HCA_fold2,gene,DISSECT,0.560075381036395
HCA_fold2,gene,DISSECT,0.62417235515787
HCA_fold2,gene,DISSECT,0.526662494945421
HCA_fold2,gene,DISSECT,0.250119833819103
HCA_fold2,gene,DISSECT,0.419784241249283
HCA_fold2,gene,DISSECT,0.59247091982177
HCA_fold2,gene,DISSECT,0.583210142822066
HCA_fold2,gene,DISSECT,0.477493039781289
HCA_fold2,gene,DISSECT,0.646069538894499
HCA_fold2,gene,DISSECT,0.5088935556155
HCA_fold2,gene,DISSECT,0.481865539174693
HCA_fold2,gene,DISSECT,0.575004088649022
HCA_fold2,gene,DISSECT,0.680574735647201
HCA_fold2,gene,DISSECT,0.186473951005979
HCA_fold2,gene,DISSECT,0.278716596284977
HCA_fold2,gene,DISSECT,0.465664161685771
HCA_fold2,gene,DISSECT,0.441118993085267
HCA_fold2,gene,DISSECT,0.63476690833586
HCA_fold2,gene,DISSECT,0.597599471677356
HCA_fold2,gene,DISSECT,0.64502028151467
HCA_fold2,gene,DISSECT,0.613793647197079
HCA_fold2,gene,DISSECT,0.490200485233219
HCA_fold2,gene,DISSECT,0.0539851315281314
HCA_fold2,gene,DISSECT,0.79935919979251
HCA_fold2,gene,DISSECT,0.625380058040459
HCA_fold2,gene,DISSECT,0.492022216225971
HCA_fold2,gene,DISSECT,0.623869036254743
HCA_fold2,gene,DISSECT,0.601164257096879
HCA_fold2,gene,DISSECT,0.392559741596157
HCA_fold2,gene,DISSECT,0.726719443938719
HCA_fold2,gene,DISSECT,0.47156045139163
HCA_fold2,gene,DISSECT,0.624394448528695
HCA_fold2,gene,DISSECT,0.327492167802105
HCA_fold2,gene,DISSECT,0.801014558272543
HCA_fold2,gene,DISSECT,0.651336591434462
HCA_fold2,gene,DISSECT,0.356746566235641
HCA_fold2,gene,DISSECT,0.858209591616025
HCA_fold2,gene,DISSECT,0.633470349865193
HCA_fold2,gene,DISSECT,0.328243221134961
HCA_fold2,gene,DISSECT,0.197809103956736
HCA_fold2,gene,DISSECT,0.428789267502556
HCA_fold2,gene,DISSECT,0.479425338123175
HCA_fold2,gene,DISSECT,0.244312414955333
HCA_fold2,gene,DISSECT,0.588066186613403
HCA_fold2,gene,DISSECT,0.529148797187693
HCA_fold2,gene,DISSECT,0.665267463657293
HCA_fold2,gene,DISSECT,0.632895087018637
HCA_fold2,gene,DISSECT,0.299843446521566
HCA_fold2,gene,DISSECT,0.578238576162657
HCA_fold2,gene,DISSECT,0.622619756657986
HCA_fold2,gene,DISSECT,0.51274124480295
HCA_fold2,gene,DISSECT,0.346004477206374
HCA_fold2,gene,DISSECT,0.728088944960822
HCA_fold2,gene,DISSECT,0.286062539394274
HCA_fold2,gene,DISSECT,0.413664375944026
HCA_fold2,gene,DISSECT,0.600099046183752
HCA_fold2,gene,DISSECT,0.623870184952351
HCA_fold2,gene,DISSECT,0.65464948595647
HCA_fold2,gene,DISSECT,0.490471532335657
HCA_fold2,gene,DISSECT,0.234281573856646
HCA_fold2,gene,DISSECT,0.839000847583315
HCA_fold2,gene,DISSECT,0.475932896825432
HCA_fold2,gene,DISSECT,0.281141261648095
HCA_fold2,gene,DISSECT,0.713644859074066
HCA_fold2,gene,DISSECT,0.614951798152175
HCA_fold2,gene,DISSECT,0.444135934914683
HCA_fold2,gene,DISSECT,0.179474290604723
HCA_fold2,gene,DISSECT,0.371323319942624
HCA_fold2,gene,DISSECT,0.211454751648607
HCA_fold2,gene,DISSECT,0.371448200671914
HCA_fold2,gene,DISSECT,0.468722544337772
HCA_fold2,gene,DISSECT,0.585025406248663
HCA_fold2,gene,DISSECT,0.576420179673676
HCA_fold2,gene,DISSECT,0.602377014416379
HCA_fold2,gene,DISSECT,0.607140951629776
HCA_fold2,gene,DISSECT,0.43190566529655
HCA_fold2,gene,DISSECT,0.674786466460935
HCA_fold2,gene,DISSECT,0.743087057103478
HCA_fold2,gene,DISSECT,0.570263558593913
HCA_fold2,gene,DISSECT,0.577777999519715
HCA_fold2,gene,DISSECT,0.469538856804911
HCA_fold2,gene,DISSECT,0.661403058034128
HCA_fold2,gene,DISSECT,0.135998119148674
HCA_fold2,gene,DISSECT,0.522780550469142
HCA_fold2,gene,DISSECT,0.506050178381961
HCA_fold2,gene,DISSECT,0.448579275001842
HCA_fold2,gene,DISSECT,0.39870403629402
HCA_fold2,gene,DISSECT,0.614581002282752
HCA_fold2,gene,DISSECT,0.73983977357284
HCA_fold2,gene,DISSECT,0.439221157071157
HCA_fold2,gene,DISSECT,0.575912348645394
HCA_fold2,gene,DISSECT,0.275501704880675
HCA_fold2,gene,DISSECT,0.521032914499024
HCA_fold2,gene,DISSECT,0.443734510968124
HCA_fold2,gene,DISSECT,0.68261559561045
HCA_fold2,gene,DISSECT,0.732340410783865
HCA_fold2,gene,DISSECT,0.648008365339636
HCA_fold2,gene,DISSECT,0.531329792389149
HCA_fold2,gene,DISSECT,0.347717700122483
HCA_fold2,gene,DISSECT,0.658479231909499
HCA_fold2,gene,DISSECT,0.690699506861915
HCA_fold2,gene,DISSECT,0.449485359402986
HCA_fold2,gene,DISSECT,0.572349796715372
HCA_fold2,gene,DISSECT,0.541120184196259
HCA_fold2,gene,DISSECT,0.418204679923737
HCA_fold2,gene,DISSECT,0.518553581580214
HCA_fold2,gene,DISSECT,0.564859178146308
HCA_fold2,gene,DISSECT,0.275498782345272
HCA_fold2,gene,DISSECT,0.403369207667184
HCA_fold2,gene,DISSECT,0.326821948843274
HCA_fold2,gene,DISSECT,0.711824439321279
HCA_fold2,gene,DISSECT,0.604157451415325
HCA_fold2,gene,DISSECT,0.529931842974298
HCA_fold2,gene,DISSECT,0.641249778443821
HCA_fold2,gene,DISSECT,0.750535519081382
HCA_fold2,gene,DISSECT,0.589884135763268
HCA_fold2,gene,DISSECT,0.475419983308277
HCA_fold2,gene,DISSECT,0.72570890724447
HCA_fold2,gene,DISSECT,0.221771434121542
HCA_fold2,gene,DISSECT,0.520622012370057
HCA_fold2,gene,DISSECT,0.715522690452757
HCA_fold2,gene,DISSECT,0.249698185877583
HCA_fold2,gene,DISSECT,0.444321835667932
HCA_fold2,gene,DISSECT,0.195467944788181
HCA_fold2,gene,DISSECT,0.574507972353877
HCA_fold2,gene,DISSECT,0.0696107226257343
HCA_fold2,gene,DISSECT,0.431357058467489
HCA_fold2,gene,DISSECT,0.671201437567087
HCA_fold2,gene,DISSECT,0.33261992450452
HCA_fold2,gene,DISSECT,0.427057849027277
HCA_fold2,gene,DISSECT,0.408376360482902
HCA_fold2,gene,DISSECT,0.546166414395751
HCA_fold2,gene,DISSECT,0.396591441497953
HCA_fold2,gene,DISSECT,0.502454050728417
HCA_fold2,gene,DISSECT,0.777455412726878
HCA_fold2,gene,DISSECT,0.167497977892356
HCA_fold2,gene,DISSECT,0.576582167970198
HCA_fold2,gene,DISSECT,0.727951340153181
HCA_fold2,gene,DISSECT,0.5759336202848
HCA_fold2,gene,DISSECT,0.119674891189419
HCA_fold2,gene,DISSECT,0.521168038368832
HCA_fold2,gene,DISSECT,0.495049749777778
HCA_fold2,gene,DISSECT,0.52626575763906
HCA_fold2,gene,DISSECT,0.391544649527437
HCA_fold2,gene,DISSECT,0.441381946532595
HCA_fold2,gene,DISSECT,0.448640503544327
HCA_fold2,gene,DISSECT,0.423764564417583
HCA_fold2,gene,DISSECT,0.384405969742151
HCA_fold2,gene,DISSECT,0.747721600568623
HCA_fold2,gene,DISSECT,0.439061265521368
HCA_fold2,gene,DISSECT,0.547497815538774
HCA_fold2,gene,DISSECT,0.497189408845727
HCA_fold2,gene,DISSECT,0.281384568736061
HCA_fold2,gene,DISSECT,0.589341294109591
HCA_fold2,gene,DISSECT,0.238523697465493
HCA_fold2,gene,DISSECT,0.529038188154384
HCA_fold2,gene,DISSECT,0.408058838561156
HCA_fold2,gene,DISSECT,0.515929830633633
HCA_fold2,gene,DISSECT,0.495605775084764
HCA_fold2,gene,DISSECT,0.632249549782156
HCA_fold2,gene,DISSECT,0.36953519629698
HCA_fold2,gene,DISSECT,0.503817366071427
HCA_fold2,gene,DISSECT,0.66698713550467
HCA_fold2,gene,DISSECT,0.761496817536631
HCA_fold2,gene,DISSECT,0.608111613596287
HCA_fold2,gene,DISSECT,0.509204908043359
HCA_fold2,gene,DISSECT,0.716251298420175
HCA_fold2,gene,DISSECT,0.633359883161641
HCA_fold2,gene,DISSECT,0.213286447670038
HCA_fold2,gene,DISSECT,0.223854913725072
HCA_fold2,gene,DISSECT,0.779270834259472
HCA_fold2,gene,DISSECT,0.408708280764841
HCA_fold2,gene,DISSECT,0.757138766203713
HCA_fold2,gene,DISSECT,0.475861298088588
HCA_fold2,gene,DISSECT,0.426203923453353
HCA_fold2,gene,DISSECT,-0.00660041889610704
HCA_fold2,gene,DISSECT,0.730092094209135
HCA_fold2,gene,DISSECT,0.686613649558164
HCA_fold2,gene,DISSECT,0.577905235368533
HCA_fold2,gene,DISSECT,0.524937697321364
HCA_fold2,gene,DISSECT,0.389133208084232
HCA_fold2,gene,DISSECT,0.657385450875572
HCA_fold2,gene,DISSECT,0.649354163745615
HCA_fold2,gene,DISSECT,0.7430483492319
HCA_fold2,gene,DISSECT,0.811462968259315
HCA_fold2,gene,DISSECT,0.629589536026538
HCA_fold2,gene,DISSECT,0.758789060896334
HCA_fold2,gene,DISSECT,0.785557948646712
HCA_fold2,gene,DISSECT,0.615768426399588
HCA_fold2,gene,DISSECT,0.262232855310804
HCA_fold2,gene,DISSECT,0.619287734976854
HCA_fold2,gene,DISSECT,0.534327361205943
HCA_fold2,gene,DISSECT,0.313202516163882
HCA_fold2,gene,DISSECT,0.69398944320471
HCA_fold2,gene,DISSECT,0.550437557117467
HCA_fold2,gene,DISSECT,0.641090070764836
HCA_fold2,gene,DISSECT,0.453777377975853
HCA_fold2,gene,DISSECT,0.438644968782396
HCA_fold2,gene,DISSECT,0.407508640215608
HCA_fold2,gene,DISSECT,0.723790369766547
HCA_fold2,gene,DISSECT,0.535992507134069
HCA_fold2,gene,DISSECT,0.772335647106567
HCA_fold2,gene,DISSECT,0.450334756244892
HCA_fold2,gene,DISSECT,0.614088284712474
HCA_fold2,gene,DISSECT,0.396349139029548
HCA_fold2,gene,DISSECT,0.425740108970861
HCA_fold2,gene,DISSECT,0.379300993983948
HCA_fold2,gene,DISSECT,0.438936465162548
HCA_fold2,gene,DISSECT,0.528066807391539
HCA_fold2,gene,DISSECT,0.382999839362063
HCA_fold2,gene,DISSECT,0.270828037966977
HCA_fold2,gene,DISSECT,0.616003439283106
HCA_fold2,gene,DISSECT,0.656700935749323
HCA_fold2,gene,DISSECT,0.559300597549574
HCA_fold2,gene,DISSECT,0.638437585385136
HCA_fold2,gene,DISSECT,0.761692047766077
HCA_fold2,gene,DISSECT,0.486869301301625
HCA_fold2,gene,DISSECT,0.645328803330487
HCA_fold2,gene,DISSECT,0.259943620044587
HCA_fold2,gene,DISSECT,0.469948771092949
HCA_fold2,gene,DISSECT,0.601672753271093
HCA_fold2,gene,DISSECT,0.442381200486513
HCA_fold2,gene,DISSECT,0.403135370383417
HCA_fold2,gene,DISSECT,0.392578674713063
HCA_fold2,gene,DISSECT,0.305571713266784
HCA_fold2,gene,DISSECT,0.249309037958543
HCA_fold2,gene,DISSECT,0.172601728212976
HCA_fold2,gene,DISSECT,0.582010661452355
HCA_fold2,gene,DISSECT,0.150647938970485
HCA_fold2,gene,DISSECT,0.497172539792492
HCA_fold2,gene,DISSECT,0.488584936130673
HCA_fold2,gene,DISSECT,0.452210719403255
HCA_fold2,gene,DISSECT,0.296019356375526
HCA_fold2,gene,DISSECT,0.599911122009781
HCA_fold2,gene,DISSECT,0.521893516622164
HCA_fold2,gene,DISSECT,0.568208689494105
HCA_fold2,gene,DISSECT,0.51533720310679
HCA_fold2,gene,DISSECT,0.351753194569967
HCA_fold2,gene,DISSECT,0.657592588152998
HCA_fold2,gene,DISSECT,0.422220254447116
HCA_fold2,gene,DISSECT,0.61338479426471
HCA_fold2,gene,DISSECT,0.685219174846288
HCA_fold2,gene,DISSECT,0.533491164504667
HCA_fold2,gene,DISSECT,0.5238580722243
HCA_fold2,gene,DISSECT,0.324509689597667
HCA_fold2,gene,DISSECT,0.514445707542223
HCA_fold2,gene,DISSECT,0.549651244367907
HCA_fold2,gene,DISSECT,0.576498277796552
HCA_fold2,gene,DISSECT,0.75664891880644
HCA_fold2,gene,DISSECT,0.671700301318025
HCA_fold2,gene,DISSECT,0.374617133571867
HCA_fold2,gene,DISSECT,0.645229913220177
HCA_fold2,gene,DISSECT,0.0187918642312697
HCA_fold2,gene,DISSECT,0.0719388874278192
HCA_fold2,gene,DISSECT,0.381632103942086
HCA_fold2,gene,DISSECT,0.646198065615427
HCA_fold2,gene,DISSECT,0.422342004022633
HCA_fold2,gene,DISSECT,0.630116914459112
HCA_fold2,gene,DISSECT,0.584092589658716
HCA_fold2,gene,DISSECT,0.490031817858958
HCA_fold2,gene,DISSECT,0.613970136240861
HCA_fold2,gene,DISSECT,0.475975023464907
HCA_fold2,gene,DISSECT,0.329845584426936
HCA_fold2,gene,DISSECT,0.388542028391841
HCA_fold2,gene,DISSECT,0.423734405776326
HCA_fold2,gene,DISSECT,0.545622482172056
HCA_fold2,gene,DISSECT,0.338482126702364
HCA_fold2,gene,DISSECT,0.486353701046105
HCA_fold2,gene,DISSECT,0.573908930180767
HCA_fold2,gene,DISSECT,0.328231248299683
HCA_fold2,gene,DISSECT,0.168552202236342
HCA_fold2,gene,DISSECT,0.162435839745104
HCA_fold2,gene,DISSECT,0.447744375931737
HCA_fold2,gene,DISSECT,0.300771576723264
HCA_fold2,gene,DISSECT,0.352435662599754
HCA_fold2,gene,DISSECT,0.293951220891684
HCA_fold2,gene,DISSECT,0.434312094590427
HCA_fold2,gene,DISSECT,0.45367321560245
HCA_fold2,gene,DISSECT,0.0820354171525286
HCA_fold2,gene,DISSECT,0.64503535970551
HCA_fold2,gene,DISSECT,0.574879455119634
HCA_fold2,gene,DISSECT,0.318632738444663
HCA_fold2,gene,DISSECT,0.554663174745951
HCA_fold2,gene,DISSECT,0.691123763584467
HCA_fold2,gene,DISSECT,0.574121733818592
HCA_fold2,gene,DISSECT,0.583469205368149
HCA_fold2,gene,DISSECT,0.551196155824498
HCA_fold2,gene,DISSECT,0.553130047128172
HCA_fold2,gene,DISSECT,0.511406349676054
HCA_fold2,gene,DISSECT,0.41558421837137
HCA_fold2,gene,DISSECT,0.325311745216763
HCA_fold2,gene,DISSECT,0.203687335757465
HCA_fold2,gene,DISSECT,0.465374588295865
HCA_fold2,gene,DISSECT,0.381025688041765
HCA_fold2,gene,DISSECT,0.366873674128124
HCA_fold2,gene,DISSECT,0.390843729259854
HCA_fold2,gene,DISSECT,-0.00567995254886462
HCA_fold2,gene,DISSECT,0.601988044451516
HCA_fold2,gene,DISSECT,0.578033123468394
HCA_fold2,gene,DISSECT,0.400489204569441
HCA_fold2,gene,DISSECT,0.128960675951801
HCA_fold2,gene,DISSECT,0.588328323994579
HCA_fold2,gene,DISSECT,0.477932989959166
HCA_fold2,gene,DISSECT,0.719444751435138
HCA_fold2,gene,DISSECT,0.299522707004443
HCA_fold2,gene,DISSECT,0.471649090099311
HCA_fold2,gene,DISSECT,0.492370730895942
HCA_fold2,gene,DISSECT,0.621578681566701
HCA_fold2,gene,DISSECT,0.546813048269336
HCA_fold2,gene,DISSECT,0.606638431314241
HCA_fold2,gene,DISSECT,0.473572066262474
HCA_fold2,gene,DISSECT,0.462916607976064
HCA_fold2,gene,DISSECT,0.645195038818961
HCA_fold2,gene,DISSECT,0.455235959663643
HCA_fold2,gene,DISSECT,0.593407081490921
HCA_fold2,gene,DISSECT,0.347698638357465
HCA_fold2,gene,DISSECT,0.408682825245175
HCA_fold2,gene,DISSECT,0.682271059890797
HCA_fold2,gene,DISSECT,0.606420343762235
HCA_fold2,gene,DISSECT,0.483706982400814
HCA_fold2,gene,DISSECT,0.646241748150466
HCA_fold2,gene,DISSECT,0.54985697971823
HCA_fold2,gene,DISSECT,0.524733641529376
HCA_fold2,gene,DISSECT,0.690196244707759
HCA_fold2,gene,DISSECT,0.189403542940335
HCA_fold2,gene,DISSECT,0.645503097580015
HCA_fold2,gene,DISSECT,0.48736342003406
HCA_fold2,gene,DISSECT,0.565205533074042
HCA_fold2,gene,DISSECT,0.436729769364693
HCA_fold2,gene,DISSECT,0.627323254996319
HCA_fold2,gene,DISSECT,0.600690515371292
HCA_fold2,gene,DISSECT,0.374952478065267
HCA_fold2,gene,DISSECT,0.319495493381622
HCA_fold2,gene,DISSECT,0.435320640759105
HCA_fold2,gene,DISSECT,0.408410592525452
HCA_fold2,gene,DISSECT,0.307959726341841
HCA_fold2,gene,DISSECT,0.266441569885723
HCA_fold2,gene,DISSECT,0.118366626687537
HCA_fold2,gene,DISSECT,0.41011300485333
HCA_fold2,gene,DISSECT,0.669935030493744
HCA_fold2,gene,DISSECT,0.410631989445235
HCA_fold2,gene,DISSECT,0.618918986757967
HCA_fold2,gene,DISSECT,0.236679883802676
HCA_fold2,gene,DISSECT,0.451792541285867
HCA_fold2,gene,DISSECT,0.59849820860519
HCA_fold2,gene,DISSECT,0.43615533900216
HCA_fold2,gene,DISSECT,0.200544838559425
HCA_fold2,gene,DISSECT,0.466426178637915
HCA_fold2,gene,DISSECT,0.683176088533286
HCA_fold2,gene,DISSECT,0.330117801256702
HCA_fold2,gene,DISSECT,0.540689899171439
HCA_fold2,gene,DISSECT,0.297618548057462
HCA_fold2,gene,DISSECT,0.443214418156464
HCA_fold2,gene,DISSECT,0.00154650111588681
HCA_fold2,gene,DISSECT,0.606071691890259
HCA_fold2,gene,DISSECT,0.610821600419325
HCA_fold2,gene,DISSECT,0.287001131069312
HCA_fold2,gene,DISSECT,0.61907147777589
HCA_fold2,gene,DISSECT,0.39302390450038
HCA_fold2,gene,DISSECT,0.404749456995284
HCA_fold2,gene,DISSECT,0.627906450335498
HCA_fold2,gene,DISSECT,0.43629919213034
HCA_fold2,gene,DISSECT,-0.00330127061786659
HCA_fold2,gene,DISSECT,0.199928603416652
HCA_fold2,gene,DISSECT,0.450051000348742
HCA_fold2,gene,DISSECT,0.471968250984878
HCA_fold2,gene,DISSECT,0.307798524548185
HCA_fold2,gene,DISSECT,0.351634931055559
HCA_fold2,gene,DISSECT,0.453170428006018
HCA_fold2,gene,DISSECT,0.56026622884868
HCA_fold2,gene,DISSECT,0.473486777594309
HCA_fold2,gene,DISSECT,0.459654170585568
HCA_fold2,gene,DISSECT,0.00847421960770659
HCA_fold2,gene,DISSECT,0.617030262617511
HCA_fold2,gene,DISSECT,0.363301504898602
HCA_fold2,gene,DISSECT,0.62789950292654
HCA_fold2,gene,DISSECT,0.396521083108196
HCA_fold2,gene,DISSECT,0.445102759217349
HCA_fold2,gene,DISSECT,0.666357271261316
HCA_fold2,gene,DISSECT,0.645781499897416
HCA_fold2,gene,DISSECT,0.622605861602653
HCA_fold2,gene,DISSECT,0.49299851346147
HCA_fold2,gene,DISSECT,0.589056824074944
HCA_fold2,gene,DISSECT,0.077910854346066
HCA_fold2,gene,DISSECT,0.622267789805367
HCA_fold2,gene,DISSECT,0.668391392912675
HCA_fold2,gene,DISSECT,0.231382284676208
HCA_fold2,gene,DISSECT,0.464935082003358
HCA_fold2,gene,DISSECT,0.413662330684142
HCA_fold2,gene,DISSECT,0.542891700635062
HCA_fold2,gene,DISSECT,0.353297713915135
HCA_fold2,gene,DISSECT,0.729659889585579
HCA_fold2,gene,DISSECT,0.426220242979869
HCA_fold2,gene,DISSECT,0.34147965663959
HCA_fold2,gene,DISSECT,0.596365060565986
HCA_fold2,gene,DISSECT,0.614166954567383
HCA_fold2,gene,DISSECT,0.463529403594
HCA_fold2,gene,DISSECT,0.0137944984600584
HCA_fold2,gene,DISSECT,0.266887840139453
HCA_fold2,gene,DISSECT,0.0416635093399792
HCA_fold2,gene,DISSECT,0.553129933155289
HCA_fold2,gene,DISSECT,0.221104942703512
HCA_fold2,gene,DISSECT,0.459691114756226
HCA_fold2,gene,DISSECT,0.49672678915515
HCA_fold2,gene,DISSECT,0.459189802361984
HCA_fold2,gene,DISSECT,0.400115295217219
HCA_fold2,gene,DISSECT,0.412026013528407
HCA_fold2,gene,DISSECT,0.412333617790314
HCA_fold2,gene,DISSECT,0.214930629271993
HCA_fold2,gene,DISSECT,0.654825251408082
HCA_fold2,gene,DISSECT,0.375381446662295
HCA_fold2,gene,DISSECT,0.497232369028033
HCA_fold2,gene,DISSECT,0.308590429733417
HCA_fold2,gene,DISSECT,0.523767474710322
HCA_fold2,gene,DISSECT,0.526375969202658
HCA_fold2,gene,DISSECT,0.59826322811204
HCA_fold2,gene,DISSECT,0.532508072260362
HCA_fold2,gene,DISSECT,0.107893338908614
HCA_fold2,gene,TAPE,0.427873635534415
HCA_fold2,gene,TAPE,0.435493936323673
HCA_fold2,gene,TAPE,0.132606052667841
HCA_fold2,gene,TAPE,0.135639879372436
HCA_fold2,gene,TAPE,0.173666533856102
HCA_fold2,gene,TAPE,0.356976111925114
HCA_fold2,gene,TAPE,0.300318091058378
HCA_fold2,gene,TAPE,0.244113024220687
HCA_fold2,gene,TAPE,0.531844446395413
HCA_fold2,gene,TAPE,0.104076660116504
HCA_fold2,gene,TAPE,0.0971439727682474
HCA_fold2,gene,TAPE,0.274007812142913
HCA_fold2,gene,TAPE,0.250633364555105
HCA_fold2,gene,TAPE,0.569324288900297
HCA_fold2,gene,TAPE,0.33352735377565
HCA_fold2,gene,TAPE,0.108465735705552
HCA_fold2,gene,TAPE,0.119083102131359
HCA_fold2,gene,TAPE,0.388901603460195
HCA_fold2,gene,TAPE,0.457045786518422
HCA_fold2,gene,TAPE,0.200752803688648
HCA_fold2,gene,TAPE,0.428769179960053
HCA_fold2,gene,TAPE,0.0812946974068235
HCA_fold2,gene,TAPE,0.19915162305116
HCA_fold2,gene,TAPE,0.393929186593422
HCA_fold2,gene,TAPE,0.308600267605623
HCA_fold2,gene,TAPE,0.222615360869498
HCA_fold2,gene,TAPE,0.60730191236562
HCA_fold2,gene,TAPE,-0.203482737079414
HCA_fold2,gene,TAPE,0.0440263010877202
HCA_fold2,gene,TAPE,0.275627491492967
HCA_fold2,gene,TAPE,0.424127190029697
HCA_fold2,gene,TAPE,0.244185058759672
HCA_fold2,gene,TAPE,0.183220544140049
HCA_fold2,gene,TAPE,0.128793349193068
HCA_fold2,gene,TAPE,0.358643788588396
HCA_fold2,gene,TAPE,-0.063009394959096
HCA_fold2,gene,TAPE,0.357248758030508
HCA_fold2,gene,TAPE,0.641813127824573
HCA_fold2,gene,TAPE,0.11006133575449
HCA_fold2,gene,TAPE,0.428816861611515
HCA_fold2,gene,TAPE,0.442540129143259
HCA_fold2,gene,TAPE,0.642878494633705
HCA_fold2,gene,TAPE,0.570127550855865
HCA_fold2,gene,TAPE,-0.0236503916270144
HCA_fold2,gene,TAPE,0.16330939525477
HCA_fold2,gene,TAPE,0.0725705852189485
HCA_fold2,gene,TAPE,0.159376906794057
HCA_fold2,gene,TAPE,0.289909120784728
HCA_fold2,gene,TAPE,0.668193634190816
HCA_fold2,gene,TAPE,0.213927071776546
HCA_fold2,gene,TAPE,0.0353330091583993
HCA_fold2,gene,TAPE,0.459635810109288
HCA_fold2,gene,TAPE,0.122995949941788
HCA_fold2,gene,TAPE,0.211009487752385
HCA_fold2,gene,TAPE,0.358042011267329
HCA_fold2,gene,TAPE,0.150949493814908
HCA_fold2,gene,TAPE,0.247046855939836
HCA_fold2,gene,TAPE,0.105439127231728
HCA_fold2,gene,TAPE,0.111904101339148
HCA_fold2,gene,TAPE,0.0816322333679577
HCA_fold2,gene,TAPE,0.386920522441665
HCA_fold2,gene,TAPE,0.117660541205874
HCA_fold2,gene,TAPE,0.29986815812503
HCA_fold2,gene,TAPE,0.47125086446139
HCA_fold2,gene,TAPE,0.269995822041739
HCA_fold2,gene,TAPE,0.0217942048203259
HCA_fold2,gene,TAPE,0.0225406172493253
HCA_fold2,gene,TAPE,0.395136366672529
HCA_fold2,gene,TAPE,0.511905955074482
HCA_fold2,gene,TAPE,0.275108802495494
HCA_fold2,gene,TAPE,0.484889105690287
HCA_fold2,gene,TAPE,0.462840755110677
HCA_fold2,gene,TAPE,0.376437906761866
HCA_fold2,gene,TAPE,0.0892357501711963
HCA_fold2,gene,TAPE,0.29259186286248
HCA_fold2,gene,TAPE,0.229842764595426
HCA_fold2,gene,TAPE,0.650554266664418
HCA_fold2,gene,TAPE,0.447610829245028
HCA_fold2,gene,TAPE,0.619238091655331
HCA_fold2,gene,TAPE,0.133164640101855
HCA_fold2,gene,TAPE,0.146417220299763
HCA_fold2,gene,TAPE,0.301442046385675
HCA_fold2,gene,TAPE,0.282909667694381
HCA_fold2,gene,TAPE,0.470337089008219
HCA_fold2,gene,TAPE,0.299918032904291
HCA_fold2,gene,TAPE,0.215913208026819
HCA_fold2,gene,TAPE,0.327971064767188
HCA_fold2,gene,TAPE,-0.0788777224392701
HCA_fold2,gene,TAPE,0.559421122667592
HCA_fold2,gene,TAPE,0.228618517967881
HCA_fold2,gene,TAPE,0.429475219871367
HCA_fold2,gene,TAPE,0.153192829785346
HCA_fold2,gene,TAPE,0.0655661490302034
HCA_fold2,gene,TAPE,0.293935204017058
HCA_fold2,gene,TAPE,0.00830133725380227
HCA_fold2,gene,TAPE,0.365929030431775
HCA_fold2,gene,TAPE,-0.0554393115984599
HCA_fold2,gene,TAPE,-0.00739969890644544
HCA_fold2,gene,TAPE,0.191644639281189
HCA_fold2,gene,TAPE,0.0148227634424227
HCA_fold2,gene,TAPE,0.568931602789248
HCA_fold2,gene,TAPE,0.279490220993961
HCA_fold2,gene,TAPE,0.0970558884091282
HCA_fold2,gene,TAPE,0.600480760063912
HCA_fold2,gene,TAPE,0.611344056741224
HCA_fold2,gene,TAPE,0.644688891844865
HCA_fold2,gene,TAPE,0.1161495125412
HCA_fold2,gene,TAPE,0.242645388039055
HCA_fold2,gene,TAPE,0.547854175568636
HCA_fold2,gene,TAPE,0.210531551804592
HCA_fold2,gene,TAPE,0.00851428666977178
HCA_fold2,gene,TAPE,0.263048317588811
HCA_fold2,gene,TAPE,0.555320730332547
HCA_fold2,gene,TAPE,0.573331041539769
HCA_fold2,gene,TAPE,-0.047568472885334
HCA_fold2,gene,TAPE,0.160640301948673
HCA_fold2,gene,TAPE,0.222797835988797
HCA_fold2,gene,TAPE,-0.0703015753866905
HCA_fold2,gene,TAPE,0.283933908059232
HCA_fold2,gene,TAPE,0.407405077267169
HCA_fold2,gene,TAPE,0.563734280207906
HCA_fold2,gene,TAPE,0.163401006053543
HCA_fold2,gene,TAPE,0.339052900801861
HCA_fold2,gene,TAPE,0.135659595530799
HCA_fold2,gene,TAPE,0.556733148187799
HCA_fold2,gene,TAPE,0.333792904543901
HCA_fold2,gene,TAPE,0.271604408999087
HCA_fold2,gene,TAPE,0.635877070437059
HCA_fold2,gene,TAPE,0.166020070492509
HCA_fold2,gene,TAPE,0.260755381693264
HCA_fold2,gene,TAPE,0.261660799591164
HCA_fold2,gene,TAPE,0.536506635651168
HCA_fold2,gene,TAPE,0.379915981350275
HCA_fold2,gene,TAPE,0.180477672722415
HCA_fold2,gene,TAPE,0.323641490732606
HCA_fold2,gene,TAPE,0.324036995470053
HCA_fold2,gene,TAPE,0.0519301044024416
HCA_fold2,gene,TAPE,0.0891400855504321
HCA_fold2,gene,TAPE,0.0291475158102925
HCA_fold2,gene,TAPE,0.199674702808149
HCA_fold2,gene,TAPE,0.460038448469852
HCA_fold2,gene,TAPE,0.183770694409546
HCA_fold2,gene,TAPE,0.18149661727176
HCA_fold2,gene,TAPE,-0.0114830846024114
HCA_fold2,gene,TAPE,0.187999063477255
HCA_fold2,gene,TAPE,0.0497850906275966
HCA_fold2,gene,TAPE,0.310908964922537
HCA_fold2,gene,TAPE,0.414613356029306
HCA_fold2,gene,TAPE,0.209695297710476
HCA_fold2,gene,TAPE,0.119134657941249
HCA_fold2,gene,TAPE,0.382127334403068
HCA_fold2,gene,TAPE,0.49314383261001
HCA_fold2,gene,TAPE,0.186183860923909
HCA_fold2,gene,TAPE,0.371511403246039
HCA_fold2,gene,TAPE,0.265113608974775
HCA_fold2,gene,TAPE,0.270974320212039
HCA_fold2,gene,TAPE,0.50050606966509
HCA_fold2,gene,TAPE,0.0731439614651695
HCA_fold2,gene,TAPE,0.266417230004736
HCA_fold2,gene,TAPE,0.435554830442819
HCA_fold2,gene,TAPE,0.621766863217209
HCA_fold2,gene,TAPE,0.257549058023875
HCA_fold2,gene,TAPE,0.510188896570695
HCA_fold2,gene,TAPE,0.48512015607739
HCA_fold2,gene,TAPE,-0.00870329499468021
HCA_fold2,gene,TAPE,-0.149796345561899
HCA_fold2,gene,TAPE,0.0501048100856011
HCA_fold2,gene,TAPE,0.143937511589951
HCA_fold2,gene,TAPE,0.20468089454119
HCA_fold2,gene,TAPE,0.488621441276029
HCA_fold2,gene,TAPE,0.0228244149492548
HCA_fold2,gene,TAPE,0.0400614067370492
HCA_fold2,gene,TAPE,-0.233588866978191
HCA_fold2,gene,TAPE,0.171427496681832
HCA_fold2,gene,TAPE,0.459110246658478
HCA_fold2,gene,TAPE,0.331248036892461
HCA_fold2,gene,TAPE,0.256976902491749
HCA_fold2,gene,TAPE,0.239625071395681
HCA_fold2,gene,TAPE,0.419575872359826
HCA_fold2,gene,TAPE,0.335808055543138
HCA_fold2,gene,TAPE,0.0981644578300325
HCA_fold2,gene,TAPE,0.376351927964611
HCA_fold2,gene,TAPE,0.585375901508989
HCA_fold2,gene,TAPE,0.201582247797866
HCA_fold2,gene,TAPE,0.0236095561588328
HCA_fold2,gene,TAPE,0.282726217587834
HCA_fold2,gene,TAPE,0.0716476989268527
HCA_fold2,gene,TAPE,0.415046979641447
HCA_fold2,gene,TAPE,0.177986584167279
HCA_fold2,gene,TAPE,0.331107491969396
HCA_fold2,gene,TAPE,0.6255533259861
HCA_fold2,gene,TAPE,0.156716129701076
HCA_fold2,gene,TAPE,0.55019729944233
HCA_fold2,gene,TAPE,-0.0636962577015391
HCA_fold2,gene,TAPE,0.306094218707687
HCA_fold2,gene,TAPE,0.0385991330634638
HCA_fold2,gene,TAPE,0.54618938669021
HCA_fold2,gene,TAPE,0.265237245696158
HCA_fold2,gene,TAPE,0.157919910542839
HCA_fold2,gene,TAPE,-0.0902157805577399
HCA_fold2,gene,TAPE,0.221201572463759
HCA_fold2,gene,TAPE,0.0854983163139923
HCA_fold2,gene,TAPE,0.459595928744138
HCA_fold2,gene,TAPE,0.473369147720451
HCA_fold2,gene,TAPE,0.0808884300507595
HCA_fold2,gene,TAPE,0.414910651263434
HCA_fold2,gene,TAPE,0.297767523670884
HCA_fold2,gene,TAPE,-0.146561059670221
HCA_fold2,gene,TAPE,0.437868097383125
HCA_fold2,gene,TAPE,0.380130301250905
HCA_fold2,gene,TAPE,0.120084992330546
HCA_fold2,gene,TAPE,0.473814095381469
HCA_fold2,gene,TAPE,0.0850989526235958
HCA_fold2,gene,TAPE,0.282089761054337
HCA_fold2,gene,TAPE,0.509563546038112
HCA_fold2,gene,TAPE,0.395448440438856
HCA_fold2,gene,TAPE,-0.015988159057089
HCA_fold2,gene,TAPE,0.128109042120029
HCA_fold2,gene,TAPE,0.20971906467826
HCA_fold2,gene,TAPE,0.131601328504509
HCA_fold2,gene,TAPE,0.701422868145389
HCA_fold2,gene,TAPE,0.42155054347212
HCA_fold2,gene,TAPE,0.122494959761869
HCA_fold2,gene,TAPE,0.322049423606053
HCA_fold2,gene,TAPE,0.344356307235323
HCA_fold2,gene,TAPE,0.247110588187138
HCA_fold2,gene,TAPE,0.253057167260744
HCA_fold2,gene,TAPE,0.218630458868776
HCA_fold2,gene,TAPE,0.374665084917533
HCA_fold2,gene,TAPE,-0.00127043998580737
HCA_fold2,gene,TAPE,0.185561710873143
HCA_fold2,gene,TAPE,0.0111762170894267
HCA_fold2,gene,TAPE,0.144177480063368
HCA_fold2,gene,TAPE,0.0798814516321446
HCA_fold2,gene,TAPE,0.13260276684292
HCA_fold2,gene,TAPE,0.0700523646087639
HCA_fold2,gene,TAPE,0.0748767854852153
HCA_fold2,gene,TAPE,0.0714138387480346
HCA_fold2,gene,TAPE,-0.0831585481755072
HCA_fold2,gene,TAPE,0.0373180724801026
HCA_fold2,gene,TAPE,-0.0699265817442611
HCA_fold2,gene,TAPE,0.160030603119018
HCA_fold2,gene,TAPE,0.302854384373307
HCA_fold2,gene,TAPE,0.184826277879474
HCA_fold2,gene,TAPE,0.235339747810246
HCA_fold2,gene,TAPE,0.0837826640428888
HCA_fold2,gene,TAPE,0.532025911402514
HCA_fold2,gene,TAPE,0.432991035406365
HCA_fold2,gene,TAPE,0.24059825449462
HCA_fold2,gene,TAPE,0.131847093250963
HCA_fold2,gene,TAPE,0.329145608568199
HCA_fold2,gene,TAPE,-0.0561088817173039
HCA_fold2,gene,TAPE,0.416847528214132
HCA_fold2,gene,TAPE,0.458828569838894
HCA_fold2,gene,TAPE,0.2339841283783
HCA_fold2,gene,TAPE,-0.114037716142112
HCA_fold2,gene,TAPE,0.136612122145355
HCA_fold2,gene,TAPE,0.561097773478236
HCA_fold2,gene,TAPE,0.507436076956694
HCA_fold2,gene,TAPE,0.0934391337890789
HCA_fold2,gene,TAPE,0.377191816791655
HCA_fold2,gene,TAPE,0.191420854482201
HCA_fold2,gene,TAPE,0.483949846618068
HCA_fold2,gene,TAPE,0.560249589387629
HCA_fold2,gene,TAPE,0.222005689683287
HCA_fold2,gene,TAPE,0.00720912711918952
HCA_fold2,gene,TAPE,0.600016986585322
HCA_fold2,gene,TAPE,0.150168721343956
HCA_fold2,gene,TAPE,0.551126505243898
HCA_fold2,gene,TAPE,0.244446084681488
HCA_fold2,gene,TAPE,-0.0226385783881127
HCA_fold2,gene,TAPE,0.566301371405071
HCA_fold2,gene,TAPE,0.210836342579925
HCA_fold2,gene,TAPE,0.232242563484091
HCA_fold2,gene,TAPE,0.217984616772962
HCA_fold2,gene,TAPE,0.212532180405374
HCA_fold2,gene,TAPE,0.0369007952457737
HCA_fold2,gene,TAPE,0.290587097658113
HCA_fold2,gene,TAPE,0.669471184627931
HCA_fold2,gene,TAPE,0.40510073036975
HCA_fold2,gene,TAPE,0.0629978201807067
HCA_fold2,gene,TAPE,0.118864703042602
HCA_fold2,gene,TAPE,0.356642683566203
HCA_fold2,gene,TAPE,0.126778837867837
HCA_fold2,gene,TAPE,0.0188932035056106
HCA_fold2,gene,TAPE,0.437194715085436
HCA_fold2,gene,TAPE,0.0509332224675208
HCA_fold2,gene,TAPE,0.275794299753148
HCA_fold2,gene,TAPE,0.30850107612854
HCA_fold2,gene,TAPE,0.0916779737314314
HCA_fold2,gene,TAPE,0.172488328452382
HCA_fold2,gene,TAPE,0.147869406671896
HCA_fold2,gene,TAPE,0.127117376781301
HCA_fold2,gene,TAPE,0.33903535978308
HCA_fold2,gene,TAPE,0.409509082368371
HCA_fold2,gene,TAPE,0.462129714494772
HCA_fold2,gene,TAPE,0.124382310993006
HCA_fold2,gene,TAPE,0.114930007795699
HCA_fold2,gene,TAPE,0.0874514393200455
HCA_fold2,gene,TAPE,0.187291578018594
HCA_fold2,gene,TAPE,0.254096759087554
HCA_fold2,gene,TAPE,0.185889508339357
HCA_fold2,gene,TAPE,0.292484289968686
HCA_fold2,gene,TAPE,0.465600224018837
HCA_fold2,gene,TAPE,0.231830092721935
HCA_fold2,gene,TAPE,0.279565399701936
HCA_fold2,gene,TAPE,0.324761864541452
HCA_fold2,gene,TAPE,0.0349390137110814
HCA_fold2,gene,TAPE,0.28398317360156
HCA_fold2,gene,TAPE,0.213842013950531
HCA_fold2,gene,TAPE,0.130502023621713
HCA_fold2,gene,TAPE,0.26222054439284
HCA_fold2,gene,TAPE,-0.048130886836951
HCA_fold2,gene,TAPE,0.160716620025837
HCA_fold2,gene,TAPE,-0.0190446736334493
HCA_fold2,gene,TAPE,0.296176159484062
HCA_fold2,gene,TAPE,0.465202700041584
HCA_fold2,gene,TAPE,0.437968124675647
HCA_fold2,gene,TAPE,0.654985843187902
HCA_fold2,gene,TAPE,0.205659942821055
HCA_fold2,gene,TAPE,0.393177863939398
HCA_fold2,gene,TAPE,0.261666387474274
HCA_fold2,gene,TAPE,0.0949881583267306
HCA_fold2,gene,TAPE,0.404544215235397
HCA_fold2,gene,TAPE,0.0410131293801202
HCA_fold2,gene,TAPE,0.306787250022755
HCA_fold2,gene,TAPE,0.31322889697768
HCA_fold2,gene,TAPE,0.2504868395298
HCA_fold2,gene,TAPE,-0.070273720467203
HCA_fold2,gene,TAPE,0.33661063499272
HCA_fold2,gene,TAPE,0.114243219127168
HCA_fold2,gene,TAPE,0.157047805778614
HCA_fold2,gene,TAPE,0.453584524640443
HCA_fold2,gene,TAPE,0.525651942389245
HCA_fold2,gene,TAPE,0.235869304019899
HCA_fold2,gene,TAPE,0.292915144708323
HCA_fold2,gene,TAPE,0.375333599465537
HCA_fold2,gene,TAPE,0.57702979435639
HCA_fold2,gene,TAPE,0.348633547533977
HCA_fold2,gene,TAPE,0.0236185297365921
HCA_fold2,gene,TAPE,0.149594074966781
HCA_fold2,gene,TAPE,0.0656112497796934
HCA_fold2,gene,TAPE,0.143942280277918
HCA_fold2,gene,TAPE,-0.00552814597923469
HCA_fold2,gene,TAPE,0.373065841459966
HCA_fold2,gene,TAPE,-0.0438261843114985
HCA_fold2,gene,TAPE,-0.0226660313364108
HCA_fold2,gene,TAPE,0.569415347079408
HCA_fold2,gene,TAPE,0.540975729148936
HCA_fold2,gene,TAPE,0.156996903441499
HCA_fold2,gene,TAPE,0.104372783893791
HCA_fold2,gene,TAPE,-0.0413937281000224
HCA_fold2,gene,TAPE,-0.0213656503018549
HCA_fold2,gene,TAPE,0.429260641121293
HCA_fold2,gene,TAPE,0.32937799962485
HCA_fold2,gene,TAPE,0.0395139298163954
HCA_fold2,gene,TAPE,-0.0992233265428611
HCA_fold2,gene,TAPE,0.0736133035553368
HCA_fold2,gene,TAPE,0.394122613619897
HCA_fold2,gene,TAPE,0.265716909823522
HCA_fold2,gene,TAPE,0.232498196927751
HCA_fold2,gene,TAPE,0.309190941613287
HCA_fold2,gene,TAPE,0.184482718059609
HCA_fold2,gene,TAPE,-0.00148130136133615
HCA_fold2,gene,TAPE,0.0124650836306763
HCA_fold2,gene,TAPE,0.112285029298354
HCA_fold2,gene,TAPE,0.476185249854981
HCA_fold2,gene,TAPE,0.431873416984115
HCA_fold2,gene,TAPE,-0.0612019393629775
HCA_fold2,gene,TAPE,0.514806524765988
HCA_fold2,gene,TAPE,0.196716688083612
HCA_fold2,gene,TAPE,0.638342124504309
HCA_fold2,gene,TAPE,0.39038293039851
HCA_fold2,gene,TAPE,0.106963957331839
HCA_fold2,gene,TAPE,0.220317447349898
HCA_fold2,gene,TAPE,0.335063023351817
HCA_fold2,gene,TAPE,0.668835981110071
HCA_fold2,gene,TAPE,0.41594132948645
HCA_fold2,gene,TAPE,0.0961868657190019
HCA_fold2,gene,TAPE,0.285582198993262
HCA_fold2,gene,TAPE,0.357311751446776
HCA_fold2,gene,TAPE,0.0967552214864922
HCA_fold2,gene,TAPE,0.365815962756723
HCA_fold2,gene,TAPE,0.223417617078011
HCA_fold2,gene,TAPE,-0.0393861434272579
HCA_fold2,gene,TAPE,0.466509079376037
HCA_fold2,gene,TAPE,0.187385446228851
HCA_fold2,gene,TAPE,0.374466958802069
HCA_fold2,gene,TAPE,0.110148345982849
HCA_fold2,gene,TAPE,0.104998600272518
HCA_fold2,gene,TAPE,0.0644336657000108
HCA_fold2,gene,TAPE,0.415926409855355
HCA_fold2,gene,TAPE,0.235224722231513
HCA_fold2,gene,TAPE,0.248777998890439
HCA_fold2,gene,TAPE,-0.10844509010496
HCA_fold2,gene,TAPE,0.352620434526753
HCA_fold2,gene,TAPE,0.138635131915608
HCA_fold2,gene,TAPE,0.414598756872264
HCA_fold2,gene,TAPE,0.279961209947626
HCA_fold2,gene,TAPE,0.196811797957251
HCA_fold2,gene,TAPE,0.0756328269073515
HCA_fold2,gene,TAPE,0.26222381924698
HCA_fold2,gene,TAPE,0.072344375899904
HCA_fold2,gene,TAPE,0.198525894743556
HCA_fold2,gene,TAPE,0.186128830412765
HCA_fold2,gene,TAPE,0.256813764400461
HCA_fold2,gene,TAPE,0.168632566622123
HCA_fold2,gene,TAPE,0.242654180939034
HCA_fold2,gene,TAPE,0.458123243434884
HCA_fold2,gene,TAPE,0.518411027238181
HCA_fold2,gene,TAPE,0.293682856372641
HCA_fold2,gene,TAPE,0.0889080801688454
HCA_fold2,gene,TAPE,0.224867752433673
HCA_fold2,gene,TAPE,0.461486248264838
HCA_fold2,gene,TAPE,-0.0727912310671251
HCA_fold2,gene,TAPE,0.665469172170509
HCA_fold2,gene,TAPE,0.282764608688559
HCA_fold2,gene,TAPE,0.207419662608967
HCA_fold2,gene,TAPE,0.223292496890608
HCA_fold2,gene,TAPE,0.149010580758722
HCA_fold2,gene,TAPE,0.285813845513845
HCA_fold2,gene,TAPE,0.534440394084024
HCA_fold2,gene,TAPE,0.199061087403125
HCA_fold2,gene,TAPE,0.563558459670146
HCA_fold2,gene,TAPE,0.604540541535966
HCA_fold2,gene,TAPE,0.0307579904205695
HCA_fold2,gene,TAPE,0.134506987608601
HCA_fold2,gene,TAPE,0.31062762505264
HCA_fold2,gene,TAPE,0.543591031177038
HCA_fold2,gene,TAPE,0.335712716232541
HCA_fold2,gene,TAPE,0.504358814227125
HCA_fold2,gene,TAPE,0.35354116676803
HCA_fold2,gene,TAPE,0.40241249570058
HCA_fold2,gene,TAPE,0.022660455043225
HCA_fold2,gene,TAPE,0.089326884228768
HCA_fold2,gene,TAPE,0.429001184908237
HCA_fold2,gene,TAPE,0.135577417093487
HCA_fold2,gene,TAPE,0.392047975937238
HCA_fold2,gene,TAPE,0.111756134980669
HCA_fold2,gene,TAPE,0.397900951428151
HCA_fold2,gene,TAPE,0.219725625494299
HCA_fold2,gene,TAPE,0.580990288718432
HCA_fold2,gene,TAPE,0.398184068936662
HCA_fold2,gene,TAPE,0.266765796130078
HCA_fold2,gene,TAPE,0.292829843698251
HCA_fold2,gene,TAPE,0.165972475974066
HCA_fold2,gene,TAPE,0.467345331105633
HCA_fold2,gene,TAPE,0.233925455769858
HCA_fold2,gene,TAPE,0.215744669398615
HCA_fold2,gene,TAPE,0.27875661035553
HCA_fold2,gene,TAPE,0.169310817938742
HCA_fold2,gene,TAPE,0.215837912766232
HCA_fold2,gene,TAPE,0.422997693980101
HCA_fold2,gene,TAPE,0.502179161049146
HCA_fold2,gene,TAPE,0.429814316079252
HCA_fold2,gene,TAPE,0.135685983689563
HCA_fold2,gene,TAPE,0.358172515706147
HCA_fold2,gene,TAPE,0.368634120254436
HCA_fold2,gene,TAPE,0.218682182785889
HCA_fold2,gene,TAPE,0.423386165934827
HCA_fold2,gene,TAPE,0.0649796073216747
HCA_fold2,gene,TAPE,0.0523812987677065
HCA_fold2,gene,TAPE,0.484494907627539
HCA_fold2,gene,TAPE,0.184830273801765
HCA_fold2,gene,TAPE,0.328454079223244
HCA_fold2,gene,TAPE,0.0515607233280985
HCA_fold2,gene,TAPE,0.149430675084798
HCA_fold2,gene,TAPE,0.583961563470621
HCA_fold2,gene,TAPE,0.500945782819751
HCA_fold2,gene,TAPE,0.299771088770914
HCA_fold2,gene,TAPE,0.241671452441027
HCA_fold2,gene,TAPE,0.305155820508192
HCA_fold2,gene,TAPE,0.322310566076771
HCA_fold2,gene,TAPE,0.4919377757876
HCA_fold2,gene,TAPE,0.241812478095519
HCA_fold2,gene,TAPE,0.401331226278439
HCA_fold2,gene,TAPE,0.374161839786523
HCA_fold2,gene,TAPE,-0.0601035398015175
HCA_fold2,gene,TAPE,0.0405835747879437
HCA_fold2,gene,TAPE,0.427897952679632
HCA_fold2,gene,TAPE,0.151423182772087
HCA_fold2,gene,TAPE,-0.00870221845514676
HCA_fold2,gene,TAPE,0.42410041183003
HCA_fold2,gene,TAPE,0.0228674182703323
HCA_fold2,gene,TAPE,0.351808064050047
HCA_fold2,gene,TAPE,0.119078465914651
HCA_fold2,gene,TAPE,-0.0576884824669621
HCA_fold2,gene,TAPE,0.302291236034467
HCA_fold2,gene,TAPE,0.13927105880541
HCA_fold2,gene,TAPE,0.517359507787058
HCA_fold2,gene,TAPE,0.387269176779125
HCA_fold2,gene,TAPE,0.621461646826991
HCA_fold2,gene,TAPE,0.331973563514235
HCA_fold2,gene,TAPE,0.112022809476158
HCA_fold2,gene,TAPE,0.179392469582247
HCA_fold2,gene,TAPE,-0.0437538333199223
HCA_fold2,gene,TAPE,0.225227201003155
HCA_fold2,gene,TAPE,0.338294415269353
HCA_fold2,gene,TAPE,0.238665862926652
HCA_fold2,gene,TAPE,0.278913529460372
HCA_fold2,gene,TAPE,0.0686568925222214
HCA_fold2,gene,TAPE,0.165744046384898
HCA_fold2,gene,TAPE,0.06623491125356
HCA_fold2,gene,TAPE,0.111415916882158
HCA_fold2,gene,TAPE,0.705494044959932
HCA_fold2,gene,TAPE,0.00962308637332918
HCA_fold2,gene,TAPE,0.0100412452842494
HCA_fold2,gene,TAPE,0.13625982738875
HCA_fold2,gene,TAPE,0.322405395681938
HCA_fold2,gene,TAPE,0.50430000628312
HCA_fold2,gene,TAPE,0.00359977145611348
HCA_fold2,gene,TAPE,0.374122320211044
HCA_fold2,gene,TAPE,0.297970815727822
HCA_fold2,gene,TAPE,0.291031906838097
HCA_fold2,gene,TAPE,0.409076610609749
HCA_fold2,gene,TAPE,0.337409340000062
HCA_fold2,gene,TAPE,0.0680706910446304
HCA_fold2,gene,TAPE,0.299974249008735
HCA_fold2,gene,TAPE,0.155693850875396
HCA_fold2,gene,TAPE,0.190636444756983
HCA_fold2,gene,TAPE,0.319484663437073
HCA_fold2,gene,TAPE,0.00915343953679911
HCA_fold2,gene,TAPE,0.216790238527689
HCA_fold2,gene,TAPE,0.390684488678585
HCA_fold2,gene,TAPE,0.474389521354076
HCA_fold2,gene,TAPE,0.417648682355905
HCA_fold2,gene,TAPE,0.249794192837704
HCA_fold2,gene,TAPE,0.39171338651008
HCA_fold2,gene,TAPE,0.155094599120861
HCA_fold2,gene,TAPE,0.502993135658486
HCA_fold2,gene,TAPE,0.12350616467429
HCA_fold2,gene,TAPE,0.27644647581131
HCA_fold2,gene,TAPE,0.238721812091246
HCA_fold2,gene,TAPE,0.251682964987759
HCA_fold2,gene,TAPE,0.540568655368151
HCA_fold2,gene,TAPE,0.321822691920901
HCA_fold2,gene,TAPE,0.361400727648165
HCA_fold2,gene,TAPE,0.602785452486282
HCA_fold2,gene,TAPE,0.35404151164274
HCA_fold2,gene,TAPE,0.05782858188456
HCA_fold2,gene,TAPE,0.390007202438201
HCA_fold2,gene,TAPE,0.289924403703269
HCA_fold2,gene,TAPE,0.499511019148357
HCA_fold2,gene,TAPE,0.397239702001934
HCA_fold2,gene,TAPE,0.0347691118450957
HCA_fold2,gene,TAPE,0.132441245536539
HCA_fold2,gene,TAPE,0.487326874298303
HCA_fold2,gene,TAPE,-0.132640898750078
HCA_fold2,gene,TAPE,0.266643601694303
HCA_fold2,gene,TAPE,0.455754582677824
HCA_fold2,gene,TAPE,0.0807195389711281
HCA_fold2,gene,TAPE,0.197527213447957
HCA_fold2,gene,TAPE,0.0553942288177313
HCA_fold2,gene,TAPE,0.201952930663256
HCA_fold2,gene,TAPE,0.293227881281626
HCA_fold2,gene,TAPE,0.160576423062797
HCA_fold2,gene,TAPE,0.138106707663178
HCA_fold2,gene,TAPE,0.49023570478049
HCA_fold2,gene,TAPE,0.00908926822496192
HCA_fold2,gene,TAPE,0.18941037892789
HCA_fold2,gene,TAPE,0.189734019408246
HCA_fold2,gene,TAPE,0.480246087937396
HCA_fold2,gene,TAPE,0.482422304149052
HCA_fold2,gene,TAPE,-0.0208035283338445
HCA_fold2,gene,TAPE,0.14552172020416
HCA_fold2,gene,TAPE,0.0639870245833105
HCA_fold2,gene,TAPE,-0.0512760626568223
HCA_fold2,gene,TAPE,0.317037327407639
HCA_fold2,gene,TAPE,0.197526203702593
HCA_fold2,gene,TAPE,-0.129011639361315
HCA_fold2,gene,TAPE,0.0589202099487219
HCA_fold2,gene,TAPE,0.391253361457142
HCA_fold2,gene,TAPE,0.471471654406366
HCA_fold2,gene,TAPE,0.505683483105661
HCA_fold2,gene,TAPE,0.662687409136019
HCA_fold2,gene,TAPE,0.234284103676081
HCA_fold2,gene,TAPE,0.175050785945057
HCA_fold2,gene,TAPE,0.720298639080041
HCA_fold2,gene,TAPE,0.378699343853161
HCA_fold2,gene,TAPE,0.615533656584953
HCA_fold2,gene,TAPE,0.0146804649122517
HCA_fold2,gene,TAPE,0.594132727922854
HCA_fold2,gene,TAPE,-0.197313609593769
HCA_fold2,gene,TAPE,0.0372874940427384
HCA_fold2,gene,TAPE,0.141268882399688
HCA_fold2,gene,TAPE,0.320746161320129
HCA_fold2,gene,TAPE,0.296170212255342
HCA_fold2,gene,TAPE,0.43818877461613
HCA_fold2,gene,TAPE,-0.0266929913697713
HCA_fold2,gene,TAPE,0.0932379456775948
HCA_fold2,gene,TAPE,0.328268679358109
HCA_fold2,gene,TAPE,0.095583026435251
HCA_fold2,gene,TAPE,0.139799731906916
HCA_fold2,gene,TAPE,0.496093111260225
HCA_fold2,gene,TAPE,0.333013758697496
HCA_fold2,gene,TAPE,0.129968497405509
HCA_fold2,gene,TAPE,0.468509533056106
HCA_fold2,gene,TAPE,0.188315346406361
HCA_fold2,gene,TAPE,0.173280643745831
HCA_fold2,gene,TAPE,0.279938296823955
HCA_fold2,gene,TAPE,0.325489028071832
HCA_fold2,gene,TAPE,0.567058860486406
HCA_fold2,gene,TAPE,0.0857533400651425
HCA_fold2,gene,TAPE,0.405086775804837
HCA_fold2,gene,TAPE,0.14121506232655
HCA_fold2,gene,TAPE,0.00940001663794612
HCA_fold2,gene,TAPE,0.249482002962148
HCA_fold2,gene,TAPE,0.0412189832776266
HCA_fold2,gene,TAPE,0.359538939196949
HCA_fold2,gene,TAPE,0.496416306604712
HCA_fold2,gene,TAPE,0.581984704429142
HCA_fold2,gene,TAPE,0.259331663790113
HCA_fold2,gene,TAPE,0.281063596475564
HCA_fold2,gene,TAPE,0.543838678553013
HCA_fold2,gene,TAPE,0.338525673645288
HCA_fold2,gene,TAPE,0.0808115936460754
HCA_fold2,gene,TAPE,0.292798822441126
HCA_fold2,gene,TAPE,0.450570417975231
HCA_fold2,gene,TAPE,0.369183320690528
HCA_fold2,gene,TAPE,0.409544165140112
HCA_fold2,gene,TAPE,-0.00200619344584007
HCA_fold2,gene,TAPE,0.43555342297919
HCA_fold2,gene,TAPE,0.190237788704536
HCA_fold2,gene,TAPE,-0.091636510576657
HCA_fold2,gene,TAPE,0.336120669910654
HCA_fold2,gene,TAPE,0.0370325981027936
HCA_fold2,gene,TAPE,0.163507941696579
HCA_fold2,gene,TAPE,-0.0114319427337519
HCA_fold2,gene,TAPE,0.0218568277948743
HCA_fold2,gene,TAPE,0.0970827380611068
HCA_fold2,gene,TAPE,0.123483530941733
HCA_fold2,gene,TAPE,0.242488321326972
HCA_fold2,gene,TAPE,0.460006570074596
HCA_fold2,gene,TAPE,0.575331679028804
HCA_fold2,gene,TAPE,-0.0654990556049312
HCA_fold2,gene,TAPE,0.53611770671777
HCA_fold2,gene,TAPE,0.062318339474128
HCA_fold2,gene,TAPE,-0.000148757169315068
HCA_fold2,gene,TAPE,0.188663468339441
HCA_fold2,gene,TAPE,-0.0727140127447051
HCA_fold2,gene,TAPE,0.014533170838696
HCA_fold2,gene,TAPE,0.344159631067829
HCA_fold2,gene,TAPE,0.385753832347642
HCA_fold2,gene,TAPE,0.0863280294815445
HCA_fold2,gene,TAPE,0.495448214340767
HCA_fold2,gene,TAPE,-0.0393160222161837
HCA_fold2,gene,TAPE,0.182540571541619
HCA_fold2,gene,TAPE,0.0630161529364487
HCA_fold2,gene,TAPE,0.46470084843521
HCA_fold2,gene,TAPE,0.0445698920137624
HCA_fold2,gene,TAPE,0.371734667791471
HCA_fold2,gene,TAPE,-0.0450723956001974
HCA_fold2,gene,TAPE,0.109727683174062
HCA_fold2,gene,TAPE,-0.0576081917644475
HCA_fold2,gene,TAPE,0.339049450489952
HCA_fold2,gene,TAPE,0.364400259414746
HCA_fold2,gene,TAPE,0.330237553756215
HCA_fold2,gene,TAPE,0.320282866662933
HCA_fold2,gene,TAPE,0.521561565223504
HCA_fold2,gene,TAPE,0.162328407951336
HCA_fold2,gene,TAPE,0.410702141091464
HCA_fold2,gene,TAPE,0.186791227159218
HCA_fold2,gene,TAPE,0.345958225448449
HCA_fold2,gene,TAPE,0.0928497386045747
HCA_fold2,gene,TAPE,0.380798898143505
HCA_fold2,gene,TAPE,0.180183302437052
HCA_fold2,gene,TAPE,0.613947832363305
HCA_fold2,gene,TAPE,0.401960342943204
HCA_fold2,gene,TAPE,0.0778047914310019
HCA_fold2,gene,TAPE,0.024255005266735
HCA_fold2,gene,TAPE,0.60789688265593
HCA_fold2,gene,TAPE,0.11788013597208
HCA_fold2,gene,TAPE,0.0286614148298426
HCA_fold2,gene,TAPE,0.503287142873918
HCA_fold2,gene,TAPE,0.173745396022729
HCA_fold2,gene,TAPE,0.00713992140664044
HCA_fold2,gene,TAPE,-0.128425217273827
HCA_fold2,gene,TAPE,0.0131987104139012
HCA_fold2,gene,TAPE,-0.0287911621829142
HCA_fold2,gene,TAPE,0.347285446630109
HCA_fold2,gene,TAPE,0.126908975673174
HCA_fold2,gene,TAPE,0.158086881133359
HCA_fold2,gene,TAPE,0.466356450784477
HCA_fold2,gene,TAPE,0.293192162797443
HCA_fold2,gene,TAPE,0.0992700160702671
HCA_fold2,gene,TAPE,0.516615407546639
HCA_fold2,gene,TAPE,0.449979676267389
HCA_fold2,gene,TAPE,0.140377188260236
HCA_fold2,gene,TAPE,0.264415154990609
HCA_fold2,gene,TAPE,0.169752812843426
HCA_fold2,gene,TAPE,0.466078387218323
HCA_fold2,gene,TAPE,0.206285353809539
HCA_fold2,gene,TAPE,0.310610386761819
HCA_fold2,gene,TAPE,0.227496399123745
HCA_fold2,gene,TAPE,0.480714487920001
HCA_fold2,gene,TAPE,0.216385566157606
HCA_fold2,gene,TAPE,0.349048259670502
HCA_fold2,gene,TAPE,-0.0646406065712992
HCA_fold2,gene,TAPE,0.331314313765926
HCA_fold2,gene,TAPE,0.647161618087519
HCA_fold2,gene,TAPE,0.526114655429108
HCA_fold2,gene,TAPE,0.0615245725741973
HCA_fold2,gene,TAPE,0.203142495132686
HCA_fold2,gene,TAPE,0.255165258607121
HCA_fold2,gene,TAPE,0.482998313552759
HCA_fold2,gene,TAPE,0.370018086991355
HCA_fold2,gene,TAPE,0.164565656157706
HCA_fold2,gene,TAPE,0.0713384330076796
HCA_fold2,gene,TAPE,0.244236938719552
HCA_fold2,gene,TAPE,0.351090407663073
HCA_fold2,gene,TAPE,0.567010561271992
HCA_fold2,gene,TAPE,0.069258171749659
HCA_fold2,gene,TAPE,0.144122029230785
HCA_fold2,gene,TAPE,0.451232146479055
HCA_fold2,gene,TAPE,-0.0831153212851826
HCA_fold2,gene,TAPE,0.512692760357911
HCA_fold2,gene,TAPE,0.165899328214857
HCA_fold2,gene,TAPE,0.160573260141765
HCA_fold2,gene,TAPE,0.353547255683104
HCA_fold2,gene,TAPE,0.213775190888492
HCA_fold2,gene,TAPE,0.654966683216279
HCA_fold2,gene,TAPE,0.337316521043797
HCA_fold2,gene,TAPE,0.28763945398034
HCA_fold2,gene,TAPE,0.0460138351932107
HCA_fold2,gene,TAPE,0.506433549407218
HCA_fold2,gene,TAPE,0.289364122741368
HCA_fold2,gene,TAPE,-0.0238530204743168
HCA_fold2,gene,TAPE,0.213161720926998
HCA_fold2,gene,TAPE,0.0364142026672515
HCA_fold2,gene,TAPE,0.40740243117744
HCA_fold2,gene,TAPE,0.306896413479221
HCA_fold2,gene,TAPE,0.290215557331958
HCA_fold2,gene,TAPE,0.606224549145265
HCA_fold2,gene,TAPE,0.0202399475049962
HCA_fold2,gene,TAPE,0.268333334517669
HCA_fold2,gene,TAPE,0.0671868784467233
HCA_fold2,gene,TAPE,-0.184480184106195
HCA_fold2,gene,TAPE,0.084304232177277
HCA_fold2,gene,TAPE,0.0830554608421487
HCA_fold2,gene,TAPE,0.063152130557892
HCA_fold2,gene,TAPE,0.0794268375396865
HCA_fold2,gene,TAPE,0.479667344600358
HCA_fold2,gene,TAPE,0.435440182732543
HCA_fold2,gene,TAPE,0.590663568018883
HCA_fold2,gene,TAPE,0.406686255754665
HCA_fold2,gene,TAPE,-0.0550525072474001
HCA_fold2,gene,TAPE,0.0737951723441453
HCA_fold2,gene,TAPE,0.432172268461554
HCA_fold2,gene,TAPE,0.386521001332571
HCA_fold2,gene,TAPE,0.278801482784708
HCA_fold2,gene,TAPE,0.569141384987022
HCA_fold2,gene,TAPE,0.422220576693648
HCA_fold2,gene,TAPE,0.186205303972627
HCA_fold2,gene,TAPE,0.591653808007436
HCA_fold2,gene,TAPE,0.141514439924228
HCA_fold2,gene,TAPE,0.188807722684762
HCA_fold2,gene,TAPE,0.506004369085237
HCA_fold2,gene,TAPE,0.447345768810808
HCA_fold2,gene,TAPE,0.253295648285523
HCA_fold2,gene,TAPE,0.156675702138246
HCA_fold2,gene,TAPE,0.360666600258377
HCA_fold2,gene,TAPE,0.446387366978108
HCA_fold2,gene,TAPE,0.520663221284599
HCA_fold2,gene,TAPE,0.0787881111233436
HCA_fold2,gene,TAPE,0.198993302514243
HCA_fold2,gene,TAPE,0.463632110225098
HCA_fold2,gene,TAPE,0.0656271199900885
HCA_fold2,gene,TAPE,0.107466310478503
HCA_fold2,gene,TAPE,0.132449179511471
HCA_fold2,gene,TAPE,0.60999838296419
HCA_fold2,gene,TAPE,0.463121104908425
HCA_fold2,gene,TAPE,0.261790536179655
HCA_fold2,gene,TAPE,-0.0967196575268111
HCA_fold2,gene,TAPE,0.0896292748389832
HCA_fold2,gene,TAPE,0.246920354289921
HCA_fold2,gene,TAPE,0.248840438098113
HCA_fold2,gene,TAPE,0.0817406347581692
HCA_fold2,gene,TAPE,0.0639218315815072
HCA_fold2,gene,TAPE,-0.0700678891266263
HCA_fold2,gene,TAPE,0.412074227855647
HCA_fold2,gene,TAPE,0.0827009006928949
HCA_fold2,gene,TAPE,0.236985770666055
HCA_fold2,gene,TAPE,0.741919677871529
HCA_fold2,gene,TAPE,0.250669772592733
HCA_fold2,gene,TAPE,0.59674729137062
HCA_fold2,gene,TAPE,0.138668825589855
HCA_fold2,gene,TAPE,-0.137699588662966
HCA_fold2,gene,TAPE,0.32035055883899
HCA_fold2,gene,TAPE,0.152434110239343
HCA_fold2,gene,TAPE,0.48219594566629
HCA_fold2,gene,TAPE,0.260966371093565
HCA_fold2,gene,TAPE,0.259593303993003
HCA_fold2,gene,TAPE,0.524042516265362
HCA_fold2,gene,TAPE,0.37656975005054
HCA_fold2,gene,TAPE,0.142507305946827
HCA_fold2,gene,TAPE,0.300128969294167
HCA_fold2,gene,TAPE,0.0421628302563564
HCA_fold2,gene,TAPE,-0.100022629573434
HCA_fold2,gene,TAPE,0.289701790294812
HCA_fold2,gene,TAPE,0.109931878283125
HCA_fold2,gene,TAPE,0.26951669437199
HCA_fold2,gene,TAPE,0.37551206363593
HCA_fold2,gene,TAPE,0.061005578851573
HCA_fold2,gene,TAPE,0.234133426744062
HCA_fold2,gene,TAPE,0.092060842808729
HCA_fold2,gene,TAPE,0.399105649036951
HCA_fold2,gene,TAPE,0.47611257006292
HCA_fold2,gene,TAPE,0.0854483270114279
HCA_fold2,gene,TAPE,0.134755581998461
HCA_fold2,gene,TAPE,0.255435776405014
HCA_fold2,gene,TAPE,0.309583166823695
HCA_fold2,gene,TAPE,0.205330821743887
HCA_fold2,gene,TAPE,0.170323041649458
HCA_fold2,gene,TAPE,0.314592201936878
HCA_fold2,gene,TAPE,0.217570800554899
HCA_fold2,gene,TAPE,0.194348282908244
HCA_fold2,gene,TAPE,0.0878317020707899
HCA_fold2,gene,TAPE,0.232383666053772
HCA_fold2,gene,TAPE,0.264854277893781
HCA_fold2,gene,TAPE,0.316292682218041
HCA_fold2,gene,TAPE,0.300319816005503
HCA_fold2,gene,TAPE,0.13376627550946
HCA_fold2,gene,TAPE,0.476874285478501
HCA_fold2,gene,TAPE,0.176545117048058
HCA_fold2,gene,TAPE,0.521161669954843
HCA_fold2,gene,TAPE,0.377759693977125
HCA_fold2,gene,TAPE,0.476356872317052
HCA_fold2,gene,TAPE,0.503210386850956
HCA_fold2,gene,TAPE,0.407867125255872
HCA_fold2,gene,TAPE,0.2474389942735
HCA_fold2,gene,TAPE,0.0441110249396365
HCA_fold2,gene,TAPE,0.476490253599325
HCA_fold2,gene,TAPE,0.364793285723267
HCA_fold2,gene,TAPE,0.233170240857945
HCA_fold2,gene,TAPE,0.0822389405713021
HCA_fold2,gene,TAPE,0.408821173946849
HCA_fold2,gene,TAPE,0.266872815027606
HCA_fold2,gene,TAPE,-0.0631938205773687
HCA_fold2,gene,TAPE,0.135894731978273
HCA_fold2,gene,TAPE,0.21688726512757
HCA_fold2,gene,TAPE,0.267028356156937
HCA_fold2,gene,TAPE,0.437019031463242
HCA_fold2,gene,TAPE,0.2238939834663
HCA_fold2,gene,TAPE,0.0555772636792669
HCA_fold2,gene,TAPE,0.000249715111067451
HCA_fold2,gene,TAPE,0.233083724101445
HCA_fold2,gene,TAPE,0.396045334157522
HCA_fold2,gene,TAPE,-0.101800117491265
HCA_fold2,gene,TAPE,0.153997578929116
HCA_fold2,gene,TAPE,0.551619672062724
HCA_fold2,gene,TAPE,-0.0265865582985958
HCA_fold2,gene,TAPE,0.3529853668209
HCA_fold2,gene,TAPE,0.0981623691601289
HCA_fold2,gene,TAPE,0.372847369617848
HCA_fold2,gene,TAPE,0.0219915717843746
HCA_fold2,gene,TAPE,0.303962856161435
HCA_fold2,gene,TAPE,0.31442089691417
HCA_fold2,gene,TAPE,0.0258865847738737
HCA_fold2,gene,TAPE,0.413054550257049
HCA_fold2,gene,TAPE,0.0479545523283886
HCA_fold2,gene,TAPE,0.524856208138798
HCA_fold2,gene,TAPE,0.227060633310911
HCA_fold2,gene,TAPE,0.223755556141087
HCA_fold2,gene,TAPE,-0.0601391480851133
HCA_fold2,gene,TAPE,-0.0253058894519928
HCA_fold2,gene,TAPE,0.534800719034464
HCA_fold2,gene,TAPE,0.453041314665359
HCA_fold2,gene,TAPE,-0.168383590895322
HCA_fold2,gene,TAPE,0.0215517397862801
HCA_fold2,gene,TAPE,0.241999954188277
HCA_fold2,gene,TAPE,-0.0165187536053059
HCA_fold2,gene,TAPE,0.264949700274684
HCA_fold2,gene,TAPE,0.203785810095797
HCA_fold2,gene,TAPE,0.391737315131428
HCA_fold2,gene,TAPE,0.434939238330826
HCA_fold2,gene,TAPE,0.0673849624991
HCA_fold2,gene,TAPE,0.192199668472179
HCA_fold2,gene,TAPE,0.466434389026929
HCA_fold2,gene,TAPE,0.302219683091681
HCA_fold2,gene,TAPE,0.176436891704409
HCA_fold2,gene,TAPE,0.0641850878305916
HCA_fold2,gene,TAPE,-0.0834694739586059
HCA_fold2,gene,TAPE,0.605256988395957
HCA_fold2,gene,TAPE,0.511098833781894
HCA_fold2,gene,TAPE,0.22745355268199
HCA_fold2,gene,TAPE,0.210890106798853
HCA_fold2,gene,TAPE,-0.0208732156682968
HCA_fold2,gene,TAPE,0.149605396616204
HCA_fold2,gene,TAPE,0.661662977050592
HCA_fold2,gene,TAPE,0.219568300407162
HCA_fold2,gene,TAPE,0.429015485201511
HCA_fold2,gene,TAPE,0.130871770656835
HCA_fold2,gene,TAPE,0.0298904508667554
HCA_fold2,gene,TAPE,0.0662837471460986
HCA_fold2,gene,TAPE,0.271534606447741
HCA_fold2,gene,TAPE,0.2897175029692
HCA_fold2,gene,TAPE,-0.0241834677105862
HCA_fold2,gene,TAPE,0.466322281245829
HCA_fold2,gene,TAPE,-0.00602862096695899
HCA_fold2,gene,TAPE,0.0778344996634288
HCA_fold2,gene,TAPE,0.607990851841106
HCA_fold2,gene,TAPE,0.420926614472475
HCA_fold2,gene,TAPE,0.195131666542961
HCA_fold2,gene,TAPE,0.00509709683898864
HCA_fold2,gene,TAPE,0.406256053008442
HCA_fold2,gene,TAPE,0.143002687025216
HCA_fold2,gene,TAPE,0.203677908698382
HCA_fold2,gene,TAPE,0.391159784197283
HCA_fold2,gene,TAPE,0.0499143559026889
HCA_fold2,gene,TAPE,0.442738208201587
HCA_fold2,gene,TAPE,0.470859285783808
HCA_fold2,gene,TAPE,0.0967636882983687
HCA_fold2,gene,TAPE,0.336847380254758
HCA_fold2,gene,TAPE,0.00607853035717819
HCA_fold2,gene,TAPE,0.374550807779766
HCA_fold2,gene,TAPE,-0.014162884995829
HCA_fold2,gene,TAPE,0.276559371728499
HCA_fold2,gene,TAPE,0.231839829800232
HCA_fold2,gene,TAPE,0.226415721102589
HCA_fold2,gene,TAPE,0.339759459975268
HCA_fold2,gene,TAPE,0.367585693546265
HCA_fold2,gene,TAPE,0.0978266695703805
HCA_fold2,gene,TAPE,0.391048240971276
HCA_fold2,gene,TAPE,0.153941256058651
HCA_fold2,gene,TAPE,0.125981280199434
HCA_fold2,gene,TAPE,0.455401413856248
HCA_fold2,gene,TAPE,-0.0171277749190268
HCA_fold2,gene,TAPE,0.366961002592486
HCA_fold2,gene,TAPE,0.33315557669427
HCA_fold2,gene,TAPE,0.193595228127446
HCA_fold2,gene,TAPE,0.132697909931606
HCA_fold2,gene,TAPE,0.35865619910404
HCA_fold2,gene,TAPE,0.343872044919259
HCA_fold2,gene,TAPE,0.162765579489137
HCA_fold2,gene,TAPE,0.234598549468794
HCA_fold2,gene,TAPE,0.141122169909731
HCA_fold2,gene,TAPE,0.105811754345328
HCA_fold2,gene,TAPE,0.385848703800677
HCA_fold2,gene,TAPE,0.429925964731168
HCA_fold2,gene,TAPE,0.481842346239736
HCA_fold2,gene,TAPE,0.0215380477757095
HCA_fold2,gene,TAPE,0.267726154730271
HCA_fold2,gene,TAPE,-0.0570968193334792
HCA_fold2,gene,TAPE,-0.0278567176580518
HCA_fold2,gene,TAPE,0.291752574356082
HCA_fold2,gene,TAPE,0.392620199782027
HCA_fold2,gene,TAPE,0.213341077605728
HCA_fold2,gene,TAPE,0.255535151254423
HCA_fold2,gene,TAPE,0.427395463317728
HCA_fold2,gene,TAPE,0.461972206745484
HCA_fold2,gene,TAPE,0.00588640257733258
HCA_fold2,gene,TAPE,0.40828318503868
HCA_fold2,gene,TAPE,0.317266173438685
HCA_fold2,gene,TAPE,0.697312040465599
HCA_fold2,gene,TAPE,0.251438272202741
HCA_fold2,gene,TAPE,0.185523974294195
HCA_fold2,gene,TAPE,0.160275484208125
HCA_fold2,gene,TAPE,0.523319367791456
HCA_fold2,gene,TAPE,0.047315384862814
HCA_fold2,gene,TAPE,0.617610626705754
HCA_fold2,gene,TAPE,0.297055831124976
HCA_fold2,gene,TAPE,0.300671598308446
HCA_fold2,gene,TAPE,0.198843739297796
HCA_fold2,gene,TAPE,0.361719650006204
HCA_fold2,gene,TAPE,0.403252436173177
HCA_fold2,gene,TAPE,0.129339785129847
HCA_fold2,gene,TAPE,0.0778311942844462
HCA_fold2,gene,TAPE,0.358985935017578
HCA_fold2,gene,TAPE,0.0802360744367162
HCA_fold2,gene,TAPE,0.404523130394441
HCA_fold2,gene,TAPE,0.136708705702175
HCA_fold2,gene,TAPE,0.0708819656711689
HCA_fold2,gene,TAPE,0.642295863771723
HCA_fold2,gene,TAPE,0.0196875330285781
HCA_fold2,gene,TAPE,0.00112376454106361
HCA_fold2,gene,TAPE,0.587761251532485
HCA_fold2,gene,TAPE,0.41318377382625
HCA_fold2,gene,TAPE,0.568083883520408
HCA_fold2,gene,TAPE,0.252439335380622
HCA_fold2,gene,TAPE,0.21581984952868
HCA_fold2,gene,TAPE,0.104833064610687
HCA_fold2,gene,TAPE,0.353409044081601
HCA_fold2,gene,TAPE,0.343291530397182
HCA_fold2,gene,TAPE,0.501880103246862
HCA_fold2,gene,TAPE,0.15456243487847
HCA_fold2,gene,TAPE,0.131332318078143
HCA_fold2,gene,TAPE,0.216716491536351
HCA_fold2,gene,TAPE,0.327683693351422
HCA_fold2,gene,TAPE,0.334711299228676
HCA_fold2,gene,TAPE,0.0898126273200675
HCA_fold2,gene,TAPE,0.401251779073239
HCA_fold2,gene,TAPE,0.525302713883672
HCA_fold2,gene,TAPE,0.310419214692342
HCA_fold2,gene,TAPE,0.163566347409307
HCA_fold2,gene,TAPE,0.252800242944615
HCA_fold2,gene,TAPE,0.260778799175141
HCA_fold2,gene,TAPE,0.0701604974145197
HCA_fold2,gene,TAPE,0.450921040504082
HCA_fold2,gene,TAPE,0.281375680716091
HCA_fold2,gene,TAPE,0.308687765702379
HCA_fold2,gene,TAPE,0.136039482852993
HCA_fold2,gene,TAPE,0.25936709441573
HCA_fold2,gene,TAPE,0.227995073620899
HCA_fold2,gene,TAPE,0.285752774628386
HCA_fold2,gene,TAPE,0.355127188255195
HCA_fold2,gene,TAPE,0.204051150015134
HCA_fold2,gene,TAPE,0.224679572169332
HCA_fold2,gene,TAPE,0.323677972011149
HCA_fold2,gene,TAPE,0.0646303396901362
HCA_fold2,gene,TAPE,0.222707559161585
HCA_fold2,gene,TAPE,0.357875730140592
HCA_fold2,gene,TAPE,0.56738946817215
HCA_fold2,gene,TAPE,0.383770703372358
HCA_fold2,gene,TAPE,0.134303704415638
HCA_fold2,gene,TAPE,0.198843975522409
HCA_fold2,gene,TAPE,0.378158556552306
HCA_fold2,gene,TAPE,0.151586425311966
HCA_fold2,gene,TAPE,0.402785991981009
HCA_fold2,gene,TAPE,0.0944059666467506
HCA_fold2,gene,TAPE,0.00943220675306552
HCA_fold2,gene,TAPE,0.396980801370671
HCA_fold2,gene,TAPE,0.320469432356648
HCA_fold2,gene,TAPE,0.00422228599589608
HCA_fold2,gene,TAPE,0.387412680031874
HCA_fold2,gene,TAPE,-0.017086495205273
HCA_fold2,gene,TAPE,0.0748740035481235
HCA_fold2,gene,TAPE,0.540633989114018
HCA_fold2,gene,TAPE,0.33087681715092
HCA_fold2,gene,TAPE,0.416242681309962
HCA_fold2,gene,TAPE,0.40792059119088
HCA_fold2,gene,TAPE,-0.0625582883523686
HCA_fold2,gene,TAPE,0.793264699625056
HCA_fold2,gene,TAPE,0.303642853855389
HCA_fold2,gene,TAPE,0.489250833917531
HCA_fold2,gene,TAPE,0.328635711557196
HCA_fold2,gene,TAPE,0.574700278621545
HCA_fold2,gene,TAPE,0.212729232124334
HCA_fold2,gene,TAPE,0.074175489907193
HCA_fold2,gene,TAPE,0.185794901191684
HCA_fold2,gene,TAPE,0.149532759535638
HCA_fold2,gene,TAPE,0.40431443275554
HCA_fold2,gene,TAPE,0.210848123271747
HCA_fold2,gene,TAPE,0.673722342879826
HCA_fold2,gene,TAPE,0.147714531173295
HCA_fold2,gene,TAPE,0.458968310400251
HCA_fold2,gene,TAPE,0.500710639516001
HCA_fold2,gene,TAPE,0.519872615311417
HCA_fold2,gene,TAPE,0.359992420348429
HCA_fold2,gene,TAPE,0.25450914505413
HCA_fold2,gene,TAPE,0.0998408768133228
HCA_fold2,gene,TAPE,0.0666300883124542
HCA_fold2,gene,TAPE,0.415918459451753
HCA_fold2,gene,TAPE,0.355515643185687
HCA_fold2,gene,TAPE,0.432071463372181
HCA_fold2,gene,TAPE,0.667048304101404
HCA_fold2,gene,TAPE,0.266594536585777
HCA_fold2,gene,TAPE,0.248828730519238
HCA_fold2,gene,TAPE,0.172216012217185
HCA_fold2,gene,TAPE,0.539081254676972
HCA_fold2,gene,TAPE,0.142443261892819
HCA_fold2,gene,TAPE,0.520198184729637
HCA_fold2,gene,TAPE,0.402469515685198
HCA_fold2,gene,TAPE,0.194887542869526
HCA_fold2,gene,TAPE,0.285392193797145
HCA_fold2,gene,TAPE,0.226119189665106
HCA_fold2,gene,TAPE,0.39105156575271
HCA_fold2,gene,TAPE,0.192596590624379
HCA_fold2,gene,TAPE,0.265723039723402
HCA_fold2,gene,TAPE,0.537800042607569
HCA_fold2,gene,TAPE,0.254060745215654
HCA_fold2,gene,TAPE,0.626400453000638
HCA_fold2,gene,TAPE,0.144709919214724
HCA_fold2,gene,TAPE,0.30509328799448
HCA_fold2,gene,TAPE,-0.0164237675679698
HCA_fold2,gene,TAPE,0.712000970167189
HCA_fold2,gene,TAPE,0.190303142184622
HCA_fold2,gene,TAPE,0.20006700983645
HCA_fold2,gene,TAPE,-0.0580247685577947
HCA_fold2,gene,TAPE,0.227982104809489
HCA_fold2,gene,TAPE,0.440408024685402
HCA_fold2,gene,TAPE,0.487782707119524
HCA_fold2,gene,TAPE,0.164885304504163
HCA_fold2,gene,TAPE,0.533918913484821
HCA_fold2,gene,TAPE,0.292444285858269
HCA_fold2,gene,TAPE,0.506601919456344
HCA_fold2,gene,TAPE,0.213422790262282
HCA_fold2,gene,TAPE,0.494003051646309
HCA_fold2,gene,TAPE,0.218818687995199
HCA_fold2,gene,TAPE,0.32560061126941
HCA_fold2,gene,TAPE,0.326393740081067
HCA_fold2,gene,TAPE,0.255389563516075
HCA_fold2,gene,TAPE,0.403631555977687
HCA_fold2,gene,TAPE,0.572668513591063
HCA_fold2,gene,TAPE,0.250549654354663
HCA_fold2,gene,TAPE,0.393564024288605
HCA_fold2,gene,TAPE,0.272519977868682
HCA_fold2,gene,TAPE,0.548585104953263
HCA_fold2,gene,TAPE,0.407092606731677
HCA_fold2,gene,TAPE,0.312141640864344
HCA_fold2,gene,TAPE,0.270592167777686
HCA_fold2,gene,TAPE,0.402851143666518
HCA_fold2,gene,TAPE,0.166229223496108
HCA_fold2,gene,TAPE,0.15822634698921
HCA_fold2,gene,TAPE,0.495957353932669
HCA_fold2,gene,TAPE,-0.0544225952425954
HCA_fold2,gene,TAPE,0.487259856944639
HCA_fold2,gene,TAPE,0.45893280348592
HCA_fold2,gene,TAPE,0.514195159067281
HCA_fold2,gene,TAPE,-0.0231151580156889
HCA_fold2,gene,TAPE,0.474157425440384
HCA_fold2,gene,TAPE,0.0186811022055945
HCA_fold2,gene,TAPE,0.70699655486719
HCA_fold2,gene,TAPE,0.274410856569438
HCA_fold2,gene,TAPE,0.488876272675473
HCA_fold2,gene,TAPE,0.00134431182083571
HCA_fold2,gene,TAPE,-0.0926847623746879
HCA_fold2,gene,TAPE,-0.0188788830254136
HCA_fold2,gene,TAPE,0.437246378489219
HCA_fold2,gene,TAPE,0.69277790880169
HCA_fold2,gene,TAPE,0.55558886954516
HCA_fold2,gene,TAPE,0.0763657259391915
HCA_fold2,gene,TAPE,0.0152068800523108
HCA_fold2,gene,TAPE,0.27480260019245
HCA_fold2,gene,TAPE,0.369653140969107
HCA_fold2,gene,TAPE,0.212489830153844
HCA_fold2,gene,TAPE,0.0684522045973197
HCA_fold2,gene,TAPE,0.409129794572381
HCA_fold2,gene,TAPE,0.341627006742148
HCA_fold2,gene,TAPE,0.360816605289023
HCA_fold2,gene,TAPE,0.344774157464646
HCA_fold2,gene,TAPE,0.0909538661018559
HCA_fold2,gene,TAPE,0.433902647809887
HCA_fold2,gene,TAPE,0.525851445974041
HCA_fold2,gene,TAPE,0.116083727238698
HCA_fold2,gene,TAPE,0.187119241361498
HCA_fold2,gene,TAPE,0.174907699447078
HCA_fold2,gene,TAPE,0.629001681446095
HCA_fold2,gene,TAPE,0.196821880695213
HCA_fold2,gene,TAPE,0.136329137835361
HCA_fold2,gene,TAPE,0.0450978991214892
HCA_fold2,gene,TAPE,0.0375907920350552
HCA_fold2,gene,TAPE,0.321678532752536
HCA_fold2,gene,TAPE,0.396854948067167
HCA_fold2,gene,TAPE,0.102598558119201
HCA_fold2,gene,TAPE,0.0384280186820839
HCA_fold2,gene,TAPE,0.603002572272077
HCA_fold2,gene,TAPE,0.351105956692073
HCA_fold2,gene,TAPE,0.404413206936975
HCA_fold2,gene,TAPE,0.101673807670273
HCA_fold2,gene,TAPE,0.386135856404843
HCA_fold2,gene,TAPE,0.470759016498278
HCA_fold2,gene,TAPE,0.0752406333033138
HCA_fold2,gene,TAPE,0.514920041029765
HCA_fold2,gene,TAPE,0.148430155581762
HCA_fold2,gene,TAPE,0.194403623105388
HCA_fold2,gene,TAPE,0.0501213779024439
HCA_fold2,gene,TAPE,-0.0187248646056489
HCA_fold2,gene,TAPE,-0.0352158696296104
HCA_fold2,gene,TAPE,0.615651060701091
HCA_fold2,gene,TAPE,0.129045808361511
HCA_fold2,gene,TAPE,-0.132393342711262
HCA_fold2,gene,TAPE,0.316942882597436
HCA_fold2,gene,TAPE,0.276895603712801
HCA_fold2,gene,TAPE,0.194323808403858
HCA_fold2,gene,TAPE,0.0986711157316253
HCA_fold2,gene,TAPE,0.212967918699796
HCA_fold2,gene,TAPE,0.399849049364907
HCA_fold2,gene,TAPE,0.204462626631442
HCA_fold2,gene,TAPE,0.351569011827596
HCA_fold2,gene,TAPE,0.423216839412975
HCA_fold2,gene,TAPE,0.369545627854938
HCA_fold2,gene,TAPE,0.1763650105643
HCA_fold2,gene,TAPE,0.377112167896193
HCA_fold2,gene,TAPE,0.542039849620755
HCA_fold2,gene,TAPE,0.317146562236464
HCA_fold2,gene,TAPE,0.127282532081393
HCA_fold2,gene,TAPE,0.338018610804953
HCA_fold2,gene,TAPE,0.398705797268773
HCA_fold2,gene,TAPE,0.0563165097643356
HCA_fold2,gene,TAPE,0.506928686519857
HCA_fold2,gene,TAPE,0.125788212537966
HCA_fold2,gene,TAPE,0.112878664465923
HCA_fold2,gene,TAPE,0.479946321036138
HCA_fold2,gene,TAPE,0.238517223280696
HCA_fold2,gene,TAPE,0.160993564583946
HCA_fold2,gene,TAPE,-0.00706982180598886
HCA_fold2,gene,TAPE,-0.156685496908291
HCA_fold2,gene,TAPE,0.237543356703149
HCA_fold2,gene,TAPE,0.242001971282668
HCA_fold2,gene,TAPE,0.396215648022327
HCA_fold2,gene,TAPE,0.181679306096996
HCA_fold2,gene,TAPE,0.0639517895210399
HCA_fold2,gene,TAPE,-0.061505205483179
HCA_fold2,gene,TAPE,0.339042569834042
HCA_fold2,gene,TAPE,0.395605296888547
HCA_fold2,gene,TAPE,0.440178448668231
HCA_fold2,gene,TAPE,0.24700746704247
HCA_fold2,gene,TAPE,0.670158351742362
HCA_fold2,gene,TAPE,0.488137930414906
HCA_fold2,gene,TAPE,0.0717012056479271
HCA_fold2,gene,TAPE,0.486678417902283
HCA_fold2,gene,TAPE,0.490541012140791
HCA_fold2,gene,TAPE,0.379785845698298
HCA_fold2,gene,TAPE,-0.0269348503580101
HCA_fold2,gene,TAPE,0.365029377413407
HCA_fold2,gene,TAPE,0.327404781713549
HCA_fold2,gene,TAPE,-0.0380643742636742
HCA_fold2,gene,TAPE,0.0399680486136974
HCA_fold2,gene,TAPE,0.617148687515433
HCA_fold2,gene,TAPE,0.114264304351474
HCA_fold2,gene,TAPE,0.581707852958063
HCA_fold2,gene,TAPE,0.560142362736673
HCA_fold2,gene,TAPE,-0.0124388914606222
HCA_fold2,gene,TAPE,0.459870173301603
HCA_fold2,gene,TAPE,0.498719541299002
HCA_fold2,gene,TAPE,0.416843021917789
HCA_fold2,gene,TAPE,0.218758884196701
HCA_fold2,gene,TAPE,0.599757552502787
HCA_fold2,gene,TAPE,0.377459443191328
HCA_fold2,gene,TAPE,0.436555610646276
HCA_fold2,gene,TAPE,0.318664121015985
HCA_fold2,gene,TAPE,0.699778307861507
HCA_fold2,gene,TAPE,0.273642989099681
HCA_fold2,gene,TAPE,0.0346222376741477
HCA_fold2,gene,TAPE,0.525894915150048
HCA_fold2,gene,TAPE,0.183929432823675
HCA_fold2,gene,TAPE,0.568934509138697
HCA_fold2,gene,TAPE,0.175955912475486
HCA_fold2,gene,TAPE,0.284408697286036
HCA_fold2,gene,TAPE,0.439175034784183
HCA_fold2,gene,TAPE,0.0119427540505238
HCA_fold2,gene,TAPE,0.289895983478972
HCA_fold2,gene,TAPE,0.603532380322821
HCA_fold2,gene,TAPE,0.0727162242358855
HCA_fold2,gene,TAPE,0.246693188525643
HCA_fold2,gene,TAPE,0.391400861824314
HCA_fold2,gene,TAPE,0.178855944599939
HCA_fold2,gene,TAPE,0.446909169346566
HCA_fold2,gene,TAPE,0.329138199542884
HCA_fold2,gene,TAPE,0.45457575295351
HCA_fold2,gene,TAPE,0.515364964335493
HCA_fold2,gene,TAPE,0.250404372230296
HCA_fold2,gene,TAPE,0.2580119821971
HCA_fold2,gene,TAPE,0.626869927382278
HCA_fold2,gene,TAPE,0.192221568210709
HCA_fold2,gene,TAPE,0.109124956320593
HCA_fold2,gene,TAPE,0.384087707084941
HCA_fold2,gene,TAPE,0.439550842507755
HCA_fold2,gene,TAPE,0.694589697707548
HCA_fold2,gene,TAPE,0.34880123182069
HCA_fold2,gene,TAPE,0.354556741529601
HCA_fold2,gene,TAPE,0.408046378303757
HCA_fold2,gene,TAPE,-0.0587313748266019
HCA_fold2,gene,TAPE,0.0857278740292849
HCA_fold2,gene,TAPE,0.423791300375978
HCA_fold2,gene,TAPE,0.419264555124866
HCA_fold2,gene,TAPE,0.574788717467373
HCA_fold2,gene,TAPE,0.224853500966077
HCA_fold2,gene,TAPE,0.498597352304732
HCA_fold2,gene,TAPE,0.220320894915114
HCA_fold2,gene,TAPE,0.298071294561048
HCA_fold2,gene,TAPE,0.109434469199018
HCA_fold2,gene,TAPE,0.378203073320081
HCA_fold2,gene,TAPE,0.247923898146119
HCA_fold2,gene,TAPE,0.588603220943845
HCA_fold2,gene,TAPE,0.588900775532211
HCA_fold2,gene,TAPE,0.148570705435948
HCA_fold2,gene,TAPE,0.425434688549131
HCA_fold2,gene,TAPE,0.404497948481347
HCA_fold2,gene,TAPE,0.102135959430667
HCA_fold2,gene,TAPE,0.328625991918249
HCA_fold2,gene,TAPE,0.417182832242197
HCA_fold2,gene,TAPE,0.194804607191602
HCA_fold2,gene,TAPE,0.114312139983907
HCA_fold2,gene,TAPE,0.206289188133922
HCA_fold2,gene,TAPE,0.136770259447696
HCA_fold2,gene,TAPE,0.249690320162393
HCA_fold2,gene,TAPE,0.603884066944859
HCA_fold2,gene,TAPE,-0.00445936787942986
HCA_fold2,gene,TAPE,0.222073448248145
HCA_fold2,gene,TAPE,0.454184739718594
HCA_fold2,gene,TAPE,0.264637484236957
HCA_fold2,gene,TAPE,0.308252248264397
HCA_fold2,gene,TAPE,0.662143112467568
HCA_fold2,gene,TAPE,0.289130071500503
HCA_fold2,gene,TAPE,0.212527450664541
HCA_fold2,gene,TAPE,0.421455286217666
HCA_fold2,gene,TAPE,0.38126668891484
HCA_fold2,gene,TAPE,0.349992451817967
HCA_fold2,gene,TAPE,0.396902678834353
HCA_fold2,gene,TAPE,0.150563464081285
HCA_fold2,gene,TAPE,0.469247245517597
HCA_fold2,gene,TAPE,0.0623883133443516
HCA_fold2,gene,TAPE,0.159017132277352
HCA_fold2,gene,TAPE,0.452458889599598
HCA_fold2,gene,TAPE,0.46016131593425
HCA_fold2,gene,TAPE,0.325138139709421
HCA_fold2,gene,TAPE,0.184073955877781
HCA_fold2,gene,TAPE,0.290326602740563
HCA_fold2,gene,TAPE,0.14733353500559
HCA_fold2,gene,TAPE,0.325047020435979
HCA_fold2,gene,TAPE,0.353898322621932
HCA_fold2,gene,TAPE,0.466506199739521
HCA_fold2,gene,TAPE,0.541679190123065
HCA_fold2,gene,TAPE,0.193165829642796
HCA_fold2,gene,TAPE,0.559045470936053
HCA_fold2,gene,TAPE,0.266452783563022
HCA_fold2,gene,TAPE,0.255542031289977
HCA_fold2,gene,TAPE,0.51596585214755
HCA_fold2,gene,TAPE,0.421855406809637
HCA_fold2,gene,TAPE,0.387570414091042
HCA_fold2,gene,TAPE,0.259627588085719
HCA_fold2,gene,TAPE,0.217482764740136
HCA_fold2,gene,TAPE,0.212439993722744
HCA_fold2,gene,TAPE,0.118562507223414
HCA_fold2,gene,TAPE,0.225376277218879
HCA_fold2,gene,TAPE,0.125165878583237
HCA_fold2,gene,TAPE,0.336634401013214
HCA_fold2,gene,TAPE,0.589147030635229
HCA_fold2,gene,TAPE,0.630314899455415
HCA_fold2,gene,TAPE,0.0661081097281264
HCA_fold2,gene,TAPE,0.307984931825983
HCA_fold2,gene,TAPE,0.259850578724678
HCA_fold2,gene,TAPE,0.204255292793462
HCA_fold2,gene,TAPE,-0.0251440417993059
HCA_fold2,gene,TAPE,0.336010227691025
HCA_fold2,gene,TAPE,0.165598786491967
HCA_fold2,gene,TAPE,0.0576925014664027
HCA_fold2,gene,TAPE,0.206258737981166
HCA_fold2,gene,TAPE,0.191099846370298
HCA_fold2,gene,TAPE,0.652888597524071
HCA_fold2,gene,TAPE,0.441759997893804
HCA_fold2,gene,TAPE,0.056959389218851
HCA_fold2,gene,TAPE,0.240146429866666
HCA_fold2,gene,TAPE,0.314453806265212
HCA_fold2,gene,TAPE,0.308781210119048
HCA_fold2,gene,TAPE,0.520123743638338
HCA_fold2,gene,TAPE,0.140366218941174
HCA_fold2,gene,TAPE,0.092286754114892
HCA_fold2,gene,TAPE,0.10160965034206
HCA_fold2,gene,TAPE,0.29751946639626
HCA_fold2,gene,TAPE,0.597451492510174
HCA_fold2,gene,TAPE,0.412197922115087
HCA_fold2,gene,TAPE,0.431843943193812
HCA_fold2,gene,TAPE,0.274106200721346
HCA_fold2,gene,TAPE,-0.0124511148074071
HCA_fold2,gene,TAPE,0.470114023689918
HCA_fold2,gene,TAPE,0.14034650442478
HCA_fold2,gene,TAPE,0.618785241338366
HCA_fold2,gene,TAPE,0.160688937059976
HCA_fold2,gene,TAPE,0.304446010823971
HCA_fold2,gene,TAPE,0.372841475525818
HCA_fold2,gene,TAPE,0.110179491315433
HCA_fold2,gene,TAPE,0.119640642371037
HCA_fold2,gene,TAPE,0.169291183524575
HCA_fold2,gene,TAPE,0.34622416281086
HCA_fold2,gene,TAPE,0.0541317478876618
HCA_fold2,gene,TAPE,0.276413495120138
HCA_fold2,gene,TAPE,0.427183791585015
HCA_fold2,gene,TAPE,0.0997516181123738
HCA_fold2,gene,TAPE,-0.0169472028084975
HCA_fold2,gene,TAPE,0.160699334578814
HCA_fold2,gene,TAPE,0.531359108397633
HCA_fold2,gene,TAPE,0.247258425243316
HCA_fold2,gene,TAPE,0.220392274585935
HCA_fold2,gene,TAPE,0.457986685764063
HCA_fold2,gene,TAPE,0.0728204489478715
HCA_fold2,gene,TAPE,0.267300613879333
HCA_fold2,gene,TAPE,-0.0776102632758044
HCA_fold2,gene,TAPE,0.36234696796954
HCA_fold2,gene,TAPE,0.118902032002275
HCA_fold2,gene,TAPE,0.298049535510865
HCA_fold2,gene,TAPE,0.361776816031755
HCA_fold2,gene,TAPE,0.550043055331837
HCA_fold2,gene,TAPE,0.239890506822054
HCA_fold2,gene,TAPE,0.369134942704855
HCA_fold2,gene,TAPE,0.240203624665343
HCA_fold2,gene,TAPE,0.266189410929047
HCA_fold2,gene,TAPE,0.308022241376565
HCA_fold2,gene,TAPE,0.580070760762315
HCA_fold2,gene,TAPE,0.222818462785012
HCA_fold2,gene,TAPE,0.430161868795843
HCA_fold2,gene,TAPE,0.26816396276647
HCA_fold2,gene,TAPE,0.109335140513009
HCA_fold2,gene,TAPE,0.486435740390344
HCA_fold2,gene,TAPE,-0.0250970418569574
HCA_fold2,gene,TAPE,0.387122222970867
HCA_fold2,gene,TAPE,0.0171687192286259
HCA_fold2,gene,TAPE,0.198699534112139
HCA_fold2,gene,TAPE,0.341750347380866
HCA_fold2,gene,TAPE,0.345128651760625
HCA_fold2,gene,TAPE,0.270891171634444
HCA_fold2,gene,TAPE,0.260111530295039
HCA_fold2,gene,TAPE,0.432226817989575
HCA_fold2,gene,TAPE,0.566523931480417
HCA_fold2,gene,TAPE,0.153313046487989
HCA_fold2,gene,TAPE,0.16294551801772
HCA_fold2,gene,TAPE,0.170532086127216
HCA_fold2,gene,TAPE,0.0872386765257082
HCA_fold2,gene,TAPE,0.236094320302409
HCA_fold2,gene,TAPE,0.146114527382338
HCA_fold2,gene,TAPE,0.467225419399774
HCA_fold2,gene,TAPE,0.192695345215097
HCA_fold2,gene,TAPE,0.534483586883064
HCA_fold2,gene,TAPE,-0.0554122767923598
HCA_fold2,gene,TAPE,0.224995557195772
HCA_fold2,gene,TAPE,0.0230474573978449
HCA_fold2,gene,TAPE,0.415820844205471
HCA_fold2,gene,TAPE,0.436124960799736
HCA_fold2,gene,TAPE,0.414984686738073
HCA_fold2,gene,TAPE,0.111407704646871
HCA_fold2,gene,TAPE,0.211820764783413
HCA_fold2,gene,TAPE,0.480123976847577
HCA_fold2,gene,TAPE,0.493602982288453
HCA_fold2,gene,TAPE,0.299649454064921
HCA_fold2,gene,TAPE,0.534512895732931
HCA_fold2,gene,TAPE,0.505315069026804
HCA_fold2,gene,TAPE,0.363433243072872
HCA_fold2,gene,TAPE,0.292208537695475
HCA_fold2,gene,TAPE,0.360836587390657
HCA_fold2,gene,TAPE,0.163845146418573
HCA_fold2,gene,TAPE,0.146218809468701
HCA_fold2,gene,TAPE,0.490493675630059
HCA_fold2,gene,TAPE,0.215390405355648
HCA_fold2,gene,TAPE,0.605346504929166
HCA_fold2,gene,TAPE,0.467501498258596
HCA_fold2,gene,TAPE,0.621287375074024
HCA_fold2,gene,TAPE,0.451768780042993
HCA_fold2,gene,TAPE,0.286843236126054
HCA_fold2,gene,TAPE,0.384061847428012
HCA_fold2,gene,TAPE,0.346442521762324
HCA_fold2,gene,TAPE,0.437875719663907
HCA_fold2,gene,TAPE,0.265775464237854
HCA_fold2,gene,TAPE,0.191506554191419
HCA_fold2,gene,TAPE,0.112671099197277
HCA_fold2,gene,TAPE,0.353646937537458
HCA_fold2,gene,TAPE,0.0818747134849639
HCA_fold2,gene,TAPE,0.210214811485105
HCA_fold2,gene,TAPE,0.233958011955373
HCA_fold2,gene,TAPE,0.23082969349009
HCA_fold2,gene,TAPE,0.328414993962717
HCA_fold2,gene,TAPE,-0.0197215674427631
HCA_fold2,gene,TAPE,0.249956795969243
HCA_fold2,gene,TAPE,0.0367593859046489
HCA_fold2,gene,TAPE,0.289585066389218
HCA_fold2,gene,TAPE,0.139715651393667
HCA_fold2,gene,TAPE,0.419793578671607
HCA_fold2,gene,TAPE,0.0373730696907922
HCA_fold2,gene,TAPE,0.517892135140891
HCA_fold2,gene,TAPE,0.174506332791849
HCA_fold2,gene,TAPE,0.194809894513195
HCA_fold2,gene,TAPE,0.505666543608275
HCA_fold2,gene,TAPE,0.281121093152571
HCA_fold2,gene,TAPE,0.199472824569132
HCA_fold2,gene,TAPE,0.353629331740888
HCA_fold2,gene,TAPE,0.0637112700264999
HCA_fold2,gene,TAPE,0.171661789437615
HCA_fold2,gene,TAPE,0.0499817524374595
HCA_fold2,gene,TAPE,0.22882036058209
HCA_fold2,gene,TAPE,0.0415548904680651
HCA_fold2,gene,TAPE,0.132852333203049
HCA_fold2,gene,TAPE,0.240000695940086
HCA_fold2,gene,TAPE,0.177736083608344
HCA_fold2,gene,TAPE,0.0516289800769941
HCA_fold2,gene,TAPE,-0.0537031596951795
HCA_fold2,gene,TAPE,0.251664243106256
HCA_fold2,gene,TAPE,0.181998994734448
HCA_fold2,gene,TAPE,0.264743237297529
HCA_fold2,gene,TAPE,0.298105114258219
HCA_fold2,gene,TAPE,0.313075040687448
HCA_fold2,gene,TAPE,0.360966830886454
HCA_fold2,gene,TAPE,0.351417821164605
HCA_fold2,gene,TAPE,0.582928016744295
HCA_fold2,gene,TAPE,0.310654193126707
HCA_fold2,gene,TAPE,0.3061999038836
HCA_fold2,gene,TAPE,0.13450801154436
HCA_fold2,gene,TAPE,0.0206132928458838
HCA_fold2,gene,TAPE,0.100984725788805
HCA_fold2,gene,TAPE,0.213381330512236
HCA_fold2,gene,TAPE,0.472628045566295
HCA_fold2,gene,TAPE,0.112847995610831
HCA_fold2,gene,TAPE,0.32480271433219
HCA_fold2,gene,TAPE,0.271375952872617
HCA_fold2,gene,TAPE,0.184872439322295
HCA_fold2,gene,TAPE,0.0648044239503951
HCA_fold2,gene,TAPE,0.212669937034938
HCA_fold2,gene,TAPE,0.280695584290852
HCA_fold2,gene,TAPE,0.103972136903078
HCA_fold2,gene,TAPE,0.242048153937061
HCA_fold2,gene,TAPE,0.215021417470063
HCA_fold2,gene,TAPE,0.293198703204118
HCA_fold2,gene,TAPE,0.363366606569907
HCA_fold2,gene,TAPE,0.331720833631809
HCA_fold2,gene,TAPE,0.263700712804757
HCA_fold2,gene,TAPE,0.364568632170039
HCA_fold2,gene,TAPE,0.315236274400518
HCA_fold2,gene,TAPE,0.523840903788038
HCA_fold2,gene,TAPE,0.0916299821118489
HCA_fold2,gene,TAPE,0.308015859980654
HCA_fold2,gene,TAPE,0.381073485995621
HCA_fold2,gene,TAPE,0.293901474914483
HCA_fold2,gene,TAPE,-0.0303629737819355
HCA_fold2,gene,TAPE,0.00157436267226638
HCA_fold2,gene,TAPE,0.31193181529422
HCA_fold2,gene,TAPE,0.251501232600603
HCA_fold2,gene,TAPE,0.28252214215916
HCA_fold2,gene,TAPE,0.378891502250713
HCA_fold2,gene,TAPE,0.306992416328568
HCA_fold2,gene,TAPE,0.29905488557712
HCA_fold2,gene,TAPE,0.082543232319332
HCA_fold2,gene,TAPE,0.165838303495441
HCA_fold2,gene,TAPE,0.247387896403259
HCA_fold2,gene,TAPE,0.114280376020379
HCA_fold2,gene,TAPE,0.364897066859592
HCA_fold2,gene,TAPE,0.386326824615959
HCA_fold2,gene,TAPE,0.349011804879917
HCA_fold2,gene,TAPE,0.371757992667783
HCA_fold2,gene,TAPE,0.388186250386871
HCA_fold2,gene,TAPE,0.35505953261325
HCA_fold2,gene,TAPE,0.386576313956531
HCA_fold2,gene,TAPE,0.301244566332182
HCA_fold2,gene,TAPE,0.179399646508477
HCA_fold2,gene,TAPE,-0.0403009445844885
HCA_fold2,gene,TAPE,0.231578317383755
HCA_fold2,gene,TAPE,0.282590431302357
HCA_fold2,gene,TAPE,0.34891337897558
HCA_fold2,gene,TAPE,0.320337258366778
HCA_fold2,gene,TAPE,0.401264869858438
HCA_fold2,gene,TAPE,0.559434653688202
HCA_fold2,gene,TAPE,0.275957875038967
HCA_fold2,gene,TAPE,0.258307661652991
HCA_fold2,gene,TAPE,-0.152679177474188
HCA_fold2,gene,TAPE,0.22596896657769
HCA_fold2,gene,TAPE,0.244208007165947
HCA_fold2,gene,TAPE,0.525081690903253
HCA_fold2,gene,TAPE,0.0233236983039085
HCA_fold2,gene,TAPE,0.0508928382870994
HCA_fold2,gene,TAPE,0.539163718274898
HCA_fold2,gene,TAPE,0.4889010211949
HCA_fold2,gene,TAPE,0.322598671058394
HCA_fold2,gene,TAPE,0.410027716482908
HCA_fold2,gene,TAPE,0.22016695951191
HCA_fold2,gene,TAPE,0.211692548633384
HCA_fold2,gene,TAPE,0.0745954167422153
HCA_fold2,gene,TAPE,0.298823240233157
HCA_fold2,gene,TAPE,0.459389039189203
HCA_fold2,gene,TAPE,0.280912355306007
HCA_fold2,gene,TAPE,0.335732890184477
HCA_fold2,gene,TAPE,0.63306351176281
HCA_fold2,gene,TAPE,0.379005670821814
HCA_fold2,gene,TAPE,0.351749075945198
HCA_fold2,gene,TAPE,0.55817077770912
HCA_fold2,gene,TAPE,0.330285813437704
HCA_fold2,gene,TAPE,0.348099870313783
HCA_fold2,gene,TAPE,0.548386890957584
HCA_fold2,gene,TAPE,0.0851852460428367
HCA_fold2,gene,TAPE,0.0943409272205346
HCA_fold2,gene,TAPE,0.41662687836447
HCA_fold2,gene,TAPE,0.143255110679011
HCA_fold2,gene,TAPE,0.311864461343799
HCA_fold2,gene,TAPE,0.415199050185717
HCA_fold2,gene,TAPE,0.340800205297603
HCA_fold2,gene,TAPE,0.254093268769952
HCA_fold2,gene,TAPE,0.260994748472591
HCA_fold2,gene,TAPE,0.37086608582489
HCA_fold2,gene,TAPE,0.269702383685759
HCA_fold2,gene,TAPE,0.0485585257750285
HCA_fold2,gene,TAPE,0.285325527497755
HCA_fold2,gene,TAPE,0.0509257389731143
HCA_fold2,gene,TAPE,0.220641337185669
HCA_fold2,gene,TAPE,0.599617645876616
HCA_fold2,gene,TAPE,0.35640325417082
HCA_fold2,gene,TAPE,0.640214966459503
HCA_fold2,gene,TAPE,0.260551091550996
HCA_fold2,gene,TAPE,0.377574975968392
HCA_fold2,gene,TAPE,0.220138006486415
HCA_fold2,gene,TAPE,0.369626455316255
HCA_fold2,gene,TAPE,-0.0366252308415459
HCA_fold2,gene,TAPE,0.52308221837276
HCA_fold2,gene,TAPE,0.0794383524017916
HCA_fold2,gene,TAPE,0.365214053214712
HCA_fold2,gene,TAPE,0.146705710503485
HCA_fold2,gene,TAPE,-0.0241777856300507
HCA_fold2,gene,TAPE,0.342310081087558
HCA_fold2,gene,TAPE,0.250876722011704
HCA_fold2,gene,TAPE,0.147367194687275
HCA_fold2,gene,TAPE,0.51774922983379
HCA_fold2,gene,TAPE,0.0172603592147436
HCA_fold2,gene,TAPE,0.0694752917522471
HCA_fold2,gene,TAPE,0.164217905167164
HCA_fold2,gene,TAPE,0.339454695939111
HCA_fold2,gene,TAPE,0.635252493388541
HCA_fold2,gene,TAPE,0.270040165951185
HCA_fold2,gene,TAPE,-0.021356907936523
HCA_fold2,gene,TAPE,0.137787533766898
HCA_fold2,gene,TAPE,0.0662679502119905
HCA_fold2,gene,TAPE,0.378987870778488
HCA_fold2,gene,TAPE,0.0455011570392318
HCA_fold2,gene,TAPE,0.0825101464500559
HCA_fold2,gene,TAPE,0.198326938149008
HCA_fold2,gene,TAPE,0.402514646377107
HCA_fold2,gene,TAPE,0.0801431434558919
HCA_fold2,gene,TAPE,0.211439699558447
HCA_fold2,gene,TAPE,0.329529430489421
HCA_fold2,gene,TAPE,0.369359857657148
HCA_fold2,gene,TAPE,0.20831328337646
HCA_fold2,gene,TAPE,0.350895731721213
HCA_fold2,gene,TAPE,0.368718026777243
HCA_fold2,gene,TAPE,0.289365452810235
HCA_fold2,gene,TAPE,0.639604784961582
HCA_fold2,gene,TAPE,0.405051893037678
HCA_fold2,gene,TAPE,0.425853941909164
HCA_fold2,gene,TAPE,0.0914528247429799
HCA_fold2,gene,TAPE,0.364907719924733
HCA_fold2,gene,TAPE,0.181167801993037
HCA_fold2,gene,TAPE,0.374328045291172
HCA_fold2,gene,TAPE,0.0664130083471029
HCA_fold2,gene,TAPE,0.0144973249932546
HCA_fold2,gene,TAPE,0.167838066447967
HCA_fold2,gene,TAPE,0.112333343413778
HCA_fold2,gene,TAPE,0.323451820748445
HCA_fold2,gene,TAPE,0.241501360846084
HCA_fold2,gene,TAPE,0.417918717135768
HCA_fold2,gene,TAPE,-0.0225579947370039
HCA_fold2,gene,TAPE,0.321661652450236
HCA_fold2,gene,TAPE,0.482760076140052
HCA_fold2,gene,TAPE,0.326702503386852
HCA_fold2,gene,TAPE,0.228803927717576
HCA_fold2,gene,TAPE,0.0451633312516785
HCA_fold2,gene,TAPE,0.248376260415522
HCA_fold2,gene,TAPE,0.1147716951292
HCA_fold2,gene,TAPE,0.385649150102043
HCA_fold2,gene,TAPE,1.51852635874028e-05
HCA_fold2,gene,TAPE,0.372790049084511
HCA_fold2,gene,TAPE,0.290685479949497
HCA_fold2,gene,TAPE,0.451742795311937
HCA_fold2,gene,TAPE,0.0164626933613533
HCA_fold2,gene,TAPE,0.143162219798094
HCA_fold2,gene,TAPE,0.109821898162169
HCA_fold2,gene,TAPE,0.0490716808404436
HCA_fold2,gene,TAPE,0.48149468492706
HCA_fold2,gene,TAPE,0.381703103846922
HCA_fold2,gene,TAPE,0.442600083445051
HCA_fold2,gene,TAPE,-0.237338685036599
HCA_fold2,gene,TAPE,0.13762297175032
HCA_fold2,gene,TAPE,0.135951528290807
HCA_fold2,gene,TAPE,0.501576997638852
HCA_fold2,gene,TAPE,0.409577561590172
HCA_fold2,gene,TAPE,0.0427296679438097
HCA_fold2,gene,DeconvSC,0.68544409617911
HCA_fold2,gene,DeconvSC,0.806451960015813
HCA_fold2,gene,DeconvSC,0.0677063873150267
HCA_fold2,gene,DeconvSC,0.323072858708504
HCA_fold2,gene,DeconvSC,0.508484428961561
HCA_fold2,gene,DeconvSC,0.843228460535413
HCA_fold2,gene,DeconvSC,0.774778479604145
HCA_fold2,gene,DeconvSC,0.634637563066159
HCA_fold2,gene,DeconvSC,0.700605663377183
HCA_fold2,gene,DeconvSC,0.268559030848538
HCA_fold2,gene,DeconvSC,0.254084731151376
HCA_fold2,gene,DeconvSC,0.61073611608346
HCA_fold2,gene,DeconvSC,0.449890018762059
HCA_fold2,gene,DeconvSC,0.680774472885974
HCA_fold2,gene,DeconvSC,0.447149702678903
HCA_fold2,gene,DeconvSC,0.545219197437477
HCA_fold2,gene,DeconvSC,0.157922472057752
HCA_fold2,gene,DeconvSC,0.550318868670002
HCA_fold2,gene,DeconvSC,0.643271078736926
HCA_fold2,gene,DeconvSC,0.726321933301516
HCA_fold2,gene,DeconvSC,0.678247307755552
HCA_fold2,gene,DeconvSC,0.40583119778407
HCA_fold2,gene,DeconvSC,0.824639806576143
HCA_fold2,gene,DeconvSC,0.874410670887867
HCA_fold2,gene,DeconvSC,0.542766164519925
HCA_fold2,gene,DeconvSC,0.747585027497393
HCA_fold2,gene,DeconvSC,0.661190646457978
HCA_fold2,gene,DeconvSC,0.646339206954602
HCA_fold2,gene,DeconvSC,0.494617613774207
HCA_fold2,gene,DeconvSC,0.488819208128442
HCA_fold2,gene,DeconvSC,0.543371811073247
HCA_fold2,gene,DeconvSC,0.619071870256039
HCA_fold2,gene,DeconvSC,0.43017567227003
HCA_fold2,gene,DeconvSC,0.784972687000756
HCA_fold2,gene,DeconvSC,0.917922362943968
HCA_fold2,gene,DeconvSC,0.85345810857588
HCA_fold2,gene,DeconvSC,0.76502907002382
HCA_fold2,gene,DeconvSC,0.854264489003705
HCA_fold2,gene,DeconvSC,0.620980835345538
HCA_fold2,gene,DeconvSC,0.835486245867194
HCA_fold2,gene,DeconvSC,0.683057330096594
HCA_fold2,gene,DeconvSC,0.712444484224101
HCA_fold2,gene,DeconvSC,0.793720238036823
HCA_fold2,gene,DeconvSC,0.706008274598947
HCA_fold2,gene,DeconvSC,0.312090330855525
HCA_fold2,gene,DeconvSC,0.146022274655601
HCA_fold2,gene,DeconvSC,0.635239993161706
HCA_fold2,gene,DeconvSC,0.382471112426457
HCA_fold2,gene,DeconvSC,0.734281349203941
HCA_fold2,gene,DeconvSC,0.497331119568019
HCA_fold2,gene,DeconvSC,0.746379668141659
HCA_fold2,gene,DeconvSC,0.241601594038193
HCA_fold2,gene,DeconvSC,0.708636847923982
HCA_fold2,gene,DeconvSC,0.272648823449281
HCA_fold2,gene,DeconvSC,0.545716671014777
HCA_fold2,gene,DeconvSC,0.649507035950434
HCA_fold2,gene,DeconvSC,0.782715752754781
HCA_fold2,gene,DeconvSC,0.528899500627018
HCA_fold2,gene,DeconvSC,0.564478643078682
HCA_fold2,gene,DeconvSC,0.55028435398809
HCA_fold2,gene,DeconvSC,0.830282561619972
HCA_fold2,gene,DeconvSC,0.479081288666246
HCA_fold2,gene,DeconvSC,0.510182243113982
HCA_fold2,gene,DeconvSC,0.682084295325498
HCA_fold2,gene,DeconvSC,0.525157185655675
HCA_fold2,gene,DeconvSC,0.518843204430958
HCA_fold2,gene,DeconvSC,0.690520427756883
HCA_fold2,gene,DeconvSC,0.788951371673801
HCA_fold2,gene,DeconvSC,0.647847000277046
HCA_fold2,gene,DeconvSC,0.589795102745135
HCA_fold2,gene,DeconvSC,0.732609462664098
HCA_fold2,gene,DeconvSC,0.3497345682668
HCA_fold2,gene,DeconvSC,0.759538328880824
HCA_fold2,gene,DeconvSC,0.426842712215724
HCA_fold2,gene,DeconvSC,0.625837277761384
HCA_fold2,gene,DeconvSC,0.433463313021492
HCA_fold2,gene,DeconvSC,0.904978322801901
HCA_fold2,gene,DeconvSC,0.925386686796356
HCA_fold2,gene,DeconvSC,0.776922739859312
HCA_fold2,gene,DeconvSC,0.230557414661403
HCA_fold2,gene,DeconvSC,0.527145784277869
HCA_fold2,gene,DeconvSC,0.75925344076923
HCA_fold2,gene,DeconvSC,0.816111824699765
HCA_fold2,gene,DeconvSC,0.722956048270078
HCA_fold2,gene,DeconvSC,0.607032770508238
HCA_fold2,gene,DeconvSC,0.734888537081283
HCA_fold2,gene,DeconvSC,0.468038995595757
HCA_fold2,gene,DeconvSC,0.884879747152746
HCA_fold2,gene,DeconvSC,0.728155496219004
HCA_fold2,gene,DeconvSC,0.502611106613722
HCA_fold2,gene,DeconvSC,0.594411891304859
HCA_fold2,gene,DeconvSC,0.254001515422052
HCA_fold2,gene,DeconvSC,0.534881814676571
HCA_fold2,gene,DeconvSC,0.573399152214503
HCA_fold2,gene,DeconvSC,0.248122280652171
HCA_fold2,gene,DeconvSC,0.749964055899446
HCA_fold2,gene,DeconvSC,0.520788821487946
HCA_fold2,gene,DeconvSC,0.616409942101064
HCA_fold2,gene,DeconvSC,0.544875930537008
HCA_fold2,gene,DeconvSC,0.529314795971489
HCA_fold2,gene,DeconvSC,0.712911464364406
HCA_fold2,gene,DeconvSC,0.780896223392777
HCA_fold2,gene,DeconvSC,0.470452034083467
HCA_fold2,gene,DeconvSC,0.868711106855369
HCA_fold2,gene,DeconvSC,0.879781224286065
HCA_fold2,gene,DeconvSC,0.724701354100572
HCA_fold2,gene,DeconvSC,0.343164703635374
HCA_fold2,gene,DeconvSC,0.603521512719271
HCA_fold2,gene,DeconvSC,0.748028713541205
HCA_fold2,gene,DeconvSC,0.462997895126648
HCA_fold2,gene,DeconvSC,0.468880945593365
HCA_fold2,gene,DeconvSC,0.772012869279333
HCA_fold2,gene,DeconvSC,0.701319240260596
HCA_fold2,gene,DeconvSC,0.85734298806508
HCA_fold2,gene,DeconvSC,0.394750006949783
HCA_fold2,gene,DeconvSC,0.381225052802981
HCA_fold2,gene,DeconvSC,0.587439842301542
HCA_fold2,gene,DeconvSC,0.690649459908555
HCA_fold2,gene,DeconvSC,0.417126739503149
HCA_fold2,gene,DeconvSC,0.46030444759733
HCA_fold2,gene,DeconvSC,0.859647700366092
HCA_fold2,gene,DeconvSC,0.262140672762337
HCA_fold2,gene,DeconvSC,0.59862946780688
HCA_fold2,gene,DeconvSC,0.689781939321713
HCA_fold2,gene,DeconvSC,0.648213743990333
HCA_fold2,gene,DeconvSC,0.216517988000733
HCA_fold2,gene,DeconvSC,0.551953136559091
HCA_fold2,gene,DeconvSC,0.712706068651826
HCA_fold2,gene,DeconvSC,0.407736987464049
HCA_fold2,gene,DeconvSC,0.489119513103257
HCA_fold2,gene,DeconvSC,0.625530132349216
HCA_fold2,gene,DeconvSC,0.810449752448027
HCA_fold2,gene,DeconvSC,0.641451199932637
HCA_fold2,gene,DeconvSC,0.769418110418826
HCA_fold2,gene,DeconvSC,0.800112165207604
HCA_fold2,gene,DeconvSC,0.299305189275978
HCA_fold2,gene,DeconvSC,0.469476615045671
HCA_fold2,gene,DeconvSC,0.406145338678641
HCA_fold2,gene,DeconvSC,0.830785649406414
HCA_fold2,gene,DeconvSC,0.635368748582003
HCA_fold2,gene,DeconvSC,0.72528517700776
HCA_fold2,gene,DeconvSC,0.215772114804322
HCA_fold2,gene,DeconvSC,0.142251703059067
HCA_fold2,gene,DeconvSC,0.21450947279922
HCA_fold2,gene,DeconvSC,0.543295577536225
HCA_fold2,gene,DeconvSC,0.503079871303496
HCA_fold2,gene,DeconvSC,0.572542185127288
HCA_fold2,gene,DeconvSC,0.804086160335702
HCA_fold2,gene,DeconvSC,0.388872533835035
HCA_fold2,gene,DeconvSC,0.425364833703719
HCA_fold2,gene,DeconvSC,0.712395809097109
HCA_fold2,gene,DeconvSC,0.618696949969147
HCA_fold2,gene,DeconvSC,0.680391017934452
HCA_fold2,gene,DeconvSC,0.930590780454372
HCA_fold2,gene,DeconvSC,0.731815503123383
HCA_fold2,gene,DeconvSC,0.708700561126186
HCA_fold2,gene,DeconvSC,0.549726220236303
HCA_fold2,gene,DeconvSC,0.38719548890402
HCA_fold2,gene,DeconvSC,0.514859862729454
HCA_fold2,gene,DeconvSC,0.540575183757124
HCA_fold2,gene,DeconvSC,0.794053042348133
HCA_fold2,gene,DeconvSC,0.327379980316152
HCA_fold2,gene,DeconvSC,0.681129859367571
HCA_fold2,gene,DeconvSC,0.57706828208643
HCA_fold2,gene,DeconvSC,0.558954421128039
HCA_fold2,gene,DeconvSC,0.585724232720136
HCA_fold2,gene,DeconvSC,0.833964999326541
HCA_fold2,gene,DeconvSC,0.618411739680416
HCA_fold2,gene,DeconvSC,0.778914160254094
HCA_fold2,gene,DeconvSC,0.674782293786566
HCA_fold2,gene,DeconvSC,0.259359950303904
HCA_fold2,gene,DeconvSC,0.207972007243665
HCA_fold2,gene,DeconvSC,0.490004952578583
HCA_fold2,gene,DeconvSC,0.617837327110723
HCA_fold2,gene,DeconvSC,0.496191749904575
HCA_fold2,gene,DeconvSC,0.812628984941846
HCA_fold2,gene,DeconvSC,0.595741195147586
HCA_fold2,gene,DeconvSC,0.684423686205928
HCA_fold2,gene,DeconvSC,0.662944353157739
HCA_fold2,gene,DeconvSC,0.447367870868869
HCA_fold2,gene,DeconvSC,0.212437404837825
HCA_fold2,gene,DeconvSC,0.712738117659064
HCA_fold2,gene,DeconvSC,0.855546571351195
HCA_fold2,gene,DeconvSC,0.578672814155433
HCA_fold2,gene,DeconvSC,0.335101346987253
HCA_fold2,gene,DeconvSC,0.88273704638509
HCA_fold2,gene,DeconvSC,0.51000482567908
HCA_fold2,gene,DeconvSC,0.569215863760876
HCA_fold2,gene,DeconvSC,0.433392715257616
HCA_fold2,gene,DeconvSC,0.405141523074324
HCA_fold2,gene,DeconvSC,0.776575014516731
HCA_fold2,gene,DeconvSC,0.256973102420446
HCA_fold2,gene,DeconvSC,0.649368642020011
HCA_fold2,gene,DeconvSC,0.366991313558487
HCA_fold2,gene,DeconvSC,0.157046532749152
HCA_fold2,gene,DeconvSC,0.730884968420017
HCA_fold2,gene,DeconvSC,0.849677299860552
HCA_fold2,gene,DeconvSC,0.746466493908962
HCA_fold2,gene,DeconvSC,0.705477393577711
HCA_fold2,gene,DeconvSC,0.55251546734737
HCA_fold2,gene,DeconvSC,0.446328302780721
HCA_fold2,gene,DeconvSC,0.748182992518623
HCA_fold2,gene,DeconvSC,0.555446679204999
HCA_fold2,gene,DeconvSC,0.750290672689145
HCA_fold2,gene,DeconvSC,0.841634518709508
HCA_fold2,gene,DeconvSC,0.914612401566249
HCA_fold2,gene,DeconvSC,0.49165781904728
HCA_fold2,gene,DeconvSC,0.699500615914104
HCA_fold2,gene,DeconvSC,0.588450142588123
HCA_fold2,gene,DeconvSC,0.763480082115032
HCA_fold2,gene,DeconvSC,0.363960246918006
HCA_fold2,gene,DeconvSC,0.712832381109741
HCA_fold2,gene,DeconvSC,0.226965844949745
HCA_fold2,gene,DeconvSC,0.729499334144423
HCA_fold2,gene,DeconvSC,0.816071083133864
HCA_fold2,gene,DeconvSC,0.582531409617692
HCA_fold2,gene,DeconvSC,0.0863453384535809
HCA_fold2,gene,DeconvSC,0.101273371552606
HCA_fold2,gene,DeconvSC,0.494245972534796
HCA_fold2,gene,DeconvSC,0.47092174252767
HCA_fold2,gene,DeconvSC,0.771070959970229
HCA_fold2,gene,DeconvSC,0.330626758829395
HCA_fold2,gene,DeconvSC,0.198140235244106
HCA_fold2,gene,DeconvSC,0.794150806906704
HCA_fold2,gene,DeconvSC,0.80730557470718
HCA_fold2,gene,DeconvSC,0.261283125391265
HCA_fold2,gene,DeconvSC,0.502013053644012
HCA_fold2,gene,DeconvSC,0.246636615135064
HCA_fold2,gene,DeconvSC,0.890210861229741
HCA_fold2,gene,DeconvSC,0.475444774435434
HCA_fold2,gene,DeconvSC,0.678552915254581
HCA_fold2,gene,DeconvSC,0.126969142553725
HCA_fold2,gene,DeconvSC,0.486419723380861
HCA_fold2,gene,DeconvSC,0.339679950479967
HCA_fold2,gene,DeconvSC,0.180656899355817
HCA_fold2,gene,DeconvSC,0.606127198040262
HCA_fold2,gene,DeconvSC,0.685944578251597
HCA_fold2,gene,DeconvSC,0.75992091927187
HCA_fold2,gene,DeconvSC,0.421179042916048
HCA_fold2,gene,DeconvSC,0.188852090513714
HCA_fold2,gene,DeconvSC,0.642959642687881
HCA_fold2,gene,DeconvSC,0.389820431629243
HCA_fold2,gene,DeconvSC,0.299495191304934
HCA_fold2,gene,DeconvSC,0.475962236086701
HCA_fold2,gene,DeconvSC,0.457901504934826
HCA_fold2,gene,DeconvSC,0.429681162132877
HCA_fold2,gene,DeconvSC,0.760744387756202
HCA_fold2,gene,DeconvSC,0.635985153046009
HCA_fold2,gene,DeconvSC,0.390757995400727
HCA_fold2,gene,DeconvSC,0.764275241058134
HCA_fold2,gene,DeconvSC,0.778306020206989
HCA_fold2,gene,DeconvSC,0.828746450035546
HCA_fold2,gene,DeconvSC,0.949255593558939
HCA_fold2,gene,DeconvSC,0.364581638382621
HCA_fold2,gene,DeconvSC,0.474266723895828
HCA_fold2,gene,DeconvSC,0.114902580177538
HCA_fold2,gene,DeconvSC,0.485963552760752
HCA_fold2,gene,DeconvSC,0.835394269297134
HCA_fold2,gene,DeconvSC,0.829911537102528
HCA_fold2,gene,DeconvSC,0.414535419881043
HCA_fold2,gene,DeconvSC,0.519578838861536
HCA_fold2,gene,DeconvSC,0.534706319912915
HCA_fold2,gene,DeconvSC,0.720926424419547
HCA_fold2,gene,DeconvSC,0.803867705073685
HCA_fold2,gene,DeconvSC,0.846416619731949
HCA_fold2,gene,DeconvSC,0.669091880527915
HCA_fold2,gene,DeconvSC,0.828975920385028
HCA_fold2,gene,DeconvSC,0.773473963712503
HCA_fold2,gene,DeconvSC,0.703767214014869
HCA_fold2,gene,DeconvSC,0.843687766920422
HCA_fold2,gene,DeconvSC,0.249287944396775
HCA_fold2,gene,DeconvSC,0.702111956344088
HCA_fold2,gene,DeconvSC,0.724908553807872
HCA_fold2,gene,DeconvSC,0.880260311988616
HCA_fold2,gene,DeconvSC,0.806341898220204
HCA_fold2,gene,DeconvSC,0.718402190510357
HCA_fold2,gene,DeconvSC,0.275631990192304
HCA_fold2,gene,DeconvSC,0.820096881737093
HCA_fold2,gene,DeconvSC,0.801633657076416
HCA_fold2,gene,DeconvSC,0.660478728029291
HCA_fold2,gene,DeconvSC,0.342468638086938
HCA_fold2,gene,DeconvSC,0.586723131602788
HCA_fold2,gene,DeconvSC,0.353958023194798
HCA_fold2,gene,DeconvSC,0.565418599626315
HCA_fold2,gene,DeconvSC,0.773150695153201
HCA_fold2,gene,DeconvSC,0.836956639621645
HCA_fold2,gene,DeconvSC,0.294827806844309
HCA_fold2,gene,DeconvSC,0.285572403434592
HCA_fold2,gene,DeconvSC,0.726284401146762
HCA_fold2,gene,DeconvSC,0.528115536644173
HCA_fold2,gene,DeconvSC,0.477422270323416
HCA_fold2,gene,DeconvSC,0.640971989237962
HCA_fold2,gene,DeconvSC,0.15202074806484
HCA_fold2,gene,DeconvSC,0.719052382782507
HCA_fold2,gene,DeconvSC,0.849705662132344
HCA_fold2,gene,DeconvSC,0.63361671576781
HCA_fold2,gene,DeconvSC,0.152299247644578
HCA_fold2,gene,DeconvSC,0.486291408896756
HCA_fold2,gene,DeconvSC,0.678133958482359
HCA_fold2,gene,DeconvSC,0.419543583990813
HCA_fold2,gene,DeconvSC,0.559376994282931
HCA_fold2,gene,DeconvSC,0.508519420945589
HCA_fold2,gene,DeconvSC,0.401727769079182
HCA_fold2,gene,DeconvSC,0.562809691570841
HCA_fold2,gene,DeconvSC,0.835105473865876
HCA_fold2,gene,DeconvSC,0.761723880821703
HCA_fold2,gene,DeconvSC,0.567655444895896
HCA_fold2,gene,DeconvSC,0.373838963226382
HCA_fold2,gene,DeconvSC,0.379748665154024
HCA_fold2,gene,DeconvSC,0.381498924845686
HCA_fold2,gene,DeconvSC,0.386621830968185
HCA_fold2,gene,DeconvSC,0.587536859351269
HCA_fold2,gene,DeconvSC,0.552427830779172
HCA_fold2,gene,DeconvSC,0.769478246674744
HCA_fold2,gene,DeconvSC,0.826882814006858
HCA_fold2,gene,DeconvSC,0.619823075176057
HCA_fold2,gene,DeconvSC,0.846651705553061
HCA_fold2,gene,DeconvSC,0.883666821093289
HCA_fold2,gene,DeconvSC,0.514860719665104
HCA_fold2,gene,DeconvSC,0.774965548006355
HCA_fold2,gene,DeconvSC,0.484188393306941
HCA_fold2,gene,DeconvSC,0.87857683555793
HCA_fold2,gene,DeconvSC,0.661616952001703
HCA_fold2,gene,DeconvSC,0.675375927952501
HCA_fold2,gene,DeconvSC,0.748365348725859
HCA_fold2,gene,DeconvSC,0.627632398799094
HCA_fold2,gene,DeconvSC,0.785670808249844
HCA_fold2,gene,DeconvSC,0.861025045628521
HCA_fold2,gene,DeconvSC,0.522525649924924
HCA_fold2,gene,DeconvSC,0.830358232683986
HCA_fold2,gene,DeconvSC,0.126623388821054
HCA_fold2,gene,DeconvSC,0.286253714901808
HCA_fold2,gene,DeconvSC,0.922678840394321
HCA_fold2,gene,DeconvSC,0.717741137260983
HCA_fold2,gene,DeconvSC,0.462937472369404
HCA_fold2,gene,DeconvSC,0.804219677178586
HCA_fold2,gene,DeconvSC,0.704827014781208
HCA_fold2,gene,DeconvSC,0.849467169803905
HCA_fold2,gene,DeconvSC,0.692812394507881
HCA_fold2,gene,DeconvSC,0.555193685662793
HCA_fold2,gene,DeconvSC,0.627339805210733
HCA_fold2,gene,DeconvSC,0.605024086961987
HCA_fold2,gene,DeconvSC,0.719888558409713
HCA_fold2,gene,DeconvSC,0.795969646824022
HCA_fold2,gene,DeconvSC,0.759292538344347
HCA_fold2,gene,DeconvSC,0.171626554070114
HCA_fold2,gene,DeconvSC,0.662218755947095
HCA_fold2,gene,DeconvSC,0.76833088738576
HCA_fold2,gene,DeconvSC,0.804834091148508
HCA_fold2,gene,DeconvSC,0.682235523107971
HCA_fold2,gene,DeconvSC,0.43278772827225
HCA_fold2,gene,DeconvSC,0.154874354542831
HCA_fold2,gene,DeconvSC,0.431855707776828
HCA_fold2,gene,DeconvSC,0.909109101022465
HCA_fold2,gene,DeconvSC,0.700234878701304
HCA_fold2,gene,DeconvSC,0.576423980944459
HCA_fold2,gene,DeconvSC,0.729848373841391
HCA_fold2,gene,DeconvSC,0.690708096759285
HCA_fold2,gene,DeconvSC,0.761224339382058
HCA_fold2,gene,DeconvSC,0.835743188455263
HCA_fold2,gene,DeconvSC,0.238817146095848
HCA_fold2,gene,DeconvSC,0.808602494459052
HCA_fold2,gene,DeconvSC,0.753920969062299
HCA_fold2,gene,DeconvSC,0.464105210236139
HCA_fold2,gene,DeconvSC,0.347916942420923
HCA_fold2,gene,DeconvSC,0.813492193235264
HCA_fold2,gene,DeconvSC,0.778386816648566
HCA_fold2,gene,DeconvSC,0.725000145246073
HCA_fold2,gene,DeconvSC,0.390061860480245
HCA_fold2,gene,DeconvSC,0.925915530194128
HCA_fold2,gene,DeconvSC,0.619167223617999
HCA_fold2,gene,DeconvSC,0.722082189098506
HCA_fold2,gene,DeconvSC,0.476991277413675
HCA_fold2,gene,DeconvSC,0.815268283263981
HCA_fold2,gene,DeconvSC,0.49323107631233
HCA_fold2,gene,DeconvSC,0.647142802032457
HCA_fold2,gene,DeconvSC,0.881875925370306
HCA_fold2,gene,DeconvSC,0.845918292762016
HCA_fold2,gene,DeconvSC,0.590323174518416
HCA_fold2,gene,DeconvSC,0.590665030468626
HCA_fold2,gene,DeconvSC,0.59222927552277
HCA_fold2,gene,DeconvSC,0.510621959804452
HCA_fold2,gene,DeconvSC,0.870081145361952
HCA_fold2,gene,DeconvSC,0.557744645629314
HCA_fold2,gene,DeconvSC,0.603288369161634
HCA_fold2,gene,DeconvSC,0.712510502798366
HCA_fold2,gene,DeconvSC,0.23556457872727
HCA_fold2,gene,DeconvSC,0.858103755761163
HCA_fold2,gene,DeconvSC,0.755262166381892
HCA_fold2,gene,DeconvSC,0.503865818435302
HCA_fold2,gene,DeconvSC,0.339020512294965
HCA_fold2,gene,DeconvSC,0.665831443609788
HCA_fold2,gene,DeconvSC,0.382699674451676
HCA_fold2,gene,DeconvSC,0.806245886735347
HCA_fold2,gene,DeconvSC,0.568012482548751
HCA_fold2,gene,DeconvSC,0.53369745382256
HCA_fold2,gene,DeconvSC,0.230489814415675
HCA_fold2,gene,DeconvSC,0.575958243003574
HCA_fold2,gene,DeconvSC,0.605357389864838
HCA_fold2,gene,DeconvSC,0.580482926116022
HCA_fold2,gene,DeconvSC,0.498088885366504
HCA_fold2,gene,DeconvSC,0.611816240037319
HCA_fold2,gene,DeconvSC,0.822014665950748
HCA_fold2,gene,DeconvSC,0.0544736014754148
HCA_fold2,gene,DeconvSC,0.758326622925423
HCA_fold2,gene,DeconvSC,0.454660572653556
HCA_fold2,gene,DeconvSC,0.641133610957314
HCA_fold2,gene,DeconvSC,0.662930765922553
HCA_fold2,gene,DeconvSC,0.834809714889356
HCA_fold2,gene,DeconvSC,0.583704422413197
HCA_fold2,gene,DeconvSC,0.530180108951641
HCA_fold2,gene,DeconvSC,0.52948692592017
HCA_fold2,gene,DeconvSC,0.8931764897394
HCA_fold2,gene,DeconvSC,0.624988156892306
HCA_fold2,gene,DeconvSC,0.326428100275349
HCA_fold2,gene,DeconvSC,0.763225844273503
HCA_fold2,gene,DeconvSC,0.565068485168158
HCA_fold2,gene,DeconvSC,0.852037003757454
HCA_fold2,gene,DeconvSC,0.2963035067634
HCA_fold2,gene,DeconvSC,0.807832677566322
HCA_fold2,gene,DeconvSC,0.516135573268512
HCA_fold2,gene,DeconvSC,0.761816996076956
HCA_fold2,gene,DeconvSC,0.368283027221702
HCA_fold2,gene,DeconvSC,0.820948566573204
HCA_fold2,gene,DeconvSC,0.681420857389165
HCA_fold2,gene,DeconvSC,0.311491081857154
HCA_fold2,gene,DeconvSC,0.777899935913904
HCA_fold2,gene,DeconvSC,0.666541425000903
HCA_fold2,gene,DeconvSC,0.596170138155053
HCA_fold2,gene,DeconvSC,0.647761265898689
HCA_fold2,gene,DeconvSC,0.856234282457882
HCA_fold2,gene,DeconvSC,0.660326284716962
HCA_fold2,gene,DeconvSC,0.852246455632452
HCA_fold2,gene,DeconvSC,0.554053287892422
HCA_fold2,gene,DeconvSC,0.169435002236642
HCA_fold2,gene,DeconvSC,0.485535135959533
HCA_fold2,gene,DeconvSC,0.602262727375983
HCA_fold2,gene,DeconvSC,0.779496451736615
HCA_fold2,gene,DeconvSC,0.755969536890945
HCA_fold2,gene,DeconvSC,0.691576583767673
HCA_fold2,gene,DeconvSC,0.410377277100819
HCA_fold2,gene,DeconvSC,0.689161967874278
HCA_fold2,gene,DeconvSC,0.784541934034439
HCA_fold2,gene,DeconvSC,0.497290792921651
HCA_fold2,gene,DeconvSC,0.512442832085859
HCA_fold2,gene,DeconvSC,0.208694792431816
HCA_fold2,gene,DeconvSC,0.679767868703364
HCA_fold2,gene,DeconvSC,0.187000467867041
HCA_fold2,gene,DeconvSC,0.586271621510923
HCA_fold2,gene,DeconvSC,0.54874268050268
HCA_fold2,gene,DeconvSC,0.660026712072348
HCA_fold2,gene,DeconvSC,0.225081555796017
HCA_fold2,gene,DeconvSC,0.876848188525455
HCA_fold2,gene,DeconvSC,0.916948588843891
HCA_fold2,gene,DeconvSC,0.75121308726183
HCA_fold2,gene,DeconvSC,0.689426172557093
HCA_fold2,gene,DeconvSC,0.78662185632505
HCA_fold2,gene,DeconvSC,0.78097839965901
HCA_fold2,gene,DeconvSC,0.350012036199911
HCA_fold2,gene,DeconvSC,0.761218953789094
HCA_fold2,gene,DeconvSC,0.605881967433537
HCA_fold2,gene,DeconvSC,0.731068734132583
HCA_fold2,gene,DeconvSC,0.873152077609367
HCA_fold2,gene,DeconvSC,0.479688676940099
HCA_fold2,gene,DeconvSC,0.818324033394158
HCA_fold2,gene,DeconvSC,0.825313801123999
HCA_fold2,gene,DeconvSC,0.717426693513394
HCA_fold2,gene,DeconvSC,0.768425772581157
HCA_fold2,gene,DeconvSC,0.862592791425334
HCA_fold2,gene,DeconvSC,0.650756496884707
HCA_fold2,gene,DeconvSC,0.298042594095636
HCA_fold2,gene,DeconvSC,0.728482839694344
HCA_fold2,gene,DeconvSC,0.816414219888739
HCA_fold2,gene,DeconvSC,0.745607831952826
HCA_fold2,gene,DeconvSC,0.73621838184081
HCA_fold2,gene,DeconvSC,0.831045702464379
HCA_fold2,gene,DeconvSC,0.687167566568352
HCA_fold2,gene,DeconvSC,0.241187080492025
HCA_fold2,gene,DeconvSC,0.432694156939981
HCA_fold2,gene,DeconvSC,0.0929244175987268
HCA_fold2,gene,DeconvSC,0.339887232732102
HCA_fold2,gene,DeconvSC,0.852109354683019
HCA_fold2,gene,DeconvSC,0.844485496374923
HCA_fold2,gene,DeconvSC,0.344985537897468
HCA_fold2,gene,DeconvSC,0.526561829695227
HCA_fold2,gene,DeconvSC,0.713323168030815
HCA_fold2,gene,DeconvSC,0.61448491723106
HCA_fold2,gene,DeconvSC,0.74917404451037
HCA_fold2,gene,DeconvSC,0.556734932527557
HCA_fold2,gene,DeconvSC,0.925406672105607
HCA_fold2,gene,DeconvSC,0.801695616594073
HCA_fold2,gene,DeconvSC,0.786105424258889
HCA_fold2,gene,DeconvSC,0.670216867643468
HCA_fold2,gene,DeconvSC,0.441407521506772
HCA_fold2,gene,DeconvSC,0.697159373553858
HCA_fold2,gene,DeconvSC,0.522987449595024
HCA_fold2,gene,DeconvSC,0.460391350247517
HCA_fold2,gene,DeconvSC,0.814650126079502
HCA_fold2,gene,DeconvSC,0.175137756743146
HCA_fold2,gene,DeconvSC,0.839405860418164
HCA_fold2,gene,DeconvSC,0.171675137799519
HCA_fold2,gene,DeconvSC,0.295828279461324
HCA_fold2,gene,DeconvSC,0.14971881726214
HCA_fold2,gene,DeconvSC,0.136944743873573
HCA_fold2,gene,DeconvSC,0.836305180153636
HCA_fold2,gene,DeconvSC,0.331642918207589
HCA_fold2,gene,DeconvSC,0.299304487123236
HCA_fold2,gene,DeconvSC,0.342051785542796
HCA_fold2,gene,DeconvSC,0.556869760214297
HCA_fold2,gene,DeconvSC,0.85347203211425
HCA_fold2,gene,DeconvSC,0.420803271674869
HCA_fold2,gene,DeconvSC,0.639169472844329
HCA_fold2,gene,DeconvSC,0.683222320302514
HCA_fold2,gene,DeconvSC,0.463798163963157
HCA_fold2,gene,DeconvSC,0.483051155275685
HCA_fold2,gene,DeconvSC,0.787849065709597
HCA_fold2,gene,DeconvSC,0.409696007373047
HCA_fold2,gene,DeconvSC,0.809370363891121
HCA_fold2,gene,DeconvSC,0.456476390352429
HCA_fold2,gene,DeconvSC,0.521426835623424
HCA_fold2,gene,DeconvSC,0.640950145120474
HCA_fold2,gene,DeconvSC,0.203660942222855
HCA_fold2,gene,DeconvSC,0.392895655283387
HCA_fold2,gene,DeconvSC,0.541780187539717
HCA_fold2,gene,DeconvSC,0.847688556743983
HCA_fold2,gene,DeconvSC,0.693791891022854
HCA_fold2,gene,DeconvSC,0.0144735823793705
HCA_fold2,gene,DeconvSC,0.549133726340942
HCA_fold2,gene,DeconvSC,0.903808405978682
HCA_fold2,gene,DeconvSC,0.799115269572981
HCA_fold2,gene,DeconvSC,0.314876067138584
HCA_fold2,gene,DeconvSC,0.435539747234417
HCA_fold2,gene,DeconvSC,0.302289183850022
HCA_fold2,gene,DeconvSC,0.502780650568927
HCA_fold2,gene,DeconvSC,0.730893434876544
HCA_fold2,gene,DeconvSC,0.529383728794269
HCA_fold2,gene,DeconvSC,0.530252810824821
HCA_fold2,gene,DeconvSC,0.732011202616224
HCA_fold2,gene,DeconvSC,0.431196695789259
HCA_fold2,gene,DeconvSC,0.580259466642659
HCA_fold2,gene,DeconvSC,0.922296361184492
HCA_fold2,gene,DeconvSC,0.651474183552266
HCA_fold2,gene,DeconvSC,0.809401916853785
HCA_fold2,gene,DeconvSC,0.655973899697992
HCA_fold2,gene,DeconvSC,0.564398032899703
HCA_fold2,gene,DeconvSC,0.322065630352883
HCA_fold2,gene,DeconvSC,0.72381635118421
HCA_fold2,gene,DeconvSC,0.579502101504735
HCA_fold2,gene,DeconvSC,0.422460999498603
HCA_fold2,gene,DeconvSC,0.795350290608381
HCA_fold2,gene,DeconvSC,0.345303141539467
HCA_fold2,gene,DeconvSC,0.756902836363608
HCA_fold2,gene,DeconvSC,0.572148500770023
HCA_fold2,gene,DeconvSC,0.718863499332637
HCA_fold2,gene,DeconvSC,0.454358186183603
HCA_fold2,gene,DeconvSC,0.525826823958782
HCA_fold2,gene,DeconvSC,0.696949520057605
HCA_fold2,gene,DeconvSC,0.861988622706915
HCA_fold2,gene,DeconvSC,0.513909129425631
HCA_fold2,gene,DeconvSC,0.503294040323913
HCA_fold2,gene,DeconvSC,0.775122284069975
HCA_fold2,gene,DeconvSC,0.525079677248168
HCA_fold2,gene,DeconvSC,0.852481344795942
HCA_fold2,gene,DeconvSC,0.944921602922187
HCA_fold2,gene,DeconvSC,0.645173142589007
HCA_fold2,gene,DeconvSC,0.150637953105941
HCA_fold2,gene,DeconvSC,0.266499573712637
HCA_fold2,gene,DeconvSC,0.782317829939576
HCA_fold2,gene,DeconvSC,0.600526229113065
HCA_fold2,gene,DeconvSC,0.772523999076903
HCA_fold2,gene,DeconvSC,0.460016847236097
HCA_fold2,gene,DeconvSC,0.454963319294402
HCA_fold2,gene,DeconvSC,0.850861881423509
HCA_fold2,gene,DeconvSC,0.843446156774567
HCA_fold2,gene,DeconvSC,0.850652776996962
HCA_fold2,gene,DeconvSC,0.573635885012448
HCA_fold2,gene,DeconvSC,0.625703154792719
HCA_fold2,gene,DeconvSC,0.714962911825204
HCA_fold2,gene,DeconvSC,0.621617028935269
HCA_fold2,gene,DeconvSC,0.880861684441433
HCA_fold2,gene,DeconvSC,0.775175731251966
HCA_fold2,gene,DeconvSC,0.716332833356002
HCA_fold2,gene,DeconvSC,0.505755469494079
HCA_fold2,gene,DeconvSC,0.556080458131039
HCA_fold2,gene,DeconvSC,0.676681026189624
HCA_fold2,gene,DeconvSC,0.759296070584096
HCA_fold2,gene,DeconvSC,0.495689217044047
HCA_fold2,gene,DeconvSC,0.690775825628164
HCA_fold2,gene,DeconvSC,0.260411662967206
HCA_fold2,gene,DeconvSC,0.838467079125632
HCA_fold2,gene,DeconvSC,0.446262119284941
HCA_fold2,gene,DeconvSC,0.47418927939432
HCA_fold2,gene,DeconvSC,0.119102058576814
HCA_fold2,gene,DeconvSC,0.931371854254786
HCA_fold2,gene,DeconvSC,0.411128944118909
HCA_fold2,gene,DeconvSC,0.644896177421264
HCA_fold2,gene,DeconvSC,0.874981211798217
HCA_fold2,gene,DeconvSC,0.640103308913573
HCA_fold2,gene,DeconvSC,0.201513238582892
HCA_fold2,gene,DeconvSC,0.269960817774271
HCA_fold2,gene,DeconvSC,0.897284401466184
HCA_fold2,gene,DeconvSC,0.763127455550237
HCA_fold2,gene,DeconvSC,0.799849910717665
HCA_fold2,gene,DeconvSC,0.697442893863749
HCA_fold2,gene,DeconvSC,0.589989407362146
HCA_fold2,gene,DeconvSC,0.779118220724657
HCA_fold2,gene,DeconvSC,0.551678717156065
HCA_fold2,gene,DeconvSC,0.489324562457126
HCA_fold2,gene,DeconvSC,0.74221394395712
HCA_fold2,gene,DeconvSC,0.790889540495933
HCA_fold2,gene,DeconvSC,0.819438710271557
HCA_fold2,gene,DeconvSC,0.464699761565541
HCA_fold2,gene,DeconvSC,0.750262245210976
HCA_fold2,gene,DeconvSC,0.519601184054226
HCA_fold2,gene,DeconvSC,0.379221403225649
HCA_fold2,gene,DeconvSC,0.750219476339007
HCA_fold2,gene,DeconvSC,0.16634646412845
HCA_fold2,gene,DeconvSC,0.85816101399429
HCA_fold2,gene,DeconvSC,0.697782114135993
HCA_fold2,gene,DeconvSC,0.655550279057948
HCA_fold2,gene,DeconvSC,0.118560601105601
HCA_fold2,gene,DeconvSC,0.66535041836729
HCA_fold2,gene,DeconvSC,0.445612933473707
HCA_fold2,gene,DeconvSC,0.968398281536512
HCA_fold2,gene,DeconvSC,0.693326153800788
HCA_fold2,gene,DeconvSC,0.579375403413014
HCA_fold2,gene,DeconvSC,0.700925993814431
HCA_fold2,gene,DeconvSC,0.887177978995346
HCA_fold2,gene,DeconvSC,0.914986281411163
HCA_fold2,gene,DeconvSC,0.267444977602238
HCA_fold2,gene,DeconvSC,0.433202575612738
HCA_fold2,gene,DeconvSC,0.644683171143414
HCA_fold2,gene,DeconvSC,0.86351368148789
HCA_fold2,gene,DeconvSC,0.746414729968341
HCA_fold2,gene,DeconvSC,0.703137902063416
HCA_fold2,gene,DeconvSC,0.882321202404727
HCA_fold2,gene,DeconvSC,0.767840485629066
HCA_fold2,gene,DeconvSC,0.472919703566535
HCA_fold2,gene,DeconvSC,0.663966953784503
HCA_fold2,gene,DeconvSC,0.48628573949839
HCA_fold2,gene,DeconvSC,0.308591055653068
HCA_fold2,gene,DeconvSC,0.197357549348642
HCA_fold2,gene,DeconvSC,0.706731714144202
HCA_fold2,gene,DeconvSC,0.448124807293963
HCA_fold2,gene,DeconvSC,0.699206905464788
HCA_fold2,gene,DeconvSC,0.653819850214329
HCA_fold2,gene,DeconvSC,0.547701717823863
HCA_fold2,gene,DeconvSC,0.586360410073681
HCA_fold2,gene,DeconvSC,0.907500219068708
HCA_fold2,gene,DeconvSC,0.288885837113591
HCA_fold2,gene,DeconvSC,0.925971467510619
HCA_fold2,gene,DeconvSC,0.327073646896504
HCA_fold2,gene,DeconvSC,0.781519697422299
HCA_fold2,gene,DeconvSC,0.258348648376861
HCA_fold2,gene,DeconvSC,0.761026818885132
HCA_fold2,gene,DeconvSC,0.74876597516605
HCA_fold2,gene,DeconvSC,0.410754257410131
HCA_fold2,gene,DeconvSC,0.23971477302444
HCA_fold2,gene,DeconvSC,0.563670939275859
HCA_fold2,gene,DeconvSC,0.138166319725784
HCA_fold2,gene,DeconvSC,0.709668855041975
HCA_fold2,gene,DeconvSC,0.675007483926661
HCA_fold2,gene,DeconvSC,0.710528666784057
HCA_fold2,gene,DeconvSC,0.724665323379921
HCA_fold2,gene,DeconvSC,0.640896487781238
HCA_fold2,gene,DeconvSC,0.269503567361306
HCA_fold2,gene,DeconvSC,0.83207438870541
HCA_fold2,gene,DeconvSC,0.6056404913991
HCA_fold2,gene,DeconvSC,0.655853605880262
HCA_fold2,gene,DeconvSC,0.411663091465265
HCA_fold2,gene,DeconvSC,0.761803627923369
HCA_fold2,gene,DeconvSC,0.424289415584551
HCA_fold2,gene,DeconvSC,0.0684866255722633
HCA_fold2,gene,DeconvSC,0.778715581388631
HCA_fold2,gene,DeconvSC,0.469441233089346
HCA_fold2,gene,DeconvSC,0.601308274460835
HCA_fold2,gene,DeconvSC,0.187183496660691
HCA_fold2,gene,DeconvSC,0.205765097944377
HCA_fold2,gene,DeconvSC,0.835407298023894
HCA_fold2,gene,DeconvSC,0.711677329211716
HCA_fold2,gene,DeconvSC,0.693565793181856
HCA_fold2,gene,DeconvSC,0.776299458442713
HCA_fold2,gene,DeconvSC,0.459193336428458
HCA_fold2,gene,DeconvSC,0.27370592143742
HCA_fold2,gene,DeconvSC,0.446578326670458
HCA_fold2,gene,DeconvSC,0.842168372208351
HCA_fold2,gene,DeconvSC,0.872807311574614
HCA_fold2,gene,DeconvSC,0.491645636272215
HCA_fold2,gene,DeconvSC,0.318725451448244
HCA_fold2,gene,DeconvSC,0.183442145237398
HCA_fold2,gene,DeconvSC,0.777757501772496
HCA_fold2,gene,DeconvSC,0.619371526210177
HCA_fold2,gene,DeconvSC,0.550845211846303
HCA_fold2,gene,DeconvSC,0.447536176512581
HCA_fold2,gene,DeconvSC,0.79009866630175
HCA_fold2,gene,DeconvSC,0.181394238034884
HCA_fold2,gene,DeconvSC,0.511223291498016
HCA_fold2,gene,DeconvSC,0.312894128147774
HCA_fold2,gene,DeconvSC,0.683936704013522
HCA_fold2,gene,DeconvSC,0.70950307607487
HCA_fold2,gene,DeconvSC,0.879609466188441
HCA_fold2,gene,DeconvSC,0.732575333329687
HCA_fold2,gene,DeconvSC,0.212473783809713
HCA_fold2,gene,DeconvSC,0.25843279152413
HCA_fold2,gene,DeconvSC,0.636750112672264
HCA_fold2,gene,DeconvSC,0.598138138819812
HCA_fold2,gene,DeconvSC,0.524291346075992
HCA_fold2,gene,DeconvSC,0.643612690441014
HCA_fold2,gene,DeconvSC,0.145074925759517
HCA_fold2,gene,DeconvSC,0.704387171617659
HCA_fold2,gene,DeconvSC,0.819789348620511
HCA_fold2,gene,DeconvSC,0.51591343786072
HCA_fold2,gene,DeconvSC,0.567263452706834
HCA_fold2,gene,DeconvSC,0.749069706743388
HCA_fold2,gene,DeconvSC,0.653137969824296
HCA_fold2,gene,DeconvSC,0.760275719399294
HCA_fold2,gene,DeconvSC,0.231978564077718
HCA_fold2,gene,DeconvSC,0.496818586392845
HCA_fold2,gene,DeconvSC,0.563235326154188
HCA_fold2,gene,DeconvSC,0.508019195829542
HCA_fold2,gene,DeconvSC,0.816319248716868
HCA_fold2,gene,DeconvSC,0.510788217707674
HCA_fold2,gene,DeconvSC,0.653921172453921
HCA_fold2,gene,DeconvSC,0.762743436612078
HCA_fold2,gene,DeconvSC,0.876425429570837
HCA_fold2,gene,DeconvSC,0.594940370161505
HCA_fold2,gene,DeconvSC,0.622956841808202
HCA_fold2,gene,DeconvSC,0.476693377205219
HCA_fold2,gene,DeconvSC,0.136364683814746
HCA_fold2,gene,DeconvSC,0.689530295543314
HCA_fold2,gene,DeconvSC,0.521427692085027
HCA_fold2,gene,DeconvSC,0.509038014481709
HCA_fold2,gene,DeconvSC,0.756229089760272
HCA_fold2,gene,DeconvSC,0.576583369369268
HCA_fold2,gene,DeconvSC,0.519750753522232
HCA_fold2,gene,DeconvSC,0.30692720351709
HCA_fold2,gene,DeconvSC,0.485120722220932
HCA_fold2,gene,DeconvSC,0.547823627380594
HCA_fold2,gene,DeconvSC,0.674580169339694
HCA_fold2,gene,DeconvSC,0.496500315408543
HCA_fold2,gene,DeconvSC,0.262610255232235
HCA_fold2,gene,DeconvSC,0.588125732171677
HCA_fold2,gene,DeconvSC,0.48895728308878
HCA_fold2,gene,DeconvSC,0.741643722076147
HCA_fold2,gene,DeconvSC,0.564725042097177
HCA_fold2,gene,DeconvSC,0.760251439648092
HCA_fold2,gene,DeconvSC,0.67879974788523
HCA_fold2,gene,DeconvSC,0.528990102406331
HCA_fold2,gene,DeconvSC,0.650598968086332
HCA_fold2,gene,DeconvSC,0.492257703012014
HCA_fold2,gene,DeconvSC,0.770820232337152
HCA_fold2,gene,DeconvSC,0.649317093627786
HCA_fold2,gene,DeconvSC,0.0727219722774031
HCA_fold2,gene,DeconvSC,0.855157109547409
HCA_fold2,gene,DeconvSC,0.187375097179828
HCA_fold2,gene,DeconvSC,0.628890005781919
HCA_fold2,gene,DeconvSC,0.779705085272917
HCA_fold2,gene,DeconvSC,0.784471665741036
HCA_fold2,gene,DeconvSC,0.0474896774773308
HCA_fold2,gene,DeconvSC,0.376716924005399
HCA_fold2,gene,DeconvSC,0.693116867677109
HCA_fold2,gene,DeconvSC,0.854577878289898
HCA_fold2,gene,DeconvSC,0.904112370303528
HCA_fold2,gene,DeconvSC,0.24289792689336
HCA_fold2,gene,DeconvSC,0.539888679223442
HCA_fold2,gene,DeconvSC,0.68801576442363
HCA_fold2,gene,DeconvSC,0.628091435569663
HCA_fold2,gene,DeconvSC,0.228193341482281
HCA_fold2,gene,DeconvSC,0.53717938606507
HCA_fold2,gene,DeconvSC,0.700050640831853
HCA_fold2,gene,DeconvSC,0.734069313211721
HCA_fold2,gene,DeconvSC,0.6627478527272
HCA_fold2,gene,DeconvSC,0.428800653640073
HCA_fold2,gene,DeconvSC,0.494215639885506
HCA_fold2,gene,DeconvSC,0.695241386368492
HCA_fold2,gene,DeconvSC,0.476392194926839
HCA_fold2,gene,DeconvSC,0.684123436761246
HCA_fold2,gene,DeconvSC,0.489780303398246
HCA_fold2,gene,DeconvSC,0.316332454550095
HCA_fold2,gene,DeconvSC,0.882193706892225
HCA_fold2,gene,DeconvSC,0.0200077787997904
HCA_fold2,gene,DeconvSC,0.316901045041101
HCA_fold2,gene,DeconvSC,0.991502708658229
HCA_fold2,gene,DeconvSC,0.477301783413811
HCA_fold2,gene,DeconvSC,0.781901448100478
HCA_fold2,gene,DeconvSC,0.310271131557511
HCA_fold2,gene,DeconvSC,0.446823692483196
HCA_fold2,gene,DeconvSC,0.159877349337964
HCA_fold2,gene,DeconvSC,0.577185425374886
HCA_fold2,gene,DeconvSC,0.573763552788126
HCA_fold2,gene,DeconvSC,0.863487696794759
HCA_fold2,gene,DeconvSC,0.61805671220316
HCA_fold2,gene,DeconvSC,0.837369350209921
HCA_fold2,gene,DeconvSC,0.780636361537657
HCA_fold2,gene,DeconvSC,0.784720553892771
HCA_fold2,gene,DeconvSC,0.370449469054525
HCA_fold2,gene,DeconvSC,0.13228996347573
HCA_fold2,gene,DeconvSC,0.703865911660017
HCA_fold2,gene,DeconvSC,0.678388725149549
HCA_fold2,gene,DeconvSC,0.770355591563208
HCA_fold2,gene,DeconvSC,0.829076994898115
HCA_fold2,gene,DeconvSC,0.678682710295523
HCA_fold2,gene,DeconvSC,0.636744138705734
HCA_fold2,gene,DeconvSC,0.350067358734118
HCA_fold2,gene,DeconvSC,0.581778101530426
HCA_fold2,gene,DeconvSC,0.653040156187001
HCA_fold2,gene,DeconvSC,0.89043726634061
HCA_fold2,gene,DeconvSC,0.322131528207955
HCA_fold2,gene,DeconvSC,0.312373555259825
HCA_fold2,gene,DeconvSC,0.904409342883496
HCA_fold2,gene,DeconvSC,0.823227750842125
HCA_fold2,gene,DeconvSC,0.745761839143056
HCA_fold2,gene,DeconvSC,0.817884756054439
HCA_fold2,gene,DeconvSC,0.880983251712583
HCA_fold2,gene,DeconvSC,0.878516024897076
HCA_fold2,gene,DeconvSC,0.787120945508241
HCA_fold2,gene,DeconvSC,0.592709887421764
HCA_fold2,gene,DeconvSC,0.571145438729966
HCA_fold2,gene,DeconvSC,0.550105034735478
HCA_fold2,gene,DeconvSC,0.375184153879592
HCA_fold2,gene,DeconvSC,0.700262910467827
HCA_fold2,gene,DeconvSC,0.774052821566013
HCA_fold2,gene,DeconvSC,0.845897378334838
HCA_fold2,gene,DeconvSC,0.418002473033975
HCA_fold2,gene,DeconvSC,0.752009232677674
HCA_fold2,gene,DeconvSC,0.659582804695587
HCA_fold2,gene,DeconvSC,0.797269809152381
HCA_fold2,gene,DeconvSC,0.760256615156515
HCA_fold2,gene,DeconvSC,0.830028167736637
HCA_fold2,gene,DeconvSC,0.769327546257753
HCA_fold2,gene,DeconvSC,0.689187514223086
HCA_fold2,gene,DeconvSC,0.873366452444764
HCA_fold2,gene,DeconvSC,0.812673154939448
HCA_fold2,gene,DeconvSC,0.72698297890411
HCA_fold2,gene,DeconvSC,0.516982366187737
HCA_fold2,gene,DeconvSC,0.475170668370639
HCA_fold2,gene,DeconvSC,0.334595548025499
HCA_fold2,gene,DeconvSC,0.174714888859931
HCA_fold2,gene,DeconvSC,0.672920645899705
HCA_fold2,gene,DeconvSC,0.495638223899002
HCA_fold2,gene,DeconvSC,0.869658512164017
HCA_fold2,gene,DeconvSC,0.821892543949483
HCA_fold2,gene,DeconvSC,0.6381418979688
HCA_fold2,gene,DeconvSC,0.590924418514629
HCA_fold2,gene,DeconvSC,0.330756142357901
HCA_fold2,gene,DeconvSC,0.76456447849432
HCA_fold2,gene,DeconvSC,0.870481098350948
HCA_fold2,gene,DeconvSC,0.552179236579965
HCA_fold2,gene,DeconvSC,0.29458021522846
HCA_fold2,gene,DeconvSC,0.744733247769664
HCA_fold2,gene,DeconvSC,0.172570956156553
HCA_fold2,gene,DeconvSC,0.481104859123299
HCA_fold2,gene,DeconvSC,0.414021546364582
HCA_fold2,gene,DeconvSC,0.568194159614375
HCA_fold2,gene,DeconvSC,0.550921176935511
HCA_fold2,gene,DeconvSC,0.619100109914916
HCA_fold2,gene,DeconvSC,0.690969824479641
HCA_fold2,gene,DeconvSC,0.738323930210111
HCA_fold2,gene,DeconvSC,0.299090750851298
HCA_fold2,gene,DeconvSC,0.222766012329117
HCA_fold2,gene,DeconvSC,0.486321852445973
HCA_fold2,gene,DeconvSC,0.716889241556396
HCA_fold2,gene,DeconvSC,0.349236568176899
HCA_fold2,gene,DeconvSC,0.552487535226894
HCA_fold2,gene,DeconvSC,0.672532047870232
HCA_fold2,gene,DeconvSC,0.891469911987482
HCA_fold2,gene,DeconvSC,0.657599407575587
HCA_fold2,gene,DeconvSC,0.522505718738478
HCA_fold2,gene,DeconvSC,0.544455280151715
HCA_fold2,gene,DeconvSC,0.812595750033716
HCA_fold2,gene,DeconvSC,0.389851210288304
HCA_fold2,gene,DeconvSC,0.769312999657375
HCA_fold2,gene,DeconvSC,0.59839650714268
HCA_fold2,gene,DeconvSC,0.789306511518561
HCA_fold2,gene,DeconvSC,0.712223120568778
HCA_fold2,gene,DeconvSC,0.532256081423577
HCA_fold2,gene,DeconvSC,0.479075065486918
HCA_fold2,gene,DeconvSC,0.762242207092604
HCA_fold2,gene,DeconvSC,0.745290449435557
HCA_fold2,gene,DeconvSC,0.517320803687854
HCA_fold2,gene,DeconvSC,0.289743029003262
HCA_fold2,gene,DeconvSC,0.424236047907355
HCA_fold2,gene,DeconvSC,0.747463219124921
HCA_fold2,gene,DeconvSC,0.701550054566252
HCA_fold2,gene,DeconvSC,0.171053533367575
HCA_fold2,gene,DeconvSC,0.689418945493619
HCA_fold2,gene,DeconvSC,0.807268073785003
HCA_fold2,gene,DeconvSC,0.460236628138674
HCA_fold2,gene,DeconvSC,0.91879357695915
HCA_fold2,gene,DeconvSC,0.461347385192125
HCA_fold2,gene,DeconvSC,0.818087354332735
HCA_fold2,gene,DeconvSC,0.363615860746833
HCA_fold2,gene,DeconvSC,0.697271604623424
HCA_fold2,gene,DeconvSC,0.4802672051601
HCA_fold2,gene,DeconvSC,0.413471321875483
HCA_fold2,gene,DeconvSC,0.746127573465024
HCA_fold2,gene,DeconvSC,0.150398211807742
HCA_fold2,gene,DeconvSC,0.731670396828548
HCA_fold2,gene,DeconvSC,0.580814880017711
HCA_fold2,gene,DeconvSC,0.328443855025013
HCA_fold2,gene,DeconvSC,0.894220463352296
HCA_fold2,gene,DeconvSC,0.684545086599442
HCA_fold2,gene,DeconvSC,0.651649921290003
HCA_fold2,gene,DeconvSC,0.137627484194142
HCA_fold2,gene,DeconvSC,0.626514676692571
HCA_fold2,gene,DeconvSC,0.708899378700644
HCA_fold2,gene,DeconvSC,0.602879431805545
HCA_fold2,gene,DeconvSC,0.791082330429417
HCA_fold2,gene,DeconvSC,0.605657697648615
HCA_fold2,gene,DeconvSC,0.340172924996474
HCA_fold2,gene,DeconvSC,0.602253005568745
HCA_fold2,gene,DeconvSC,0.333803049759905
HCA_fold2,gene,DeconvSC,0.550417471962677
HCA_fold2,gene,DeconvSC,0.133549373987923
HCA_fold2,gene,DeconvSC,0.558346653619449
HCA_fold2,gene,DeconvSC,0.534285043614952
HCA_fold2,gene,DeconvSC,0.514137375997924
HCA_fold2,gene,DeconvSC,0.464467676596331
HCA_fold2,gene,DeconvSC,0.418467758060411
HCA_fold2,gene,DeconvSC,0.628578651548908
HCA_fold2,gene,DeconvSC,0.324292942135348
HCA_fold2,gene,DeconvSC,0.221758818054214
HCA_fold2,gene,DeconvSC,0.121189122752549
HCA_fold2,gene,DeconvSC,0.438574394255682
HCA_fold2,gene,DeconvSC,0.778177539593226
HCA_fold2,gene,DeconvSC,0.880251430013482
HCA_fold2,gene,DeconvSC,0.348757357158184
HCA_fold2,gene,DeconvSC,0.633292433839085
HCA_fold2,gene,DeconvSC,0.749784550396264
HCA_fold2,gene,DeconvSC,0.309537379352142
HCA_fold2,gene,DeconvSC,0.229247508324308
HCA_fold2,gene,DeconvSC,0.316556836307195
HCA_fold2,gene,DeconvSC,0.625880090665647
HCA_fold2,gene,DeconvSC,0.788648081335849
HCA_fold2,gene,DeconvSC,0.653741703861443
HCA_fold2,gene,DeconvSC,0.714799831999194
HCA_fold2,gene,DeconvSC,0.74421330149504
HCA_fold2,gene,DeconvSC,0.661328070244976
HCA_fold2,gene,DeconvSC,0.743143747557991
HCA_fold2,gene,DeconvSC,0.859929224951087
HCA_fold2,gene,DeconvSC,0.676142538959801
HCA_fold2,gene,DeconvSC,0.448085625412886
HCA_fold2,gene,DeconvSC,0.639088297108173
HCA_fold2,gene,DeconvSC,0.389269471010731
HCA_fold2,gene,DeconvSC,0.789607217373675
HCA_fold2,gene,DeconvSC,0.803904097165421
HCA_fold2,gene,DeconvSC,0.124178462048322
HCA_fold2,gene,DeconvSC,0.192343848727882
HCA_fold2,gene,DeconvSC,0.866965968503681
HCA_fold2,gene,DeconvSC,0.62097280833156
HCA_fold2,gene,DeconvSC,0.580293650009331
HCA_fold2,gene,DeconvSC,0.58480957079253
HCA_fold2,gene,DeconvSC,0.628216253129303
HCA_fold2,gene,DeconvSC,0.773566989922564
HCA_fold2,gene,DeconvSC,0.650704637532053
HCA_fold2,gene,DeconvSC,0.713096721248211
HCA_fold2,gene,DeconvSC,0.64439046191074
HCA_fold2,gene,DeconvSC,0.737903225535217
HCA_fold2,gene,DeconvSC,0.505492030478694
HCA_fold2,gene,DeconvSC,0.857225293439992
HCA_fold2,gene,DeconvSC,0.587889632857127
HCA_fold2,gene,DeconvSC,0.516402729766873
HCA_fold2,gene,DeconvSC,0.759303623250451
HCA_fold2,gene,DeconvSC,0.354011091787854
HCA_fold2,gene,DeconvSC,0.846531577049636
HCA_fold2,gene,DeconvSC,0.483585400926705
HCA_fold2,gene,DeconvSC,0.884659867525388
HCA_fold2,gene,DeconvSC,0.703037344405951
HCA_fold2,gene,DeconvSC,0.23499692898963
HCA_fold2,gene,DeconvSC,0.47817148548635
HCA_fold2,gene,DeconvSC,0.49085023319038
HCA_fold2,gene,DeconvSC,0.671014204293018
HCA_fold2,gene,DeconvSC,0.838689679478012
HCA_fold2,gene,DeconvSC,0.649808180306696
HCA_fold2,gene,DeconvSC,0.138865805047497
HCA_fold2,gene,DeconvSC,0.900363046278394
HCA_fold2,gene,DeconvSC,0.604191784946529
HCA_fold2,gene,DeconvSC,0.629262658995771
HCA_fold2,gene,DeconvSC,0.740978949213522
HCA_fold2,gene,DeconvSC,0.156738741685069
HCA_fold2,gene,DeconvSC,0.215165635619067
HCA_fold2,gene,DeconvSC,0.417951641158027
HCA_fold2,gene,DeconvSC,0.666216933678406
HCA_fold2,gene,DeconvSC,0.693371069507776
HCA_fold2,gene,DeconvSC,0.650995022849983
HCA_fold2,gene,DeconvSC,0.349214991890151
HCA_fold2,gene,DeconvSC,0.867936282038605
HCA_fold2,gene,DeconvSC,0.880665027899026
HCA_fold2,gene,DeconvSC,0.876913116215354
HCA_fold2,gene,DeconvSC,0.425314447591107
HCA_fold2,gene,DeconvSC,0.830347800729611
HCA_fold2,gene,DeconvSC,0.416573432300981
HCA_fold2,gene,DeconvSC,0.535537919662897
HCA_fold2,gene,DeconvSC,0.8389735999097
HCA_fold2,gene,DeconvSC,0.494700808031516
HCA_fold2,gene,DeconvSC,0.460895550627594
HCA_fold2,gene,DeconvSC,0.741028261721144
HCA_fold2,gene,DeconvSC,0.616045849947022
HCA_fold2,gene,DeconvSC,0.513199248116132
HCA_fold2,gene,DeconvSC,0.693023226242545
HCA_fold2,gene,DeconvSC,0.816112990930082
HCA_fold2,gene,DeconvSC,0.640167875131392
HCA_fold2,gene,DeconvSC,0.126511983903558
HCA_fold2,gene,DeconvSC,0.691715442189
HCA_fold2,gene,DeconvSC,0.543523976330124
HCA_fold2,gene,DeconvSC,0.771000887561268
HCA_fold2,gene,DeconvSC,0.800302330996772
HCA_fold2,gene,DeconvSC,0.331375052307642
HCA_fold2,gene,DeconvSC,0.61756368134043
HCA_fold2,gene,DeconvSC,0.527282959672246
HCA_fold2,gene,DeconvSC,0.209833904084918
HCA_fold2,gene,DeconvSC,0.811110741988442
HCA_fold2,gene,DeconvSC,0.798154408518947
HCA_fold2,gene,DeconvSC,0.380997040760904
HCA_fold2,gene,DeconvSC,0.831468849202278
HCA_fold2,gene,DeconvSC,0.791301449619202
HCA_fold2,gene,DeconvSC,0.517460318173355
HCA_fold2,gene,DeconvSC,0.759687185962718
HCA_fold2,gene,DeconvSC,0.131209402850886
HCA_fold2,gene,DeconvSC,0.0819492405363294
HCA_fold2,gene,DeconvSC,0.622347377787569
HCA_fold2,gene,DeconvSC,0.524330072778175
HCA_fold2,gene,DeconvSC,-0.00505975146274741
HCA_fold2,gene,DeconvSC,0.655530666223248
HCA_fold2,gene,DeconvSC,0.654696624115926
HCA_fold2,gene,DeconvSC,0.400026555743263
HCA_fold2,gene,DeconvSC,0.620234525418503
HCA_fold2,gene,DeconvSC,0.884528861324905
HCA_fold2,gene,DeconvSC,0.691048395937897
HCA_fold2,gene,DeconvSC,0.901741849929654
HCA_fold2,gene,DeconvSC,0.301876201997129
HCA_fold2,gene,DeconvSC,0.856612155916696
HCA_fold2,gene,DeconvSC,0.33612819359785
HCA_fold2,gene,DeconvSC,0.735799933129416
HCA_fold2,gene,DeconvSC,0.208768802333626
HCA_fold2,gene,DeconvSC,0.750526036374344
HCA_fold2,gene,DeconvSC,0.671380601083504
HCA_fold2,gene,DeconvSC,0.418168791618835
HCA_fold2,gene,DeconvSC,0.388488774613862
HCA_fold2,gene,DeconvSC,0.46615200073352
HCA_fold2,gene,DeconvSC,0.421080923298509
HCA_fold2,gene,DeconvSC,0.605231403871785
HCA_fold2,gene,DeconvSC,0.934754243244135
HCA_fold2,gene,DeconvSC,0.549943037638545
HCA_fold2,gene,DeconvSC,0.693631418536204
HCA_fold2,gene,DeconvSC,0.633254854307287
HCA_fold2,gene,DeconvSC,0.757156522629476
HCA_fold2,gene,DeconvSC,0.837219321170485
HCA_fold2,gene,DeconvSC,0.643421791074271
HCA_fold2,gene,DeconvSC,0.585719427832282
HCA_fold2,gene,DeconvSC,0.517642599483254
HCA_fold2,gene,DeconvSC,0.684626753262127
HCA_fold2,gene,DeconvSC,0.888275397707313
HCA_fold2,gene,DeconvSC,0.862327973761588
HCA_fold2,gene,DeconvSC,0.903513684180858
HCA_fold2,gene,DeconvSC,0.900118802397896
HCA_fold2,gene,DeconvSC,0.383097604210241
HCA_fold2,gene,DeconvSC,0.121095744976148
HCA_fold2,gene,DeconvSC,0.888776730842619
HCA_fold2,gene,DeconvSC,0.744817398644889
HCA_fold2,gene,DeconvSC,0.645140862463246
HCA_fold2,gene,DeconvSC,0.614468667488763
HCA_fold2,gene,DeconvSC,0.119159178591512
HCA_fold2,gene,DeconvSC,0.7073991515832
HCA_fold2,gene,DeconvSC,0.60655825586034
HCA_fold2,gene,DeconvSC,0.400616893237447
HCA_fold2,gene,DeconvSC,0.767568504679452
HCA_fold2,gene,DeconvSC,0.182623670728689
HCA_fold2,gene,DeconvSC,0.799441575344758
HCA_fold2,gene,DeconvSC,0.305092989670689
HCA_fold2,gene,DeconvSC,0.670383065372754
HCA_fold2,gene,DeconvSC,0.0374822270191922
HCA_fold2,gene,DeconvSC,0.483548849531755
HCA_fold2,gene,DeconvSC,0.705695197469032
HCA_fold2,gene,DeconvSC,0.871061416669335
HCA_fold2,gene,DeconvSC,0.610279126319047
HCA_fold2,gene,DeconvSC,0.731217538031395
HCA_fold2,gene,DeconvSC,0.295948865427032
HCA_fold2,gene,DeconvSC,0.869227526390757
HCA_fold2,gene,DeconvSC,0.824716234877712
HCA_fold2,gene,DeconvSC,0.519236572894407
HCA_fold2,gene,DeconvSC,0.62200328252803
HCA_fold2,gene,DeconvSC,0.865921922300151
HCA_fold2,gene,DeconvSC,0.578945697907697
HCA_fold2,gene,DeconvSC,0.739363052824932
HCA_fold2,gene,DeconvSC,0.596032276199207
HCA_fold2,gene,DeconvSC,0.496332935248061
HCA_fold2,gene,DeconvSC,0.726001405756344
HCA_fold2,gene,DeconvSC,0.718780826087842
HCA_fold2,gene,DeconvSC,0.897563044295548
HCA_fold2,gene,DeconvSC,0.496868707907744
HCA_fold2,gene,DeconvSC,0.826978750579873
HCA_fold2,gene,DeconvSC,0.716222803717431
HCA_fold2,gene,DeconvSC,0.686877915873743
HCA_fold2,gene,DeconvSC,0.497572530339381
HCA_fold2,gene,DeconvSC,0.191262871214312
HCA_fold2,gene,DeconvSC,0.689399921130273
HCA_fold2,gene,DeconvSC,0.855973374741671
HCA_fold2,gene,DeconvSC,0.447795100994849
HCA_fold2,gene,DeconvSC,0.613228771211566
HCA_fold2,gene,DeconvSC,0.638102347892011
HCA_fold2,gene,DeconvSC,0.651434232477409
HCA_fold2,gene,DeconvSC,0.727780140451905
HCA_fold2,gene,DeconvSC,0.785609445203541
HCA_fold2,gene,DeconvSC,0.807993066742773
HCA_fold2,gene,DeconvSC,0.77111016675152
HCA_fold2,gene,DeconvSC,0.658264705590626
HCA_fold2,gene,DeconvSC,0.941420479299572
HCA_fold2,gene,DeconvSC,0.439066466853859
HCA_fold2,gene,DeconvSC,0.737908150337519
HCA_fold2,gene,DeconvSC,0.571869758671432
HCA_fold2,gene,DeconvSC,0.809912392117811
HCA_fold2,gene,DeconvSC,0.474599585035654
HCA_fold2,gene,DeconvSC,0.846374256334561
HCA_fold2,gene,DeconvSC,0.578898264144231
HCA_fold2,gene,DeconvSC,0.336424814400726
HCA_fold2,gene,DeconvSC,0.602100255083905
HCA_fold2,gene,DeconvSC,0.900343196412883
HCA_fold2,gene,DeconvSC,0.794090246210751
HCA_fold2,gene,DeconvSC,0.840112873534186
HCA_fold2,gene,DeconvSC,0.885718331949272
HCA_fold2,gene,DeconvSC,-0.0263956194574476
HCA_fold2,gene,DeconvSC,0.660817975744687
HCA_fold2,gene,DeconvSC,0.916153542573024
HCA_fold2,gene,DeconvSC,0.51929109119256
HCA_fold2,gene,DeconvSC,0.725493914345213
HCA_fold2,gene,DeconvSC,0.36007246974745
HCA_fold2,gene,DeconvSC,0.772626861055418
HCA_fold2,gene,DeconvSC,0.840939147470092
HCA_fold2,gene,DeconvSC,0.570908458966413
HCA_fold2,gene,DeconvSC,0.49358893201434
HCA_fold2,gene,DeconvSC,0.877105098667429
HCA_fold2,gene,DeconvSC,0.593140815246585
HCA_fold2,gene,DeconvSC,0.431562357639938
HCA_fold2,gene,DeconvSC,0.283701415527937
HCA_fold2,gene,DeconvSC,0.857026784264485
HCA_fold2,gene,DeconvSC,0.786314322475836
HCA_fold2,gene,DeconvSC,0.23327488093935
HCA_fold2,gene,DeconvSC,0.666278985485617
HCA_fold2,gene,DeconvSC,0.769958227212786
HCA_fold2,gene,DeconvSC,0.81992829180574
HCA_fold2,gene,DeconvSC,0.782304873996206
HCA_fold2,gene,DeconvSC,0.549264644800037
HCA_fold2,gene,DeconvSC,0.724301335809121
HCA_fold2,gene,DeconvSC,0.502923449685625
HCA_fold2,gene,DeconvSC,0.929267111659481
HCA_fold2,gene,DeconvSC,0.50279374327087
HCA_fold2,gene,DeconvSC,0.929617520976873
HCA_fold2,gene,DeconvSC,0.564672223297523
HCA_fold2,gene,DeconvSC,0.630923327175255
HCA_fold2,gene,DeconvSC,0.845715922262564
HCA_fold2,gene,DeconvSC,0.2578110596339
HCA_fold2,gene,DeconvSC,0.872985288084523
HCA_fold2,gene,DeconvSC,0.792256288828333
HCA_fold2,gene,DeconvSC,0.604355523135591
HCA_fold2,gene,DeconvSC,0.328370438224695
HCA_fold2,gene,DeconvSC,0.135929228537943
HCA_fold2,gene,DeconvSC,0.0953496710468441
HCA_fold2,gene,DeconvSC,0.823496566753941
HCA_fold2,gene,DeconvSC,0.416879454483493
HCA_fold2,gene,DeconvSC,0.236920000479261
HCA_fold2,gene,DeconvSC,0.388251857469459
HCA_fold2,gene,DeconvSC,0.67441770306579
HCA_fold2,gene,DeconvSC,0.703316436935314
HCA_fold2,gene,DeconvSC,0.763990350941489
HCA_fold2,gene,DeconvSC,0.811009592599435
HCA_fold2,gene,DeconvSC,0.802308410977006
HCA_fold2,gene,DeconvSC,0.393558455232276
HCA_fold2,gene,DeconvSC,0.904447704671275
HCA_fold2,gene,DeconvSC,0.602150659245899
HCA_fold2,gene,DeconvSC,0.445740221138898
HCA_fold2,gene,DeconvSC,0.204152547410438
HCA_fold2,gene,DeconvSC,0.780854139781315
HCA_fold2,gene,DeconvSC,0.887419920651209
HCA_fold2,gene,DeconvSC,0.701702289780491
HCA_fold2,gene,DeconvSC,0.753739538534242
HCA_fold2,gene,DeconvSC,0.739738009250921
HCA_fold2,gene,DeconvSC,0.491631536447708
HCA_fold2,gene,DeconvSC,0.146074591411564
HCA_fold2,gene,DeconvSC,0.780816177121513
HCA_fold2,gene,DeconvSC,0.0578405474675703
HCA_fold2,gene,DeconvSC,0.0874247537300588
HCA_fold2,gene,DeconvSC,0.542378297485273
HCA_fold2,gene,DeconvSC,0.488954417751696
HCA_fold2,gene,DeconvSC,0.453444326096924
HCA_fold2,gene,DeconvSC,0.771196583393718
HCA_fold2,gene,DeconvSC,0.58283628589396
HCA_fold2,gene,DeconvSC,0.248268453519616
HCA_fold2,gene,DeconvSC,0.689522147077503
HCA_fold2,gene,DeconvSC,0.795870748581623
HCA_fold2,gene,DeconvSC,0.690465042397296
HCA_fold2,gene,DeconvSC,0.790837110045869
HCA_fold2,gene,DeconvSC,0.681053177442618
HCA_fold2,gene,DeconvSC,0.657769985729501
HCA_fold2,gene,DeconvSC,0.410497982523058
HCA_fold2,gene,DeconvSC,0.640680949240426
HCA_fold2,gene,DeconvSC,0.836224035706271
HCA_fold2,gene,DeconvSC,0.839649421772584
HCA_fold2,gene,DeconvSC,0.900339071606156
HCA_fold2,gene,DeconvSC,0.576794746619406
HCA_fold2,gene,DeconvSC,0.765821837628777
HCA_fold2,gene,DeconvSC,0.824693348733961
HCA_fold2,gene,DeconvSC,0.366311104056141
HCA_fold2,gene,DeconvSC,0.756457970947172
HCA_fold2,gene,DeconvSC,0.905008561580734
HCA_fold2,gene,DeconvSC,0.686364462059608
HCA_fold2,gene,DeconvSC,0.316765252373719
HCA_fold2,gene,DeconvSC,0.486994159555408
HCA_fold2,gene,DeconvSC,0.714939476003855
HCA_fold2,gene,DeconvSC,0.362740053139829
HCA_fold2,gene,DeconvSC,0.796669583662597
HCA_fold2,gene,DeconvSC,0.796276593435222
HCA_fold2,gene,DeconvSC,0.236093634355935
HCA_fold2,gene,DeconvSC,0.721543438460021
HCA_fold2,gene,DeconvSC,0.615876750346519
HCA_fold2,gene,DeconvSC,0.572903186304611
HCA_fold2,gene,DeconvSC,0.761803393595896
HCA_fold2,gene,DeconvSC,0.845251242264441
HCA_fold2,gene,DeconvSC,0.470794175848349
HCA_fold2,gene,DeconvSC,0.707739992830182
HCA_fold2,gene,DeconvSC,0.648378779087538
HCA_fold2,gene,DeconvSC,0.62024544623284
HCA_fold2,gene,DeconvSC,0.485461324298213
HCA_fold2,gene,DeconvSC,0.797145582328435
HCA_fold2,gene,DeconvSC,0.889158310133152
HCA_fold2,gene,DeconvSC,0.186833887739007
HCA_fold2,gene,DeconvSC,0.880526067971624
HCA_fold2,gene,DeconvSC,0.427001008674529
HCA_fold2,gene,DeconvSC,0.397987002676145
HCA_fold2,gene,DeconvSC,0.340729613594811
HCA_fold2,gene,DeconvSC,0.173530997045542
HCA_fold2,gene,DeconvSC,0.625125191143043
HCA_fold2,gene,DeconvSC,0.708526945019028
HCA_fold2,gene,DeconvSC,0.558807165687871
HCA_fold2,gene,DeconvSC,0.289292931502717
HCA_fold2,gene,DeconvSC,0.692723791416033
HCA_fold2,gene,DeconvSC,0.757425773474702
HCA_fold2,gene,DeconvSC,0.715062070460757
HCA_fold2,gene,DeconvSC,0.544658960738397
HCA_fold2,gene,DeconvSC,0.689003604405384
HCA_fold2,gene,DeconvSC,0.653917356718871
HCA_fold2,gene,DeconvSC,0.794927015511559
HCA_fold2,gene,DeconvSC,0.68367883033756
HCA_fold2,gene,DeconvSC,0.908339424363522
HCA_fold2,gene,DeconvSC,0.261830411450192
HCA_fold2,gene,DeconvSC,0.284834533917945
HCA_fold2,gene,DeconvSC,0.606374795838326
HCA_fold2,gene,DeconvSC,0.516406646202174
HCA_fold2,gene,DeconvSC,0.743903748448274
HCA_fold2,gene,DeconvSC,0.845086808425423
HCA_fold2,gene,DeconvSC,0.864553651940966
HCA_fold2,gene,DeconvSC,0.716615073798925
HCA_fold2,gene,DeconvSC,0.793453178032268
HCA_fold2,gene,DeconvSC,-0.0508559069049445
HCA_fold2,gene,DeconvSC,0.87109728555164
HCA_fold2,gene,DeconvSC,0.783872343114961
HCA_fold2,gene,DeconvSC,0.708537662282923
HCA_fold2,gene,DeconvSC,0.81292314070604
HCA_fold2,gene,DeconvSC,0.630480598562823
HCA_fold2,gene,DeconvSC,0.400067366016995
HCA_fold2,gene,DeconvSC,0.846243444369854
HCA_fold2,gene,DeconvSC,0.652031616370503
HCA_fold2,gene,DeconvSC,0.698023470702874
HCA_fold2,gene,DeconvSC,0.443686114795628
HCA_fold2,gene,DeconvSC,0.920280422768418
HCA_fold2,gene,DeconvSC,0.856668466388954
HCA_fold2,gene,DeconvSC,0.431356185499801
HCA_fold2,gene,DeconvSC,0.892778092626064
HCA_fold2,gene,DeconvSC,0.68236418286576
HCA_fold2,gene,DeconvSC,0.391121684871304
HCA_fold2,gene,DeconvSC,0.212344597964899
HCA_fold2,gene,DeconvSC,0.73488758419074
HCA_fold2,gene,DeconvSC,0.664626243245729
HCA_fold2,gene,DeconvSC,0.406340246461976
HCA_fold2,gene,DeconvSC,0.654268592697809
HCA_fold2,gene,DeconvSC,0.635589618958524
HCA_fold2,gene,DeconvSC,0.795422711329116
HCA_fold2,gene,DeconvSC,0.749100976453744
HCA_fold2,gene,DeconvSC,0.231201815181619
HCA_fold2,gene,DeconvSC,0.809600937538422
HCA_fold2,gene,DeconvSC,0.443776270514503
HCA_fold2,gene,DeconvSC,0.679991170587796
HCA_fold2,gene,DeconvSC,0.454419859652041
HCA_fold2,gene,DeconvSC,0.830357827882835
HCA_fold2,gene,DeconvSC,0.55123612434644
HCA_fold2,gene,DeconvSC,0.584244177440259
HCA_fold2,gene,DeconvSC,0.621795244197226
HCA_fold2,gene,DeconvSC,0.760182053460096
HCA_fold2,gene,DeconvSC,0.818391408982876
HCA_fold2,gene,DeconvSC,0.573784669206189
HCA_fold2,gene,DeconvSC,0.322563869311318
HCA_fold2,gene,DeconvSC,0.914382572664002
HCA_fold2,gene,DeconvSC,0.739379336611969
HCA_fold2,gene,DeconvSC,0.165117575179912
HCA_fold2,gene,DeconvSC,0.878263024091532
HCA_fold2,gene,DeconvSC,0.831841218258261
HCA_fold2,gene,DeconvSC,0.670764655734073
HCA_fold2,gene,DeconvSC,0.0909035255768964
HCA_fold2,gene,DeconvSC,0.274277044512261
HCA_fold2,gene,DeconvSC,0.340416156876304
HCA_fold2,gene,DeconvSC,0.636048682310362
HCA_fold2,gene,DeconvSC,0.662090034233878
HCA_fold2,gene,DeconvSC,0.716521723139721
HCA_fold2,gene,DeconvSC,0.725169058176077
HCA_fold2,gene,DeconvSC,0.841884029930306
HCA_fold2,gene,DeconvSC,0.735103996196236
HCA_fold2,gene,DeconvSC,0.494614746037016
HCA_fold2,gene,DeconvSC,0.73594383201156
HCA_fold2,gene,DeconvSC,0.911290563760294
HCA_fold2,gene,DeconvSC,0.556894464771369
HCA_fold2,gene,DeconvSC,0.635153248094772
HCA_fold2,gene,DeconvSC,0.693692311139223
HCA_fold2,gene,DeconvSC,0.79053272123364
HCA_fold2,gene,DeconvSC,0.406725289085567
HCA_fold2,gene,DeconvSC,0.768073160340673
HCA_fold2,gene,DeconvSC,0.512281354037309
HCA_fold2,gene,DeconvSC,0.616427069396112
HCA_fold2,gene,DeconvSC,0.392921660629577
HCA_fold2,gene,DeconvSC,0.660755560732704
HCA_fold2,gene,DeconvSC,0.918043614834657
HCA_fold2,gene,DeconvSC,0.353698904023059
HCA_fold2,gene,DeconvSC,0.763510299511205
HCA_fold2,gene,DeconvSC,0.273503450945744
HCA_fold2,gene,DeconvSC,0.656842846918724
HCA_fold2,gene,DeconvSC,0.535773646030364
HCA_fold2,gene,DeconvSC,0.915728387569952
HCA_fold2,gene,DeconvSC,0.90238474733094
HCA_fold2,gene,DeconvSC,0.72097080456412
HCA_fold2,gene,DeconvSC,0.606508109700839
HCA_fold2,gene,DeconvSC,0.192610843389143
HCA_fold2,gene,DeconvSC,0.756762941777014
HCA_fold2,gene,DeconvSC,0.872578747701397
HCA_fold2,gene,DeconvSC,0.489822938833472
HCA_fold2,gene,DeconvSC,0.8111092477689
HCA_fold2,gene,DeconvSC,0.673777053832173
HCA_fold2,gene,DeconvSC,0.604138776647381
HCA_fold2,gene,DeconvSC,0.736640706219863
HCA_fold2,gene,DeconvSC,0.338180798148249
HCA_fold2,gene,DeconvSC,0.37405029353122
HCA_fold2,gene,DeconvSC,0.695779853314044
HCA_fold2,gene,DeconvSC,0.333028200281938
HCA_fold2,gene,DeconvSC,0.790215468924886
HCA_fold2,gene,DeconvSC,0.705686516652665
HCA_fold2,gene,DeconvSC,0.425075130536715
HCA_fold2,gene,DeconvSC,0.784674770117296
HCA_fold2,gene,DeconvSC,0.816991019614069
HCA_fold2,gene,DeconvSC,0.569125894579694
HCA_fold2,gene,DeconvSC,0.585833465992409
HCA_fold2,gene,DeconvSC,0.904603483613702
HCA_fold2,gene,DeconvSC,0.406739582923562
HCA_fold2,gene,DeconvSC,0.410485314488714
HCA_fold2,gene,DeconvSC,0.868847140424972
HCA_fold2,gene,DeconvSC,0.404530330540662
HCA_fold2,gene,DeconvSC,0.630214374849469
HCA_fold2,gene,DeconvSC,0.289275176852735
HCA_fold2,gene,DeconvSC,0.712052059701488
HCA_fold2,gene,DeconvSC,0.198676660262355
HCA_fold2,gene,DeconvSC,0.428242590497774
HCA_fold2,gene,DeconvSC,0.79167765768046
HCA_fold2,gene,DeconvSC,0.408987103670973
HCA_fold2,gene,DeconvSC,0.606874292735339
HCA_fold2,gene,DeconvSC,0.537082021077043
HCA_fold2,gene,DeconvSC,0.808577200375121
HCA_fold2,gene,DeconvSC,0.572430401514055
HCA_fold2,gene,DeconvSC,0.560775444864943
HCA_fold2,gene,DeconvSC,0.931368404818813
HCA_fold2,gene,DeconvSC,0.176347043492072
HCA_fold2,gene,DeconvSC,0.679328213239048
HCA_fold2,gene,DeconvSC,0.91561848358508
HCA_fold2,gene,DeconvSC,0.656534978425776
HCA_fold2,gene,DeconvSC,0.16999176175695
HCA_fold2,gene,DeconvSC,0.632015937697032
HCA_fold2,gene,DeconvSC,0.553981083203569
HCA_fold2,gene,DeconvSC,0.778901474300235
HCA_fold2,gene,DeconvSC,0.444701509735406
HCA_fold2,gene,DeconvSC,0.355678601185727
HCA_fold2,gene,DeconvSC,0.515788191985024
HCA_fold2,gene,DeconvSC,0.581771685490893
HCA_fold2,gene,DeconvSC,0.292225377336061
HCA_fold2,gene,DeconvSC,0.880103536136648
HCA_fold2,gene,DeconvSC,0.618355739596403
HCA_fold2,gene,DeconvSC,0.601415815414622
HCA_fold2,gene,DeconvSC,0.5571767815212
HCA_fold2,gene,DeconvSC,0.362802776221562
HCA_fold2,gene,DeconvSC,0.644738099413816
HCA_fold2,gene,DeconvSC,0.331805755030678
HCA_fold2,gene,DeconvSC,0.572343804890227
HCA_fold2,gene,DeconvSC,0.515178116742398
HCA_fold2,gene,DeconvSC,0.661481999861005
HCA_fold2,gene,DeconvSC,0.495813780376593
HCA_fold2,gene,DeconvSC,0.690895197866091
HCA_fold2,gene,DeconvSC,0.506039058991122
HCA_fold2,gene,DeconvSC,0.63015662114223
HCA_fold2,gene,DeconvSC,0.831854875492027
HCA_fold2,gene,DeconvSC,0.868115707480812
HCA_fold2,gene,DeconvSC,0.677055197471816
HCA_fold2,gene,DeconvSC,0.521235340791225
HCA_fold2,gene,DeconvSC,0.867324473163575
HCA_fold2,gene,DeconvSC,0.863345466174918
HCA_fold2,gene,DeconvSC,0.273163892904407
HCA_fold2,gene,DeconvSC,0.376167140913732
HCA_fold2,gene,DeconvSC,0.900025332911878
HCA_fold2,gene,DeconvSC,0.506397981074971
HCA_fold2,gene,DeconvSC,0.810565878363067
HCA_fold2,gene,DeconvSC,0.68259324732431
HCA_fold2,gene,DeconvSC,0.545714626898188
HCA_fold2,gene,DeconvSC,-0.0098633543834287
HCA_fold2,gene,DeconvSC,0.802403895276031
HCA_fold2,gene,DeconvSC,0.855349927324177
HCA_fold2,gene,DeconvSC,0.636968992836488
HCA_fold2,gene,DeconvSC,0.366394004255486
HCA_fold2,gene,DeconvSC,0.761461526768662
HCA_fold2,gene,DeconvSC,0.664566742027742
HCA_fold2,gene,DeconvSC,0.858663908028063
HCA_fold2,gene,DeconvSC,0.867342275895758
HCA_fold2,gene,DeconvSC,0.897094743726895
HCA_fold2,gene,DeconvSC,0.74034775432541
HCA_fold2,gene,DeconvSC,0.881493270895202
HCA_fold2,gene,DeconvSC,0.919067476992871
HCA_fold2,gene,DeconvSC,0.770972775418602
HCA_fold2,gene,DeconvSC,0.186759887061525
HCA_fold2,gene,DeconvSC,0.838788756946754
HCA_fold2,gene,DeconvSC,0.774907675774222
HCA_fold2,gene,DeconvSC,0.514690923606361
HCA_fold2,gene,DeconvSC,0.785948806544271
HCA_fold2,gene,DeconvSC,0.584620496546665
HCA_fold2,gene,DeconvSC,0.862819931044475
HCA_fold2,gene,DeconvSC,0.637282836237688
HCA_fold2,gene,DeconvSC,0.701557052039596
HCA_fold2,gene,DeconvSC,0.208652550420981
HCA_fold2,gene,DeconvSC,0.866478008118503
HCA_fold2,gene,DeconvSC,0.674673523924373
HCA_fold2,gene,DeconvSC,0.895780067224089
HCA_fold2,gene,DeconvSC,0.805753074970473
HCA_fold2,gene,DeconvSC,0.868126981885347
HCA_fold2,gene,DeconvSC,0.595380672919657
HCA_fold2,gene,DeconvSC,0.39617634225449
HCA_fold2,gene,DeconvSC,0.455082565081885
HCA_fold2,gene,DeconvSC,0.594390272231947
HCA_fold2,gene,DeconvSC,0.731101720673635
HCA_fold2,gene,DeconvSC,0.208140211420043
HCA_fold2,gene,DeconvSC,0.411063467510468
HCA_fold2,gene,DeconvSC,0.814576210745737
HCA_fold2,gene,DeconvSC,0.805848777625203
HCA_fold2,gene,DeconvSC,0.617186060610581
HCA_fold2,gene,DeconvSC,0.706232700113295
HCA_fold2,gene,DeconvSC,0.832813714541389
HCA_fold2,gene,DeconvSC,0.641542134920755
HCA_fold2,gene,DeconvSC,0.638158462188552
HCA_fold2,gene,DeconvSC,0.181771767563909
HCA_fold2,gene,DeconvSC,0.787065155092071
HCA_fold2,gene,DeconvSC,0.654458443413629
HCA_fold2,gene,DeconvSC,0.4790430624598
HCA_fold2,gene,DeconvSC,0.262140496991237
HCA_fold2,gene,DeconvSC,0.0628439869691898
HCA_fold2,gene,DeconvSC,0.340297037715236
HCA_fold2,gene,DeconvSC,0.29231345714351
HCA_fold2,gene,DeconvSC,0.170778575611543
HCA_fold2,gene,DeconvSC,0.380033207102267
HCA_fold2,gene,DeconvSC,0.0911445490438172
HCA_fold2,gene,DeconvSC,0.771799120432758
HCA_fold2,gene,DeconvSC,0.671251441558069
HCA_fold2,gene,DeconvSC,0.514218410058555
HCA_fold2,gene,DeconvSC,0.574946995894666
HCA_fold2,gene,DeconvSC,0.814047038220223
HCA_fold2,gene,DeconvSC,0.612325730861375
HCA_fold2,gene,DeconvSC,0.755045295419601
HCA_fold2,gene,DeconvSC,0.72533898980254
HCA_fold2,gene,DeconvSC,0.567049637440736
HCA_fold2,gene,DeconvSC,0.913220662603811
HCA_fold2,gene,DeconvSC,0.684039944857513
HCA_fold2,gene,DeconvSC,0.763355901063607
HCA_fold2,gene,DeconvSC,0.735721259817715
HCA_fold2,gene,DeconvSC,0.525793890829552
HCA_fold2,gene,DeconvSC,0.707866922557072
HCA_fold2,gene,DeconvSC,0.304784471940115
HCA_fold2,gene,DeconvSC,0.758752716950606
HCA_fold2,gene,DeconvSC,0.646657388839237
HCA_fold2,gene,DeconvSC,0.787970275255502
HCA_fold2,gene,DeconvSC,0.894349097333551
HCA_fold2,gene,DeconvSC,0.882683820872511
HCA_fold2,gene,DeconvSC,0.520479302891028
HCA_fold2,gene,DeconvSC,0.717903655970693
HCA_fold2,gene,DeconvSC,0.546722132609775
HCA_fold2,gene,DeconvSC,0.591446057435531
HCA_fold2,gene,DeconvSC,0.492331715461689
HCA_fold2,gene,DeconvSC,0.80665047617181
HCA_fold2,gene,DeconvSC,0.464052711617637
HCA_fold2,gene,DeconvSC,0.779998259739961
HCA_fold2,gene,DeconvSC,0.650113891565384
HCA_fold2,gene,DeconvSC,0.784657871566339
HCA_fold2,gene,DeconvSC,0.683642371017656
HCA_fold2,gene,DeconvSC,0.376599083024949
HCA_fold2,gene,DeconvSC,0.477768874123442
HCA_fold2,gene,DeconvSC,0.563258556026016
HCA_fold2,gene,DeconvSC,0.462342090473513
HCA_fold2,gene,DeconvSC,0.759728592902255
HCA_fold2,gene,DeconvSC,0.338955733474397
HCA_fold2,gene,DeconvSC,0.830759892390453
HCA_fold2,gene,DeconvSC,0.921949018899064
HCA_fold2,gene,DeconvSC,0.608382720591483
HCA_fold2,gene,DeconvSC,0.165120521010685
HCA_fold2,gene,DeconvSC,0.134681599848167
HCA_fold2,gene,DeconvSC,0.597299566454134
HCA_fold2,gene,DeconvSC,0.158723326403843
HCA_fold2,gene,DeconvSC,0.378860510911283
HCA_fold2,gene,DeconvSC,0.421957663720026
HCA_fold2,gene,DeconvSC,0.591247293009547
HCA_fold2,gene,DeconvSC,0.694419837293513
HCA_fold2,gene,DeconvSC,0.120407649316583
HCA_fold2,gene,DeconvSC,0.790047996879779
HCA_fold2,gene,DeconvSC,0.758292370032991
HCA_fold2,gene,DeconvSC,0.230057185123701
HCA_fold2,gene,DeconvSC,0.714612888975502
HCA_fold2,gene,DeconvSC,0.913117299667519
HCA_fold2,gene,DeconvSC,0.787417969038561
HCA_fold2,gene,DeconvSC,0.825589070550923
HCA_fold2,gene,DeconvSC,0.749978972125561
HCA_fold2,gene,DeconvSC,0.707041419667563
HCA_fold2,gene,DeconvSC,0.598457626128776
HCA_fold2,gene,DeconvSC,0.487852537572102
HCA_fold2,gene,DeconvSC,0.276716612772077
HCA_fold2,gene,DeconvSC,0.0987047031973541
HCA_fold2,gene,DeconvSC,0.415439004211904
HCA_fold2,gene,DeconvSC,0.542821389804791
HCA_fold2,gene,DeconvSC,0.309656126653298
HCA_fold2,gene,DeconvSC,0.244973068788725
HCA_fold2,gene,DeconvSC,0.729294511721134
HCA_fold2,gene,DeconvSC,0.758465024252201
HCA_fold2,gene,DeconvSC,0.78482449205855
HCA_fold2,gene,DeconvSC,0.520667260321799
HCA_fold2,gene,DeconvSC,0.313815889885277
HCA_fold2,gene,DeconvSC,0.68090314976988
HCA_fold2,gene,DeconvSC,0.696117361183289
HCA_fold2,gene,DeconvSC,0.852919530147243
HCA_fold2,gene,DeconvSC,0.370696500491592
HCA_fold2,gene,DeconvSC,0.662850329965942
HCA_fold2,gene,DeconvSC,0.614529926974198
HCA_fold2,gene,DeconvSC,0.653068272590718
HCA_fold2,gene,DeconvSC,0.496758410725094
HCA_fold2,gene,DeconvSC,0.652013413407534
HCA_fold2,gene,DeconvSC,0.639821716135688
HCA_fold2,gene,DeconvSC,0.663572247478728
HCA_fold2,gene,DeconvSC,0.881162791631691
HCA_fold2,gene,DeconvSC,0.624118616222474
HCA_fold2,gene,DeconvSC,0.752254172848997
HCA_fold2,gene,DeconvSC,0.553857795650059
HCA_fold2,gene,DeconvSC,0.541744640794583
HCA_fold2,gene,DeconvSC,0.76771229775053
HCA_fold2,gene,DeconvSC,0.169735836013297
HCA_fold2,gene,DeconvSC,0.23615504778884
HCA_fold2,gene,DeconvSC,0.628369979851866
HCA_fold2,gene,DeconvSC,0.795749291585675
HCA_fold2,gene,DeconvSC,0.505063631044578
HCA_fold2,gene,DeconvSC,0.833822029986829
HCA_fold2,gene,DeconvSC,0.285796914276763
HCA_fold2,gene,DeconvSC,0.858308702833527
HCA_fold2,gene,DeconvSC,0.656937609197937
HCA_fold2,gene,DeconvSC,0.686098948338473
HCA_fold2,gene,DeconvSC,0.563059173999062
HCA_fold2,gene,DeconvSC,0.526646776501382
HCA_fold2,gene,DeconvSC,0.319510159482977
HCA_fold2,gene,DeconvSC,0.515925619793523
HCA_fold2,gene,DeconvSC,0.267600257585886
HCA_fold2,gene,DeconvSC,0.546670214413331
HCA_fold2,gene,DeconvSC,0.690298679918665
HCA_fold2,gene,DeconvSC,0.416371359618784
HCA_fold2,gene,DeconvSC,0.526787982312854
HCA_fold2,gene,DeconvSC,0.119472175712605
HCA_fold2,gene,DeconvSC,0.50655037958562
HCA_fold2,gene,DeconvSC,0.872428100131064
HCA_fold2,gene,DeconvSC,0.639159021773032
HCA_fold2,gene,DeconvSC,0.790767342522061
HCA_fold2,gene,DeconvSC,0.193443482907482
HCA_fold2,gene,DeconvSC,0.595784620449645
HCA_fold2,gene,DeconvSC,0.779495478841516
HCA_fold2,gene,DeconvSC,0.697676875820769
HCA_fold2,gene,DeconvSC,0.311752438787681
HCA_fold2,gene,DeconvSC,0.597008708524334
HCA_fold2,gene,DeconvSC,0.822793064234621
HCA_fold2,gene,DeconvSC,0.261666982966179
HCA_fold2,gene,DeconvSC,0.596484696390012
HCA_fold2,gene,DeconvSC,0.537785934616753
HCA_fold2,gene,DeconvSC,0.73630414782274
HCA_fold2,gene,DeconvSC,0.115636087526194
HCA_fold2,gene,DeconvSC,0.69483853722866
HCA_fold2,gene,DeconvSC,0.514528888827119
HCA_fold2,gene,DeconvSC,0.660935912423756
HCA_fold2,gene,DeconvSC,0.740816434446792
HCA_fold2,gene,DeconvSC,0.458214047161401
HCA_fold2,gene,DeconvSC,0.322612283114891
HCA_fold2,gene,DeconvSC,0.737305940718697
HCA_fold2,gene,DeconvSC,0.277273741542732
HCA_fold2,gene,DeconvSC,-0.0112886456985454
HCA_fold2,gene,DeconvSC,0.270260401864447
HCA_fold2,gene,DeconvSC,0.56004976331106
HCA_fold2,gene,DeconvSC,0.742336610754527
HCA_fold2,gene,DeconvSC,0.461163840734103
HCA_fold2,gene,DeconvSC,0.560167431811823
HCA_fold2,gene,DeconvSC,0.391778970002768
HCA_fold2,gene,DeconvSC,0.535749455090115
HCA_fold2,gene,DeconvSC,0.310244501111814
HCA_fold2,gene,DeconvSC,0.621987802968822
HCA_fold2,gene,DeconvSC,0.564765990932397
HCA_fold2,gene,DeconvSC,0.614502057150399
HCA_fold2,gene,DeconvSC,0.620604602810241
HCA_fold2,gene,DeconvSC,0.6372017100677
HCA_fold2,gene,DeconvSC,0.386805649802563
HCA_fold2,gene,DeconvSC,0.561707425609708
HCA_fold2,gene,DeconvSC,0.816165096336085
HCA_fold2,gene,DeconvSC,0.619783366711472
HCA_fold2,gene,DeconvSC,0.777845283025508
HCA_fold2,gene,DeconvSC,0.577333034291355
HCA_fold2,gene,DeconvSC,0.840279942680054
HCA_fold2,gene,DeconvSC,0.0402273695655572
HCA_fold2,gene,DeconvSC,0.706767114208688
HCA_fold2,gene,DeconvSC,0.737442060570885
HCA_fold2,gene,DeconvSC,0.316008839789688
HCA_fold2,gene,DeconvSC,0.31115173819175
HCA_fold2,gene,DeconvSC,0.605375689031738
HCA_fold2,gene,DeconvSC,0.721734690828202
HCA_fold2,gene,DeconvSC,0.201756786496291
HCA_fold2,gene,DeconvSC,0.788761071194585
HCA_fold2,gene,DeconvSC,0.415480133475419
HCA_fold2,gene,DeconvSC,0.499535847304577
HCA_fold2,gene,DeconvSC,0.72781535016441
HCA_fold2,gene,DeconvSC,0.825210142481051
HCA_fold2,gene,DeconvSC,0.566066393248849
HCA_fold2,gene,DeconvSC,0.0569221431010515
HCA_fold2,gene,DeconvSC,0.113515232731011
HCA_fold2,gene,DeconvSC,-0.0732962229598757
HCA_fold2,gene,DeconvSC,0.803112660479022
HCA_fold2,gene,DeconvSC,0.324409952371395
HCA_fold2,gene,DeconvSC,0.762748913398989
HCA_fold2,gene,DeconvSC,0.68163630565253
HCA_fold2,gene,DeconvSC,0.657185168280049
HCA_fold2,gene,DeconvSC,0.586030860611343
HCA_fold2,gene,DeconvSC,0.486138414689727
HCA_fold2,gene,DeconvSC,0.459961552883172
HCA_fold2,gene,DeconvSC,0.225733795468891
HCA_fold2,gene,DeconvSC,0.898389920455626
HCA_fold2,gene,DeconvSC,0.244794260747819
HCA_fold2,gene,DeconvSC,0.67479712203063
HCA_fold2,gene,DeconvSC,0.455208038785493
HCA_fold2,gene,DeconvSC,0.588086515374384
HCA_fold2,gene,DeconvSC,0.669288429132657
HCA_fold2,gene,DeconvSC,0.63120870513873
HCA_fold2,gene,DeconvSC,0.705653368261702
HCA_fold2,gene,DeconvSC,0.172880858518277
GSE141115,gene,BayesPrism,0.184468316421103
GSE141115,gene,BayesPrism,0.615006745224408
GSE141115,gene,BayesPrism,0.889093472985157
GSE141115,gene,BayesPrism,0.911901391271711
GSE141115,gene,BayesPrism,0.523790283661673
GSE141115,gene,BayesPrism,0.753665681216984
GSE141115,gene,BayesPrism,0.455435767394855
GSE141115,gene,BayesPrism,0.323755758215125
GSE141115,gene,BayesPrism,0.809428654542445
GSE141115,gene,BayesPrism,0.545163292773495
GSE141115,gene,BayesPrism,0.446528970237372
GSE141115,gene,BayesPrism,0.811346603947191
GSE141115,gene,BayesPrism,0.672101839665944
GSE141115,gene,BayesPrism,0.679653937195336
GSE141115,gene,BayesPrism,0.739150411136249
GSE141115,gene,BayesPrism,0.503249198647844
GSE141115,gene,BayesPrism,0.93559434728666
GSE141115,gene,BayesPrism,0.57016561037958
GSE141115,gene,BayesPrism,0.824366437725839
GSE141115,gene,BayesPrism,0.579854474398918
GSE141115,gene,BayesPrism,0.910170260884267
GSE141115,gene,BayesPrism,0.973410675818642
GSE141115,gene,BayesPrism,0.676471039918989
GSE141115,gene,BayesPrism,0.599371852649109
GSE141115,gene,BayesPrism,0.944083189079785
GSE141115,gene,BayesPrism,0.573783950358853
GSE141115,gene,BayesPrism,0.816832697397071
GSE141115,gene,BayesPrism,0.810171422472938
GSE141115,gene,BayesPrism,0.872266507371184
GSE141115,gene,BayesPrism,0.4321640112424
GSE141115,gene,BayesPrism,0.96431346997075
GSE141115,gene,BayesPrism,0.908217639753434
GSE141115,gene,BayesPrism,0.886880487673855
GSE141115,gene,BayesPrism,0.613221094726467
GSE141115,gene,BayesPrism,0.765842261522412
GSE141115,gene,BayesPrism,0.91906049107072
GSE141115,gene,BayesPrism,0.473607132144458
GSE141115,gene,BayesPrism,0.578294650174664
GSE141115,gene,BayesPrism,0.429256393060071
GSE141115,gene,BayesPrism,0.391746842995466
GSE141115,gene,BayesPrism,0.858872509720754
GSE141115,gene,BayesPrism,0.690562457529293
GSE141115,gene,BayesPrism,0.408053674785966
GSE141115,gene,BayesPrism,0.654823604066255
GSE141115,gene,BayesPrism,0.779785161342592
GSE141115,gene,BayesPrism,0.595213875479133
GSE141115,gene,BayesPrism,0.786162439862943
GSE141115,gene,BayesPrism,0.853751816543275
GSE141115,gene,BayesPrism,0.143950159299391
GSE141115,gene,BayesPrism,0.127223223464215
GSE141115,gene,BayesPrism,0.585111334055712
GSE141115,gene,BayesPrism,0.994045677354269
GSE141115,gene,BayesPrism,0.94669828662329
GSE141115,gene,BayesPrism,0.569558341868286
GSE141115,gene,BayesPrism,0.873762333505468
GSE141115,gene,BayesPrism,0.943599745356207
GSE141115,gene,BayesPrism,0.573181725456188
GSE141115,gene,BayesPrism,0.438002595745573
GSE141115,gene,BayesPrism,0.874669829089569
GSE141115,gene,BayesPrism,0.922211971928451
GSE141115,gene,BayesPrism,0.866900853369818
GSE141115,gene,BayesPrism,0.774517183464819
GSE141115,gene,BayesPrism,0.0739439313267256
GSE141115,gene,BayesPrism,0.867234695187663
GSE141115,gene,BayesPrism,0.654822978997871
GSE141115,gene,BayesPrism,0.551180408669156
GSE141115,gene,BayesPrism,0.673559728618331
GSE141115,gene,BayesPrism,0.759643938601719
GSE141115,gene,BayesPrism,0.569483871442989
GSE141115,gene,BayesPrism,0.72271171508418
GSE141115,gene,BayesPrism,0.575323621597656
GSE141115,gene,BayesPrism,0.682737949189489
GSE141115,gene,BayesPrism,0.594785417503351
GSE141115,gene,BayesPrism,0.878211199299859
GSE141115,gene,BayesPrism,0.73251616552578
GSE141115,gene,BayesPrism,0.795880288283518
GSE141115,gene,BayesPrism,0.914983560308808
GSE141115,gene,BayesPrism,0.996043102450593
GSE141115,gene,BayesPrism,0.937432287875904
GSE141115,gene,BayesPrism,0.811397872254939
GSE141115,gene,BayesPrism,0.609554295855062
GSE141115,gene,BayesPrism,0.879184516971206
GSE141115,gene,BayesPrism,0.316396588741286
GSE141115,gene,BayesPrism,0.799324516677757
GSE141115,gene,BayesPrism,0.996634526699516
GSE141115,gene,BayesPrism,0.496971220762206
GSE141115,gene,BayesPrism,0.484803517156877
GSE141115,gene,BayesPrism,0.752197739616985
GSE141115,gene,BayesPrism,0.747028745369556
GSE141115,gene,BayesPrism,0.72894369532804
GSE141115,gene,BayesPrism,0.473133764660077
GSE141115,gene,BayesPrism,0.845470585612864
GSE141115,gene,BayesPrism,0.976462088533172
GSE141115,gene,BayesPrism,0.615107125043764
GSE141115,gene,BayesPrism,0.772258819627845
GSE141115,gene,BayesPrism,0.320298602379861
GSE141115,gene,BayesPrism,0.410618744901444
GSE141115,gene,BayesPrism,0.971807012105035
GSE141115,gene,BayesPrism,0.841955402832126
GSE141115,gene,BayesPrism,0.870487923292743
GSE141115,gene,BayesPrism,0.552180106159887
GSE141115,gene,BayesPrism,0.403604276452728
GSE141115,gene,BayesPrism,0.91669511725258
GSE141115,gene,BayesPrism,0.851474764106046
GSE141115,gene,BayesPrism,0.785242757567292
GSE141115,gene,BayesPrism,0.748757798481468
GSE141115,gene,BayesPrism,0.528020546173929
GSE141115,gene,BayesPrism,0.707585632067734
GSE141115,gene,BayesPrism,0.814060669216226
GSE141115,gene,BayesPrism,0.785000890950682
GSE141115,gene,BayesPrism,0.639048630951056
GSE141115,gene,BayesPrism,0.703006618409608
GSE141115,gene,BayesPrism,0.910141625086739
GSE141115,gene,BayesPrism,0.822485483108191
GSE141115,gene,BayesPrism,0.566608758690548
GSE141115,gene,BayesPrism,0.880524709754623
GSE141115,gene,BayesPrism,0.953060086591435
GSE141115,gene,BayesPrism,0.76787552827352
GSE141115,gene,BayesPrism,0.846254395344798
GSE141115,gene,BayesPrism,0.67802045606753
GSE141115,gene,BayesPrism,0.865435527765358
GSE141115,gene,BayesPrism,0.370152819873853
GSE141115,gene,BayesPrism,0.624854946766729
GSE141115,gene,BayesPrism,0.902427578019739
GSE141115,gene,BayesPrism,0.73968044873142
GSE141115,gene,BayesPrism,0.857362837527522
GSE141115,gene,BayesPrism,0.645015672557135
GSE141115,gene,BayesPrism,0.688432610749272
GSE141115,gene,BayesPrism,0.590266042380408
GSE141115,gene,BayesPrism,0.718393905508493
GSE141115,gene,BayesPrism,0.771442785995492
GSE141115,gene,BayesPrism,0.701056048709113
GSE141115,gene,BayesPrism,0.399108535952205
GSE141115,gene,BayesPrism,0.752251341309861
GSE141115,gene,BayesPrism,0.856741033878353
GSE141115,gene,BayesPrism,0.88950047768331
GSE141115,gene,BayesPrism,0.921475669807744
GSE141115,gene,BayesPrism,0.63659968214743
GSE141115,gene,BayesPrism,0.654328409757755
GSE141115,gene,BayesPrism,0.434026203842945
GSE141115,gene,BayesPrism,0.869189838966715
GSE141115,gene,BayesPrism,0.947871558182707
GSE141115,gene,BayesPrism,0.376164672831159
GSE141115,gene,BayesPrism,0.757225849657169
GSE141115,gene,BayesPrism,0.963376515069326
GSE141115,gene,BayesPrism,0.927185278291764
GSE141115,gene,BayesPrism,0.500191074585414
GSE141115,gene,BayesPrism,0.594587110830081
GSE141115,gene,BayesPrism,0.537666036276452
GSE141115,gene,BayesPrism,0.556237498668725
GSE141115,gene,BayesPrism,0.568367706692829
GSE141115,gene,BayesPrism,0.994825398985975
GSE141115,gene,BayesPrism,0.632560833903705
GSE141115,gene,BayesPrism,0.840972382366812
GSE141115,gene,BayesPrism,0.133404269126635
GSE141115,gene,BayesPrism,0.812897226116753
GSE141115,gene,BayesPrism,0.993944708557972
GSE141115,gene,BayesPrism,-0.157789519535638
GSE141115,gene,BayesPrism,0.800122297482254
GSE141115,gene,BayesPrism,0.459336310754294
GSE141115,gene,BayesPrism,0.648367595176383
GSE141115,gene,BayesPrism,0.46676783019855
GSE141115,gene,BayesPrism,0.556084049750302
GSE141115,gene,BayesPrism,0.440818373940282
GSE141115,gene,BayesPrism,0.845887264352231
GSE141115,gene,BayesPrism,-0.127818996723647
GSE141115,gene,BayesPrism,-0.0975107290859819
GSE141115,gene,BayesPrism,-0.192727682591932
GSE141115,gene,BayesPrism,-0.051571454441315
GSE141115,gene,BayesPrism,0.130224864111704
GSE141115,gene,BayesPrism,0.71148830959748
GSE141115,gene,BayesPrism,0.656546901295427
GSE141115,gene,BayesPrism,0.567879896474888
GSE141115,gene,BayesPrism,0.934391348145543
GSE141115,gene,BayesPrism,0.894832665513219
GSE141115,gene,BayesPrism,0.39985309904015
GSE141115,gene,BayesPrism,0.479132900990948
GSE141115,gene,BayesPrism,0.787246505776203
GSE141115,gene,BayesPrism,0.996062233955291
GSE141115,gene,BayesPrism,0.767781361545921
GSE141115,gene,BayesPrism,0.466643341515585
GSE141115,gene,BayesPrism,0.378561983321149
GSE141115,gene,BayesPrism,0.239431325617499
GSE141115,gene,BayesPrism,0.704364213066817
GSE141115,gene,BayesPrism,0.495567739555183
GSE141115,gene,BayesPrism,0.202296359838011
GSE141115,gene,BayesPrism,0.697675970339827
GSE141115,gene,BayesPrism,-0.087593164031736
GSE141115,gene,BayesPrism,0.591804380115836
GSE141115,gene,BayesPrism,0.368943866417034
GSE141115,gene,BayesPrism,0.586681601366452
GSE141115,gene,BayesPrism,0.227588994158403
GSE141115,gene,BayesPrism,0.301631324302579
GSE141115,gene,BayesPrism,0.781912497330279
GSE141115,gene,BayesPrism,0.556685018515595
GSE141115,gene,BayesPrism,0.403461334374603
GSE141115,gene,BayesPrism,0.780712894090196
GSE141115,gene,BayesPrism,0.958729001913072
GSE141115,gene,BayesPrism,0.244418217129077
GSE141115,gene,BayesPrism,0.451652234394471
GSE141115,gene,BayesPrism,0.932469634591575
GSE141115,gene,BayesPrism,0.732210690437552
GSE141115,gene,BayesPrism,0.178190575293081
GSE141115,gene,BayesPrism,0.434469368709712
GSE141115,gene,BayesPrism,0.628594993372257
GSE141115,gene,BayesPrism,0.238862086927065
GSE141115,gene,BayesPrism,0.337522444949288
GSE141115,gene,BayesPrism,0.590644447871489
GSE141115,gene,BayesPrism,0.615047225291495
GSE141115,gene,BayesPrism,0.656381317114722
GSE141115,gene,BayesPrism,0.83768517097265
GSE141115,gene,BayesPrism,0.724498455838021
GSE141115,gene,BayesPrism,0.761385036657249
GSE141115,gene,BayesPrism,0.486689694705578
GSE141115,gene,BayesPrism,0.55801547707736
GSE141115,gene,BayesPrism,0.580243808429437
GSE141115,gene,BayesPrism,0.861761149439972
GSE141115,gene,BayesPrism,0.772817586683467
GSE141115,gene,BayesPrism,0.501721165406193
GSE141115,gene,BayesPrism,0.392852745876672
GSE141115,gene,BayesPrism,0.43362788045501
GSE141115,gene,BayesPrism,0.222718006785308
GSE141115,gene,BayesPrism,0.926523939520034
GSE141115,gene,BayesPrism,0.759317041083523
GSE141115,gene,BayesPrism,0.479399354936066
GSE141115,gene,BayesPrism,0.800448450359348
GSE141115,gene,BayesPrism,0.531899623150969
GSE141115,gene,BayesPrism,0.850142178588768
GSE141115,gene,BayesPrism,0.603891307344387
GSE141115,gene,BayesPrism,0.825703321881522
GSE141115,gene,BayesPrism,0.762870050422138
GSE141115,gene,BayesPrism,0.841760434005141
GSE141115,gene,BayesPrism,0.678074634985808
GSE141115,gene,BayesPrism,0.670279290408384
GSE141115,gene,BayesPrism,0.60590833880219
GSE141115,gene,BayesPrism,0.370676280411696
GSE141115,gene,BayesPrism,0.646005021967001
GSE141115,gene,BayesPrism,0.698828233059766
GSE141115,gene,BayesPrism,0.589730369791263
GSE141115,gene,BayesPrism,-0.122711186486884
GSE141115,gene,BayesPrism,0.0478172589154507
GSE141115,gene,BayesPrism,0.880696958615763
GSE141115,gene,BayesPrism,0.741597810563422
GSE141115,gene,BayesPrism,0.618129393453554
GSE141115,gene,BayesPrism,0.804373922170873
GSE141115,gene,BayesPrism,0.881028375531039
GSE141115,gene,BayesPrism,0.431631593455441
GSE141115,gene,BayesPrism,-0.0299804055773876
GSE141115,gene,BayesPrism,0.602120260070576
GSE141115,gene,BayesPrism,0.745576651424314
GSE141115,gene,BayesPrism,0.967617509220225
GSE141115,gene,BayesPrism,0.877875583544973
GSE141115,gene,BayesPrism,0.729824958405106
GSE141115,gene,BayesPrism,0.849186344197416
GSE141115,gene,BayesPrism,0.675330674242589
GSE141115,gene,BayesPrism,0.0755416830660806
GSE141115,gene,BayesPrism,0.531487543241407
GSE141115,gene,BayesPrism,0.923768551028959
GSE141115,gene,BayesPrism,0.497307088586583
GSE141115,gene,BayesPrism,0.711311298261014
GSE141115,gene,BayesPrism,0.939090046102063
GSE141115,gene,BayesPrism,0.7882756040238
GSE141115,gene,BayesPrism,0.700473710128945
GSE141115,gene,BayesPrism,0.505649919063778
GSE141115,gene,BayesPrism,0.6896282814406
GSE141115,gene,BayesPrism,0.66442693674268
GSE141115,gene,BayesPrism,0.983043378486181
GSE141115,gene,BayesPrism,-0.172820876392928
GSE141115,gene,BayesPrism,0.783974440909438
GSE141115,gene,BayesPrism,0.778523901699329
GSE141115,gene,BayesPrism,0.457425806107734
GSE141115,gene,BayesPrism,0.648890128881263
GSE141115,gene,BayesPrism,0.53638022149842
GSE141115,gene,BayesPrism,0.417067236635764
GSE141115,gene,BayesPrism,0.940108185456186
GSE141115,gene,BayesPrism,0.846130342052152
GSE141115,gene,BayesPrism,-0.0164478165142912
GSE141115,gene,BayesPrism,0.336516609937426
GSE141115,gene,BayesPrism,0.413161909067606
GSE141115,gene,BayesPrism,0.374288847559715
GSE141115,gene,BayesPrism,0.714310260018167
GSE141115,gene,BayesPrism,0.959538294434101
GSE141115,gene,BayesPrism,0.681432469889515
GSE141115,gene,BayesPrism,0.626026075672944
GSE141115,gene,BayesPrism,0.626176658084913
GSE141115,gene,BayesPrism,0.99567179094281
GSE141115,gene,BayesPrism,0.98015199276878
GSE141115,gene,BayesPrism,0.870315180837555
GSE141115,gene,BayesPrism,0.968988910411367
GSE141115,gene,BayesPrism,0.788474006223339
GSE141115,gene,BayesPrism,0.0637606135689861
GSE141115,gene,BayesPrism,0.864918498547282
GSE141115,gene,BayesPrism,0.895236603347447
GSE141115,gene,BayesPrism,0.526121992848612
GSE141115,gene,BayesPrism,0.79210713336315
GSE141115,gene,BayesPrism,0.479986831544272
GSE141115,gene,BayesPrism,0.725634656810586
GSE141115,gene,BayesPrism,0.315543799083632
GSE141115,gene,BayesPrism,0.508822071047564
GSE141115,gene,BayesPrism,0.0152097926594996
GSE141115,gene,BayesPrism,0.609851778618382
GSE141115,gene,BayesPrism,0.305162590393717
GSE141115,gene,BayesPrism,0.68826495414181
GSE141115,gene,BayesPrism,0.956715136050656
GSE141115,gene,BayesPrism,0.739887130899827
GSE141115,gene,BayesPrism,0.284983710584327
GSE141115,gene,BayesPrism,0.41374934406962
GSE141115,gene,BayesPrism,0.956484299965026
GSE141115,gene,BayesPrism,0.717346318804917
GSE141115,gene,BayesPrism,0.971212098375919
GSE141115,gene,BayesPrism,0.244432530346743
GSE141115,gene,BayesPrism,0.922053279569004
GSE141115,gene,BayesPrism,0.829386757041554
GSE141115,gene,BayesPrism,-0.00268414741743165
GSE141115,gene,BayesPrism,0.886491396592738
GSE141115,gene,BayesPrism,0.784307274993822
GSE141115,gene,BayesPrism,0.897482287733666
GSE141115,gene,BayesPrism,0.994871350801268
GSE141115,gene,BayesPrism,0.325599571876196
GSE141115,gene,BayesPrism,0.828292897473546
GSE141115,gene,BayesPrism,0.767603927030222
GSE141115,gene,BayesPrism,0.680169973910227
GSE141115,gene,BayesPrism,0.524328972260332
GSE141115,gene,BayesPrism,0.598362985786731
GSE141115,gene,BayesPrism,0.507373599050903
GSE141115,gene,BayesPrism,0.511554384217123
GSE141115,gene,BayesPrism,0.39746040424317
GSE141115,gene,BayesPrism,0.545413440198983
GSE141115,gene,BayesPrism,0.685261865442861
GSE141115,gene,BayesPrism,0.89940256498761
GSE141115,gene,BayesPrism,0.935284789782762
GSE141115,gene,BayesPrism,0.999103246971751
GSE141115,gene,BayesPrism,0.841158571249632
GSE141115,gene,BayesPrism,0.232958048627993
GSE141115,gene,BayesPrism,0.683638825032197
GSE141115,gene,BayesPrism,0.921671816519981
GSE141115,gene,BayesPrism,0.816973101993454
GSE141115,gene,BayesPrism,0.0412981794638532
GSE141115,gene,BayesPrism,0.521651271514595
GSE141115,gene,BayesPrism,0.68813274842601
GSE141115,gene,BayesPrism,0.518919694038755
GSE141115,gene,BayesPrism,0.702174439328671
GSE141115,gene,BayesPrism,0.463463080297027
GSE141115,gene,BayesPrism,0.584428982279882
GSE141115,gene,BayesPrism,0.757765959634572
GSE141115,gene,BayesPrism,0.949746196254815
GSE141115,gene,BayesPrism,0.583660593721942
GSE141115,gene,BayesPrism,0.0563076880816091
GSE141115,gene,BayesPrism,0.0470856516940768
GSE141115,gene,BayesPrism,0.365099471739294
GSE141115,gene,BayesPrism,0.518915008805212
GSE141115,gene,BayesPrism,0.143379396178681
GSE141115,gene,BayesPrism,0.214894344228589
GSE141115,gene,BayesPrism,0.484139321609319
GSE141115,gene,BayesPrism,0.464533263081941
GSE141115,gene,BayesPrism,0.316217819253982
GSE141115,gene,BayesPrism,0.668861949602244
GSE141115,gene,BayesPrism,0.294068776833537
GSE141115,gene,BayesPrism,0.47579183806607
GSE141115,gene,BayesPrism,0.766560848313125
GSE141115,gene,BayesPrism,0.791768768159939
GSE141115,gene,BayesPrism,0.639595264544596
GSE141115,gene,BayesPrism,0.774089339649235
GSE141115,gene,BayesPrism,0.427176996248723
GSE141115,gene,BayesPrism,0.540352500455808
GSE141115,gene,BayesPrism,0.409561564351938
GSE141115,gene,BayesPrism,0.751891138878293
GSE141115,gene,BayesPrism,0.408831410002761
GSE141115,gene,BayesPrism,0.639206025301221
GSE141115,gene,BayesPrism,0.869338134493645
GSE141115,gene,BayesPrism,0.865474540263967
GSE141115,gene,BayesPrism,0.802273851153781
GSE141115,gene,BayesPrism,0.53276445900319
GSE141115,gene,BayesPrism,0.764900359912552
GSE141115,gene,BayesPrism,0.987429018934675
GSE141115,gene,BayesPrism,0.929345858565338
GSE141115,gene,BayesPrism,0.566393529883105
GSE141115,gene,BayesPrism,0.247129783774651
GSE141115,gene,BayesPrism,0.573690970706704
GSE141115,gene,BayesPrism,0.288753124836155
GSE141115,gene,BayesPrism,0.657939673206126
GSE141115,gene,BayesPrism,0.828151135670144
GSE141115,gene,BayesPrism,-0.0673263575754132
GSE141115,gene,BayesPrism,0.775100760091274
GSE141115,gene,BayesPrism,0.278128549578273
GSE141115,gene,BayesPrism,0.6406172449549
GSE141115,gene,BayesPrism,0.897194356601157
GSE141115,gene,BayesPrism,0.822306106282424
GSE141115,gene,BayesPrism,0.830308260978494
GSE141115,gene,BayesPrism,0.633832793658727
GSE141115,gene,BayesPrism,0.651900614805139
GSE141115,gene,BayesPrism,0.773954540384388
GSE141115,gene,BayesPrism,0.892477588969458
GSE141115,gene,BayesPrism,-0.231245003586423
GSE141115,gene,BayesPrism,0.58480473572751
GSE141115,gene,BayesPrism,0.566013129552281
GSE141115,gene,BayesPrism,0.579421351527361
GSE141115,gene,BayesPrism,0.802149239433152
GSE141115,gene,BayesPrism,0.109800052427747
GSE141115,gene,BayesPrism,0.424159664245027
GSE141115,gene,BayesPrism,0.405083720852869
GSE141115,gene,BayesPrism,0.937184435379355
GSE141115,gene,BayesPrism,0.542855517847979
GSE141115,gene,BayesPrism,0.500155176632215
GSE141115,gene,BayesPrism,0.701668750249373
GSE141115,gene,BayesPrism,0.765764367550052
GSE141115,gene,BayesPrism,0.704563415322196
GSE141115,gene,BayesPrism,0.629753163927291
GSE141115,gene,BayesPrism,0.393761854966061
GSE141115,gene,BayesPrism,0.0627475738792639
GSE141115,gene,BayesPrism,0.76687823421354
GSE141115,gene,BayesPrism,0.858778245410863
GSE141115,gene,BayesPrism,0.773615086125618
GSE141115,gene,BayesPrism,0.635901629063201
GSE141115,gene,BayesPrism,0.767942583482503
GSE141115,gene,BayesPrism,0.984560109567576
GSE141115,gene,BayesPrism,0.713021198914925
GSE141115,gene,BayesPrism,0.786313280025567
GSE141115,gene,BayesPrism,0.502591066550275
GSE141115,gene,BayesPrism,0.987325314989849
GSE141115,gene,BayesPrism,0.660276280652559
GSE141115,gene,BayesPrism,0.990259836394404
GSE141115,gene,BayesPrism,0.528653616896029
GSE141115,gene,BayesPrism,0.889092393985386
GSE141115,gene,BayesPrism,0.521393027694922
GSE141115,gene,BayesPrism,0.481441165419789
GSE141115,gene,BayesPrism,0.723100747674116
GSE141115,gene,BayesPrism,0.929485097098905
GSE141115,gene,BayesPrism,0.851756446058231
GSE141115,gene,BayesPrism,0.64010961790777
GSE141115,gene,BayesPrism,0.682984624440118
GSE141115,gene,BayesPrism,0.853391367966646
GSE141115,gene,BayesPrism,0.369358133691827
GSE141115,gene,BayesPrism,0.478712889794511
GSE141115,gene,BayesPrism,0.339508122724234
GSE141115,gene,BayesPrism,0.306293883240328
GSE141115,gene,BayesPrism,0.693129750693719
GSE141115,gene,BayesPrism,0.055859208746595
GSE141115,gene,BayesPrism,0.681933949912724
GSE141115,gene,BayesPrism,-0.03960549350203
GSE141115,gene,BayesPrism,0.760235618289986
GSE141115,gene,BayesPrism,0.255079351871847
GSE141115,gene,BayesPrism,0.81925371873133
GSE141115,gene,BayesPrism,0.788243559927538
GSE141115,gene,BayesPrism,0.141471411105
GSE141115,gene,BayesPrism,0.405504630057748
GSE141115,gene,BayesPrism,0.640638956783682
GSE141115,gene,BayesPrism,0.694651105640203
GSE141115,gene,BayesPrism,0.601863754831795
GSE141115,gene,BayesPrism,0.683220866202055
GSE141115,gene,BayesPrism,0.680264473971114
GSE141115,gene,BayesPrism,0.747521952749604
GSE141115,gene,BayesPrism,0.282325493465715
GSE141115,gene,BayesPrism,0.870203062243567
GSE141115,gene,BayesPrism,0.679882204069711
GSE141115,gene,BayesPrism,0.852993570098101
GSE141115,gene,BayesPrism,0.272343955580913
GSE141115,gene,BayesPrism,0.783857494660441
GSE141115,gene,BayesPrism,0.751102258821724
GSE141115,gene,BayesPrism,0.763596979752805
GSE141115,gene,BayesPrism,0.956709925271783
GSE141115,gene,BayesPrism,0.0980445050827433
GSE141115,gene,BayesPrism,0.2344610614613
GSE141115,gene,BayesPrism,0.689729835302989
GSE141115,gene,CIBERSORTx,-0.114014910101363
GSE141115,gene,CIBERSORTx,0.119562376342103
GSE141115,gene,CIBERSORTx,0.981339100981559
GSE141115,gene,CIBERSORTx,0.621784091240453
GSE141115,gene,CIBERSORTx,0.373399424060325
GSE141115,gene,CIBERSORTx,0.872838585338679
GSE141115,gene,CIBERSORTx,-0.294984425348046
GSE141115,gene,CIBERSORTx,0.980789342910611
GSE141115,gene,CIBERSORTx,0.285865533157081
GSE141115,gene,CIBERSORTx,-0.504660484427327
GSE141115,gene,CIBERSORTx,0.331314368245303
GSE141115,gene,CIBERSORTx,-0.443255879906888
GSE141115,gene,CIBERSORTx,0.835857724141221
GSE141115,gene,CIBERSORTx,-0.695525912183889
GSE141115,gene,CIBERSORTx,0.646164723892873
GSE141115,gene,CIBERSORTx,0.591228265205519
GSE141115,gene,CIBERSORTx,-0.241662074960798
GSE141115,gene,CIBERSORTx,0.41167745182564
GSE141115,gene,CIBERSORTx,0.581729680726934
GSE141115,gene,CIBERSORTx,0.468296492053688
GSE141115,gene,CIBERSORTx,0.626818673446375
GSE141115,gene,CIBERSORTx,-0.240317883218017
GSE141115,gene,CIBERSORTx,0.916843942533573
GSE141115,gene,CIBERSORTx,0.342902336390812
GSE141115,gene,CIBERSORTx,0.391367580717422
GSE141115,gene,CIBERSORTx,0.96159385754764
GSE141115,gene,CIBERSORTx,-0.319018731272722
GSE141115,gene,CIBERSORTx,0.124214179534095
GSE141115,gene,CIBERSORTx,-0.467432610153703
GSE141115,gene,CIBERSORTx,0.982672632135725
GSE141115,gene,CIBERSORTx,-0.281826937134107
GSE141115,gene,CIBERSORTx,0.964709431418172
GSE141115,gene,CIBERSORTx,-0.460221682406066
GSE141115,gene,CIBERSORTx,-0.571110898465949
GSE141115,gene,CIBERSORTx,0.803037786132019
GSE141115,gene,CIBERSORTx,0.334978675734389
GSE141115,gene,CIBERSORTx,-0.306832988433278
GSE141115,gene,CIBERSORTx,0.769685534659462
GSE141115,gene,CIBERSORTx,0.990729660041471
GSE141115,gene,CIBERSORTx,0.167766155731644
GSE141115,gene,CIBERSORTx,0.931108140142866
GSE141115,gene,CIBERSORTx,0.933776330804984
GSE141115,gene,CIBERSORTx,0.985793480079202
GSE141115,gene,CIBERSORTx,0.88217831890516
GSE141115,gene,CIBERSORTx,0.983049373319839
GSE141115,gene,CIBERSORTx,-0.480863148226637
GSE141115,gene,CIBERSORTx,-0.287905181275446
GSE141115,gene,CIBERSORTx,0.55637287569686
GSE141115,gene,CIBERSORTx,-0.314821071125887
GSE141115,gene,CIBERSORTx,0.993430126416986
GSE141115,gene,CIBERSORTx,0.403276048679699
GSE141115,gene,CIBERSORTx,-0.271712592594899
GSE141115,gene,CIBERSORTx,-0.264505046352952
GSE141115,gene,CIBERSORTx,0.878335882817821
GSE141115,gene,CIBERSORTx,0.533184115782584
GSE141115,gene,CIBERSORTx,-0.364147107152998
GSE141115,gene,CIBERSORTx,0.415214039417328
GSE141115,gene,CIBERSORTx,0.850803301228579
GSE141115,gene,CIBERSORTx,0.565392054228225
GSE141115,gene,CIBERSORTx,0.518005917211746
GSE141115,gene,CIBERSORTx,-0.713078483055271
GSE141115,gene,CIBERSORTx,0.756473337738916
GSE141115,gene,CIBERSORTx,0.318917487829678
GSE141115,gene,CIBERSORTx,0.918100400944783
GSE141115,gene,CIBERSORTx,0.478766191820247
GSE141115,gene,CIBERSORTx,0.379891581244214
GSE141115,gene,CIBERSORTx,0.560375600932404
GSE141115,gene,CIBERSORTx,0.209261079353079
GSE141115,gene,CIBERSORTx,-0.374503977723831
GSE141115,gene,CIBERSORTx,0.195193319182544
GSE141115,gene,CIBERSORTx,0.245144861050151
GSE141115,gene,CIBERSORTx,0.549889232810562
GSE141115,gene,CIBERSORTx,0.849883239620565
GSE141115,gene,CIBERSORTx,0.841973865826202
GSE141115,gene,CIBERSORTx,0.898787350567101
GSE141115,gene,CIBERSORTx,0.988276345178167
GSE141115,gene,CIBERSORTx,0.782693611644635
GSE141115,gene,CIBERSORTx,0.702783351564173
GSE141115,gene,CIBERSORTx,0.871933653736591
GSE141115,gene,CIBERSORTx,0.241952608604255
GSE141115,gene,CIBERSORTx,0.595760891416546
GSE141115,gene,CIBERSORTx,0.233725469047636
GSE141115,gene,CIBERSORTx,0.542655415674975
GSE141115,gene,CIBERSORTx,0.706007272673927
GSE141115,gene,CIBERSORTx,-0.268029022013277
GSE141115,gene,CIBERSORTx,0.277174610490501
GSE141115,gene,CIBERSORTx,-0.0931794335673887
GSE141115,gene,CIBERSORTx,-0.299929998543865
GSE141115,gene,CIBERSORTx,0.0482874423087801
GSE141115,gene,CIBERSORTx,0.880463260457002
GSE141115,gene,CIBERSORTx,0.917849885538047
GSE141115,gene,CIBERSORTx,0.73608123385406
GSE141115,gene,CIBERSORTx,0.517715535127232
GSE141115,gene,CIBERSORTx,-0.272973771358588
GSE141115,gene,CIBERSORTx,-0.343754729101743
GSE141115,gene,CIBERSORTx,-0.112358543537851
GSE141115,gene,CIBERSORTx,-0.821238214102437
GSE141115,gene,CIBERSORTx,-0.337886466220578
GSE141115,gene,CIBERSORTx,-0.0794005998883937
GSE141115,gene,CIBERSORTx,-0.0200485449649797
GSE141115,gene,CIBERSORTx,-0.0783719130120307
GSE141115,gene,CIBERSORTx,0.722674393859359
GSE141115,gene,CIBERSORTx,-0.757455300839525
GSE141115,gene,CIBERSORTx,-0.831010784753016
GSE141115,gene,CIBERSORTx,0.757713108192689
GSE141115,gene,CIBERSORTx,-0.792900982103497
GSE141115,gene,CIBERSORTx,0.571024188719054
GSE141115,gene,CIBERSORTx,-0.0403412002336333
GSE141115,gene,CIBERSORTx,0.512834330685609
GSE141115,gene,CIBERSORTx,-0.196672479538341
GSE141115,gene,CIBERSORTx,0.289817298287217
GSE141115,gene,CIBERSORTx,-0.638674822849044
GSE141115,gene,CIBERSORTx,0.800425339970645
GSE141115,gene,CIBERSORTx,0.562086118149662
GSE141115,gene,CIBERSORTx,0.932844717876544
GSE141115,gene,CIBERSORTx,0.0713713659541705
GSE141115,gene,CIBERSORTx,0.838395378653067
GSE141115,gene,CIBERSORTx,-0.582164707493828
GSE141115,gene,CIBERSORTx,0.891364155097782
GSE141115,gene,CIBERSORTx,-0.128077048400474
GSE141115,gene,CIBERSORTx,0.385495800705399
GSE141115,gene,CIBERSORTx,0.211684749537619
GSE141115,gene,CIBERSORTx,0.617000725681037
GSE141115,gene,CIBERSORTx,-0.370795952305913
GSE141115,gene,CIBERSORTx,0.469727288882418
GSE141115,gene,CIBERSORTx,-0.108273760358759
GSE141115,gene,CIBERSORTx,0.927710593812832
GSE141115,gene,CIBERSORTx,-0.282775961037678
GSE141115,gene,CIBERSORTx,0.119034452147507
GSE141115,gene,CIBERSORTx,0.497133007993455
GSE141115,gene,CIBERSORTx,0.660962228995333
GSE141115,gene,CIBERSORTx,0.209048426859829
GSE141115,gene,CIBERSORTx,0.18218961454307
GSE141115,gene,CIBERSORTx,0.235607004007622
GSE141115,gene,CIBERSORTx,0.773076520225753
GSE141115,gene,CIBERSORTx,-0.392997518155748
GSE141115,gene,CIBERSORTx,0.473572455063617
GSE141115,gene,CIBERSORTx,-0.25229440599356
GSE141115,gene,CIBERSORTx,0.781725904100584
GSE141115,gene,CIBERSORTx,0.464444342592021
GSE141115,gene,CIBERSORTx,0.636368037320348
GSE141115,gene,CIBERSORTx,-0.382751889739425
GSE141115,gene,CIBERSORTx,0.39751867809756
GSE141115,gene,CIBERSORTx,-0.199564321254233
GSE141115,gene,CIBERSORTx,0.489934261978857
GSE141115,gene,CIBERSORTx,0.712103145089701
GSE141115,gene,CIBERSORTx,0.0282191097007438
GSE141115,gene,CIBERSORTx,-0.225223996046567
GSE141115,gene,CIBERSORTx,0.925573467872042
GSE141115,gene,CIBERSORTx,0.621188414232784
GSE141115,gene,CIBERSORTx,0.923204632724251
GSE141115,gene,CIBERSORTx,-0.288584111054287
GSE141115,gene,CIBERSORTx,0.558814831711702
GSE141115,gene,CIBERSORTx,0.544962071243792
GSE141115,gene,CIBERSORTx,0.0192103515024781
GSE141115,gene,CIBERSORTx,0.689739991413131
GSE141115,gene,CIBERSORTx,-0.201938121944222
GSE141115,gene,CIBERSORTx,0.746937909283959
GSE141115,gene,CIBERSORTx,-0.291610509489048
GSE141115,gene,CIBERSORTx,0.385048594680478
GSE141115,gene,CIBERSORTx,0.766843001898632
GSE141115,gene,CIBERSORTx,-0.484088668893389
GSE141115,gene,CIBERSORTx,-0.227833588418082
GSE141115,gene,CIBERSORTx,0.933931926092614
GSE141115,gene,CIBERSORTx,0.128303266984891
GSE141115,gene,CIBERSORTx,0.223350831612928
GSE141115,gene,CIBERSORTx,-0.324286583576532
GSE141115,gene,CIBERSORTx,-0.103788365447151
GSE141115,gene,CIBERSORTx,0.0173391838247174
GSE141115,gene,CIBERSORTx,0.149912542758678
GSE141115,gene,CIBERSORTx,-0.220642205524289
GSE141115,gene,CIBERSORTx,-0.146230204467545
GSE141115,gene,CIBERSORTx,-0.685329932327621
GSE141115,gene,CIBERSORTx,0.160148218035957
GSE141115,gene,CIBERSORTx,-0.429521118551453
GSE141115,gene,CIBERSORTx,-0.0340122769687807
GSE141115,gene,CIBERSORTx,0.551254440431791
GSE141115,gene,CIBERSORTx,0.93782262587246
GSE141115,gene,CIBERSORTx,-0.271013297202143
GSE141115,gene,CIBERSORTx,-0.233784760102379
GSE141115,gene,CIBERSORTx,0.45833888963192
GSE141115,gene,CIBERSORTx,0.659153315423257
GSE141115,gene,CIBERSORTx,0.434064860980871
GSE141115,gene,CIBERSORTx,0.177840865647074
GSE141115,gene,CIBERSORTx,0.561815680874128
GSE141115,gene,CIBERSORTx,0.590484415769897
GSE141115,gene,CIBERSORTx,0.848816112900379
GSE141115,gene,CIBERSORTx,-0.453354672080933
GSE141115,gene,CIBERSORTx,-0.098282204074868
GSE141115,gene,CIBERSORTx,-0.178427358592992
GSE141115,gene,CIBERSORTx,0.809648356523791
GSE141115,gene,CIBERSORTx,0.991561984500151
GSE141115,gene,CIBERSORTx,-0.110891853610866
GSE141115,gene,CIBERSORTx,-0.655402140067022
GSE141115,gene,CIBERSORTx,0.808774313000041
GSE141115,gene,CIBERSORTx,0.55402065451466
GSE141115,gene,CIBERSORTx,0.923343943642649
GSE141115,gene,CIBERSORTx,0.913827336324084
GSE141115,gene,CIBERSORTx,0.240245583312028
GSE141115,gene,CIBERSORTx,0.722309778627685
GSE141115,gene,CIBERSORTx,-0.421448712256332
GSE141115,gene,CIBERSORTx,0.477760745648176
GSE141115,gene,CIBERSORTx,0.217308588714452
GSE141115,gene,CIBERSORTx,0.477934488417095
GSE141115,gene,CIBERSORTx,0.29279425080856
GSE141115,gene,CIBERSORTx,-0.0839542728544454
GSE141115,gene,CIBERSORTx,0.544447756482656
GSE141115,gene,CIBERSORTx,0.139138013859118
GSE141115,gene,CIBERSORTx,0.582468442469839
GSE141115,gene,CIBERSORTx,-0.271249419764591
GSE141115,gene,CIBERSORTx,-0.00237906761241372
GSE141115,gene,CIBERSORTx,0.686906929888322
GSE141115,gene,CIBERSORTx,0.632323492150695
GSE141115,gene,CIBERSORTx,0.987056338157013
GSE141115,gene,CIBERSORTx,0.382767677562884
GSE141115,gene,CIBERSORTx,0.0674742188931989
GSE141115,gene,CIBERSORTx,-0.459922616990783
GSE141115,gene,CIBERSORTx,-0.865118203293752
GSE141115,gene,CIBERSORTx,0.648513664112371
GSE141115,gene,CIBERSORTx,0.272803096459603
GSE141115,gene,CIBERSORTx,0.560512296704617
GSE141115,gene,CIBERSORTx,0.971747794983031
GSE141115,gene,CIBERSORTx,-0.53872214302748
GSE141115,gene,CIBERSORTx,0.704757690215978
GSE141115,gene,CIBERSORTx,0.319530404496283
GSE141115,gene,CIBERSORTx,0.0896531915846067
GSE141115,gene,CIBERSORTx,0.252270112495129
GSE141115,gene,CIBERSORTx,0.721302312975386
GSE141115,gene,CIBERSORTx,-0.320031674354729
GSE141115,gene,CIBERSORTx,0.0452907149934347
GSE141115,gene,CIBERSORTx,0.255737861937551
GSE141115,gene,CIBERSORTx,0.580694009805502
GSE141115,gene,CIBERSORTx,0.11912876733427
GSE141115,gene,CIBERSORTx,0.528792303530259
GSE141115,gene,CIBERSORTx,-0.383797387521113
GSE141115,gene,CIBERSORTx,0.900399584977877
GSE141115,gene,CIBERSORTx,0.315165016509981
GSE141115,gene,CIBERSORTx,0.89316329688989
GSE141115,gene,CIBERSORTx,0.858835150488696
GSE141115,gene,CIBERSORTx,0.161528833351687
GSE141115,gene,CIBERSORTx,-0.159477360449667
GSE141115,gene,CIBERSORTx,-0.0703703517013131
GSE141115,gene,CIBERSORTx,-0.376570600928702
GSE141115,gene,CIBERSORTx,0.77894120621796
GSE141115,gene,CIBERSORTx,0.415704391071538
GSE141115,gene,CIBERSORTx,0.401497819064267
GSE141115,gene,CIBERSORTx,0.134115365221745
GSE141115,gene,CIBERSORTx,-0.362325976224082
GSE141115,gene,CIBERSORTx,0.374607765679252
GSE141115,gene,CIBERSORTx,0.881763641791086
GSE141115,gene,CIBERSORTx,0.637909984317853
GSE141115,gene,CIBERSORTx,0.148472136349642
GSE141115,gene,CIBERSORTx,-0.441343543773256
GSE141115,gene,CIBERSORTx,-0.672767836458117
GSE141115,gene,CIBERSORTx,-0.308437516592808
GSE141115,gene,CIBERSORTx,0.933580827292946
GSE141115,gene,CIBERSORTx,0.138462052580129
GSE141115,gene,CIBERSORTx,-0.337382823681865
GSE141115,gene,CIBERSORTx,0.989893120558181
GSE141115,gene,CIBERSORTx,0.623492078460021
GSE141115,gene,CIBERSORTx,-0.234897645335585
GSE141115,gene,CIBERSORTx,0.914405933047976
GSE141115,gene,CIBERSORTx,0.612626372622589
GSE141115,gene,CIBERSORTx,0.884629568455438
GSE141115,gene,CIBERSORTx,0.408751122049704
GSE141115,gene,CIBERSORTx,-0.134563494415013
GSE141115,gene,CIBERSORTx,0.865874941530208
GSE141115,gene,CIBERSORTx,-0.497088079919545
GSE141115,gene,CIBERSORTx,0.599547454256797
GSE141115,gene,CIBERSORTx,-0.179698918243106
GSE141115,gene,CIBERSORTx,0.646425192357212
GSE141115,gene,CIBERSORTx,-0.354738957451642
GSE141115,gene,CIBERSORTx,-0.314037140698205
GSE141115,gene,CIBERSORTx,-0.0273065262279995
GSE141115,gene,CIBERSORTx,-0.24859403440506
GSE141115,gene,CIBERSORTx,0.0731934966240582
GSE141115,gene,CIBERSORTx,-0.322895365452536
GSE141115,gene,CIBERSORTx,-0.186894680031083
GSE141115,gene,CIBERSORTx,-0.529157788455113
GSE141115,gene,CIBERSORTx,-0.194200959587984
GSE141115,gene,CIBERSORTx,-0.343454171534945
GSE141115,gene,CIBERSORTx,0.934754586105736
GSE141115,gene,CIBERSORTx,-0.299014998587178
GSE141115,gene,CIBERSORTx,-0.332460829393147
GSE141115,gene,CIBERSORTx,-0.0694091959800311
GSE141115,gene,CIBERSORTx,-0.374010114482254
GSE141115,gene,CIBERSORTx,-0.246003689267944
GSE141115,gene,CIBERSORTx,-0.203218934977138
GSE141115,gene,CIBERSORTx,-0.410754909842976
GSE141115,gene,CIBERSORTx,0.414663009245701
GSE141115,gene,CIBERSORTx,0.819420897737724
GSE141115,gene,CIBERSORTx,-0.575749255871412
GSE141115,gene,CIBERSORTx,0.406716627974223
GSE141115,gene,CIBERSORTx,0.55062783454571
GSE141115,gene,CIBERSORTx,-0.469465868777801
GSE141115,gene,CIBERSORTx,0.381688202049082
GSE141115,gene,CIBERSORTx,0.804209426664819
GSE141115,gene,CIBERSORTx,0.747343127104685
GSE141115,gene,CIBERSORTx,0.794025192689964
GSE141115,gene,CIBERSORTx,-0.0730433693595702
GSE141115,gene,CIBERSORTx,0.783210252291824
GSE141115,gene,CIBERSORTx,0.675622291841474
GSE141115,gene,CIBERSORTx,0.542257859247276
GSE141115,gene,CIBERSORTx,0.683574030772867
GSE141115,gene,CIBERSORTx,0.700793355592973
GSE141115,gene,CIBERSORTx,-0.567354223700229
GSE141115,gene,CIBERSORTx,-0.612115527367245
GSE141115,gene,CIBERSORTx,0.445805588801474
GSE141115,gene,CIBERSORTx,0.1895125723733
GSE141115,gene,CIBERSORTx,-0.480228399285181
GSE141115,gene,CIBERSORTx,0.0869203969184701
GSE141115,gene,CIBERSORTx,0.427447475723414
GSE141115,gene,CIBERSORTx,-0.291354916664042
GSE141115,gene,CIBERSORTx,0.657891760002381
GSE141115,gene,CIBERSORTx,0.0444072732205146
GSE141115,gene,CIBERSORTx,0.041399972019072
GSE141115,gene,CIBERSORTx,-0.257597702543408
GSE141115,gene,CIBERSORTx,0.25730185721126
GSE141115,gene,CIBERSORTx,-0.0680905832875263
GSE141115,gene,CIBERSORTx,0.180703968882201
GSE141115,gene,CIBERSORTx,0.212204956521029
GSE141115,gene,CIBERSORTx,-0.481711968382369
GSE141115,gene,CIBERSORTx,-0.606543435875205
GSE141115,gene,CIBERSORTx,-0.121218076292608
GSE141115,gene,CIBERSORTx,-0.389562041006842
GSE141115,gene,CIBERSORTx,0.681400855454239
GSE141115,gene,CIBERSORTx,-0.71402609823072
GSE141115,gene,CIBERSORTx,-0.158248035766992
GSE141115,gene,CIBERSORTx,0.854899296783498
GSE141115,gene,CIBERSORTx,-0.131520618906671
GSE141115,gene,CIBERSORTx,-0.258747570392855
GSE141115,gene,CIBERSORTx,-0.175832749047343
GSE141115,gene,CIBERSORTx,0.712360243452943
GSE141115,gene,CIBERSORTx,0.146010885047767
GSE141115,gene,CIBERSORTx,0.889934822536973
GSE141115,gene,CIBERSORTx,0.677835345245764
GSE141115,gene,CIBERSORTx,-0.191227855158496
GSE141115,gene,CIBERSORTx,0.107909850219487
GSE141115,gene,CIBERSORTx,0.494487168212768
GSE141115,gene,CIBERSORTx,-0.499068370789477
GSE141115,gene,CIBERSORTx,0.575475426116511
GSE141115,gene,CIBERSORTx,0.86341573556542
GSE141115,gene,CIBERSORTx,0.155174791561042
GSE141115,gene,CIBERSORTx,0.982342863341575
GSE141115,gene,CIBERSORTx,0.961538633440317
GSE141115,gene,CIBERSORTx,-0.263505449396891
GSE141115,gene,CIBERSORTx,-0.436186213859748
GSE141115,gene,CIBERSORTx,-0.73472599208129
GSE141115,gene,CIBERSORTx,0.40944189182756
GSE141115,gene,CIBERSORTx,0.295218924126934
GSE141115,gene,CIBERSORTx,-0.591368142347436
GSE141115,gene,CIBERSORTx,-0.643073156756646
GSE141115,gene,CIBERSORTx,-0.147235241068897
GSE141115,gene,CIBERSORTx,-0.715120826074269
GSE141115,gene,CIBERSORTx,-0.321641819014481
GSE141115,gene,CIBERSORTx,-0.198578392359353
GSE141115,gene,CIBERSORTx,-0.179250967943326
GSE141115,gene,CIBERSORTx,-0.700257619716003
GSE141115,gene,CIBERSORTx,-0.255198613847444
GSE141115,gene,CIBERSORTx,-0.656735572670468
GSE141115,gene,CIBERSORTx,-0.668348483890009
GSE141115,gene,CIBERSORTx,0.777360275289745
GSE141115,gene,CIBERSORTx,0.948256766308088
GSE141115,gene,CIBERSORTx,0.113431448280433
GSE141115,gene,CIBERSORTx,-0.500937124774013
GSE141115,gene,CIBERSORTx,0.797131053895656
GSE141115,gene,CIBERSORTx,0.335197573203791
GSE141115,gene,CIBERSORTx,0.717687707797275
GSE141115,gene,CIBERSORTx,0.44905134028407
GSE141115,gene,CIBERSORTx,0.723438297687345
GSE141115,gene,CIBERSORTx,0.957122877070487
GSE141115,gene,CIBERSORTx,0.677273292506853
GSE141115,gene,CIBERSORTx,0.20399617016258
GSE141115,gene,CIBERSORTx,0.741398834642558
GSE141115,gene,CIBERSORTx,0.486338886631019
GSE141115,gene,CIBERSORTx,0.0503223538451939
GSE141115,gene,CIBERSORTx,-0.0267114299534547
GSE141115,gene,CIBERSORTx,0.381273228268877
GSE141115,gene,CIBERSORTx,-0.794025876723273
GSE141115,gene,CIBERSORTx,0.899137201708057
GSE141115,gene,CIBERSORTx,0.0725113107883449
GSE141115,gene,CIBERSORTx,0.868680926423108
GSE141115,gene,CIBERSORTx,0.34622680260165
GSE141115,gene,CIBERSORTx,-0.393996970585112
GSE141115,gene,CIBERSORTx,-0.00885830233039216
GSE141115,gene,CIBERSORTx,-0.572195553354478
GSE141115,gene,CIBERSORTx,0.52749307064608
GSE141115,gene,CIBERSORTx,-0.226751724540265
GSE141115,gene,CIBERSORTx,0.0494917756485363
GSE141115,gene,CIBERSORTx,0.988807269420403
GSE141115,gene,CIBERSORTx,0.979946233160797
GSE141115,gene,CIBERSORTx,-0.114101964867291
GSE141115,gene,CIBERSORTx,0.74793412725241
GSE141115,gene,CIBERSORTx,-0.377752286375928
GSE141115,gene,CIBERSORTx,-0.524506946539128
GSE141115,gene,CIBERSORTx,-0.184888433016029
GSE141115,gene,CIBERSORTx,-0.161108302749023
GSE141115,gene,CIBERSORTx,-0.592374544204243
GSE141115,gene,CIBERSORTx,-0.375067583548396
GSE141115,gene,CIBERSORTx,-0.0372344736921025
GSE141115,gene,CIBERSORTx,-0.515110908346057
GSE141115,gene,CIBERSORTx,0.986635631283573
GSE141115,gene,CIBERSORTx,0.518521823236869
GSE141115,gene,CIBERSORTx,0.989631726304859
GSE141115,gene,CIBERSORTx,0.374467816411052
GSE141115,gene,CIBERSORTx,-0.71664122962904
GSE141115,gene,CIBERSORTx,-0.448197474869718
GSE141115,gene,CIBERSORTx,-0.289209506275926
GSE141115,gene,CIBERSORTx,-0.914132305498792
GSE141115,gene,CIBERSORTx,0.964194105686838
GSE141115,gene,CIBERSORTx,-0.0817021460810513
GSE141115,gene,CIBERSORTx,-0.222642327011218
GSE141115,gene,CIBERSORTx,0.0715489253970408
GSE141115,gene,CIBERSORTx,0.188022833144135
GSE141115,gene,CIBERSORTx,-0.21290284801379
GSE141115,gene,CIBERSORTx,-0.362536140087122
GSE141115,gene,CIBERSORTx,-0.26591909428967
GSE141115,gene,CIBERSORTx,0.862542466434934
GSE141115,gene,CIBERSORTx,0.364813467225567
GSE141115,gene,CIBERSORTx,0.414495429938627
GSE141115,gene,CIBERSORTx,-0.761247612166813
GSE141115,gene,CIBERSORTx,0.884258060717421
GSE141115,gene,CIBERSORTx,0.992974992736956
GSE141115,gene,CIBERSORTx,-0.513611270271673
GSE141115,gene,CIBERSORTx,0.789428736151021
GSE141115,gene,CIBERSORTx,-0.375678319722711
GSE141115,gene,CIBERSORTx,0.966482917670019
GSE141115,gene,CIBERSORTx,0.702675237849805
GSE141115,gene,CIBERSORTx,0.72883997695331
GSE141115,gene,CIBERSORTx,0.58774786182101
GSE141115,gene,CIBERSORTx,-0.486905123993665
GSE141115,gene,CIBERSORTx,0.338599562632869
GSE141115,gene,CIBERSORTx,-0.323786731296931
GSE141115,gene,CIBERSORTx,0.128047954673384
GSE141115,gene,CIBERSORTx,-0.175234929623461
GSE141115,gene,CIBERSORTx,0.867543615112826
GSE141115,gene,CIBERSORTx,0.932351887543099
GSE141115,gene,CIBERSORTx,0.16350509394797
GSE141115,gene,CIBERSORTx,-0.0928056158039067
GSE141115,gene,CIBERSORTx,-0.248620442509387
GSE141115,gene,CIBERSORTx,0.0176757081595966
GSE141115,gene,CIBERSORTx,0.725609363377557
GSE141115,gene,CIBERSORTx,-0.646547981144615
GSE141115,gene,CIBERSORTx,0.391056925974932
GSE141115,gene,CIBERSORTx,-0.355245216733797
GSE141115,gene,CIBERSORTx,0.207418776000554
GSE141115,gene,CIBERSORTx,-0.211636944592159
GSE141115,gene,CIBERSORTx,0.0183419657010172
GSE141115,gene,CIBERSORTx,0.502505890725824
GSE141115,gene,CIBERSORTx,0.749546217770126
GSE141115,gene,CIBERSORTx,-0.262464016025701
GSE141115,gene,CIBERSORTx,0.125624765770366
GSE141115,gene,CIBERSORTx,-0.366977113886245
GSE141115,gene,CIBERSORTx,0.287231600753928
GSE141115,gene,CIBERSORTx,0.508353793850239
GSE141115,gene,CIBERSORTx,-0.276027125219734
GSE141115,gene,CIBERSORTx,-0.9004013801656
GSE141115,gene,CIBERSORTx,0.495445212433363
GSE141115,gene,CIBERSORTx,0.36989494872522
GSE141115,gene,CIBERSORTx,0.00329795399577693
GSE141115,gene,CIBERSORTx,-0.263573155843549
GSE141115,gene,CIBERSORTx,0.877154045922351
GSE141115,gene,CIBERSORTx,-0.358742117813037
GSE141115,gene,CIBERSORTx,0.343134980291171
GSE141115,gene,DISSECT,0.58843002019423
GSE141115,gene,DISSECT,0.635425000167296
GSE141115,gene,DISSECT,0.826222279213586
GSE141115,gene,DISSECT,0.679483243105351
GSE141115,gene,DISSECT,0.355863594180047
GSE141115,gene,DISSECT,0.51845305726183
GSE141115,gene,DISSECT,0.64494156631406
GSE141115,gene,DISSECT,0.422691166599501
GSE141115,gene,DISSECT,0.820913498268019
GSE141115,gene,DISSECT,0.717290352171593
GSE141115,gene,DISSECT,0.86189224094678
GSE141115,gene,DISSECT,0.687059798051397
GSE141115,gene,DISSECT,0.88677994977502
GSE141115,gene,DISSECT,0.719202464326939
GSE141115,gene,DISSECT,0.871285065567023
GSE141115,gene,DISSECT,0.511186059614312
GSE141115,gene,DISSECT,0.307567834127081
GSE141115,gene,DISSECT,0.69253440030635
GSE141115,gene,DISSECT,0.473030851602134
GSE141115,gene,DISSECT,0.451883643228207
GSE141115,gene,DISSECT,0.944792503273262
GSE141115,gene,DISSECT,0.90196306642546
GSE141115,gene,DISSECT,0.781790603522365
GSE141115,gene,DISSECT,0.691254682462531
GSE141115,gene,DISSECT,0.799832694354559
GSE141115,gene,DISSECT,0.532784375606932
GSE141115,gene,DISSECT,0.744402013141336
GSE141115,gene,DISSECT,0.639251875102409
GSE141115,gene,DISSECT,0.590355118074516
GSE141115,gene,DISSECT,0.22901559558467
GSE141115,gene,DISSECT,0.685132299671987
GSE141115,gene,DISSECT,0.799053653435463
GSE141115,gene,DISSECT,0.718855342901149
GSE141115,gene,DISSECT,0.791150855538374
GSE141115,gene,DISSECT,0.178993618336404
GSE141115,gene,DISSECT,0.458985443633301
GSE141115,gene,DISSECT,0.249985600126789
GSE141115,gene,DISSECT,0.557776123394199
GSE141115,gene,DISSECT,0.743143579873288
GSE141115,gene,DISSECT,0.13579595357032
GSE141115,gene,DISSECT,0.41871694499522
GSE141115,gene,DISSECT,0.808693856658866
GSE141115,gene,DISSECT,0.710777291193697
GSE141115,gene,DISSECT,-0.27721872914806
GSE141115,gene,DISSECT,0.578998345419538
GSE141115,gene,DISSECT,0.548096377302707
GSE141115,gene,DISSECT,0.665110793220424
GSE141115,gene,DISSECT,0.745616829898333
GSE141115,gene,DISSECT,0.870907178312149
GSE141115,gene,DISSECT,0.663658097507032
GSE141115,gene,DISSECT,0.750594088810897
GSE141115,gene,DISSECT,0.779207540158273
GSE141115,gene,DISSECT,0.843606531685096
GSE141115,gene,DISSECT,0.742958140869675
GSE141115,gene,DISSECT,0.581686033276445
GSE141115,gene,DISSECT,0.730803570996861
GSE141115,gene,DISSECT,0.428786248163369
GSE141115,gene,DISSECT,0.161419691331822
GSE141115,gene,DISSECT,0.531794981069892
GSE141115,gene,DISSECT,0.520993396266235
GSE141115,gene,DISSECT,0.86284593618901
GSE141115,gene,DISSECT,0.808666382124937
GSE141115,gene,DISSECT,-0.26576432649953
GSE141115,gene,DISSECT,0.811373291975417
GSE141115,gene,DISSECT,0.927989061859384
GSE141115,gene,DISSECT,0.309055379833953
GSE141115,gene,DISSECT,0.749427761118912
GSE141115,gene,DISSECT,0.57395190340507
GSE141115,gene,DISSECT,0.914936655688475
GSE141115,gene,DISSECT,0.699883685711517
GSE141115,gene,DISSECT,0.666883165873974
GSE141115,gene,DISSECT,0.828105671042149
GSE141115,gene,DISSECT,0.762185389259755
GSE141115,gene,DISSECT,0.836316237799068
GSE141115,gene,DISSECT,0.862414809219022
GSE141115,gene,DISSECT,0.660756241738442
GSE141115,gene,DISSECT,0.834090883713545
GSE141115,gene,DISSECT,0.984400417764564
GSE141115,gene,DISSECT,0.842814630369418
GSE141115,gene,DISSECT,0.611272707365801
GSE141115,gene,DISSECT,0.280926936102147
GSE141115,gene,DISSECT,0.482144159126736
GSE141115,gene,DISSECT,0.610339985232252
GSE141115,gene,DISSECT,0.82017835629047
GSE141115,gene,DISSECT,0.927056497613645
GSE141115,gene,DISSECT,0.625035048371181
GSE141115,gene,DISSECT,0.690446601523185
GSE141115,gene,DISSECT,0.5081308664705
GSE141115,gene,DISSECT,0.609591458453191
GSE141115,gene,DISSECT,0.792295574359848
GSE141115,gene,DISSECT,0.536444713236546
GSE141115,gene,DISSECT,0.81148006539302
GSE141115,gene,DISSECT,0.952034476210976
GSE141115,gene,DISSECT,0.55861135865653
GSE141115,gene,DISSECT,0.90424179933179
GSE141115,gene,DISSECT,0.527340308479547
GSE141115,gene,DISSECT,0.844976421027627
GSE141115,gene,DISSECT,0.868320690519867
GSE141115,gene,DISSECT,0.885578038005707
GSE141115,gene,DISSECT,0.663609174375227
GSE141115,gene,DISSECT,0.811826856959437
GSE141115,gene,DISSECT,0.558317901022085
GSE141115,gene,DISSECT,0.781001977542496
GSE141115,gene,DISSECT,0.841886084281141
GSE141115,gene,DISSECT,0.884356730278929
GSE141115,gene,DISSECT,0.739369635766838
GSE141115,gene,DISSECT,0.654926059839261
GSE141115,gene,DISSECT,0.692735491706795
GSE141115,gene,DISSECT,0.629549841548332
GSE141115,gene,DISSECT,0.618756513595128
GSE141115,gene,DISSECT,0.589785843258144
GSE141115,gene,DISSECT,0.469715253757428
GSE141115,gene,DISSECT,0.802893791624463
GSE141115,gene,DISSECT,0.497109865566464
GSE141115,gene,DISSECT,0.577537180730233
GSE141115,gene,DISSECT,0.685447165063312
GSE141115,gene,DISSECT,0.883321884872721
GSE141115,gene,DISSECT,0.944897001279991
GSE141115,gene,DISSECT,0.740042574124252
GSE141115,gene,DISSECT,0.411636442876855
GSE141115,gene,DISSECT,0.759634060003328
GSE141115,gene,DISSECT,0.640485489969738
GSE141115,gene,DISSECT,0.574094520237737
GSE141115,gene,DISSECT,0.544262153527005
GSE141115,gene,DISSECT,0.633697202456899
GSE141115,gene,DISSECT,0.881975615709634
GSE141115,gene,DISSECT,0.60270757924017
GSE141115,gene,DISSECT,0.799910085857512
GSE141115,gene,DISSECT,0.160553021401118
GSE141115,gene,DISSECT,0.768365383156397
GSE141115,gene,DISSECT,0.83553406329682
GSE141115,gene,DISSECT,0.2798243921984
GSE141115,gene,DISSECT,0.58004725479869
GSE141115,gene,DISSECT,0.798908679009983
GSE141115,gene,DISSECT,0.875028251355337
GSE141115,gene,DISSECT,0.642047796464857
GSE141115,gene,DISSECT,0.77961613959633
GSE141115,gene,DISSECT,0.803331261907045
GSE141115,gene,DISSECT,0.692825534834139
GSE141115,gene,DISSECT,0.836321056642368
GSE141115,gene,DISSECT,0.706435148268072
GSE141115,gene,DISSECT,0.875320366028384
GSE141115,gene,DISSECT,0.62885019692588
GSE141115,gene,DISSECT,0.587412982442137
GSE141115,gene,DISSECT,0.560723766738945
GSE141115,gene,DISSECT,0.812418446309276
GSE141115,gene,DISSECT,0.267984158925695
GSE141115,gene,DISSECT,0.54093460207865
GSE141115,gene,DISSECT,0.585131368937924
GSE141115,gene,DISSECT,0.865140853721926
GSE141115,gene,DISSECT,0.886765868362306
GSE141115,gene,DISSECT,0.95067340903026
GSE141115,gene,DISSECT,0.807357028231038
GSE141115,gene,DISSECT,0.688344151023667
GSE141115,gene,DISSECT,0.165202529870344
GSE141115,gene,DISSECT,0.749424214111101
GSE141115,gene,DISSECT,0.914641592448435
GSE141115,gene,DISSECT,0.533912245129196
GSE141115,gene,DISSECT,0.492548528012846
GSE141115,gene,DISSECT,0.743037207992061
GSE141115,gene,DISSECT,0.841440941104832
GSE141115,gene,DISSECT,0.647678491003484
GSE141115,gene,DISSECT,0.399684441283496
GSE141115,gene,DISSECT,0.159550312038434
GSE141115,gene,DISSECT,0.814003272786626
GSE141115,gene,DISSECT,0.261526810711744
GSE141115,gene,DISSECT,0.579921986488285
GSE141115,gene,DISSECT,0.394767508725013
GSE141115,gene,DISSECT,0.84919774278778
GSE141115,gene,DISSECT,0.383312352402212
GSE141115,gene,DISSECT,0.820765299104724
GSE141115,gene,DISSECT,0.739561583610798
GSE141115,gene,DISSECT,0.265996571964469
GSE141115,gene,DISSECT,0.700106802074514
GSE141115,gene,DISSECT,0.845761343076597
GSE141115,gene,DISSECT,0.726777850036858
GSE141115,gene,DISSECT,0.0780058662629889
GSE141115,gene,DISSECT,0.778300394736324
GSE141115,gene,DISSECT,0.937097418103359
GSE141115,gene,DISSECT,0.746474703609028
GSE141115,gene,DISSECT,-0.00391872269790656
GSE141115,gene,DISSECT,0.660035650962893
GSE141115,gene,DISSECT,0.445942306769825
GSE141115,gene,DISSECT,0.404409185384425
GSE141115,gene,DISSECT,0.360867091232512
GSE141115,gene,DISSECT,0.64986192680807
GSE141115,gene,DISSECT,0.918994216355416
GSE141115,gene,DISSECT,0.571786750864681
GSE141115,gene,DISSECT,0.590107587096345
GSE141115,gene,DISSECT,0.469351822875072
GSE141115,gene,DISSECT,0.668715495229927
GSE141115,gene,DISSECT,0.651609194878695
GSE141115,gene,DISSECT,0.763292617732847
GSE141115,gene,DISSECT,0.778427444180884
GSE141115,gene,DISSECT,0.807817865210768
GSE141115,gene,DISSECT,0.512910562046073
GSE141115,gene,DISSECT,0.663446128835766
GSE141115,gene,DISSECT,0.830892264140686
GSE141115,gene,DISSECT,0.0517112632549889
GSE141115,gene,DISSECT,0.860410722826419
GSE141115,gene,DISSECT,0.830706911929231
GSE141115,gene,DISSECT,0.570855759006544
GSE141115,gene,DISSECT,0.380733949424399
GSE141115,gene,DISSECT,0.220300762580327
GSE141115,gene,DISSECT,0.730014686444624
GSE141115,gene,DISSECT,0.679381532233877
GSE141115,gene,DISSECT,0.258457195874326
GSE141115,gene,DISSECT,0.484782958596042
GSE141115,gene,DISSECT,0.754284508190613
GSE141115,gene,DISSECT,0.525357603813859
GSE141115,gene,DISSECT,0.544220233410968
GSE141115,gene,DISSECT,0.862635596896931
GSE141115,gene,DISSECT,0.773228190784938
GSE141115,gene,DISSECT,0.673976966161269
GSE141115,gene,DISSECT,0.881856635240302
GSE141115,gene,DISSECT,0.578965560775239
GSE141115,gene,DISSECT,0.779349699096099
GSE141115,gene,DISSECT,0.152413936096817
GSE141115,gene,DISSECT,0.529167739041442
GSE141115,gene,DISSECT,0.71803208680127
GSE141115,gene,DISSECT,0.511621267661822
GSE141115,gene,DISSECT,0.635383265679818
GSE141115,gene,DISSECT,0.827079027246235
GSE141115,gene,DISSECT,0.47853313837841
GSE141115,gene,DISSECT,0.737454608423421
GSE141115,gene,DISSECT,0.147062506885893
GSE141115,gene,DISSECT,0.673188828091492
GSE141115,gene,DISSECT,0.708458007583873
GSE141115,gene,DISSECT,0.837716926036334
GSE141115,gene,DISSECT,0.701885437819885
GSE141115,gene,DISSECT,0.733560748342272
GSE141115,gene,DISSECT,0.778109174374197
GSE141115,gene,DISSECT,0.565012096452891
GSE141115,gene,DISSECT,0.548387004989668
GSE141115,gene,DISSECT,0.649415934918018
GSE141115,gene,DISSECT,0.530758066248265
GSE141115,gene,DISSECT,0.656235703926805
GSE141115,gene,DISSECT,0.254224722212765
GSE141115,gene,DISSECT,0.522756972593151
GSE141115,gene,DISSECT,0.128915033970377
GSE141115,gene,DISSECT,0.533685734510236
GSE141115,gene,DISSECT,0.894117363158524
GSE141115,gene,DISSECT,0.776196934840402
GSE141115,gene,DISSECT,0.765982204964083
GSE141115,gene,DISSECT,0.43300336465025
GSE141115,gene,DISSECT,0.538653941420016
GSE141115,gene,DISSECT,0.639204905305867
GSE141115,gene,DISSECT,0.790925273650024
GSE141115,gene,DISSECT,0.612269901694692
GSE141115,gene,DISSECT,0.904575284635693
GSE141115,gene,DISSECT,0.876860587378708
GSE141115,gene,DISSECT,0.832637570685968
GSE141115,gene,DISSECT,0.525209998848905
GSE141115,gene,DISSECT,0.804946861094253
GSE141115,gene,DISSECT,0.813704204491422
GSE141115,gene,DISSECT,0.548481490637684
GSE141115,gene,DISSECT,0.894938489210444
GSE141115,gene,DISSECT,0.586511894414396
GSE141115,gene,DISSECT,0.598727027722295
GSE141115,gene,DISSECT,0.786608160945663
GSE141115,gene,DISSECT,0.822303587069809
GSE141115,gene,DISSECT,0.627543556791917
GSE141115,gene,DISSECT,0.587406399933377
GSE141115,gene,DISSECT,0.574575065288244
GSE141115,gene,DISSECT,0.324857655505022
GSE141115,gene,DISSECT,0.534385786925904
GSE141115,gene,DISSECT,0.931517531612113
GSE141115,gene,DISSECT,0.744688175807051
GSE141115,gene,DISSECT,0.871957917492872
GSE141115,gene,DISSECT,0.713774213113904
GSE141115,gene,DISSECT,0.387931675319141
GSE141115,gene,DISSECT,0.564309182914932
GSE141115,gene,DISSECT,0.475725633498742
GSE141115,gene,DISSECT,0.00626882218286667
GSE141115,gene,DISSECT,0.637073394464257
GSE141115,gene,DISSECT,0.821260585548714
GSE141115,gene,DISSECT,0.337716696242707
GSE141115,gene,DISSECT,0.618950386892641
GSE141115,gene,DISSECT,0.628329787025821
GSE141115,gene,DISSECT,0.646355569660142
GSE141115,gene,DISSECT,0.906540524355945
GSE141115,gene,DISSECT,0.666856063870135
GSE141115,gene,DISSECT,0.90946726577646
GSE141115,gene,DISSECT,0.812597428929646
GSE141115,gene,DISSECT,0.819528236204626
GSE141115,gene,DISSECT,0.966399418855997
GSE141115,gene,DISSECT,0.925397826703744
GSE141115,gene,DISSECT,0.774517030188981
GSE141115,gene,DISSECT,0.942804272388088
GSE141115,gene,DISSECT,0.653939813732056
GSE141115,gene,DISSECT,0.0443666261526174
GSE141115,gene,DISSECT,0.486505337786421
GSE141115,gene,DISSECT,0.719644985570975
GSE141115,gene,DISSECT,0.203359654753743
GSE141115,gene,DISSECT,0.842601678008117
GSE141115,gene,DISSECT,0.441751887908981
GSE141115,gene,DISSECT,0.853387976596475
GSE141115,gene,DISSECT,0.643867412283667
GSE141115,gene,DISSECT,0.237733552544526
GSE141115,gene,DISSECT,0.21967386800074
GSE141115,gene,DISSECT,0.575986083520596
GSE141115,gene,DISSECT,0.669471434168397
GSE141115,gene,DISSECT,0.258705158833346
GSE141115,gene,DISSECT,0.611213559033821
GSE141115,gene,DISSECT,0.613674489627861
GSE141115,gene,DISSECT,0.833487377109064
GSE141115,gene,DISSECT,0.791476670658771
GSE141115,gene,DISSECT,0.931147999050543
GSE141115,gene,DISSECT,0.541820191173976
GSE141115,gene,DISSECT,0.874010058270555
GSE141115,gene,DISSECT,0.672717873128157
GSE141115,gene,DISSECT,0.610310822177104
GSE141115,gene,DISSECT,0.589020516844994
GSE141115,gene,DISSECT,0.383879205636164
GSE141115,gene,DISSECT,0.901184610919351
GSE141115,gene,DISSECT,0.740544537956234
GSE141115,gene,DISSECT,0.542242165011398
GSE141115,gene,DISSECT,0.898474145892718
GSE141115,gene,DISSECT,0.539201549223412
GSE141115,gene,DISSECT,0.773614650692873
GSE141115,gene,DISSECT,0.822084650615323
GSE141115,gene,DISSECT,0.686832673474331
GSE141115,gene,DISSECT,0.809578049033248
GSE141115,gene,DISSECT,0.724570159059522
GSE141115,gene,DISSECT,0.793310748260972
GSE141115,gene,DISSECT,-0.0129343557171499
GSE141115,gene,DISSECT,0.658432932579122
GSE141115,gene,DISSECT,0.759909081082042
GSE141115,gene,DISSECT,0.848282724824315
GSE141115,gene,DISSECT,0.856443988160654
GSE141115,gene,DISSECT,0.732840702690544
GSE141115,gene,DISSECT,0.961508597985081
GSE141115,gene,DISSECT,0.681465472929812
GSE141115,gene,DISSECT,0.44637895875226
GSE141115,gene,DISSECT,0.664226801068207
GSE141115,gene,DISSECT,0.836045477717634
GSE141115,gene,DISSECT,0.653487374614183
GSE141115,gene,DISSECT,0.0665888336819336
GSE141115,gene,DISSECT,0.728874341030306
GSE141115,gene,DISSECT,0.635754184878583
GSE141115,gene,DISSECT,0.73896502500035
GSE141115,gene,DISSECT,0.865600222322923
GSE141115,gene,DISSECT,0.792926032290881
GSE141115,gene,DISSECT,0.855017015556308
GSE141115,gene,DISSECT,0.874020001537737
GSE141115,gene,DISSECT,0.890660527450713
GSE141115,gene,DISSECT,0.472069275663227
GSE141115,gene,DISSECT,0.366004565628016
GSE141115,gene,DISSECT,0.408433352769838
GSE141115,gene,DISSECT,0.437861078036737
GSE141115,gene,DISSECT,0.350960804326999
GSE141115,gene,DISSECT,0.487431182157827
GSE141115,gene,DISSECT,0.195301441340096
GSE141115,gene,DISSECT,0.632920128074477
GSE141115,gene,DISSECT,0.377353375255743
GSE141115,gene,DISSECT,0.663150772642354
GSE141115,gene,DISSECT,0.396187778548327
GSE141115,gene,DISSECT,0.453703102088293
GSE141115,gene,DISSECT,0.64463341656554
GSE141115,gene,DISSECT,0.443439002804128
GSE141115,gene,DISSECT,0.517480774957263
GSE141115,gene,DISSECT,0.826941786254339
GSE141115,gene,DISSECT,-0.0347333673406823
GSE141115,gene,DISSECT,0.576858006792896
GSE141115,gene,DISSECT,0.6670194609573
GSE141115,gene,DISSECT,0.607507255839346
GSE141115,gene,DISSECT,0.644803290970775
GSE141115,gene,DISSECT,0.679840002715857
GSE141115,gene,DISSECT,0.78417158440498
GSE141115,gene,DISSECT,0.380859905398127
GSE141115,gene,DISSECT,0.84507703254084
GSE141115,gene,DISSECT,0.704751914883748
GSE141115,gene,DISSECT,0.549795944424577
GSE141115,gene,DISSECT,0.838182797556143
GSE141115,gene,DISSECT,0.906326526429057
GSE141115,gene,DISSECT,0.935474612599526
GSE141115,gene,DISSECT,0.825868054942911
GSE141115,gene,DISSECT,0.489529446030352
GSE141115,gene,DISSECT,0.395090414914627
GSE141115,gene,DISSECT,0.445700529642956
GSE141115,gene,DISSECT,0.691393866725687
GSE141115,gene,DISSECT,0.459370298747183
GSE141115,gene,DISSECT,0.000314794963945319
GSE141115,gene,DISSECT,0.440130592825722
GSE141115,gene,DISSECT,0.553999040405652
GSE141115,gene,DISSECT,0.54183546984077
GSE141115,gene,DISSECT,0.441770264255081
GSE141115,gene,DISSECT,0.527723217580951
GSE141115,gene,DISSECT,0.89192361024786
GSE141115,gene,DISSECT,0.66765755004418
GSE141115,gene,DISSECT,0.677608237844315
GSE141115,gene,DISSECT,0.745425991089703
GSE141115,gene,DISSECT,0.833939774914257
GSE141115,gene,DISSECT,0.133028240271376
GSE141115,gene,DISSECT,0.755906065452451
GSE141115,gene,DISSECT,0.862397928368484
GSE141115,gene,DISSECT,0.565198710116669
GSE141115,gene,DISSECT,0.780225523270194
GSE141115,gene,DISSECT,0.362508416560866
GSE141115,gene,DISSECT,0.57057707556572
GSE141115,gene,DISSECT,0.310808894379849
GSE141115,gene,DISSECT,0.873876936297345
GSE141115,gene,DISSECT,0.340318906228882
GSE141115,gene,DISSECT,0.774855588495967
GSE141115,gene,DISSECT,0.248563908000463
GSE141115,gene,DISSECT,0.392990091824099
GSE141115,gene,DISSECT,0.366164132062577
GSE141115,gene,DISSECT,0.750320085703448
GSE141115,gene,DISSECT,0.525211431068914
GSE141115,gene,DISSECT,0.611828193046175
GSE141115,gene,DISSECT,0.738124938057301
GSE141115,gene,DISSECT,0.928013113559867
GSE141115,gene,DISSECT,0.652474570355332
GSE141115,gene,DISSECT,0.61685543015487
GSE141115,gene,DISSECT,0.815272887449681
GSE141115,gene,DISSECT,0.870469137879133
GSE141115,gene,DISSECT,0.553451065436074
GSE141115,gene,DISSECT,0.801994724987671
GSE141115,gene,DISSECT,0.750584451091837
GSE141115,gene,DISSECT,0.873102698165116
GSE141115,gene,DISSECT,0.568111400679764
GSE141115,gene,DISSECT,0.837521423764186
GSE141115,gene,DISSECT,0.563296287865663
GSE141115,gene,DISSECT,0.842757069829222
GSE141115,gene,DISSECT,0.669905148304406
GSE141115,gene,DISSECT,0.167544040242372
GSE141115,gene,DISSECT,0.77362536904924
GSE141115,gene,DISSECT,0.786363077411478
GSE141115,gene,DISSECT,0.851477208821081
GSE141115,gene,DISSECT,0.818253328436974
GSE141115,gene,DISSECT,0.624639538727863
GSE141115,gene,DISSECT,0.783362216783673
GSE141115,gene,DISSECT,0.885740408153204
GSE141115,gene,DISSECT,0.550438321996482
GSE141115,gene,DISSECT,0.390466708078431
GSE141115,gene,DISSECT,0.939434065981653
GSE141115,gene,DISSECT,0.92808657951717
GSE141115,gene,DISSECT,0.197966047696572
GSE141115,gene,DISSECT,0.303176499699455
GSE141115,gene,DISSECT,0.201946033125358
GSE141115,gene,DISSECT,0.820386492235528
GSE141115,gene,DISSECT,0.8156704192074
GSE141115,gene,DISSECT,0.885581267001395
GSE141115,gene,DISSECT,0.749988845043513
GSE141115,gene,DISSECT,-0.0572611299270904
GSE141115,gene,DISSECT,0.55856615080558
GSE141115,gene,DISSECT,0.724010430735714
GSE141115,gene,DISSECT,0.714644643033568
GSE141115,gene,DISSECT,0.539819431315608
GSE141115,gene,DISSECT,0.906308435932785
GSE141115,gene,DISSECT,0.76198951160618
GSE141115,gene,DISSECT,0.460569627331849
GSE141115,gene,DISSECT,0.510277486066057
GSE141115,gene,DISSECT,0.512148518887428
GSE141115,gene,DISSECT,0.801090881757924
GSE141115,gene,DISSECT,0.388075900082713
GSE141115,gene,DISSECT,0.678184893531617
GSE141115,gene,DISSECT,0.577526963156326
GSE141115,gene,DISSECT,0.584431847182512
GSE141115,gene,DISSECT,0.844913578784841
GSE141115,gene,DISSECT,0.951548565455391
GSE141115,gene,DISSECT,0.367026187608889
GSE141115,gene,DISSECT,0.389331643769981
GSE141115,gene,DISSECT,0.746944810906083
GSE141115,gene,TAPE,0.499954073100583
GSE141115,gene,TAPE,0.808453617170583
GSE141115,gene,TAPE,0.286879793936845
GSE141115,gene,TAPE,0.557836177167127
GSE141115,gene,TAPE,0.613997942165719
GSE141115,gene,TAPE,0.574083254703387
GSE141115,gene,TAPE,0.703457211034882
GSE141115,gene,TAPE,-0.0934076545558528
GSE141115,gene,TAPE,0.274565355878666
GSE141115,gene,TAPE,0.535590127333128
GSE141115,gene,TAPE,0.620444717532548
GSE141115,gene,TAPE,0.467715776079257
GSE141115,gene,TAPE,0.928039154596618
GSE141115,gene,TAPE,0.186853796874192
GSE141115,gene,TAPE,0.657269530621938
GSE141115,gene,TAPE,0.536996435900594
GSE141115,gene,TAPE,-0.154482065998606
GSE141115,gene,TAPE,0.0223010978987092
GSE141115,gene,TAPE,0.127600083865931
GSE141115,gene,TAPE,0.265201476123103
GSE141115,gene,TAPE,0.54140264923255
GSE141115,gene,TAPE,0.742302676982631
GSE141115,gene,TAPE,0.582709939638625
GSE141115,gene,TAPE,0.486532052081196
GSE141115,gene,TAPE,0.823306777173961
GSE141115,gene,TAPE,0.379075429180464
GSE141115,gene,TAPE,0.402738646593805
GSE141115,gene,TAPE,0.0962070897474014
GSE141115,gene,TAPE,0.665061256894319
GSE141115,gene,TAPE,0.266237018219728
GSE141115,gene,TAPE,0.46861059723446
GSE141115,gene,TAPE,0.474981729105745
GSE141115,gene,TAPE,0.735590340388636
GSE141115,gene,TAPE,0.655026834587365
GSE141115,gene,TAPE,-0.224513037059231
GSE141115,gene,TAPE,-0.0921932514461163
GSE141115,gene,TAPE,-0.13653800551222
GSE141115,gene,TAPE,0.222909771098897
GSE141115,gene,TAPE,0.299803123475436
GSE141115,gene,TAPE,0.0550685518135946
GSE141115,gene,TAPE,-0.0200802685850301
GSE141115,gene,TAPE,0.268272810627542
GSE141115,gene,TAPE,0.285711598158069
GSE141115,gene,TAPE,0.120333294102695
GSE141115,gene,TAPE,0.345810408643926
GSE141115,gene,TAPE,0.455120594625463
GSE141115,gene,TAPE,0.629138520996701
GSE141115,gene,TAPE,0.573739472385859
GSE141115,gene,TAPE,0.875036233354921
GSE141115,gene,TAPE,0.0491942694460019
GSE141115,gene,TAPE,0.336001389090087
GSE141115,gene,TAPE,0.852090527816025
GSE141115,gene,TAPE,0.873581075334338
GSE141115,gene,TAPE,0.0349693153827041
GSE141115,gene,TAPE,0.565936253694084
GSE141115,gene,TAPE,0.818872265150226
GSE141115,gene,TAPE,0.650389010747481
GSE141115,gene,TAPE,0.551114096137239
GSE141115,gene,TAPE,-0.134667601899098
GSE141115,gene,TAPE,0.205077366045736
GSE141115,gene,TAPE,0.272591789570704
GSE141115,gene,TAPE,0.432272147541497
GSE141115,gene,TAPE,-0.154149698470936
GSE141115,gene,TAPE,0.726332649928687
GSE141115,gene,TAPE,0.328097268474232
GSE141115,gene,TAPE,-0.0304376735086522
GSE141115,gene,TAPE,0.813527457263619
GSE141115,gene,TAPE,0.414341945194372
GSE141115,gene,TAPE,0.91036295312753
GSE141115,gene,TAPE,-0.217768364300962
GSE141115,gene,TAPE,0.184596670547911
GSE141115,gene,TAPE,0.705855231536848
GSE141115,gene,TAPE,0.788915240968259
GSE141115,gene,TAPE,0.719260725250454
GSE141115,gene,TAPE,0.913438879914126
GSE141115,gene,TAPE,0.838355210927986
GSE141115,gene,TAPE,0.678122932655038
GSE141115,gene,TAPE,0.605754776696062
GSE141115,gene,TAPE,0.68199647731348
GSE141115,gene,TAPE,0.393397793673742
GSE141115,gene,TAPE,0.348206955572394
GSE141115,gene,TAPE,0.0529513894529314
GSE141115,gene,TAPE,0.525240156566597
GSE141115,gene,TAPE,0.307736090545258
GSE141115,gene,TAPE,0.88479756379283
GSE141115,gene,TAPE,0.325427166371609
GSE141115,gene,TAPE,0.594148820072509
GSE141115,gene,TAPE,0.649171614537622
GSE141115,gene,TAPE,-0.0894832079784647
GSE141115,gene,TAPE,0.442382727542507
GSE141115,gene,TAPE,0.0708888461232739
GSE141115,gene,TAPE,-0.0405507041101352
GSE141115,gene,TAPE,0.90987796552249
GSE141115,gene,TAPE,0.136558013143162
GSE141115,gene,TAPE,0.264950362073253
GSE141115,gene,TAPE,0.538717563329539
GSE141115,gene,TAPE,0.934904915615446
GSE141115,gene,TAPE,0.816108322938511
GSE141115,gene,TAPE,0.914475376143884
GSE141115,gene,TAPE,0.465826365198632
GSE141115,gene,TAPE,0.741478191061269
GSE141115,gene,TAPE,0.466041642225794
GSE141115,gene,TAPE,0.190312964424656
GSE141115,gene,TAPE,0.804299071994688
GSE141115,gene,TAPE,0.666879364821734
GSE141115,gene,TAPE,0.636388287462912
GSE141115,gene,TAPE,0.162432455057703
GSE141115,gene,TAPE,0.588661143250562
GSE141115,gene,TAPE,0.489257957905581
GSE141115,gene,TAPE,0.267130441851453
GSE141115,gene,TAPE,0.679802572074002
GSE141115,gene,TAPE,0.626769054630536
GSE141115,gene,TAPE,0.858681320601525
GSE141115,gene,TAPE,0.865859630493673
GSE141115,gene,TAPE,0.755698978099584
GSE141115,gene,TAPE,0.404394455173897
GSE141115,gene,TAPE,0.885006665975647
GSE141115,gene,TAPE,0.857804437547676
GSE141115,gene,TAPE,0.756700199429956
GSE141115,gene,TAPE,0.0377957222131786
GSE141115,gene,TAPE,0.931867136620417
GSE141115,gene,TAPE,0.278998286303684
GSE141115,gene,TAPE,0.272414845310508
GSE141115,gene,TAPE,0.242277373409156
GSE141115,gene,TAPE,0.649066460369314
GSE141115,gene,TAPE,0.852142288605177
GSE141115,gene,TAPE,0.630703765740272
GSE141115,gene,TAPE,0.263467537596922
GSE141115,gene,TAPE,0.222153251090923
GSE141115,gene,TAPE,0.727408714547377
GSE141115,gene,TAPE,0.662469382610492
GSE141115,gene,TAPE,0.596833458883643
GSE141115,gene,TAPE,0.527808271895489
GSE141115,gene,TAPE,0.159403141717718
GSE141115,gene,TAPE,0.839108864848972
GSE141115,gene,TAPE,-0.120814036769734
GSE141115,gene,TAPE,0.9400413982758
GSE141115,gene,TAPE,0.832128401870701
GSE141115,gene,TAPE,0.120149870414239
GSE141115,gene,TAPE,0.762971504081779
GSE141115,gene,TAPE,0.406163550721386
GSE141115,gene,TAPE,0.818492741149183
GSE141115,gene,TAPE,0.198973859652727
GSE141115,gene,TAPE,0.152952758892753
GSE141115,gene,TAPE,-0.30554279547782
GSE141115,gene,TAPE,0.890241666678958
GSE141115,gene,TAPE,-0.242045957679381
GSE141115,gene,TAPE,0.00837292173846724
GSE141115,gene,TAPE,-0.13606186460408
GSE141115,gene,TAPE,0.605239986329653
GSE141115,gene,TAPE,0.531905845709007
GSE141115,gene,TAPE,0.963344324546652
GSE141115,gene,TAPE,0.630718601052837
GSE141115,gene,TAPE,0.920242670150656
GSE141115,gene,TAPE,0.244645991504363
GSE141115,gene,TAPE,0.784671145812412
GSE141115,gene,TAPE,0.978487597293778
GSE141115,gene,TAPE,0.411021844473356
GSE141115,gene,TAPE,0.538260235197866
GSE141115,gene,TAPE,0.687779842639288
GSE141115,gene,TAPE,0.445446467388574
GSE141115,gene,TAPE,0.581937177447046
GSE141115,gene,TAPE,0.537530473594949
GSE141115,gene,TAPE,-0.277736993600145
GSE141115,gene,TAPE,0.858128013044229
GSE141115,gene,TAPE,0.523755494718872
GSE141115,gene,TAPE,0.56159261900195
GSE141115,gene,TAPE,0.386235586085717
GSE141115,gene,TAPE,0.793166495014938
GSE141115,gene,TAPE,0.566048557062648
GSE141115,gene,TAPE,0.580054103198107
GSE141115,gene,TAPE,0.613944698635091
GSE141115,gene,TAPE,0.670773483550355
GSE141115,gene,TAPE,0.710280855909416
GSE141115,gene,TAPE,0.926920762933745
GSE141115,gene,TAPE,0.709809505296126
GSE141115,gene,TAPE,0.153492461017822
GSE141115,gene,TAPE,-0.197763455048757
GSE141115,gene,TAPE,0.742507420994716
GSE141115,gene,TAPE,0.557707164517134
GSE141115,gene,TAPE,-0.0667766056479354
GSE141115,gene,TAPE,0.319071975668398
GSE141115,gene,TAPE,-0.303925895789806
GSE141115,gene,TAPE,0.0927382192296512
GSE141115,gene,TAPE,0.546265426278131
GSE141115,gene,TAPE,0.469134789764734
GSE141115,gene,TAPE,0.585771860792894
GSE141115,gene,TAPE,0.780065445593913
GSE141115,gene,TAPE,0.363852076773498
GSE141115,gene,TAPE,0.494565392199273
GSE141115,gene,TAPE,0.644268469251792
GSE141115,gene,TAPE,0.407429110546216
GSE141115,gene,TAPE,0.379417876781018
GSE141115,gene,TAPE,0.25532736765144
GSE141115,gene,TAPE,0.39926062023304
GSE141115,gene,TAPE,-0.0733125795453545
GSE141115,gene,TAPE,0.94918575677767
GSE141115,gene,TAPE,0.313762443623436
GSE141115,gene,TAPE,0.118566334808322
GSE141115,gene,TAPE,0.452290343942832
GSE141115,gene,TAPE,0.759253349574042
GSE141115,gene,TAPE,0.569890336941384
GSE141115,gene,TAPE,0.319468133289513
GSE141115,gene,TAPE,0.243186898827698
GSE141115,gene,TAPE,0.746361884214985
GSE141115,gene,TAPE,0.45280450853773
GSE141115,gene,TAPE,0.728696513513487
GSE141115,gene,TAPE,0.329503404133591
GSE141115,gene,TAPE,0.611398405907072
GSE141115,gene,TAPE,0.692507302447521
GSE141115,gene,TAPE,0.183813028493057
GSE141115,gene,TAPE,0.795830377390196
GSE141115,gene,TAPE,0.54020435264728
GSE141115,gene,TAPE,0.0393612335671747
GSE141115,gene,TAPE,0.501363403867569
GSE141115,gene,TAPE,-0.282889828089207
GSE141115,gene,TAPE,0.683552438236954
GSE141115,gene,TAPE,0.266433936221195
GSE141115,gene,TAPE,0.173276439983463
GSE141115,gene,TAPE,0.237082159641167
GSE141115,gene,TAPE,0.333604290057412
GSE141115,gene,TAPE,-0.169865082936921
GSE141115,gene,TAPE,0.277484276448476
GSE141115,gene,TAPE,0.14521258540545
GSE141115,gene,TAPE,0.550324206948858
GSE141115,gene,TAPE,0.326628967800272
GSE141115,gene,TAPE,0.545062501058604
GSE141115,gene,TAPE,0.0674376188427115
GSE141115,gene,TAPE,0.540831815977475
GSE141115,gene,TAPE,0.171796900524973
GSE141115,gene,TAPE,0.130079817345776
GSE141115,gene,TAPE,0.7247137712619
GSE141115,gene,TAPE,0.395944960051619
GSE141115,gene,TAPE,0.660544520554986
GSE141115,gene,TAPE,0.681136022936925
GSE141115,gene,TAPE,0.413903183098821
GSE141115,gene,TAPE,0.783585754603202
GSE141115,gene,TAPE,-0.31682467808701
GSE141115,gene,TAPE,0.659592303935881
GSE141115,gene,TAPE,0.0425392402682922
GSE141115,gene,TAPE,0.421553405943301
GSE141115,gene,TAPE,0.580563536667091
GSE141115,gene,TAPE,0.463662376839151
GSE141115,gene,TAPE,0.669901976082121
GSE141115,gene,TAPE,0.0877036475348673
GSE141115,gene,TAPE,0.82442248060389
GSE141115,gene,TAPE,0.708036852738869
GSE141115,gene,TAPE,0.50088529046217
GSE141115,gene,TAPE,0.566424624421476
GSE141115,gene,TAPE,0.889790474849473
GSE141115,gene,TAPE,0.674420986125446
GSE141115,gene,TAPE,0.862519729987064
GSE141115,gene,TAPE,0.605215718305477
GSE141115,gene,TAPE,0.0924108167544788
GSE141115,gene,TAPE,0.452072224036041
GSE141115,gene,TAPE,-0.0966171025832842
GSE141115,gene,TAPE,-0.0159041989646037
GSE141115,gene,TAPE,0.825716643511424
GSE141115,gene,TAPE,0.319627839914976
GSE141115,gene,TAPE,0.610930664048988
GSE141115,gene,TAPE,0.614002845425463
GSE141115,gene,TAPE,-0.30797666849073
GSE141115,gene,TAPE,0.337875246489421
GSE141115,gene,TAPE,-0.314033154938016
GSE141115,gene,TAPE,0.319969129051329
GSE141115,gene,TAPE,-0.11085824771657
GSE141115,gene,TAPE,0.867902970789739
GSE141115,gene,TAPE,0.694656599584753
GSE141115,gene,TAPE,0.859983998976605
GSE141115,gene,TAPE,0.62142082051948
GSE141115,gene,TAPE,-0.0311363515633998
GSE141115,gene,TAPE,0.00238700444534429
GSE141115,gene,TAPE,0.491674759397721
GSE141115,gene,TAPE,0.521515439982152
GSE141115,gene,TAPE,0.772996829686774
GSE141115,gene,TAPE,0.897489542636726
GSE141115,gene,TAPE,-0.100860903504025
GSE141115,gene,TAPE,0.625384489519148
GSE141115,gene,TAPE,0.183914409475025
GSE141115,gene,TAPE,-0.0827722488031507
GSE141115,gene,TAPE,0.798896849529436
GSE141115,gene,TAPE,-0.108106090841422
GSE141115,gene,TAPE,0.700396863546869
GSE141115,gene,TAPE,0.215651704036801
GSE141115,gene,TAPE,0.672988605923158
GSE141115,gene,TAPE,0.962129297362069
GSE141115,gene,TAPE,0.82810986863122
GSE141115,gene,TAPE,0.380837711463279
GSE141115,gene,TAPE,0.937230403677365
GSE141115,gene,TAPE,0.71555797530396
GSE141115,gene,TAPE,-0.105615301329484
GSE141115,gene,TAPE,-0.00138282085988976
GSE141115,gene,TAPE,0.764300681748124
GSE141115,gene,TAPE,0.141031725874148
GSE141115,gene,TAPE,0.854562667797458
GSE141115,gene,TAPE,-0.0496670433620358
GSE141115,gene,TAPE,0.486313346551216
GSE141115,gene,TAPE,0.394951570032
GSE141115,gene,TAPE,0.144361642070366
GSE141115,gene,TAPE,0.215702889675652
GSE141115,gene,TAPE,0.0636791769687579
GSE141115,gene,TAPE,0.503983874609926
GSE141115,gene,TAPE,-0.0350161496211801
GSE141115,gene,TAPE,0.647880398311278
GSE141115,gene,TAPE,0.28893656933403
GSE141115,gene,TAPE,0.897957363148391
GSE141115,gene,TAPE,0.698503000597823
GSE141115,gene,TAPE,0.899529327444073
GSE141115,gene,TAPE,-0.307338647042412
GSE141115,gene,TAPE,0.72190343390921
GSE141115,gene,TAPE,0.329400553948634
GSE141115,gene,TAPE,0.880978662859106
GSE141115,gene,TAPE,0.900334851061276
GSE141115,gene,TAPE,0.315675968190651
GSE141115,gene,TAPE,0.829201993464709
GSE141115,gene,TAPE,-0.0785131790349725
GSE141115,gene,TAPE,0.14411776275009
GSE141115,gene,TAPE,0.869033866045195
GSE141115,gene,TAPE,0.536483830305872
GSE141115,gene,TAPE,0.589315849602983
GSE141115,gene,TAPE,-0.0420657569892021
GSE141115,gene,TAPE,0.171109403142497
GSE141115,gene,TAPE,0.843933556475999
GSE141115,gene,TAPE,0.856939072182845
GSE141115,gene,TAPE,0.818041873920789
GSE141115,gene,TAPE,0.617391761963482
GSE141115,gene,TAPE,0.602330177825103
GSE141115,gene,TAPE,0.706636959995245
GSE141115,gene,TAPE,0.87987430889987
GSE141115,gene,TAPE,0.931435852753183
GSE141115,gene,TAPE,0.610195067218588
GSE141115,gene,TAPE,0.961358440494394
GSE141115,gene,TAPE,0.749100108398409
GSE141115,gene,TAPE,-0.149319099583308
GSE141115,gene,TAPE,0.823087132619125
GSE141115,gene,TAPE,0.78148905127193
GSE141115,gene,TAPE,0.720775310804632
GSE141115,gene,TAPE,0.0782395222539534
GSE141115,gene,TAPE,0.755179634505035
GSE141115,gene,TAPE,0.640838650781407
GSE141115,gene,TAPE,0.277786086224749
GSE141115,gene,TAPE,0.912683266139562
GSE141115,gene,TAPE,0.0491330708869064
GSE141115,gene,TAPE,0.361291163545099
GSE141115,gene,TAPE,0.256143702111348
GSE141115,gene,TAPE,0.819903747521406
GSE141115,gene,TAPE,0.734824193542743
GSE141115,gene,TAPE,0.673469375578165
GSE141115,gene,TAPE,0.642074760698776
GSE141115,gene,TAPE,0.605448404276864
GSE141115,gene,TAPE,0.635357273804338
GSE141115,gene,TAPE,0.599870782493535
GSE141115,gene,TAPE,0.690966314646424
GSE141115,gene,TAPE,0.628863165992697
GSE141115,gene,TAPE,0.505455767779187
GSE141115,gene,TAPE,0.609386093833534
GSE141115,gene,TAPE,0.680463413443154
GSE141115,gene,TAPE,0.638049860004825
GSE141115,gene,TAPE,0.620388156596012
GSE141115,gene,TAPE,0.606677037196225
GSE141115,gene,TAPE,0.689024976244189
GSE141115,gene,TAPE,0.252625217661584
GSE141115,gene,TAPE,0.238373931755063
GSE141115,gene,TAPE,0.549141347844031
GSE141115,gene,TAPE,0.218853024495404
GSE141115,gene,TAPE,0.74195566876066
GSE141115,gene,TAPE,0.476143731161677
GSE141115,gene,TAPE,0.685721134273992
GSE141115,gene,TAPE,0.278473068060969
GSE141115,gene,TAPE,0.463315665611673
GSE141115,gene,TAPE,0.511909131412963
GSE141115,gene,TAPE,0.250188582215038
GSE141115,gene,TAPE,-0.0916281624367974
GSE141115,gene,TAPE,0.217492404510774
GSE141115,gene,TAPE,0.958117299037913
GSE141115,gene,TAPE,0.936229918294321
GSE141115,gene,TAPE,0.737431487340615
GSE141115,gene,TAPE,0.6792473957583
GSE141115,gene,TAPE,0.282142040729778
GSE141115,gene,TAPE,0.225186563564212
GSE141115,gene,TAPE,0.457640982825357
GSE141115,gene,TAPE,0.667326439899
GSE141115,gene,TAPE,-0.218431185753839
GSE141115,gene,TAPE,0.704948685273393
GSE141115,gene,TAPE,0.726105565240324
GSE141115,gene,TAPE,0.650199853004347
GSE141115,gene,TAPE,-0.578907446909209
GSE141115,gene,TAPE,0.704151058081129
GSE141115,gene,TAPE,-0.00289635586051717
GSE141115,gene,TAPE,0.029673919988668
GSE141115,gene,TAPE,-0.136407439580137
GSE141115,gene,TAPE,0.491109853904371
GSE141115,gene,TAPE,0.871842511679543
GSE141115,gene,TAPE,0.459847059449642
GSE141115,gene,TAPE,0.610613659655052
GSE141115,gene,TAPE,-0.230205690389213
GSE141115,gene,TAPE,0.420613031153179
GSE141115,gene,TAPE,-0.0172307841332816
GSE141115,gene,TAPE,0.0334181093582696
GSE141115,gene,TAPE,0.65435617753187
GSE141115,gene,TAPE,-0.233154348440235
GSE141115,gene,TAPE,0.694968069781153
GSE141115,gene,TAPE,-0.215493515256376
GSE141115,gene,TAPE,0.490124816603911
GSE141115,gene,TAPE,-0.141111722493858
GSE141115,gene,TAPE,-0.0953144479651101
GSE141115,gene,TAPE,0.427514397746792
GSE141115,gene,TAPE,0.630064744770196
GSE141115,gene,TAPE,0.621850835836513
GSE141115,gene,TAPE,0.123497668051911
GSE141115,gene,TAPE,0.554406177832847
GSE141115,gene,TAPE,0.79209403925325
GSE141115,gene,TAPE,0.106252912082012
GSE141115,gene,TAPE,0.291133264786596
GSE141115,gene,TAPE,0.469067664834066
GSE141115,gene,TAPE,0.952957158322362
GSE141115,gene,TAPE,0.870449910735801
GSE141115,gene,TAPE,0.171519082812134
GSE141115,gene,TAPE,0.710067661641955
GSE141115,gene,TAPE,0.839329388100692
GSE141115,gene,TAPE,0.638240063509961
GSE141115,gene,TAPE,0.77970622461218
GSE141115,gene,TAPE,-0.0766157458416981
GSE141115,gene,TAPE,0.913603883043697
GSE141115,gene,TAPE,0.151617004334631
GSE141115,gene,TAPE,0.242243482706927
GSE141115,gene,TAPE,-0.0735751094940553
GSE141115,gene,TAPE,0.13368416587339
GSE141115,gene,TAPE,-0.0504136687031431
GSE141115,gene,TAPE,0.752428125935788
GSE141115,gene,TAPE,0.78698816425699
GSE141115,gene,TAPE,0.606823205435327
GSE141115,gene,TAPE,0.745153732858084
GSE141115,gene,TAPE,0.482715066347451
GSE141115,gene,TAPE,0.532860848719648
GSE141115,gene,TAPE,0.617418340328434
GSE141115,gene,TAPE,0.892585286307819
GSE141115,gene,TAPE,-0.0463347159887575
GSE141115,gene,TAPE,0.264799713736721
GSE141115,gene,TAPE,0.00536891767002491
GSE141115,gene,TAPE,0.701489983546554
GSE141115,gene,TAPE,0.355018281486592
GSE141115,gene,TAPE,0.7255186394304
GSE141115,gene,TAPE,0.182894899974862
GSE141115,gene,TAPE,0.275789428236403
GSE141115,gene,TAPE,0.40730952015529
GSE141115,gene,TAPE,0.674437973602669
GSE141115,gene,TAPE,0.75436504211492
GSE141115,gene,TAPE,0.00868006990118931
GSE141115,gene,TAPE,0.486557162791809
GSE141115,gene,TAPE,0.695655635872715
GSE141115,gene,TAPE,-0.273810809884115
GSE141115,gene,TAPE,0.537603120129965
GSE141115,gene,TAPE,0.570565813347401
GSE141115,gene,TAPE,0.667500282985196
GSE141115,gene,TAPE,-0.17023962039512
GSE141115,gene,TAPE,0.789470505006918
GSE141115,gene,TAPE,-0.0388148445467415
GSE141115,gene,TAPE,0.362153027803653
GSE141115,gene,TAPE,0.204473901499427
GSE141115,gene,TAPE,0.965193122701182
GSE141115,gene,TAPE,0.0926819404713703
GSE141115,gene,TAPE,0.627383378901249
GSE141115,gene,TAPE,-0.0279117753371837
GSE141115,gene,DeconvSC,0.616734634211326
GSE141115,gene,DeconvSC,0.969250642366998
GSE141115,gene,DeconvSC,0.921896615731518
GSE141115,gene,DeconvSC,0.917777264643341
GSE141115,gene,DeconvSC,0.614682772847595
GSE141115,gene,DeconvSC,0.929832662185572
GSE141115,gene,DeconvSC,0.918934276795368
GSE141115,gene,DeconvSC,0.781496612108023
GSE141115,gene,DeconvSC,0.909320888472981
GSE141115,gene,DeconvSC,0.666530839365642
GSE141115,gene,DeconvSC,0.921501220165297
GSE141115,gene,DeconvSC,0.85704619192878
GSE141115,gene,DeconvSC,0.969803846721313
GSE141115,gene,DeconvSC,0.863979274600688
GSE141115,gene,DeconvSC,0.878667820856057
GSE141115,gene,DeconvSC,0.681235892637536
GSE141115,gene,DeconvSC,0.760080375894355
GSE141115,gene,DeconvSC,0.920868877600045
GSE141115,gene,DeconvSC,0.964872931242186
GSE141115,gene,DeconvSC,0.871754554376917
GSE141115,gene,DeconvSC,0.982608261328473
GSE141115,gene,DeconvSC,0.965939334837463
GSE141115,gene,DeconvSC,0.894560805425629
GSE141115,gene,DeconvSC,0.925617548835968
GSE141115,gene,DeconvSC,0.955776761508522
GSE141115,gene,DeconvSC,0.76049029309328
GSE141115,gene,DeconvSC,0.975955468725143
GSE141115,gene,DeconvSC,0.930110189244089
GSE141115,gene,DeconvSC,0.914331708957485
GSE141115,gene,DeconvSC,0.871657991824295
GSE141115,gene,DeconvSC,0.932208471478917
GSE141115,gene,DeconvSC,0.972281596576894
GSE141115,gene,DeconvSC,0.946710267781787
GSE141115,gene,DeconvSC,0.881271814530662
GSE141115,gene,DeconvSC,0.869748588809917
GSE141115,gene,DeconvSC,0.972073702956409
GSE141115,gene,DeconvSC,0.904484869855106
GSE141115,gene,DeconvSC,0.937074169865169
GSE141115,gene,DeconvSC,0.971196589046174
GSE141115,gene,DeconvSC,0.74787943350834
GSE141115,gene,DeconvSC,0.92272082078354
GSE141115,gene,DeconvSC,0.956723805783228
GSE141115,gene,DeconvSC,0.982342329448565
GSE141115,gene,DeconvSC,0.84971974175137
GSE141115,gene,DeconvSC,0.937245232974228
GSE141115,gene,DeconvSC,0.660457510108746
GSE141115,gene,DeconvSC,0.953255555814554
GSE141115,gene,DeconvSC,0.93889259873213
GSE141115,gene,DeconvSC,0.955368627595689
GSE141115,gene,DeconvSC,0.81216609086316
GSE141115,gene,DeconvSC,0.811936916831612
GSE141115,gene,DeconvSC,0.916401320170112
GSE141115,gene,DeconvSC,0.914679010509669
GSE141115,gene,DeconvSC,0.436814025146296
GSE141115,gene,DeconvSC,0.927539566135315
GSE141115,gene,DeconvSC,0.923230332843453
GSE141115,gene,DeconvSC,0.899300046529829
GSE141115,gene,DeconvSC,0.857627148124323
GSE141115,gene,DeconvSC,0.907231685818569
GSE141115,gene,DeconvSC,0.953635696190215
GSE141115,gene,DeconvSC,0.965663978184507
GSE141115,gene,DeconvSC,0.946573484551265
GSE141115,gene,DeconvSC,0.311789022351689
GSE141115,gene,DeconvSC,0.967421092147997
GSE141115,gene,DeconvSC,0.972675989225809
GSE141115,gene,DeconvSC,0.726761768145971
GSE141115,gene,DeconvSC,0.836835401630962
GSE141115,gene,DeconvSC,0.957666851766059
GSE141115,gene,DeconvSC,0.686057470344093
GSE141115,gene,DeconvSC,0.905211594221157
GSE141115,gene,DeconvSC,0.882519988094565
GSE141115,gene,DeconvSC,0.972551458660511
GSE141115,gene,DeconvSC,0.862171846046487
GSE141115,gene,DeconvSC,0.95275542867498
GSE141115,gene,DeconvSC,0.951444155425523
GSE141115,gene,DeconvSC,0.926025079146283
GSE141115,gene,DeconvSC,0.979286888473983
GSE141115,gene,DeconvSC,0.829614398289723
GSE141115,gene,DeconvSC,0.806957961406986
GSE141115,gene,DeconvSC,0.844531479883154
GSE141115,gene,DeconvSC,0.935817906769146
GSE141115,gene,DeconvSC,0.926978273903608
GSE141115,gene,DeconvSC,0.40270445851653
GSE141115,gene,DeconvSC,0.891373414936448
GSE141115,gene,DeconvSC,0.982727967868369
GSE141115,gene,DeconvSC,0.985815812200318
GSE141115,gene,DeconvSC,0.833262945595037
GSE141115,gene,DeconvSC,0.683034127476274
GSE141115,gene,DeconvSC,0.834001358661104
GSE141115,gene,DeconvSC,0.90864367150316
GSE141115,gene,DeconvSC,-0.0120948775254614
GSE141115,gene,DeconvSC,0.935921957199511
GSE141115,gene,DeconvSC,0.918921487497656
GSE141115,gene,DeconvSC,0.943558733953755
GSE141115,gene,DeconvSC,0.965380592946094
GSE141115,gene,DeconvSC,0.7119038905967
GSE141115,gene,DeconvSC,0.889112615937936
GSE141115,gene,DeconvSC,0.97965583544528
GSE141115,gene,DeconvSC,0.991320611353
GSE141115,gene,DeconvSC,0.928798378255111
GSE141115,gene,DeconvSC,0.869276553667044
GSE141115,gene,DeconvSC,0.565538807200988
GSE141115,gene,DeconvSC,0.942467355467532
GSE141115,gene,DeconvSC,0.797769732989573
GSE141115,gene,DeconvSC,0.959869138952713
GSE141115,gene,DeconvSC,0.936017102954321
GSE141115,gene,DeconvSC,0.885158150240985
GSE141115,gene,DeconvSC,0.866091076557228
GSE141115,gene,DeconvSC,0.926266092562642
GSE141115,gene,DeconvSC,0.861032644267968
GSE141115,gene,DeconvSC,0.85912051278457
GSE141115,gene,DeconvSC,0.90518509955681
GSE141115,gene,DeconvSC,0.834620303567954
GSE141115,gene,DeconvSC,0.899321087148972
GSE141115,gene,DeconvSC,0.845055665134816
GSE141115,gene,DeconvSC,0.936709290067311
GSE141115,gene,DeconvSC,0.952719033204844
GSE141115,gene,DeconvSC,0.936072880713227
GSE141115,gene,DeconvSC,0.906340365981805
GSE141115,gene,DeconvSC,0.828056648284536
GSE141115,gene,DeconvSC,0.993562598927546
GSE141115,gene,DeconvSC,0.857180138912323
GSE141115,gene,DeconvSC,0.841581622680881
GSE141115,gene,DeconvSC,0.950391527002672
GSE141115,gene,DeconvSC,0.818442950099929
GSE141115,gene,DeconvSC,0.941606714688959
GSE141115,gene,DeconvSC,0.94218238821799
GSE141115,gene,DeconvSC,0.844239835132284
GSE141115,gene,DeconvSC,0.843153336929987
GSE141115,gene,DeconvSC,0.9050343337764
GSE141115,gene,DeconvSC,0.815534297693768
GSE141115,gene,DeconvSC,0.809374263217843
GSE141115,gene,DeconvSC,0.747937536316142
GSE141115,gene,DeconvSC,0.964253899442399
GSE141115,gene,DeconvSC,0.955243687134433
GSE141115,gene,DeconvSC,0.96218740682917
GSE141115,gene,DeconvSC,0.990044948943501
GSE141115,gene,DeconvSC,0.825158547009374
GSE141115,gene,DeconvSC,0.786581833666117
GSE141115,gene,DeconvSC,0.885782176074714
GSE141115,gene,DeconvSC,0.918736538640013
GSE141115,gene,DeconvSC,0.986259596535344
GSE141115,gene,DeconvSC,0.657222598778849
GSE141115,gene,DeconvSC,0.862847798641948
GSE141115,gene,DeconvSC,0.936768112273923
GSE141115,gene,DeconvSC,0.977111891162318
GSE141115,gene,DeconvSC,0.756128849602246
GSE141115,gene,DeconvSC,0.943333809753772
GSE141115,gene,DeconvSC,0.881971054286085
GSE141115,gene,DeconvSC,0.928841680992271
GSE141115,gene,DeconvSC,0.970057470751262
GSE141115,gene,DeconvSC,0.994126472944914
GSE141115,gene,DeconvSC,0.973208647484108
GSE141115,gene,DeconvSC,0.933767564911712
GSE141115,gene,DeconvSC,0.554822248926081
GSE141115,gene,DeconvSC,0.671684024617359
GSE141115,gene,DeconvSC,0.998451142996911
GSE141115,gene,DeconvSC,0.334498927199557
GSE141115,gene,DeconvSC,0.950627144603517
GSE141115,gene,DeconvSC,0.974777364020767
GSE141115,gene,DeconvSC,0.953807433905545
GSE141115,gene,DeconvSC,0.566157111746226
GSE141115,gene,DeconvSC,0.915434543098928
GSE141115,gene,DeconvSC,0.576906524232127
GSE141115,gene,DeconvSC,0.896966906730948
GSE141115,gene,DeconvSC,0.63503742684387
GSE141115,gene,DeconvSC,0.0821585612913814
GSE141115,gene,DeconvSC,-0.123694692726687
GSE141115,gene,DeconvSC,0.921612321012205
GSE141115,gene,DeconvSC,0.603206520236127
GSE141115,gene,DeconvSC,0.623817582133622
GSE141115,gene,DeconvSC,0.94394088997414
GSE141115,gene,DeconvSC,0.861938263495226
GSE141115,gene,DeconvSC,0.952646943199035
GSE141115,gene,DeconvSC,0.973351656782821
GSE141115,gene,DeconvSC,0.904878295247723
GSE141115,gene,DeconvSC,0.791959661209897
GSE141115,gene,DeconvSC,0.966138800628349
GSE141115,gene,DeconvSC,0.98886797719679
GSE141115,gene,DeconvSC,0.914053367311102
GSE141115,gene,DeconvSC,0.720993800950175
GSE141115,gene,DeconvSC,0.945106715635678
GSE141115,gene,DeconvSC,0.797880069678111
GSE141115,gene,DeconvSC,0.799339856483155
GSE141115,gene,DeconvSC,0.65677500576442
GSE141115,gene,DeconvSC,0.745759888707299
GSE141115,gene,DeconvSC,0.812794705766626
GSE141115,gene,DeconvSC,0.89667234645358
GSE141115,gene,DeconvSC,0.959671699626213
GSE141115,gene,DeconvSC,0.526981042767299
GSE141115,gene,DeconvSC,0.923268369853036
GSE141115,gene,DeconvSC,0.812005516332406
GSE141115,gene,DeconvSC,0.39085448831839
GSE141115,gene,DeconvSC,0.937146062601221
GSE141115,gene,DeconvSC,0.952907973908344
GSE141115,gene,DeconvSC,0.885719530537606
GSE141115,gene,DeconvSC,0.99531378589252
GSE141115,gene,DeconvSC,0.958851148455271
GSE141115,gene,DeconvSC,0.0565982129998142
GSE141115,gene,DeconvSC,0.782658334197863
GSE141115,gene,DeconvSC,0.962571861626338
GSE141115,gene,DeconvSC,0.851823308637852
GSE141115,gene,DeconvSC,0.450270648382196
GSE141115,gene,DeconvSC,0.749050977333281
GSE141115,gene,DeconvSC,0.908059488032902
GSE141115,gene,DeconvSC,0.883541076942163
GSE141115,gene,DeconvSC,0.896217241579972
GSE141115,gene,DeconvSC,0.926061407177687
GSE141115,gene,DeconvSC,0.970374395485427
GSE141115,gene,DeconvSC,0.923345974679217
GSE141115,gene,DeconvSC,0.908669444973535
GSE141115,gene,DeconvSC,0.825610852854045
GSE141115,gene,DeconvSC,0.888456122726989
GSE141115,gene,DeconvSC,0.736222279526897
GSE141115,gene,DeconvSC,0.89716594782168
GSE141115,gene,DeconvSC,0.679207712778625
GSE141115,gene,DeconvSC,0.970111631487063
GSE141115,gene,DeconvSC,0.88500410631761
GSE141115,gene,DeconvSC,0.701185546964737
GSE141115,gene,DeconvSC,0.625943295932862
GSE141115,gene,DeconvSC,0.726218814269762
GSE141115,gene,DeconvSC,0.530110733497844
GSE141115,gene,DeconvSC,0.930719216392484
GSE141115,gene,DeconvSC,0.781993919047052
GSE141115,gene,DeconvSC,0.882622212678075
GSE141115,gene,DeconvSC,0.737895625749743
GSE141115,gene,DeconvSC,0.919056464301011
GSE141115,gene,DeconvSC,0.891376590660619
GSE141115,gene,DeconvSC,0.863735379030324
GSE141115,gene,DeconvSC,0.958138844371951
GSE141115,gene,DeconvSC,0.906360044117584
GSE141115,gene,DeconvSC,0.935232384908412
GSE141115,gene,DeconvSC,0.879696219460405
GSE141115,gene,DeconvSC,0.80031995109988
GSE141115,gene,DeconvSC,0.934155698849872
GSE141115,gene,DeconvSC,0.815767416063076
GSE141115,gene,DeconvSC,0.909237529331948
GSE141115,gene,DeconvSC,0.722948699285543
GSE141115,gene,DeconvSC,0.871365689958117
GSE141115,gene,DeconvSC,0.453161495872375
GSE141115,gene,DeconvSC,0.438298513925921
GSE141115,gene,DeconvSC,0.846402631546688
GSE141115,gene,DeconvSC,0.93122426967645
GSE141115,gene,DeconvSC,0.8869321539921
GSE141115,gene,DeconvSC,0.848504563123075
GSE141115,gene,DeconvSC,0.921703833926988
GSE141115,gene,DeconvSC,0.678380978817187
GSE141115,gene,DeconvSC,0.0344914458471928
GSE141115,gene,DeconvSC,0.737970706242568
GSE141115,gene,DeconvSC,0.863018623656272
GSE141115,gene,DeconvSC,0.968698523122894
GSE141115,gene,DeconvSC,0.970504741937591
GSE141115,gene,DeconvSC,0.931418247028751
GSE141115,gene,DeconvSC,0.976366593323069
GSE141115,gene,DeconvSC,0.975069062906
GSE141115,gene,DeconvSC,0.678774235298019
GSE141115,gene,DeconvSC,0.772135281546933
GSE141115,gene,DeconvSC,0.921871720075241
GSE141115,gene,DeconvSC,0.836936371691468
GSE141115,gene,DeconvSC,0.936307069888466
GSE141115,gene,DeconvSC,0.876532116120727
GSE141115,gene,DeconvSC,0.942489743597616
GSE141115,gene,DeconvSC,0.880813686096357
GSE141115,gene,DeconvSC,0.897345249487046
GSE141115,gene,DeconvSC,0.851794440854178
GSE141115,gene,DeconvSC,0.881617290169177
GSE141115,gene,DeconvSC,0.976007644622596
GSE141115,gene,DeconvSC,0.475801408339399
GSE141115,gene,DeconvSC,0.909833678525843
GSE141115,gene,DeconvSC,0.946355232715336
GSE141115,gene,DeconvSC,0.844866784166444
GSE141115,gene,DeconvSC,0.842304225986267
GSE141115,gene,DeconvSC,0.890760380052261
GSE141115,gene,DeconvSC,0.798057534678188
GSE141115,gene,DeconvSC,0.936330117328232
GSE141115,gene,DeconvSC,0.887680638506985
GSE141115,gene,DeconvSC,0.237214272108972
GSE141115,gene,DeconvSC,0.847670123444778
GSE141115,gene,DeconvSC,0.684089357724984
GSE141115,gene,DeconvSC,0.449195112043704
GSE141115,gene,DeconvSC,0.971165199841458
GSE141115,gene,DeconvSC,0.878374657370529
GSE141115,gene,DeconvSC,0.983191859352378
GSE141115,gene,DeconvSC,0.746109938486645
GSE141115,gene,DeconvSC,0.871304076486427
GSE141115,gene,DeconvSC,0.997799214827725
GSE141115,gene,DeconvSC,0.984620884424511
GSE141115,gene,DeconvSC,0.971627166041403
GSE141115,gene,DeconvSC,0.964068815413969
GSE141115,gene,DeconvSC,0.896099017300426
GSE141115,gene,DeconvSC,0.525689347183272
GSE141115,gene,DeconvSC,0.931713590715198
GSE141115,gene,DeconvSC,0.938505364246925
GSE141115,gene,DeconvSC,0.81527931722151
GSE141115,gene,DeconvSC,0.861294448045616
GSE141115,gene,DeconvSC,0.877904285862383
GSE141115,gene,DeconvSC,0.892613182890899
GSE141115,gene,DeconvSC,0.613919468626785
GSE141115,gene,DeconvSC,0.720126531894112
GSE141115,gene,DeconvSC,0.304100350143068
GSE141115,gene,DeconvSC,0.509741957242308
GSE141115,gene,DeconvSC,0.737026261627497
GSE141115,gene,DeconvSC,0.937259959984602
GSE141115,gene,DeconvSC,0.948052702996179
GSE141115,gene,DeconvSC,0.919173742960994
GSE141115,gene,DeconvSC,0.64885961597263
GSE141115,gene,DeconvSC,0.878601551301775
GSE141115,gene,DeconvSC,0.978771770521334
GSE141115,gene,DeconvSC,0.931804949701155
GSE141115,gene,DeconvSC,0.966589462113244
GSE141115,gene,DeconvSC,0.754147613973822
GSE141115,gene,DeconvSC,0.974645185229572
GSE141115,gene,DeconvSC,0.952916806664201
GSE141115,gene,DeconvSC,0.547599857366508
GSE141115,gene,DeconvSC,0.990331690877262
GSE141115,gene,DeconvSC,0.930880522595753
GSE141115,gene,DeconvSC,0.947076699030931
GSE141115,gene,DeconvSC,0.986305328276804
GSE141115,gene,DeconvSC,0.899961923532372
GSE141115,gene,DeconvSC,0.849605606109449
GSE141115,gene,DeconvSC,0.876649487771094
GSE141115,gene,DeconvSC,0.806332735534167
GSE141115,gene,DeconvSC,0.944981810948499
GSE141115,gene,DeconvSC,0.95539647599568
GSE141115,gene,DeconvSC,0.911083263715589
GSE141115,gene,DeconvSC,0.825753875997045
GSE141115,gene,DeconvSC,0.942827353599132
GSE141115,gene,DeconvSC,0.833617073070175
GSE141115,gene,DeconvSC,0.890199940981365
GSE141115,gene,DeconvSC,0.96669743825608
GSE141115,gene,DeconvSC,0.98009092744198
GSE141115,gene,DeconvSC,0.986663152704089
GSE141115,gene,DeconvSC,0.958955844201984
GSE141115,gene,DeconvSC,0.640385970193419
GSE141115,gene,DeconvSC,0.985945759572087
GSE141115,gene,DeconvSC,0.983205990684103
GSE141115,gene,DeconvSC,0.801844912081235
GSE141115,gene,DeconvSC,0.23544696813674
GSE141115,gene,DeconvSC,0.815237549551465
GSE141115,gene,DeconvSC,0.862410015562623
GSE141115,gene,DeconvSC,0.916835379840985
GSE141115,gene,DeconvSC,0.972869217806592
GSE141115,gene,DeconvSC,0.678911341202595
GSE141115,gene,DeconvSC,0.955009947395032
GSE141115,gene,DeconvSC,0.978241024752181
GSE141115,gene,DeconvSC,0.969653144310042
GSE141115,gene,DeconvSC,0.890864862677003
GSE141115,gene,DeconvSC,0.825210101602509
GSE141115,gene,DeconvSC,0.832716434398295
GSE141115,gene,DeconvSC,0.771044492492236
GSE141115,gene,DeconvSC,0.81018170735131
GSE141115,gene,DeconvSC,0.840478476692936
GSE141115,gene,DeconvSC,0.881694335560756
GSE141115,gene,DeconvSC,0.885581027289917
GSE141115,gene,DeconvSC,0.765527429075107
GSE141115,gene,DeconvSC,0.886619276502749
GSE141115,gene,DeconvSC,0.79496678640307
GSE141115,gene,DeconvSC,0.844208258201941
GSE141115,gene,DeconvSC,0.862759945978629
GSE141115,gene,DeconvSC,0.90647165643464
GSE141115,gene,DeconvSC,0.869439990790581
GSE141115,gene,DeconvSC,0.87665672929613
GSE141115,gene,DeconvSC,0.926912889073711
GSE141115,gene,DeconvSC,0.914927192833264
GSE141115,gene,DeconvSC,0.817359414446626
GSE141115,gene,DeconvSC,0.547862062689332
GSE141115,gene,DeconvSC,0.921326081759539
GSE141115,gene,DeconvSC,0.688163446783815
GSE141115,gene,DeconvSC,0.808102353957575
GSE141115,gene,DeconvSC,0.768845608611196
GSE141115,gene,DeconvSC,0.944705216657596
GSE141115,gene,DeconvSC,0.96716297221478
GSE141115,gene,DeconvSC,0.680856804845779
GSE141115,gene,DeconvSC,0.718215732832595
GSE141115,gene,DeconvSC,0.989357159883343
GSE141115,gene,DeconvSC,0.978435051743162
GSE141115,gene,DeconvSC,0.754467753685615
GSE141115,gene,DeconvSC,0.818982595048379
GSE141115,gene,DeconvSC,0.835008436269769
GSE141115,gene,DeconvSC,0.840964909625584
GSE141115,gene,DeconvSC,0.733547696513909
GSE141115,gene,DeconvSC,0.953295139790382
GSE141115,gene,DeconvSC,0.106178057092092
GSE141115,gene,DeconvSC,0.859519855995616
GSE141115,gene,DeconvSC,0.86703963306063
GSE141115,gene,DeconvSC,0.924038334923205
GSE141115,gene,DeconvSC,0.930305389103497
GSE141115,gene,DeconvSC,0.858899071384485
GSE141115,gene,DeconvSC,0.885248205609867
GSE141115,gene,DeconvSC,0.729020673547045
GSE141115,gene,DeconvSC,0.826869890639275
GSE141115,gene,DeconvSC,0.287073874151283
GSE141115,gene,DeconvSC,0.983788720666907
GSE141115,gene,DeconvSC,0.374197692103817
GSE141115,gene,DeconvSC,0.93133969960257
GSE141115,gene,DeconvSC,0.907223795333796
GSE141115,gene,DeconvSC,0.843506315770907
GSE141115,gene,DeconvSC,0.941756380861669
GSE141115,gene,DeconvSC,0.573480690524132
GSE141115,gene,DeconvSC,0.870385920356267
GSE141115,gene,DeconvSC,0.349029846566294
GSE141115,gene,DeconvSC,0.968067249752984
GSE141115,gene,DeconvSC,0.855744914333129
GSE141115,gene,DeconvSC,0.986588512585111
GSE141115,gene,DeconvSC,0.899590242079704
GSE141115,gene,DeconvSC,0.794840611931756
GSE141115,gene,DeconvSC,0.583514203638279
GSE141115,gene,DeconvSC,0.955563651787757
GSE141115,gene,DeconvSC,0.781043013534596
GSE141115,gene,DeconvSC,0.763212948155588
GSE141115,gene,DeconvSC,0.883358352853889
GSE141115,gene,DeconvSC,0.97574967000878
GSE141115,gene,DeconvSC,0.907865118174727
GSE141115,gene,DeconvSC,0.75435402578877
GSE141115,gene,DeconvSC,0.900277676084449
GSE141115,gene,DeconvSC,0.990312350043031
GSE141115,gene,DeconvSC,0.988202739338202
GSE141115,gene,DeconvSC,0.938904893393565
GSE141115,gene,DeconvSC,0.862796376454058
GSE141115,gene,DeconvSC,0.97127158441489
GSE141115,gene,DeconvSC,0.892464406888837
GSE141115,gene,DeconvSC,0.982702066251883
GSE141115,gene,DeconvSC,0.701000526442586
GSE141115,gene,DeconvSC,0.95529694641761
GSE141115,gene,DeconvSC,0.9417894998348
GSE141115,gene,DeconvSC,0.866207288813909
GSE141115,gene,DeconvSC,0.900723965192252
GSE141115,gene,DeconvSC,0.856285035342286
GSE141115,gene,DeconvSC,0.884786589598496
GSE141115,gene,DeconvSC,0.922210531288384
GSE141115,gene,DeconvSC,0.931769137526683
GSE141115,gene,DeconvSC,0.95706530048572
GSE141115,gene,DeconvSC,0.903429875888006
GSE141115,gene,DeconvSC,0.873324776978582
GSE141115,gene,DeconvSC,0.708853759888466
GSE141115,gene,DeconvSC,0.941650198468128
GSE141115,gene,DeconvSC,0.949161026278193
GSE141115,gene,DeconvSC,-0.0806361311901055
GSE141115,gene,DeconvSC,0.861334319887594
GSE141115,gene,DeconvSC,0.445455693706651
GSE141115,gene,DeconvSC,0.901016895777921
GSE141115,gene,DeconvSC,0.861790365783508
GSE141115,gene,DeconvSC,0.967821314354844
GSE141115,gene,DeconvSC,0.851044281963327
GSE141115,gene,DeconvSC,0.54460707494824
GSE141115,gene,DeconvSC,0.785415238277016
GSE141115,gene,DeconvSC,0.825309374671879
GSE141115,gene,DeconvSC,0.878944654463949
GSE141115,gene,DeconvSC,0.828219198526787
GSE141115,gene,DeconvSC,0.894887563152574
GSE141115,gene,DeconvSC,0.888847095477925
GSE141115,gene,DeconvSC,0.904429362585411
GSE141115,gene,DeconvSC,0.926815251635142
GSE141115,gene,DeconvSC,0.900017481722177
GSE141115,gene,DeconvSC,0.900097125450646
GSE141115,gene,DeconvSC,0.932456329939553
GSE141115,gene,DeconvSC,0.966192013393656
GSE141115,gene,DeconvSC,0.963075556844172
GSE141115,gene,DeconvSC,0.80872865506799
GSE141115,gene,DeconvSC,0.837988002826642
GSE141115,gene,DeconvSC,0.98862153103087
GSE141115,gene,DeconvSC,0.136763618256091
GSE141115,gene,DeconvSC,0.731457607691177
GSE141115,gene,DeconvSC,0.587767144924174
GSE159585,gene,BayesPrism,0.0329924368932401
GSE159585,gene,BayesPrism,0.302654553472381
GSE159585,gene,BayesPrism,0.427484002480447
GSE159585,gene,BayesPrism,0.652659935141393
GSE159585,gene,BayesPrism,0.841478330250392
GSE159585,gene,BayesPrism,0.544421932818151
GSE159585,gene,BayesPrism,0.553069285554996
GSE159585,gene,BayesPrism,0.824343430014421
GSE159585,gene,BayesPrism,0.511206917968532
GSE159585,gene,BayesPrism,0.458914992821593
GSE159585,gene,BayesPrism,0.484793691401626
GSE159585,gene,BayesPrism,0.770045329290106
GSE159585,gene,BayesPrism,0.237668470489669
GSE159585,gene,BayesPrism,0.746179056390332
GSE159585,gene,BayesPrism,0.598284062746714
GSE159585,gene,BayesPrism,0.0413154161707032
GSE159585,gene,BayesPrism,0.81869707158074
GSE159585,gene,BayesPrism,0.281811207360604
GSE159585,gene,BayesPrism,0.778682948987352
GSE159585,gene,BayesPrism,0.191115682475993
GSE159585,gene,BayesPrism,-0.0486833332285418
GSE159585,gene,BayesPrism,0.533930602526028
GSE159585,gene,BayesPrism,0.163867937845145
GSE159585,gene,BayesPrism,0.714702650972267
GSE159585,gene,BayesPrism,0.708651531951849
GSE159585,gene,BayesPrism,-0.0519760127826242
GSE159585,gene,BayesPrism,-0.00730260581322647
GSE159585,gene,BayesPrism,0.752968289510818
GSE159585,gene,BayesPrism,0.149206617162558
GSE159585,gene,BayesPrism,0.415866218765704
GSE159585,gene,BayesPrism,0.249225119373412
GSE159585,gene,BayesPrism,0.10478679531917
GSE159585,gene,BayesPrism,0.689300444156992
GSE159585,gene,BayesPrism,0.353391604869235
GSE159585,gene,BayesPrism,0.738884158699927
GSE159585,gene,BayesPrism,0.141640163011382
GSE159585,gene,BayesPrism,0.976162621668721
GSE159585,gene,BayesPrism,0.0812866272453851
GSE159585,gene,BayesPrism,0.771141285221418
GSE159585,gene,BayesPrism,0.713855560489624
GSE159585,gene,BayesPrism,0.95849945657105
GSE159585,gene,BayesPrism,0.292542922403965
GSE159585,gene,BayesPrism,0.669619095009295
GSE159585,gene,BayesPrism,0.776165494404853
GSE159585,gene,BayesPrism,0.747475484420921
GSE159585,gene,BayesPrism,0.445522898700931
GSE159585,gene,BayesPrism,0.705670414182026
GSE159585,gene,BayesPrism,0.77905941561835
GSE159585,gene,BayesPrism,0.625816220278146
GSE159585,gene,BayesPrism,-0.0888078901859327
GSE159585,gene,BayesPrism,0.969575997536337
GSE159585,gene,BayesPrism,0.651173087156138
GSE159585,gene,BayesPrism,-0.0267864623908485
GSE159585,gene,BayesPrism,0.995153170161852
GSE159585,gene,BayesPrism,0.866877888861268
GSE159585,gene,BayesPrism,0.864444397461751
GSE159585,gene,BayesPrism,0.657759000179341
GSE159585,gene,BayesPrism,0.740554440444731
GSE159585,gene,BayesPrism,0.374500059859932
GSE159585,gene,BayesPrism,0.471321976775223
GSE159585,gene,BayesPrism,0.358920245459375
GSE159585,gene,BayesPrism,0.516890280779203
GSE159585,gene,BayesPrism,0.813687797050869
GSE159585,gene,BayesPrism,0.801414443979117
GSE159585,gene,BayesPrism,0.701046410032558
GSE159585,gene,BayesPrism,0.825463835898802
GSE159585,gene,BayesPrism,0.258516988975497
GSE159585,gene,BayesPrism,0.904447596821281
GSE159585,gene,BayesPrism,-0.0549078018572191
GSE159585,gene,BayesPrism,0.26486018518855
GSE159585,gene,BayesPrism,0.507782647468715
GSE159585,gene,BayesPrism,0.827826372653249
GSE159585,gene,BayesPrism,0.316239145330449
GSE159585,gene,BayesPrism,0.481421865939827
GSE159585,gene,BayesPrism,0.750225357843554
GSE159585,gene,BayesPrism,0.151864336502052
GSE159585,gene,BayesPrism,0.99753442910029
GSE159585,gene,BayesPrism,0.983306832567515
GSE159585,gene,BayesPrism,0.867156828795119
GSE159585,gene,BayesPrism,0.979310049888758
GSE159585,gene,BayesPrism,-0.0514590318183466
GSE159585,gene,BayesPrism,0.0178352808884363
GSE159585,gene,BayesPrism,-0.039539942360103
GSE159585,gene,BayesPrism,0.52369128443099
GSE159585,gene,BayesPrism,0.464804043285876
GSE159585,gene,BayesPrism,0.841576242868263
GSE159585,gene,BayesPrism,-0.0703684703860427
GSE159585,gene,BayesPrism,0.740121377424816
GSE159585,gene,BayesPrism,0.903330252159327
GSE159585,gene,BayesPrism,0.643610769912116
GSE159585,gene,BayesPrism,0.0341641289360103
GSE159585,gene,BayesPrism,0.353093064456797
GSE159585,gene,BayesPrism,0.339013672036434
GSE159585,gene,BayesPrism,0.792007022944818
GSE159585,gene,BayesPrism,-0.0255397288021448
GSE159585,gene,BayesPrism,0.16281194583441
GSE159585,gene,BayesPrism,-0.0582526121472777
GSE159585,gene,BayesPrism,0.630224844161795
GSE159585,gene,BayesPrism,0.776862003395091
GSE159585,gene,BayesPrism,0.198440079686131
GSE159585,gene,BayesPrism,0.213258332543454
GSE159585,gene,BayesPrism,0.539973793836303
GSE159585,gene,BayesPrism,0.540840702102704
GSE159585,gene,BayesPrism,0.694843474997502
GSE159585,gene,BayesPrism,0.926584945970309
GSE159585,gene,BayesPrism,0.439310042607171
GSE159585,gene,BayesPrism,0.698905945210573
GSE159585,gene,BayesPrism,0.230506929463227
GSE159585,gene,BayesPrism,0.0769601953547504
GSE159585,gene,BayesPrism,0.0673615502473097
GSE159585,gene,BayesPrism,0.606300637550836
GSE159585,gene,BayesPrism,0.530160883198747
GSE159585,gene,BayesPrism,0.544771712671859
GSE159585,gene,BayesPrism,0.672759935938528
GSE159585,gene,BayesPrism,0.463550463967811
GSE159585,gene,BayesPrism,0.632481332815995
GSE159585,gene,BayesPrism,0.854135788991685
GSE159585,gene,BayesPrism,0.88200602807033
GSE159585,gene,BayesPrism,0.587175509300744
GSE159585,gene,BayesPrism,0.291895224523681
GSE159585,gene,BayesPrism,0.53678401054713
GSE159585,gene,BayesPrism,0.449840516782095
GSE159585,gene,BayesPrism,0.348776645116155
GSE159585,gene,BayesPrism,0.833296974233402
GSE159585,gene,BayesPrism,0.819168654793682
GSE159585,gene,BayesPrism,-0.00470269222775363
GSE159585,gene,BayesPrism,0.564138086802938
GSE159585,gene,BayesPrism,0.865644639971551
GSE159585,gene,BayesPrism,0.543246622213801
GSE159585,gene,BayesPrism,0.432262836621273
GSE159585,gene,BayesPrism,0.050240094247197
GSE159585,gene,BayesPrism,0.458304264380783
GSE159585,gene,BayesPrism,0.307822510071332
GSE159585,gene,BayesPrism,0.429646083867709
GSE159585,gene,BayesPrism,0.415729617497851
GSE159585,gene,BayesPrism,-0.0246511165367269
GSE159585,gene,BayesPrism,0.38028495738319
GSE159585,gene,BayesPrism,0.470902082247331
GSE159585,gene,BayesPrism,0.576024323979482
GSE159585,gene,BayesPrism,0.921127551337977
GSE159585,gene,BayesPrism,0.879585145332216
GSE159585,gene,BayesPrism,0.468604439754486
GSE159585,gene,BayesPrism,0.650096393879042
GSE159585,gene,BayesPrism,0.211261723479014
GSE159585,gene,BayesPrism,0.803778162685134
GSE159585,gene,BayesPrism,0.4846554964269
GSE159585,gene,BayesPrism,-0.0443483803354913
GSE159585,gene,BayesPrism,0.14547353867275
GSE159585,gene,BayesPrism,0.643945024655847
GSE159585,gene,BayesPrism,0.220446398824197
GSE159585,gene,BayesPrism,0.776134568393231
GSE159585,gene,BayesPrism,-0.018925438706355
GSE159585,gene,BayesPrism,0.185699176954532
GSE159585,gene,BayesPrism,0.0574492070738794
GSE159585,gene,BayesPrism,0.294904441859284
GSE159585,gene,BayesPrism,0.135760593803189
GSE159585,gene,BayesPrism,0.797956172572589
GSE159585,gene,BayesPrism,0.254690699942187
GSE159585,gene,BayesPrism,0.973349114808962
GSE159585,gene,BayesPrism,0.785693160464435
GSE159585,gene,BayesPrism,0.721253467468672
GSE159585,gene,BayesPrism,0.616629366643909
GSE159585,gene,BayesPrism,0.820215118616604
GSE159585,gene,BayesPrism,-0.0414351020719819
GSE159585,gene,BayesPrism,0.332727824222464
GSE159585,gene,BayesPrism,0.724194563398647
GSE159585,gene,BayesPrism,0.820734304927945
GSE159585,gene,BayesPrism,-0.0473324356167277
GSE159585,gene,BayesPrism,0.801840906295733
GSE159585,gene,BayesPrism,0.715508439764224
GSE159585,gene,BayesPrism,0.880650208785004
GSE159585,gene,BayesPrism,0.699957873969773
GSE159585,gene,BayesPrism,0.698142173045631
GSE159585,gene,BayesPrism,0.065070755675641
GSE159585,gene,BayesPrism,0.61530968015015
GSE159585,gene,BayesPrism,0.904699860194945
GSE159585,gene,BayesPrism,0.362603480207136
GSE159585,gene,BayesPrism,0.737909540749956
GSE159585,gene,BayesPrism,-0.0499653477912238
GSE159585,gene,BayesPrism,0.602346615994469
GSE159585,gene,BayesPrism,0.486378763836162
GSE159585,gene,BayesPrism,0.675564217678005
GSE159585,gene,BayesPrism,0.690781853487591
GSE159585,gene,BayesPrism,0.663541718721256
GSE159585,gene,BayesPrism,0.0252110745613597
GSE159585,gene,BayesPrism,0.589608053950107
GSE159585,gene,BayesPrism,0.83757866509285
GSE159585,gene,BayesPrism,0.291221270828986
GSE159585,gene,BayesPrism,0.312963672332651
GSE159585,gene,BayesPrism,0.681146826132097
GSE159585,gene,BayesPrism,0.59120308353009
GSE159585,gene,BayesPrism,0.459318281385946
GSE159585,gene,BayesPrism,0.3003764633753
GSE159585,gene,BayesPrism,0.670392505948738
GSE159585,gene,BayesPrism,0.522126874203865
GSE159585,gene,BayesPrism,0.844977732080279
GSE159585,gene,BayesPrism,-0.0317262598049289
GSE159585,gene,BayesPrism,0.466060404070666
GSE159585,gene,BayesPrism,0.562522742094238
GSE159585,gene,BayesPrism,0.833926937170755
GSE159585,gene,BayesPrism,0.504180597079938
GSE159585,gene,BayesPrism,0.490910001526014
GSE159585,gene,BayesPrism,0.83918746403034
GSE159585,gene,BayesPrism,0.664341216083845
GSE159585,gene,BayesPrism,-0.00568704809770735
GSE159585,gene,BayesPrism,0.285708488544419
GSE159585,gene,BayesPrism,0.527749888271139
GSE159585,gene,BayesPrism,0.908144979321561
GSE159585,gene,BayesPrism,0.0716087974155812
GSE159585,gene,BayesPrism,0.650393789043016
GSE159585,gene,BayesPrism,0.594245667872541
GSE159585,gene,BayesPrism,0.780035724322276
GSE159585,gene,BayesPrism,0.754430173268244
GSE159585,gene,BayesPrism,0.428018359585394
GSE159585,gene,BayesPrism,0.777665487045481
GSE159585,gene,BayesPrism,0.725485146343515
GSE159585,gene,BayesPrism,-0.0298943287307477
GSE159585,gene,BayesPrism,0.77724297755885
GSE159585,gene,BayesPrism,0.73852069291488
GSE159585,gene,BayesPrism,-0.0786337309664719
GSE159585,gene,BayesPrism,0.475875146513763
GSE159585,gene,BayesPrism,0.769029437975407
GSE159585,gene,BayesPrism,0.270932048376726
GSE159585,gene,BayesPrism,0.727191998814329
GSE159585,gene,BayesPrism,0.152219154346012
GSE159585,gene,BayesPrism,0.307638320892573
GSE159585,gene,BayesPrism,0.577405126863243
GSE159585,gene,BayesPrism,0.183153101490513
GSE159585,gene,BayesPrism,-0.0582428287420629
GSE159585,gene,BayesPrism,0.681535676784516
GSE159585,gene,BayesPrism,0.133045410520396
GSE159585,gene,BayesPrism,0.946074857279974
GSE159585,gene,BayesPrism,0.816995199597972
GSE159585,gene,BayesPrism,0.794962829367883
GSE159585,gene,BayesPrism,0.703488056586979
GSE159585,gene,BayesPrism,0.378373587187663
GSE159585,gene,BayesPrism,-0.0368124335057714
GSE159585,gene,BayesPrism,0.680036587024282
GSE159585,gene,BayesPrism,0.445024824476779
GSE159585,gene,BayesPrism,0.609399687075092
GSE159585,gene,BayesPrism,0.886809574052369
GSE159585,gene,BayesPrism,0.797642193094561
GSE159585,gene,BayesPrism,0.505070521302899
GSE159585,gene,BayesPrism,0.538299995434814
GSE159585,gene,BayesPrism,0.793261558109749
GSE159585,gene,BayesPrism,0.830726975099059
GSE159585,gene,BayesPrism,0.885545730134393
GSE159585,gene,BayesPrism,0.155596001331031
GSE159585,gene,BayesPrism,0.549541364336156
GSE159585,gene,BayesPrism,0.781293543831695
GSE159585,gene,BayesPrism,0.526716386086487
GSE159585,gene,BayesPrism,0.125793639747328
GSE159585,gene,BayesPrism,0.562050312861287
GSE159585,gene,BayesPrism,0.557020758535504
GSE159585,gene,BayesPrism,0.769222685860747
GSE159585,gene,BayesPrism,0.620085981297268
GSE159585,gene,BayesPrism,0.275282296657947
GSE159585,gene,BayesPrism,0.720107163421588
GSE159585,gene,BayesPrism,0.074253826974563
GSE159585,gene,BayesPrism,0.6436199608478
GSE159585,gene,BayesPrism,0.612539482432154
GSE159585,gene,BayesPrism,-0.130037426860591
GSE159585,gene,BayesPrism,0.437173942278051
GSE159585,gene,BayesPrism,0.783587274918272
GSE159585,gene,BayesPrism,0.770093983178525
GSE159585,gene,BayesPrism,0.76616513496221
GSE159585,gene,BayesPrism,0.985399128250793
GSE159585,gene,BayesPrism,0.951539962632298
GSE159585,gene,BayesPrism,0.754863163440269
GSE159585,gene,BayesPrism,0.186196036812331
GSE159585,gene,BayesPrism,0.553360770775272
GSE159585,gene,CIBERSORTx,-0.472637278666154
GSE159585,gene,CIBERSORTx,0.0582333840317758
GSE159585,gene,CIBERSORTx,0.0906139778620692
GSE159585,gene,CIBERSORTx,0.463748278044354
GSE159585,gene,CIBERSORTx,0.0956619229702765
GSE159585,gene,CIBERSORTx,0.0537755818839573
GSE159585,gene,CIBERSORTx,-0.750643010440984
GSE159585,gene,CIBERSORTx,0.56379199490708
GSE159585,gene,CIBERSORTx,-0.0978008792030128
GSE159585,gene,CIBERSORTx,0.11275025360223
GSE159585,gene,CIBERSORTx,0.297154553652858
GSE159585,gene,CIBERSORTx,0.632879253811473
GSE159585,gene,CIBERSORTx,0.110027331026685
GSE159585,gene,CIBERSORTx,0.580659836785618
GSE159585,gene,CIBERSORTx,0.242569920405872
GSE159585,gene,CIBERSORTx,-0.5384798084866
GSE159585,gene,CIBERSORTx,0.46379244137283
GSE159585,gene,CIBERSORTx,0.406747820971896
GSE159585,gene,CIBERSORTx,0.285621236065448
GSE159585,gene,CIBERSORTx,0.514605502483281
GSE159585,gene,CIBERSORTx,-0.505679282354318
GSE159585,gene,CIBERSORTx,0.0101731041441659
GSE159585,gene,CIBERSORTx,0.0228996062894253
GSE159585,gene,CIBERSORTx,0.0838561884092536
GSE159585,gene,CIBERSORTx,0.0842742300502162
GSE159585,gene,CIBERSORTx,0.755684571184144
GSE159585,gene,CIBERSORTx,-0.155581201175173
GSE159585,gene,CIBERSORTx,-0.0156342858935924
GSE159585,gene,CIBERSORTx,0.0570235928110051
GSE159585,gene,CIBERSORTx,0.55230842348863
GSE159585,gene,CIBERSORTx,0.432691548566806
GSE159585,gene,CIBERSORTx,0.379194788908552
GSE159585,gene,CIBERSORTx,0.427020603699128
GSE159585,gene,CIBERSORTx,0.350176989888868
GSE159585,gene,CIBERSORTx,-0.150199686938849
GSE159585,gene,CIBERSORTx,-0.304149590025062
GSE159585,gene,CIBERSORTx,-0.266462560568509
GSE159585,gene,CIBERSORTx,0.427497856194512
GSE159585,gene,CIBERSORTx,0.402091698567683
GSE159585,gene,CIBERSORTx,0.274162108719227
GSE159585,gene,CIBERSORTx,-0.136783945315898
GSE159585,gene,CIBERSORTx,0.572705469977604
GSE159585,gene,CIBERSORTx,0.684041258744182
GSE159585,gene,CIBERSORTx,-0.351819838900619
GSE159585,gene,CIBERSORTx,-0.293942307583012
GSE159585,gene,CIBERSORTx,0.243381817403295
GSE159585,gene,CIBERSORTx,0.838209454540073
GSE159585,gene,CIBERSORTx,-0.021096291775356
GSE159585,gene,CIBERSORTx,0.373685343506895
GSE159585,gene,CIBERSORTx,-0.375560858772941
GSE159585,gene,CIBERSORTx,0.283142316157299
GSE159585,gene,CIBERSORTx,0.00719069340113152
GSE159585,gene,CIBERSORTx,0.555538629432147
GSE159585,gene,CIBERSORTx,0.180758850262084
GSE159585,gene,CIBERSORTx,-0.0463062011964716
GSE159585,gene,CIBERSORTx,-0.0286147540295419
GSE159585,gene,CIBERSORTx,0.553373546500016
GSE159585,gene,CIBERSORTx,-0.439579626295401
GSE159585,gene,CIBERSORTx,0.721278449443373
GSE159585,gene,CIBERSORTx,-0.419155089277235
GSE159585,gene,CIBERSORTx,0.214219160920548
GSE159585,gene,CIBERSORTx,0.0871210950257121
GSE159585,gene,CIBERSORTx,0.519803950201
GSE159585,gene,CIBERSORTx,0.221555231122334
GSE159585,gene,CIBERSORTx,0.68999150515345
GSE159585,gene,CIBERSORTx,0.540254224501563
GSE159585,gene,CIBERSORTx,-0.603868211203373
GSE159585,gene,CIBERSORTx,-0.253885610994827
GSE159585,gene,CIBERSORTx,-0.200815049563958
GSE159585,gene,CIBERSORTx,0.149679204460672
GSE159585,gene,CIBERSORTx,-0.38844956243266
GSE159585,gene,CIBERSORTx,0.319533086051565
GSE159585,gene,CIBERSORTx,0.761665240948032
GSE159585,gene,CIBERSORTx,-0.365162015252673
GSE159585,gene,CIBERSORTx,-0.256190566338297
GSE159585,gene,CIBERSORTx,-0.718412535715921
GSE159585,gene,CIBERSORTx,0.00926154202330692
GSE159585,gene,CIBERSORTx,-0.140151744560389
GSE159585,gene,CIBERSORTx,-0.235197318388725
GSE159585,gene,CIBERSORTx,-0.102998048623831
GSE159585,gene,CIBERSORTx,-0.405213978963066
GSE159585,gene,CIBERSORTx,0.150823376442317
GSE159585,gene,CIBERSORTx,0.272703083417337
GSE159585,gene,CIBERSORTx,0.505195863629075
GSE159585,gene,CIBERSORTx,-0.328672824330027
GSE159585,gene,CIBERSORTx,0.220066905006115
GSE159585,gene,CIBERSORTx,-0.411315374330474
GSE159585,gene,CIBERSORTx,0.821850159695531
GSE159585,gene,CIBERSORTx,0.495370232174758
GSE159585,gene,CIBERSORTx,0.175495248334689
GSE159585,gene,CIBERSORTx,0.183539075764352
GSE159585,gene,CIBERSORTx,0.828688311331689
GSE159585,gene,CIBERSORTx,0.815206063300158
GSE159585,gene,CIBERSORTx,0.138427059888272
GSE159585,gene,CIBERSORTx,-0.476719348071009
GSE159585,gene,CIBERSORTx,0.462943226741851
GSE159585,gene,CIBERSORTx,-0.0243387788280796
GSE159585,gene,CIBERSORTx,0.498084019575981
GSE159585,gene,CIBERSORTx,0.154705684369611
GSE159585,gene,CIBERSORTx,-0.258609422421809
GSE159585,gene,CIBERSORTx,0.587943130180813
GSE159585,gene,CIBERSORTx,0.197316489344724
GSE159585,gene,CIBERSORTx,0.382407780772049
GSE159585,gene,CIBERSORTx,0.393076936600138
GSE159585,gene,CIBERSORTx,0.356462227155967
GSE159585,gene,CIBERSORTx,-0.632895879176923
GSE159585,gene,CIBERSORTx,0.32474881114272
GSE159585,gene,CIBERSORTx,-0.206072763929433
GSE159585,gene,CIBERSORTx,-0.141038302026488
GSE159585,gene,CIBERSORTx,-0.152667392337917
GSE159585,gene,CIBERSORTx,-0.39466959786772
GSE159585,gene,CIBERSORTx,0.163228115932114
GSE159585,gene,CIBERSORTx,0.150705966564558
GSE159585,gene,CIBERSORTx,0.0948599409853743
GSE159585,gene,CIBERSORTx,-0.00267600368942771
GSE159585,gene,CIBERSORTx,-0.297290139545168
GSE159585,gene,CIBERSORTx,0.357051223536226
GSE159585,gene,CIBERSORTx,0.487195157565158
GSE159585,gene,CIBERSORTx,-0.0982506613679258
GSE159585,gene,CIBERSORTx,-0.473392651058497
GSE159585,gene,CIBERSORTx,0.875111133946153
GSE159585,gene,CIBERSORTx,-0.595262110729661
GSE159585,gene,CIBERSORTx,0.513824567217189
GSE159585,gene,CIBERSORTx,-0.37655962712665
GSE159585,gene,CIBERSORTx,0.64210184635239
GSE159585,gene,CIBERSORTx,0.0753610739670478
GSE159585,gene,CIBERSORTx,0.284612005253474
GSE159585,gene,CIBERSORTx,-0.161585770978582
GSE159585,gene,CIBERSORTx,0.622943901450292
GSE159585,gene,CIBERSORTx,0.5196362592224
GSE159585,gene,CIBERSORTx,-0.439478072428962
GSE159585,gene,CIBERSORTx,-0.0202967218488108
GSE159585,gene,CIBERSORTx,0.709220336484484
GSE159585,gene,CIBERSORTx,0.601176476200907
GSE159585,gene,CIBERSORTx,0.449397627527724
GSE159585,gene,CIBERSORTx,-0.121345621350626
GSE159585,gene,CIBERSORTx,-0.404745287036471
GSE159585,gene,CIBERSORTx,-0.257995570959995
GSE159585,gene,CIBERSORTx,0.195870201737138
GSE159585,gene,CIBERSORTx,0.16393019633684
GSE159585,gene,CIBERSORTx,0.682490566710851
GSE159585,gene,CIBERSORTx,-0.249448328748203
GSE159585,gene,CIBERSORTx,-0.0886766293214766
GSE159585,gene,CIBERSORTx,0.378358516418187
GSE159585,gene,CIBERSORTx,0.150419658151515
GSE159585,gene,CIBERSORTx,0.569411830325966
GSE159585,gene,CIBERSORTx,-0.124576570721069
GSE159585,gene,CIBERSORTx,0.516966771457465
GSE159585,gene,CIBERSORTx,-0.63284943746815
GSE159585,gene,CIBERSORTx,-0.364129033450591
GSE159585,gene,CIBERSORTx,0.523500954295516
GSE159585,gene,CIBERSORTx,-0.483525651090262
GSE159585,gene,CIBERSORTx,0.152438463795021
GSE159585,gene,CIBERSORTx,0.196932868216651
GSE159585,gene,CIBERSORTx,0.221089001282244
GSE159585,gene,CIBERSORTx,0.219615250063941
GSE159585,gene,CIBERSORTx,0.798872233485542
GSE159585,gene,CIBERSORTx,-0.214831032538429
GSE159585,gene,CIBERSORTx,0.260158372609732
GSE159585,gene,CIBERSORTx,0.225600988239413
GSE159585,gene,CIBERSORTx,-0.09118843100312
GSE159585,gene,CIBERSORTx,0.53596339239777
GSE159585,gene,CIBERSORTx,0.339223220301645
GSE159585,gene,CIBERSORTx,0.408734983176898
GSE159585,gene,CIBERSORTx,0.630095496557054
GSE159585,gene,CIBERSORTx,0.2761628289412
GSE159585,gene,CIBERSORTx,0.564326316670901
GSE159585,gene,CIBERSORTx,-0.323087250645544
GSE159585,gene,CIBERSORTx,0.519337199100023
GSE159585,gene,CIBERSORTx,0.162448217600596
GSE159585,gene,CIBERSORTx,0.381605789671899
GSE159585,gene,CIBERSORTx,0.331019250562968
GSE159585,gene,CIBERSORTx,-0.101078372458107
GSE159585,gene,CIBERSORTx,-0.285235289605718
GSE159585,gene,CIBERSORTx,0.0644100173987164
GSE159585,gene,CIBERSORTx,-0.0887432968946946
GSE159585,gene,CIBERSORTx,-0.352750607339861
GSE159585,gene,CIBERSORTx,0.426476412418251
GSE159585,gene,CIBERSORTx,-0.353050120072433
GSE159585,gene,CIBERSORTx,-0.28967657408999
GSE159585,gene,CIBERSORTx,0.338099416341574
GSE159585,gene,CIBERSORTx,0.162871959085335
GSE159585,gene,CIBERSORTx,0.623180259543305
GSE159585,gene,CIBERSORTx,-0.309112281558828
GSE159585,gene,CIBERSORTx,-0.096407281499052
GSE159585,gene,CIBERSORTx,0.653058773199987
GSE159585,gene,CIBERSORTx,0.202031357086442
GSE159585,gene,CIBERSORTx,0.851569251770277
GSE159585,gene,CIBERSORTx,0.425555262782328
GSE159585,gene,CIBERSORTx,0.24526402920588
GSE159585,gene,CIBERSORTx,-0.0839953276435379
GSE159585,gene,CIBERSORTx,0.523424045928039
GSE159585,gene,CIBERSORTx,0.297671145117033
GSE159585,gene,CIBERSORTx,0.214617928285789
GSE159585,gene,CIBERSORTx,0.275371432686199
GSE159585,gene,CIBERSORTx,0.601747993021939
GSE159585,gene,CIBERSORTx,0.278650591239717
GSE159585,gene,CIBERSORTx,0.336440422436258
GSE159585,gene,CIBERSORTx,0.509470286298359
GSE159585,gene,CIBERSORTx,-0.364074611325364
GSE159585,gene,CIBERSORTx,0.517697623687507
GSE159585,gene,CIBERSORTx,-0.0888957658548681
GSE159585,gene,CIBERSORTx,0.668108362497098
GSE159585,gene,CIBERSORTx,-0.350833901212303
GSE159585,gene,CIBERSORTx,0.315652432669437
GSE159585,gene,CIBERSORTx,0.357343102260438
GSE159585,gene,CIBERSORTx,0.431369679051112
GSE159585,gene,CIBERSORTx,0.497721689965854
GSE159585,gene,CIBERSORTx,0.399775670277769
GSE159585,gene,CIBERSORTx,0.803407614208861
GSE159585,gene,CIBERSORTx,0.0291027991061469
GSE159585,gene,CIBERSORTx,0.329118332604465
GSE159585,gene,CIBERSORTx,0.332717907129118
GSE159585,gene,CIBERSORTx,-0.45419114324079
GSE159585,gene,CIBERSORTx,0.60565068069124
GSE159585,gene,CIBERSORTx,-0.570033015311313
GSE159585,gene,CIBERSORTx,0.0381025983765025
GSE159585,gene,CIBERSORTx,-0.430500930808851
GSE159585,gene,CIBERSORTx,-0.138980734179232
GSE159585,gene,CIBERSORTx,-0.273307349999954
GSE159585,gene,CIBERSORTx,0.31767626368256
GSE159585,gene,CIBERSORTx,0.364043706422292
GSE159585,gene,CIBERSORTx,0.311257089287162
GSE159585,gene,CIBERSORTx,0.585230106540969
GSE159585,gene,CIBERSORTx,-0.716635509670171
GSE159585,gene,CIBERSORTx,-0.308388199080567
GSE159585,gene,CIBERSORTx,-0.190983646129799
GSE159585,gene,CIBERSORTx,0.0561735313568045
GSE159585,gene,CIBERSORTx,-0.337698935690087
GSE159585,gene,CIBERSORTx,0.148038632904753
GSE159585,gene,CIBERSORTx,-0.334152845246636
GSE159585,gene,CIBERSORTx,0.438579283497579
GSE159585,gene,CIBERSORTx,0.221230624421629
GSE159585,gene,CIBERSORTx,0.469775011252429
GSE159585,gene,CIBERSORTx,0.5707036466231
GSE159585,gene,CIBERSORTx,0.0537904447405356
GSE159585,gene,CIBERSORTx,-0.0246053314139626
GSE159585,gene,CIBERSORTx,0.381844704570643
GSE159585,gene,CIBERSORTx,0.0149282811875857
GSE159585,gene,CIBERSORTx,-0.120818523827049
GSE159585,gene,CIBERSORTx,0.155323170769092
GSE159585,gene,CIBERSORTx,-0.0423659177373979
GSE159585,gene,CIBERSORTx,-0.60059269213884
GSE159585,gene,CIBERSORTx,0.671800921715832
GSE159585,gene,CIBERSORTx,0.117313461457457
GSE159585,gene,CIBERSORTx,0.53038604062937
GSE159585,gene,CIBERSORTx,0.506757106475532
GSE159585,gene,CIBERSORTx,0.49267308372315
GSE159585,gene,CIBERSORTx,-0.0473059294633265
GSE159585,gene,CIBERSORTx,0.826500882658585
GSE159585,gene,CIBERSORTx,0.479294617073347
GSE159585,gene,CIBERSORTx,-0.104268814966384
GSE159585,gene,CIBERSORTx,0.212529270551536
GSE159585,gene,CIBERSORTx,-0.0351123017489136
GSE159585,gene,CIBERSORTx,0.153970141053018
GSE159585,gene,CIBERSORTx,-0.0228481051234778
GSE159585,gene,CIBERSORTx,0.136414442372491
GSE159585,gene,CIBERSORTx,0.338565963442331
GSE159585,gene,CIBERSORTx,-0.38035606284099
GSE159585,gene,CIBERSORTx,0.565874512169552
GSE159585,gene,CIBERSORTx,0.412206700830135
GSE159585,gene,CIBERSORTx,0.184572879152542
GSE159585,gene,CIBERSORTx,0.304581848589175
GSE159585,gene,CIBERSORTx,0.763111672074343
GSE159585,gene,CIBERSORTx,0.309957058846723
GSE159585,gene,CIBERSORTx,0.474815762356545
GSE159585,gene,CIBERSORTx,-0.0632969755588667
GSE159585,gene,CIBERSORTx,0.393897076683681
GSE159585,gene,CIBERSORTx,0.142654496738186
GSE159585,gene,CIBERSORTx,-0.620033040670622
GSE159585,gene,CIBERSORTx,0.350488891453463
GSE159585,gene,DISSECT,0.40614568017258
GSE159585,gene,DISSECT,0.730599307854464
GSE159585,gene,DISSECT,0.611070514538184
GSE159585,gene,DISSECT,0.658092801593041
GSE159585,gene,DISSECT,0.760853636286491
GSE159585,gene,DISSECT,0.770258139813235
GSE159585,gene,DISSECT,0.756661606706375
GSE159585,gene,DISSECT,0.739625120969581
GSE159585,gene,DISSECT,0.766316427677432
GSE159585,gene,DISSECT,0.631364002640014
GSE159585,gene,DISSECT,0.540208161227195
GSE159585,gene,DISSECT,0.813060781009295
GSE159585,gene,DISSECT,0.656640006899247
GSE159585,gene,DISSECT,0.68355173143501
GSE159585,gene,DISSECT,0.473180620011648
GSE159585,gene,DISSECT,0.594355167620989
GSE159585,gene,DISSECT,0.832566430963421
GSE159585,gene,DISSECT,0.348170525987257
GSE159585,gene,DISSECT,0.824475800224782
GSE159585,gene,DISSECT,0.594611887808133
GSE159585,gene,DISSECT,0.598395271298396
GSE159585,gene,DISSECT,0.505173638499616
GSE159585,gene,DISSECT,0.540214386336991
GSE159585,gene,DISSECT,0.774163703303877
GSE159585,gene,DISSECT,0.748726191168704
GSE159585,gene,DISSECT,0.641449148351285
GSE159585,gene,DISSECT,0.471041478142538
GSE159585,gene,DISSECT,0.841170214970044
GSE159585,gene,DISSECT,0.751138667124148
GSE159585,gene,DISSECT,0.791259043214694
GSE159585,gene,DISSECT,0.761983236612395
GSE159585,gene,DISSECT,0.289317722073833
GSE159585,gene,DISSECT,0.701245617665055
GSE159585,gene,DISSECT,0.772535145500823
GSE159585,gene,DISSECT,0.704005142514993
GSE159585,gene,DISSECT,0.634460866521461
GSE159585,gene,DISSECT,0.698096345857201
GSE159585,gene,DISSECT,0.415335550589256
GSE159585,gene,DISSECT,0.850808940772634
GSE159585,gene,DISSECT,0.762274148514921
GSE159585,gene,DISSECT,0.784025882738102
GSE159585,gene,DISSECT,0.618310393586691
GSE159585,gene,DISSECT,0.602180364637827
GSE159585,gene,DISSECT,0.366711435902795
GSE159585,gene,DISSECT,0.890236609936407
GSE159585,gene,DISSECT,0.581452921213497
GSE159585,gene,DISSECT,0.775307188203925
GSE159585,gene,DISSECT,0.750982835568771
GSE159585,gene,DISSECT,0.624109009920006
GSE159585,gene,DISSECT,0.328689935977297
GSE159585,gene,DISSECT,0.863965278657447
GSE159585,gene,DISSECT,0.666586710021898
GSE159585,gene,DISSECT,0.36952398492741
GSE159585,gene,DISSECT,0.710071882345176
GSE159585,gene,DISSECT,0.594099003671643
GSE159585,gene,DISSECT,0.705541736356753
GSE159585,gene,DISSECT,0.617851870848434
GSE159585,gene,DISSECT,0.487626646150132
GSE159585,gene,DISSECT,0.702223806672087
GSE159585,gene,DISSECT,0.575383439330794
GSE159585,gene,DISSECT,0.605812240982521
GSE159585,gene,DISSECT,0.541033545182519
GSE159585,gene,DISSECT,0.76566417030022
GSE159585,gene,DISSECT,0.834621462205769
GSE159585,gene,DISSECT,0.808916142868297
GSE159585,gene,DISSECT,0.761072975068537
GSE159585,gene,DISSECT,0.608128680025362
GSE159585,gene,DISSECT,0.884054031304913
GSE159585,gene,DISSECT,-0.0304876334329746
GSE159585,gene,DISSECT,0.725098789108438
GSE159585,gene,DISSECT,0.730006974540399
GSE159585,gene,DISSECT,0.706961790155078
GSE159585,gene,DISSECT,0.540947105575513
GSE159585,gene,DISSECT,0.772895000201861
GSE159585,gene,DISSECT,0.841474649794944
GSE159585,gene,DISSECT,0.372924526946449
GSE159585,gene,DISSECT,0.748845287071005
GSE159585,gene,DISSECT,0.761903080191295
GSE159585,gene,DISSECT,0.637550655525729
GSE159585,gene,DISSECT,0.653282062324029
GSE159585,gene,DISSECT,0.612381381720504
GSE159585,gene,DISSECT,0.646632713416575
GSE159585,gene,DISSECT,0.749348631856386
GSE159585,gene,DISSECT,0.643552329173583
GSE159585,gene,DISSECT,0.749675068189422
GSE159585,gene,DISSECT,0.737756377016627
GSE159585,gene,DISSECT,0.664025022714641
GSE159585,gene,DISSECT,0.879502999032433
GSE159585,gene,DISSECT,0.892566180777447
GSE159585,gene,DISSECT,0.765953245583429
GSE159585,gene,DISSECT,0.535133073269381
GSE159585,gene,DISSECT,0.526727935912913
GSE159585,gene,DISSECT,0.530376740507404
GSE159585,gene,DISSECT,0.392031254813979
GSE159585,gene,DISSECT,0.79282915908881
GSE159585,gene,DISSECT,0.706960876892658
GSE159585,gene,DISSECT,0.68589741440718
GSE159585,gene,DISSECT,0.628536198370247
GSE159585,gene,DISSECT,0.803143354463136
GSE159585,gene,DISSECT,0.206952085118738
GSE159585,gene,DISSECT,0.526405245230674
GSE159585,gene,DISSECT,0.43709111790487
GSE159585,gene,DISSECT,0.832615888571638
GSE159585,gene,DISSECT,0.728786217717798
GSE159585,gene,DISSECT,0.88614133965964
GSE159585,gene,DISSECT,0.494640506311604
GSE159585,gene,DISSECT,0.713997203030283
GSE159585,gene,DISSECT,0.443894068344874
GSE159585,gene,DISSECT,0.525170876801167
GSE159585,gene,DISSECT,0.554658947695069
GSE159585,gene,DISSECT,0.668812081105257
GSE159585,gene,DISSECT,0.668038187762956
GSE159585,gene,DISSECT,0.735158169218229
GSE159585,gene,DISSECT,0.766074016126223
GSE159585,gene,DISSECT,0.81285526588999
GSE159585,gene,DISSECT,0.650118969070613
GSE159585,gene,DISSECT,0.811177901879052
GSE159585,gene,DISSECT,0.780034194674093
GSE159585,gene,DISSECT,0.757188714399821
GSE159585,gene,DISSECT,0.54237951319688
GSE159585,gene,DISSECT,0.801939786971839
GSE159585,gene,DISSECT,0.520278508467872
GSE159585,gene,DISSECT,0.682616561989696
GSE159585,gene,DISSECT,0.806925304765511
GSE159585,gene,DISSECT,0.681751524174218
GSE159585,gene,DISSECT,0.699156975609564
GSE159585,gene,DISSECT,0.579038782640193
GSE159585,gene,DISSECT,0.675083609953714
GSE159585,gene,DISSECT,0.367417065523388
GSE159585,gene,DISSECT,0.530025338850977
GSE159585,gene,DISSECT,0.176039811162397
GSE159585,gene,DISSECT,0.396171372594889
GSE159585,gene,DISSECT,0.56370338741461
GSE159585,gene,DISSECT,0.405995503554284
GSE159585,gene,DISSECT,0.316360549559365
GSE159585,gene,DISSECT,0.252369440900283
GSE159585,gene,DISSECT,0.65146058274413
GSE159585,gene,DISSECT,0.747236291623935
GSE159585,gene,DISSECT,0.504009526384581
GSE159585,gene,DISSECT,0.826326668310386
GSE159585,gene,DISSECT,0.806491043057166
GSE159585,gene,DISSECT,0.576667946497202
GSE159585,gene,DISSECT,0.702064298699438
GSE159585,gene,DISSECT,0.838280097259672
GSE159585,gene,DISSECT,0.772906714243275
GSE159585,gene,DISSECT,0.722313274021626
GSE159585,gene,DISSECT,0.667487676103059
GSE159585,gene,DISSECT,0.535000370557308
GSE159585,gene,DISSECT,0.610661280479719
GSE159585,gene,DISSECT,0.780822596293987
GSE159585,gene,DISSECT,0.781833226471989
GSE159585,gene,DISSECT,0.0584759715820468
GSE159585,gene,DISSECT,0.739801268411316
GSE159585,gene,DISSECT,0.570610940872966
GSE159585,gene,DISSECT,0.794491835596131
GSE159585,gene,DISSECT,0.750289564627101
GSE159585,gene,DISSECT,0.761312245906762
GSE159585,gene,DISSECT,0.561410535472258
GSE159585,gene,DISSECT,0.621968593128531
GSE159585,gene,DISSECT,0.740428872469122
GSE159585,gene,DISSECT,0.804184164898533
GSE159585,gene,DISSECT,0.555314854379857
GSE159585,gene,DISSECT,0.82420530844005
GSE159585,gene,DISSECT,0.589293215313803
GSE159585,gene,DISSECT,0.54363389232493
GSE159585,gene,DISSECT,0.691481615202832
GSE159585,gene,DISSECT,0.748763456998968
GSE159585,gene,DISSECT,0.825850183859789
GSE159585,gene,DISSECT,0.797270476102797
GSE159585,gene,DISSECT,0.681297732967904
GSE159585,gene,DISSECT,0.903299697483437
GSE159585,gene,DISSECT,0.745090789415502
GSE159585,gene,DISSECT,0.628233084737041
GSE159585,gene,DISSECT,0.264829952764921
GSE159585,gene,DISSECT,0.838012321558136
GSE159585,gene,DISSECT,0.515842917359167
GSE159585,gene,DISSECT,0.601919207047926
GSE159585,gene,DISSECT,0.671077483961306
GSE159585,gene,DISSECT,0.321716396020533
GSE159585,gene,DISSECT,0.839585042670053
GSE159585,gene,DISSECT,0.426397973332638
GSE159585,gene,DISSECT,0.769460656989571
GSE159585,gene,DISSECT,0.680672291471469
GSE159585,gene,DISSECT,0.787248845400514
GSE159585,gene,DISSECT,0.737638263088439
GSE159585,gene,DISSECT,0.627319273120391
GSE159585,gene,DISSECT,0.829154160048889
GSE159585,gene,DISSECT,0.688659213712198
GSE159585,gene,DISSECT,0.688163404880399
GSE159585,gene,DISSECT,0.783859204056058
GSE159585,gene,DISSECT,0.74485876414988
GSE159585,gene,DISSECT,0.687287558683679
GSE159585,gene,DISSECT,0.605861931075109
GSE159585,gene,DISSECT,0.768517627288116
GSE159585,gene,DISSECT,0.536354561929674
GSE159585,gene,DISSECT,0.871805969076838
GSE159585,gene,DISSECT,0.715857476688616
GSE159585,gene,DISSECT,0.787033379918178
GSE159585,gene,DISSECT,0.565952446204525
GSE159585,gene,DISSECT,0.749491686947772
GSE159585,gene,DISSECT,0.506998475333367
GSE159585,gene,DISSECT,0.654352651958415
GSE159585,gene,DISSECT,0.798073468739657
GSE159585,gene,DISSECT,0.799908495413267
GSE159585,gene,DISSECT,0.636685977614961
GSE159585,gene,DISSECT,0.499418125854596
GSE159585,gene,DISSECT,0.631262673215805
GSE159585,gene,DISSECT,0.738671339743076
GSE159585,gene,DISSECT,0.607755900172525
GSE159585,gene,DISSECT,0.736460618843955
GSE159585,gene,DISSECT,0.807205258783733
GSE159585,gene,DISSECT,0.86578808466331
GSE159585,gene,DISSECT,0.649698374482245
GSE159585,gene,DISSECT,0.458063042177001
GSE159585,gene,DISSECT,0.873400945996407
GSE159585,gene,DISSECT,0.70533706029353
GSE159585,gene,DISSECT,0.302211017727551
GSE159585,gene,DISSECT,0.0498920958407159
GSE159585,gene,DISSECT,0.751868424862076
GSE159585,gene,DISSECT,0.0441256074795973
GSE159585,gene,DISSECT,0.810906139810096
GSE159585,gene,DISSECT,0.710833401038432
GSE159585,gene,DISSECT,0.461214034479563
GSE159585,gene,DISSECT,0.83504612080086
GSE159585,gene,DISSECT,0.65072446355349
GSE159585,gene,DISSECT,0.675798467946504
GSE159585,gene,DISSECT,0.637498904553582
GSE159585,gene,DISSECT,0.718973997787764
GSE159585,gene,DISSECT,0.538762602601367
GSE159585,gene,DISSECT,0.75541670146194
GSE159585,gene,DISSECT,0.597699326403007
GSE159585,gene,DISSECT,0.907386434892013
GSE159585,gene,DISSECT,0.798717605758553
GSE159585,gene,DISSECT,0.829250263107641
GSE159585,gene,DISSECT,0.866835339303351
GSE159585,gene,DISSECT,0.600265959145997
GSE159585,gene,DISSECT,0.678220167665556
GSE159585,gene,DISSECT,0.740511868198786
GSE159585,gene,DISSECT,0.513442134805228
GSE159585,gene,DISSECT,0.744266020768562
GSE159585,gene,DISSECT,0.755083282477403
GSE159585,gene,DISSECT,0.606682328727833
GSE159585,gene,DISSECT,0.765093332577814
GSE159585,gene,DISSECT,0.76967052939521
GSE159585,gene,DISSECT,0.803605704022494
GSE159585,gene,DISSECT,0.689165973650226
GSE159585,gene,DISSECT,0.919494507618773
GSE159585,gene,DISSECT,0.72336632467685
GSE159585,gene,DISSECT,0.747129714742924
GSE159585,gene,DISSECT,0.762974993608361
GSE159585,gene,DISSECT,0.854644294457846
GSE159585,gene,DISSECT,0.619786723030616
GSE159585,gene,DISSECT,0.687191333026989
GSE159585,gene,DISSECT,0.786181892354887
GSE159585,gene,DISSECT,0.604426504500681
GSE159585,gene,DISSECT,0.47751067083927
GSE159585,gene,DISSECT,0.693997203270117
GSE159585,gene,DISSECT,0.734495810150754
GSE159585,gene,DISSECT,0.49611236573813
GSE159585,gene,DISSECT,0.817578363196931
GSE159585,gene,DISSECT,0.812529506303213
GSE159585,gene,DISSECT,0.0916912745722143
GSE159585,gene,DISSECT,0.600789551490068
GSE159585,gene,DISSECT,0.641791913249435
GSE159585,gene,DISSECT,0.866632201569465
GSE159585,gene,DISSECT,0.766286826504499
GSE159585,gene,DISSECT,0.814571788603608
GSE159585,gene,DISSECT,0.892419486358176
GSE159585,gene,DISSECT,0.865762590455678
GSE159585,gene,DISSECT,0.516869426457159
GSE159585,gene,DISSECT,0.538459503685957
GSE159585,gene,TAPE,0.143755150490953
GSE159585,gene,TAPE,-0.147024699168338
GSE159585,gene,TAPE,-0.0305531126070283
GSE159585,gene,TAPE,-0.297691394183606
GSE159585,gene,TAPE,-0.244547437326501
GSE159585,gene,TAPE,-0.00632820598834765
GSE159585,gene,TAPE,0.076374764812336
GSE159585,gene,TAPE,-0.150379934750515
GSE159585,gene,TAPE,-0.0369142507905551
GSE159585,gene,TAPE,-0.0172280705586212
GSE159585,gene,TAPE,-0.0284701996357175
GSE159585,gene,TAPE,-0.0100222403063077
GSE159585,gene,TAPE,-0.0905598007557701
GSE159585,gene,TAPE,-0.208552409755115
GSE159585,gene,TAPE,0.0482413059872009
GSE159585,gene,TAPE,0.272247189621885
GSE159585,gene,TAPE,0.0331127730880033
GSE159585,gene,TAPE,-0.223397748614712
GSE159585,gene,TAPE,-0.0929312709740658
GSE159585,gene,TAPE,-0.1939080489809
GSE159585,gene,TAPE,0.134172876410799
GSE159585,gene,TAPE,-0.0293105732297135
GSE159585,gene,TAPE,-0.189796682404366
GSE159585,gene,TAPE,0.139772936255489
GSE159585,gene,TAPE,-0.0415029365049729
GSE159585,gene,TAPE,0.0489742684728105
GSE159585,gene,TAPE,-0.0373140442020578
GSE159585,gene,TAPE,0.0356439381137294
GSE159585,gene,TAPE,0.0322585807535058
GSE159585,gene,TAPE,0.194514852893461
GSE159585,gene,TAPE,-0.00802447394651842
GSE159585,gene,TAPE,0.0876559785713847
GSE159585,gene,TAPE,0.187410877419339
GSE159585,gene,TAPE,0.057771319560735
GSE159585,gene,TAPE,-0.0274316573902518
GSE159585,gene,TAPE,0.0675178414116394
GSE159585,gene,TAPE,-0.151168383411294
GSE159585,gene,TAPE,0.0264271048861782
GSE159585,gene,TAPE,0.0853116372422337
GSE159585,gene,TAPE,0.24091148596987
GSE159585,gene,TAPE,0.0532503334383834
GSE159585,gene,TAPE,-0.0281617728861595
GSE159585,gene,TAPE,0.0968353007588287
GSE159585,gene,TAPE,-0.000255311572095307
GSE159585,gene,TAPE,-0.128197315218149
GSE159585,gene,TAPE,0.160989794502923
GSE159585,gene,TAPE,-0.0730869857606428
GSE159585,gene,TAPE,-0.0188492567520938
GSE159585,gene,TAPE,0.0976990892735446
GSE159585,gene,TAPE,-0.00899397188513866
GSE159585,gene,TAPE,-0.115201215982906
GSE159585,gene,TAPE,0.143756564342491
GSE159585,gene,TAPE,0.0369277839726878
GSE159585,gene,TAPE,0.125748739456206
GSE159585,gene,TAPE,0.0060930876717983
GSE159585,gene,TAPE,0.136215021986411
GSE159585,gene,TAPE,0.0964615101531065
GSE159585,gene,TAPE,0.118198329111641
GSE159585,gene,TAPE,0.0995035610254314
GSE159585,gene,TAPE,0.120623179884034
GSE159585,gene,TAPE,0.0144053138661797
GSE159585,gene,TAPE,-0.241829826750592
GSE159585,gene,TAPE,-0.0356518822473142
GSE159585,gene,TAPE,-0.0351764224957249
GSE159585,gene,TAPE,-0.0640414343346201
GSE159585,gene,TAPE,0.033772450242295
GSE159585,gene,TAPE,0.170725994312508
GSE159585,gene,TAPE,-0.0990332279381641
GSE159585,gene,TAPE,-0.130294265530235
GSE159585,gene,TAPE,0.107426755765384
GSE159585,gene,TAPE,-0.0829340433867371
GSE159585,gene,TAPE,0.147325710220211
GSE159585,gene,TAPE,0.0229044621113638
GSE159585,gene,TAPE,-0.0351520806058871
GSE159585,gene,TAPE,0.0447387843518417
GSE159585,gene,TAPE,0.0808834367751887
GSE159585,gene,TAPE,0.124896532954194
GSE159585,gene,TAPE,0.0593420286105483
GSE159585,gene,TAPE,0.0850747188510151
GSE159585,gene,TAPE,0.0997259698505595
GSE159585,gene,TAPE,0.11681062472956
GSE159585,gene,TAPE,0.0919159259536112
GSE159585,gene,TAPE,0.0961297336683424
GSE159585,gene,TAPE,0.11037308670556
GSE159585,gene,TAPE,-0.0440495091294824
GSE159585,gene,TAPE,0.0177656878699634
GSE159585,gene,TAPE,0.0445785155935079
GSE159585,gene,TAPE,-0.0403974892238433
GSE159585,gene,TAPE,0.156053442438392
GSE159585,gene,TAPE,-0.0322498808916339
GSE159585,gene,TAPE,0.0505529238180702
GSE159585,gene,TAPE,0.0437602254118529
GSE159585,gene,TAPE,0.0954471806211067
GSE159585,gene,TAPE,0.0816341611017219
GSE159585,gene,TAPE,0.0294806247956596
GSE159585,gene,TAPE,-0.000444595898001134
GSE159585,gene,TAPE,-0.063507593725737
GSE159585,gene,TAPE,0.0607112458322409
GSE159585,gene,TAPE,0.117138467695693
GSE159585,gene,TAPE,0.220651619692944
GSE159585,gene,TAPE,0.198802421972262
GSE159585,gene,TAPE,0.00329789711493591
GSE159585,gene,TAPE,-0.00961516269794497
GSE159585,gene,TAPE,0.0682189682046947
GSE159585,gene,TAPE,-0.103261014159006
GSE159585,gene,TAPE,0.0934320689810906
GSE159585,gene,TAPE,-0.0204739849695798
GSE159585,gene,TAPE,0.133596320353953
GSE159585,gene,TAPE,-0.105600187968907
GSE159585,gene,TAPE,-0.0989263779272462
GSE159585,gene,TAPE,0.079159019312014
GSE159585,gene,TAPE,-0.0514171570569483
GSE159585,gene,TAPE,-0.0315879211338836
GSE159585,gene,TAPE,0.0743717469368005
GSE159585,gene,TAPE,-0.0508558467570757
GSE159585,gene,TAPE,0.0273715191776783
GSE159585,gene,TAPE,0.0139000288549447
GSE159585,gene,TAPE,-0.0315594946668326
GSE159585,gene,TAPE,-0.0105494645002523
GSE159585,gene,TAPE,-0.165224116652138
GSE159585,gene,TAPE,0.0171098207755125
GSE159585,gene,TAPE,-0.2072962700068
GSE159585,gene,TAPE,0.0598249634014793
GSE159585,gene,TAPE,-0.24444998063814
GSE159585,gene,TAPE,0.0840532622754849
GSE159585,gene,TAPE,0.0538914192063917
GSE159585,gene,TAPE,0.105381355197233
GSE159585,gene,TAPE,0.00975462695773389
GSE159585,gene,TAPE,-0.147490766563519
GSE159585,gene,TAPE,-0.0417757786607914
GSE159585,gene,TAPE,0.121838520493959
GSE159585,gene,TAPE,-0.123472054458627
GSE159585,gene,TAPE,0.0254031807484504
GSE159585,gene,TAPE,-0.0744820988849779
GSE159585,gene,TAPE,-0.166421383285138
GSE159585,gene,TAPE,0.0790853089682351
GSE159585,gene,TAPE,0.0127410720594347
GSE159585,gene,TAPE,-0.0253600895564577
GSE159585,gene,TAPE,-0.0934331393511744
GSE159585,gene,TAPE,-0.0631408143286562
GSE159585,gene,TAPE,-0.0238725629661739
GSE159585,gene,TAPE,0.0645608579092386
GSE159585,gene,TAPE,-0.318383159545349
GSE159585,gene,TAPE,-0.157683899538698
GSE159585,gene,TAPE,-0.122365284575509
GSE159585,gene,TAPE,-0.0922080246170666
GSE159585,gene,TAPE,0.0184362008548353
GSE159585,gene,TAPE,0.104008299237814
GSE159585,gene,TAPE,-0.102356848915474
GSE159585,gene,TAPE,-0.00930698690594628
GSE159585,gene,TAPE,0.106403103110527
GSE159585,gene,TAPE,-0.147967870280647
GSE159585,gene,TAPE,-0.0406092340276736
GSE159585,gene,TAPE,-0.117811029183241
GSE159585,gene,TAPE,0.0480571703815312
GSE159585,gene,TAPE,-0.00696385311182668
GSE159585,gene,TAPE,0.00505218510806249
GSE159585,gene,TAPE,0.057356236139244
GSE159585,gene,TAPE,0.115828322864741
GSE159585,gene,TAPE,-0.0986364337349451
GSE159585,gene,TAPE,-0.0707121028820778
GSE159585,gene,TAPE,0.0163781448184553
GSE159585,gene,TAPE,0.0151426358428781
GSE159585,gene,TAPE,-0.00719652608737152
GSE159585,gene,TAPE,-0.0383048415757622
GSE159585,gene,TAPE,-0.0250331989861025
GSE159585,gene,TAPE,-0.0652637320134061
GSE159585,gene,TAPE,0.00987571524900892
GSE159585,gene,TAPE,-0.158712811209652
GSE159585,gene,TAPE,-0.278207624396792
GSE159585,gene,TAPE,-0.260862464105411
GSE159585,gene,TAPE,0.0587828129500366
GSE159585,gene,TAPE,0.00803140904078034
GSE159585,gene,TAPE,0.112838476050143
GSE159585,gene,TAPE,0.10497846141999
GSE159585,gene,TAPE,0.0899785861234205
GSE159585,gene,TAPE,-0.112095793601501
GSE159585,gene,TAPE,0.0441284747855128
GSE159585,gene,TAPE,0.0417978610871915
GSE159585,gene,TAPE,-0.0720876360084139
GSE159585,gene,TAPE,-0.129533291039874
GSE159585,gene,TAPE,-0.154704673903468
GSE159585,gene,TAPE,-0.081644038670477
GSE159585,gene,TAPE,0.14898905993875
GSE159585,gene,TAPE,0.100737940339216
GSE159585,gene,TAPE,0.137428640795525
GSE159585,gene,TAPE,0.187467103866769
GSE159585,gene,TAPE,-0.0254430177510492
GSE159585,gene,TAPE,-0.110445313755528
GSE159585,gene,TAPE,-0.0550202297990428
GSE159585,gene,TAPE,-0.0846728953869909
GSE159585,gene,TAPE,0.0297646987699586
GSE159585,gene,TAPE,-0.191662657944135
GSE159585,gene,TAPE,0.0315599190912138
GSE159585,gene,TAPE,-0.110490916212955
GSE159585,gene,TAPE,0.0795163518443884
GSE159585,gene,TAPE,0.0937544765431233
GSE159585,gene,TAPE,0.0799345894524863
GSE159585,gene,TAPE,0.0707916745267242
GSE159585,gene,TAPE,-0.0493179814711664
GSE159585,gene,TAPE,-0.214717745193069
GSE159585,gene,TAPE,0.0812878017893145
GSE159585,gene,TAPE,-0.0919779426779701
GSE159585,gene,TAPE,-0.00367356947684409
GSE159585,gene,TAPE,0.0537705473755322
GSE159585,gene,TAPE,-0.0209787610530335
GSE159585,gene,TAPE,-0.196521772741844
GSE159585,gene,TAPE,0.192468855418874
GSE159585,gene,TAPE,0.0451959294686581
GSE159585,gene,TAPE,0.0366579870786114
GSE159585,gene,TAPE,0.010432281446267
GSE159585,gene,TAPE,0.034444355028563
GSE159585,gene,TAPE,0.0586711234885865
GSE159585,gene,TAPE,-0.00250106865047643
GSE159585,gene,TAPE,-0.0399140473215889
GSE159585,gene,TAPE,-0.204431408043849
GSE159585,gene,TAPE,0.122286179131435
GSE159585,gene,TAPE,0.141522307973695
GSE159585,gene,TAPE,0.0461455712701955
GSE159585,gene,TAPE,-0.0765462330390908
GSE159585,gene,TAPE,0.195598796467348
GSE159585,gene,TAPE,0.0121505286631469
GSE159585,gene,TAPE,-0.0143581847713068
GSE159585,gene,TAPE,0.00791995846341925
GSE159585,gene,TAPE,-0.0524264163868971
GSE159585,gene,TAPE,0.0314138695669735
GSE159585,gene,TAPE,-0.0802301172956781
GSE159585,gene,TAPE,-0.0992163495451944
GSE159585,gene,TAPE,0.10759827823269
GSE159585,gene,TAPE,0.0300284364353025
GSE159585,gene,TAPE,0.029691335254607
GSE159585,gene,TAPE,0.0949867231229962
GSE159585,gene,TAPE,-0.0131504702415454
GSE159585,gene,TAPE,-0.123729944903942
GSE159585,gene,TAPE,-0.0792402849730846
GSE159585,gene,TAPE,-0.0425769206500595
GSE159585,gene,TAPE,0.125139461020039
GSE159585,gene,TAPE,0.121107485786383
GSE159585,gene,TAPE,0.170407520593426
GSE159585,gene,TAPE,-0.13563825746799
GSE159585,gene,TAPE,-0.332555791858162
GSE159585,gene,TAPE,-0.126983581223112
GSE159585,gene,TAPE,0.053667387904648
GSE159585,gene,TAPE,0.0749044710680577
GSE159585,gene,TAPE,0.0218716170199728
GSE159585,gene,TAPE,-0.103354117418889
GSE159585,gene,TAPE,0.034269752612685
GSE159585,gene,TAPE,0.10424924983779
GSE159585,gene,TAPE,-0.0393703731798345
GSE159585,gene,TAPE,-0.0866730692631148
GSE159585,gene,TAPE,0.0740875629499167
GSE159585,gene,TAPE,0.199180101673488
GSE159585,gene,TAPE,-0.00620692733037462
GSE159585,gene,TAPE,0.127161003738612
GSE159585,gene,TAPE,-0.0878443440976023
GSE159585,gene,TAPE,-0.0771272495922248
GSE159585,gene,TAPE,-0.150659067568492
GSE159585,gene,TAPE,-0.109664828488
GSE159585,gene,TAPE,0.0404874162411864
GSE159585,gene,TAPE,0.0877944713856805
GSE159585,gene,TAPE,0.00558976508918937
GSE159585,gene,TAPE,0.0261516143852099
GSE159585,gene,TAPE,-0.0221619965137165
GSE159585,gene,TAPE,0.0581674089179113
GSE159585,gene,TAPE,0.122460132552907
GSE159585,gene,TAPE,-0.174301878783926
GSE159585,gene,TAPE,0.141373649105013
GSE159585,gene,TAPE,0.137446331655899
GSE159585,gene,TAPE,0.080626392624046
GSE159585,gene,TAPE,0.0511306776806845
GSE159585,gene,TAPE,-0.0740248813823155
GSE159585,gene,DeconvSC,0.776345159092198
GSE159585,gene,DeconvSC,0.673550724361417
GSE159585,gene,DeconvSC,0.797318022045534
GSE159585,gene,DeconvSC,0.850520790432923
GSE159585,gene,DeconvSC,0.824125405520425
GSE159585,gene,DeconvSC,0.776810488428098
GSE159585,gene,DeconvSC,0.892833650644079
GSE159585,gene,DeconvSC,0.848702776508155
GSE159585,gene,DeconvSC,0.710962781912187
GSE159585,gene,DeconvSC,0.773369788817849
GSE159585,gene,DeconvSC,0.714791860939654
GSE159585,gene,DeconvSC,0.911269268929714
GSE159585,gene,DeconvSC,0.812668573930549
GSE159585,gene,DeconvSC,0.875525399892034
GSE159585,gene,DeconvSC,0.803402159934466
GSE159585,gene,DeconvSC,0.862264591487521
GSE159585,gene,DeconvSC,0.933876879994072
GSE159585,gene,DeconvSC,0.276367901070394
GSE159585,gene,DeconvSC,0.918077640789592
GSE159585,gene,DeconvSC,0.777699728698212
GSE159585,gene,DeconvSC,0.954975228118215
GSE159585,gene,DeconvSC,0.586556291376457
GSE159585,gene,DeconvSC,0.476786355810637
GSE159585,gene,DeconvSC,0.874685938286709
GSE159585,gene,DeconvSC,0.911493883257704
GSE159585,gene,DeconvSC,0.9591631714336
GSE159585,gene,DeconvSC,0.743002609456341
GSE159585,gene,DeconvSC,0.954475671159208
GSE159585,gene,DeconvSC,0.743810934015014
GSE159585,gene,DeconvSC,0.717924437051729
GSE159585,gene,DeconvSC,0.894822877013127
GSE159585,gene,DeconvSC,0.457842206132186
GSE159585,gene,DeconvSC,0.776828023744266
GSE159585,gene,DeconvSC,0.803903148238511
GSE159585,gene,DeconvSC,0.908592798217271
GSE159585,gene,DeconvSC,0.69287044724066
GSE159585,gene,DeconvSC,0.349155216756367
GSE159585,gene,DeconvSC,0.770133036760344
GSE159585,gene,DeconvSC,0.941287368508854
GSE159585,gene,DeconvSC,0.90792957105787
GSE159585,gene,DeconvSC,0.948810094766009
GSE159585,gene,DeconvSC,0.742651722392906
GSE159585,gene,DeconvSC,0.751933562609032
GSE159585,gene,DeconvSC,0.532377214510817
GSE159585,gene,DeconvSC,0.920915974835285
GSE159585,gene,DeconvSC,0.632648330792854
GSE159585,gene,DeconvSC,0.900923663754367
GSE159585,gene,DeconvSC,0.883456788820888
GSE159585,gene,DeconvSC,0.708114340381801
GSE159585,gene,DeconvSC,0.510310711266389
GSE159585,gene,DeconvSC,0.89598799136817
GSE159585,gene,DeconvSC,0.78530686473427
GSE159585,gene,DeconvSC,0.60991878859475
GSE159585,gene,DeconvSC,0.982059798350419
GSE159585,gene,DeconvSC,0.935338824989847
GSE159585,gene,DeconvSC,0.91957736640051
GSE159585,gene,DeconvSC,0.857740955338512
GSE159585,gene,DeconvSC,0.63502479945159
GSE159585,gene,DeconvSC,0.781889698229795
GSE159585,gene,DeconvSC,0.802018132498449
GSE159585,gene,DeconvSC,0.695341587365894
GSE159585,gene,DeconvSC,0.855061003665374
GSE159585,gene,DeconvSC,0.874686971616873
GSE159585,gene,DeconvSC,0.92834742239831
GSE159585,gene,DeconvSC,0.831943381533016
GSE159585,gene,DeconvSC,0.929969331787144
GSE159585,gene,DeconvSC,0.913064532256396
GSE159585,gene,DeconvSC,0.993382167334553
GSE159585,gene,DeconvSC,-0.134362496319178
GSE159585,gene,DeconvSC,0.86055090332852
GSE159585,gene,DeconvSC,0.780489328703188
GSE159585,gene,DeconvSC,0.967874321142659
GSE159585,gene,DeconvSC,0.802747654220439
GSE159585,gene,DeconvSC,0.86057810511537
GSE159585,gene,DeconvSC,0.928038541427572
GSE159585,gene,DeconvSC,0.666610817865019
GSE159585,gene,DeconvSC,0.963444785593912
GSE159585,gene,DeconvSC,0.976221925749179
GSE159585,gene,DeconvSC,0.961751171643609
GSE159585,gene,DeconvSC,0.973624538696492
GSE159585,gene,DeconvSC,0.92843390146641
GSE159585,gene,DeconvSC,0.947137875991316
GSE159585,gene,DeconvSC,0.974341867889492
GSE159585,gene,DeconvSC,0.853218442010326
GSE159585,gene,DeconvSC,0.897896675598425
GSE159585,gene,DeconvSC,0.946140536564673
GSE159585,gene,DeconvSC,0.960966579046409
GSE159585,gene,DeconvSC,0.856377510507892
GSE159585,gene,DeconvSC,0.897777069245062
GSE159585,gene,DeconvSC,0.817478044041259
GSE159585,gene,DeconvSC,0.762153516992763
GSE159585,gene,DeconvSC,0.635382042949262
GSE159585,gene,DeconvSC,0.513091984606565
GSE159585,gene,DeconvSC,0.407608360688121
GSE159585,gene,DeconvSC,0.986041337524053
GSE159585,gene,DeconvSC,0.758435137027193
GSE159585,gene,DeconvSC,0.864378524513134
GSE159585,gene,DeconvSC,0.934039348899569
GSE159585,gene,DeconvSC,0.953351378101201
GSE159585,gene,DeconvSC,0.425527896536755
GSE159585,gene,DeconvSC,0.550742978115452
GSE159585,gene,DeconvSC,0.643694204333571
GSE159585,gene,DeconvSC,0.909703033901444
GSE159585,gene,DeconvSC,0.873702328118237
GSE159585,gene,DeconvSC,0.973560620564643
GSE159585,gene,DeconvSC,0.628847273919864
GSE159585,gene,DeconvSC,0.762256798135922
GSE159585,gene,DeconvSC,0.65964660754546
GSE159585,gene,DeconvSC,0.478565595343541
GSE159585,gene,DeconvSC,0.475137205014404
GSE159585,gene,DeconvSC,0.615443455220199
GSE159585,gene,DeconvSC,0.732675922245354
GSE159585,gene,DeconvSC,0.829944084184715
GSE159585,gene,DeconvSC,0.863755945190774
GSE159585,gene,DeconvSC,0.851872398000212
GSE159585,gene,DeconvSC,0.770999016835857
GSE159585,gene,DeconvSC,0.914640361068586
GSE159585,gene,DeconvSC,0.904172028096446
GSE159585,gene,DeconvSC,0.838077673979207
GSE159585,gene,DeconvSC,0.742483977505625
GSE159585,gene,DeconvSC,0.774803767553433
GSE159585,gene,DeconvSC,0.594605387258273
GSE159585,gene,DeconvSC,0.799613506341879
GSE159585,gene,DeconvSC,0.965141672254838
GSE159585,gene,DeconvSC,0.865427750778155
GSE159585,gene,DeconvSC,0.977470839830483
GSE159585,gene,DeconvSC,0.60772073407269
GSE159585,gene,DeconvSC,0.853047731560972
GSE159585,gene,DeconvSC,0.697385137055048
GSE159585,gene,DeconvSC,0.837196202941378
GSE159585,gene,DeconvSC,0.23788200982912
GSE159585,gene,DeconvSC,0.815234780405758
GSE159585,gene,DeconvSC,0.769720327782169
GSE159585,gene,DeconvSC,0.467161209568757
GSE159585,gene,DeconvSC,0.592266766240127
GSE159585,gene,DeconvSC,0.405382004217174
GSE159585,gene,DeconvSC,0.766248026863695
GSE159585,gene,DeconvSC,0.560810898491762
GSE159585,gene,DeconvSC,0.63605801829589
GSE159585,gene,DeconvSC,0.922962218248958
GSE159585,gene,DeconvSC,0.869278555009704
GSE159585,gene,DeconvSC,0.685601204467617
GSE159585,gene,DeconvSC,0.797019403641301
GSE159585,gene,DeconvSC,0.93047387000659
GSE159585,gene,DeconvSC,0.763967023326538
GSE159585,gene,DeconvSC,0.805751605012322
GSE159585,gene,DeconvSC,0.926322115535088
GSE159585,gene,DeconvSC,0.435545804371173
GSE159585,gene,DeconvSC,0.921541654230037
GSE159585,gene,DeconvSC,0.77274739115036
GSE159585,gene,DeconvSC,0.924539151710511
GSE159585,gene,DeconvSC,0.0708771472470289
GSE159585,gene,DeconvSC,0.921216698102194
GSE159585,gene,DeconvSC,0.304460030530824
GSE159585,gene,DeconvSC,0.947750246745509
GSE159585,gene,DeconvSC,0.89751231600525
GSE159585,gene,DeconvSC,0.866416397630354
GSE159585,gene,DeconvSC,0.638294538964399
GSE159585,gene,DeconvSC,0.966511495107241
GSE159585,gene,DeconvSC,0.813765778471069
GSE159585,gene,DeconvSC,0.944686542694931
GSE159585,gene,DeconvSC,0.556255499423625
GSE159585,gene,DeconvSC,0.93796223210866
GSE159585,gene,DeconvSC,0.668098467234601
GSE159585,gene,DeconvSC,0.800967010057342
GSE159585,gene,DeconvSC,0.851422508215869
GSE159585,gene,DeconvSC,0.938936999543803
GSE159585,gene,DeconvSC,0.919475069757239
GSE159585,gene,DeconvSC,0.921076710996069
GSE159585,gene,DeconvSC,0.898086532448773
GSE159585,gene,DeconvSC,0.981415302339733
GSE159585,gene,DeconvSC,0.915500210925307
GSE159585,gene,DeconvSC,0.790310600608545
GSE159585,gene,DeconvSC,0.280589309186694
GSE159585,gene,DeconvSC,0.88118574565026
GSE159585,gene,DeconvSC,0.900240307658581
GSE159585,gene,DeconvSC,0.672485227354395
GSE159585,gene,DeconvSC,0.776391842703647
GSE159585,gene,DeconvSC,0.102149549219233
GSE159585,gene,DeconvSC,0.700422606048834
GSE159585,gene,DeconvSC,0.813313035896065
GSE159585,gene,DeconvSC,0.976861708635877
GSE159585,gene,DeconvSC,0.841368993997033
GSE159585,gene,DeconvSC,0.747708382376736
GSE159585,gene,DeconvSC,0.888947919426115
GSE159585,gene,DeconvSC,0.786224098925522
GSE159585,gene,DeconvSC,0.962218222474522
GSE159585,gene,DeconvSC,0.754929519078154
GSE159585,gene,DeconvSC,0.807843026471357
GSE159585,gene,DeconvSC,0.839131066231379
GSE159585,gene,DeconvSC,0.858943588601668
GSE159585,gene,DeconvSC,0.647975757715163
GSE159585,gene,DeconvSC,0.5525944110134
GSE159585,gene,DeconvSC,0.925665376217103
GSE159585,gene,DeconvSC,0.635370353902122
GSE159585,gene,DeconvSC,0.912727655080202
GSE159585,gene,DeconvSC,0.921022205140587
GSE159585,gene,DeconvSC,0.785645134425408
GSE159585,gene,DeconvSC,0.501529892492193
GSE159585,gene,DeconvSC,0.953891039285592
GSE159585,gene,DeconvSC,0.886831590899655
GSE159585,gene,DeconvSC,0.713014095940374
GSE159585,gene,DeconvSC,0.865203356420145
GSE159585,gene,DeconvSC,0.831561761022258
GSE159585,gene,DeconvSC,0.86635308300324
GSE159585,gene,DeconvSC,0.453227443635148
GSE159585,gene,DeconvSC,0.86340629382774
GSE159585,gene,DeconvSC,0.891344482968998
GSE159585,gene,DeconvSC,0.539653907923208
GSE159585,gene,DeconvSC,0.899880722161811
GSE159585,gene,DeconvSC,0.79950502959633
GSE159585,gene,DeconvSC,0.909901213772461
GSE159585,gene,DeconvSC,0.955779626022185
GSE159585,gene,DeconvSC,0.817901500310144
GSE159585,gene,DeconvSC,0.938994651416407
GSE159585,gene,DeconvSC,0.915696109257348
GSE159585,gene,DeconvSC,0.491009358922956
GSE159585,gene,DeconvSC,0.230498457364803
GSE159585,gene,DeconvSC,0.893439132345592
GSE159585,gene,DeconvSC,0.0159520944199856
GSE159585,gene,DeconvSC,0.839380847323955
GSE159585,gene,DeconvSC,0.893071484311482
GSE159585,gene,DeconvSC,0.521068637184203
GSE159585,gene,DeconvSC,0.933843692663705
GSE159585,gene,DeconvSC,0.648847151169254
GSE159585,gene,DeconvSC,0.66601392186067
GSE159585,gene,DeconvSC,0.846202791743313
GSE159585,gene,DeconvSC,0.562747667676737
GSE159585,gene,DeconvSC,0.286603220078084
GSE159585,gene,DeconvSC,0.744655531756095
GSE159585,gene,DeconvSC,0.792025304782089
GSE159585,gene,DeconvSC,0.980509793913573
GSE159585,gene,DeconvSC,0.891696237038761
GSE159585,gene,DeconvSC,0.931736159653009
GSE159585,gene,DeconvSC,0.875759630284214
GSE159585,gene,DeconvSC,0.752427226547052
GSE159585,gene,DeconvSC,0.983399633062433
GSE159585,gene,DeconvSC,0.867182061766427
GSE159585,gene,DeconvSC,0.715853124387791
GSE159585,gene,DeconvSC,0.854135612181213
GSE159585,gene,DeconvSC,0.90819561866061
GSE159585,gene,DeconvSC,0.43361038236667
GSE159585,gene,DeconvSC,0.943804511213501
GSE159585,gene,DeconvSC,0.871434345757742
GSE159585,gene,DeconvSC,0.904289493522141
GSE159585,gene,DeconvSC,0.930954741925538
GSE159585,gene,DeconvSC,0.96477030970046
GSE159585,gene,DeconvSC,0.862940146844141
GSE159585,gene,DeconvSC,0.858340465797437
GSE159585,gene,DeconvSC,0.829874869272829
GSE159585,gene,DeconvSC,0.926598961267393
GSE159585,gene,DeconvSC,0.866898345781787
GSE159585,gene,DeconvSC,0.606964434480659
GSE159585,gene,DeconvSC,0.89636700298594
GSE159585,gene,DeconvSC,0.688399292535256
GSE159585,gene,DeconvSC,0.69216060613027
GSE159585,gene,DeconvSC,0.836572697787166
GSE159585,gene,DeconvSC,0.73947447408833
GSE159585,gene,DeconvSC,0.475444628852539
GSE159585,gene,DeconvSC,0.881747690383594
GSE159585,gene,DeconvSC,0.89754230356064
GSE159585,gene,DeconvSC,0.418404060195133
GSE159585,gene,DeconvSC,0.680471687807669
GSE159585,gene,DeconvSC,0.832940263000026
GSE159585,gene,DeconvSC,0.880270350714923
GSE159585,gene,DeconvSC,0.923868078066356
GSE159585,gene,DeconvSC,0.983468998786887
GSE159585,gene,DeconvSC,0.960645194417112
GSE159585,gene,DeconvSC,0.970043001056718
GSE159585,gene,DeconvSC,0.64893379229096
GSE159585,gene,DeconvSC,0.7274317642375
