dataset,axis,method,r
HCA_fold2,profile,BayesPrism,0.921733326560124
HCA_fold2,profile,BayesPrism,0.960305819352899
HCA_fold2,profile,BayesPrism,0.8638711965823673
HCA_fold2,profile,BayesPrism,0.8889264162315987
HCA_fold2,profile,BayesPrism,0.9078167015923084
HCA_fold2,profile,BayesPrism,0.9025525688149938
HCA_fold2,profile,BayesPrism,0.9317146684930778
HCA_fold2,profile,BayesPrism,0.8960597246820797
HCA_fold2,profile,BayesPrism,0.905798592543747
HCA_fold2,profile,BayesPrism,0.8799518974885655
HCA_fold2,profile,BayesPrism,0.9110023820943128
HCA_fold2,profile,BayesPrism,0.9430969563510516
HCA_fold2,profile,BayesPrism,0.9139322441280148
HCA_fold2,profile,BayesPrism,0.9148777257927656
HCA_fold2,profile,BayesPrism,0.9365772804289424
HCA_fold2,profile,BayesPrism,0.8573452502017971
HCA_fold2,profile,BayesPrism,0.8784086500846858
HCA_fold2,profile,BayesPrism,0.7552212726614188
HCA_fold2,profile,BayesPrism,0.7647887139979471
HCA_fold2,profile,BayesPrism,0.8999924770951426
HCA_fold2,profile,DISSECT,0.6369920593028575
HCA_fold2,profile,DISSECT,0.7394603983714308
HCA_fold2,profile,DISSECT,0.639482852747862
HCA_fold2,profile,DISSECT,0.6536122016819933
HCA_fold2,profile,DISSECT,0.6887018445329516
HCA_fold2,profile,DISSECT,0.6022657234812446
HCA_fold2,profile,DISSECT,0.7087396048541929
HCA_fold2,profile,DISSECT,0.6853546933572702
HCA_fold2,profile,DISSECT,0.6400794686803223
HCA_fold2,profile,DISSECT,0.6552032717555485
HCA_fold2,profile,DISSECT,0.6749264534050933
HCA_fold2,profile,DISSECT,0.6732505709576232
HCA_fold2,profile,DISSECT,0.6590761876093044
HCA_fold2,profile,DISSECT,0.7228037792663512
HCA_fold2,profile,DISSECT,0.707093505246087
HCA_fold2,profile,DISSECT,0.6718637693338994
HCA_fold2,profile,DISSECT,0.6132206023882619
HCA_fold2,profile,DISSECT,0.6364911264460839
HCA_fold2,profile,DISSECT,0.5763317035999145
HCA_fold2,profile,DISSECT,0.648267195350677
HCA_fold2,profile,TAPE,0.7503005692677639
HCA_fold2,profile,TAPE,0.6338359559794554
HCA_fold2,profile,TAPE,0.5046253528499803
HCA_fold2,profile,TAPE,0.4853931024957664
HCA_fold2,profile,TAPE,0.6847070066431076
HCA_fold2,profile,TAPE,0.3367901062152461
HCA_fold2,profile,TAPE,-0.0358016698172072
HCA_fold2,profile,TAPE,0.753460499925672
HCA_fold2,profile,TAPE,0.7104861667304575
HCA_fold2,profile,TAPE,0.5347972315709186
HCA_fold2,profile,TAPE,0.5345320770091398
HCA_fold2,profile,TAPE,0.4827657155638633
HCA_fold2,profile,TAPE,0.391777245210662
HCA_fold2,profile,TAPE,0.6807218700893566
HCA_fold2,profile,TAPE,0.6797624916029471
HCA_fold2,profile,TAPE,0.7119843082363018
HCA_fold2,profile,TAPE,0.7086554185235672
HCA_fold2,profile,TAPE,0.5185433271406577
HCA_fold2,profile,TAPE,0.66427218783227
HCA_fold2,profile,DeconvSC,0.9205813832616212
HCA_fold2,profile,DeconvSC,0.9581294387152812
HCA_fold2,profile,DeconvSC,0.8817169931525551
HCA_fold2,profile,DeconvSC,0.9066376784348364
HCA_fold2,profile,DeconvSC,0.9134193856061706
HCA_fold2,profile,DeconvSC,0.930865109990016
HCA_fold2,profile,DeconvSC,0.9316806082521724
HCA_fold2,profile,DeconvSC,0.9273255443930856
HCA_fold2,profile,DeconvSC,0.9387191184523368
HCA_fold2,profile,DeconvSC,0.8845713642127473
HCA_fold2,profile,DeconvSC,0.9204081523050398
HCA_fold2,profile,DeconvSC,0.939519848063532
HCA_fold2,profile,DeconvSC,0.9343236885398588
HCA_fold2,profile,DeconvSC,0.9422365673435352
HCA_fold2,profile,DeconvSC,0.9340781193994055
HCA_fold2,profile,DeconvSC,0.860117513777765
HCA_fold2,profile,DeconvSC,0.8254197133784297
HCA_fold2,profile,DeconvSC,0.8457776978852329
HCA_fold2,profile,DeconvSC,0.8480011370174494
HCA_fold2,profile,DeconvSC,0.9004521178121722
HCA_fold2,gene,BayesPrism,0.8605073628376738
HCA_fold2,gene,BayesPrism,0.831148162925855
HCA_fold2,gene,BayesPrism,0.2375325918901975
HCA_fold2,gene,BayesPrism,0.78362307076704
HCA_fold2,gene,BayesPrism,0.7874735300332868
HCA_fold2,gene,BayesPrism,0.7026107659640539
HCA_fold2,gene,BayesPrism,0.895148148359587
HCA_fold2,gene,BayesPrism,0.805051996264191
HCA_fold2,gene,BayesPrism,0.8614195584604997
HCA_fold2,gene,BayesPrism,0.684376726786742
HCA_fold2,gene,BayesPrism,0.5886595046526577
HCA_fold2,gene,BayesPrism,0.7163652930366604
HCA_fold2,gene,BayesPrism,0.6310668768139114
HCA_fold2,gene,BayesPrism,0.7124306904966056
HCA_fold2,gene,BayesPrism,0.698316944597323
HCA_fold2,gene,BayesPrism,0.8679129009782044
HCA_fold2,gene,BayesPrism,0.8072948841573709
HCA_fold2,gene,BayesPrism,0.6298894999670657
HCA_fold2,gene,BayesPrism,0.7679949546220028
HCA_fold2,gene,BayesPrism,0.790861378154678
HCA_fold2,gene,BayesPrism,0.5035983442139724
HCA_fold2,gene,BayesPrism,0.8599536074649107
HCA_fold2,gene,BayesPrism,0.5435662918141254
HCA_fold2,gene,BayesPrism,0.760819077253105
HCA_fold2,gene,BayesPrism,0.7030199765697209
HCA_fold2,gene,BayesPrism,0.8084062302506214
HCA_fold2,gene,BayesPrism,0.3228996612012537
HCA_fold2,gene,BayesPrism,0.9209922816814629
HCA_fold2,gene,BayesPrism,0.7090110491839515
HCA_fold2,gene,BayesPrism,0.6628004423505127
HCA_fold2,gene,BayesPrism,0.6862190661915936
HCA_fold2,gene,BayesPrism,0.2789912327982878
HCA_fold2,gene,BayesPrism,0.7970661773840161
HCA_fold2,gene,BayesPrism,0.6941432046873159
HCA_fold2,gene,BayesPrism,0.64687855195086
HCA_fold2,gene,BayesPrism,0.667323744173568
HCA_fold2,gene,BayesPrism,0.8346262766331785
HCA_fold2,gene,BayesPrism,0.8354567268139124
HCA_fold2,gene,BayesPrism,0.5960133908125838
HCA_fold2,gene,BayesPrism,0.4445149775641842
HCA_fold2,gene,BayesPrism,0.4998817721016135
HCA_fold2,gene,BayesPrism,0.7552957889215053
HCA_fold2,gene,BayesPrism,0.7857911747537341
HCA_fold2,gene,BayesPrism,0.4759575858217998
HCA_fold2,gene,BayesPrism,0.5503921407278474
HCA_fold2,gene,BayesPrism,0.6359657719931343
HCA_fold2,gene,BayesPrism,0.8325230334652383
HCA_fold2,gene,BayesPrism,0.6617971919968119
HCA_fold2,gene,BayesPrism,0.8533034455441598
HCA_fold2,gene,BayesPrism,0.5124675539797705
HCA_fold2,gene,BayesPrism,0.7142519975501194
HCA_fold2,gene,BayesPrism,0.7064498400414472
HCA_fold2,gene,BayesPrism,0.7581908610557554
HCA_fold2,gene,BayesPrism,0.6761831696232726
HCA_fold2,gene,BayesPrism,0.9271404409292512
HCA_fold2,gene,BayesPrism,0.5071992191116239
HCA_fold2,gene,BayesPrism,0.7389715116734072
HCA_fold2,gene,BayesPrism,0.6613807799005138
HCA_fold2,gene,BayesPrism,0.7668319713803309
HCA_fold2,gene,BayesPrism,0.8546329303587273
HCA_fold2,gene,BayesPrism,0.8472715822456034
HCA_fold2,gene,BayesPrism,0.7450078020927908
HCA_fold2,gene,BayesPrism,0.58413324429774
HCA_fold2,gene,BayesPrism,0.5983026517653582
HCA_fold2,gene,BayesPrism,0.8222053462441246
HCA_fold2,gene,BayesPrism,0.402218177311106
HCA_fold2,gene,BayesPrism,0.8582922377687154
HCA_fold2,gene,BayesPrism,0.5755857682666254
HCA_fold2,gene,BayesPrism,0.7193354322103362
HCA_fold2,gene,BayesPrism,0.8193264375690186
HCA_fold2,gene,BayesPrism,0.434007593080794
HCA_fold2,gene,BayesPrism,0.2808101104039553
HCA_fold2,gene,BayesPrism,0.8714865309077722
HCA_fold2,gene,BayesPrism,0.7358167237240084
HCA_fold2,gene,BayesPrism,0.3465290623352212
HCA_fold2,gene,BayesPrism,0.3945255691650204
HCA_fold2,gene,BayesPrism,0.7879447279226768
HCA_fold2,gene,BayesPrism,0.8695193534929162
HCA_fold2,gene,BayesPrism,0.3062962685150066
HCA_fold2,gene,BayesPrism,0.6739902135771169
HCA_fold2,gene,BayesPrism,0.7302257381868017
HCA_fold2,gene,BayesPrism,0.6768815847466357
HCA_fold2,gene,BayesPrism,0.58743513014555
HCA_fold2,gene,BayesPrism,0.6965367867422966
HCA_fold2,gene,BayesPrism,0.6507305085780835
HCA_fold2,gene,BayesPrism,0.581891774326584
HCA_fold2,gene,BayesPrism,0.3698214910249197
HCA_fold2,gene,BayesPrism,0.7303456987930389
HCA_fold2,gene,BayesPrism,0.8896146640434096
HCA_fold2,gene,BayesPrism,0.7400762291480592
HCA_fold2,gene,BayesPrism,0.9041274153579916
HCA_fold2,gene,BayesPrism,0.7966335418729836
HCA_fold2,gene,BayesPrism,0.8618690327165146
HCA_fold2,gene,BayesPrism,0.1119819132423749
HCA_fold2,gene,BayesPrism,0.8659410991080113
HCA_fold2,gene,BayesPrism,0.4553118440111708
HCA_fold2,gene,BayesPrism,0.5001780196526969
HCA_fold2,gene,BayesPrism,0.8064527114429985
HCA_fold2,gene,BayesPrism,0.8564932602819616
HCA_fold2,gene,BayesPrism,0.851869232636334
HCA_fold2,gene,BayesPrism,0.3290016866529778
HCA_fold2,gene,BayesPrism,0.7290525426604293
HCA_fold2,gene,BayesPrism,0.7856149061033222
HCA_fold2,gene,BayesPrism,0.7517166364430046
HCA_fold2,gene,BayesPrism,0.8042784536358881
HCA_fold2,gene,BayesPrism,0.8454560299086997
HCA_fold2,gene,BayesPrism,0.6722096527247737
HCA_fold2,gene,BayesPrism,0.7184974048774493
HCA_fold2,gene,BayesPrism,0.7877865768840955
HCA_fold2,gene,BayesPrism,0.8225288252499433
HCA_fold2,gene,BayesPrism,0.7041956866291428
HCA_fold2,gene,BayesPrism,0.6617387141425157
HCA_fold2,gene,BayesPrism,0.3152181838375145
HCA_fold2,gene,BayesPrism,0.6338030773758762
HCA_fold2,gene,BayesPrism,0.7922047466281806
HCA_fold2,gene,BayesPrism,0.7783080880425619
HCA_fold2,gene,BayesPrism,0.5164527084485955
HCA_fold2,gene,BayesPrism,0.4281010760695384
HCA_fold2,gene,BayesPrism,0.6185812998165943
HCA_fold2,gene,BayesPrism,0.4876801869920236
HCA_fold2,gene,BayesPrism,0.6573697237194265
HCA_fold2,gene,BayesPrism,0.8355377517264935
HCA_fold2,gene,BayesPrism,0.5548803688259171
HCA_fold2,gene,BayesPrism,0.5787320473487658
HCA_fold2,gene,BayesPrism,0.5080310531382175
HCA_fold2,gene,BayesPrism,0.0196084190030107
HCA_fold2,gene,BayesPrism,0.8301899067207861
HCA_fold2,gene,BayesPrism,0.5272826526801505
HCA_fold2,gene,BayesPrism,0.7987721412330071
HCA_fold2,gene,BayesPrism,0.4328080806088946
HCA_fold2,gene,BayesPrism,0.8521543462218224
HCA_fold2,gene,BayesPrism,0.8822732896233074
HCA_fold2,gene,BayesPrism,0.7134031611171809
HCA_fold2,gene,BayesPrism,0.8410661656990894
HCA_fold2,gene,BayesPrism,0.3874484386028944
HCA_fold2,gene,BayesPrism,0.4501022288696018
HCA_fold2,gene,BayesPrism,0.8754800199373461
HCA_fold2,gene,BayesPrism,0.8142405363375236
HCA_fold2,gene,BayesPrism,0.7109667659453263
HCA_fold2,gene,BayesPrism,0.7102597925358726
HCA_fold2,gene,BayesPrism,0.8219760363168886
HCA_fold2,gene,BayesPrism,0.6863142498359482
HCA_fold2,gene,BayesPrism,0.8676696994895938
HCA_fold2,gene,BayesPrism,0.8945450747157189
HCA_fold2,gene,BayesPrism,0.7765313435845989
HCA_fold2,gene,BayesPrism,0.6187890273095258
HCA_fold2,gene,BayesPrism,0.301886499121258
HCA_fold2,gene,BayesPrism,0.7433404816639448
HCA_fold2,gene,BayesPrism,0.5032049782506283
HCA_fold2,gene,BayesPrism,0.723939192265021
HCA_fold2,gene,BayesPrism,0.8671175334375939
HCA_fold2,gene,BayesPrism,0.7491463641121975
HCA_fold2,gene,BayesPrism,0.6203220534924343
HCA_fold2,gene,BayesPrism,0.6207471784175614
HCA_fold2,gene,BayesPrism,0.6247095495714605
HCA_fold2,gene,BayesPrism,0.7669718892966326
HCA_fold2,gene,BayesPrism,0.7092475683973087
HCA_fold2,gene,BayesPrism,0.9328703120564544
HCA_fold2,gene,BayesPrism,0.8343245691696543
HCA_fold2,gene,BayesPrism,0.9015518041600074
HCA_fold2,gene,BayesPrism,0.1654355392565308
HCA_fold2,gene,BayesPrism,0.7277570116092327
HCA_fold2,gene,BayesPrism,0.844453485243102
HCA_fold2,gene,BayesPrism,0.5228269550494244
HCA_fold2,gene,BayesPrism,0.5945350763911771
HCA_fold2,gene,BayesPrism,0.803292941183803
HCA_fold2,gene,BayesPrism,0.8024688019234874
HCA_fold2,gene,BayesPrism,0.7735865339891486
HCA_fold2,gene,BayesPrism,0.7066512245592984
HCA_fold2,gene,BayesPrism,0.7296014896539426
HCA_fold2,gene,BayesPrism,0.4080436265254709
HCA_fold2,gene,BayesPrism,0.6486136904657027
HCA_fold2,gene,BayesPrism,0.8463390735613345
HCA_fold2,gene,BayesPrism,0.5545887589575209
HCA_fold2,gene,BayesPrism,0.7307642683386386
HCA_fold2,gene,BayesPrism,0.7100408738523607
HCA_fold2,gene,BayesPrism,0.7383804180799002
HCA_fold2,gene,BayesPrism,0.2623991760533702
HCA_fold2,gene,BayesPrism,0.8756441541716886
HCA_fold2,gene,BayesPrism,0.6764749674280173
HCA_fold2,gene,BayesPrism,0.6738358938194122
HCA_fold2,gene,BayesPrism,0.5623682134889563
HCA_fold2,gene,BayesPrism,0.8683296964412781
HCA_fold2,gene,BayesPrism,0.657094684866228
HCA_fold2,gene,BayesPrism,0.4835017371162727
HCA_fold2,gene,BayesPrism,0.6636006257192041
HCA_fold2,gene,BayesPrism,0.7089277573315801
HCA_fold2,gene,BayesPrism,0.5048706110847109
HCA_fold2,gene,BayesPrism,0.6699836753734919
HCA_fold2,gene,BayesPrism,0.8396593360516051
HCA_fold2,gene,BayesPrism,0.386871742204202
HCA_fold2,gene,BayesPrism,0.7710463540419839
HCA_fold2,gene,BayesPrism,0.7974498508461157
HCA_fold2,gene,BayesPrism,0.6557478071380647
HCA_fold2,gene,BayesPrism,0.7234979295995804
HCA_fold2,gene,BayesPrism,0.5271710660823883
HCA_fold2,gene,BayesPrism,0.721504387031183
HCA_fold2,gene,BayesPrism,0.6018121643330926
HCA_fold2,gene,BayesPrism,0.8834488430919392
HCA_fold2,gene,BayesPrism,0.7099981342404158
HCA_fold2,gene,BayesPrism,0.8015428789091164
HCA_fold2,gene,BayesPrism,0.8957015295855245
HCA_fold2,gene,BayesPrism,0.7170778854454902
HCA_fold2,gene,BayesPrism,0.7356047315112881
HCA_fold2,gene,BayesPrism,0.8694344106650985
HCA_fold2,gene,BayesPrism,0.847451961096448
HCA_fold2,gene,BayesPrism,0.6919641521207598
HCA_fold2,gene,BayesPrism,0.6781645774518248
HCA_fold2,gene,BayesPrism,0.808903067570859
HCA_fold2,gene,BayesPrism,0.790599770941276
HCA_fold2,gene,BayesPrism,0.6355596797524882
HCA_fold2,gene,BayesPrism,0.7343508419142687
HCA_fold2,gene,BayesPrism,0.5802986036381104
HCA_fold2,gene,BayesPrism,0.3822833791331207
HCA_fold2,gene,BayesPrism,0.8164615416949921
HCA_fold2,gene,BayesPrism,0.6276242739974274
HCA_fold2,gene,BayesPrism,0.639500990043653
HCA_fold2,gene,BayesPrism,0.755711315011826
HCA_fold2,gene,BayesPrism,0.5589037512117132
HCA_fold2,gene,BayesPrism,0.4990055386844793
HCA_fold2,gene,BayesPrism,0.5156556409275166
HCA_fold2,gene,BayesPrism,0.900084938553547
HCA_fold2,gene,BayesPrism,0.4315027869741822
HCA_fold2,gene,BayesPrism,0.7513802353244681
HCA_fold2,gene,BayesPrism,0.5336832849474887
HCA_fold2,gene,BayesPrism,0.6464324997701877
HCA_fold2,gene,BayesPrism,0.1632038964851304
HCA_fold2,gene,BayesPrism,0.7362648647649948
HCA_fold2,gene,BayesPrism,0.8910575631014797
HCA_fold2,gene,BayesPrism,0.6391521671403823
HCA_fold2,gene,BayesPrism,0.7320431022275544
HCA_fold2,gene,BayesPrism,0.6363761008282269
HCA_fold2,gene,BayesPrism,0.8870458382397035
HCA_fold2,gene,BayesPrism,0.683869408452803
HCA_fold2,gene,BayesPrism,0.7692628932619678
HCA_fold2,gene,BayesPrism,0.7175347396298678
HCA_fold2,gene,BayesPrism,0.8962212102959264
HCA_fold2,gene,BayesPrism,0.79203954244547
HCA_fold2,gene,BayesPrism,0.6475952703233178
HCA_fold2,gene,BayesPrism,0.7787157993256013
HCA_fold2,gene,BayesPrism,0.7245857594119016
HCA_fold2,gene,BayesPrism,0.8438710971041308
HCA_fold2,gene,BayesPrism,0.7874819427978802
HCA_fold2,gene,BayesPrism,0.7088202186817609
HCA_fold2,gene,BayesPrism,0.5618750606038787
HCA_fold2,gene,BayesPrism,0.9242503661161886
HCA_fold2,gene,BayesPrism,0.6287703135504787
HCA_fold2,gene,BayesPrism,0.6098160266964777
HCA_fold2,gene,BayesPrism,0.8323725172601529
HCA_fold2,gene,BayesPrism,0.3622628877570578
HCA_fold2,gene,BayesPrism,0.6567533095395077
HCA_fold2,gene,BayesPrism,0.7674534607116367
HCA_fold2,gene,BayesPrism,0.8029960963562146
HCA_fold2,gene,BayesPrism,0.8065446988463116
HCA_fold2,gene,BayesPrism,0.7305777945583977
HCA_fold2,gene,BayesPrism,0.7560370187545691
HCA_fold2,gene,BayesPrism,0.5253215240833571
HCA_fold2,gene,BayesPrism,0.7947630238697968
HCA_fold2,gene,BayesPrism,0.7053649925569796
HCA_fold2,gene,BayesPrism,0.7942686129527937
HCA_fold2,gene,BayesPrism,0.6792451842383977
HCA_fold2,gene,BayesPrism,0.8430504579568128
HCA_fold2,gene,BayesPrism,0.4735980855088764
HCA_fold2,gene,BayesPrism,0.6389696737449828
HCA_fold2,gene,BayesPrism,0.8993328838412493
HCA_fold2,gene,BayesPrism,0.7343755477767759
HCA_fold2,gene,BayesPrism,0.5084732104286969
HCA_fold2,gene,BayesPrism,0.6446053594957478
HCA_fold2,gene,BayesPrism,0.8588047905065617
HCA_fold2,gene,BayesPrism,0.487287885690952
HCA_fold2,gene,BayesPrism,0.8695377782817235
HCA_fold2,gene,BayesPrism,0.8751010338183325
HCA_fold2,gene,BayesPrism,0.827581268707569
HCA_fold2,gene,BayesPrism,0.8960775837610405
HCA_fold2,gene,BayesPrism,0.680493610210551
HCA_fold2,gene,BayesPrism,0.4146104892563647
HCA_fold2,gene,BayesPrism,0.8946285581581062
HCA_fold2,gene,BayesPrism,0.3441047575336752
HCA_fold2,gene,BayesPrism,0.4731095074595793
HCA_fold2,gene,BayesPrism,0.8411809365968473
HCA_fold2,gene,BayesPrism,0.64092521003356
HCA_fold2,gene,BayesPrism,0.7362099497342748
HCA_fold2,gene,BayesPrism,0.933842177833078
HCA_fold2,gene,BayesPrism,0.6833778183233008
HCA_fold2,gene,BayesPrism,0.8296002148760993
HCA_fold2,gene,BayesPrism,0.6745389570866742
HCA_fold2,gene,BayesPrism,0.6160870820383529
HCA_fold2,gene,BayesPrism,0.7723886703467621
HCA_fold2,gene,BayesPrism,0.7799282167979902
HCA_fold2,gene,BayesPrism,0.811050341676713
HCA_fold2,gene,BayesPrism,0.8036924745860348
HCA_fold2,gene,BayesPrism,0.8316090932647546
HCA_fold2,gene,BayesPrism,0.6663603058034467
HCA_fold2,gene,BayesPrism,0.2892091435638234
HCA_fold2,gene,BayesPrism,0.6941485905620332
HCA_fold2,gene,BayesPrism,0.7061403646492198
HCA_fold2,gene,BayesPrism,0.871898093444193
HCA_fold2,gene,BayesPrism,0.9376583417289264
HCA_fold2,gene,BayesPrism,0.7526039122091195
HCA_fold2,gene,BayesPrism,0.7700269963812009
HCA_fold2,gene,BayesPrism,0.9146854594918742
HCA_fold2,gene,BayesPrism,0.680060981914499
HCA_fold2,gene,BayesPrism,0.8290446599492622
HCA_fold2,gene,BayesPrism,0.7395214070094693
HCA_fold2,gene,BayesPrism,0.593719683065229
HCA_fold2,gene,BayesPrism,0.782247418685595
HCA_fold2,gene,BayesPrism,0.779732807594357
HCA_fold2,gene,BayesPrism,0.3609391336025415
HCA_fold2,gene,BayesPrism,0.8328085940373545
HCA_fold2,gene,BayesPrism,0.892000615363471
HCA_fold2,gene,BayesPrism,0.7098906472518212
HCA_fold2,gene,BayesPrism,0.5625115196638506
HCA_fold2,gene,BayesPrism,0.8052743086585151
HCA_fold2,gene,BayesPrism,0.6549160390415806
HCA_fold2,gene,BayesPrism,0.8446708006358754
HCA_fold2,gene,BayesPrism,0.8110228556964976
HCA_fold2,gene,BayesPrism,0.7332782048437636
HCA_fold2,gene,BayesPrism,0.7642710301539926
HCA_fold2,gene,BayesPrism,0.8759374262621301
HCA_fold2,gene,BayesPrism,0.7918169735065805
HCA_fold2,gene,BayesPrism,0.7069268893216178
HCA_fold2,gene,BayesPrism,0.8502215946671844
HCA_fold2,gene,BayesPrism,0.6707037960444275
HCA_fold2,gene,BayesPrism,0.8734873078690052
HCA_fold2,gene,BayesPrism,0.739641768933402
HCA_fold2,gene,BayesPrism,0.7675067612906153
HCA_fold2,gene,BayesPrism,0.9121800643120072
HCA_fold2,gene,BayesPrism,0.2071066904933658
HCA_fold2,gene,BayesPrism,0.7588326761320108
HCA_fold2,gene,BayesPrism,0.933921640336319
HCA_fold2,gene,BayesPrism,0.8236076394274523
HCA_fold2,gene,BayesPrism,0.6073984586986183
HCA_fold2,gene,BayesPrism,0.8802098434123135
HCA_fold2,gene,BayesPrism,0.7527795548576703
HCA_fold2,gene,BayesPrism,0.5993930928397997
HCA_fold2,gene,BayesPrism,0.7761245134992703
HCA_fold2,gene,BayesPrism,0.7071498759164478
HCA_fold2,gene,BayesPrism,0.7498356360445777
HCA_fold2,gene,BayesPrism,0.1561111226134048
HCA_fold2,gene,BayesPrism,0.8835561118661105
HCA_fold2,gene,BayesPrism,0.4553732841220708
HCA_fold2,gene,BayesPrism,0.8552246842856801
HCA_fold2,gene,BayesPrism,0.8724867465369315
HCA_fold2,gene,BayesPrism,0.374352137181388
HCA_fold2,gene,BayesPrism,0.6239326777833497
HCA_fold2,gene,BayesPrism,0.8921261790662448
HCA_fold2,gene,BayesPrism,0.8693710883764361
HCA_fold2,gene,BayesPrism,0.8441509268218552
HCA_fold2,gene,BayesPrism,0.6692734711041345
HCA_fold2,gene,BayesPrism,0.7599264900187135
HCA_fold2,gene,BayesPrism,0.8994589566903098
HCA_fold2,gene,BayesPrism,0.8862090387411127
HCA_fold2,gene,BayesPrism,0.2984786455382955
HCA_fold2,gene,BayesPrism,0.6720762018169424
HCA_fold2,gene,BayesPrism,0.7291723349325195
HCA_fold2,gene,BayesPrism,0.8756893775151084
HCA_fold2,gene,BayesPrism,0.8251578879368004
HCA_fold2,gene,BayesPrism,0.6813548222437307
HCA_fold2,gene,BayesPrism,0.8741188857892066
HCA_fold2,gene,BayesPrism,0.8834895611569831
HCA_fold2,gene,BayesPrism,0.5228617289662097
HCA_fold2,gene,BayesPrism,0.6738436534061836
HCA_fold2,gene,BayesPrism,0.4760910603389868
HCA_fold2,gene,BayesPrism,0.864885916752286
HCA_fold2,gene,BayesPrism,0.8488524151000559
HCA_fold2,gene,BayesPrism,0.8590342542400765
HCA_fold2,gene,BayesPrism,0.8923816396774147
HCA_fold2,gene,BayesPrism,0.8443047003858906
HCA_fold2,gene,BayesPrism,0.8800309649290061
HCA_fold2,gene,BayesPrism,0.2872439619251966
HCA_fold2,gene,BayesPrism,0.7801688455161188
HCA_fold2,gene,BayesPrism,0.3149650106205084
HCA_fold2,gene,BayesPrism,0.7962839092972731
HCA_fold2,gene,BayesPrism,0.8384317333078114
HCA_fold2,gene,BayesPrism,0.8122094060661742
HCA_fold2,gene,BayesPrism,0.6952741030402679
HCA_fold2,gene,BayesPrism,0.7221036356070208
HCA_fold2,gene,BayesPrism,0.945827294006975
HCA_fold2,gene,BayesPrism,0.6833674610678819
HCA_fold2,gene,BayesPrism,0.6986541470626497
HCA_fold2,gene,BayesPrism,0.4818785580142087
HCA_fold2,gene,BayesPrism,0.4469282181753642
HCA_fold2,gene,BayesPrism,0.7853194531919012
HCA_fold2,gene,BayesPrism,0.7756501450567825
HCA_fold2,gene,BayesPrism,0.4026932838201233
HCA_fold2,gene,BayesPrism,0.7583800980825546
HCA_fold2,gene,BayesPrism,0.2542408470013555
HCA_fold2,gene,BayesPrism,0.7343631262936847
HCA_fold2,gene,BayesPrism,0.839660318213497
HCA_fold2,gene,BayesPrism,0.6277010491251198
HCA_fold2,gene,BayesPrism,0.7277090964970346
HCA_fold2,gene,BayesPrism,0.7217735931243241
HCA_fold2,gene,BayesPrism,0.7240124405499078
HCA_fold2,gene,BayesPrism,0.8010722448424337
HCA_fold2,gene,BayesPrism,0.7214337410772034
HCA_fold2,gene,BayesPrism,0.6950651603944061
HCA_fold2,gene,BayesPrism,0.7455903175241647
HCA_fold2,gene,BayesPrism,0.75368040267125
HCA_fold2,gene,BayesPrism,0.6803957860850172
HCA_fold2,gene,BayesPrism,0.7269174084904413
HCA_fold2,gene,BayesPrism,0.7991238242561614
HCA_fold2,gene,BayesPrism,0.5149943649779138
HCA_fold2,gene,BayesPrism,0.7487931675797028
HCA_fold2,gene,BayesPrism,0.6881358841264891
HCA_fold2,gene,BayesPrism,0.7870162626310966
HCA_fold2,gene,BayesPrism,0.848122543385258
HCA_fold2,gene,BayesPrism,0.7974164952352103
HCA_fold2,gene,BayesPrism,0.7949858373277872
HCA_fold2,gene,BayesPrism,0.7715420793100519
HCA_fold2,gene,BayesPrism,0.8128324738276961
HCA_fold2,gene,BayesPrism,0.7230733190084802
HCA_fold2,gene,BayesPrism,0.8273940025242239
HCA_fold2,gene,BayesPrism,0.7883672203219813
HCA_fold2,gene,BayesPrism,0.6224140571977597
HCA_fold2,gene,BayesPrism,0.7634810309185311
HCA_fold2,gene,BayesPrism,0.852387919889382
HCA_fold2,gene,BayesPrism,0.4799133443695865
HCA_fold2,gene,BayesPrism,0.5201297975699696
HCA_fold2,gene,BayesPrism,0.6916053850833297
HCA_fold2,gene,BayesPrism,0.8052427250788492
HCA_fold2,gene,BayesPrism,0.5879807368877803
HCA_fold2,gene,BayesPrism,0.4052713445318356
HCA_fold2,gene,BayesPrism,0.89435642088017
HCA_fold2,gene,BayesPrism,0.690680449844031
HCA_fold2,gene,BayesPrism,0.8399423517666822
HCA_fold2,gene,BayesPrism,0.719363562620362
HCA_fold2,gene,BayesPrism,0.7942805077899062
HCA_fold2,gene,BayesPrism,0.6231447667594733
HCA_fold2,gene,BayesPrism,0.7829032048014628
HCA_fold2,gene,BayesPrism,0.6652078828847894
HCA_fold2,gene,BayesPrism,0.8738874168700749
HCA_fold2,gene,BayesPrism,0.638609296157751
HCA_fold2,gene,BayesPrism,0.8163522551117044
HCA_fold2,gene,BayesPrism,0.941431311355832
HCA_fold2,gene,BayesPrism,0.4337832016430288
HCA_fold2,gene,DISSECT,0.5863842726520747
HCA_fold2,gene,DISSECT,0.5140115253457084
HCA_fold2,gene,DISSECT,0.1016035519737565
HCA_fold2,gene,DISSECT,0.463130083649157
HCA_fold2,gene,DISSECT,0.4712134632189212
HCA_fold2,gene,DISSECT,0.4542386263576888
HCA_fold2,gene,DISSECT,0.7074199881984413
HCA_fold2,gene,DISSECT,0.5814996990408645
HCA_fold2,gene,DISSECT,0.6219617765241255
HCA_fold2,gene,DISSECT,0.4635969491939949
HCA_fold2,gene,DISSECT,0.636537603001925
HCA_fold2,gene,DISSECT,0.3956926642688566
HCA_fold2,gene,DISSECT,0.5291891473690022
HCA_fold2,gene,DISSECT,0.4388474854977714
HCA_fold2,gene,DISSECT,0.6087912863718428
HCA_fold2,gene,DISSECT,0.5715675693084599
HCA_fold2,gene,DISSECT,0.523128435972729
HCA_fold2,gene,DISSECT,0.5699706632991405
HCA_fold2,gene,DISSECT,0.3547800926979438
HCA_fold2,gene,DISSECT,0.6374001417152606
HCA_fold2,gene,DISSECT,0.4425204812633855
HCA_fold2,gene,DISSECT,0.4081442103891803
HCA_fold2,gene,DISSECT,0.6640145122796514
HCA_fold2,gene,DISSECT,0.335799373666934
HCA_fold2,gene,DISSECT,0.5453847956201755
HCA_fold2,gene,DISSECT,0.4640724015579048
HCA_fold2,gene,DISSECT,0.5982145620025733
HCA_fold2,gene,DISSECT,0.2264637623193441
HCA_fold2,gene,DISSECT,0.7072367333849151
HCA_fold2,gene,DISSECT,0.504347765405684
HCA_fold2,gene,DISSECT,0.3986983875983497
HCA_fold2,gene,DISSECT,0.4049803906214713
HCA_fold2,gene,DISSECT,0.1896573764827574
HCA_fold2,gene,DISSECT,0.6404410337365518
HCA_fold2,gene,DISSECT,0.5602367560340729
HCA_fold2,gene,DISSECT,0.2602339266551496
HCA_fold2,gene,DISSECT,0.4521501417933639
HCA_fold2,gene,DISSECT,0.6645093170693745
HCA_fold2,gene,DISSECT,0.459955881488481
HCA_fold2,gene,DISSECT,0.6282910790746392
HCA_fold2,gene,DISSECT,0.2377323962363438
HCA_fold2,gene,DISSECT,0.2116470104962405
HCA_fold2,gene,DISSECT,0.233845309396538
HCA_fold2,gene,DISSECT,0.5407153325324043
HCA_fold2,gene,DISSECT,0.5406590277209544
HCA_fold2,gene,DISSECT,0.3716623872608103
HCA_fold2,gene,DISSECT,0.3157280928722589
HCA_fold2,gene,DISSECT,0.3519828493060954
HCA_fold2,gene,DISSECT,0.6058131247393558
HCA_fold2,gene,DISSECT,0.528735013617775
HCA_fold2,gene,DISSECT,0.5545256024647232
HCA_fold2,gene,DISSECT,0.38664644734492
HCA_fold2,gene,DISSECT,0.5353281579273955
HCA_fold2,gene,DISSECT,0.435411743572105
HCA_fold2,gene,DISSECT,0.4490851309647938
HCA_fold2,gene,DISSECT,0.4126423260351574
HCA_fold2,gene,DISSECT,0.6354211748210377
HCA_fold2,gene,DISSECT,0.3185248420835917
HCA_fold2,gene,DISSECT,0.4575925385404063
HCA_fold2,gene,DISSECT,0.4620621562285527
HCA_fold2,gene,DISSECT,0.595458550068041
HCA_fold2,gene,DISSECT,0.6004812134573746
HCA_fold2,gene,DISSECT,0.4969147751567994
HCA_fold2,gene,DISSECT,0.5854366718592077
HCA_fold2,gene,DISSECT,0.385623140949184
HCA_fold2,gene,DISSECT,0.3611948886637561
HCA_fold2,gene,DISSECT,0.6604038247111998
HCA_fold2,gene,DISSECT,0.162239657525428
HCA_fold2,gene,DISSECT,0.6263876787764413
HCA_fold2,gene,DISSECT,0.2747350223357203
HCA_fold2,gene,DISSECT,0.4376818566865527
HCA_fold2,gene,DISSECT,0.4161879848942744
HCA_fold2,gene,DISSECT,0.2654356987579273
HCA_fold2,gene,DISSECT,0.1586636308419257
HCA_fold2,gene,DISSECT,0.628236042238885
HCA_fold2,gene,DISSECT,0.5892964364838782
HCA_fold2,gene,DISSECT,0.1160793287311955
HCA_fold2,gene,DISSECT,0.1394262650014691
HCA_fold2,gene,DISSECT,0.5401439423701802
HCA_fold2,gene,DISSECT,0.6659983394420741
HCA_fold2,gene,DISSECT,0.0858899898420619
HCA_fold2,gene,DISSECT,0.4459803602804033
HCA_fold2,gene,DISSECT,0.3541066955364734
HCA_fold2,gene,DISSECT,0.4603635254349972
HCA_fold2,gene,DISSECT,0.4165065597982181
HCA_fold2,gene,DISSECT,0.409688688894425
HCA_fold2,gene,DISSECT,0.4161229955118551
HCA_fold2,gene,DISSECT,0.4381913731286879
HCA_fold2,gene,DISSECT,0.3036601630226742
HCA_fold2,gene,DISSECT,0.5634698113375755
HCA_fold2,gene,DISSECT,0.6296577452055097
HCA_fold2,gene,DISSECT,0.5023901657327269
HCA_fold2,gene,DISSECT,0.6330745861008413
HCA_fold2,gene,DISSECT,0.4933994573952704
HCA_fold2,gene,DISSECT,0.5595237590972638
HCA_fold2,gene,DISSECT,0.1507225850841897
HCA_fold2,gene,DISSECT,0.6406480594419295
HCA_fold2,gene,DISSECT,0.152528753612579
HCA_fold2,gene,DISSECT,0.3666289191646984
HCA_fold2,gene,DISSECT,0.5456697439774891
HCA_fold2,gene,DISSECT,0.7002207081567003
HCA_fold2,gene,DISSECT,0.5527925317441572
HCA_fold2,gene,DISSECT,0.2005544900822909
HCA_fold2,gene,DISSECT,0.6373203193369981
HCA_fold2,gene,DISSECT,0.5079377504180389
HCA_fold2,gene,DISSECT,0.5348131384560708
HCA_fold2,gene,DISSECT,0.5273824260911535
HCA_fold2,gene,DISSECT,0.6607707989378756
HCA_fold2,gene,DISSECT,0.3468076815570185
HCA_fold2,gene,DISSECT,0.3868728478634627
HCA_fold2,gene,DISSECT,0.473077556528645
HCA_fold2,gene,DISSECT,0.4605843251695042
HCA_fold2,gene,DISSECT,0.394558098127675
HCA_fold2,gene,DISSECT,0.2581829733245756
HCA_fold2,gene,DISSECT,0.1425780450459162
HCA_fold2,gene,DISSECT,0.4594164278850304
HCA_fold2,gene,DISSECT,0.4815172194396504
HCA_fold2,gene,DISSECT,0.4081034998332111
HCA_fold2,gene,DISSECT,0.391716365418869
HCA_fold2,gene,DISSECT,0.2770358159258893
HCA_fold2,gene,DISSECT,0.4455462458329595
HCA_fold2,gene,DISSECT,0.2883999562553208
HCA_fold2,gene,DISSECT,0.4050445565288834
HCA_fold2,gene,DISSECT,0.5030943548944009
HCA_fold2,gene,DISSECT,0.4385003990941316
HCA_fold2,gene,DISSECT,0.3866296458383345
HCA_fold2,gene,DISSECT,0.1107199574921662
HCA_fold2,gene,DISSECT,0.1194060680415564
HCA_fold2,gene,DISSECT,0.5301132338424916
HCA_fold2,gene,DISSECT,0.4460728494026236
HCA_fold2,gene,DISSECT,0.6039137403038886
HCA_fold2,gene,DISSECT,0.215064352608499
HCA_fold2,gene,DISSECT,0.6522501992448195
HCA_fold2,gene,DISSECT,0.6621056875119156
HCA_fold2,gene,DISSECT,0.3704579621590083
HCA_fold2,gene,DISSECT,0.6495764457108238
HCA_fold2,gene,DISSECT,0.2061672558709604
HCA_fold2,gene,DISSECT,0.2591631550339351
HCA_fold2,gene,DISSECT,0.5401131792039797
HCA_fold2,gene,DISSECT,0.4613591872674037
HCA_fold2,gene,DISSECT,0.4136794975682586
HCA_fold2,gene,DISSECT,0.3411092994994721
HCA_fold2,gene,DISSECT,0.576867225864741
HCA_fold2,gene,DISSECT,0.4627346193619415
HCA_fold2,gene,DISSECT,0.5889896596749059
HCA_fold2,gene,DISSECT,0.6357399480836783
HCA_fold2,gene,DISSECT,0.608699574009933
HCA_fold2,gene,DISSECT,0.4395945234667913
HCA_fold2,gene,DISSECT,0.1017498489159041
HCA_fold2,gene,DISSECT,0.596309931311112
HCA_fold2,gene,DISSECT,0.415440352760845
HCA_fold2,gene,DISSECT,0.50912383638456
HCA_fold2,gene,DISSECT,0.6483552505763207
HCA_fold2,gene,DISSECT,0.4555434025401841
HCA_fold2,gene,DISSECT,0.4130265922776882
HCA_fold2,gene,DISSECT,0.3921413828698254
HCA_fold2,gene,DISSECT,0.368535692690303
HCA_fold2,gene,DISSECT,0.4749496429372705
HCA_fold2,gene,DISSECT,0.5761657589867677
HCA_fold2,gene,DISSECT,0.4810487882810167
HCA_fold2,gene,DISSECT,0.6263303187415826
HCA_fold2,gene,DISSECT,0.7903549077543812
HCA_fold2,gene,DISSECT,-0.0121048371423171
HCA_fold2,gene,DISSECT,0.3972299843277005
HCA_fold2,gene,DISSECT,0.5802170750246365
HCA_fold2,gene,DISSECT,0.4165086872631565
HCA_fold2,gene,DISSECT,0.3998516567214512
HCA_fold2,gene,DISSECT,0.4404402483284014
HCA_fold2,gene,DISSECT,0.4377561474956584
HCA_fold2,gene,DISSECT,0.6013228465994811
HCA_fold2,gene,DISSECT,0.5196433777543019
HCA_fold2,gene,DISSECT,0.5393223935948885
HCA_fold2,gene,DISSECT,0.1955192934589491
HCA_fold2,gene,DISSECT,0.5299009190868614
HCA_fold2,gene,DISSECT,0.6016120408497597
HCA_fold2,gene,DISSECT,0.3502267459637638
HCA_fold2,gene,DISSECT,0.5486905563541262
HCA_fold2,gene,DISSECT,0.2932927432064238
HCA_fold2,gene,DISSECT,0.5010122033706756
HCA_fold2,gene,DISSECT,0.1210171741785925
HCA_fold2,gene,DISSECT,0.6789934683028611
HCA_fold2,gene,DISSECT,0.4136797892545857
HCA_fold2,gene,DISSECT,0.4361857206862629
HCA_fold2,gene,DISSECT,0.2872727375110566
HCA_fold2,gene,DISSECT,0.6221141988086101
HCA_fold2,gene,DISSECT,0.4553242552294497
HCA_fold2,gene,DISSECT,0.3218058117875058
HCA_fold2,gene,DISSECT,0.443629119603536
HCA_fold2,gene,DISSECT,0.4817819186096909
HCA_fold2,gene,DISSECT,0.3446488505253434
HCA_fold2,gene,DISSECT,0.5154492956272361
HCA_fold2,gene,DISSECT,0.6614769867818708
HCA_fold2,gene,DISSECT,0.173971482837229
HCA_fold2,gene,DISSECT,0.4636464537144337
HCA_fold2,gene,DISSECT,0.5405848413409147
HCA_fold2,gene,DISSECT,0.4671770835170426
HCA_fold2,gene,DISSECT,0.2731050219465353
HCA_fold2,gene,DISSECT,0.2717106975822831
HCA_fold2,gene,DISSECT,0.5399969457678908
HCA_fold2,gene,DISSECT,0.3589192170090551
HCA_fold2,gene,DISSECT,0.6782506208936789
HCA_fold2,gene,DISSECT,0.3975175287089702
HCA_fold2,gene,DISSECT,0.6617534066021044
HCA_fold2,gene,DISSECT,0.5700570848450197
HCA_fold2,gene,DISSECT,0.5662453081789494
HCA_fold2,gene,DISSECT,0.4930125956499768
HCA_fold2,gene,DISSECT,0.6007152689454167
HCA_fold2,gene,DISSECT,0.5748516263176584
HCA_fold2,gene,DISSECT,0.4169718780236518
HCA_fold2,gene,DISSECT,0.5525448082426038
HCA_fold2,gene,DISSECT,0.4867661882377141
HCA_fold2,gene,DISSECT,0.6036162574384293
HCA_fold2,gene,DISSECT,0.2126452446663595
HCA_fold2,gene,DISSECT,0.6016519066426077
HCA_fold2,gene,DISSECT,0.3484287139453264
HCA_fold2,gene,DISSECT,0.2755159102836628
HCA_fold2,gene,DISSECT,0.6562531623378219
HCA_fold2,gene,DISSECT,0.3476927545424038
HCA_fold2,gene,DISSECT,0.3136521862672112
HCA_fold2,gene,DISSECT,0.60205433744162
HCA_fold2,gene,DISSECT,0.2618908589119976
HCA_fold2,gene,DISSECT,0.2329581470293003
HCA_fold2,gene,DISSECT,0.3514118432975527
HCA_fold2,gene,DISSECT,0.7445895415722925
HCA_fold2,gene,DISSECT,0.2191902744260329
HCA_fold2,gene,DISSECT,0.5332651790389807
HCA_fold2,gene,DISSECT,0.3230137801974539
HCA_fold2,gene,DISSECT,0.4761684923780662
HCA_fold2,gene,DISSECT,0.169686680944388
HCA_fold2,gene,DISSECT,0.5034426831307707
HCA_fold2,gene,DISSECT,0.6234215968119999
HCA_fold2,gene,DISSECT,0.5317484243612299
HCA_fold2,gene,DISSECT,0.3701652346045836
HCA_fold2,gene,DISSECT,0.3680795759730548
HCA_fold2,gene,DISSECT,0.3193116499108361
HCA_fold2,gene,DISSECT,0.6235821358188566
HCA_fold2,gene,DISSECT,0.3227730607144853
HCA_fold2,gene,DISSECT,0.6072939043416463
HCA_fold2,gene,DISSECT,0.5647475899234802
HCA_fold2,gene,DISSECT,0.6238300217926783
HCA_fold2,gene,DISSECT,0.3645452144164889
HCA_fold2,gene,DISSECT,0.4159116788220063
HCA_fold2,gene,DISSECT,0.5603777385350448
HCA_fold2,gene,DISSECT,0.3643726961131703
HCA_fold2,gene,DISSECT,0.6751323432632528
HCA_fold2,gene,DISSECT,0.6350435749294134
HCA_fold2,gene,DISSECT,0.5229645245382449
HCA_fold2,gene,DISSECT,0.2298598598711619
HCA_fold2,gene,DISSECT,0.5339387905931656
HCA_fold2,gene,DISSECT,0.4379689131250397
HCA_fold2,gene,DISSECT,0.3870543649443878
HCA_fold2,gene,DISSECT,0.5217884671912782
HCA_fold2,gene,DISSECT,0.2714256253001472
HCA_fold2,gene,DISSECT,0.5197294140624027
HCA_fold2,gene,DISSECT,0.5825757212041698
HCA_fold2,gene,DISSECT,0.5684125545187804
HCA_fold2,gene,DISSECT,0.5731911197934112
HCA_fold2,gene,DISSECT,0.3733763894122771
HCA_fold2,gene,DISSECT,0.4828721469378751
HCA_fold2,gene,DISSECT,0.3205054446496598
HCA_fold2,gene,DISSECT,0.467335344019718
HCA_fold2,gene,DISSECT,0.510040438940327
HCA_fold2,gene,DISSECT,0.4069579607685202
HCA_fold2,gene,DISSECT,0.4989853059290032
HCA_fold2,gene,DISSECT,0.445505974304449
HCA_fold2,gene,DISSECT,0.6521541780666781
HCA_fold2,gene,DISSECT,0.4519832126703378
HCA_fold2,gene,DISSECT,0.3410007267085838
HCA_fold2,gene,DISSECT,0.7138285813019762
HCA_fold2,gene,DISSECT,0.6304999460494016
HCA_fold2,gene,DISSECT,0.2465278801387201
HCA_fold2,gene,DISSECT,0.4084642262130554
HCA_fold2,gene,DISSECT,0.5791197632444287
HCA_fold2,gene,DISSECT,0.1699927054260269
HCA_fold2,gene,DISSECT,0.5465526860900274
HCA_fold2,gene,DISSECT,0.7196903770459864
HCA_fold2,gene,DISSECT,0.4625684942488437
HCA_fold2,gene,DISSECT,0.6981635658364247
HCA_fold2,gene,DISSECT,0.6315952085331398
HCA_fold2,gene,DISSECT,0.2568424468965211
HCA_fold2,gene,DISSECT,0.7048874168363259
HCA_fold2,gene,DISSECT,0.3464734441018326
HCA_fold2,gene,DISSECT,0.4209114539995425
HCA_fold2,gene,DISSECT,0.4935083073941418
HCA_fold2,gene,DISSECT,0.3905966170047684
HCA_fold2,gene,DISSECT,0.551109712184769
HCA_fold2,gene,DISSECT,0.7831546655428576
HCA_fold2,gene,DISSECT,0.5619622540275037
HCA_fold2,gene,DISSECT,0.4362686035543129
HCA_fold2,gene,DISSECT,0.4123450766225939
HCA_fold2,gene,DISSECT,0.4302181064624963
HCA_fold2,gene,DISSECT,0.4183675689116007
HCA_fold2,gene,DISSECT,0.4925654769614044
HCA_fold2,gene,DISSECT,0.4304677437699346
HCA_fold2,gene,DISSECT,0.4860122464569584
HCA_fold2,gene,DISSECT,0.6551065736943029
HCA_fold2,gene,DISSECT,0.5652052793707248
HCA_fold2,gene,DISSECT,0.2730214008905229
HCA_fold2,gene,DISSECT,0.0831311442587076
HCA_fold2,gene,DISSECT,0.3217097867265731
HCA_fold2,gene,DISSECT,0.4426316276030796
HCA_fold2,gene,DISSECT,0.7015169202948534
HCA_fold2,gene,DISSECT,0.6896899992684042
HCA_fold2,gene,DISSECT,0.5129200988720419
HCA_fold2,gene,DISSECT,0.4133962296553646
HCA_fold2,gene,DISSECT,0.3299105014684594
HCA_fold2,gene,DISSECT,0.549602470778249
HCA_fold2,gene,DISSECT,0.7194626639662158
HCA_fold2,gene,DISSECT,0.4048157355816328
HCA_fold2,gene,DISSECT,0.4320142379692315
HCA_fold2,gene,DISSECT,0.6424144710860027
HCA_fold2,gene,DISSECT,0.343166424278348
HCA_fold2,gene,DISSECT,0.591448203654539
HCA_fold2,gene,DISSECT,0.5986183353440229
HCA_fold2,gene,DISSECT,0.1306338204872535
HCA_fold2,gene,DISSECT,0.5517953573863921
HCA_fold2,gene,DISSECT,0.6906065503966868
HCA_fold2,gene,DISSECT,0.3279420756130053
HCA_fold2,gene,DISSECT,0.2249748967758872
HCA_fold2,gene,DISSECT,0.5139912905405767
HCA_fold2,gene,DISSECT,0.4958728724886866
HCA_fold2,gene,DISSECT,0.5614492610421841
HCA_fold2,gene,DISSECT,0.5783430566584842
HCA_fold2,gene,DISSECT,0.5283771382352278
HCA_fold2,gene,DISSECT,0.5150080498655207
HCA_fold2,gene,DISSECT,0.6673858249530762
HCA_fold2,gene,DISSECT,0.4954367754379531
HCA_fold2,gene,DISSECT,0.5374989948367679
HCA_fold2,gene,DISSECT,0.534345200364923
HCA_fold2,gene,DISSECT,0.3844470215679048
HCA_fold2,gene,DISSECT,0.496902240790712
HCA_fold2,gene,DISSECT,0.5106863739524052
HCA_fold2,gene,DISSECT,0.5467906549551713
HCA_fold2,gene,DISSECT,0.7333781237176156
HCA_fold2,gene,DISSECT,0.0990906170657587
HCA_fold2,gene,DISSECT,0.5112543854507801
HCA_fold2,gene,DISSECT,0.7717454286989318
HCA_fold2,gene,DISSECT,0.5776098280819069
HCA_fold2,gene,DISSECT,0.3588272270227452
HCA_fold2,gene,DISSECT,0.6849455112999231
HCA_fold2,gene,DISSECT,0.5669991347287872
HCA_fold2,gene,DISSECT,0.3760030943941536
HCA_fold2,gene,DISSECT,0.5447160740279953
HCA_fold2,gene,DISSECT,0.4775574881880139
HCA_fold2,gene,DISSECT,0.4887071922934174
HCA_fold2,gene,DISSECT,0.1600353053978482
HCA_fold2,gene,DISSECT,0.6414897001261056
HCA_fold2,gene,DISSECT,0.4252545210422417
HCA_fold2,gene,DISSECT,0.5956623113471016
HCA_fold2,gene,DISSECT,0.6472779811151309
HCA_fold2,gene,DISSECT,0.2559060092646436
HCA_fold2,gene,DISSECT,0.4593124169179937
HCA_fold2,gene,DISSECT,0.516003766555787
HCA_fold2,gene,DISSECT,0.5866118430766698
HCA_fold2,gene,DISSECT,0.6079790587479318
HCA_fold2,gene,DISSECT,0.4516893064584562
HCA_fold2,gene,DISSECT,0.4094946205283217
HCA_fold2,gene,DISSECT,0.6728177408164339
HCA_fold2,gene,DISSECT,0.5791245491693696
HCA_fold2,gene,DISSECT,0.2111275403533855
HCA_fold2,gene,DISSECT,0.2693403829923843
HCA_fold2,gene,DISSECT,0.469456069438987
HCA_fold2,gene,DISSECT,0.5430551501727292
HCA_fold2,gene,DISSECT,0.581768073787449
HCA_fold2,gene,DISSECT,0.3841398324578918
HCA_fold2,gene,DISSECT,0.7156763482914539
HCA_fold2,gene,DISSECT,0.5340134050161034
HCA_fold2,gene,DISSECT,0.3040365855596201
HCA_fold2,gene,DISSECT,0.2528716549799093
HCA_fold2,gene,DISSECT,0.2499473027263088
HCA_fold2,gene,DISSECT,0.6730185901845676
HCA_fold2,gene,DISSECT,0.5941655401680594
HCA_fold2,gene,DISSECT,0.6927292876062124
HCA_fold2,gene,DISSECT,0.7481101656127047
HCA_fold2,gene,DISSECT,0.6543816980400992
HCA_fold2,gene,DISSECT,0.6900956313458332
HCA_fold2,gene,DISSECT,0.1990982614514946
HCA_fold2,gene,DISSECT,0.6039332635282777
HCA_fold2,gene,DISSECT,0.3130677854186631
HCA_fold2,gene,DISSECT,0.5077620129132863
HCA_fold2,gene,DISSECT,0.6556410353324409
HCA_fold2,gene,DISSECT,0.5335987393665993
HCA_fold2,gene,DISSECT,0.4548458692479757
HCA_fold2,gene,DISSECT,0.5540582680379278
HCA_fold2,gene,DISSECT,0.665035574432699
HCA_fold2,gene,DISSECT,0.5658856707847335
HCA_fold2,gene,DISSECT,0.3599252603384867
HCA_fold2,gene,DISSECT,0.3525359819664993
HCA_fold2,gene,DISSECT,0.3652645574708431
HCA_fold2,gene,DISSECT,0.374988917298057
HCA_fold2,gene,DISSECT,0.470960182588347
HCA_fold2,gene,DISSECT,0.1717120388850565
HCA_fold2,gene,DISSECT,0.239681440677085
HCA_fold2,gene,DISSECT,0.5195702059102174
HCA_fold2,gene,DISSECT,0.184208290369223
HCA_fold2,gene,DISSECT,0.4088110428200185
HCA_fold2,gene,DISSECT,0.5133072718619003
HCA_fold2,gene,DISSECT,0.2395723906124601
HCA_fold2,gene,DISSECT,0.5724436044183521
HCA_fold2,gene,DISSECT,0.4067085786405228
HCA_fold2,gene,DISSECT,0.5354134822307978
HCA_fold2,gene,DISSECT,0.6496901941296912
HCA_fold2,gene,DISSECT,0.5744214017138001
HCA_fold2,gene,DISSECT,0.557039545513502
HCA_fold2,gene,DISSECT,0.4463806990216976
HCA_fold2,gene,DISSECT,0.5244176244677032
HCA_fold2,gene,DISSECT,0.4303858348828552
HCA_fold2,gene,DISSECT,0.350012688343748
HCA_fold2,gene,DISSECT,0.4669170960938256
HCA_fold2,gene,DISSECT,0.2153032878908849
HCA_fold2,gene,DISSECT,0.4732777918156395
HCA_fold2,gene,DISSECT,0.3548224065002664
HCA_fold2,gene,DISSECT,0.528677485278727
HCA_fold2,gene,DISSECT,0.6615564792263954
HCA_fold2,gene,DISSECT,0.5133258920841787
HCA_fold2,gene,DISSECT,0.4453503280898724
HCA_fold2,gene,DISSECT,0.6064926204867979
HCA_fold2,gene,DISSECT,0.0341118204226933
HCA_fold2,gene,DISSECT,0.1788516458546114
HCA_fold2,gene,DISSECT,0.6316480141687949
HCA_fold2,gene,DISSECT,0.6279947943152981
HCA_fold2,gene,DISSECT,0.440586340560188
HCA_fold2,gene,DISSECT,0.4994678249787589
HCA_fold2,gene,DISSECT,0.5774160880718849
HCA_fold2,gene,DISSECT,0.1819269892930591
HCA_fold2,gene,DISSECT,0.3510185558591907
HCA_fold2,gene,DISSECT,0.5118373496705522
HCA_fold2,gene,DISSECT,0.6177833522694262
HCA_fold2,gene,DISSECT,0.2484532135956021
HCA_fold2,gene,DISSECT,0.2068115957999628
HCA_fold2,gene,DISSECT,0.503983382734116
HCA_fold2,gene,DISSECT,0.4778665142920059
HCA_fold2,gene,DISSECT,0.2258488404298325
HCA_fold2,gene,DISSECT,0.6029255282161394
HCA_fold2,gene,DISSECT,0.5642922453956865
HCA_fold2,gene,DISSECT,0.4935117669309918
HCA_fold2,gene,DISSECT,0.4975867902440154
HCA_fold2,gene,DISSECT,0.473982326711724
HCA_fold2,gene,DISSECT,0.4674353590171697
HCA_fold2,gene,DISSECT,0.5352333573961735
HCA_fold2,gene,DISSECT,0.5074928010517825
HCA_fold2,gene,DISSECT,0.5351367581133126
HCA_fold2,gene,DISSECT,0.1323224728296487
HCA_fold2,gene,DISSECT,0.2259394313861079
HCA_fold2,gene,TAPE,0.2861610160754909
HCA_fold2,gene,TAPE,0.389565135178699
HCA_fold2,gene,TAPE,-0.1611083014155893
HCA_fold2,gene,TAPE,0.2244229966867419
HCA_fold2,gene,TAPE,0.316926602086404
HCA_fold2,gene,TAPE,-0.0032491479384379
HCA_fold2,gene,TAPE,0.2251346564903855
HCA_fold2,gene,TAPE,0.2559607175103637
HCA_fold2,gene,TAPE,0.4584175273445285
HCA_fold2,gene,TAPE,0.4546015032954876
HCA_fold2,gene,TAPE,0.0701385994899409
HCA_fold2,gene,TAPE,-0.0792786894581012
HCA_fold2,gene,TAPE,0.229122560322137
HCA_fold2,gene,TAPE,0.2642055155545373
HCA_fold2,gene,TAPE,0.1238651540773477
HCA_fold2,gene,TAPE,0.2064661709820377
HCA_fold2,gene,TAPE,0.3741426179560405
HCA_fold2,gene,TAPE,0.40281020897584
HCA_fold2,gene,TAPE,0.0316747577119185
HCA_fold2,gene,TAPE,0.3318336907660698
HCA_fold2,gene,TAPE,0.3682812011866673
HCA_fold2,gene,TAPE,-0.1401905973069684
HCA_fold2,gene,TAPE,0.4174947669909937
HCA_fold2,gene,TAPE,0.2113989726510668
HCA_fold2,gene,TAPE,0.1339358686197383
HCA_fold2,gene,TAPE,0.2907879260915831
HCA_fold2,gene,TAPE,-0.0290638959853471
HCA_fold2,gene,TAPE,0.0239774905033372
HCA_fold2,gene,TAPE,0.2907334916817444
HCA_fold2,gene,TAPE,0.3159911674654481
HCA_fold2,gene,TAPE,0.2825256965462432
HCA_fold2,gene,TAPE,0.0637027670617434
HCA_fold2,gene,TAPE,0.117355017020751
HCA_fold2,gene,TAPE,-0.0241879287797243
HCA_fold2,gene,TAPE,0.0918002595610807
HCA_fold2,gene,TAPE,-0.0093322417033486
HCA_fold2,gene,TAPE,0.1090481528632954
HCA_fold2,gene,TAPE,0.4417344948496946
HCA_fold2,gene,TAPE,0.1686442693136013
HCA_fold2,gene,TAPE,0.2514897680145698
HCA_fold2,gene,TAPE,0.253549976613444
HCA_fold2,gene,TAPE,-0.0796865496904419
HCA_fold2,gene,TAPE,0.0106127641164672
HCA_fold2,gene,TAPE,0.0987249339403228
HCA_fold2,gene,TAPE,0.0776236052976653
HCA_fold2,gene,TAPE,0.0192182378468365
HCA_fold2,gene,TAPE,-0.1244366573034095
HCA_fold2,gene,TAPE,0.1266355413276542
HCA_fold2,gene,TAPE,0.2775354735613694
HCA_fold2,gene,TAPE,-0.126072310439224
HCA_fold2,gene,TAPE,0.2665401461882308
HCA_fold2,gene,TAPE,0.277455673024137
HCA_fold2,gene,TAPE,0.1015381662109314
HCA_fold2,gene,TAPE,0.1094930082310782
HCA_fold2,gene,TAPE,0.1245188867573414
HCA_fold2,gene,TAPE,-0.1911243747838457
HCA_fold2,gene,TAPE,0.3053622551401759
HCA_fold2,gene,TAPE,0.0623632020852291
HCA_fold2,gene,TAPE,-0.0907022255884496
HCA_fold2,gene,TAPE,0.4548100890373622
HCA_fold2,gene,TAPE,0.1076450832696674
HCA_fold2,gene,TAPE,0.2486681753234447
HCA_fold2,gene,TAPE,0.1326908020692129
HCA_fold2,gene,TAPE,0.0877244305269498
HCA_fold2,gene,TAPE,0.0853155843260577
HCA_fold2,gene,TAPE,0.2339779933562864
HCA_fold2,gene,TAPE,0.3260339696749191
HCA_fold2,gene,TAPE,0.2217939279737111
HCA_fold2,gene,TAPE,0.2489320143299946
HCA_fold2,gene,TAPE,-0.0246275717722712
HCA_fold2,gene,TAPE,0.2981512605586432
HCA_fold2,gene,TAPE,0.2315243858323744
HCA_fold2,gene,TAPE,-0.1394994622079174
HCA_fold2,gene,TAPE,0.0079729670223512
HCA_fold2,gene,TAPE,0.3676852712330036
HCA_fold2,gene,TAPE,0.1202028854228027
HCA_fold2,gene,TAPE,-0.0214076902216643
HCA_fold2,gene,TAPE,0.0755323400358094
HCA_fold2,gene,TAPE,0.2215932658391876
HCA_fold2,gene,TAPE,0.1863428170228707
HCA_fold2,gene,TAPE,0.1617623777126602
HCA_fold2,gene,TAPE,0.3469130854377362
HCA_fold2,gene,TAPE,-0.0208679671010027
HCA_fold2,gene,TAPE,0.2358094984551958
HCA_fold2,gene,TAPE,-0.0692654088932456
HCA_fold2,gene,TAPE,-0.2108974281089432
HCA_fold2,gene,TAPE,0.0160141095308161
HCA_fold2,gene,TAPE,0.0833137052958362
HCA_fold2,gene,TAPE,-0.0013111512571037
HCA_fold2,gene,TAPE,0.0539935894969068
HCA_fold2,gene,TAPE,0.3827714747587051
HCA_fold2,gene,TAPE,0.1138047380339393
HCA_fold2,gene,TAPE,0.4678793870486832
HCA_fold2,gene,TAPE,0.2782450805322177
HCA_fold2,gene,TAPE,0.2853819843378259
HCA_fold2,gene,TAPE,0.0447526707557411
HCA_fold2,gene,TAPE,0.2557125583001804
HCA_fold2,gene,TAPE,-0.1022836981910329
HCA_fold2,gene,TAPE,0.0272997537931651
HCA_fold2,gene,TAPE,0.0437783749830657
HCA_fold2,gene,TAPE,0.366236577312525
HCA_fold2,gene,TAPE,0.1628650629912874
HCA_fold2,gene,TAPE,0.0084103002392702
HCA_fold2,gene,TAPE,0.0852929126250822
HCA_fold2,gene,TAPE,0.3705456709002946
HCA_fold2,gene,TAPE,0.1861551980385592
HCA_fold2,gene,TAPE,0.4357266200168551
HCA_fold2,gene,TAPE,0.3399915865636014
HCA_fold2,gene,TAPE,0.0164171356724204
HCA_fold2,gene,TAPE,0.1353192487656578
HCA_fold2,gene,TAPE,0.3227372402813661
HCA_fold2,gene,TAPE,0.2837482100485901
HCA_fold2,gene,TAPE,0.3225783093931915
HCA_fold2,gene,TAPE,0.1290673591828922
HCA_fold2,gene,TAPE,0.1119164738346296
HCA_fold2,gene,TAPE,-0.0729489237372751
HCA_fold2,gene,TAPE,0.3451286404965689
HCA_fold2,gene,TAPE,0.1780496298853704
HCA_fold2,gene,TAPE,0.2624545463696304
HCA_fold2,gene,TAPE,0.0526320080505207
HCA_fold2,gene,TAPE,0.2776672818335791
HCA_fold2,gene,TAPE,0.0684431073839583
HCA_fold2,gene,TAPE,0.042561653689072
HCA_fold2,gene,TAPE,0.4192380952452889
HCA_fold2,gene,TAPE,0.1517111738124202
HCA_fold2,gene,TAPE,-0.0446856755553435
HCA_fold2,gene,TAPE,-0.0059013085330442
HCA_fold2,gene,TAPE,0.0273135551438501
HCA_fold2,gene,TAPE,0.4197673441649782
HCA_fold2,gene,TAPE,0.1947243716092562
HCA_fold2,gene,TAPE,0.2094796696138325
HCA_fold2,gene,TAPE,-0.0002985670125388
HCA_fold2,gene,TAPE,0.3384972509182787
HCA_fold2,gene,TAPE,0.1174266213503756
HCA_fold2,gene,TAPE,0.4078733903856456
HCA_fold2,gene,TAPE,-0.0442089042017155
HCA_fold2,gene,TAPE,0.0485029203708537
HCA_fold2,gene,TAPE,-0.1415537502487412
HCA_fold2,gene,TAPE,0.3103455861460887
HCA_fold2,gene,TAPE,0.2944829464938718
HCA_fold2,gene,TAPE,0.3958574223931519
HCA_fold2,gene,TAPE,0.159387478395974
HCA_fold2,gene,TAPE,0.4137977930435761
HCA_fold2,gene,TAPE,0.1669746196130151
HCA_fold2,gene,TAPE,0.3608598894574991
HCA_fold2,gene,TAPE,-0.0444493246807465
HCA_fold2,gene,TAPE,0.1823931782260239
HCA_fold2,gene,TAPE,-0.1458034210731042
HCA_fold2,gene,TAPE,0.1649921948483682
HCA_fold2,gene,TAPE,0.2769064721935361
HCA_fold2,gene,TAPE,0.2363257085585405
HCA_fold2,gene,TAPE,0.3477234746588077
HCA_fold2,gene,TAPE,0.1898406919601348
HCA_fold2,gene,TAPE,0.014166051009899
HCA_fold2,gene,TAPE,-0.0579418372403206
HCA_fold2,gene,TAPE,0.2254148930616424
HCA_fold2,gene,TAPE,0.4073408039330894
HCA_fold2,gene,TAPE,0.1681406544157462
HCA_fold2,gene,TAPE,0.0437003678825877
HCA_fold2,gene,TAPE,-0.1189429688015508
HCA_fold2,gene,TAPE,-0.0480741436924059
HCA_fold2,gene,TAPE,-0.0320306270330463
HCA_fold2,gene,TAPE,-0.0138879715316168
HCA_fold2,gene,TAPE,0.3710601001064911
HCA_fold2,gene,TAPE,0.3755176794903582
HCA_fold2,gene,TAPE,0.2817965246111815
HCA_fold2,gene,TAPE,0.4123725465973515
HCA_fold2,gene,TAPE,0.3088559451816887
HCA_fold2,gene,TAPE,0.2954476657663585
HCA_fold2,gene,TAPE,0.005803392193802
HCA_fold2,gene,TAPE,0.3431644388120973
HCA_fold2,gene,TAPE,0.2666095699397704
HCA_fold2,gene,TAPE,0.0443830467636086
HCA_fold2,gene,TAPE,-0.0063432291843163
HCA_fold2,gene,TAPE,0.4558644893092242
HCA_fold2,gene,TAPE,-0.0003402418249699
HCA_fold2,gene,TAPE,0.4603309650046517
HCA_fold2,gene,TAPE,0.0741847508289496
HCA_fold2,gene,TAPE,0.2086381733986325
HCA_fold2,gene,TAPE,0.0542441419438399
HCA_fold2,gene,TAPE,0.3167621809672398
HCA_fold2,gene,TAPE,0.3054532450891678
HCA_fold2,gene,TAPE,0.1697730450268563
HCA_fold2,gene,TAPE,-0.0444854831618583
HCA_fold2,gene,TAPE,0.4012445870091908
HCA_fold2,gene,TAPE,0.0279989197719697
HCA_fold2,gene,TAPE,0.3428527506929735
HCA_fold2,gene,TAPE,0.4132715287694148
HCA_fold2,gene,TAPE,0.3718031816271733
HCA_fold2,gene,TAPE,-0.1121812578847148
HCA_fold2,gene,TAPE,0.3955519980213255
HCA_fold2,gene,TAPE,0.4995898146256823
HCA_fold2,gene,TAPE,-0.1013967106921245
HCA_fold2,gene,TAPE,0.0565255695721201
HCA_fold2,gene,TAPE,0.3878367498708413
HCA_fold2,gene,TAPE,0.1223186697732717
HCA_fold2,gene,TAPE,0.0504867711392589
HCA_fold2,gene,TAPE,0.3772150910556923
HCA_fold2,gene,TAPE,0.4092069601703346
HCA_fold2,gene,TAPE,-0.0403445664296671
HCA_fold2,gene,TAPE,0.3006167429891517
HCA_fold2,gene,TAPE,0.1012732281737434
HCA_fold2,gene,TAPE,0.156147753898296
HCA_fold2,gene,TAPE,0.1866441180208749
HCA_fold2,gene,TAPE,0.1219875981728261
HCA_fold2,gene,TAPE,0.0819020256796907
HCA_fold2,gene,TAPE,0.2403780569104046
HCA_fold2,gene,TAPE,0.1688012346841841
HCA_fold2,gene,TAPE,0.0911718056597522
HCA_fold2,gene,TAPE,0.0346346101339398
HCA_fold2,gene,TAPE,0.3247947756865958
HCA_fold2,gene,TAPE,0.3897435617955919
HCA_fold2,gene,TAPE,0.0128732052540666
HCA_fold2,gene,TAPE,0.3225146731146865
HCA_fold2,gene,TAPE,0.1238720558757028
HCA_fold2,gene,TAPE,0.1280508701685259
HCA_fold2,gene,TAPE,0.3364989809491242
HCA_fold2,gene,TAPE,-0.0511031355259987
HCA_fold2,gene,TAPE,0.052810093386799
HCA_fold2,gene,TAPE,0.4443829162975146
HCA_fold2,gene,TAPE,0.0402444877917026
HCA_fold2,gene,TAPE,0.015926618660036
HCA_fold2,gene,TAPE,0.1246346109780592
HCA_fold2,gene,TAPE,0.3842343015876627
HCA_fold2,gene,TAPE,0.0404660861915871
HCA_fold2,gene,TAPE,0.2987993657354238
HCA_fold2,gene,TAPE,0.1408868161838448
HCA_fold2,gene,TAPE,0.2335462295961143
HCA_fold2,gene,TAPE,0.0352575791412825
HCA_fold2,gene,TAPE,-0.0584934692847163
HCA_fold2,gene,TAPE,0.4591312013415467
HCA_fold2,gene,TAPE,-0.0172593746988086
HCA_fold2,gene,TAPE,0.268627725624878
HCA_fold2,gene,TAPE,0.1340150607678322
HCA_fold2,gene,TAPE,0.1132112026807705
HCA_fold2,gene,TAPE,0.401603472355179
HCA_fold2,gene,TAPE,0.112351307911394
HCA_fold2,gene,TAPE,0.2887645325928608
HCA_fold2,gene,TAPE,0.0170611812492789
HCA_fold2,gene,TAPE,0.3158951876676578
HCA_fold2,gene,TAPE,0.155098961662237
HCA_fold2,gene,TAPE,0.0806627549636295
HCA_fold2,gene,TAPE,0.1356316830646325
HCA_fold2,gene,TAPE,0.2847249154926716
HCA_fold2,gene,TAPE,0.3491527080818041
HCA_fold2,gene,TAPE,0.5126504341280509
HCA_fold2,gene,TAPE,0.3941082260836516
HCA_fold2,gene,TAPE,0.0280809583080225
HCA_fold2,gene,TAPE,0.0822263841386933
HCA_fold2,gene,TAPE,-0.0700819483765793
HCA_fold2,gene,TAPE,-0.0819925149027373
HCA_fold2,gene,TAPE,0.4488838376797778
HCA_fold2,gene,TAPE,-0.1747380096047216
HCA_fold2,gene,TAPE,0.1063449794119563
HCA_fold2,gene,TAPE,0.1712334748048029
HCA_fold2,gene,TAPE,0.2339934649747154
HCA_fold2,gene,TAPE,0.3338184581131174
HCA_fold2,gene,TAPE,0.2918046098557033
HCA_fold2,gene,TAPE,0.3336094123806085
HCA_fold2,gene,TAPE,0.2651536900931831
HCA_fold2,gene,TAPE,0.2628018578790835
HCA_fold2,gene,TAPE,0.0818879574273859
HCA_fold2,gene,TAPE,0.2923955195829554
HCA_fold2,gene,TAPE,0.1342886498498141
HCA_fold2,gene,TAPE,0.3333922090706792
HCA_fold2,gene,TAPE,0.1920064686640423
HCA_fold2,gene,TAPE,-0.0215917734275138
HCA_fold2,gene,TAPE,0.2252796463266768
HCA_fold2,gene,TAPE,0.4601656683584508
HCA_fold2,gene,TAPE,0.2829307093286875
HCA_fold2,gene,TAPE,0.1272503392549902
HCA_fold2,gene,TAPE,0.0357180977232011
HCA_fold2,gene,TAPE,0.2763595049700549
HCA_fold2,gene,TAPE,0.2228321659925981
HCA_fold2,gene,TAPE,0.3013541888890986
HCA_fold2,gene,TAPE,0.4932046911197602
HCA_fold2,gene,TAPE,0.1874602385637088
HCA_fold2,gene,TAPE,0.4117013041290182
HCA_fold2,gene,TAPE,0.0552300940384147
HCA_fold2,gene,TAPE,-0.0180578641737305
HCA_fold2,gene,TAPE,0.5088494778399721
HCA_fold2,gene,TAPE,0.0559386682523274
HCA_fold2,gene,TAPE,0.0446596336761234
HCA_fold2,gene,TAPE,0.1747696976945094
HCA_fold2,gene,TAPE,0.1521677180219341
HCA_fold2,gene,TAPE,0.2135350912636217
HCA_fold2,gene,TAPE,0.23422276479609
HCA_fold2,gene,TAPE,0.2474935075780311
HCA_fold2,gene,TAPE,0.3089601136515457
HCA_fold2,gene,TAPE,0.240824551156765
HCA_fold2,gene,TAPE,0.4595258555273401
HCA_fold2,gene,TAPE,0.3394431183531881
HCA_fold2,gene,TAPE,0.1215965744373235
HCA_fold2,gene,TAPE,0.0378932164463275
HCA_fold2,gene,TAPE,0.2645977367554862
HCA_fold2,gene,TAPE,0.3076394144673594
HCA_fold2,gene,TAPE,0.2142806125227827
HCA_fold2,gene,TAPE,0.0526189939728143
HCA_fold2,gene,TAPE,0.2567107979143751
HCA_fold2,gene,TAPE,0.0524289936739717
HCA_fold2,gene,TAPE,0.0589592813653221
HCA_fold2,gene,TAPE,0.42392371764691
HCA_fold2,gene,TAPE,0.2931411295242647
HCA_fold2,gene,TAPE,0.3777843315332371
HCA_fold2,gene,TAPE,0.150859355122936
HCA_fold2,gene,TAPE,0.3118969410272658
HCA_fold2,gene,TAPE,0.2668219108241032
HCA_fold2,gene,TAPE,0.2858209748310516
HCA_fold2,gene,TAPE,0.2180156145984244
HCA_fold2,gene,TAPE,0.4050811089914535
HCA_fold2,gene,TAPE,-0.0749261263619067
HCA_fold2,gene,TAPE,0.0817964084036106
HCA_fold2,gene,TAPE,0.4094345948985005
HCA_fold2,gene,TAPE,0.0180844389171015
HCA_fold2,gene,TAPE,0.0420708876414788
HCA_fold2,gene,TAPE,0.1919591394321793
HCA_fold2,gene,TAPE,0.3241677499659756
HCA_fold2,gene,TAPE,0.3925780091109611
HCA_fold2,gene,TAPE,-0.037428096373705
HCA_fold2,gene,TAPE,0.379422376261028
HCA_fold2,gene,TAPE,-0.1822374044165476
HCA_fold2,gene,TAPE,0.2900853467201927
HCA_fold2,gene,TAPE,0.4758636849552335
HCA_fold2,gene,TAPE,0.4163828549787747
HCA_fold2,gene,TAPE,0.1784397109896538
HCA_fold2,gene,TAPE,0.4039763520821247
HCA_fold2,gene,TAPE,0.4706571900111946
HCA_fold2,gene,TAPE,0.1385763647665133
HCA_fold2,gene,TAPE,0.3654800427183625
HCA_fold2,gene,TAPE,0.2443852086343584
HCA_fold2,gene,TAPE,0.4373119928802447
HCA_fold2,gene,TAPE,0.2876205048861812
HCA_fold2,gene,TAPE,0.2721190473139319
HCA_fold2,gene,TAPE,0.3407801831336031
HCA_fold2,gene,TAPE,0.0488049722722961
HCA_fold2,gene,TAPE,0.4146563893505315
HCA_fold2,gene,TAPE,0.4573917317265314
HCA_fold2,gene,TAPE,0.4386740952865319
HCA_fold2,gene,TAPE,0.2797762829869015
HCA_fold2,gene,TAPE,0.4691866208242348
HCA_fold2,gene,TAPE,0.3253560303722007
HCA_fold2,gene,TAPE,0.1123531593245882
HCA_fold2,gene,TAPE,0.1216493281866416
HCA_fold2,gene,TAPE,0.1523397247317129
HCA_fold2,gene,TAPE,0.3306763386041884
HCA_fold2,gene,TAPE,0.0023875905178547
HCA_fold2,gene,TAPE,0.4444753958736148
HCA_fold2,gene,TAPE,-0.0884841124381683
HCA_fold2,gene,TAPE,0.2542838568173276
HCA_fold2,gene,TAPE,0.1169913655430474
HCA_fold2,gene,TAPE,0.002006476466086
HCA_fold2,gene,TAPE,0.3905579908976554
HCA_fold2,gene,TAPE,0.3322118622740003
HCA_fold2,gene,TAPE,0.4136384063170624
HCA_fold2,gene,TAPE,0.2746962025586205
HCA_fold2,gene,TAPE,0.1896910055796655
HCA_fold2,gene,TAPE,0.4326779263223336
HCA_fold2,gene,TAPE,0.3772240804768282
HCA_fold2,gene,TAPE,-0.0707900709322327
HCA_fold2,gene,TAPE,0.214791216626461
HCA_fold2,gene,TAPE,0.3785585945483432
HCA_fold2,gene,TAPE,0.4604886937654362
HCA_fold2,gene,TAPE,0.2825472533353956
HCA_fold2,gene,TAPE,0.3391931510188534
HCA_fold2,gene,TAPE,0.1914632266899427
HCA_fold2,gene,TAPE,0.4159050930210656
HCA_fold2,gene,TAPE,0.0269588480209296
HCA_fold2,gene,TAPE,-0.0049628539009363
HCA_fold2,gene,TAPE,0.2139559711839958
HCA_fold2,gene,TAPE,0.0479213404113307
HCA_fold2,gene,TAPE,0.2745424058608338
HCA_fold2,gene,TAPE,0.3076489217490185
HCA_fold2,gene,TAPE,0.2079754729317025
HCA_fold2,gene,TAPE,0.3782448552834341
HCA_fold2,gene,TAPE,0.2674651773661158
HCA_fold2,gene,TAPE,0.2396193078455492
HCA_fold2,gene,TAPE,-0.0021619067017112
HCA_fold2,gene,TAPE,0.1048689390132009
HCA_fold2,gene,TAPE,-0.1123031670467221
HCA_fold2,gene,TAPE,0.4684653271167291
HCA_fold2,gene,TAPE,0.2247017901286412
HCA_fold2,gene,TAPE,0.0250880795998744
HCA_fold2,gene,TAPE,0.1618523994762881
HCA_fold2,gene,TAPE,0.0512559883094463
HCA_fold2,gene,TAPE,0.3035015514319334
HCA_fold2,gene,TAPE,0.1305881685001311
HCA_fold2,gene,TAPE,-0.0300464292504531
HCA_fold2,gene,TAPE,0.0670193859759515
HCA_fold2,gene,TAPE,0.0663399499620739
HCA_fold2,gene,TAPE,0.094448026633702
HCA_fold2,gene,TAPE,0.1684650303959394
HCA_fold2,gene,TAPE,-0.0811180121667183
HCA_fold2,gene,TAPE,-0.0528820823332393
HCA_fold2,gene,TAPE,0.2322043433868186
HCA_fold2,gene,TAPE,-0.089263947297103
HCA_fold2,gene,TAPE,0.1711368596945268
HCA_fold2,gene,TAPE,0.3158479338879213
HCA_fold2,gene,TAPE,0.0064444789417871
HCA_fold2,gene,TAPE,0.2168696993764449
HCA_fold2,gene,TAPE,0.3051804602003107
HCA_fold2,gene,TAPE,0.1569110485599931
HCA_fold2,gene,TAPE,0.0374559294533421
HCA_fold2,gene,TAPE,0.1083128367539504
HCA_fold2,gene,TAPE,0.098474477501206
HCA_fold2,gene,TAPE,0.1227970736124539
HCA_fold2,gene,TAPE,0.1376525363995955
HCA_fold2,gene,TAPE,0.1693799346980757
HCA_fold2,gene,TAPE,0.2113610621101621
HCA_fold2,gene,TAPE,0.3111964644213478
HCA_fold2,gene,TAPE,-0.0641183216401073
HCA_fold2,gene,TAPE,0.435290971206983
HCA_fold2,gene,TAPE,0.2926522932844812
HCA_fold2,gene,TAPE,0.3248066011924986
HCA_fold2,gene,TAPE,0.4332634524642947
HCA_fold2,gene,TAPE,0.344178752577067
HCA_fold2,gene,TAPE,0.1402300509446573
HCA_fold2,gene,TAPE,0.0289295241993759
HCA_fold2,gene,TAPE,0.1946095343913574
HCA_fold2,gene,TAPE,0.1741022939219237
HCA_fold2,gene,TAPE,0.4103794765207733
HCA_fold2,gene,TAPE,0.0342086105236458
HCA_fold2,gene,TAPE,-0.0328524093650811
HCA_fold2,gene,TAPE,0.1478013720831796
HCA_fold2,gene,TAPE,0.4274203513792416
HCA_fold2,gene,TAPE,0.1427132565376048
HCA_fold2,gene,TAPE,-0.0924931234099887
HCA_fold2,gene,TAPE,0.107975599036736
HCA_fold2,gene,TAPE,0.0552690145963552
HCA_fold2,gene,TAPE,0.0863434751548422
HCA_fold2,gene,TAPE,-0.0763170044857877
HCA_fold2,gene,TAPE,0.0250796973858929
HCA_fold2,gene,TAPE,0.2122971392076131
HCA_fold2,gene,TAPE,-0.0251463541883355
HCA_fold2,gene,TAPE,0.4472989941175001
HCA_fold2,gene,TAPE,0.3298057341029927
HCA_fold2,gene,TAPE,0.1622037087573013
HCA_fold2,gene,TAPE,-0.0001825744752239
HCA_fold2,gene,TAPE,0.3103616611865005
HCA_fold2,gene,TAPE,0.218723717934535
HCA_fold2,gene,TAPE,0.3436230770552644
HCA_fold2,gene,TAPE,0.1153976537227401
HCA_fold2,gene,TAPE,0.365576482161425
HCA_fold2,gene,TAPE,0.2421651349605259
HCA_fold2,gene,TAPE,0.0231281713745521
HCA_fold2,gene,DeconvSC,0.860914674914642
HCA_fold2,gene,DeconvSC,0.6282834500654161
HCA_fold2,gene,DeconvSC,0.3416559768445503
HCA_fold2,gene,DeconvSC,0.7694497822336174
HCA_fold2,gene,DeconvSC,0.8529154741422224
HCA_fold2,gene,DeconvSC,0.7486703839684308
HCA_fold2,gene,DeconvSC,0.8839378446578587
HCA_fold2,gene,DeconvSC,0.8656921665908689
HCA_fold2,gene,DeconvSC,0.8497717974743476
HCA_fold2,gene,DeconvSC,0.7550648788680346
HCA_fold2,gene,DeconvSC,0.8489421160945886
HCA_fold2,gene,DeconvSC,0.7007773634520441
HCA_fold2,gene,DeconvSC,0.7844528933044358
HCA_fold2,gene,DeconvSC,0.7013705576084879
HCA_fold2,gene,DeconvSC,0.7601536907991907
HCA_fold2,gene,DeconvSC,0.7305128793630482
HCA_fold2,gene,DeconvSC,0.8635715251477897
HCA_fold2,gene,DeconvSC,0.8743223182395173
HCA_fold2,gene,DeconvSC,0.4740354905043597
HCA_fold2,gene,DeconvSC,0.8233761602065854
HCA_fold2,gene,DeconvSC,0.8561659375432417
HCA_fold2,gene,DeconvSC,0.6610993767399654
HCA_fold2,gene,DeconvSC,0.8747100758351455
HCA_fold2,gene,DeconvSC,0.5308728240875812
HCA_fold2,gene,DeconvSC,0.7528454911454945
HCA_fold2,gene,DeconvSC,0.8103425351099738
HCA_fold2,gene,DeconvSC,0.8043596539802281
HCA_fold2,gene,DeconvSC,0.4146002359561741
HCA_fold2,gene,DeconvSC,0.8975332341993547
HCA_fold2,gene,DeconvSC,0.757989999952739
HCA_fold2,gene,DeconvSC,0.6845427594214751
HCA_fold2,gene,DeconvSC,0.6131154664384704
HCA_fold2,gene,DeconvSC,0.3019407747355216
HCA_fold2,gene,DeconvSC,0.8400705355259053
HCA_fold2,gene,DeconvSC,0.7911612847304577
HCA_fold2,gene,DeconvSC,0.6197122002438373
HCA_fold2,gene,DeconvSC,0.6964638171168213
HCA_fold2,gene,DeconvSC,0.8322951968131982
HCA_fold2,gene,DeconvSC,0.8009458988112682
HCA_fold2,gene,DeconvSC,0.8326739131822265
HCA_fold2,gene,DeconvSC,0.4110244611399478
HCA_fold2,gene,DeconvSC,0.3877851252501459
HCA_fold2,gene,DeconvSC,0.5345644558611
HCA_fold2,gene,DeconvSC,0.7152612714688469
HCA_fold2,gene,DeconvSC,0.7452146028666918
HCA_fold2,gene,DeconvSC,0.5047202570315482
HCA_fold2,gene,DeconvSC,0.6476068614482248
HCA_fold2,gene,DeconvSC,0.5966393520656619
HCA_fold2,gene,DeconvSC,0.7893248315910673
HCA_fold2,gene,DeconvSC,0.7027743085119323
HCA_fold2,gene,DeconvSC,0.8823446802636555
HCA_fold2,gene,DeconvSC,0.5631599713994224
HCA_fold2,gene,DeconvSC,0.6945345634083037
HCA_fold2,gene,DeconvSC,0.7385895185807833
HCA_fold2,gene,DeconvSC,0.7382909019903908
HCA_fold2,gene,DeconvSC,0.7851165821187646
HCA_fold2,gene,DeconvSC,0.9099347446024304
HCA_fold2,gene,DeconvSC,0.4938951056292717
HCA_fold2,gene,DeconvSC,0.7529024217269323
HCA_fold2,gene,DeconvSC,0.7448462283893735
HCA_fold2,gene,DeconvSC,0.8462728596014958
HCA_fold2,gene,DeconvSC,0.8468752908072963
HCA_fold2,gene,DeconvSC,0.6685554813367898
HCA_fold2,gene,DeconvSC,0.7970049684554668
HCA_fold2,gene,DeconvSC,0.6988538302347416
HCA_fold2,gene,DeconvSC,0.6713137624981281
HCA_fold2,gene,DeconvSC,0.8551856432852352
HCA_fold2,gene,DeconvSC,0.2743075773174154
HCA_fold2,gene,DeconvSC,0.8161882335980797
HCA_fold2,gene,DeconvSC,0.5599020691890187
HCA_fold2,gene,DeconvSC,0.7195254326064481
HCA_fold2,gene,DeconvSC,0.5910746065680362
HCA_fold2,gene,DeconvSC,0.4927145116795501
HCA_fold2,gene,DeconvSC,0.2667288221309854
HCA_fold2,gene,DeconvSC,0.8889955901711528
HCA_fold2,gene,DeconvSC,0.7832095088530545
HCA_fold2,gene,DeconvSC,0.2358979818111591
HCA_fold2,gene,DeconvSC,0.2481495386123431
HCA_fold2,gene,DeconvSC,0.7693549045195986
HCA_fold2,gene,DeconvSC,0.8420106157175503
HCA_fold2,gene,DeconvSC,0.2526617076112117
HCA_fold2,gene,DeconvSC,0.7043785286502229
HCA_fold2,gene,DeconvSC,0.7205830089331549
HCA_fold2,gene,DeconvSC,0.7092361758735106
HCA_fold2,gene,DeconvSC,0.734271177722789
HCA_fold2,gene,DeconvSC,0.700041974071308
HCA_fold2,gene,DeconvSC,0.6621360983241391
HCA_fold2,gene,DeconvSC,0.6947889010136372
HCA_fold2,gene,DeconvSC,0.5076491055150496
HCA_fold2,gene,DeconvSC,0.8053916950847327
HCA_fold2,gene,DeconvSC,0.8969142034686848
HCA_fold2,gene,DeconvSC,0.7256912854196336
HCA_fold2,gene,DeconvSC,0.8901150674723682
HCA_fold2,gene,DeconvSC,0.8272121252645277
HCA_fold2,gene,DeconvSC,0.8320706121398064
HCA_fold2,gene,DeconvSC,0.3499948376244426
HCA_fold2,gene,DeconvSC,0.8474940185072635
HCA_fold2,gene,DeconvSC,0.5773919012619043
HCA_fold2,gene,DeconvSC,0.5734608201059707
HCA_fold2,gene,DeconvSC,0.8040134884491383
HCA_fold2,gene,DeconvSC,0.8369927117215109
HCA_fold2,gene,DeconvSC,0.8872326419990791
HCA_fold2,gene,DeconvSC,0.3996668887015606
HCA_fold2,gene,DeconvSC,0.8167831032495613
HCA_fold2,gene,DeconvSC,0.8177986622819745
HCA_fold2,gene,DeconvSC,0.7797794870472046
HCA_fold2,gene,DeconvSC,0.8380244707488551
HCA_fold2,gene,DeconvSC,0.849968820044414
HCA_fold2,gene,DeconvSC,0.535251249489492
HCA_fold2,gene,DeconvSC,0.7122580890416386
HCA_fold2,gene,DeconvSC,0.7808895166742971
HCA_fold2,gene,DeconvSC,0.8606959919655855
HCA_fold2,gene,DeconvSC,0.7201177998616097
HCA_fold2,gene,DeconvSC,0.6211175049186597
HCA_fold2,gene,DeconvSC,0.4237481096713745
HCA_fold2,gene,DeconvSC,0.7244256437194133
HCA_fold2,gene,DeconvSC,0.8036090530756055
HCA_fold2,gene,DeconvSC,0.8150407024288641
HCA_fold2,gene,DeconvSC,0.6671594602664197
HCA_fold2,gene,DeconvSC,0.3861717143668793
HCA_fold2,gene,DeconvSC,0.794913758417762
HCA_fold2,gene,DeconvSC,0.5133791953643664
HCA_fold2,gene,DeconvSC,0.7077075117805196
HCA_fold2,gene,DeconvSC,0.8742797199980775
HCA_fold2,gene,DeconvSC,0.6359651682167111
HCA_fold2,gene,DeconvSC,0.7275973616414899
HCA_fold2,gene,DeconvSC,0.5662534402046683
HCA_fold2,gene,DeconvSC,0.2803627250959004
HCA_fold2,gene,DeconvSC,0.8252219503968058
HCA_fold2,gene,DeconvSC,0.674868145016631
HCA_fold2,gene,DeconvSC,0.8105894465066555
HCA_fold2,gene,DeconvSC,0.4406044284271985
HCA_fold2,gene,DeconvSC,0.8588948237488112
HCA_fold2,gene,DeconvSC,0.8970540518496661
HCA_fold2,gene,DeconvSC,0.7474508681673603
HCA_fold2,gene,DeconvSC,0.8674495511614917
HCA_fold2,gene,DeconvSC,0.4366374049226674
HCA_fold2,gene,DeconvSC,0.5215484078721964
HCA_fold2,gene,DeconvSC,0.8840184532762273
HCA_fold2,gene,DeconvSC,0.5875622342836517
HCA_fold2,gene,DeconvSC,0.6671154126738459
HCA_fold2,gene,DeconvSC,0.7028912818596005
HCA_fold2,gene,DeconvSC,0.8546308578331316
HCA_fold2,gene,DeconvSC,0.7263454724976395
HCA_fold2,gene,DeconvSC,0.865579195891456
HCA_fold2,gene,DeconvSC,0.902117696769482
HCA_fold2,gene,DeconvSC,0.7959558919941861
HCA_fold2,gene,DeconvSC,0.7627187813023502
HCA_fold2,gene,DeconvSC,0.2996220558539552
HCA_fold2,gene,DeconvSC,0.7775819369764085
HCA_fold2,gene,DeconvSC,0.5954888218618106
HCA_fold2,gene,DeconvSC,0.8364477864171274
HCA_fold2,gene,DeconvSC,0.8913989692086871
HCA_fold2,gene,DeconvSC,0.7873909312226366
HCA_fold2,gene,DeconvSC,0.7160585113297926
HCA_fold2,gene,DeconvSC,0.7157830353477538
HCA_fold2,gene,DeconvSC,0.7194633334357858
HCA_fold2,gene,DeconvSC,0.7237274739248354
HCA_fold2,gene,DeconvSC,0.7636841014806717
HCA_fold2,gene,DeconvSC,0.9344198936002406
HCA_fold2,gene,DeconvSC,0.7987683572268202
HCA_fold2,gene,DeconvSC,0.8516961949881404
HCA_fold2,gene,DeconvSC,0.2778659797318367
HCA_fold2,gene,DeconvSC,0.8206385804788516
HCA_fold2,gene,DeconvSC,0.8838572124463714
HCA_fold2,gene,DeconvSC,0.6138319212234657
HCA_fold2,gene,DeconvSC,0.6502754165749433
HCA_fold2,gene,DeconvSC,0.8534625522363528
HCA_fold2,gene,DeconvSC,0.910432201700082
HCA_fold2,gene,DeconvSC,0.7825168164685107
HCA_fold2,gene,DeconvSC,0.7240544392624393
HCA_fold2,gene,DeconvSC,0.6813869282812887
HCA_fold2,gene,DeconvSC,0.3818605944806431
HCA_fold2,gene,DeconvSC,0.7280526450658403
HCA_fold2,gene,DeconvSC,0.8248549015695111
HCA_fold2,gene,DeconvSC,0.6593195115640577
HCA_fold2,gene,DeconvSC,0.7517575915611973
HCA_fold2,gene,DeconvSC,0.6559556566814745
HCA_fold2,gene,DeconvSC,0.7400140418727874
HCA_fold2,gene,DeconvSC,0.2593795817943182
HCA_fold2,gene,DeconvSC,0.8864307803652994
HCA_fold2,gene,DeconvSC,0.7469555472781728
HCA_fold2,gene,DeconvSC,0.6890729175194866
HCA_fold2,gene,DeconvSC,0.6790875732505486
HCA_fold2,gene,DeconvSC,0.8525383598393462
HCA_fold2,gene,DeconvSC,0.7243093892957485
HCA_fold2,gene,DeconvSC,0.5343563695216187
HCA_fold2,gene,DeconvSC,0.7696141007627564
HCA_fold2,gene,DeconvSC,0.7068211700518425
HCA_fold2,gene,DeconvSC,0.7455565123771856
HCA_fold2,gene,DeconvSC,0.7401343698144585
HCA_fold2,gene,DeconvSC,0.82362345608489
HCA_fold2,gene,DeconvSC,0.3252128175029299
HCA_fold2,gene,DeconvSC,0.7186789752066004
HCA_fold2,gene,DeconvSC,0.8261612092222254
HCA_fold2,gene,DeconvSC,0.6813312489259359
HCA_fold2,gene,DeconvSC,0.6003038062377763
HCA_fold2,gene,DeconvSC,0.5527092293917595
HCA_fold2,gene,DeconvSC,0.7744196842582428
HCA_fold2,gene,DeconvSC,0.6082881968407657
HCA_fold2,gene,DeconvSC,0.8539824328163499
HCA_fold2,gene,DeconvSC,0.770851537657411
HCA_fold2,gene,DeconvSC,0.8268123305527343
HCA_fold2,gene,DeconvSC,0.8985331542339228
HCA_fold2,gene,DeconvSC,0.6882117967110923
HCA_fold2,gene,DeconvSC,0.7887335617634591
HCA_fold2,gene,DeconvSC,0.8500835415817184
HCA_fold2,gene,DeconvSC,0.8355472363850338
HCA_fold2,gene,DeconvSC,0.7731482856667437
HCA_fold2,gene,DeconvSC,0.7476602890866402
HCA_fold2,gene,DeconvSC,0.8478299247728965
HCA_fold2,gene,DeconvSC,0.7521427491360303
HCA_fold2,gene,DeconvSC,0.6237170286185801
HCA_fold2,gene,DeconvSC,0.8054994279168788
HCA_fold2,gene,DeconvSC,0.6333163575467704
HCA_fold2,gene,DeconvSC,0.4969808456542974
HCA_fold2,gene,DeconvSC,0.8232180918724383
HCA_fold2,gene,DeconvSC,0.5870068823325003
HCA_fold2,gene,DeconvSC,0.6678461228139008
HCA_fold2,gene,DeconvSC,0.7340271543240324
HCA_fold2,gene,DeconvSC,0.6418377437170879
HCA_fold2,gene,DeconvSC,0.5374176883160382
HCA_fold2,gene,DeconvSC,0.6112220683144005
HCA_fold2,gene,DeconvSC,0.8992296695753607
HCA_fold2,gene,DeconvSC,0.5762475617659838
HCA_fold2,gene,DeconvSC,0.8131344505473058
HCA_fold2,gene,DeconvSC,0.5458933751367219
HCA_fold2,gene,DeconvSC,0.7406032804599619
HCA_fold2,gene,DeconvSC,0.2864026212635454
HCA_fold2,gene,DeconvSC,0.7805642668256785
HCA_fold2,gene,DeconvSC,0.8715427511225159
HCA_fold2,gene,DeconvSC,0.6976992663500219
HCA_fold2,gene,DeconvSC,0.7690716939716415
HCA_fold2,gene,DeconvSC,0.7492386095099773
HCA_fold2,gene,DeconvSC,0.645867544294684
HCA_fold2,gene,DeconvSC,0.9034988825122452
HCA_fold2,gene,DeconvSC,0.6283787993428286
HCA_fold2,gene,DeconvSC,0.8030067863917818
HCA_fold2,gene,DeconvSC,0.7618562072723374
HCA_fold2,gene,DeconvSC,0.8800683133144874
HCA_fold2,gene,DeconvSC,0.7281303883581075
HCA_fold2,gene,DeconvSC,0.6978892586151417
HCA_fold2,gene,DeconvSC,0.7760608892281262
HCA_fold2,gene,DeconvSC,0.6947260113853282
HCA_fold2,gene,DeconvSC,0.8441923807237334
HCA_fold2,gene,DeconvSC,0.8344021256472747
HCA_fold2,gene,DeconvSC,0.7364382428571425
HCA_fold2,gene,DeconvSC,0.5293341639739164
HCA_fold2,gene,DeconvSC,0.8531163342651135
HCA_fold2,gene,DeconvSC,0.7045997583603577
HCA_fold2,gene,DeconvSC,0.6296426218062694
HCA_fold2,gene,DeconvSC,0.8675795683423029
HCA_fold2,gene,DeconvSC,0.3637930103450589
HCA_fold2,gene,DeconvSC,0.6830594460207853
HCA_fold2,gene,DeconvSC,0.8576972960123231
HCA_fold2,gene,DeconvSC,0.8347762651933314
HCA_fold2,gene,DeconvSC,0.7982627990990775
HCA_fold2,gene,DeconvSC,0.5525662388428686
HCA_fold2,gene,DeconvSC,0.5785825680662439
HCA_fold2,gene,DeconvSC,0.5933296296270354
HCA_fold2,gene,DeconvSC,0.6166444163043828
HCA_fold2,gene,DeconvSC,0.7637436322793433
HCA_fold2,gene,DeconvSC,0.7743418005342863
HCA_fold2,gene,DeconvSC,0.7316808985266475
HCA_fold2,gene,DeconvSC,0.7502736600748267
HCA_fold2,gene,DeconvSC,0.8625645920779857
HCA_fold2,gene,DeconvSC,0.5597985932240832
HCA_fold2,gene,DeconvSC,0.6161253424429097
HCA_fold2,gene,DeconvSC,0.8973866195659901
HCA_fold2,gene,DeconvSC,0.8114466444471277
HCA_fold2,gene,DeconvSC,0.5906547788462704
HCA_fold2,gene,DeconvSC,0.5877890479207054
HCA_fold2,gene,DeconvSC,0.8402106140161337
HCA_fold2,gene,DeconvSC,0.5475478086386713
HCA_fold2,gene,DeconvSC,0.8113395520873969
HCA_fold2,gene,DeconvSC,0.8824098425161361
HCA_fold2,gene,DeconvSC,0.8760439787666667
HCA_fold2,gene,DeconvSC,0.8662269473241219
HCA_fold2,gene,DeconvSC,0.746194663673392
HCA_fold2,gene,DeconvSC,0.3977059317209688
HCA_fold2,gene,DeconvSC,0.8898389592420619
HCA_fold2,gene,DeconvSC,0.5777185488613588
HCA_fold2,gene,DeconvSC,0.5742755421855215
HCA_fold2,gene,DeconvSC,0.8293646293136371
HCA_fold2,gene,DeconvSC,0.651353820479927
HCA_fold2,gene,DeconvSC,0.753415334393078
HCA_fold2,gene,DeconvSC,0.8852839261717013
HCA_fold2,gene,DeconvSC,0.7760160779606882
HCA_fold2,gene,DeconvSC,0.6122007281636729
HCA_fold2,gene,DeconvSC,0.6354849201413019
HCA_fold2,gene,DeconvSC,0.7344038965634498
HCA_fold2,gene,DeconvSC,0.8373247409661627
HCA_fold2,gene,DeconvSC,0.8243248317393058
HCA_fold2,gene,DeconvSC,0.8264801557249664
HCA_fold2,gene,DeconvSC,0.825559351406086
HCA_fold2,gene,DeconvSC,0.8601924172462653
HCA_fold2,gene,DeconvSC,0.8472020505963388
HCA_fold2,gene,DeconvSC,0.5828067373159264
HCA_fold2,gene,DeconvSC,0.3576642055902028
HCA_fold2,gene,DeconvSC,0.7106350854798019
HCA_fold2,gene,DeconvSC,0.7728089740014005
HCA_fold2,gene,DeconvSC,0.8989507408554043
HCA_fold2,gene,DeconvSC,0.910179373908857
HCA_fold2,gene,DeconvSC,0.8278730349377019
HCA_fold2,gene,DeconvSC,0.7739533610516299
HCA_fold2,gene,DeconvSC,0.7404399198620265
HCA_fold2,gene,DeconvSC,0.7950466681310958
HCA_fold2,gene,DeconvSC,0.8782580245414099
HCA_fold2,gene,DeconvSC,0.7746495666908624
HCA_fold2,gene,DeconvSC,0.8422591403058752
HCA_fold2,gene,DeconvSC,0.7827271546511778
HCA_fold2,gene,DeconvSC,0.6499522360064292
HCA_fold2,gene,DeconvSC,0.7986822482534205
HCA_fold2,gene,DeconvSC,0.7928451546001442
HCA_fold2,gene,DeconvSC,0.3545416282713174
HCA_fold2,gene,DeconvSC,0.843724285318645
HCA_fold2,gene,DeconvSC,0.9120279408537092
HCA_fold2,gene,DeconvSC,0.7154679090443977
HCA_fold2,gene,DeconvSC,0.6284887693097169
HCA_fold2,gene,DeconvSC,0.7821074270345771
HCA_fold2,gene,DeconvSC,0.7595966121148084
HCA_fold2,gene,DeconvSC,0.8996358150886583
HCA_fold2,gene,DeconvSC,0.8026998092234784
HCA_fold2,gene,DeconvSC,0.7312726710815406
HCA_fold2,gene,DeconvSC,0.780044089910246
HCA_fold2,gene,DeconvSC,0.8656012414816038
HCA_fold2,gene,DeconvSC,0.8525796828043056
HCA_fold2,gene,DeconvSC,0.7441093891159295
HCA_fold2,gene,DeconvSC,0.7500014246899186
HCA_fold2,gene,DeconvSC,0.7916708964334408
HCA_fold2,gene,DeconvSC,0.9016141806320856
HCA_fold2,gene,DeconvSC,0.8025137241663987
HCA_fold2,gene,DeconvSC,0.8172542699416304
HCA_fold2,gene,DeconvSC,0.8560002527605278
HCA_fold2,gene,DeconvSC,0.3177833779932023
HCA_fold2,gene,DeconvSC,0.5891804306488804
HCA_fold2,gene,DeconvSC,0.9035957793444556
HCA_fold2,gene,DeconvSC,0.8811553185787434
HCA_fold2,gene,DeconvSC,0.65515997034711
HCA_fold2,gene,DeconvSC,0.8604801859857829
HCA_fold2,gene,DeconvSC,0.815004484207851
HCA_fold2,gene,DeconvSC,0.6606656829937897
HCA_fold2,gene,DeconvSC,0.8111327137225918
HCA_fold2,gene,DeconvSC,0.7709745240662896
HCA_fold2,gene,DeconvSC,0.6497957401829608
HCA_fold2,gene,DeconvSC,0.3180277952175907
HCA_fold2,gene,DeconvSC,0.8753041498520884
HCA_fold2,gene,DeconvSC,0.527993065491839
HCA_fold2,gene,DeconvSC,0.8792935815226269
HCA_fold2,gene,DeconvSC,0.8652368592081072
HCA_fold2,gene,DeconvSC,0.4473567308599036
HCA_fold2,gene,DeconvSC,0.6785354541737315
HCA_fold2,gene,DeconvSC,0.6729941573979135
HCA_fold2,gene,DeconvSC,0.8986823095471702
HCA_fold2,gene,DeconvSC,0.831223319881475
HCA_fold2,gene,DeconvSC,0.7334552059402489
HCA_fold2,gene,DeconvSC,0.7720571980923834
HCA_fold2,gene,DeconvSC,0.9127068905856254
HCA_fold2,gene,DeconvSC,0.8574933496610365
HCA_fold2,gene,DeconvSC,0.4026699161546306
HCA_fold2,gene,DeconvSC,0.5597502676190855
HCA_fold2,gene,DeconvSC,0.77244508116892
HCA_fold2,gene,DeconvSC,0.6593945040524437
HCA_fold2,gene,DeconvSC,0.780476261995655
HCA_fold2,gene,DeconvSC,0.6614525108680831
HCA_fold2,gene,DeconvSC,0.8781617831703873
HCA_fold2,gene,DeconvSC,0.8299911125959812
HCA_fold2,gene,DeconvSC,0.6082094762845486
HCA_fold2,gene,DeconvSC,0.4603438466240423
HCA_fold2,gene,DeconvSC,0.4448522694669596
HCA_fold2,gene,DeconvSC,0.8504465603711854
HCA_fold2,gene,DeconvSC,0.8316044596452206
HCA_fold2,gene,DeconvSC,0.8493057551142481
HCA_fold2,gene,DeconvSC,0.8915869243438675
HCA_fold2,gene,DeconvSC,0.857125212356094
HCA_fold2,gene,DeconvSC,0.8880236883485653
HCA_fold2,gene,DeconvSC,0.3969191302812231
HCA_fold2,gene,DeconvSC,0.8184596584006172
HCA_fold2,gene,DeconvSC,0.4848728053164823
HCA_fold2,gene,DeconvSC,0.8335445066821212
HCA_fold2,gene,DeconvSC,0.8531640905360619
HCA_fold2,gene,DeconvSC,0.8361395131180882
HCA_fold2,gene,DeconvSC,0.7235273843405539
HCA_fold2,gene,DeconvSC,0.8027045092344958
HCA_fold2,gene,DeconvSC,0.8409678345223799
HCA_fold2,gene,DeconvSC,0.7672146618847776
HCA_fold2,gene,DeconvSC,0.7309731171431026
HCA_fold2,gene,DeconvSC,0.5757737038398845
HCA_fold2,gene,DeconvSC,0.5407121440932512
HCA_fold2,gene,DeconvSC,0.7194241728330393
HCA_fold2,gene,DeconvSC,0.6480152442384379
HCA_fold2,gene,DeconvSC,0.4469681919100051
HCA_fold2,gene,DeconvSC,0.4608747444512166
HCA_fold2,gene,DeconvSC,0.7819063959688755
HCA_fold2,gene,DeconvSC,0.3087722550806381
HCA_fold2,gene,DeconvSC,0.659087590729263
HCA_fold2,gene,DeconvSC,0.892620410426915
HCA_fold2,gene,DeconvSC,0.4317763630169856
HCA_fold2,gene,DeconvSC,0.7647107797900984
HCA_fold2,gene,DeconvSC,0.5264757863225134
HCA_fold2,gene,DeconvSC,0.742300211489978
HCA_fold2,gene,DeconvSC,0.8604212242218523
HCA_fold2,gene,DeconvSC,0.7951545074028579
HCA_fold2,gene,DeconvSC,0.7737363349127445
HCA_fold2,gene,DeconvSC,0.7952386353567555
HCA_fold2,gene,DeconvSC,0.7888303288993421
HCA_fold2,gene,DeconvSC,0.7652942885766586
HCA_fold2,gene,DeconvSC,0.8070991075806349
HCA_fold2,gene,DeconvSC,0.9087086074395392
HCA_fold2,gene,DeconvSC,0.5640203391066977
HCA_fold2,gene,DeconvSC,0.7332592014201079
HCA_fold2,gene,DeconvSC,0.5119681052997003
HCA_fold2,gene,DeconvSC,0.8275954740058777
HCA_fold2,gene,DeconvSC,0.8626927733414329
HCA_fold2,gene,DeconvSC,0.6019982975537813
HCA_fold2,gene,DeconvSC,0.6859956127339983
HCA_fold2,gene,DeconvSC,0.8399382623906071
HCA_fold2,gene,DeconvSC,0.5855592262369737
HCA_fold2,gene,DeconvSC,0.5947041592301947
HCA_fold2,gene,DeconvSC,0.8348439987245242
HCA_fold2,gene,DeconvSC,0.823450806849166
HCA_fold2,gene,DeconvSC,0.7255374880684194
HCA_fold2,gene,DeconvSC,0.8430386600735781
HCA_fold2,gene,DeconvSC,0.865861755949239
HCA_fold2,gene,DeconvSC,0.3586421290809547
HCA_fold2,gene,DeconvSC,0.6004783273800529
HCA_fold2,gene,DeconvSC,0.7527659554462234
HCA_fold2,gene,DeconvSC,0.760790445235048
HCA_fold2,gene,DeconvSC,0.6691882621769232
HCA_fold2,gene,DeconvSC,0.4394432883492378
HCA_fold2,gene,DeconvSC,0.7289873993760131
HCA_fold2,gene,DeconvSC,0.7559985928780929
HCA_fold2,gene,DeconvSC,0.7017775876268005
HCA_fold2,gene,DeconvSC,0.8279882126175603
HCA_fold2,gene,DeconvSC,0.7513658680957673
HCA_fold2,gene,DeconvSC,0.8307827202950527
HCA_fold2,gene,DeconvSC,0.6487575183511701
HCA_fold2,gene,DeconvSC,0.8170828643910343
HCA_fold2,gene,DeconvSC,0.703561545600009
HCA_fold2,gene,DeconvSC,0.8567160955340167
HCA_fold2,gene,DeconvSC,0.6786618835506412
HCA_fold2,gene,DeconvSC,0.5901916377211499
HCA_fold2,gene,DeconvSC,0.7255915321967539
HCA_fold2,gene,DeconvSC,0.4588725025927743
GSE141115,profile,BayesPrism,0.3921122432751771
GSE141115,profile,BayesPrism,0.6210007063362722
GSE141115,profile,BayesPrism,0.8064527890601834
GSE141115,profile,BayesPrism,0.540188256761974
GSE141115,profile,BayesPrism,0.660885345543368
GSE141115,profile,BayesPrism,0.8561092678807813
GSE141115,profile,BayesPrism,0.6827299217482822
GSE141115,profile,BayesPrism,0.8058028295934818
GSE141115,profile,BayesPrism,0.7006399846879219
GSE141115,profile,BayesPrism,0.5598291369438028
GSE141115,profile,BayesPrism,0.5366250447152825
GSE141115,profile,BayesPrism,0.8311278562764016
GSE141115,profile,BayesPrism,0.8636882540197166
GSE141115,profile,BayesPrism,0.622603195557038
GSE141115,profile,BayesPrism,0.7354502189570857
GSE141115,profile,BayesPrism,0.5701417972818532
GSE141115,profile,BayesPrism,0.3964453789900866
GSE141115,profile,BayesPrism,0.6175443685500461
GSE141115,profile,BayesPrism,0.8237633181724471
GSE141115,profile,BayesPrism,0.6205716634673589
GSE141115,profile,BayesPrism,0.667424037521594
GSE141115,profile,BayesPrism,0.8524201476715526
GSE141115,profile,BayesPrism,0.7532116425235212
GSE141115,profile,BayesPrism,0.8056264899066793
GSE141115,profile,BayesPrism,0.7313983535589373
GSE141115,profile,BayesPrism,0.549054505844238
GSE141115,profile,BayesPrism,0.8307912455958956
GSE141115,profile,BayesPrism,0.8711358289937602
GSE141115,profile,BayesPrism,0.6450896977361639
GSE141115,profile,BayesPrism,0.7494731344744752
GSE141115,profile,BayesPrism,0.6692746507938304
GSE141115,profile,BayesPrism,0.4434387546173731
GSE141115,profile,BayesPrism,0.7141520901148017
GSE141115,profile,BayesPrism,0.7967034299947727
GSE141115,profile,BayesPrism,0.4898601136301052
GSE141115,profile,BayesPrism,0.6269958226958802
GSE141115,profile,BayesPrism,0.8582996748898162
GSE141115,profile,BayesPrism,0.7295524000982725
GSE141115,profile,BayesPrism,0.8197648660148815
GSE141115,profile,BayesPrism,0.7113818137830126
GSE141115,profile,BayesPrism,0.6132340335065122
GSE141115,profile,BayesPrism,0.5206830433549006
GSE141115,profile,BayesPrism,0.8308800182959392
GSE141115,profile,BayesPrism,0.871169659603935
GSE141115,profile,BayesPrism,0.6015565414828167
GSE141115,profile,BayesPrism,0.7443588936988764
GSE141115,profile,DISSECT,0.7277629036424804
GSE141115,profile,DISSECT,0.668980862899076
GSE141115,profile,DISSECT,0.7711496896044118
GSE141115,profile,DISSECT,0.809423817072814
GSE141115,profile,DISSECT,0.8026838436111524
GSE141115,profile,DISSECT,0.7217332618436715
GSE141115,profile,DISSECT,0.7310321811613613
GSE141115,profile,DISSECT,0.7398717559536603
GSE141115,profile,DISSECT,0.6925353006711074
GSE141115,profile,DISSECT,0.6940682536328306
GSE141115,profile,DISSECT,0.6738942477063972
GSE141115,profile,DISSECT,0.7093427855979484
GSE141115,profile,DISSECT,0.7642923129252046
GSE141115,profile,DISSECT,0.734259456824824
GSE141115,profile,DISSECT,0.757964702163191
GSE141115,profile,DISSECT,0.7637298979701177
GSE141115,profile,DISSECT,0.7583323912021442
GSE141115,profile,DISSECT,0.7845470416586406
GSE141115,profile,DISSECT,0.7880637235755803
GSE141115,profile,DISSECT,0.7806463532018146
GSE141115,profile,DISSECT,0.8494933599329137
GSE141115,profile,DISSECT,0.7319262959698898
GSE141115,profile,DISSECT,0.835824970700832
GSE141115,profile,DISSECT,0.7360789498304435
GSE141115,profile,DISSECT,0.7441377482018448
GSE141115,profile,DISSECT,0.7535159168298156
GSE141115,profile,DISSECT,0.6778343948893819
GSE141115,profile,DISSECT,0.7290029101327536
GSE141115,profile,DISSECT,0.762353766670746
GSE141115,profile,DISSECT,0.615130457221676
GSE141115,profile,DISSECT,0.5880899527910989
GSE141115,profile,DISSECT,0.5444917121133384
GSE141115,profile,DISSECT,0.6650638364942048
GSE141115,profile,DISSECT,0.6349296771340632
GSE141115,profile,DISSECT,0.7355958536402913
GSE141115,profile,DISSECT,0.7597829280580978
GSE141115,profile,DISSECT,0.7481914918377336
GSE141115,profile,DISSECT,0.8951347450323712
GSE141115,profile,DISSECT,0.8596639267333221
GSE141115,profile,DISSECT,0.847708068749889
GSE141115,profile,DISSECT,0.6596602016592787
GSE141115,profile,DISSECT,0.6531926427579112
GSE141115,profile,DISSECT,0.6692109181785403
GSE141115,profile,DISSECT,0.7245573056703308
GSE141115,profile,DISSECT,0.7466722583396006
GSE141115,profile,DISSECT,0.7250103226664875
GSE141115,profile,TAPE,0.771265981800278
GSE141115,profile,TAPE,0.742571053019969
GSE141115,profile,TAPE,0.7609430688338363
GSE141115,profile,TAPE,0.7657380961448604
GSE141115,profile,TAPE,0.7633812801296629
GSE141115,profile,TAPE,0.7496660832257861
GSE141115,profile,TAPE,0.7423089919862372
GSE141115,profile,TAPE,0.7467384224541901
GSE141115,profile,TAPE,-0.1286824813452084
GSE141115,profile,TAPE,-0.1117110266289628
GSE141115,profile,TAPE,-0.1142776554507269
GSE141115,profile,TAPE,0.7319392946018034
GSE141115,profile,TAPE,0.7325363584315914
GSE141115,profile,TAPE,0.7309154654221811
GSE141115,profile,TAPE,0.6869447482623338
GSE141115,profile,TAPE,0.6935213770230626
GSE141115,profile,TAPE,0.6825817233400949
GSE141115,profile,TAPE,0.7204898140619312
GSE141115,profile,TAPE,0.6933837355098748
GSE141115,profile,TAPE,0.7149116153376084
GSE141115,profile,TAPE,0.8430716082865441
GSE141115,profile,TAPE,0.819483738993459
GSE141115,profile,TAPE,0.8601594994754586
GSE141115,profile,TAPE,0.663127709771206
GSE141115,profile,TAPE,0.6166037958007723
GSE141115,profile,TAPE,0.5985390276815543
GSE141115,profile,TAPE,0.86270536968613
GSE141115,profile,TAPE,0.8607206191715169
GSE141115,profile,TAPE,0.8646272180209326
GSE141115,profile,TAPE,0.7664042715283678
GSE141115,profile,TAPE,0.7731322763818361
GSE141115,profile,TAPE,0.7458713043353971
GSE141115,profile,TAPE,-0.0532429331608304
GSE141115,profile,TAPE,-0.0429996955898464
GSE141115,profile,TAPE,0.3656551965560705
GSE141115,profile,TAPE,0.3598149798252505
GSE141115,profile,TAPE,0.3408587243982115
GSE141115,profile,TAPE,0.7717970833753812
GSE141115,profile,TAPE,0.7493690868839431
GSE141115,profile,TAPE,0.7678238613101586
GSE141115,profile,TAPE,0.8100855014295337
GSE141115,profile,TAPE,0.8120736734763735
GSE141115,profile,TAPE,0.7910301199732911
GSE141115,profile,TAPE,-0.0644000660407802
GSE141115,profile,TAPE,-0.063454482102518
GSE141115,profile,TAPE,-0.0661521709962998
GSE141115,profile,DeconvSC,0.8954333391793798
GSE141115,profile,DeconvSC,0.9348426474153738
GSE141115,profile,DeconvSC,0.9101902512693152
GSE141115,profile,DeconvSC,0.8480205023531755
GSE141115,profile,DeconvSC,0.9299516580494602
GSE141115,profile,DeconvSC,0.9223568991527188
GSE141115,profile,DeconvSC,0.9369989077754534
GSE141115,profile,DeconvSC,0.9425314285211492
GSE141115,profile,DeconvSC,0.9206718747973394
GSE141115,profile,DeconvSC,0.932774999375372
GSE141115,profile,DeconvSC,0.893971153500949
GSE141115,profile,DeconvSC,0.937217420280258
GSE141115,profile,DeconvSC,0.9487726925616584
GSE141115,profile,DeconvSC,0.9416956445365188
GSE141115,profile,DeconvSC,0.8884608788179776
GSE141115,gene,BayesPrism,0.6290747239265176
GSE141115,gene,BayesPrism,0.7934384325986316
GSE141115,gene,BayesPrism,0.4594026048135294
GSE141115,gene,BayesPrism,0.9580374945605324
GSE141115,gene,BayesPrism,0.8397503656404813
GSE141115,gene,BayesPrism,0.7842734417999639
GSE141115,gene,BayesPrism,0.6369870255674623
GSE141115,gene,BayesPrism,0.6716944407581962
GSE141115,gene,BayesPrism,0.3881760600447939
GSE141115,gene,BayesPrism,0.792033431210838
GSE141115,gene,BayesPrism,0.4825152702069991
GSE141115,gene,BayesPrism,0.4876041751064496
GSE141115,gene,BayesPrism,0.9029490989294604
GSE141115,gene,BayesPrism,0.7660237646384858
GSE141115,gene,BayesPrism,0.8534358360646105
GSE141115,gene,BayesPrism,0.8197722103514106
GSE141115,gene,BayesPrism,0.7625970583531352
GSE141115,gene,BayesPrism,0.9036039015588244
GSE141115,gene,BayesPrism,0.8459196067304433
GSE141115,gene,BayesPrism,0.793173382235024
GSE141115,gene,BayesPrism,0.5045739941085119
GSE141115,gene,BayesPrism,0.4753634291889952
GSE141115,gene,BayesPrism,0.6993379128022351
GSE141115,gene,BayesPrism,0.8837159584563599
GSE141115,gene,BayesPrism,0.3559529881492693
GSE141115,gene,BayesPrism,0.3652569262433943
GSE141115,gene,BayesPrism,0.3886482541660325
GSE141115,gene,BayesPrism,0.417112464242874
GSE141115,gene,BayesPrism,0.5718469473383688
GSE141115,gene,BayesPrism,0.4816142175206058
GSE141115,gene,BayesPrism,0.5169173965247276
GSE141115,gene,BayesPrism,0.8065562927111433
GSE141115,gene,BayesPrism,0.679229444679259
GSE141115,gene,BayesPrism,0.4915568456710905
GSE141115,gene,BayesPrism,0.4589375466721829
GSE141115,gene,BayesPrism,0.6436396208539262
GSE141115,gene,BayesPrism,0.5388302396782694
GSE141115,gene,BayesPrism,0.7763365160376168
GSE141115,gene,BayesPrism,0.6906403871493701
GSE141115,gene,BayesPrism,0.6407759115396489
GSE141115,gene,BayesPrism,0.83869351890397
GSE141115,gene,BayesPrism,0.8174383858408655
GSE141115,gene,BayesPrism,0.5410013044226866
GSE141115,gene,BayesPrism,0.863333223531177
GSE141115,gene,BayesPrism,0.95207694056669
GSE141115,gene,BayesPrism,0.893899978182282
GSE141115,gene,BayesPrism,0.7771060544252031
GSE141115,gene,BayesPrism,0.930859165926344
GSE141115,gene,BayesPrism,0.3038373887206353
GSE141115,gene,BayesPrism,0.5191303999423751
GSE141115,gene,BayesPrism,0.8237833006206112
GSE141115,gene,BayesPrism,0.8965908586815
GSE141115,gene,BayesPrism,0.7427976623114689
GSE141115,gene,BayesPrism,0.8281329804904781
GSE141115,gene,BayesPrism,0.6830591628400082
GSE141115,gene,BayesPrism,0.6688136296625782
GSE141115,gene,BayesPrism,0.7649171583985616
GSE141115,gene,BayesPrism,0.7868231349513496
GSE141115,gene,BayesPrism,0.7625337773627329
GSE141115,gene,BayesPrism,0.8013320104764534
GSE141115,gene,BayesPrism,-0.0938521038504771
GSE141115,gene,BayesPrism,0.5805233990358372
GSE141115,gene,BayesPrism,0.6757867285461653
GSE141115,gene,BayesPrism,0.8235317547148493
GSE141115,gene,BayesPrism,0.9834231479520724
GSE141115,gene,BayesPrism,0.4342462578036419
GSE141115,gene,BayesPrism,0.7160915207717878
GSE141115,gene,BayesPrism,0.8485880878904313
GSE141115,gene,BayesPrism,0.6314972146311686
GSE141115,gene,BayesPrism,0.7145021608643574
GSE141115,gene,BayesPrism,0.8618013408828321
GSE141115,gene,BayesPrism,0.990494869488243
GSE141115,gene,BayesPrism,0.6071831435199841
GSE141115,gene,BayesPrism,0.7464584710310671
GSE141115,gene,BayesPrism,0.9231315017737391
GSE141115,gene,BayesPrism,0.8229489088765098
GSE141115,gene,BayesPrism,0.5041644278104549
GSE141115,gene,BayesPrism,0.7649112553748427
GSE141115,gene,BayesPrism,0.3728886287891838
GSE141115,gene,BayesPrism,0.4717293938764639
GSE141115,gene,BayesPrism,0.4207909401200622
GSE141115,gene,BayesPrism,0.7097159764102311
GSE141115,gene,BayesPrism,0.7441800108867521
GSE141115,gene,BayesPrism,0.9727561170270588
GSE141115,gene,BayesPrism,0.487685709760792
GSE141115,gene,BayesPrism,0.3776530649949662
GSE141115,gene,BayesPrism,0.8479530770451372
GSE141115,gene,BayesPrism,0.8989093404098477
GSE141115,gene,BayesPrism,0.5185265145736652
GSE141115,gene,BayesPrism,0.378764918886185
GSE141115,gene,BayesPrism,0.4447921357188838
GSE141115,gene,BayesPrism,0.6820021826401428
GSE141115,gene,BayesPrism,0.6755053918765616
GSE141115,gene,BayesPrism,0.8807197328928691
GSE141115,gene,BayesPrism,0.727810396959418
GSE141115,gene,BayesPrism,0.7844651924377095
GSE141115,gene,BayesPrism,0.8536621137901268
GSE141115,gene,BayesPrism,0.8629308258453308
GSE141115,gene,BayesPrism,0.9057897538587548
GSE141115,gene,BayesPrism,0.7808521607161667
GSE141115,gene,BayesPrism,0.4940982298835117
GSE141115,gene,BayesPrism,0.5954342493199521
GSE141115,gene,BayesPrism,0.8347238220060125
GSE141115,gene,BayesPrism,0.4685075667164121
GSE141115,gene,BayesPrism,0.2982129540296371
GSE141115,gene,BayesPrism,0.5309927487899829
GSE141115,gene,BayesPrism,0.5884137533662102
GSE141115,gene,BayesPrism,0.7528624374541728
GSE141115,gene,BayesPrism,0.7331540992089617
GSE141115,gene,BayesPrism,0.3585022831730431
GSE141115,gene,BayesPrism,0.3725472196184132
GSE141115,gene,BayesPrism,0.998143353954742
GSE141115,gene,BayesPrism,0.8198012189464138
GSE141115,gene,BayesPrism,0.4190701591335303
GSE141115,gene,BayesPrism,0.416472327839761
GSE141115,gene,BayesPrism,0.414323753852521
GSE141115,gene,BayesPrism,0.8648302253749062
GSE141115,gene,BayesPrism,0.2429870843624073
GSE141115,gene,BayesPrism,0.4351134985413568
GSE141115,gene,BayesPrism,0.7083318870762532
GSE141115,gene,BayesPrism,0.6874052476083166
GSE141115,gene,BayesPrism,0.5450043344772617
GSE141115,gene,BayesPrism,0.8162962229694636
GSE141115,gene,BayesPrism,0.8962656706042144
GSE141115,gene,BayesPrism,0.8270959252693406
GSE141115,gene,BayesPrism,0.696368004869923
GSE141115,gene,BayesPrism,0.7948923929681769
GSE141115,gene,BayesPrism,0.813859807209976
GSE141115,gene,BayesPrism,0.5816063218059438
GSE141115,gene,BayesPrism,0.7363396019501891
GSE141115,gene,BayesPrism,0.3329198281994966
GSE141115,gene,BayesPrism,0.7537260644937289
GSE141115,gene,BayesPrism,0.5820029064125004
GSE141115,gene,BayesPrism,0.4250898934453621
GSE141115,gene,BayesPrism,0.9196607934030304
GSE141115,gene,BayesPrism,0.6710177473511315
GSE141115,gene,BayesPrism,0.5008716146637574
GSE141115,gene,BayesPrism,0.6282815523694099
GSE141115,gene,BayesPrism,0.5335537068888628
GSE141115,gene,BayesPrism,0.6404043540360871
GSE141115,gene,BayesPrism,0.8006661457383747
GSE141115,gene,BayesPrism,0.7519173015064298
GSE141115,gene,BayesPrism,0.3625775685777949
GSE141115,gene,BayesPrism,0.6775825798158017
GSE141115,gene,BayesPrism,0.4716540814942419
GSE141115,gene,BayesPrism,0.9191887824705008
GSE141115,gene,BayesPrism,0.4769965361522097
GSE141115,gene,BayesPrism,0.3951445955349772
GSE141115,gene,BayesPrism,0.6795992684062226
GSE141115,gene,BayesPrism,0.5160359288313102
GSE141115,gene,BayesPrism,0.7142051593007963
GSE141115,gene,BayesPrism,0.5048825341277601
GSE141115,gene,BayesPrism,0.76304577354658
GSE141115,gene,BayesPrism,0.5754931215494795
GSE141115,gene,BayesPrism,0.802164200161599
GSE141115,gene,BayesPrism,0.858245572773523
GSE141115,gene,BayesPrism,0.8226881731691391
GSE141115,gene,BayesPrism,0.8107865795497977
GSE141115,gene,BayesPrism,0.5112832037914704
GSE141115,gene,BayesPrism,0.3716944453997494
GSE141115,gene,BayesPrism,0.719331152853889
GSE141115,gene,BayesPrism,0.6915190295155073
GSE141115,gene,BayesPrism,0.5546680506732373
GSE141115,gene,BayesPrism,0.862960181959817
GSE141115,gene,BayesPrism,0.7268359297980213
GSE141115,gene,BayesPrism,0.6070217882914695
GSE141115,gene,BayesPrism,0.7847154298145838
GSE141115,gene,BayesPrism,0.7757102645557123
GSE141115,gene,BayesPrism,0.5250429164039117
GSE141115,gene,BayesPrism,0.7131555986598989
GSE141115,gene,BayesPrism,0.9460118423972466
GSE141115,gene,BayesPrism,0.7860406356288852
GSE141115,gene,BayesPrism,0.7174841623366869
GSE141115,gene,BayesPrism,0.7929402364187903
GSE141115,gene,BayesPrism,0.7389021665661862
GSE141115,gene,BayesPrism,0.8914652784663274
GSE141115,gene,BayesPrism,0.2789864717169455
GSE141115,gene,BayesPrism,0.6482104371349541
GSE141115,gene,BayesPrism,0.5844583630371825
GSE141115,gene,BayesPrism,0.9875048642302112
GSE141115,gene,BayesPrism,0.4275755303133926
GSE141115,gene,BayesPrism,0.451164945377784
GSE141115,gene,BayesPrism,0.9925342397565534
GSE141115,gene,BayesPrism,0.838348303284955
GSE141115,gene,BayesPrism,0.3664321515629381
GSE141115,gene,BayesPrism,0.9881365818369614
GSE141115,gene,BayesPrism,0.8859670902526782
GSE141115,gene,BayesPrism,0.5767845410218801
GSE141115,gene,BayesPrism,0.6958210163554306
GSE141115,gene,BayesPrism,0.9880365858169174
GSE141115,gene,BayesPrism,0.9235156412620938
GSE141115,gene,BayesPrism,0.8421058034843225
GSE141115,gene,BayesPrism,0.7572640269575119
GSE141115,gene,BayesPrism,0.8130346449741165
GSE141115,gene,BayesPrism,0.8035476775816455
GSE141115,gene,BayesPrism,0.4104439972830223
GSE141115,gene,BayesPrism,-0.1594780975219962
GSE141115,gene,BayesPrism,0.5359954102530913
GSE141115,gene,BayesPrism,0.7969310202187405
GSE141115,gene,BayesPrism,0.6828035279823966
GSE141115,gene,BayesPrism,0.5815079279029531
GSE141115,gene,BayesPrism,0.6197593699781133
GSE141115,gene,BayesPrism,0.5384780387212883
GSE141115,gene,BayesPrism,0.8926549394142014
GSE141115,gene,BayesPrism,0.4133075266028626
GSE141115,gene,BayesPrism,0.9321537568017458
GSE141115,gene,BayesPrism,0.6564105711724122
GSE141115,gene,BayesPrism,0.8037729850773904
GSE141115,gene,BayesPrism,0.8721775223160209
GSE141115,gene,BayesPrism,0.7732831164768263
GSE141115,gene,BayesPrism,0.7204740078382295
GSE141115,gene,BayesPrism,0.7964878667225244
GSE141115,gene,BayesPrism,0.9889765464892324
GSE141115,gene,BayesPrism,0.8328064743998513
GSE141115,gene,BayesPrism,0.7958562365093242
GSE141115,gene,BayesPrism,0.6958274274278546
GSE141115,gene,BayesPrism,0.2873307070068637
GSE141115,gene,BayesPrism,0.8161900781666146
GSE141115,gene,BayesPrism,0.8315191532939578
GSE141115,gene,BayesPrism,0.6767377980677763
GSE141115,gene,BayesPrism,0.8414199319085398
GSE141115,gene,BayesPrism,0.7760305299530347
GSE141115,gene,BayesPrism,0.8292358373199712
GSE141115,gene,BayesPrism,0.9644112691467251
GSE141115,gene,BayesPrism,0.7854488430469037
GSE141115,gene,BayesPrism,0.8809232473304772
GSE141115,gene,BayesPrism,0.7155041837433139
GSE141115,gene,BayesPrism,0.9948888046999624
GSE141115,gene,BayesPrism,0.5665877980804624
GSE141115,gene,BayesPrism,0.7000443259121345
GSE141115,gene,BayesPrism,0.4258458684136952
GSE141115,gene,BayesPrism,0.2866931432807725
GSE141115,gene,BayesPrism,0.5154734426308737
GSE141115,gene,BayesPrism,0.3407272701166077
GSE141115,gene,BayesPrism,0.3233253273937399
GSE141115,gene,BayesPrism,0.4399200807874645
GSE141115,gene,BayesPrism,0.3518611918340323
GSE141115,gene,BayesPrism,0.0982049012947118
GSE141115,gene,BayesPrism,0.519679209224038
GSE141115,gene,BayesPrism,0.2790519674901415
GSE141115,gene,BayesPrism,0.5676548859451839
GSE141115,gene,BayesPrism,0.4443187027135877
GSE141115,gene,BayesPrism,0.3595644500523925
GSE141115,gene,BayesPrism,0.0421455472817609
GSE141115,gene,BayesPrism,0.4737112683426722
GSE141115,gene,BayesPrism,0.3647953999194783
GSE141115,gene,BayesPrism,0.1291330961434496
GSE141115,gene,BayesPrism,-0.0050626743387535
GSE141115,gene,BayesPrism,0.4443985058113069
GSE141115,gene,BayesPrism,0.4562482079579131
GSE141115,gene,BayesPrism,0.2949497195446757
GSE141115,gene,BayesPrism,0.2569112966445334
GSE141115,gene,BayesPrism,0.330164362959591
GSE141115,gene,BayesPrism,0.34753464595782
GSE141115,gene,BayesPrism,0.3316602119414866
GSE141115,gene,BayesPrism,0.1375294559439886
GSE141115,gene,BayesPrism,0.1767221250249972
GSE141115,gene,BayesPrism,0.5330310285218371
GSE141115,gene,BayesPrism,0.2467277256533955
GSE141115,gene,BayesPrism,0.3062013871138019
GSE141115,gene,BayesPrism,0.4081535946058821
GSE141115,gene,BayesPrism,0.171715357208089
GSE141115,gene,BayesPrism,0.2913824951772651
GSE141115,gene,BayesPrism,0.6961392026063038
GSE141115,gene,BayesPrism,0.2958444202113653
GSE141115,gene,BayesPrism,0.3695408306719603
GSE141115,gene,BayesPrism,0.2950754151025087
GSE141115,gene,BayesPrism,0.6247557986677404
GSE141115,gene,BayesPrism,0.7782457101722794
GSE141115,gene,BayesPrism,0.3972503904497624
GSE141115,gene,BayesPrism,0.5852268042408256
GSE141115,gene,BayesPrism,0.5899816415712754
GSE141115,gene,BayesPrism,-0.0300844877941673
GSE141115,gene,BayesPrism,0.8256538010490079
GSE141115,gene,BayesPrism,0.8543908277012982
GSE141115,gene,BayesPrism,0.9019390526195816
GSE141115,gene,BayesPrism,0.406558156901221
GSE141115,gene,BayesPrism,0.795701176122408
GSE141115,gene,BayesPrism,0.5671009489908059
GSE141115,gene,BayesPrism,0.8732908349375721
GSE141115,gene,BayesPrism,0.3069404640014953
GSE141115,gene,BayesPrism,0.4613405344797701
GSE141115,gene,BayesPrism,0.7089387742584274
GSE141115,gene,BayesPrism,0.8352846066158489
GSE141115,gene,BayesPrism,0.6700062360218814
GSE141115,gene,BayesPrism,0.0288094525737925
GSE141115,gene,BayesPrism,0.4991127956620985
GSE141115,gene,BayesPrism,0.7673309830581445
GSE141115,gene,BayesPrism,0.6960138714734998
GSE141115,gene,BayesPrism,0.7595133213899663
GSE141115,gene,BayesPrism,0.6380512353742509
GSE141115,gene,BayesPrism,0.3972697887665055
GSE141115,gene,BayesPrism,0.8230791390147422
GSE141115,gene,BayesPrism,0.8517330530281612
GSE141115,gene,BayesPrism,0.996788646241019
GSE141115,gene,BayesPrism,0.7885141847400486
GSE141115,gene,BayesPrism,0.8814470363540714
GSE141115,gene,BayesPrism,0.9770724743007636
GSE141115,gene,BayesPrism,0.5354485081674875
GSE141115,gene,BayesPrism,0.5427281366234094
GSE141115,gene,BayesPrism,0.5915352904850725
GSE141115,gene,BayesPrism,0.8236277785985131
GSE141115,gene,BayesPrism,0.720724863759142
GSE141115,gene,BayesPrism,0.9813390905259736
GSE141115,gene,BayesPrism,0.9463286003131972
GSE141115,gene,BayesPrism,0.7678632941787655
GSE141115,gene,BayesPrism,0.9317085168553196
GSE141115,gene,BayesPrism,0.8068612263969396
GSE141115,gene,BayesPrism,0.978203836160882
GSE141115,gene,BayesPrism,0.518367811999214
GSE141115,gene,BayesPrism,0.3837361814144105
GSE141115,gene,BayesPrism,0.9051734408875108
GSE141115,gene,BayesPrism,0.6086810461448849
GSE141115,gene,BayesPrism,0.7917032778404546
GSE141115,gene,BayesPrism,0.6358425546824623
GSE141115,gene,BayesPrism,0.9862590769445472
GSE141115,gene,BayesPrism,0.3662147727529535
GSE141115,gene,BayesPrism,0.6221807994091867
GSE141115,gene,BayesPrism,0.839450995586781
GSE141115,gene,BayesPrism,0.6271351557126347
GSE141115,gene,BayesPrism,0.4707576507133857
GSE141115,gene,BayesPrism,0.5424085236705953
GSE141115,gene,BayesPrism,0.6693179672034227
GSE141115,gene,BayesPrism,0.6178554096051723
GSE141115,gene,BayesPrism,0.4072929261989702
GSE141115,gene,BayesPrism,0.759028916170742
GSE141115,gene,BayesPrism,0.716708673433118
GSE141115,gene,BayesPrism,0.7153974363909582
GSE141115,gene,BayesPrism,0.7337855902827441
GSE141115,gene,BayesPrism,0.7216256252717834
GSE141115,gene,BayesPrism,0.6312436547025221
GSE141115,gene,BayesPrism,0.7175507995648753
GSE141115,gene,BayesPrism,0.9182190750810412
GSE141115,gene,BayesPrism,0.311616293249664
GSE141115,gene,DISSECT,0.6365799291673093
GSE141115,gene,DISSECT,0.6067999891587205
GSE141115,gene,DISSECT,0.3099760003519322
GSE141115,gene,DISSECT,0.6222377710514675
GSE141115,gene,DISSECT,0.7391624283573008
GSE141115,gene,DISSECT,0.6875851227308762
GSE141115,gene,DISSECT,0.7049549529784146
GSE141115,gene,DISSECT,0.6140379024393322
GSE141115,gene,DISSECT,0.2882615520604229
GSE141115,gene,DISSECT,0.4781805436118854
GSE141115,gene,DISSECT,0.2141687373625295
GSE141115,gene,DISSECT,0.6783417173056994
GSE141115,gene,DISSECT,0.7636377295101
GSE141115,gene,DISSECT,0.555533636627418
GSE141115,gene,DISSECT,0.7098404275986837
GSE141115,gene,DISSECT,0.6309983152946721
GSE141115,gene,DISSECT,0.4917431709399211
GSE141115,gene,DISSECT,0.5448884164059671
GSE141115,gene,DISSECT,0.6696707675139667
GSE141115,gene,DISSECT,0.7041468920798478
GSE141115,gene,DISSECT,0.8196061259062074
GSE141115,gene,DISSECT,0.5114925358174476
GSE141115,gene,DISSECT,0.6640515778857403
GSE141115,gene,DISSECT,0.5043300083178809
GSE141115,gene,DISSECT,0.2144489132233805
GSE141115,gene,DISSECT,0.231266072985105
GSE141115,gene,DISSECT,0.254512319883163
GSE141115,gene,DISSECT,0.3271758699672666
GSE141115,gene,DISSECT,0.557624406241194
GSE141115,gene,DISSECT,-0.1472434073539784
GSE141115,gene,DISSECT,0.6063209742074979
GSE141115,gene,DISSECT,0.249138413073961
GSE141115,gene,DISSECT,0.7226000135298932
GSE141115,gene,DISSECT,0.6002744239115241
GSE141115,gene,DISSECT,0.4679593572356916
GSE141115,gene,DISSECT,0.0236786417708277
GSE141115,gene,DISSECT,-0.018593370357235
GSE141115,gene,DISSECT,0.3579909443696439
GSE141115,gene,DISSECT,0.7935208339360768
GSE141115,gene,DISSECT,0.5790087560522649
GSE141115,gene,DISSECT,0.6490880213988293
GSE141115,gene,DISSECT,0.5817607043808974
GSE141115,gene,DISSECT,0.7832171403096547
GSE141115,gene,DISSECT,0.5823384433270501
GSE141115,gene,DISSECT,0.6467868004405473
GSE141115,gene,DISSECT,0.5246916639158574
GSE141115,gene,DISSECT,0.6050273145550136
GSE141115,gene,DISSECT,0.3435548782561813
GSE141115,gene,DISSECT,0.6310730397051093
GSE141115,gene,DISSECT,0.4123804839573228
GSE141115,gene,DISSECT,0.4441539373793221
GSE141115,gene,DISSECT,0.7485625163049361
GSE141115,gene,DISSECT,0.6270672652049436
GSE141115,gene,DISSECT,0.707965177002611
GSE141115,gene,DISSECT,0.8816432434752659
GSE141115,gene,DISSECT,0.667084172674569
GSE141115,gene,DISSECT,0.7165925760688885
GSE141115,gene,DISSECT,0.9055390263005848
GSE141115,gene,DISSECT,0.5746813217463564
GSE141115,gene,DISSECT,0.618323742888617
GSE141115,gene,DISSECT,0.5070518569757847
GSE141115,gene,DISSECT,0.6195144234721905
GSE141115,gene,DISSECT,0.5900154675373362
GSE141115,gene,DISSECT,0.7172336987467911
GSE141115,gene,DISSECT,0.4942174005860535
GSE141115,gene,DISSECT,0.6127659301345496
GSE141115,gene,DISSECT,0.4886701909408375
GSE141115,gene,DISSECT,0.4827254065832527
GSE141115,gene,DISSECT,0.7102739633892878
GSE141115,gene,DISSECT,0.6970725422412041
GSE141115,gene,DISSECT,0.7941471523821705
GSE141115,gene,DISSECT,0.6668085593878362
GSE141115,gene,DISSECT,0.8058740571307518
GSE141115,gene,DISSECT,0.4873038749785369
GSE141115,gene,DISSECT,0.624219690904045
GSE141115,gene,DISSECT,0.5920467632122933
GSE141115,gene,DISSECT,0.8289454678757254
GSE141115,gene,DISSECT,0.2276236882096652
GSE141115,gene,DISSECT,0.4288739548257957
GSE141115,gene,DISSECT,0.2466113434765391
GSE141115,gene,DISSECT,0.6250854734345636
GSE141115,gene,DISSECT,0.5753737450779297
GSE141115,gene,DISSECT,0.6319456776644993
GSE141115,gene,DISSECT,0.5310041024093811
GSE141115,gene,DISSECT,0.6043339147255246
GSE141115,gene,DISSECT,0.5824385405138428
GSE141115,gene,DISSECT,0.7825286281189063
GSE141115,gene,DISSECT,0.459101764689214
GSE141115,gene,DISSECT,0.2776321629227438
GSE141115,gene,DISSECT,0.5113294790199541
GSE141115,gene,DISSECT,0.4262513102969851
GSE141115,gene,DISSECT,0.4917521093759035
GSE141115,gene,DISSECT,0.5255427922841375
GSE141115,gene,DISSECT,0.5837017940731659
GSE141115,gene,DISSECT,0.4633393090870802
GSE141115,gene,DISSECT,0.5323132796373692
GSE141115,gene,DISSECT,0.323329521173441
GSE141115,gene,DISSECT,0.6691598468898653
GSE141115,gene,DISSECT,0.633618247442622
GSE141115,gene,DISSECT,0.4286660822058346
GSE141115,gene,DISSECT,0.4798044293950577
GSE141115,gene,DISSECT,0.3675215008619065
GSE141115,gene,DISSECT,0.7789470109099322
GSE141115,gene,DISSECT,-0.0204515523672803
GSE141115,gene,DISSECT,0.7875511809531627
GSE141115,gene,DISSECT,0.4191257364113425
GSE141115,gene,DISSECT,0.4101453805034423
GSE141115,gene,DISSECT,0.6597433668332575
GSE141115,gene,DISSECT,0.4166594950462155
GSE141115,gene,DISSECT,0.6134365062096562
GSE141115,gene,DISSECT,0.9377306665468514
GSE141115,gene,DISSECT,0.4872224462447782
GSE141115,gene,DISSECT,0.7302591240694177
GSE141115,gene,DISSECT,0.607731877766128
GSE141115,gene,DISSECT,0.2468338417241469
GSE141115,gene,DISSECT,0.5265321792061368
GSE141115,gene,DISSECT,0.5318747775478488
GSE141115,gene,DISSECT,0.5417193782752061
GSE141115,gene,DISSECT,0.650836680898817
GSE141115,gene,DISSECT,0.578042554541179
GSE141115,gene,DISSECT,0.5477025800532064
GSE141115,gene,DISSECT,0.6824277149086866
GSE141115,gene,DISSECT,0.6613284877250943
GSE141115,gene,DISSECT,0.6463423332817255
GSE141115,gene,DISSECT,0.7286618085566974
GSE141115,gene,DISSECT,0.770701537819268
GSE141115,gene,DISSECT,0.568222248237428
GSE141115,gene,DISSECT,0.6030764998231709
GSE141115,gene,DISSECT,0.7204362400414915
GSE141115,gene,DISSECT,0.420667143257798
GSE141115,gene,DISSECT,0.680777464715166
GSE141115,gene,DISSECT,0.6329345656729816
GSE141115,gene,DISSECT,0.6480496019375552
GSE141115,gene,DISSECT,0.6979987828053008
GSE141115,gene,DISSECT,0.5055617770575176
GSE141115,gene,DISSECT,0.2850859319127795
GSE141115,gene,DISSECT,0.7110286486902031
GSE141115,gene,DISSECT,0.5125337823885274
GSE141115,gene,DISSECT,0.6523812440728187
GSE141115,gene,DISSECT,0.5312831873487998
GSE141115,gene,DISSECT,0.6972619484315117
GSE141115,gene,DISSECT,0.7319961424270001
GSE141115,gene,DISSECT,0.4896830697775246
GSE141115,gene,DISSECT,0.5464578719963347
GSE141115,gene,DISSECT,0.7568605086476706
GSE141115,gene,DISSECT,0.4872917735400849
GSE141115,gene,DISSECT,0.3551517651199046
GSE141115,gene,DISSECT,0.5401685507130785
GSE141115,gene,DISSECT,0.7303505852384662
GSE141115,gene,DISSECT,0.4618633146505633
GSE141115,gene,DISSECT,0.6988883487625057
GSE141115,gene,DISSECT,0.547343611835507
GSE141115,gene,DISSECT,0.7351676150935899
GSE141115,gene,DISSECT,0.6579192482547607
GSE141115,gene,DISSECT,0.7636957719317995
GSE141115,gene,DISSECT,0.7733213378597127
GSE141115,gene,DISSECT,0.569467651652969
GSE141115,gene,DISSECT,0.558944153088362
GSE141115,gene,DISSECT,0.5946216206224136
GSE141115,gene,DISSECT,0.7561430827050137
GSE141115,gene,DISSECT,0.6099048669402747
GSE141115,gene,DISSECT,0.5204736979623499
GSE141115,gene,DISSECT,0.7881533727001
GSE141115,gene,DISSECT,0.6655170430097469
GSE141115,gene,DISSECT,0.7118328513387273
GSE141115,gene,DISSECT,0.4779394122694853
GSE141115,gene,DISSECT,0.5075077671780378
GSE141115,gene,DISSECT,0.4406049801225118
GSE141115,gene,DISSECT,0.8150236481500653
GSE141115,gene,DISSECT,0.779473016209198
GSE141115,gene,DISSECT,0.6847633648225342
GSE141115,gene,DISSECT,0.4447944201987991
GSE141115,gene,DISSECT,0.6578361106225694
GSE141115,gene,DISSECT,0.6585273009779815
GSE141115,gene,DISSECT,0.4382587240156109
GSE141115,gene,DISSECT,0.3570637755267237
GSE141115,gene,DISSECT,0.3669924479829347
GSE141115,gene,DISSECT,0.4735266606455882
GSE141115,gene,DISSECT,0.8259175251234897
GSE141115,gene,DISSECT,0.6605591199931846
GSE141115,gene,DISSECT,0.4452248595847308
GSE141115,gene,DISSECT,0.7309697808843131
GSE141115,gene,DISSECT,0.7196724895932548
GSE141115,gene,DISSECT,0.295560467328696
GSE141115,gene,DISSECT,0.5682492640592225
GSE141115,gene,DISSECT,0.5410996357908932
GSE141115,gene,DISSECT,0.6075506987139265
GSE141115,gene,DISSECT,0.8490663202148993
GSE141115,gene,DISSECT,0.8161690319629762
GSE141115,gene,DISSECT,0.6959324260289527
GSE141115,gene,DISSECT,0.615045387490441
GSE141115,gene,DISSECT,0.5508590757599748
GSE141115,gene,DISSECT,0.5461217523115534
GSE141115,gene,DISSECT,0.4782517585288892
GSE141115,gene,DISSECT,0.4707412963480459
GSE141115,gene,DISSECT,0.5296581215683392
GSE141115,gene,DISSECT,0.3660749929934908
GSE141115,gene,DISSECT,0.6659873760849573
GSE141115,gene,DISSECT,0.2947335376652367
GSE141115,gene,DISSECT,0.6269195476527439
GSE141115,gene,DISSECT,0.454683395266775
GSE141115,gene,DISSECT,0.6067614818441198
GSE141115,gene,DISSECT,0.5732628914359653
GSE141115,gene,DISSECT,0.4859959314298364
GSE141115,gene,DISSECT,0.7195268737553773
GSE141115,gene,DISSECT,0.4498668817752537
GSE141115,gene,DISSECT,0.6697800679806695
GSE141115,gene,DISSECT,0.4543699374126669
GSE141115,gene,DISSECT,0.6332687649028514
GSE141115,gene,DISSECT,0.3455641517820032
GSE141115,gene,DISSECT,0.6351736712036625
GSE141115,gene,DISSECT,0.581256980706101
GSE141115,gene,DISSECT,0.4028745758422374
GSE141115,gene,DISSECT,0.6560411971664766
GSE141115,gene,DISSECT,0.3342758500167271
GSE141115,gene,DISSECT,0.6775914644848035
GSE141115,gene,DISSECT,0.4986211030619031
GSE141115,gene,DISSECT,0.7799261268641795
GSE141115,gene,DISSECT,0.8429302526746575
GSE141115,gene,DISSECT,0.5314274677312633
GSE141115,gene,DISSECT,0.7226962517824759
GSE141115,gene,DISSECT,0.6977321890359389
GSE141115,gene,DISSECT,0.6010610410142262
GSE141115,gene,DISSECT,0.4892038691308017
GSE141115,gene,DISSECT,0.6689961692472248
GSE141115,gene,DISSECT,0.5365486315263334
GSE141115,gene,DISSECT,0.6283520132553836
GSE141115,gene,DISSECT,0.7082947232891669
GSE141115,gene,DISSECT,0.7338157412221734
GSE141115,gene,DISSECT,0.6388629801273511
GSE141115,gene,DISSECT,0.4654297560255572
GSE141115,gene,DISSECT,0.3812932342029514
GSE141115,gene,DISSECT,0.3741372860047474
GSE141115,gene,DISSECT,0.8121789901493073
GSE141115,gene,DISSECT,0.6696157012037537
GSE141115,gene,DISSECT,0.5345006459393227
GSE141115,gene,DISSECT,0.2313771637192865
GSE141115,gene,DISSECT,0.3069074287165703
GSE141115,gene,DISSECT,0.559751917051357
GSE141115,gene,DISSECT,0.4725692736865978
GSE141115,gene,DISSECT,0.4797197859093523
GSE141115,gene,DISSECT,0.3489137210227425
GSE141115,gene,DISSECT,0.4242929564895905
GSE141115,gene,DISSECT,-0.0908313072334273
GSE141115,gene,DISSECT,0.3842278818097401
GSE141115,gene,DISSECT,0.5767405994783158
GSE141115,gene,DISSECT,0.0841123661446206
GSE141115,gene,DISSECT,0.8025228367911349
GSE141115,gene,DISSECT,0.6527005559234312
GSE141115,gene,DISSECT,0.3429396155045129
GSE141115,gene,DISSECT,0.5941907516303088
GSE141115,gene,DISSECT,0.2409527385066233
GSE141115,gene,DISSECT,0.4185431535731569
GSE141115,gene,DISSECT,0.5552663891509926
GSE141115,gene,DISSECT,0.5897050906901724
GSE141115,gene,DISSECT,0.7336777813849525
GSE141115,gene,DISSECT,0.4361707234183809
GSE141115,gene,DISSECT,0.6208395900453345
GSE141115,gene,DISSECT,0.4532140222162685
GSE141115,gene,DISSECT,0.2903366242898287
GSE141115,gene,DISSECT,0.547823608415795
GSE141115,gene,DISSECT,0.6864476394148074
GSE141115,gene,DISSECT,0.5679641727890747
GSE141115,gene,DISSECT,0.6330877629434714
GSE141115,gene,DISSECT,0.1631387311215034
GSE141115,gene,DISSECT,0.6985290608585704
GSE141115,gene,DISSECT,0.6719848661572715
GSE141115,gene,DISSECT,0.5012584992146308
GSE141115,gene,DISSECT,0.2755293182036552
GSE141115,gene,DISSECT,0.7082496422329327
GSE141115,gene,DISSECT,0.6308825031958074
GSE141115,gene,DISSECT,-0.1671087998746657
GSE141115,gene,DISSECT,0.4108586515635953
GSE141115,gene,DISSECT,0.7604514556277244
GSE141115,gene,DISSECT,0.8659038494516441
GSE141115,gene,DISSECT,0.6163466237160093
GSE141115,gene,DISSECT,0.6244276070445383
GSE141115,gene,DISSECT,0.7904328530465613
GSE141115,gene,DISSECT,0.7333015474364794
GSE141115,gene,DISSECT,0.4290341899152847
GSE141115,gene,DISSECT,0.5525911150327866
GSE141115,gene,DISSECT,0.583500810200621
GSE141115,gene,DISSECT,0.6249428636331699
GSE141115,gene,DISSECT,0.5275069303333285
GSE141115,gene,DISSECT,0.5670924266962856
GSE141115,gene,DISSECT,0.6019447220925744
GSE141115,gene,DISSECT,0.3305371243831599
GSE141115,gene,DISSECT,0.4485825782669979
GSE141115,gene,DISSECT,0.7958959944839024
GSE141115,gene,DISSECT,0.0841769594360963
GSE141115,gene,DISSECT,0.5047135967670414
GSE141115,gene,DISSECT,0.6900517597509901
GSE141115,gene,DISSECT,0.6535641553884437
GSE141115,gene,DISSECT,0.7053931900374504
GSE141115,gene,DISSECT,0.69817204349292
GSE141115,gene,DISSECT,0.6444374688352353
GSE141115,gene,DISSECT,0.6330490221999612
GSE141115,gene,DISSECT,0.5646687413912336
GSE141115,gene,DISSECT,0.6008025606419858
GSE141115,gene,DISSECT,0.7174816136338887
GSE141115,gene,DISSECT,0.744507102140833
GSE141115,gene,DISSECT,0.5423544770685057
GSE141115,gene,DISSECT,0.6325250318496366
GSE141115,gene,DISSECT,0.6805577685811925
GSE141115,gene,DISSECT,0.6920198443852539
GSE141115,gene,DISSECT,0.6471575327729243
GSE141115,gene,DISSECT,0.6202964195511805
GSE141115,gene,DISSECT,0.6014899965009505
GSE141115,gene,DISSECT,0.520879009100962
GSE141115,gene,DISSECT,0.5030012484887713
GSE141115,gene,DISSECT,0.7079420413372667
GSE141115,gene,DISSECT,0.7183573046227468
GSE141115,gene,DISSECT,0.8744919999869919
GSE141115,gene,DISSECT,0.1974303978110251
GSE141115,gene,DISSECT,0.6170125446468294
GSE141115,gene,DISSECT,0.5263004064919182
GSE141115,gene,DISSECT,0.1549036206264925
GSE141115,gene,DISSECT,0.693294509153027
GSE141115,gene,DISSECT,0.6877687137756019
GSE141115,gene,DISSECT,0.5968375465685988
GSE141115,gene,DISSECT,0.7610152727804499
GSE141115,gene,DISSECT,0.8951013352818905
GSE141115,gene,DISSECT,0.3874650693238484
GSE141115,gene,DISSECT,0.1857143115868309
GSE141115,gene,DISSECT,0.670168909729767
GSE141115,gene,DISSECT,0.7759950581857492
GSE141115,gene,DISSECT,0.1926223814748978
GSE141115,gene,DISSECT,0.4686949541045755
GSE141115,gene,DISSECT,0.644354082836729
GSE141115,gene,DISSECT,0.5625881631801751
GSE141115,gene,DISSECT,0.718961741004733
GSE141115,gene,DISSECT,0.6581179026825735
GSE141115,gene,DISSECT,-0.1896640733328262
GSE141115,gene,TAPE,0.6389795132012803
GSE141115,gene,TAPE,-0.0746260145772768
GSE141115,gene,TAPE,0.5230930612575418
GSE141115,gene,TAPE,0.575959873473786
GSE141115,gene,TAPE,0.2957820640735825
GSE141115,gene,TAPE,-0.1234125853158101
GSE141115,gene,TAPE,0.6843352751102412
GSE141115,gene,TAPE,-0.0176099176261079
GSE141115,gene,TAPE,0.414086254537668
GSE141115,gene,TAPE,-0.1236210408920895
GSE141115,gene,TAPE,-0.1839014686093353
GSE141115,gene,TAPE,0.2640410449499872
GSE141115,gene,TAPE,0.172860020173543
GSE141115,gene,TAPE,0.0988288816129717
GSE141115,gene,TAPE,-0.0614479474648155
GSE141115,gene,TAPE,0.0234824279827718
GSE141115,gene,TAPE,0.4455452274330325
GSE141115,gene,TAPE,0.1468169422087609
GSE141115,gene,TAPE,0.137681534888398
GSE141115,gene,TAPE,0.4445220314594028
GSE141115,gene,TAPE,0.3747673470907221
GSE141115,gene,TAPE,0.446633695067748
GSE141115,gene,TAPE,-0.3182988524305127
GSE141115,gene,TAPE,-0.1861908253118554
GSE141115,gene,TAPE,-0.1266957572722626
GSE141115,gene,TAPE,-0.0735490828992649
GSE141115,gene,TAPE,-0.2365532328120613
GSE141115,gene,TAPE,-0.2476143097149706
GSE141115,gene,TAPE,0.0256223488002315
GSE141115,gene,TAPE,0.0166997201023504
GSE141115,gene,TAPE,-0.0772399572259895
GSE141115,gene,TAPE,-0.2592660372977559
GSE141115,gene,TAPE,-0.0899700683276126
GSE141115,gene,TAPE,-0.1109490780929277
GSE141115,gene,TAPE,-0.3413749005858653
GSE141115,gene,TAPE,-0.0407575591659828
GSE141115,gene,TAPE,0.0311168747477193
GSE141115,gene,TAPE,-0.0023749475624603
GSE141115,gene,TAPE,0.3786621918707189
GSE141115,gene,TAPE,0.6909951874036142
GSE141115,gene,TAPE,0.3006984371006769
GSE141115,gene,TAPE,0.7374056752084995
GSE141115,gene,TAPE,-0.0057965289021495
GSE141115,gene,TAPE,0.5632234359913392
GSE141115,gene,TAPE,0.5746378239598374
GSE141115,gene,TAPE,0.5826382265044532
GSE141115,gene,TAPE,0.2922876531724577
GSE141115,gene,TAPE,0.6104005051816058
GSE141115,gene,TAPE,0.277222091412638
GSE141115,gene,TAPE,0.3547210369791471
GSE141115,gene,TAPE,-0.1836663941039802
GSE141115,gene,TAPE,-0.0552867677457732
GSE141115,gene,TAPE,0.2163143214822161
GSE141115,gene,TAPE,0.5740619288902497
GSE141115,gene,TAPE,0.047974724913303
GSE141115,gene,TAPE,0.4465951882834933
GSE141115,gene,TAPE,0.1503255903640604
GSE141115,gene,TAPE,0.2707470093516043
GSE141115,gene,TAPE,0.446967442572002
GSE141115,gene,TAPE,0.187812737714144
GSE141115,gene,TAPE,0.0300873610642867
GSE141115,gene,TAPE,0.1519843768315437
GSE141115,gene,TAPE,-0.2885357866825228
GSE141115,gene,TAPE,-0.0991940552031533
GSE141115,gene,TAPE,0.5792345502475189
GSE141115,gene,TAPE,-0.027463425203795
GSE141115,gene,TAPE,0.2986668395803731
GSE141115,gene,TAPE,-0.1375104799263794
GSE141115,gene,TAPE,-0.1967619811972008
GSE141115,gene,TAPE,0.0224896547025463
GSE141115,gene,TAPE,-0.2373701213948378
GSE141115,gene,TAPE,0.6770406738693788
GSE141115,gene,TAPE,-0.1452242786134432
GSE141115,gene,TAPE,-0.0510796600494985
GSE141115,gene,TAPE,0.4122730656675277
GSE141115,gene,TAPE,0.2074862828024736
GSE141115,gene,TAPE,0.3720173678647889
GSE141115,gene,TAPE,0.3545713997411386
GSE141115,gene,TAPE,-0.2118274929432577
GSE141115,gene,TAPE,-0.1742603732820383
GSE141115,gene,TAPE,-0.2456137040377101
GSE141115,gene,TAPE,0.5717585388650227
GSE141115,gene,TAPE,0.2198162036591041
GSE141115,gene,TAPE,-0.3703106272989105
GSE141115,gene,TAPE,0.3586928836706329
GSE141115,gene,TAPE,0.3429176900559213
GSE141115,gene,TAPE,0.2037008836905388
GSE141115,gene,TAPE,0.6205395538298017
GSE141115,gene,TAPE,0.1502488121679174
GSE141115,gene,TAPE,-0.1717799349231208
GSE141115,gene,TAPE,-0.2696340413864948
GSE141115,gene,TAPE,-0.0465062405651626
GSE141115,gene,TAPE,-0.2877346825302169
GSE141115,gene,TAPE,-0.0779011207097742
GSE141115,gene,TAPE,-0.3254986744334319
GSE141115,gene,TAPE,-0.2634997731721303
GSE141115,gene,TAPE,0.6497938073946505
GSE141115,gene,TAPE,0.5518485735786259
GSE141115,gene,TAPE,0.5638074050037519
GSE141115,gene,TAPE,-0.2054487064575071
GSE141115,gene,TAPE,-0.1871509054812319
GSE141115,gene,TAPE,-0.1048407706492526
GSE141115,gene,TAPE,0.569114231060334
GSE141115,gene,TAPE,0.1603122263041538
GSE141115,gene,TAPE,0.2670058086014483
GSE141115,gene,TAPE,0.3000379331974201
GSE141115,gene,TAPE,0.3995168005902399
GSE141115,gene,TAPE,0.5886220286207873
GSE141115,gene,TAPE,-0.0212220641026514
GSE141115,gene,TAPE,-0.1781432183568491
GSE141115,gene,TAPE,-0.1172648009008128
GSE141115,gene,TAPE,0.7147658702767282
GSE141115,gene,TAPE,0.2347615316884881
GSE141115,gene,TAPE,0.4788334860670796
GSE141115,gene,TAPE,0.5243010661074625
GSE141115,gene,TAPE,0.3313993946657391
GSE141115,gene,TAPE,0.4801583783249897
GSE141115,gene,TAPE,0.1829406140046217
GSE141115,gene,TAPE,0.2511086117554209
GSE141115,gene,TAPE,0.3059916733991016
GSE141115,gene,TAPE,0.5640170792192585
GSE141115,gene,TAPE,0.1212431558162384
GSE141115,gene,TAPE,0.3382044679181951
GSE141115,gene,TAPE,0.5673108240881937
GSE141115,gene,TAPE,0.604180195925838
GSE141115,gene,TAPE,0.299599883765438
GSE141115,gene,TAPE,0.6421030772847643
GSE141115,gene,TAPE,0.5063372754554465
GSE141115,gene,TAPE,0.4469935043607958
GSE141115,gene,TAPE,0.5832603887790649
GSE141115,gene,TAPE,0.2411868783573527
GSE141115,gene,TAPE,-0.033939405407088
GSE141115,gene,TAPE,-0.227352482653291
GSE141115,gene,TAPE,-0.0267015647571759
GSE141115,gene,TAPE,0.0537084116560384
GSE141115,gene,TAPE,0.4252692529332935
GSE141115,gene,TAPE,0.3052571690738087
GSE141115,gene,TAPE,0.4958407624905405
GSE141115,gene,TAPE,0.1713231478652414
GSE141115,gene,TAPE,0.3490677852038311
GSE141115,gene,TAPE,0.0308797209844364
GSE141115,gene,TAPE,-0.1870336526974559
GSE141115,gene,TAPE,-0.4564918575958121
GSE141115,gene,TAPE,-0.037947918154607
GSE141115,gene,TAPE,0.4492824270255551
GSE141115,gene,TAPE,-0.0592665858053515
GSE141115,gene,TAPE,0.3167477003736129
GSE141115,gene,TAPE,0.4605775421990365
GSE141115,gene,TAPE,-0.0176670205286716
GSE141115,gene,TAPE,0.3321593213033703
GSE141115,gene,TAPE,0.0930897241753604
GSE141115,gene,TAPE,0.4880904616990206
GSE141115,gene,TAPE,-0.1588542237365828
GSE141115,gene,TAPE,0.1750239140099716
GSE141115,gene,TAPE,-0.1229401315742521
GSE141115,gene,TAPE,0.4968877515895378
GSE141115,gene,TAPE,0.2593881085494137
GSE141115,gene,TAPE,-0.1594764238779731
GSE141115,gene,TAPE,0.5772791627581544
GSE141115,gene,TAPE,0.0949820949419763
GSE141115,gene,TAPE,-0.4563542587702308
GSE141115,gene,TAPE,-0.2646328568986839
GSE141115,gene,TAPE,0.316000076706333
GSE141115,gene,TAPE,0.2996054049604784
GSE141115,gene,TAPE,0.2526481360750057
GSE141115,gene,TAPE,0.3883321987458937
GSE141115,gene,TAPE,0.0281775626969081
GSE141115,gene,TAPE,0.5220399265768151
GSE141115,gene,TAPE,0.3450463688776853
GSE141115,gene,TAPE,0.6499286937830228
GSE141115,gene,TAPE,0.3185289747870179
GSE141115,gene,TAPE,0.5368677045985134
GSE141115,gene,TAPE,0.373825314758835
GSE141115,gene,TAPE,-0.234072019155027
GSE141115,gene,TAPE,0.1116944345436239
GSE141115,gene,TAPE,0.5718383290095549
GSE141115,gene,TAPE,-0.0012999864633676
GSE141115,gene,TAPE,0.3955220511888725
GSE141115,gene,TAPE,-0.2001355231539496
GSE141115,gene,TAPE,0.6477033077457094
GSE141115,gene,TAPE,-0.2582774194416427
GSE141115,gene,TAPE,-0.1524294521589939
GSE141115,gene,TAPE,0.5885491759604405
GSE141115,gene,TAPE,0.7171546176638598
GSE141115,gene,TAPE,0.3776165668636933
GSE141115,gene,TAPE,0.6902286808179768
GSE141115,gene,TAPE,0.4837357611952037
GSE141115,gene,TAPE,0.1777700119293439
GSE141115,gene,TAPE,0.5744103549692474
GSE141115,gene,TAPE,0.7025578615003711
GSE141115,gene,TAPE,0.4875823914554357
GSE141115,gene,TAPE,0.0603724584354208
GSE141115,gene,TAPE,0.4333674782562567
GSE141115,gene,TAPE,-0.1874439722786404
GSE141115,gene,TAPE,0.4170183994901354
GSE141115,gene,TAPE,0.0539724673220649
GSE141115,gene,TAPE,-0.4662797697066388
GSE141115,gene,TAPE,-0.2188136588601488
GSE141115,gene,TAPE,-0.1786702633119535
GSE141115,gene,TAPE,0.1439523646104911
GSE141115,gene,TAPE,0.621323610493657
GSE141115,gene,TAPE,0.5509957262298513
GSE141115,gene,TAPE,0.2848082023907052
GSE141115,gene,TAPE,0.3254183739085962
GSE141115,gene,TAPE,-0.1337416547716634
GSE141115,gene,TAPE,0.6277631230254492
GSE141115,gene,TAPE,-0.3418632960691744
GSE141115,gene,TAPE,-0.1968163792189861
GSE141115,gene,TAPE,0.5928313290328867
GSE141115,gene,TAPE,0.1997326066428449
GSE141115,gene,TAPE,0.5823940467587088
GSE141115,gene,TAPE,0.476396440308925
GSE141115,gene,TAPE,0.5888609414538352
GSE141115,gene,TAPE,-0.0817339054137971
GSE141115,gene,TAPE,-0.4209085669872444
GSE141115,gene,TAPE,0.0549096481385248
GSE141115,gene,TAPE,0.1637391634232426
GSE141115,gene,TAPE,0.5442547321024094
GSE141115,gene,TAPE,0.3022649868692939
GSE141115,gene,TAPE,0.6917786411780656
GSE141115,gene,TAPE,0.2817120495382326
GSE141115,gene,TAPE,-0.5998708841818875
GSE141115,gene,TAPE,0.4989153451883262
GSE141115,gene,TAPE,0.7122962237406029
GSE141115,gene,TAPE,0.5038910408739257
GSE141115,gene,TAPE,0.4964435939676042
GSE141115,gene,TAPE,0.2207157956963005
GSE141115,gene,TAPE,0.7154317092020859
GSE141115,gene,TAPE,0.1050785582611651
GSE141115,gene,TAPE,0.0490727234116031
GSE141115,gene,TAPE,0.5280542320450492
GSE141115,gene,TAPE,0.4752238165195197
GSE141115,gene,TAPE,0.6075847651090818
GSE141115,gene,TAPE,0.4350486809299173
GSE141115,gene,TAPE,0.5041912664240576
GSE141115,gene,TAPE,0.372460112015811
GSE141115,gene,TAPE,0.3613770351739838
GSE141115,gene,TAPE,0.2728891237171605
GSE141115,gene,TAPE,0.3611726644394257
GSE141115,gene,TAPE,0.2915552284562526
GSE141115,gene,TAPE,0.3106417073187976
GSE141115,gene,TAPE,0.3587791189786835
GSE141115,gene,TAPE,0.2762440323004075
GSE141115,gene,TAPE,0.4672553075653347
GSE141115,gene,TAPE,0.4041243905145808
GSE141115,gene,TAPE,0.3988438244290968
GSE141115,gene,TAPE,0.3173769507100313
GSE141115,gene,TAPE,0.5241486473750614
GSE141115,gene,TAPE,0.3967891437740855
GSE141115,gene,TAPE,0.511920405581696
GSE141115,gene,TAPE,0.294387663211049
GSE141115,gene,TAPE,0.310540136512987
GSE141115,gene,TAPE,0.4854009398576454
GSE141115,gene,TAPE,0.4021813812592708
GSE141115,gene,TAPE,0.1958878471382169
GSE141115,gene,TAPE,0.370758288431576
GSE141115,gene,TAPE,0.3488001866347522
GSE141115,gene,TAPE,0.5047445961207796
GSE141115,gene,TAPE,0.5016668866889183
GSE141115,gene,TAPE,0.2230392673508646
GSE141115,gene,TAPE,0.4357786416541712
GSE141115,gene,TAPE,0.4068853244567098
GSE141115,gene,TAPE,0.3808533501023837
GSE141115,gene,TAPE,0.3249853809236581
GSE141115,gene,TAPE,0.4431680782638804
GSE141115,gene,TAPE,0.4918509215232776
GSE141115,gene,TAPE,0.2255297544670985
GSE141115,gene,TAPE,0.462082652215003
GSE141115,gene,TAPE,0.0504605250130584
GSE141115,gene,TAPE,0.2280824501565523
GSE141115,gene,TAPE,-0.0321100252710481
GSE141115,gene,TAPE,0.1802363677890504
GSE141115,gene,TAPE,-0.2197180954920077
GSE141115,gene,TAPE,0.2413722731012757
GSE141115,gene,TAPE,0.1963716616654445
GSE141115,gene,TAPE,0.0855310345913308
GSE141115,gene,TAPE,0.0318924130762156
GSE141115,gene,TAPE,0.0322478317513387
GSE141115,gene,TAPE,0.2534916719510405
GSE141115,gene,TAPE,0.669219777295493
GSE141115,gene,TAPE,0.5095667969568126
GSE141115,gene,TAPE,-0.0467673065286151
GSE141115,gene,TAPE,0.1263275258449595
GSE141115,gene,TAPE,0.1025803559643629
GSE141115,gene,TAPE,0.3575840663042338
GSE141115,gene,TAPE,0.5409500392074587
GSE141115,gene,TAPE,0.2535003853703384
GSE141115,gene,TAPE,-0.5989846217041819
GSE141115,gene,TAPE,0.4918854519689893
GSE141115,gene,TAPE,-0.2272388639360982
GSE141115,gene,TAPE,-0.2103875306760472
GSE141115,gene,TAPE,0.3265284275782061
GSE141115,gene,TAPE,-0.3254238113283432
GSE141115,gene,TAPE,0.5779262523220342
GSE141115,gene,TAPE,0.6490601168346475
GSE141115,gene,TAPE,-0.1917660782781828
GSE141115,gene,TAPE,0.4366544281335082
GSE141115,gene,TAPE,-0.214136355987689
GSE141115,gene,TAPE,0.0106712631343361
GSE141115,gene,TAPE,0.154802436200362
GSE141115,gene,TAPE,0.4227372240634134
GSE141115,gene,TAPE,0.4136215947329895
GSE141115,gene,TAPE,-0.2029971306627858
GSE141115,gene,TAPE,0.6495006333483675
GSE141115,gene,TAPE,0.7186824945007843
GSE141115,gene,TAPE,-0.0539436375193104
GSE141115,gene,TAPE,0.4667686696369418
GSE141115,gene,TAPE,0.3836480403371566
GSE141115,gene,TAPE,0.5457576948729942
GSE141115,gene,TAPE,-0.1340061603225928
GSE141115,gene,TAPE,0.2764583220003161
GSE141115,gene,TAPE,-0.1237503567046455
GSE141115,gene,TAPE,0.685603357231008
GSE141115,gene,TAPE,0.3760160809107844
GSE141115,gene,TAPE,0.2092522666947096
GSE141115,gene,TAPE,0.6778654095917057
GSE141115,gene,TAPE,0.3282161383518758
GSE141115,gene,TAPE,0.090504595739882
GSE141115,gene,TAPE,-0.0486839773097288
GSE141115,gene,TAPE,-0.0407349433555095
GSE141115,gene,TAPE,-0.0505465422854459
GSE141115,gene,TAPE,-0.3327412752162689
GSE141115,gene,TAPE,0.2422198781076042
GSE141115,gene,TAPE,-0.359290835125162
GSE141115,gene,TAPE,-0.0188658995507713
GSE141115,gene,TAPE,0.0558783164732797
GSE141115,gene,TAPE,0.4547621704350109
GSE141115,gene,TAPE,-0.340032756156157
GSE141115,gene,TAPE,-0.2614220539135978
GSE141115,gene,TAPE,-0.0804604265141635
GSE141115,gene,TAPE,0.0603024424848501
GSE141115,gene,TAPE,-0.0970944772809312
GSE141115,gene,TAPE,0.490051882440322
GSE141115,gene,TAPE,-0.5392051450875088
GSE141115,gene,DeconvSC,0.954396031580332
GSE141115,gene,DeconvSC,0.8759069239692984
GSE141115,gene,DeconvSC,0.8507697823397855
GSE141115,gene,DeconvSC,0.9717010133186336
GSE141115,gene,DeconvSC,0.8943052941286008
GSE141115,gene,DeconvSC,0.8662125923779432
GSE141115,gene,DeconvSC,0.950394267189698
GSE141115,gene,DeconvSC,0.8458699004407182
GSE141115,gene,DeconvSC,0.9180168526465587
GSE141115,gene,DeconvSC,0.9709006680437654
GSE141115,gene,DeconvSC,0.7090023081507661
GSE141115,gene,DeconvSC,0.8302545445667275
GSE141115,gene,DeconvSC,0.945479548330399
GSE141115,gene,DeconvSC,0.8865966920194046
GSE141115,gene,DeconvSC,0.964054423744378
GSE141115,gene,DeconvSC,0.9251089915296972
GSE141115,gene,DeconvSC,0.8207952298404961
GSE141115,gene,DeconvSC,0.9015512959521604
GSE141115,gene,DeconvSC,0.9689111907011176
GSE141115,gene,DeconvSC,0.914057627859595
GSE141115,gene,DeconvSC,0.7803430574137553
GSE141115,gene,DeconvSC,0.8486779502335016
GSE141115,gene,DeconvSC,0.8570942358524718
GSE141115,gene,DeconvSC,0.9602323163476651
GSE141115,gene,DeconvSC,0.9273426702998608
GSE141115,gene,DeconvSC,0.6165425195807277
GSE141115,gene,DeconvSC,0.911154286088371
GSE141115,gene,DeconvSC,0.8896265254014138
GSE141115,gene,DeconvSC,0.905924915379065
GSE141115,gene,DeconvSC,0.8802464085322643
GSE141115,gene,DeconvSC,0.9801712961382424
GSE141115,gene,DeconvSC,0.9198465314584708
GSE141115,gene,DeconvSC,0.9558244891100636
GSE141115,gene,DeconvSC,0.959091275235306
GSE141115,gene,DeconvSC,0.9086200296071156
GSE141115,gene,DeconvSC,0.8512832565547498
GSE141115,gene,DeconvSC,0.8053410441886876
GSE141115,gene,DeconvSC,0.921404782201574
GSE141115,gene,DeconvSC,0.9381322790076672
GSE141115,gene,DeconvSC,0.8360648463908665
GSE141115,gene,DeconvSC,0.909973487462975
GSE141115,gene,DeconvSC,0.9889889127526276
GSE141115,gene,DeconvSC,0.807369332859706
GSE141115,gene,DeconvSC,0.8238432566678558
GSE141115,gene,DeconvSC,0.8023594404572334
GSE141115,gene,DeconvSC,0.7918830995321009
GSE141115,gene,DeconvSC,0.9064582059265484
GSE141115,gene,DeconvSC,0.8237358487001218
GSE141115,gene,DeconvSC,0.8807920610864703
GSE141115,gene,DeconvSC,0.8617329104456126
GSE141115,gene,DeconvSC,0.8838124979194575
GSE141115,gene,DeconvSC,0.9359911307857144
GSE141115,gene,DeconvSC,0.9271947495431604
GSE141115,gene,DeconvSC,0.9501970661627404
GSE141115,gene,DeconvSC,0.9389796670377968
GSE141115,gene,DeconvSC,0.9362049610962212
GSE141115,gene,DeconvSC,0.9395643366895248
GSE141115,gene,DeconvSC,0.9245142198254191
GSE141115,gene,DeconvSC,0.9594713999733324
GSE141115,gene,DeconvSC,0.8710049915118099
GSE141115,gene,DeconvSC,0.9495937002513484
GSE141115,gene,DeconvSC,0.9696565571701824
GSE141115,gene,DeconvSC,0.9258252776453928
GSE141115,gene,DeconvSC,0.9570871291723566
GSE141115,gene,DeconvSC,0.9643941405035328
GSE141115,gene,DeconvSC,0.8180306616427089
GSE141115,gene,DeconvSC,0.9033047763898118
GSE141115,gene,DeconvSC,0.8024691573028532
GSE141115,gene,DeconvSC,0.9356477186016198
GSE141115,gene,DeconvSC,0.9509831102445964
GSE141115,gene,DeconvSC,0.9122228117939948
GSE141115,gene,DeconvSC,0.9658894662339066
GSE141115,gene,DeconvSC,0.950251005008435
GSE141115,gene,DeconvSC,0.9228414309837928
GSE141115,gene,DeconvSC,0.9346008153086012
GSE141115,gene,DeconvSC,0.7912062182149465
GSE141115,gene,DeconvSC,0.9375214564839128
GSE141115,gene,DeconvSC,0.9522586038287036
GSE141115,gene,DeconvSC,0.9213635846457164
GSE141115,gene,DeconvSC,0.948399589125202
GSE141115,gene,DeconvSC,0.8641624443029008
GSE141115,gene,DeconvSC,0.8931777911571176
GSE141115,gene,DeconvSC,0.6320590763275017
GSE141115,gene,DeconvSC,0.8869153502178395
GSE141115,gene,DeconvSC,0.7553076951525133
GSE141115,gene,DeconvSC,0.9277036606667576
GSE141115,gene,DeconvSC,0.8739241783303543
GSE141115,gene,DeconvSC,0.8056240656645491
GSE141115,gene,DeconvSC,0.8415634746228194
GSE141115,gene,DeconvSC,0.828638952983313
GSE141115,gene,DeconvSC,0.9268881044279894
GSE141115,gene,DeconvSC,0.8007781369061185
GSE141115,gene,DeconvSC,0.92191913100687
GSE141115,gene,DeconvSC,0.8718151443316824
GSE141115,gene,DeconvSC,0.909542028537294
GSE141115,gene,DeconvSC,0.965995917690628
GSE141115,gene,DeconvSC,0.9306606459809252
GSE141115,gene,DeconvSC,0.9800120324508392
GSE141115,gene,DeconvSC,0.932854756370847
GSE141115,gene,DeconvSC,0.7618140891074178
GSE141115,gene,DeconvSC,0.8914587455885309
GSE141115,gene,DeconvSC,0.9197011757814028
GSE141115,gene,DeconvSC,0.6533728075569611
GSE141115,gene,DeconvSC,0.8412041820546282
GSE141115,gene,DeconvSC,0.8785890341780814
GSE141115,gene,DeconvSC,0.766561943496047
GSE141115,gene,DeconvSC,0.8483813566388677
GSE141115,gene,DeconvSC,0.6469886986713562
GSE141115,gene,DeconvSC,0.8417712351362923
GSE141115,gene,DeconvSC,0.8128879664908997
GSE141115,gene,DeconvSC,0.9948692930637612
GSE141115,gene,DeconvSC,0.928859929878178
GSE141115,gene,DeconvSC,0.9784893011639112
GSE141115,gene,DeconvSC,0.878333335023917
GSE141115,gene,DeconvSC,0.8269516895545618
GSE141115,gene,DeconvSC,0.9214268777299874
GSE141115,gene,DeconvSC,0.855315552753511
GSE141115,gene,DeconvSC,0.8153544002925109
GSE141115,gene,DeconvSC,0.8785178282703977
GSE141115,gene,DeconvSC,0.5789591218736156
GSE141115,gene,DeconvSC,0.9900474443221968
GSE141115,gene,DeconvSC,0.9788021586369032
GSE141115,gene,DeconvSC,0.8701660919033047
GSE141115,gene,DeconvSC,0.8759722914601565
GSE141115,gene,DeconvSC,0.8983602013134735
GSE141115,gene,DeconvSC,0.8374559000263521
GSE141115,gene,DeconvSC,0.9131828932267714
GSE141115,gene,DeconvSC,0.8512396475406325
GSE141115,gene,DeconvSC,0.9073372816982684
GSE141115,gene,DeconvSC,0.5024818214571974
GSE141115,gene,DeconvSC,0.9223543192895688
GSE141115,gene,DeconvSC,0.795653838147648
GSE141115,gene,DeconvSC,0.8680913334844452
GSE141115,gene,DeconvSC,0.941595196426236
GSE141115,gene,DeconvSC,0.8154731894748132
GSE141115,gene,DeconvSC,0.697696311554206
GSE141115,gene,DeconvSC,0.914524138219436
GSE141115,gene,DeconvSC,0.9226582032346754
GSE141115,gene,DeconvSC,0.943361550100886
GSE141115,gene,DeconvSC,0.890726114363011
GSE141115,gene,DeconvSC,0.9064484092477044
GSE141115,gene,DeconvSC,0.7219835430404841
GSE141115,gene,DeconvSC,0.9113049108519014
GSE141115,gene,DeconvSC,0.6514762116162774
GSE141115,gene,DeconvSC,0.9512485596355992
GSE141115,gene,DeconvSC,0.7902865678397171
GSE141115,gene,DeconvSC,0.744917541774896
GSE141115,gene,DeconvSC,0.8290872167766372
GSE141115,gene,DeconvSC,0.9078804954022428
GSE141115,gene,DeconvSC,0.7637781137550308
GSE141115,gene,DeconvSC,0.9398709625544622
GSE141115,gene,DeconvSC,0.8522144929273727
GSE141115,gene,DeconvSC,0.8285753395370395
GSE141115,gene,DeconvSC,0.9505465652554164
GSE141115,gene,DeconvSC,0.9053052571241555
GSE141115,gene,DeconvSC,0.9217883757969564
GSE141115,gene,DeconvSC,0.8862030618346523
GSE141115,gene,DeconvSC,0.7996924035734126
GSE141115,gene,DeconvSC,0.7503912976283189
GSE141115,gene,DeconvSC,0.7064878099474449
GSE141115,gene,DeconvSC,0.7663974128523684
GSE141115,gene,DeconvSC,0.8290728894242547
GSE141115,gene,DeconvSC,0.8885029967927484
GSE141115,gene,DeconvSC,0.8681010573634743
GSE141115,gene,DeconvSC,0.7871760807746052
GSE141115,gene,DeconvSC,0.852480443159556
GSE141115,gene,DeconvSC,0.6674818953327419
GSE141115,gene,DeconvSC,0.7480078057479468
GSE141115,gene,DeconvSC,0.9048451739827372
GSE141115,gene,DeconvSC,0.9182427599870536
GSE141115,gene,DeconvSC,0.8713120732855789
GSE141115,gene,DeconvSC,0.963179178971144
GSE141115,gene,DeconvSC,0.7954638509362634
GSE141115,gene,DeconvSC,0.8486722152759305
GSE141115,gene,DeconvSC,0.6348148742412769
GSE141115,gene,DeconvSC,0.8225391527609328
GSE141115,gene,DeconvSC,0.8639317397490862
GSE141115,gene,DeconvSC,0.9827904520891028
GSE141115,gene,DeconvSC,0.5261547138660236
GSE141115,gene,DeconvSC,0.8184913383320148
GSE141115,gene,DeconvSC,0.9747036718296054
GSE141115,gene,DeconvSC,0.985143712473188
GSE141115,gene,DeconvSC,0.8145428865555444
GSE141115,gene,DeconvSC,0.9769156069623044
GSE141115,gene,DeconvSC,0.8783208305928571
GSE141115,gene,DeconvSC,0.8818251295703978
GSE141115,gene,DeconvSC,0.9721590015441958
GSE141115,gene,DeconvSC,0.9930874862182442
GSE141115,gene,DeconvSC,0.9457161324346572
GSE141115,gene,DeconvSC,0.9540075548326474
GSE141115,gene,DeconvSC,0.8630165042773941
GSE141115,gene,DeconvSC,0.920331080627384
GSE141115,gene,DeconvSC,0.8909387839243688
GSE141115,gene,DeconvSC,0.8926864937406861
GSE141115,gene,DeconvSC,0.8505438090327297
GSE141115,gene,DeconvSC,0.9406749635515876
GSE141115,gene,DeconvSC,0.827098848228274
GSE141115,gene,DeconvSC,0.7892371920769102
GSE141115,gene,DeconvSC,0.8584073992218165
GSE141115,gene,DeconvSC,0.8495419667697514
GSE141115,gene,DeconvSC,0.937366353959474
GSE141115,gene,DeconvSC,0.8788727062413336
GSE141115,gene,DeconvSC,0.9665273622456358
GSE141115,gene,DeconvSC,0.868573743373822
GSE141115,gene,DeconvSC,0.9508789754982424
GSE141115,gene,DeconvSC,0.9462706330011864
GSE141115,gene,DeconvSC,0.9137343438937298
GSE141115,gene,DeconvSC,0.8855785047781981
GSE141115,gene,DeconvSC,0.966960872533691
GSE141115,gene,DeconvSC,0.9914008883552592
GSE141115,gene,DeconvSC,0.8463013149607261
GSE141115,gene,DeconvSC,0.8259793332121872
GSE141115,gene,DeconvSC,0.8848669525787239
GSE141115,gene,DeconvSC,0.9344722323406568
GSE141115,gene,DeconvSC,0.8607305312267605
GSE141115,gene,DeconvSC,0.8958534773184242
GSE141115,gene,DeconvSC,0.8930842014763102
GSE141115,gene,DeconvSC,0.948545104505341
GSE141115,gene,DeconvSC,0.8513845085792099
GSE141115,gene,DeconvSC,0.9587628323121732
GSE141115,gene,DeconvSC,0.9194424552209662
GSE141115,gene,DeconvSC,0.9490363386437723
GSE141115,gene,DeconvSC,0.9597893331740448
GSE141115,gene,DeconvSC,0.8789009496930825
GSE141115,gene,DeconvSC,0.9826268347644604
GSE141115,gene,DeconvSC,0.9499365058225946
GSE141115,gene,DeconvSC,0.97726135022211
GSE141115,gene,DeconvSC,0.7944237314759068
GSE141115,gene,DeconvSC,0.617248553212989
GSE141115,gene,DeconvSC,0.6186319754683571
GSE141115,gene,DeconvSC,0.7728875658249916
GSE141115,gene,DeconvSC,0.7417603205972193
GSE141115,gene,DeconvSC,0.8082241766704292
GSE141115,gene,DeconvSC,0.7154782569332451
GSE141115,gene,DeconvSC,0.6547061845168302
GSE141115,gene,DeconvSC,0.64571286709209
GSE141115,gene,DeconvSC,0.7894634684182139
GSE141115,gene,DeconvSC,0.5946681011327852
GSE141115,gene,DeconvSC,0.8004548716000104
GSE141115,gene,DeconvSC,0.7079081401004409
GSE141115,gene,DeconvSC,0.7778039490748857
GSE141115,gene,DeconvSC,0.3918456980545302
GSE141115,gene,DeconvSC,0.6676530792442061
GSE141115,gene,DeconvSC,0.676055685884922
GSE141115,gene,DeconvSC,0.7973797885889897
GSE141115,gene,DeconvSC,0.7845722105195511
GSE141115,gene,DeconvSC,0.8050791850360085
GSE141115,gene,DeconvSC,0.6360018177625518
GSE141115,gene,DeconvSC,0.8424587863400418
GSE141115,gene,DeconvSC,0.7440186246600711
GSE141115,gene,DeconvSC,0.6763893703040276
GSE141115,gene,DeconvSC,0.5390823906647041
GSE141115,gene,DeconvSC,0.6264022066902645
GSE141115,gene,DeconvSC,0.8267182484518365
GSE141115,gene,DeconvSC,0.6608459339243359
GSE141115,gene,DeconvSC,0.7870235838962848
GSE141115,gene,DeconvSC,0.707967757556423
GSE141115,gene,DeconvSC,0.638440775223056
GSE141115,gene,DeconvSC,0.6858128561866753
GSE141115,gene,DeconvSC,0.7390736815607302
GSE141115,gene,DeconvSC,0.8034193057086981
GSE141115,gene,DeconvSC,0.6755248542581459
GSE141115,gene,DeconvSC,0.6005716284178434
GSE141115,gene,DeconvSC,0.4967923559603688
GSE141115,gene,DeconvSC,0.7330510435979448
GSE141115,gene,DeconvSC,0.913606163668888
GSE141115,gene,DeconvSC,0.8898143313929862
GSE141115,gene,DeconvSC,0.8320519253116695
GSE141115,gene,DeconvSC,0.7822994679960328
GSE141115,gene,DeconvSC,-0.068126768269736
GSE141115,gene,DeconvSC,0.7720877854979556
GSE141115,gene,DeconvSC,0.9572933236911414
GSE141115,gene,DeconvSC,0.8961260009933597
GSE141115,gene,DeconvSC,0.7601270547597331
GSE141115,gene,DeconvSC,0.952415573643583
GSE141115,gene,DeconvSC,0.9670612316564972
GSE141115,gene,DeconvSC,0.9516770123967062
GSE141115,gene,DeconvSC,0.9163431477916788
GSE141115,gene,DeconvSC,0.808981556065214
GSE141115,gene,DeconvSC,0.7819362362903407
GSE141115,gene,DeconvSC,0.9414805403272406
GSE141115,gene,DeconvSC,0.8061026222405766
GSE141115,gene,DeconvSC,0.8317743705402185
GSE141115,gene,DeconvSC,0.8890951202857134
GSE141115,gene,DeconvSC,0.8337974568270644
GSE141115,gene,DeconvSC,0.7812552425644074
GSE141115,gene,DeconvSC,0.857112751054764
GSE141115,gene,DeconvSC,0.8221654551269802
GSE141115,gene,DeconvSC,0.7434889093557518
GSE141115,gene,DeconvSC,0.9275026234947062
GSE141115,gene,DeconvSC,0.9666679224479772
GSE141115,gene,DeconvSC,0.988021370973414
GSE141115,gene,DeconvSC,0.9281861221090784
GSE141115,gene,DeconvSC,0.9534252436171682
GSE141115,gene,DeconvSC,0.9710927294818475
GSE141115,gene,DeconvSC,0.827922766771086
GSE141115,gene,DeconvSC,0.987393303887158
GSE141115,gene,DeconvSC,0.9665326945860406
GSE141115,gene,DeconvSC,0.9331081043251872
GSE141115,gene,DeconvSC,0.9018795031199304
GSE141115,gene,DeconvSC,0.9487414996817026
GSE141115,gene,DeconvSC,0.9629288594813542
GSE141115,gene,DeconvSC,0.916806447437578
GSE141115,gene,DeconvSC,0.9375604613559192
GSE141115,gene,DeconvSC,0.8790584583032818
GSE141115,gene,DeconvSC,0.9741437006690644
GSE141115,gene,DeconvSC,0.9123559452709944
GSE141115,gene,DeconvSC,0.8026647869207169
GSE141115,gene,DeconvSC,0.8958006853136397
GSE141115,gene,DeconvSC,0.8778697199424914
GSE141115,gene,DeconvSC,0.951289257480255
GSE141115,gene,DeconvSC,0.8210317290504484
GSE141115,gene,DeconvSC,0.9437757767190562
GSE141115,gene,DeconvSC,0.5596900359195847
GSE141115,gene,DeconvSC,0.8580539187740336
GSE141115,gene,DeconvSC,0.8923866426126479
GSE141115,gene,DeconvSC,0.904593603894238
GSE141115,gene,DeconvSC,0.6042532273052278
GSE141115,gene,DeconvSC,0.8792470870017919
GSE141115,gene,DeconvSC,0.8549456514987627
GSE141115,gene,DeconvSC,0.8431434582971933
GSE141115,gene,DeconvSC,0.8263597352134563
GSE141115,gene,DeconvSC,0.8252688486439994
GSE141115,gene,DeconvSC,0.9168439012885472
GSE141115,gene,DeconvSC,0.8758941737774557
GSE141115,gene,DeconvSC,0.949439936417562
GSE141115,gene,DeconvSC,0.8730705575655978
GSE141115,gene,DeconvSC,0.7714762861152117
GSE141115,gene,DeconvSC,0.8158776958140993
GSE141115,gene,DeconvSC,0.8164432753644743
GSE159585,profile,BayesPrism,0.6527818091359192
GSE159585,profile,BayesPrism,0.4899508508493178
GSE159585,profile,BayesPrism,0.5701976171160392
GSE159585,profile,BayesPrism,0.4286851012418
GSE159585,profile,BayesPrism,0.4195795855095501
GSE159585,profile,BayesPrism,0.4020293802725991
GSE159585,profile,BayesPrism,0.4181372904640125
GSE159585,profile,BayesPrism,0.3761782814986706
GSE159585,profile,BayesPrism,0.4303859189181352
GSE159585,profile,BayesPrism,0.6735054280727688
GSE159585,profile,BayesPrism,0.5275313209801326
GSE159585,profile,BayesPrism,0.4728083264111128
GSE159585,profile,BayesPrism,0.3074024255756142
GSE159585,profile,BayesPrism,0.330743610082244
GSE159585,profile,BayesPrism,0.4672687698098435
GSE159585,profile,BayesPrism,0.6767432868504617
GSE159585,profile,BayesPrism,0.4102789300321937
GSE159585,profile,BayesPrism,0.7151326677664709
GSE159585,profile,BayesPrism,0.5755483151550354
GSE159585,profile,BayesPrism,0.6233753336370389
GSE159585,profile,BayesPrism,0.7123933053296146
GSE159585,profile,BayesPrism,0.4887709775095055
GSE159585,profile,BayesPrism,0.6327659621408069
GSE159585,profile,BayesPrism,0.4567124452710416
GSE159585,profile,BayesPrism,0.3621768924360475
GSE159585,profile,BayesPrism,0.7459116374721105
GSE159585,profile,BayesPrism,0.720508693043334
GSE159585,profile,BayesPrism,0.7458504641419889
GSE159585,profile,BayesPrism,0.5203240319735662
GSE159585,profile,BayesPrism,0.6337556446066477
GSE159585,profile,BayesPrism,0.6313692260406006
GSE159585,profile,BayesPrism,0.4484679247471138
GSE159585,profile,BayesPrism,0.4462894012572802
GSE159585,profile,BayesPrism,0.5408590615296296
GSE159585,profile,BayesPrism,0.4983915465454956
GSE159585,profile,BayesPrism,0.4720822257282898
GSE159585,profile,BayesPrism,0.4112684987647962
GSE159585,profile,BayesPrism,0.4944263575956257
GSE159585,profile,BayesPrism,0.5232221540578532
GSE159585,profile,BayesPrism,0.3315980915390686
GSE159585,profile,BayesPrism,0.4658738749717029
GSE159585,profile,BayesPrism,0.4695896752579415
GSE159585,profile,BayesPrism,0.4343276888098509
GSE159585,profile,BayesPrism,0.4193222725475358
GSE159585,profile,BayesPrism,0.3252094671530315
GSE159585,profile,BayesPrism,0.4078312428411723
GSE159585,profile,BayesPrism,0.3216824816233232
GSE159585,profile,BayesPrism,0.2289241207536624
GSE159585,profile,BayesPrism,0.3881246321821628
GSE159585,profile,BayesPrism,0.2455584711536952
GSE159585,profile,BayesPrism,0.3386529575807357
GSE159585,profile,BayesPrism,0.6828661263202737
GSE159585,profile,BayesPrism,0.41533529151178
GSE159585,profile,BayesPrism,0.5355486237083938
GSE159585,profile,BayesPrism,0.4048293200419541
GSE159585,profile,BayesPrism,0.3021777574241929
GSE159585,profile,BayesPrism,0.3697441715493955
GSE159585,profile,BayesPrism,0.5063643982850732
GSE159585,profile,BayesPrism,0.5366398320682839
GSE159585,profile,BayesPrism,0.5362615785477916
GSE159585,profile,BayesPrism,0.4402774633349868
GSE159585,profile,DISSECT,0.8467359041732234
GSE159585,profile,DISSECT,0.8033141844080047
GSE159585,profile,DISSECT,0.8048726980053593
GSE159585,profile,DISSECT,0.8726894332043182
GSE159585,profile,DISSECT,0.7520687971771245
GSE159585,profile,DISSECT,0.7378362822949136
GSE159585,profile,DISSECT,0.7895459305443113
GSE159585,profile,DISSECT,0.863224790900547
GSE159585,profile,DISSECT,0.8745688929224189
GSE159585,profile,DISSECT,0.8474304462055696
GSE159585,profile,DISSECT,0.7649269619096695
GSE159585,profile,DISSECT,0.7808376627805288
GSE159585,profile,DISSECT,0.6898644400070021
GSE159585,profile,DISSECT,0.8009477780075623
GSE159585,profile,DISSECT,0.8593802871229032
GSE159585,profile,DISSECT,0.870038442530395
GSE159585,profile,DISSECT,0.7585104405620887
GSE159585,profile,DISSECT,0.8413819091389894
GSE159585,profile,DISSECT,0.8344654235452482
GSE159585,profile,DISSECT,0.8197666220897162
GSE159585,profile,DISSECT,0.8578243823777304
GSE159585,profile,DISSECT,0.8070980632513467
GSE159585,profile,DISSECT,0.7753102185445406
GSE159585,profile,DISSECT,0.748033489241509
GSE159585,profile,DISSECT,0.8411045276379185
GSE159585,profile,DISSECT,0.8592853536779822
GSE159585,profile,DISSECT,0.8581945095622971
GSE159585,profile,DISSECT,0.8455791273768672
GSE159585,profile,DISSECT,0.7428129968635971
GSE159585,profile,DISSECT,0.8578588530076707
GSE159585,profile,DISSECT,0.8481162200094514
GSE159585,profile,DISSECT,0.8169880266048904
GSE159585,profile,DISSECT,0.802078086502731
GSE159585,profile,DISSECT,0.8026628848063152
GSE159585,profile,DISSECT,0.7540334902122324
GSE159585,profile,DISSECT,0.7607614955705868
GSE159585,profile,DISSECT,0.7699447386380599
GSE159585,profile,DISSECT,0.7107287444106003
GSE159585,profile,DISSECT,0.7445741063601012
GSE159585,profile,DISSECT,0.8279314309891326
GSE159585,profile,DISSECT,0.8586806432947564
GSE159585,profile,DISSECT,0.8251014133002459
GSE159585,profile,DISSECT,0.8799941177093278
GSE159585,profile,DISSECT,0.8020009085262186
GSE159585,profile,DISSECT,0.5491817358910793
GSE159585,profile,DISSECT,0.7301445223478273
GSE159585,profile,DISSECT,0.8763806867147814
GSE159585,profile,DISSECT,0.818825451897384
GSE159585,profile,DISSECT,0.7148523849191684
GSE159585,profile,DISSECT,0.5033543736348719
GSE159585,profile,DISSECT,0.5831102123686673
GSE159585,profile,DISSECT,0.85419355290184
GSE159585,profile,DISSECT,0.7337877486093334
GSE159585,profile,DISSECT,0.6887177335224368
GSE159585,profile,DISSECT,0.5821999568797024
GSE159585,profile,DISSECT,0.6003746532896745
GSE159585,profile,DISSECT,0.7916867660377591
GSE159585,profile,DISSECT,0.7795835056575694
GSE159585,profile,DISSECT,0.8635077453955815
GSE159585,profile,DISSECT,0.8577382604927559
GSE159585,profile,DISSECT,0.8370346743790519
GSE159585,profile,TAPE,0.3516577126633408
GSE159585,profile,TAPE,0.5098071745635182
GSE159585,profile,TAPE,0.5607424518360693
GSE159585,profile,TAPE,0.5846826595852442
GSE159585,profile,TAPE,0.4970309040893902
GSE159585,profile,TAPE,0.4438287028290586
GSE159585,profile,TAPE,0.5568598797785663
GSE159585,profile,TAPE,0.6785920264135314
GSE159585,profile,TAPE,0.5509421701024559
GSE159585,profile,TAPE,0.5863681211268386
GSE159585,profile,TAPE,0.5334892203093415
GSE159585,profile,TAPE,0.6881793510571375
GSE159585,profile,TAPE,0.6806386474893431
GSE159585,profile,TAPE,0.6416445370939592
GSE159585,profile,TAPE,0.4757478289177057
GSE159585,profile,TAPE,0.578726100789178
GSE159585,profile,TAPE,0.6347900753411736
GSE159585,profile,TAPE,0.6493249377248144
GSE159585,profile,TAPE,0.6517441011091494
GSE159585,profile,TAPE,0.6756601528326716
GSE159585,profile,TAPE,0.6651063955205323
GSE159585,profile,TAPE,0.6674293288552413
GSE159585,profile,TAPE,0.417883229507587
GSE159585,profile,TAPE,0.5794575437296091
GSE159585,profile,TAPE,0.5599202320146119
GSE159585,profile,TAPE,0.5929699280194424
GSE159585,profile,TAPE,0.6303602988101193
GSE159585,profile,TAPE,0.6560439295433484
GSE159585,profile,TAPE,0.3642600288790391
GSE159585,profile,TAPE,0.6095505923519915
GSE159585,profile,TAPE,0.59265359027383
GSE159585,profile,TAPE,0.6223433705577772
GSE159585,profile,TAPE,0.4521369760932074
GSE159585,profile,TAPE,0.593644139135393
GSE159585,profile,TAPE,-0.1295600355565151
GSE159585,profile,TAPE,0.5224860439441217
GSE159585,profile,TAPE,0.1403987935946582
GSE159585,profile,TAPE,0.6818269846635203
GSE159585,profile,DeconvSC,0.9288203362813388
GSE159585,profile,DeconvSC,0.9523591498114492
GSE159585,profile,DeconvSC,0.8614200173243869
GSE159585,profile,DeconvSC,0.9219195059357927
GSE159585,profile,DeconvSC,0.8781145797056441
GSE159585,profile,DeconvSC,0.9375068636102724
GSE159585,profile,DeconvSC,0.9279231035912976
GSE159585,profile,DeconvSC,0.9067964499822702
GSE159585,profile,DeconvSC,0.8815405972752989
GSE159585,profile,DeconvSC,0.8533621599856838
GSE159585,profile,DeconvSC,0.9335083973964934
GSE159585,profile,DeconvSC,0.932315928018514
GSE159585,profile,DeconvSC,0.8604944662564992
GSE159585,profile,DeconvSC,0.9075788865950534
GSE159585,profile,DeconvSC,0.8957801011932194
GSE159585,profile,DeconvSC,0.9260499744646118
GSE159585,profile,DeconvSC,0.9310486738123512
GSE159585,profile,DeconvSC,0.8962542769531695
GSE159585,profile,DeconvSC,0.852984026523132
GSE159585,profile,DeconvSC,0.8532523255537889
GSE159585,profile,DeconvSC,0.8997261270547524
GSE159585,profile,DeconvSC,0.897727990338397
GSE159585,profile,DeconvSC,0.8999944354124596
GSE159585,profile,DeconvSC,0.8754568980656282
GSE159585,profile,DeconvSC,0.8442599465274416
GSE159585,profile,DeconvSC,0.916393707953212
GSE159585,profile,DeconvSC,0.8925409765954655
GSE159585,profile,DeconvSC,0.9228001430047544
GSE159585,profile,DeconvSC,0.906647724517776
GSE159585,profile,DeconvSC,0.900803994785664
GSE159585,profile,DeconvSC,0.8685622847073436
GSE159585,profile,DeconvSC,0.8536258071821999
GSE159585,profile,DeconvSC,0.8528137768752162
GSE159585,profile,DeconvSC,0.750851709278007
GSE159585,profile,DeconvSC,0.9126337335481148
GSE159585,profile,DeconvSC,0.9602879677340944
GSE159585,profile,DeconvSC,0.9311600451618351
GSE159585,profile,DeconvSC,0.9188799923363452
GSE159585,profile,DeconvSC,0.8410896013176272
GSE159585,profile,DeconvSC,0.8086562357385734
GSE159585,profile,DeconvSC,0.9282275105629272
GSE159585,profile,DeconvSC,0.9252378731937771
GSE159585,profile,DeconvSC,0.80571360963713
GSE159585,profile,DeconvSC,0.9144600323027032
GSE159585,profile,DeconvSC,0.8631587489041778
GSE159585,profile,DeconvSC,0.8398066663906638
GSE159585,profile,DeconvSC,0.8908038711810353
GSE159585,profile,DeconvSC,0.9253351420336392
GSE159585,profile,DeconvSC,0.910914366874698
GSE159585,profile,DeconvSC,0.9165560280935952
GSE159585,gene,BayesPrism,0.5632015068558145
GSE159585,gene,BayesPrism,0.3922150416721927
GSE159585,gene,BayesPrism,0.7736128358687924
GSE159585,gene,BayesPrism,0.4166730402621555
GSE159585,gene,BayesPrism,0.4181806270647052
GSE159585,gene,BayesPrism,0.4082390066152734
GSE159585,gene,BayesPrism,0.1370930731406445
GSE159585,gene,BayesPrism,0.5898214895550001
GSE159585,gene,BayesPrism,0.5310270034620118
GSE159585,gene,BayesPrism,0.5833359701366043
GSE159585,gene,BayesPrism,0.7220454393713169
GSE159585,gene,BayesPrism,0.6759711726223965
GSE159585,gene,BayesPrism,0.1146734902940899
GSE159585,gene,BayesPrism,0.6031903696373161
GSE159585,gene,BayesPrism,0.4769515086711096
GSE159585,gene,BayesPrism,0.0643108266207249
GSE159585,gene,BayesPrism,0.3028905009936638
GSE159585,gene,BayesPrism,0.3377792028746454
GSE159585,gene,BayesPrism,0.5716872529613223
GSE159585,gene,BayesPrism,0.4697975049156264
GSE159585,gene,BayesPrism,0.3972428315384919
GSE159585,gene,BayesPrism,0.1373650900444168
GSE159585,gene,BayesPrism,0.5529634004407854
GSE159585,gene,BayesPrism,0.3564573069127343
GSE159585,gene,BayesPrism,0.561186884325332
GSE159585,gene,BayesPrism,0.5234084887987381
GSE159585,gene,BayesPrism,0.3455751842428892
GSE159585,gene,BayesPrism,0.2262459720747199
GSE159585,gene,BayesPrism,0.5148685026142583
GSE159585,gene,BayesPrism,-0.0369173907849297
GSE159585,gene,BayesPrism,0.3098380398924563
GSE159585,gene,BayesPrism,0.2337491438247914
GSE159585,gene,BayesPrism,0.473119170675563
GSE159585,gene,BayesPrism,0.5109967605479857
GSE159585,gene,BayesPrism,0.1051313686151924
GSE159585,gene,BayesPrism,0.2012597986425243
GSE159585,gene,BayesPrism,0.3527457584027633
GSE159585,gene,BayesPrism,0.1415843116530022
GSE159585,gene,BayesPrism,0.0049146267611613
GSE159585,gene,BayesPrism,0.1282010726861223
GSE159585,gene,BayesPrism,0.509045482037784
GSE159585,gene,BayesPrism,0.3579426421636602
GSE159585,gene,BayesPrism,0.4419647860925227
GSE159585,gene,BayesPrism,0.7275204516729925
GSE159585,gene,BayesPrism,0.2555080952706856
GSE159585,gene,BayesPrism,0.4875265977716141
GSE159585,gene,BayesPrism,0.2655821074114725
GSE159585,gene,BayesPrism,0.3960164299586022
GSE159585,gene,BayesPrism,0.6434973996236751
GSE159585,gene,BayesPrism,0.8185504514743558
GSE159585,gene,BayesPrism,0.6114517448029703
GSE159585,gene,BayesPrism,0.5779499119730841
GSE159585,gene,BayesPrism,0.6238364325706607
GSE159585,gene,BayesPrism,0.3226567971455659
GSE159585,gene,BayesPrism,0.7960000424283808
GSE159585,gene,BayesPrism,0.5302075883919818
GSE159585,gene,BayesPrism,0.8964889428208518
GSE159585,gene,BayesPrism,0.8141626375908596
GSE159585,gene,BayesPrism,0.5336847043664944
GSE159585,gene,BayesPrism,0.6361290847265284
GSE159585,gene,BayesPrism,0.2427253452411996
GSE159585,gene,BayesPrism,0.3364101305505292
GSE159585,gene,BayesPrism,0.3546506453988506
GSE159585,gene,BayesPrism,0.4591431114956744
GSE159585,gene,BayesPrism,0.7356004267470946
GSE159585,gene,BayesPrism,0.7756483927898312
GSE159585,gene,BayesPrism,0.234478665511614
GSE159585,gene,BayesPrism,0.0327795467596966
GSE159585,gene,BayesPrism,0.5609395173977245
GSE159585,gene,BayesPrism,0.5946304737610592
GSE159585,gene,BayesPrism,0.314793153905847
GSE159585,gene,BayesPrism,0.4088075384753009
GSE159585,gene,BayesPrism,0.7080290533445127
GSE159585,gene,BayesPrism,0.6156296081207508
GSE159585,gene,BayesPrism,0.6062757736753467
GSE159585,gene,BayesPrism,0.6645533954024442
GSE159585,gene,BayesPrism,0.4362502312836912
GSE159585,gene,BayesPrism,0.7291668460895893
GSE159585,gene,BayesPrism,0.6138965670394606
GSE159585,gene,BayesPrism,0.7602407971621937
GSE159585,gene,BayesPrism,0.4403609887039099
GSE159585,gene,BayesPrism,0.6849563108598152
GSE159585,gene,BayesPrism,0.5701896639560455
GSE159585,gene,BayesPrism,0.6422813064623507
GSE159585,gene,BayesPrism,0.2483751831290883
GSE159585,gene,BayesPrism,0.0216546167661421
GSE159585,gene,BayesPrism,0.3478449740928168
GSE159585,gene,BayesPrism,0.977327192007394
GSE159585,gene,BayesPrism,0.7363277640114337
GSE159585,gene,BayesPrism,0.2963588642037582
GSE159585,gene,BayesPrism,0.3951874891712306
GSE159585,gene,BayesPrism,0.540020497540655
GSE159585,gene,BayesPrism,0.7463913024949629
GSE159585,gene,BayesPrism,0.719343700702363
GSE159585,gene,BayesPrism,0.5716233998134479
GSE159585,gene,BayesPrism,-0.1407761282883859
GSE159585,gene,BayesPrism,0.4933002464297301
GSE159585,gene,BayesPrism,0.5586872052304374
GSE159585,gene,BayesPrism,0.4291442923537177
GSE159585,gene,BayesPrism,0.5268348647692828
GSE159585,gene,BayesPrism,0.7391640955625021
GSE159585,gene,BayesPrism,0.5846436999503459
GSE159585,gene,BayesPrism,0.00587465617646
GSE159585,gene,BayesPrism,0.3788361141092857
GSE159585,gene,BayesPrism,0.4425627513726226
GSE159585,gene,BayesPrism,0.7197968836783007
GSE159585,gene,BayesPrism,0.7767570648103463
GSE159585,gene,BayesPrism,0.1291412231499441
GSE159585,gene,BayesPrism,0.4564351511591407
GSE159585,gene,BayesPrism,0.6302808076458538
GSE159585,gene,BayesPrism,0.3435386542608405
GSE159585,gene,BayesPrism,0.7692234854663511
GSE159585,gene,BayesPrism,0.9356539963213212
GSE159585,gene,BayesPrism,-0.0546477298887416
GSE159585,gene,BayesPrism,0.049232768291962
GSE159585,gene,BayesPrism,-0.0352298052650175
GSE159585,gene,BayesPrism,0.577236009044301
GSE159585,gene,BayesPrism,0.4499987784553149
GSE159585,gene,BayesPrism,0.3548236868324143
GSE159585,gene,BayesPrism,0.2927576403008881
GSE159585,gene,BayesPrism,0.3573144186545451
GSE159585,gene,BayesPrism,-0.1102029132476122
GSE159585,gene,BayesPrism,0.633041659787064
GSE159585,gene,BayesPrism,0.8019160758747114
GSE159585,gene,BayesPrism,0.4632038898333597
GSE159585,gene,BayesPrism,0.806489110044656
GSE159585,gene,BayesPrism,0.4920398092877231
GSE159585,gene,BayesPrism,0.2262520966689557
GSE159585,gene,BayesPrism,0.071579271947325
GSE159585,gene,BayesPrism,0.1840347861295236
GSE159585,gene,BayesPrism,0.644070940944345
GSE159585,gene,BayesPrism,0.4391331139631266
GSE159585,gene,BayesPrism,0.5799161248390912
GSE159585,gene,BayesPrism,0.7465070378621116
GSE159585,gene,BayesPrism,0.538010347896881
GSE159585,gene,BayesPrism,0.306127315680781
GSE159585,gene,BayesPrism,0.2734186720865453
GSE159585,gene,BayesPrism,0.1251887537578533
GSE159585,gene,BayesPrism,0.142449106393934
GSE159585,gene,BayesPrism,0.365551757874613
GSE159585,gene,BayesPrism,0.1221043674834377
GSE159585,gene,BayesPrism,-0.0482870814843223
GSE159585,gene,BayesPrism,0.3271289189391135
GSE159585,gene,BayesPrism,0.6280458148168383
GSE159585,gene,BayesPrism,-0.014944536536593
GSE159585,gene,BayesPrism,0.3567247963618153
GSE159585,gene,BayesPrism,0.2148238757175359
GSE159585,gene,BayesPrism,0.5899726004219314
GSE159585,gene,BayesPrism,0.8120629032231431
GSE159585,gene,BayesPrism,0.3743176125277133
GSE159585,gene,BayesPrism,0.5289146810565399
GSE159585,gene,BayesPrism,0.372238368358032
GSE159585,gene,BayesPrism,0.5802777464207842
GSE159585,gene,BayesPrism,0.5316228855130923
GSE159585,gene,BayesPrism,0.0998463607652937
GSE159585,gene,BayesPrism,0.2304932813465004
GSE159585,gene,BayesPrism,0.230415917698335
GSE159585,gene,BayesPrism,0.2754958039201045
GSE159585,gene,BayesPrism,0.4177873898283675
GSE159585,gene,BayesPrism,0.2932503620655288
GSE159585,gene,BayesPrism,0.2273036396412385
GSE159585,gene,BayesPrism,0.2264396907766455
GSE159585,gene,BayesPrism,0.7265469051294087
GSE159585,gene,BayesPrism,0.700853362779981
GSE159585,gene,BayesPrism,0.3109382912535042
GSE159585,gene,BayesPrism,0.705351705802034
GSE159585,gene,BayesPrism,0.4125320790494104
GSE159585,gene,BayesPrism,0.6555182952668867
GSE159585,gene,BayesPrism,0.1585005490310622
GSE159585,gene,BayesPrism,0.3751817345030486
GSE159585,gene,BayesPrism,0.0581979754831874
GSE159585,gene,BayesPrism,0.576867076124727
GSE159585,gene,BayesPrism,0.2808850123289556
GSE159585,gene,BayesPrism,0.6166825494840479
GSE159585,gene,BayesPrism,0.5634647150240923
GSE159585,gene,BayesPrism,0.3168601329726936
GSE159585,gene,BayesPrism,0.8041875373985631
GSE159585,gene,BayesPrism,0.5185873323050811
GSE159585,gene,BayesPrism,0.7590373887272188
GSE159585,gene,BayesPrism,0.2469446827082363
GSE159585,gene,BayesPrism,0.2240237199921492
GSE159585,gene,BayesPrism,0.3029467764630623
GSE159585,gene,BayesPrism,0.3778711219669226
GSE159585,gene,BayesPrism,0.2868495349231028
GSE159585,gene,BayesPrism,0.3283546581643596
GSE159585,gene,BayesPrism,0.0509118878448452
GSE159585,gene,BayesPrism,0.3819040005643693
GSE159585,gene,BayesPrism,0.6011338479500924
GSE159585,gene,BayesPrism,0.3411347916784401
GSE159585,gene,BayesPrism,0.7245751203109309
GSE159585,gene,BayesPrism,0.4239344931428337
GSE159585,gene,BayesPrism,0.2302076523939791
GSE159585,gene,BayesPrism,0.7281496606239807
GSE159585,gene,BayesPrism,0.1327345953404717
GSE159585,gene,BayesPrism,0.8649161575294078
GSE159585,gene,BayesPrism,0.322137848114557
GSE159585,gene,BayesPrism,0.133210698073394
GSE159585,gene,BayesPrism,0.0985720322234668
GSE159585,gene,BayesPrism,0.3952245496386183
GSE159585,gene,BayesPrism,-0.0785885378495694
GSE159585,gene,BayesPrism,0.4521604314011058
GSE159585,gene,BayesPrism,0.3404066265802998
GSE159585,gene,BayesPrism,0.2185262901413113
GSE159585,gene,BayesPrism,0.3266050417996622
GSE159585,gene,BayesPrism,0.6836605515636648
GSE159585,gene,BayesPrism,0.2401046323025747
GSE159585,gene,BayesPrism,0.4928149298696841
GSE159585,gene,BayesPrism,-0.0274117909570344
GSE159585,gene,BayesPrism,0.2267903534515798
GSE159585,gene,BayesPrism,0.6753340158340053
GSE159585,gene,BayesPrism,0.2982481318824264
GSE159585,gene,BayesPrism,0.7092164171460433
GSE159585,gene,BayesPrism,0.8413894004949011
GSE159585,gene,BayesPrism,0.1818457914725692
GSE159585,gene,BayesPrism,0.701389748021863
GSE159585,gene,BayesPrism,0.6148445284568043
GSE159585,gene,BayesPrism,0.3787925525757584
GSE159585,gene,BayesPrism,0.8150991608496186
GSE159585,gene,BayesPrism,0.2730493551849975
GSE159585,gene,BayesPrism,0.3100807510166182
GSE159585,gene,BayesPrism,0.912952047340349
GSE159585,gene,BayesPrism,0.3441064895590516
GSE159585,gene,BayesPrism,0.3839166588221172
GSE159585,gene,BayesPrism,0.718922628660855
GSE159585,gene,BayesPrism,0.6526333927485156
GSE159585,gene,BayesPrism,0.4174266214195499
GSE159585,gene,BayesPrism,0.1794524813936589
GSE159585,gene,BayesPrism,0.422255500813825
GSE159585,gene,BayesPrism,0.6460093483908563
GSE159585,gene,BayesPrism,0.7957002629403234
GSE159585,gene,BayesPrism,0.3307990169021843
GSE159585,gene,BayesPrism,0.6383795773170539
GSE159585,gene,BayesPrism,0.7125182789710186
GSE159585,gene,BayesPrism,0.3247554800685926
GSE159585,gene,BayesPrism,0.2255388407035766
GSE159585,gene,BayesPrism,0.0340639803457891
GSE159585,gene,BayesPrism,-0.0363285211861565
GSE159585,gene,BayesPrism,0.4682061644157388
GSE159585,gene,BayesPrism,0.5151738386911621
GSE159585,gene,BayesPrism,0.4016334415431305
GSE159585,gene,BayesPrism,0.3559903919486389
GSE159585,gene,BayesPrism,0.4765976942381754
GSE159585,gene,BayesPrism,0.5160858082793481
GSE159585,gene,BayesPrism,0.6429371478398527
GSE159585,gene,BayesPrism,0.2489386795574315
GSE159585,gene,BayesPrism,0.3387137605193768
GSE159585,gene,BayesPrism,0.5163775378671323
GSE159585,gene,BayesPrism,0.8777144940177392
GSE159585,gene,BayesPrism,0.8204650448101678
GSE159585,gene,BayesPrism,0.6959525886573189
GSE159585,gene,BayesPrism,0.738129077759132
GSE159585,gene,BayesPrism,0.7509596693335422
GSE159585,gene,BayesPrism,0.3354969616864017
GSE159585,gene,BayesPrism,0.5497244612222522
GSE159585,gene,BayesPrism,0.4110798837640691
GSE159585,gene,BayesPrism,0.1270564406035147
GSE159585,gene,BayesPrism,0.4260811086165809
GSE159585,gene,BayesPrism,-0.0049256319471403
GSE159585,gene,BayesPrism,0.2967340966779391
GSE159585,gene,BayesPrism,0.6617133512804617
GSE159585,gene,BayesPrism,0.5627555586641869
GSE159585,gene,BayesPrism,0.6491735355877261
GSE159585,gene,BayesPrism,0.7379972413562347
GSE159585,gene,BayesPrism,0.6092877548992152
GSE159585,gene,BayesPrism,0.5413479426170549
GSE159585,gene,BayesPrism,0.5795747412298548
GSE159585,gene,BayesPrism,0.7765212301955502
GSE159585,gene,BayesPrism,0.2285266021813363
GSE159585,gene,BayesPrism,0.0821349094219372
GSE159585,gene,BayesPrism,0.5767173537534219
GSE159585,gene,BayesPrism,0.5732476539936132
GSE159585,gene,BayesPrism,0.5961433195661996
GSE159585,gene,BayesPrism,0.2588371056537079
GSE159585,gene,BayesPrism,0.320925107990251
GSE159585,gene,BayesPrism,0.5495943407396336
GSE159585,gene,BayesPrism,0.4033034410911986
GSE159585,gene,BayesPrism,0.3320285155173664
GSE159585,gene,BayesPrism,0.0847928212169582
GSE159585,gene,BayesPrism,0.2347136870708615
GSE159585,gene,BayesPrism,0.5004682425512843
GSE159585,gene,BayesPrism,0.5294880058468986
GSE159585,gene,BayesPrism,0.6300813002044828
GSE159585,gene,BayesPrism,0.4255892755643147
GSE159585,gene,BayesPrism,0.7017548756898395
GSE159585,gene,BayesPrism,0.1218231864854105
GSE159585,gene,BayesPrism,0.2098101804231396
GSE159585,gene,BayesPrism,0.7802076105277204
GSE159585,gene,BayesPrism,0.636159917137024
GSE159585,gene,BayesPrism,0.3157985150794917
GSE159585,gene,BayesPrism,0.449894782423919
GSE159585,gene,BayesPrism,0.4546226087719345
GSE159585,gene,BayesPrism,0.8549209230679738
GSE159585,gene,BayesPrism,0.2980681819443783
GSE159585,gene,BayesPrism,0.704727019824462
GSE159585,gene,BayesPrism,0.4338887033936358
GSE159585,gene,BayesPrism,0.2433860032367101
GSE159585,gene,BayesPrism,0.4926721570045698
GSE159585,gene,BayesPrism,0.3792482348612807
GSE159585,gene,BayesPrism,0.6244369759849263
GSE159585,gene,BayesPrism,0.4161726020522138
GSE159585,gene,BayesPrism,0.4163433244657328
GSE159585,gene,BayesPrism,0.2079666587712335
GSE159585,gene,BayesPrism,0.7424972050908051
GSE159585,gene,BayesPrism,0.7252707383440031
GSE159585,gene,BayesPrism,0.4317535533222116
GSE159585,gene,BayesPrism,0.6440278398650457
GSE159585,gene,BayesPrism,0.5973822064709857
GSE159585,gene,BayesPrism,0.474508528651863
GSE159585,gene,BayesPrism,0.334114012988411
GSE159585,gene,BayesPrism,0.4816770635908759
GSE159585,gene,BayesPrism,0.2005977132038392
GSE159585,gene,BayesPrism,0.4297866983304932
GSE159585,gene,BayesPrism,0.863711472335287
GSE159585,gene,BayesPrism,0.4198179810735366
GSE159585,gene,BayesPrism,0.3025331980312032
GSE159585,gene,BayesPrism,0.5180849460933423
GSE159585,gene,BayesPrism,0.6755777793388325
GSE159585,gene,BayesPrism,0.8824164038079055
GSE159585,gene,BayesPrism,0.6959140653324015
GSE159585,gene,BayesPrism,0.5783633943179953
GSE159585,gene,BayesPrism,0.1993013676696507
GSE159585,gene,BayesPrism,0.818297677015641
GSE159585,gene,BayesPrism,0.125649456620248
GSE159585,gene,BayesPrism,0.614665390894976
GSE159585,gene,BayesPrism,0.5641088000850122
GSE159585,gene,BayesPrism,0.7043843843745796
GSE159585,gene,BayesPrism,0.2257160096261254
GSE159585,gene,BayesPrism,0.049076898786775
GSE159585,gene,BayesPrism,0.4193897406579987
GSE159585,gene,BayesPrism,0.1799378661167374
GSE159585,gene,BayesPrism,0.555634033448036
GSE159585,gene,BayesPrism,0.5771229945689057
GSE159585,gene,BayesPrism,0.3519584178560299
GSE159585,gene,BayesPrism,0.6652894531943406
GSE159585,gene,BayesPrism,0.5443870507330342
GSE159585,gene,BayesPrism,0.3809370532480365
GSE159585,gene,BayesPrism,0.7208417848661183
GSE159585,gene,BayesPrism,0.4590396516707072
GSE159585,gene,BayesPrism,0.7548215352465336
GSE159585,gene,BayesPrism,0.5664864229854047
GSE159585,gene,BayesPrism,-0.0216932532058219
GSE159585,gene,BayesPrism,0.2876029815308393
GSE159585,gene,BayesPrism,0.2157297151427906
GSE159585,gene,BayesPrism,0.113909399296307
GSE159585,gene,BayesPrism,0.5836725138722534
GSE159585,gene,BayesPrism,0.6963269616120276
GSE159585,gene,BayesPrism,0.4853396212176098
GSE159585,gene,BayesPrism,0.6952863418890165
GSE159585,gene,BayesPrism,0.7971247119047566
GSE159585,gene,BayesPrism,0.2320665973271423
GSE159585,gene,BayesPrism,0.4033162513416627
GSE159585,gene,BayesPrism,0.825727918783536
GSE159585,gene,BayesPrism,0.3639067288170605
GSE159585,gene,BayesPrism,0.7783194726623124
GSE159585,gene,BayesPrism,0.1001363159504566
GSE159585,gene,BayesPrism,0.7269954085355623
GSE159585,gene,BayesPrism,0.4762452891610371
GSE159585,gene,BayesPrism,0.2194320063832517
GSE159585,gene,BayesPrism,0.4683894345380741
GSE159585,gene,BayesPrism,0.6178586737596656
GSE159585,gene,BayesPrism,0.4271731812032451
GSE159585,gene,BayesPrism,0.141264570285059
GSE159585,gene,BayesPrism,0.7816146221891118
GSE159585,gene,BayesPrism,0.4713307197638648
GSE159585,gene,BayesPrism,0.6753902894130831
GSE159585,gene,BayesPrism,0.3336777021652715
GSE159585,gene,BayesPrism,-0.0572451262201573
GSE159585,gene,BayesPrism,-0.0232786036859162
GSE159585,gene,BayesPrism,0.0165338399111553
GSE159585,gene,BayesPrism,0.6057201938140878
GSE159585,gene,BayesPrism,0.6085631361906428
GSE159585,gene,BayesPrism,0.4827491776677278
GSE159585,gene,BayesPrism,0.3594957988918821
GSE159585,gene,BayesPrism,0.3590251336734671
GSE159585,gene,BayesPrism,-0.081226367858505
GSE159585,gene,BayesPrism,0.531748009216047
GSE159585,gene,BayesPrism,0.6285918473535745
GSE159585,gene,BayesPrism,0.2818739361805476
GSE159585,gene,BayesPrism,0.91878202307293
GSE159585,gene,BayesPrism,0.5731323953723915
GSE159585,gene,BayesPrism,0.7181582626371296
GSE159585,gene,BayesPrism,0.7287691684139572
GSE159585,gene,BayesPrism,0.7078660128009844
GSE159585,gene,BayesPrism,0.8208388697417461
GSE159585,gene,BayesPrism,0.2720509098037091
GSE159585,gene,BayesPrism,0.2668285447532881
GSE159585,gene,BayesPrism,0.307951953502828
GSE159585,gene,BayesPrism,0.3222056597610851
GSE159585,gene,BayesPrism,-0.1104137876149976
GSE159585,gene,BayesPrism,0.6832517325449294
GSE159585,gene,BayesPrism,0.5535515078010377
GSE159585,gene,BayesPrism,0.0969065002433553
GSE159585,gene,BayesPrism,0.5019292869624892
GSE159585,gene,BayesPrism,0.3100718668595932
GSE159585,gene,BayesPrism,-0.0331691173425473
GSE159585,gene,BayesPrism,-0.1203787931952851
GSE159585,gene,BayesPrism,0.0705849552173034
GSE159585,gene,BayesPrism,0.5712117360769142
GSE159585,gene,BayesPrism,0.1399654014596523
GSE159585,gene,BayesPrism,0.537354030581475
GSE159585,gene,BayesPrism,0.42650430786078
GSE159585,gene,BayesPrism,0.5188505209827364
GSE159585,gene,BayesPrism,0.2391702492539297
GSE159585,gene,BayesPrism,0.85457491687441
GSE159585,gene,BayesPrism,0.554754238775047
GSE159585,gene,BayesPrism,0.3653285309230068
GSE159585,gene,BayesPrism,0.3830566528876733
GSE159585,gene,BayesPrism,0.2270789521156773
GSE159585,gene,BayesPrism,0.6557022060451224
GSE159585,gene,BayesPrism,0.2502347367784575
GSE159585,gene,BayesPrism,0.491768858330846
GSE159585,gene,BayesPrism,0.7653620025912875
GSE159585,gene,BayesPrism,0.7310929764049325
GSE159585,gene,BayesPrism,0.4159307440824586
GSE159585,gene,BayesPrism,0.1943624631393999
GSE159585,gene,BayesPrism,0.2256957126756807
GSE159585,gene,BayesPrism,0.2785751865423383
GSE159585,gene,BayesPrism,0.0323914418273831
GSE159585,gene,BayesPrism,-0.059764006627627
GSE159585,gene,BayesPrism,0.2566486479440953
GSE159585,gene,BayesPrism,0.1041616518922163
GSE159585,gene,BayesPrism,0.7981936158278706
GSE159585,gene,BayesPrism,0.4516168244660686
GSE159585,gene,BayesPrism,0.5649157927370931
GSE159585,gene,BayesPrism,0.7738223917054244
GSE159585,gene,BayesPrism,0.1825396566628639
GSE159585,gene,BayesPrism,0.5056731194893662
GSE159585,gene,BayesPrism,0.5154947206343523
GSE159585,gene,BayesPrism,0.2631413060086383
GSE159585,gene,BayesPrism,0.5447695165703555
GSE159585,gene,BayesPrism,0.6347835095728452
GSE159585,gene,BayesPrism,0.6341115684111625
GSE159585,gene,BayesPrism,0.478133670508121
GSE159585,gene,BayesPrism,0.645399123904871
GSE159585,gene,BayesPrism,0.5670419997703653
GSE159585,gene,BayesPrism,0.2074266877986132
GSE159585,gene,BayesPrism,0.4925307015581646
GSE159585,gene,BayesPrism,-0.0430155487110143
GSE159585,gene,BayesPrism,0.3222663992959895
GSE159585,gene,BayesPrism,0.3782737847795179
GSE159585,gene,BayesPrism,0.2003941713862871
GSE159585,gene,BayesPrism,0.1268972353479115
GSE159585,gene,BayesPrism,0.7131033596957078
GSE159585,gene,BayesPrism,0.2061633970745933
GSE159585,gene,BayesPrism,0.8906075196681048
GSE159585,gene,BayesPrism,0.7098158981258679
GSE159585,gene,BayesPrism,0.396873051065421
GSE159585,gene,BayesPrism,0.0744756298187108
GSE159585,gene,BayesPrism,0.2934792300431835
GSE159585,gene,BayesPrism,0.3194979617551007
GSE159585,gene,BayesPrism,0.1998514084015935
GSE159585,gene,BayesPrism,0.4071140666606807
GSE159585,gene,BayesPrism,0.364357208034018
GSE159585,gene,BayesPrism,0.3049261455462217
GSE159585,gene,BayesPrism,0.6451597766590998
GSE159585,gene,BayesPrism,0.4247122197447343
GSE159585,gene,BayesPrism,0.254944147020292
GSE159585,gene,BayesPrism,0.6025339728586759
GSE159585,gene,BayesPrism,0.450294048660255
GSE159585,gene,BayesPrism,0.4274124913785558
GSE159585,gene,BayesPrism,0.4742340902987325
GSE159585,gene,BayesPrism,0.5619659395882903
GSE159585,gene,BayesPrism,-0.000810212472699
GSE159585,gene,BayesPrism,0.1771682911282129
GSE159585,gene,DISSECT,0.6770197318278383
GSE159585,gene,DISSECT,0.6180858786317603
GSE159585,gene,DISSECT,0.8307512117920836
GSE159585,gene,DISSECT,0.691225036907816
GSE159585,gene,DISSECT,0.7890263249341315
GSE159585,gene,DISSECT,0.6181950016514983
GSE159585,gene,DISSECT,0.6946438353541204
GSE159585,gene,DISSECT,0.6505453009271592
GSE159585,gene,DISSECT,0.6443950037689072
GSE159585,gene,DISSECT,0.7979415114235473
GSE159585,gene,DISSECT,0.822495707021648
GSE159585,gene,DISSECT,0.5200826351971516
GSE159585,gene,DISSECT,0.4798258555009967
GSE159585,gene,DISSECT,0.7841662590042711
GSE159585,gene,DISSECT,0.877746988039451
GSE159585,gene,DISSECT,0.3590164583694531
GSE159585,gene,DISSECT,0.5716041057446096
GSE159585,gene,DISSECT,0.7570678861162827
GSE159585,gene,DISSECT,0.8027593905414483
GSE159585,gene,DISSECT,0.8247411852596637
GSE159585,gene,DISSECT,0.7335055795487508
GSE159585,gene,DISSECT,0.7581853160486417
GSE159585,gene,DISSECT,0.8775741111690462
GSE159585,gene,DISSECT,0.9099203813277162
GSE159585,gene,DISSECT,0.7887903685265101
GSE159585,gene,DISSECT,0.8437981274637026
GSE159585,gene,DISSECT,0.717317225735945
GSE159585,gene,DISSECT,0.966190209158942
GSE159585,gene,DISSECT,0.6763499628117343
GSE159585,gene,DISSECT,0.6353850320299655
GSE159585,gene,DISSECT,0.9261420709033148
GSE159585,gene,DISSECT,0.7622538343003853
GSE159585,gene,DISSECT,0.836164205709272
GSE159585,gene,DISSECT,0.7623540681811705
GSE159585,gene,DISSECT,0.3650970946106792
GSE159585,gene,DISSECT,0.7700675947236449
GSE159585,gene,DISSECT,0.8330352784917844
GSE159585,gene,DISSECT,0.5737117505308129
GSE159585,gene,DISSECT,0.7309315950186095
GSE159585,gene,DISSECT,0.6742454080488497
GSE159585,gene,DISSECT,0.7177656186246404
GSE159585,gene,DISSECT,0.8361284204592574
GSE159585,gene,DISSECT,0.7672844837926227
GSE159585,gene,DISSECT,0.7937144677481373
GSE159585,gene,DISSECT,0.7858396399991677
GSE159585,gene,DISSECT,0.667428353690988
GSE159585,gene,DISSECT,0.4049957616435211
GSE159585,gene,DISSECT,0.6408009124186105
GSE159585,gene,DISSECT,0.8210139756481564
GSE159585,gene,DISSECT,0.732719047834088
GSE159585,gene,DISSECT,0.5084688239215795
GSE159585,gene,DISSECT,0.7682431998065911
GSE159585,gene,DISSECT,0.7660117202127886
GSE159585,gene,DISSECT,0.6814009631964777
GSE159585,gene,DISSECT,0.8781862668192334
GSE159585,gene,DISSECT,0.7221738801185899
GSE159585,gene,DISSECT,0.5133541696070743
GSE159585,gene,DISSECT,0.8493427724197827
GSE159585,gene,DISSECT,0.7016864228276268
GSE159585,gene,DISSECT,0.743219907777908
GSE159585,gene,DISSECT,0.714549534093723
GSE159585,gene,DISSECT,0.8482426414900291
GSE159585,gene,DISSECT,0.5606426982910981
GSE159585,gene,DISSECT,0.683167295769193
GSE159585,gene,DISSECT,0.8158075609206686
GSE159585,gene,DISSECT,0.6490850808934399
GSE159585,gene,DISSECT,0.6761251236985457
GSE159585,gene,DISSECT,0.6096711763361911
GSE159585,gene,DISSECT,0.868795088681509
GSE159585,gene,DISSECT,0.8534256113769622
GSE159585,gene,DISSECT,0.7656847602644811
GSE159585,gene,DISSECT,0.823561241153858
GSE159585,gene,DISSECT,0.6582858523445768
GSE159585,gene,DISSECT,0.5138555834470775
GSE159585,gene,DISSECT,0.8406021367077865
GSE159585,gene,DISSECT,0.8083917760532064
GSE159585,gene,DISSECT,0.6652329568241759
GSE159585,gene,DISSECT,0.8272144437200712
GSE159585,gene,DISSECT,0.6433625368738668
GSE159585,gene,DISSECT,0.8797188107858509
GSE159585,gene,DISSECT,0.9399508575354276
GSE159585,gene,DISSECT,0.4731654048306105
GSE159585,gene,DISSECT,0.6143091109107154
GSE159585,gene,DISSECT,0.8900944088695574
GSE159585,gene,DISSECT,0.5227772070542402
GSE159585,gene,DISSECT,0.8864889804083861
GSE159585,gene,DISSECT,0.8035317682218722
GSE159585,gene,DISSECT,0.515615188639073
GSE159585,gene,DISSECT,0.6109972095135938
GSE159585,gene,DISSECT,0.6338430515681868
GSE159585,gene,DISSECT,0.866910282143887
GSE159585,gene,DISSECT,0.7856799796663042
GSE159585,gene,DISSECT,0.5342170937321805
GSE159585,gene,DISSECT,0.7929904520641365
GSE159585,gene,DISSECT,0.7880599994580916
GSE159585,gene,DISSECT,0.6382740232742795
GSE159585,gene,DISSECT,0.8375312313173563
GSE159585,gene,DISSECT,0.8609958149578708
GSE159585,gene,DISSECT,0.8103916649369791
GSE159585,gene,DISSECT,0.7053046991600415
GSE159585,gene,DISSECT,0.463761181358364
GSE159585,gene,DISSECT,0.3482028626005191
GSE159585,gene,DISSECT,0.7956484006659905
GSE159585,gene,DISSECT,0.7327331284096359
GSE159585,gene,DISSECT,0.8069317075269067
GSE159585,gene,DISSECT,0.6046437412454735
GSE159585,gene,DISSECT,0.8006062252537629
GSE159585,gene,DISSECT,0.7434194701732584
GSE159585,gene,DISSECT,0.8178777321025782
GSE159585,gene,DISSECT,0.8575567292043154
GSE159585,gene,DISSECT,0.7587016062100806
GSE159585,gene,DISSECT,0.5511844395304963
GSE159585,gene,DISSECT,0.381368415450688
GSE159585,gene,DISSECT,0.4620226397609093
GSE159585,gene,DISSECT,0.4802382091879544
GSE159585,gene,DISSECT,0.5285943270738045
GSE159585,gene,DISSECT,0.9145666137315064
GSE159585,gene,DISSECT,0.9544783594045028
GSE159585,gene,DISSECT,0.7950201914663712
GSE159585,gene,DISSECT,0.765405833908426
GSE159585,gene,DISSECT,0.9272287129843646
GSE159585,gene,DISSECT,0.8122335777426613
GSE159585,gene,DISSECT,0.8440988603135897
GSE159585,gene,DISSECT,0.6292375882402866
GSE159585,gene,DISSECT,0.7115231943945847
GSE159585,gene,DISSECT,0.65870817684596
GSE159585,gene,DISSECT,0.7628803534781327
GSE159585,gene,DISSECT,0.2067497230682125
GSE159585,gene,DISSECT,0.5970929262607331
GSE159585,gene,DISSECT,0.93470179548341
GSE159585,gene,DISSECT,0.8415969598573472
GSE159585,gene,DISSECT,0.8448837529063106
GSE159585,gene,DISSECT,0.4362787524676776
GSE159585,gene,DISSECT,0.8817438132954162
GSE159585,gene,DISSECT,0.5234802899013081
GSE159585,gene,DISSECT,0.6763945287126483
GSE159585,gene,DISSECT,0.6965803004309155
GSE159585,gene,DISSECT,0.3179983937528839
GSE159585,gene,DISSECT,0.7884156017316131
GSE159585,gene,DISSECT,0.7610154586249738
GSE159585,gene,DISSECT,0.7226125365553515
GSE159585,gene,DISSECT,0.4547309868310226
GSE159585,gene,DISSECT,0.4822380233390841
GSE159585,gene,DISSECT,0.6441603071990992
GSE159585,gene,DISSECT,0.5272183459222345
GSE159585,gene,DISSECT,0.8924711176255383
GSE159585,gene,DISSECT,0.754637649069267
GSE159585,gene,DISSECT,0.8766959647510205
GSE159585,gene,DISSECT,0.8483784314690795
GSE159585,gene,DISSECT,0.6435515737137809
GSE159585,gene,DISSECT,0.804249204270651
GSE159585,gene,DISSECT,0.9480228607012476
GSE159585,gene,DISSECT,0.8042298093300954
GSE159585,gene,DISSECT,0.8245887955812123
GSE159585,gene,DISSECT,0.6451176786546239
GSE159585,gene,DISSECT,0.6318069814492865
GSE159585,gene,DISSECT,0.6361250489949768
GSE159585,gene,DISSECT,0.4645216146811329
GSE159585,gene,DISSECT,0.5639580202148137
GSE159585,gene,DISSECT,0.741125141769775
GSE159585,gene,DISSECT,0.312605195950584
GSE159585,gene,DISSECT,0.4858490734456414
GSE159585,gene,DISSECT,0.8374364803840892
GSE159585,gene,DISSECT,0.8859356285269046
GSE159585,gene,DISSECT,0.8571419575944199
GSE159585,gene,DISSECT,0.6692229666947058
GSE159585,gene,DISSECT,0.7976615082059052
GSE159585,gene,DISSECT,0.4195603517840188
GSE159585,gene,DISSECT,0.5492445451592539
GSE159585,gene,DISSECT,0.7075684966860954
GSE159585,gene,DISSECT,0.6483992179293833
GSE159585,gene,DISSECT,0.5183085055571978
GSE159585,gene,DISSECT,0.7983888914984091
GSE159585,gene,DISSECT,0.8642988331625315
GSE159585,gene,DISSECT,0.8339352649248929
GSE159585,gene,DISSECT,0.70107555563462
GSE159585,gene,DISSECT,0.5798148719331789
GSE159585,gene,DISSECT,0.6731901721374506
GSE159585,gene,DISSECT,0.6709471929309038
GSE159585,gene,DISSECT,0.7786626702007053
GSE159585,gene,DISSECT,0.5267156538441946
GSE159585,gene,DISSECT,0.5599641593149796
GSE159585,gene,DISSECT,0.6696948698432921
GSE159585,gene,DISSECT,0.2442438423469816
GSE159585,gene,DISSECT,0.4434863243697669
GSE159585,gene,DISSECT,0.6951233649798872
GSE159585,gene,DISSECT,0.29444245291401
GSE159585,gene,DISSECT,0.928145567897804
GSE159585,gene,DISSECT,0.5413378394900612
GSE159585,gene,DISSECT,0.8225905262572779
GSE159585,gene,DISSECT,0.8399700000972797
GSE159585,gene,DISSECT,0.3972440213804244
GSE159585,gene,DISSECT,0.7213024496660703
GSE159585,gene,DISSECT,0.535909121432218
GSE159585,gene,DISSECT,0.7020181779666304
GSE159585,gene,DISSECT,0.6177249020023734
GSE159585,gene,DISSECT,0.6824141052897493
GSE159585,gene,DISSECT,0.591046833109385
GSE159585,gene,DISSECT,0.7446884037588878
GSE159585,gene,DISSECT,0.38714861140044
GSE159585,gene,DISSECT,0.8206645691668948
GSE159585,gene,DISSECT,0.4682050057325325
GSE159585,gene,DISSECT,0.727309078109851
GSE159585,gene,DISSECT,0.5649585871756613
GSE159585,gene,DISSECT,0.8495430763374998
GSE159585,gene,DISSECT,0.6495362017275005
GSE159585,gene,DISSECT,0.4656816195164667
GSE159585,gene,DISSECT,0.5586723053468131
GSE159585,gene,DISSECT,0.7985584613234075
GSE159585,gene,DISSECT,0.7726747759141191
GSE159585,gene,DISSECT,0.4799417397836082
GSE159585,gene,DISSECT,0.7876390917452087
GSE159585,gene,DISSECT,0.9165872589597576
GSE159585,gene,DISSECT,0.8026454468008328
GSE159585,gene,DISSECT,0.6857523696253962
GSE159585,gene,DISSECT,0.8508160902877158
GSE159585,gene,DISSECT,0.6869026610925949
GSE159585,gene,DISSECT,0.7528587132580177
GSE159585,gene,DISSECT,0.6992490825236307
GSE159585,gene,DISSECT,0.900788715606887
GSE159585,gene,DISSECT,0.4062490898910236
GSE159585,gene,DISSECT,0.6483496986298235
GSE159585,gene,DISSECT,0.7499781779746619
GSE159585,gene,DISSECT,0.7712397737998198
GSE159585,gene,DISSECT,0.6456705585382443
GSE159585,gene,DISSECT,0.7224718084634577
GSE159585,gene,DISSECT,0.7792493492664732
GSE159585,gene,DISSECT,0.6334867791221112
GSE159585,gene,DISSECT,0.8593931814521982
GSE159585,gene,DISSECT,0.9097959125270628
GSE159585,gene,DISSECT,0.7542987379089792
GSE159585,gene,DISSECT,0.7391997014602809
GSE159585,gene,DISSECT,0.5390875616878406
GSE159585,gene,DISSECT,0.3812780059593931
GSE159585,gene,DISSECT,0.7543676120133965
GSE159585,gene,DISSECT,0.6936005859883068
GSE159585,gene,DISSECT,0.4255388499848593
GSE159585,gene,DISSECT,0.8518731222602315
GSE159585,gene,DISSECT,0.8390951262930448
GSE159585,gene,DISSECT,0.8566331894815001
GSE159585,gene,DISSECT,0.8600435263992082
GSE159585,gene,DISSECT,0.7981298954235974
GSE159585,gene,DISSECT,0.7642368471247696
GSE159585,gene,DISSECT,0.8592414772701351
GSE159585,gene,DISSECT,0.5425939371771077
GSE159585,gene,DISSECT,0.8127805788055822
GSE159585,gene,DISSECT,0.8575596193325491
GSE159585,gene,DISSECT,0.7755676576530143
GSE159585,gene,DISSECT,0.7666505927787014
GSE159585,gene,DISSECT,0.769480529493013
GSE159585,gene,DISSECT,0.6144787458776244
GSE159585,gene,DISSECT,0.8144704410911121
GSE159585,gene,DISSECT,0.4000335916518627
GSE159585,gene,DISSECT,0.5366405486094383
GSE159585,gene,DISSECT,0.9569496050627292
GSE159585,gene,DISSECT,0.8610816038494908
GSE159585,gene,DISSECT,0.538519806801605
GSE159585,gene,DISSECT,0.6630819074784201
GSE159585,gene,DISSECT,0.6395597071282489
GSE159585,gene,DISSECT,0.6902724510806822
GSE159585,gene,DISSECT,0.7525382435767315
GSE159585,gene,DISSECT,0.539199182112649
GSE159585,gene,DISSECT,0.6305027013187917
GSE159585,gene,DISSECT,0.8173837557536936
GSE159585,gene,DISSECT,0.8765464048012127
GSE159585,gene,DISSECT,0.6765597047648696
GSE159585,gene,DISSECT,0.3792621495331461
GSE159585,gene,DISSECT,0.3712083716739596
GSE159585,gene,DISSECT,0.4593172150173519
GSE159585,gene,DISSECT,0.7252082163326317
GSE159585,gene,DISSECT,0.7291086401916219
GSE159585,gene,DISSECT,0.6976951432802762
GSE159585,gene,DISSECT,0.5104156647784867
GSE159585,gene,DISSECT,0.3807059806004554
GSE159585,gene,DISSECT,0.8134411701871771
GSE159585,gene,DISSECT,0.6672951557733802
GSE159585,gene,DISSECT,0.7213398136925508
GSE159585,gene,DISSECT,0.5659969445317066
GSE159585,gene,DISSECT,0.8648933770945773
GSE159585,gene,DISSECT,0.7745897597335661
GSE159585,gene,DISSECT,0.8734289902765462
GSE159585,gene,DISSECT,0.7826364711224699
GSE159585,gene,DISSECT,0.6413670020884478
GSE159585,gene,DISSECT,0.8437162780429606
GSE159585,gene,DISSECT,0.67307171825784
GSE159585,gene,DISSECT,0.6344124346537443
GSE159585,gene,DISSECT,0.659639782744953
GSE159585,gene,DISSECT,0.699532607965228
GSE159585,gene,DISSECT,0.7913289631589061
GSE159585,gene,DISSECT,0.6778598626841742
GSE159585,gene,DISSECT,0.8302670487373113
GSE159585,gene,DISSECT,0.7630454021531955
GSE159585,gene,DISSECT,0.4173306987465865
GSE159585,gene,DISSECT,0.8489023442447907
GSE159585,gene,DISSECT,0.776633847507347
GSE159585,gene,DISSECT,0.7473011337923714
GSE159585,gene,DISSECT,0.9213396507086914
GSE159585,gene,DISSECT,0.7664445555235568
GSE159585,gene,DISSECT,0.6168264566282535
GSE159585,gene,DISSECT,0.6726980778246946
GSE159585,gene,DISSECT,0.8256919937040381
GSE159585,gene,DISSECT,0.7130417911321371
GSE159585,gene,DISSECT,0.6792923616786151
GSE159585,gene,DISSECT,0.8110397836760002
GSE159585,gene,DISSECT,0.5495483047041825
GSE159585,gene,DISSECT,0.7758141091970915
GSE159585,gene,DISSECT,0.7856840584014801
GSE159585,gene,DISSECT,0.6790993238450288
GSE159585,gene,DISSECT,0.852198987978794
GSE159585,gene,DISSECT,0.9293858595838488
GSE159585,gene,DISSECT,0.4775445984788259
GSE159585,gene,DISSECT,0.8346601758155963
GSE159585,gene,DISSECT,0.8674066377487134
GSE159585,gene,DISSECT,0.6257061868607505
GSE159585,gene,DISSECT,0.6315648721195989
GSE159585,gene,DISSECT,0.8652588308743072
GSE159585,gene,DISSECT,0.8211138499736493
GSE159585,gene,DISSECT,0.8430455513742787
GSE159585,gene,DISSECT,0.9411167039857846
GSE159585,gene,DISSECT,0.8296762216853354
GSE159585,gene,DISSECT,0.8038691827727127
GSE159585,gene,DISSECT,0.9045990634504404
GSE159585,gene,DISSECT,0.7925327380028693
GSE159585,gene,DISSECT,0.9428516996422192
GSE159585,gene,DISSECT,0.918636063353892
GSE159585,gene,DISSECT,0.6603719863594301
GSE159585,gene,DISSECT,0.8404819329767352
GSE159585,gene,DISSECT,0.5243727370540711
GSE159585,gene,DISSECT,0.8978415303945696
GSE159585,gene,DISSECT,0.4707960245652428
GSE159585,gene,DISSECT,0.7776069066311674
GSE159585,gene,DISSECT,0.420752845809741
GSE159585,gene,DISSECT,0.7623210839058598
GSE159585,gene,DISSECT,0.7987662624169151
GSE159585,gene,DISSECT,0.9112500363815604
GSE159585,gene,DISSECT,0.5766822823634135
GSE159585,gene,DISSECT,0.8695799885213586
GSE159585,gene,DISSECT,0.6804721923008522
GSE159585,gene,DISSECT,0.893673047169474
GSE159585,gene,DISSECT,0.6798492285011569
GSE159585,gene,DISSECT,0.3623930547264699
GSE159585,gene,DISSECT,0.6735060452654011
GSE159585,gene,DISSECT,0.9001641136652871
GSE159585,gene,DISSECT,0.9090866211650784
GSE159585,gene,DISSECT,0.7463881195386817
GSE159585,gene,DISSECT,0.8137982355409646
GSE159585,gene,DISSECT,0.80431169404284
GSE159585,gene,DISSECT,0.8520940285429401
GSE159585,gene,DISSECT,0.4747778766249899
GSE159585,gene,DISSECT,0.2477184223881245
GSE159585,gene,DISSECT,0.8595748002960628
GSE159585,gene,DISSECT,0.8408155219091736
GSE159585,gene,DISSECT,0.7475379818596116
GSE159585,gene,DISSECT,0.8359598236169793
GSE159585,gene,DISSECT,0.5782031606646719
GSE159585,gene,DISSECT,0.7436881535497147
GSE159585,gene,DISSECT,0.7887505562419919
GSE159585,gene,DISSECT,0.7971890557597132
GSE159585,gene,DISSECT,0.7933076493312596
GSE159585,gene,DISSECT,0.7220299523851954
GSE159585,gene,DISSECT,0.8226217425580468
GSE159585,gene,DISSECT,0.5156366192212511
GSE159585,gene,DISSECT,0.7730719004896248
GSE159585,gene,DISSECT,0.5344855528076257
GSE159585,gene,DISSECT,0.8846896935153691
GSE159585,gene,DISSECT,0.7622665421358997
GSE159585,gene,DISSECT,0.7836939570576925
GSE159585,gene,DISSECT,0.3540176788661127
GSE159585,gene,DISSECT,0.5555447031416092
GSE159585,gene,DISSECT,0.9039203918056254
GSE159585,gene,DISSECT,0.6885403775984393
GSE159585,gene,DISSECT,0.2308058864737649
GSE159585,gene,DISSECT,0.5559206010666401
GSE159585,gene,DISSECT,0.669334275666184
GSE159585,gene,DISSECT,0.5351439844364094
GSE159585,gene,DISSECT,0.7173090292181331
GSE159585,gene,DISSECT,0.6123921334731548
GSE159585,gene,DISSECT,0.843990891418913
GSE159585,gene,DISSECT,0.822574556696022
GSE159585,gene,DISSECT,0.8216660364388824
GSE159585,gene,DISSECT,0.921364332934934
GSE159585,gene,DISSECT,0.7681983620456923
GSE159585,gene,DISSECT,0.7119382798646985
GSE159585,gene,DISSECT,0.75039434060115
GSE159585,gene,DISSECT,0.85335101865434
GSE159585,gene,DISSECT,0.4382403199264441
GSE159585,gene,DISSECT,0.7399444097319049
GSE159585,gene,DISSECT,0.6772274212983672
GSE159585,gene,DISSECT,0.7239870982329738
GSE159585,gene,DISSECT,0.6516345347846034
GSE159585,gene,DISSECT,0.655063998596082
GSE159585,gene,DISSECT,0.5601628205006935
GSE159585,gene,DISSECT,0.919150953666532
GSE159585,gene,DISSECT,0.5838987790474048
GSE159585,gene,DISSECT,0.425262141603597
GSE159585,gene,DISSECT,0.4545148235508486
GSE159585,gene,DISSECT,0.6911713005282669
GSE159585,gene,DISSECT,0.8507491377852139
GSE159585,gene,DISSECT,0.773311450252749
GSE159585,gene,DISSECT,0.6805352627676152
GSE159585,gene,DISSECT,0.7205686766743372
GSE159585,gene,DISSECT,0.5453985687672295
GSE159585,gene,DISSECT,0.7441717083261122
GSE159585,gene,DISSECT,0.6562179315779616
GSE159585,gene,DISSECT,0.7943867463883192
GSE159585,gene,DISSECT,0.8716441671319505
GSE159585,gene,DISSECT,0.6654011700736017
GSE159585,gene,DISSECT,0.4920849567022299
GSE159585,gene,DISSECT,0.7216871328741244
GSE159585,gene,DISSECT,0.6451330643377912
GSE159585,gene,DISSECT,0.7974638535675489
GSE159585,gene,DISSECT,0.8979687059002082
GSE159585,gene,DISSECT,0.5326575599813677
GSE159585,gene,DISSECT,0.6716693036377023
GSE159585,gene,DISSECT,0.7125539393126105
GSE159585,gene,DISSECT,0.8210377742526602
GSE159585,gene,DISSECT,0.7228423553458625
GSE159585,gene,DISSECT,0.6073305368620626
GSE159585,gene,DISSECT,0.7040512734478332
GSE159585,gene,DISSECT,0.8512849097918169
GSE159585,gene,DISSECT,0.3254101248118365
GSE159585,gene,DISSECT,0.9243849394666378
GSE159585,gene,DISSECT,0.6982749375032005
GSE159585,gene,DISSECT,0.8151709959277541
GSE159585,gene,DISSECT,0.8325856298009491
GSE159585,gene,DISSECT,0.4493905881869562
GSE159585,gene,DISSECT,0.6294827115056789
GSE159585,gene,DISSECT,0.9145597709749518
GSE159585,gene,DISSECT,0.8161602657341347
GSE159585,gene,DISSECT,0.8821110333034349
GSE159585,gene,DISSECT,0.6451821235910389
GSE159585,gene,DISSECT,0.7073640863690575
GSE159585,gene,DISSECT,0.7290472395423506
GSE159585,gene,DISSECT,0.876051175813422
GSE159585,gene,DISSECT,0.7158095702666379
GSE159585,gene,DISSECT,0.4733510973511057
GSE159585,gene,DISSECT,0.8068441104461552
GSE159585,gene,DISSECT,0.6261369727743468
GSE159585,gene,DISSECT,0.5105447006939858
GSE159585,gene,DISSECT,0.7867040864633189
GSE159585,gene,DISSECT,0.7171062588365096
GSE159585,gene,DISSECT,0.6124879979114208
GSE159585,gene,DISSECT,0.4333593693147518
GSE159585,gene,DISSECT,0.802165925748255
GSE159585,gene,DISSECT,0.7508219483447744
GSE159585,gene,DISSECT,0.8268195475091771
GSE159585,gene,DISSECT,0.8354175544778691
GSE159585,gene,DISSECT,0.5507249265248259
GSE159585,gene,DISSECT,0.6088154106716411
GSE159585,gene,DISSECT,0.6674383744176079
GSE159585,gene,DISSECT,0.6121742343959107
GSE159585,gene,DISSECT,0.6440125666485053
GSE159585,gene,DISSECT,0.5142798309132804
GSE159585,gene,DISSECT,0.5447178221370389
GSE159585,gene,DISSECT,0.9207281366541612
GSE159585,gene,DISSECT,0.7577033883402116
GSE159585,gene,DISSECT,0.7655736546284716
GSE159585,gene,DISSECT,0.4263907366953254
GSE159585,gene,DISSECT,0.7266658268129664
GSE159585,gene,DISSECT,0.6314466976512342
GSE159585,gene,DISSECT,0.5844105124634827
GSE159585,gene,DISSECT,0.4887813820803685
GSE159585,gene,DISSECT,0.6163430522322683
GSE159585,gene,DISSECT,0.6261519842642036
GSE159585,gene,TAPE,-0.0417696648242624
GSE159585,gene,TAPE,-0.0236620223730535
GSE159585,gene,TAPE,-0.0209921435962851
GSE159585,gene,TAPE,0.1525642504885419
GSE159585,gene,TAPE,-0.0395187708713506
GSE159585,gene,TAPE,0.0473880214505413
GSE159585,gene,TAPE,-0.0631956003162462
GSE159585,gene,TAPE,-0.3065962591826618
GSE159585,gene,TAPE,-0.0023800289547497
GSE159585,gene,TAPE,0.0594168389927211
GSE159585,gene,TAPE,0.1196375705191584
GSE159585,gene,TAPE,-0.1836330171168764
GSE159585,gene,TAPE,-0.0739700040858963
GSE159585,gene,TAPE,0.1855375539135819
GSE159585,gene,TAPE,0.0698709830079547
GSE159585,gene,TAPE,0.2616018194312167
GSE159585,gene,TAPE,0.153190449569319
GSE159585,gene,TAPE,-0.0795539476523907
GSE159585,gene,TAPE,-0.1005880070938676
GSE159585,gene,TAPE,0.0253307323847817
GSE159585,gene,TAPE,0.1092003157895775
GSE159585,gene,TAPE,0.0364904071955907
GSE159585,gene,TAPE,-0.0544960463268336
GSE159585,gene,TAPE,-0.0829617217447559
GSE159585,gene,TAPE,-0.0655063136574447
GSE159585,gene,TAPE,0.2592458454234173
GSE159585,gene,TAPE,0.1370310504046431
GSE159585,gene,TAPE,-0.1073354601484229
GSE159585,gene,TAPE,0.0937445516432712
GSE159585,gene,TAPE,-0.0322461672144453
GSE159585,gene,TAPE,0.0923217089773223
GSE159585,gene,TAPE,0.0214388094913602
GSE159585,gene,TAPE,0.0721510460935573
GSE159585,gene,TAPE,-0.0351683861221945
GSE159585,gene,TAPE,-0.0412938066602499
GSE159585,gene,TAPE,-0.0355172435089351
GSE159585,gene,TAPE,0.0312322775756113
GSE159585,gene,TAPE,0.037295621627115
GSE159585,gene,TAPE,-0.0490455523291455
GSE159585,gene,TAPE,0.1748243609386947
GSE159585,gene,TAPE,-0.0198689800170969
GSE159585,gene,TAPE,-0.2801983118326925
GSE159585,gene,TAPE,0.2933643955380829
GSE159585,gene,TAPE,0.1430560480909072
GSE159585,gene,TAPE,0.0006640319581211
GSE159585,gene,TAPE,0.1434828334555768
GSE159585,gene,TAPE,0.0084321845820644
GSE159585,gene,TAPE,0.3084055502005723
GSE159585,gene,TAPE,-0.124511299104541
GSE159585,gene,TAPE,0.0171705312168291
GSE159585,gene,TAPE,0.0437742753718285
GSE159585,gene,TAPE,-0.0379821394941006
GSE159585,gene,TAPE,0.165342189432497
GSE159585,gene,TAPE,0.0795043281067641
GSE159585,gene,TAPE,0.1070893721111051
GSE159585,gene,TAPE,0.0327039898439793
GSE159585,gene,TAPE,-0.1499791050543946
GSE159585,gene,TAPE,-0.1746581452069148
GSE159585,gene,TAPE,0.0354867571017817
GSE159585,gene,TAPE,-0.0896883239235125
GSE159585,gene,TAPE,0.0013804614293511
GSE159585,gene,TAPE,-0.1134187742441902
GSE159585,gene,TAPE,0.0652893813453949
GSE159585,gene,TAPE,0.1781557941167008
GSE159585,gene,TAPE,0.0516364408438492
GSE159585,gene,TAPE,0.0347936371889595
GSE159585,gene,TAPE,0.0352492881869819
GSE159585,gene,TAPE,0.0661392908367774
GSE159585,gene,TAPE,-0.0773935483942138
GSE159585,gene,TAPE,-0.0341133638978359
GSE159585,gene,TAPE,-0.0003817384873566
GSE159585,gene,TAPE,-0.0304040880244751
GSE159585,gene,TAPE,0.0079688367404709
GSE159585,gene,TAPE,0.1228642735863934
GSE159585,gene,TAPE,0.0673111241716554
GSE159585,gene,TAPE,0.0330783934564447
GSE159585,gene,TAPE,0.0631405197047179
GSE159585,gene,TAPE,-0.0704536997456108
GSE159585,gene,TAPE,0.1908123886046533
GSE159585,gene,TAPE,-0.1350240127640761
GSE159585,gene,TAPE,0.0428021080477611
GSE159585,gene,TAPE,0.0690126932818024
GSE159585,gene,TAPE,0.1205907453281031
GSE159585,gene,TAPE,-0.0037388215418981
GSE159585,gene,TAPE,0.0442115616526229
GSE159585,gene,TAPE,0.0401671183364234
GSE159585,gene,TAPE,0.1595163521882762
GSE159585,gene,TAPE,0.1418895987777613
GSE159585,gene,TAPE,0.1656211103067594
GSE159585,gene,TAPE,0.0221069677260935
GSE159585,gene,TAPE,0.0041976095956938
GSE159585,gene,TAPE,0.1855283084809178
GSE159585,gene,TAPE,-0.1474849695176631
GSE159585,gene,TAPE,-0.0817127502111341
GSE159585,gene,TAPE,0.1263900515921132
GSE159585,gene,TAPE,-0.005088877311539
GSE159585,gene,TAPE,0.0440922782621642
GSE159585,gene,TAPE,0.0433954287783365
GSE159585,gene,TAPE,0.0018472390562297
GSE159585,gene,TAPE,0.0395841367621564
GSE159585,gene,TAPE,0.1797617118576647
GSE159585,gene,TAPE,-0.0924331549880254
GSE159585,gene,TAPE,-0.1053418561326528
GSE159585,gene,TAPE,0.0518336760334975
GSE159585,gene,TAPE,-0.0496960596080667
GSE159585,gene,TAPE,0.0235656936691276
GSE159585,gene,TAPE,-0.1060120929938555
GSE159585,gene,TAPE,-0.0535376426815918
GSE159585,gene,TAPE,0.0461176640023772
GSE159585,gene,TAPE,0.0323698301563157
GSE159585,gene,TAPE,0.0011392952769071
GSE159585,gene,TAPE,0.0814551495225338
GSE159585,gene,TAPE,0.0998811206440303
GSE159585,gene,TAPE,0.1325462468397779
GSE159585,gene,TAPE,0.0656859294560956
GSE159585,gene,TAPE,0.0876863331544468
GSE159585,gene,TAPE,-0.1080814021850986
GSE159585,gene,TAPE,-0.0473964683816534
GSE159585,gene,TAPE,0.0347174240910302
GSE159585,gene,TAPE,0.0893329230193513
GSE159585,gene,TAPE,-0.0299839297328381
GSE159585,gene,TAPE,0.0361398607927458
GSE159585,gene,TAPE,-0.0317457619745332
GSE159585,gene,TAPE,-0.0002306437975888
GSE159585,gene,TAPE,0.0207773712134243
GSE159585,gene,TAPE,0.0861466991004707
GSE159585,gene,TAPE,0.0786199636771569
GSE159585,gene,TAPE,0.0185497279715079
GSE159585,gene,TAPE,0.0985129850568648
GSE159585,gene,TAPE,0.0822264533522784
GSE159585,gene,TAPE,-0.078575629701756
GSE159585,gene,TAPE,-0.2281615436375136
GSE159585,gene,TAPE,0.0248993953075924
GSE159585,gene,TAPE,0.0869213046364099
GSE159585,gene,TAPE,0.1342756182890184
GSE159585,gene,TAPE,-0.042386544623453
GSE159585,gene,TAPE,0.2326636047482062
GSE159585,gene,TAPE,-0.0289445886504265
GSE159585,gene,TAPE,0.099814450681798
GSE159585,gene,TAPE,0.0294418835121575
GSE159585,gene,TAPE,0.1846276087733376
GSE159585,gene,TAPE,0.0304291247682713
GSE159585,gene,TAPE,0.148596624208432
GSE159585,gene,TAPE,0.1322439155098297
GSE159585,gene,TAPE,0.2095381004604538
GSE159585,gene,TAPE,0.1309292750818597
GSE159585,gene,TAPE,-0.1325119012911586
GSE159585,gene,TAPE,0.1682682874084881
GSE159585,gene,TAPE,0.1162118435804629
GSE159585,gene,TAPE,0.0684328745060526
GSE159585,gene,TAPE,0.0160711735578907
GSE159585,gene,TAPE,0.0749891265430844
GSE159585,gene,TAPE,0.052558839953135
GSE159585,gene,TAPE,0.0355469713709359
GSE159585,gene,TAPE,-0.1105381931391784
GSE159585,gene,TAPE,-0.1735401586631322
GSE159585,gene,TAPE,-0.0218743495721327
GSE159585,gene,TAPE,0.0493053164523256
GSE159585,gene,TAPE,-0.1501817761722304
GSE159585,gene,TAPE,0.239393304495854
GSE159585,gene,TAPE,0.151253037204872
GSE159585,gene,TAPE,-0.1371346667743262
GSE159585,gene,TAPE,0.1259218573851303
GSE159585,gene,TAPE,0.0244348003416582
GSE159585,gene,TAPE,-0.0266289191251512
GSE159585,gene,TAPE,0.1804002860992778
GSE159585,gene,TAPE,0.1100428863443599
GSE159585,gene,TAPE,0.0635350299174854
GSE159585,gene,TAPE,-0.2288929047479689
GSE159585,gene,TAPE,-0.0187888389348907
GSE159585,gene,TAPE,0.122492686188749
GSE159585,gene,TAPE,-0.0248286600787002
GSE159585,gene,TAPE,-0.1127685094134848
GSE159585,gene,TAPE,-0.1025956426409807
GSE159585,gene,TAPE,-0.0005028559007088
GSE159585,gene,TAPE,0.0275183429479044
GSE159585,gene,TAPE,-0.0458696922848088
GSE159585,gene,TAPE,0.0357579529988945
GSE159585,gene,TAPE,0.1633708347725163
GSE159585,gene,TAPE,0.0818922923606961
GSE159585,gene,TAPE,0.0033812679808283
GSE159585,gene,TAPE,0.0688397477092137
GSE159585,gene,TAPE,0.1512340370371708
GSE159585,gene,TAPE,0.0769528374404208
GSE159585,gene,TAPE,0.0253531510691764
GSE159585,gene,TAPE,0.0582486305949167
GSE159585,gene,TAPE,-0.1497716487973282
GSE159585,gene,TAPE,-0.0598623164582938
GSE159585,gene,TAPE,0.0439694874809293
GSE159585,gene,TAPE,-0.0063016338809746
GSE159585,gene,TAPE,-0.0739248468380541
GSE159585,gene,TAPE,0.1034357214705463
GSE159585,gene,TAPE,0.1788377573683208
GSE159585,gene,TAPE,0.0767511548254304
GSE159585,gene,TAPE,0.0502623544919273
GSE159585,gene,TAPE,0.0650004036774141
GSE159585,gene,TAPE,-0.0175700742568611
GSE159585,gene,TAPE,0.0587799031724114
GSE159585,gene,TAPE,-0.0207758412565723
GSE159585,gene,TAPE,0.0091744114508525
GSE159585,gene,TAPE,0.1041480422687219
GSE159585,gene,TAPE,0.023168519170002
GSE159585,gene,TAPE,-0.117894194045008
GSE159585,gene,TAPE,0.2514072259201256
GSE159585,gene,TAPE,0.2198416760638211
GSE159585,gene,TAPE,0.1590960897138497
GSE159585,gene,TAPE,-0.0526796897225201
GSE159585,gene,TAPE,0.1497730759924041
GSE159585,gene,TAPE,0.0062896669796696
GSE159585,gene,TAPE,0.1201488391096367
GSE159585,gene,TAPE,-0.1563668329913961
GSE159585,gene,TAPE,0.0720812933818147
GSE159585,gene,TAPE,0.1296717983000802
GSE159585,gene,TAPE,-0.0295132408871535
GSE159585,gene,TAPE,0.027804360294617
GSE159585,gene,TAPE,-0.0202140778756782
GSE159585,gene,TAPE,0.0780657347807446
GSE159585,gene,TAPE,-0.1788123501135295
GSE159585,gene,TAPE,-0.073799098712945
GSE159585,gene,TAPE,-0.0499939986376975
GSE159585,gene,TAPE,0.1253539525432583
GSE159585,gene,TAPE,0.2361704002304341
GSE159585,gene,TAPE,0.1565639679220153
GSE159585,gene,TAPE,-0.0451271607809996
GSE159585,gene,TAPE,-0.0351937325236256
GSE159585,gene,TAPE,0.1057435739970745
GSE159585,gene,TAPE,-0.0133718486461107
GSE159585,gene,TAPE,0.0259032951865148
GSE159585,gene,TAPE,0.0547136920332239
GSE159585,gene,TAPE,0.058910766449873
GSE159585,gene,TAPE,0.0967678421357985
GSE159585,gene,TAPE,0.0422760753273138
GSE159585,gene,TAPE,-0.2115009695679958
GSE159585,gene,TAPE,0.1079467337308302
GSE159585,gene,TAPE,0.1721241039694226
GSE159585,gene,TAPE,0.020897251173042
GSE159585,gene,TAPE,0.2156154229948698
GSE159585,gene,TAPE,0.0367931626091875
GSE159585,gene,TAPE,0.1792208461521557
GSE159585,gene,TAPE,-0.1246903577787329
GSE159585,gene,TAPE,0.0107659726076137
GSE159585,gene,TAPE,0.0810225398675375
GSE159585,gene,TAPE,-0.0369469841781913
GSE159585,gene,TAPE,0.044070986014463
GSE159585,gene,TAPE,0.2479199495702657
GSE159585,gene,TAPE,0.2187183602888418
GSE159585,gene,TAPE,0.1308366002987727
GSE159585,gene,TAPE,0.1275267591064521
GSE159585,gene,TAPE,0.1273214078832946
GSE159585,gene,TAPE,-0.0287016043762894
GSE159585,gene,TAPE,0.0484770563880117
GSE159585,gene,TAPE,-0.1097496941722269
GSE159585,gene,TAPE,0.1129333065425725
GSE159585,gene,TAPE,-0.278015324148634
GSE159585,gene,TAPE,0.0051588937770866
GSE159585,gene,TAPE,-0.0549593927363988
GSE159585,gene,TAPE,0.0731026359469087
GSE159585,gene,TAPE,-0.0063626493274064
GSE159585,gene,TAPE,-0.0754588548103501
GSE159585,gene,TAPE,0.1280223047619091
GSE159585,gene,TAPE,0.1045899103259476
GSE159585,gene,TAPE,0.0449986708508121
GSE159585,gene,TAPE,0.0435289252968076
GSE159585,gene,TAPE,0.000227433871639
GSE159585,gene,TAPE,0.1515496044927065
GSE159585,gene,TAPE,0.1481789774216063
GSE159585,gene,TAPE,0.064637745013383
GSE159585,gene,TAPE,0.344021325224251
GSE159585,gene,TAPE,0.010529048846203
GSE159585,gene,TAPE,0.0402684856382094
GSE159585,gene,TAPE,-0.053710719447419
GSE159585,gene,TAPE,0.106667881950882
GSE159585,gene,TAPE,0.0776941191371917
GSE159585,gene,TAPE,-0.1134332956846398
GSE159585,gene,TAPE,0.1285785606969205
GSE159585,gene,TAPE,-0.1071584080085808
GSE159585,gene,TAPE,-0.0328034019784049
GSE159585,gene,TAPE,0.1338369517031722
GSE159585,gene,TAPE,-0.0961072762497551
GSE159585,gene,TAPE,-0.018022657753974
GSE159585,gene,TAPE,0.1164664162117944
GSE159585,gene,TAPE,-0.0316459921693631
GSE159585,gene,TAPE,0.1696187910744027
GSE159585,gene,TAPE,-0.1686528318558706
GSE159585,gene,TAPE,-0.1283894511323048
GSE159585,gene,TAPE,-0.0157960514230892
GSE159585,gene,TAPE,0.1868167590755106
GSE159585,gene,TAPE,-0.035297818219228
GSE159585,gene,TAPE,-0.0368200212734175
GSE159585,gene,TAPE,0.1145271265761222
GSE159585,gene,TAPE,0.0129874173150768
GSE159585,gene,TAPE,-0.0912050496096318
GSE159585,gene,TAPE,-0.1651805117011276
GSE159585,gene,TAPE,0.1284369544726857
GSE159585,gene,TAPE,0.122068233072311
GSE159585,gene,TAPE,0.0981199243282836
GSE159585,gene,TAPE,-0.1405711772164718
GSE159585,gene,TAPE,-0.0065323605933017
GSE159585,gene,TAPE,0.0486021816736079
GSE159585,gene,TAPE,0.2169878586052774
GSE159585,gene,TAPE,0.0195051633235765
GSE159585,gene,TAPE,0.132331253493895
GSE159585,gene,TAPE,-0.0369639117237814
GSE159585,gene,TAPE,0.0520213964083793
GSE159585,gene,TAPE,-0.1274563193334758
GSE159585,gene,TAPE,0.197728683405218
GSE159585,gene,TAPE,-0.0166213742969266
GSE159585,gene,TAPE,0.2136633558647903
GSE159585,gene,TAPE,-0.0105705547172391
GSE159585,gene,TAPE,0.0816069966307002
GSE159585,gene,TAPE,0.0989926903204884
GSE159585,gene,TAPE,-0.0432102707153497
GSE159585,gene,TAPE,-0.030303306488105
GSE159585,gene,TAPE,-0.1619463320824315
GSE159585,gene,TAPE,-0.0728963507681359
GSE159585,gene,TAPE,0.1792805144010303
GSE159585,gene,TAPE,0.0448903643470453
GSE159585,gene,TAPE,0.0188942641007838
GSE159585,gene,TAPE,-0.0820055755975027
GSE159585,gene,TAPE,-0.0480549683687726
GSE159585,gene,TAPE,0.0693504131634507
GSE159585,gene,TAPE,0.1150594015219912
GSE159585,gene,TAPE,-0.0009543035698631
GSE159585,gene,TAPE,0.1304242926948948
GSE159585,gene,TAPE,0.0319823829434963
GSE159585,gene,TAPE,0.208579667861412
GSE159585,gene,TAPE,0.2260237512084176
GSE159585,gene,TAPE,0.1813784943093535
GSE159585,gene,TAPE,0.0681610601286145
GSE159585,gene,TAPE,0.2252790222187485
GSE159585,gene,TAPE,0.0824108195381498
GSE159585,gene,TAPE,0.0116172096484122
GSE159585,gene,TAPE,-0.0412645374077572
GSE159585,gene,TAPE,-0.0103345566629944
GSE159585,gene,TAPE,0.0067700001575611
GSE159585,gene,TAPE,-0.0332639449907848
GSE159585,gene,TAPE,0.0998155094498336
GSE159585,gene,TAPE,-0.1020721288133544
GSE159585,gene,TAPE,0.0441686139259348
GSE159585,gene,TAPE,-0.2734413355031712
GSE159585,gene,TAPE,0.0680135219546208
GSE159585,gene,TAPE,0.0923401281803908
GSE159585,gene,TAPE,0.0016502757199101
GSE159585,gene,TAPE,-0.0861455448700447
GSE159585,gene,TAPE,0.0185386405704234
GSE159585,gene,TAPE,0.0532129829632657
GSE159585,gene,TAPE,-0.0578280594671755
GSE159585,gene,TAPE,-0.1088538362846526
GSE159585,gene,TAPE,0.0714826741824573
GSE159585,gene,TAPE,0.0602912786431131
GSE159585,gene,TAPE,-0.0008539222563959
GSE159585,gene,TAPE,0.0291810260393389
GSE159585,gene,TAPE,-0.0023450523527212
GSE159585,gene,TAPE,-0.0682954863383853
GSE159585,gene,TAPE,-0.0687110774748581
GSE159585,gene,TAPE,-0.0091409826218055
GSE159585,gene,TAPE,0.0988591399412355
GSE159585,gene,TAPE,0.1492134825005477
GSE159585,gene,TAPE,0.0906047193996535
GSE159585,gene,TAPE,0.1732709011051705
GSE159585,gene,TAPE,-0.1155631288986329
GSE159585,gene,TAPE,0.0656166662838399
GSE159585,gene,TAPE,0.069216704144013
GSE159585,gene,TAPE,0.0126066119203134
GSE159585,gene,TAPE,0.0896002957159449
GSE159585,gene,TAPE,0.014517673640329
GSE159585,gene,TAPE,-0.0792575986389462
GSE159585,gene,TAPE,0.0997223566718793
GSE159585,gene,TAPE,-0.1090208237385886
GSE159585,gene,TAPE,-0.1473066927077091
GSE159585,gene,TAPE,-0.0390472469912541
GSE159585,gene,TAPE,-0.150965064500557
GSE159585,gene,TAPE,0.1034592118787666
GSE159585,gene,TAPE,0.0107837804700745
GSE159585,gene,TAPE,-0.1834498843462869
GSE159585,gene,TAPE,-0.0940515108606386
GSE159585,gene,TAPE,0.0006802598844314
GSE159585,gene,TAPE,-0.0887981863264208
GSE159585,gene,TAPE,0.0579324829952183
GSE159585,gene,TAPE,-0.0748348397686025
GSE159585,gene,TAPE,-0.0913228921767483
GSE159585,gene,TAPE,-0.0459382980042168
GSE159585,gene,TAPE,-0.1091152797897116
GSE159585,gene,TAPE,0.0680538439814879
GSE159585,gene,TAPE,-0.0203117314755999
GSE159585,gene,TAPE,-0.0227369649248922
GSE159585,gene,TAPE,0.2295980155172134
GSE159585,gene,TAPE,0.0890013383010139
GSE159585,gene,TAPE,0.0600109278732435
GSE159585,gene,TAPE,-0.0176375094064582
GSE159585,gene,TAPE,-0.1163988499735551
GSE159585,gene,TAPE,0.1162849034410251
GSE159585,gene,TAPE,-0.0805467930140887
GSE159585,gene,TAPE,-0.0533716983225219
GSE159585,gene,TAPE,0.1500809456014333
GSE159585,gene,TAPE,0.0853429259104345
GSE159585,gene,TAPE,0.0047429660483753
GSE159585,gene,TAPE,0.1057298455709969
GSE159585,gene,TAPE,0.16059566565391
GSE159585,gene,TAPE,-0.0358496558922609
GSE159585,gene,TAPE,0.1472048951624497
GSE159585,gene,TAPE,-0.1107188947837859
GSE159585,gene,TAPE,0.0453429716958931
GSE159585,gene,TAPE,-0.2758007968938825
GSE159585,gene,TAPE,-0.1388681801970027
GSE159585,gene,TAPE,0.024154797940684
GSE159585,gene,TAPE,0.0067338293477992
GSE159585,gene,TAPE,0.1591405693108382
GSE159585,gene,TAPE,0.0895231056843877
GSE159585,gene,TAPE,-0.0387338723228357
GSE159585,gene,TAPE,0.0525161032961763
GSE159585,gene,TAPE,-0.009140501936505
GSE159585,gene,TAPE,-0.0403459635054971
GSE159585,gene,TAPE,-0.1269313383493436
GSE159585,gene,TAPE,0.034154160489243
GSE159585,gene,TAPE,0.0638427530667148
GSE159585,gene,TAPE,0.0623669533028798
GSE159585,gene,TAPE,-0.0356446742091198
GSE159585,gene,TAPE,0.2820834812064102
GSE159585,gene,TAPE,0.026698385876077
GSE159585,gene,TAPE,-0.1083556939575288
GSE159585,gene,TAPE,0.2013805386905821
GSE159585,gene,TAPE,0.0053144391312031
GSE159585,gene,TAPE,0.1793766815719064
GSE159585,gene,TAPE,0.0495356993486599
GSE159585,gene,TAPE,0.1695657185486185
GSE159585,gene,TAPE,0.1175109143701023
GSE159585,gene,TAPE,-0.1702964699132084
GSE159585,gene,TAPE,0.0442271845604079
GSE159585,gene,TAPE,-0.0695087221309985
GSE159585,gene,TAPE,-0.2242292193745957
GSE159585,gene,TAPE,0.1280482845315119
GSE159585,gene,TAPE,0.0384848594017842
GSE159585,gene,TAPE,0.0909461517228534
GSE159585,gene,TAPE,-0.0527715633390558
GSE159585,gene,TAPE,-0.1203160946355553
GSE159585,gene,TAPE,0.0107552804926994
GSE159585,gene,TAPE,0.1713556012254388
GSE159585,gene,TAPE,0.0446556242109093
GSE159585,gene,TAPE,-0.0947899506941928
GSE159585,gene,TAPE,0.0947187042215254
GSE159585,gene,TAPE,0.1619122447546381
GSE159585,gene,TAPE,0.0229132839531408
GSE159585,gene,TAPE,0.0410788721227947
GSE159585,gene,TAPE,0.1264402702189813
GSE159585,gene,TAPE,0.0962899772050583
GSE159585,gene,TAPE,-0.1284386364177091
GSE159585,gene,TAPE,0.0844534662089293
GSE159585,gene,TAPE,0.1225213814040822
GSE159585,gene,TAPE,-0.0323195164839024
GSE159585,gene,TAPE,-0.0580683251172328
GSE159585,gene,TAPE,-0.0010760458463973
GSE159585,gene,TAPE,-0.0236093451750209
GSE159585,gene,TAPE,-0.0200992418326857
GSE159585,gene,TAPE,0.1104303307525158
GSE159585,gene,TAPE,-0.1492850560930476
GSE159585,gene,TAPE,0.0287056441617007
GSE159585,gene,TAPE,0.0673595679052461
GSE159585,gene,TAPE,0.0469682280550108
GSE159585,gene,TAPE,-0.0797613379365064
GSE159585,gene,TAPE,-0.0498158363684496
GSE159585,gene,TAPE,-0.0788901344693051
GSE159585,gene,TAPE,0.1730002960016737
GSE159585,gene,TAPE,0.3639245799577669
GSE159585,gene,DeconvSC,0.8976935979274413
GSE159585,gene,DeconvSC,0.8059772734554088
GSE159585,gene,DeconvSC,0.8458936786262005
GSE159585,gene,DeconvSC,0.8197292184934779
GSE159585,gene,DeconvSC,0.8114001312986117
GSE159585,gene,DeconvSC,0.8135653739244765
GSE159585,gene,DeconvSC,0.7930083985512266
GSE159585,gene,DeconvSC,0.7792494589082298
GSE159585,gene,DeconvSC,0.7166191343403303
GSE159585,gene,DeconvSC,0.921231695967872
GSE159585,gene,DeconvSC,0.8948902623609566
GSE159585,gene,DeconvSC,0.7527573355202667
GSE159585,gene,DeconvSC,0.8196358408404489
GSE159585,gene,DeconvSC,0.7453404481936896
GSE159585,gene,DeconvSC,0.9046693286021176
GSE159585,gene,DeconvSC,0.7927593417558774
GSE159585,gene,DeconvSC,0.6337855831576029
GSE159585,gene,DeconvSC,0.8143077520316941
GSE159585,gene,DeconvSC,0.8444091658202129
GSE159585,gene,DeconvSC,0.8671258543227297
GSE159585,gene,DeconvSC,0.8604476676871127
GSE159585,gene,DeconvSC,0.7713313115409284
GSE159585,gene,DeconvSC,0.8712718624521599
GSE159585,gene,DeconvSC,0.9071289075338176
GSE159585,gene,DeconvSC,0.923368239317926
GSE159585,gene,DeconvSC,0.8067409682155647
GSE159585,gene,DeconvSC,0.8284334362471207
GSE159585,gene,DeconvSC,0.9387269979816883
GSE159585,gene,DeconvSC,0.7641346995916887
GSE159585,gene,DeconvSC,0.8294685738904455
GSE159585,gene,DeconvSC,0.8968804015598733
GSE159585,gene,DeconvSC,0.821259517765686
GSE159585,gene,DeconvSC,0.8244839353491202
GSE159585,gene,DeconvSC,0.9244062855920236
GSE159585,gene,DeconvSC,0.4471052109043193
GSE159585,gene,DeconvSC,0.8211712976277087
GSE159585,gene,DeconvSC,0.8606267374480324
GSE159585,gene,DeconvSC,0.6336642927727056
GSE159585,gene,DeconvSC,0.8413879717648952
GSE159585,gene,DeconvSC,0.755631387394479
GSE159585,gene,DeconvSC,0.9187611828183226
GSE159585,gene,DeconvSC,0.8304204276410299
GSE159585,gene,DeconvSC,0.8940469342150059
GSE159585,gene,DeconvSC,0.8814018414993298
GSE159585,gene,DeconvSC,0.8616735229576747
GSE159585,gene,DeconvSC,0.7593543602323635
GSE159585,gene,DeconvSC,0.7087697625599965
GSE159585,gene,DeconvSC,0.8011141894958489
GSE159585,gene,DeconvSC,0.8536751947481965
GSE159585,gene,DeconvSC,0.8969667732571582
GSE159585,gene,DeconvSC,0.7454780149917553
GSE159585,gene,DeconvSC,0.7463557020523643
GSE159585,gene,DeconvSC,0.8564092006476598
GSE159585,gene,DeconvSC,0.6764591517199882
GSE159585,gene,DeconvSC,0.92237302367215
GSE159585,gene,DeconvSC,0.7954286303157181
GSE159585,gene,DeconvSC,0.3171405859713259
GSE159585,gene,DeconvSC,0.9305546949656092
GSE159585,gene,DeconvSC,0.8634076547567675
GSE159585,gene,DeconvSC,0.8731332344049453
GSE159585,gene,DeconvSC,0.871018659949833
GSE159585,gene,DeconvSC,0.8977075011376892
GSE159585,gene,DeconvSC,0.79540846403678
GSE159585,gene,DeconvSC,0.926020787552052
GSE159585,gene,DeconvSC,0.902055334293604
GSE159585,gene,DeconvSC,0.9481603809163672
GSE159585,gene,DeconvSC,0.7015310187904163
GSE159585,gene,DeconvSC,0.283672232867886
GSE159585,gene,DeconvSC,0.8969819030461635
GSE159585,gene,DeconvSC,0.8972379255213646
GSE159585,gene,DeconvSC,0.7704069173293888
GSE159585,gene,DeconvSC,0.8510260740202767
GSE159585,gene,DeconvSC,0.8904472319999239
GSE159585,gene,DeconvSC,0.8493830587611931
GSE159585,gene,DeconvSC,0.8670943880700197
GSE159585,gene,DeconvSC,0.845182043879265
GSE159585,gene,DeconvSC,0.7552173848279831
GSE159585,gene,DeconvSC,0.8857496875918317
GSE159585,gene,DeconvSC,0.6648568343027759
GSE159585,gene,DeconvSC,0.9424447256510567
GSE159585,gene,DeconvSC,0.9238378727289605
GSE159585,gene,DeconvSC,0.789172693843603
GSE159585,gene,DeconvSC,0.6664509962090794
GSE159585,gene,DeconvSC,0.9387974909935862
GSE159585,gene,DeconvSC,0.6276531960724782
GSE159585,gene,DeconvSC,0.8374420048537347
GSE159585,gene,DeconvSC,0.8661885300259319
GSE159585,gene,DeconvSC,0.924331877262486
GSE159585,gene,DeconvSC,0.8595017395804132
GSE159585,gene,DeconvSC,0.8096933450837029
GSE159585,gene,DeconvSC,0.856053384209419
GSE159585,gene,DeconvSC,0.782910285020647
GSE159585,gene,DeconvSC,0.9701175870079064
GSE159585,gene,DeconvSC,0.8074079983777457
GSE159585,gene,DeconvSC,0.9085419703495666
GSE159585,gene,DeconvSC,0.6976443299991255
GSE159585,gene,DeconvSC,0.9136733499889078
GSE159585,gene,DeconvSC,0.918894140752756
GSE159585,gene,DeconvSC,0.839276795027704
GSE159585,gene,DeconvSC,0.8178653017638375
GSE159585,gene,DeconvSC,0.8824143552502862
GSE159585,gene,DeconvSC,0.5838303243864645
GSE159585,gene,DeconvSC,0.8108878448099534
GSE159585,gene,DeconvSC,0.9222715129488316
GSE159585,gene,DeconvSC,0.8999174281721716
GSE159585,gene,DeconvSC,0.8581954336637835
GSE159585,gene,DeconvSC,0.8580607115150329
GSE159585,gene,DeconvSC,0.7695407994894238
GSE159585,gene,DeconvSC,0.8502619812408471
GSE159585,gene,DeconvSC,0.8933863019507974
GSE159585,gene,DeconvSC,0.8937568203179571
GSE159585,gene,DeconvSC,0.900351068343704
GSE159585,gene,DeconvSC,0.9124810131449248
GSE159585,gene,DeconvSC,0.816520098052917
GSE159585,gene,DeconvSC,0.8632189290876949
GSE159585,gene,DeconvSC,0.9147803120764848
GSE159585,gene,DeconvSC,0.9137995626650603
GSE159585,gene,DeconvSC,0.98767856959379
GSE159585,gene,DeconvSC,0.8367669807559942
GSE159585,gene,DeconvSC,0.8462544850745427
GSE159585,gene,DeconvSC,0.9511649478582882
GSE159585,gene,DeconvSC,0.8619204340417607
GSE159585,gene,DeconvSC,0.9067276221311344
GSE159585,gene,DeconvSC,0.890397867398465
GSE159585,gene,DeconvSC,0.7750412600331015
GSE159585,gene,DeconvSC,0.8881297236466096
GSE159585,gene,DeconvSC,0.7727945478323998
GSE159585,gene,DeconvSC,0.4229821085672143
GSE159585,gene,DeconvSC,0.4696505186663611
GSE159585,gene,DeconvSC,0.9368396906139692
GSE159585,gene,DeconvSC,0.8173591255045244
GSE159585,gene,DeconvSC,0.933407352784946
GSE159585,gene,DeconvSC,0.8310847715285178
GSE159585,gene,DeconvSC,0.9351281102070396
GSE159585,gene,DeconvSC,0.8422340506999291
GSE159585,gene,DeconvSC,0.7817528621889558
GSE159585,gene,DeconvSC,0.8260261655660923
GSE159585,gene,DeconvSC,0.4144374892319351
GSE159585,gene,DeconvSC,0.7923979029846908
GSE159585,gene,DeconvSC,0.8546702961488755
GSE159585,gene,DeconvSC,0.7953183668383067
GSE159585,gene,DeconvSC,0.7885229066644741
GSE159585,gene,DeconvSC,0.5295040404456225
GSE159585,gene,DeconvSC,0.9256750839456378
GSE159585,gene,DeconvSC,0.6904359070421827
GSE159585,gene,DeconvSC,0.939947200084608
GSE159585,gene,DeconvSC,0.8100486331765908
GSE159585,gene,DeconvSC,0.8326865113711137
GSE159585,gene,DeconvSC,0.8881293462825492
GSE159585,gene,DeconvSC,0.7476673337330312
GSE159585,gene,DeconvSC,0.872854540567528
GSE159585,gene,DeconvSC,0.9376272271084845
GSE159585,gene,DeconvSC,0.9236739976517324
GSE159585,gene,DeconvSC,0.9028724120762815
GSE159585,gene,DeconvSC,0.6602989683340259
GSE159585,gene,DeconvSC,0.742069350698716
GSE159585,gene,DeconvSC,0.7508627145830437
GSE159585,gene,DeconvSC,0.7654645894591261
GSE159585,gene,DeconvSC,0.8198043491257827
GSE159585,gene,DeconvSC,0.7817009914021696
GSE159585,gene,DeconvSC,0.6554109302395048
GSE159585,gene,DeconvSC,0.8729225245553665
GSE159585,gene,DeconvSC,0.8443429434285642
GSE159585,gene,DeconvSC,0.886484934781355
GSE159585,gene,DeconvSC,0.8107086592583541
GSE159585,gene,DeconvSC,0.9169486432609182
GSE159585,gene,DeconvSC,0.8812674898076845
GSE159585,gene,DeconvSC,0.6232630955907519
GSE159585,gene,DeconvSC,0.6877368098620824
GSE159585,gene,DeconvSC,0.8172998405748858
GSE159585,gene,DeconvSC,0.6330182637658313
GSE159585,gene,DeconvSC,0.7115687651452683
GSE159585,gene,DeconvSC,0.8975806361036879
GSE159585,gene,DeconvSC,0.9206875489078796
GSE159585,gene,DeconvSC,0.8741590975318614
GSE159585,gene,DeconvSC,0.7125204298559813
GSE159585,gene,DeconvSC,0.8576318969555716
GSE159585,gene,DeconvSC,0.789591231194815
GSE159585,gene,DeconvSC,0.9135227124307762
GSE159585,gene,DeconvSC,0.718599807439736
GSE159585,gene,DeconvSC,0.5669776639567325
GSE159585,gene,DeconvSC,0.4777732974430105
GSE159585,gene,DeconvSC,0.7481124288135402
GSE159585,gene,DeconvSC,0.5808572493145436
GSE159585,gene,DeconvSC,0.6499966962427833
GSE159585,gene,DeconvSC,0.9450024636947068
GSE159585,gene,DeconvSC,0.5769931959067415
GSE159585,gene,DeconvSC,0.8995793698314614
GSE159585,gene,DeconvSC,0.5608736491933095
GSE159585,gene,DeconvSC,0.8624251120856703
GSE159585,gene,DeconvSC,0.8909532945325667
GSE159585,gene,DeconvSC,0.6664729838451865
GSE159585,gene,DeconvSC,0.7783540472959526
GSE159585,gene,DeconvSC,0.6028243179316172
GSE159585,gene,DeconvSC,0.8584241544050293
GSE159585,gene,DeconvSC,0.7058581219024798
GSE159585,gene,DeconvSC,0.7035616982084779
GSE159585,gene,DeconvSC,0.6304495417138656
GSE159585,gene,DeconvSC,0.8427846818471018
GSE159585,gene,DeconvSC,0.4151105467771001
GSE159585,gene,DeconvSC,0.8345145213852442
GSE159585,gene,DeconvSC,0.4269620297609222
GSE159585,gene,DeconvSC,0.9068667158802746
GSE159585,gene,DeconvSC,0.7338717762144806
GSE159585,gene,DeconvSC,0.8627323530568554
GSE159585,gene,DeconvSC,0.79607781573457
GSE159585,gene,DeconvSC,0.8048410014600721
GSE159585,gene,DeconvSC,0.6001244695399218
GSE159585,gene,DeconvSC,0.8789124172951814
GSE159585,gene,DeconvSC,0.8815739436078859
GSE159585,gene,DeconvSC,0.6576997035037262
GSE159585,gene,DeconvSC,0.9064761035538508
GSE159585,gene,DeconvSC,0.9598556712470192
GSE159585,gene,DeconvSC,0.8076178922626378
GSE159585,gene,DeconvSC,0.8815673630990045
GSE159585,gene,DeconvSC,0.8945312801633313
GSE159585,gene,DeconvSC,0.8658786454559882
GSE159585,gene,DeconvSC,0.9340178239976936
GSE159585,gene,DeconvSC,0.7677936887625946
GSE159585,gene,DeconvSC,0.814702194867639
GSE159585,gene,DeconvSC,0.8942119485142532
GSE159585,gene,DeconvSC,0.7437324125608288
GSE159585,gene,DeconvSC,0.8453189250992639
GSE159585,gene,DeconvSC,0.80287614830439
GSE159585,gene,DeconvSC,0.7634236945853494
GSE159585,gene,DeconvSC,0.8254347471429573
GSE159585,gene,DeconvSC,0.8263626955790966
GSE159585,gene,DeconvSC,0.7505901105047055
GSE159585,gene,DeconvSC,0.8548499660017568
GSE159585,gene,DeconvSC,0.9300273867777936
GSE159585,gene,DeconvSC,0.9000975052465453
GSE159585,gene,DeconvSC,0.8556747063961998
GSE159585,gene,DeconvSC,0.7750701961170154
GSE159585,gene,DeconvSC,0.4141299344109214
GSE159585,gene,DeconvSC,0.8128009190503814
GSE159585,gene,DeconvSC,0.8909973050861304
GSE159585,gene,DeconvSC,0.2877932406618703
GSE159585,gene,DeconvSC,0.9220967075308962
GSE159585,gene,DeconvSC,0.9055524776374456
GSE159585,gene,DeconvSC,0.8291442508284368
GSE159585,gene,DeconvSC,0.893629948935233
GSE159585,gene,DeconvSC,0.8892659442128974
GSE159585,gene,DeconvSC,0.8430879597974806
GSE159585,gene,DeconvSC,0.9000489809457739
GSE159585,gene,DeconvSC,0.425250072961736
GSE159585,gene,DeconvSC,0.8047763644183942
GSE159585,gene,DeconvSC,0.8468823183138232
GSE159585,gene,DeconvSC,0.9526817719264652
GSE159585,gene,DeconvSC,0.9209135258214222
GSE159585,gene,DeconvSC,0.8865363439985453
GSE159585,gene,DeconvSC,0.919183987938864
GSE159585,gene,DeconvSC,0.8994781136027081
GSE159585,gene,DeconvSC,0.7560438339793272
GSE159585,gene,DeconvSC,0.8168706341006409
GSE159585,gene,DeconvSC,0.9378258959364444
GSE159585,gene,DeconvSC,0.869126101641261
GSE159585,gene,DeconvSC,0.5893103831022894
GSE159585,gene,DeconvSC,0.6581517895209438
GSE159585,gene,DeconvSC,0.8232438040905183
GSE159585,gene,DeconvSC,0.896426033294579
GSE159585,gene,DeconvSC,0.8815270627858294
GSE159585,gene,DeconvSC,0.772163534549724
GSE159585,gene,DeconvSC,0.80651714373562
GSE159585,gene,DeconvSC,0.8711483407393191
GSE159585,gene,DeconvSC,0.8928342566359578
GSE159585,gene,DeconvSC,0.8514007288476408
GSE159585,gene,DeconvSC,0.8609804952221943
GSE159585,gene,DeconvSC,0.4906527857229716
GSE159585,gene,DeconvSC,0.6035821754930373
GSE159585,gene,DeconvSC,0.9206002063914364
GSE159585,gene,DeconvSC,0.6371530905785342
GSE159585,gene,DeconvSC,0.7890103570731347
GSE159585,gene,DeconvSC,0.6530579030411341
GSE159585,gene,DeconvSC,0.7552468195951177
GSE159585,gene,DeconvSC,0.9000449612589528
GSE159585,gene,DeconvSC,0.7725298287537186
GSE159585,gene,DeconvSC,0.7194344722886136
GSE159585,gene,DeconvSC,0.748844740125065
GSE159585,gene,DeconvSC,0.8382792591471755
GSE159585,gene,DeconvSC,0.8331894057428684
GSE159585,gene,DeconvSC,0.925943372150144
GSE159585,gene,DeconvSC,0.9560587960940506
GSE159585,gene,DeconvSC,0.8023665843233259
GSE159585,gene,DeconvSC,0.901147296769427
GSE159585,gene,DeconvSC,0.7003248196110891
GSE159585,gene,DeconvSC,0.4348683215965951
GSE159585,gene,DeconvSC,0.9287274571646476
GSE159585,gene,DeconvSC,0.8353954137501959
GSE159585,gene,DeconvSC,0.8299977604953547
GSE159585,gene,DeconvSC,0.6841813595413092
GSE159585,gene,DeconvSC,0.8660992486954463
GSE159585,gene,DeconvSC,0.9346187309521088
GSE159585,gene,DeconvSC,0.7678449763401208
GSE159585,gene,DeconvSC,0.9286420205278731
GSE159585,gene,DeconvSC,0.8641122967403552
GSE159585,gene,DeconvSC,0.7530169557123217
GSE159585,gene,DeconvSC,0.8619250675677449
GSE159585,gene,DeconvSC,0.7676549449820868
GSE159585,gene,DeconvSC,0.8767883763687565
GSE159585,gene,DeconvSC,0.7527304385218532
GSE159585,gene,DeconvSC,0.7828468638993425
GSE159585,gene,DeconvSC,0.8355432502302865
GSE159585,gene,DeconvSC,0.9020805981230936
GSE159585,gene,DeconvSC,0.9019060262578268
GSE159585,gene,DeconvSC,0.8434336908939888
GSE159585,gene,DeconvSC,0.8877548022264132
GSE159585,gene,DeconvSC,0.8339213142242776
GSE159585,gene,DeconvSC,0.7820267206192552
GSE159585,gene,DeconvSC,0.8430409526584304
GSE159585,gene,DeconvSC,0.9120763717963905
GSE159585,gene,DeconvSC,0.7318209043455859
GSE159585,gene,DeconvSC,0.8932568055170801
GSE159585,gene,DeconvSC,0.92307699928152
GSE159585,gene,DeconvSC,0.8001563425369563
GSE159585,gene,DeconvSC,0.7693813191657439
GSE159585,gene,DeconvSC,0.8593571622935272
GSE159585,gene,DeconvSC,0.7937303441934633
GSE159585,gene,DeconvSC,0.949752411694236
GSE159585,gene,DeconvSC,0.9728761488267176
GSE159585,gene,DeconvSC,0.8154055351209885
GSE159585,gene,DeconvSC,0.7980034238998552
GSE159585,gene,DeconvSC,0.9073410782658374
GSE159585,gene,DeconvSC,0.8376106763954287
GSE159585,gene,DeconvSC,0.9222759708751058
GSE159585,gene,DeconvSC,0.8881815926521568
GSE159585,gene,DeconvSC,0.8969092304483424
GSE159585,gene,DeconvSC,0.8798450644682033
GSE159585,gene,DeconvSC,0.7003783491605741
GSE159585,gene,DeconvSC,0.8657385607006101
GSE159585,gene,DeconvSC,0.6530970421537988
GSE159585,gene,DeconvSC,0.8862201638866135
GSE159585,gene,DeconvSC,0.8771157402266739
GSE159585,gene,DeconvSC,0.7160169168929319
GSE159585,gene,DeconvSC,0.8090974434047805
GSE159585,gene,DeconvSC,0.952330405684324
GSE159585,gene,DeconvSC,0.6565316485165054
GSE159585,gene,DeconvSC,0.922961130951142
GSE159585,gene,DeconvSC,0.8552480423580288
GSE159585,gene,DeconvSC,0.9230158031609188
GSE159585,gene,DeconvSC,0.856431493114275
GSE159585,gene,DeconvSC,0.6228086217806079
GSE159585,gene,DeconvSC,0.668588720751277
GSE159585,gene,DeconvSC,0.9563942064593682
GSE159585,gene,DeconvSC,0.7870830527879189
GSE159585,gene,DeconvSC,0.7504584106065387
GSE159585,gene,DeconvSC,0.8607656393034723
GSE159585,gene,DeconvSC,0.8336262740256315
GSE159585,gene,DeconvSC,0.8496385232183866
GSE159585,gene,DeconvSC,0.8849689406411433
GSE159585,gene,DeconvSC,0.7229934612753336
GSE159585,gene,DeconvSC,0.8996572559715091
GSE159585,gene,DeconvSC,0.8909702251521586
GSE159585,gene,DeconvSC,0.8004589214371489
GSE159585,gene,DeconvSC,0.9139938398497188
GSE159585,gene,DeconvSC,0.603612604245513
GSE159585,gene,DeconvSC,0.9082412888740342
GSE159585,gene,DeconvSC,0.8441360236531534
GSE159585,gene,DeconvSC,0.8310098484862983
GSE159585,gene,DeconvSC,0.8975779686319195
GSE159585,gene,DeconvSC,0.9112385248352702
GSE159585,gene,DeconvSC,0.9137657269335184
GSE159585,gene,DeconvSC,0.9111684382540975
GSE159585,gene,DeconvSC,0.8223789208803265
GSE159585,gene,DeconvSC,0.6964902785564603
GSE159585,gene,DeconvSC,0.9325081770447248
GSE159585,gene,DeconvSC,0.8294382452764585
GSE159585,gene,DeconvSC,0.536378211220511
GSE159585,gene,DeconvSC,0.2869028924216755
GSE159585,gene,DeconvSC,0.7539070099630492
GSE159585,gene,DeconvSC,0.9255500048687548
GSE159585,gene,DeconvSC,0.9130089795565112
GSE159585,gene,DeconvSC,0.9144725181064493
GSE159585,gene,DeconvSC,0.9012659297168728
GSE159585,gene,DeconvSC,0.8233397363747358
GSE159585,gene,DeconvSC,0.6719917242703629
GSE159585,gene,DeconvSC,0.6942195730363631
GSE159585,gene,DeconvSC,0.710158022158808
GSE159585,gene,DeconvSC,0.788795796500319
GSE159585,gene,DeconvSC,0.9568330565525376
GSE159585,gene,DeconvSC,0.9043707573398108
GSE159585,gene,DeconvSC,0.5941990160507442
GSE159585,gene,DeconvSC,0.9256448667530288
GSE159585,gene,DeconvSC,0.8350430070175106
GSE159585,gene,DeconvSC,0.8915423743680023
GSE159585,gene,DeconvSC,0.8963654444658613
GSE159585,gene,DeconvSC,0.858479253804502
GSE159585,gene,DeconvSC,0.7918867663617495
GSE159585,gene,DeconvSC,0.8595402170177968
GSE159585,gene,DeconvSC,0.7501250057810684
GSE159585,gene,DeconvSC,0.8413076005749462
GSE159585,gene,DeconvSC,0.8170736745217708
GSE159585,gene,DeconvSC,0.807150451581602
GSE159585,gene,DeconvSC,0.5816047762215182
GSE159585,gene,DeconvSC,0.916643135562076
GSE159585,gene,DeconvSC,0.5916362663378224
GSE159585,gene,DeconvSC,0.9355818702505226
GSE159585,gene,DeconvSC,0.4815680377001307
GSE159585,gene,DeconvSC,0.6827450338954518
GSE159585,gene,DeconvSC,0.9289490672813584
GSE159585,gene,DeconvSC,0.8517700095994487
GSE159585,gene,DeconvSC,0.722106376333994
GSE159585,gene,DeconvSC,0.8005041499882288
GSE159585,gene,DeconvSC,0.7901309459337053
GSE159585,gene,DeconvSC,0.8870664465627232
GSE159585,gene,DeconvSC,0.8635910106483434
GSE159585,gene,DeconvSC,0.8886295615255669
GSE159585,gene,DeconvSC,0.9419145971523322
GSE159585,gene,DeconvSC,0.8937836151954726
GSE159585,gene,DeconvSC,0.8101802651092983
GSE159585,gene,DeconvSC,0.903819348007577
GSE159585,gene,DeconvSC,0.8334610571217544
GSE159585,gene,DeconvSC,0.8194245751274628
GSE159585,gene,DeconvSC,0.907807524651896
GSE159585,gene,DeconvSC,0.8892177111576706
GSE159585,gene,DeconvSC,0.7330819511086268
GSE159585,gene,DeconvSC,0.7109483216761184
GSE159585,gene,DeconvSC,0.917686330370564
GSE159585,gene,DeconvSC,0.7379126023223936
GSE159585,gene,DeconvSC,0.7447920848334519
GSE159585,gene,DeconvSC,0.6975515184984065
GSE159585,gene,DeconvSC,0.9148693382334342
GSE159585,gene,DeconvSC,0.5392863104022088
GSE159585,gene,DeconvSC,0.9113534031077016
GSE159585,gene,DeconvSC,0.897826289455101
GSE159585,gene,DeconvSC,0.9372078304935952
GSE159585,gene,DeconvSC,0.9134370504127178
GSE159585,gene,DeconvSC,0.7367199248362319
GSE159585,gene,DeconvSC,0.882796214614344
GSE159585,gene,DeconvSC,0.90432356749121
GSE159585,gene,DeconvSC,0.8637694758609223
GSE159585,gene,DeconvSC,0.8589863091759861
GSE159585,gene,DeconvSC,0.8031235923005005
GSE159585,gene,DeconvSC,0.818242202816521
GSE159585,gene,DeconvSC,0.8787535189548507
GSE159585,gene,DeconvSC,0.9417683115259108
GSE159585,gene,DeconvSC,0.8215197032460112
GSE159585,gene,DeconvSC,0.5323208031947535
GSE159585,gene,DeconvSC,0.8922872870088401
GSE159585,gene,DeconvSC,0.5290960778108034
GSE159585,gene,DeconvSC,0.3262631599034217
GSE159585,gene,DeconvSC,0.7834837906783928
GSE159585,gene,DeconvSC,0.7598908816110167
GSE159585,gene,DeconvSC,0.6518799104659659
GSE159585,gene,DeconvSC,0.8103929050737225
GSE159585,gene,DeconvSC,0.7587951913151016
GSE159585,gene,DeconvSC,0.929836718981502
GSE159585,gene,DeconvSC,0.9392124146902472
GSE159585,gene,DeconvSC,0.92997341286506
GSE159585,gene,DeconvSC,0.7576353846314456
GSE159585,gene,DeconvSC,0.786159686600407
GSE159585,gene,DeconvSC,0.818081008290106
GSE159585,gene,DeconvSC,0.4615326998707155
GSE159585,gene,DeconvSC,0.6678679553900697
GSE159585,gene,DeconvSC,0.7049413650764254
GSE159585,gene,DeconvSC,0.6940962661266573
GSE159585,gene,DeconvSC,0.9358825303470464
GSE159585,gene,DeconvSC,0.9027286198245948
GSE159585,gene,DeconvSC,0.6149556041556427
GSE159585,gene,DeconvSC,0.5142879341443122
GSE159585,gene,DeconvSC,0.9433844508000606
GSE159585,gene,DeconvSC,0.7742820281427053
GSE159585,gene,DeconvSC,0.8342676719548927
GSE159585,gene,DeconvSC,0.6367943154028144
GSE159585,gene,DeconvSC,0.807980025009278
GSE159585,gene,DeconvSC,0.7808286916076029
