,gene
0610009B22Rik,0.7907311884051308
0610010K14Rik,0.6119775035517986
0610011F06Rik,0.7279726065152221
0610012G03Rik,0.3121704691165707
0610033M10Rik,0.5765874162400222
0610037L13Rik,0.6468457882616699
0610040J01Rik,0.7617021420110154
0610043K17Rik,0.7045478185840994
1010001B22Rik,0.2537749073203055
1110001J03Rik,0.6957582927446965
1110004E09Rik,0.22008305582099874
1110004F10Rik,0.28402583618735344
1110008F13Rik,0.48911037414361624
1110008P14Rik,0.5321881391568505
1110019D14Rik,0.5023069733166653
1110020A21Rik,-0.2163547794589728
1110038F14Rik,0.47551055005420934
1110051M20Rik,0.4553257354967738
1110059G10Rik,0.018766111244266036
1110065P20Rik,0.6696900513338966
1190002N15Rik,0.5559318050896154
1190007I07Rik,-0.21711026932917996
1500011B03Rik,0.26714726643433356
1500011K16Rik,0.4719067603922303
1500026H17Rik,0.5771827341684916
1700001O22Rik,0.5572902995966054
1700011H14Rik,0.84959336584035
1700016C15Rik,0.7400316920454983
1700020I14Rik,0.6913241280159542
1700021F05Rik,0.5413620835068136
1700028J19Rik,0.8937421474467205
1700037H04Rik,0.2737746111089006
1700040L02Rik,0.7983161015995481
1700066M21Rik,0.2958654082647126
1700084E18Rik,0.006458139388594146
1700105P06Rik,0.0773308597456793
1700112E06Rik,0.2087843196525489
1700113A16Rik,-0.0555953982917858
1810009A15Rik,-0.19999541767273
1810011O10Rik,0.9625360515924678
1810014B01Rik,0.2442408794518304
1810022K09Rik,0.5103446847901668
1810037I17Rik,0.7257588840799588
1810041H14Rik,-0.12645286314743961
1810043H04Rik,0.3894481330771271
1810058I24Rik,0.41273152706721405
2010107E04Rik,0.6981067283300267
2010111I01Rik,0.7115546434807015
2010320M18Rik,0.4700653599335662
2200002D01Rik,0.625621144773018
2210013O21Rik,0.863216987021139
2210408I21Rik,-0.08568359593552861
2300009A05Rik,0.6976274402433146
2310001H17Rik,0.5258510977122929
2310015A10Rik,-0.13487559717208297
2310033P09Rik,0.031206264691276978
2310035C23Rik,0.04024256168372558
2310036O22Rik,0.10429189644405258
2310039H08Rik,0.6655657099977503
2410015M20Rik,0.4223114702979118
2510002D24Rik,-0.03505040981488948
2510009E07Rik,0.47624899681733973
2510046G10Rik,-0.07752169686159836
2610001J05Rik,0.5707895295130875
2610037D02Rik,-0.14040287657781442
2610507B11Rik,0.4180827741417248
2610528J11Rik,0.8403238443616416
2700033N17Rik,0.9822634779630043
2700060E02Rik,0.2248914996299866
2700094K13Rik,0.19512386828552436
2810403A07Rik,0.026119172813106186
2810428I15Rik,0.5943272512554884
2810429I04Rik,0.6017690954896247
2810474O19Rik,0.24031888434246376
3110062M04Rik,0.5426786332963116
3110083C13Rik,0.1263389851342358
4430402I18Rik,0.6022944479347989
4632411P08Rik,0.0767580545308482
4732465J04Rik,0.7434303551769073
4833439L19Rik,0.9265173643656746
4930402H24Rik,0.2915360745833503
4930415O20Rik,-0.16122010795365516
4930426D05Rik,0.5741129963638969
4930444P10Rik,0.31603651880846706
4930461G14Rik,0.9490215483173389
4930550C14Rik,0.7947744466664617
4930599N23Rik,0.29779006852907236
4931406C07Rik,0.9275316290896348
4931428F04Rik,-0.2098348472521969
4932438A13Rik,0.0070308162925277525
4933406I18Rik,-0.20390257714024132
4933427E11Rik,-0.0677121300224355
4933434E20Rik,-0.27204760956047597
5031425E22Rik,0.26912964899373654
5330417C22Rik,0.8979357364701681
5830473C10Rik,0.5315977901811811
5930430L01Rik,0.7373952702851089
6030443J06Rik,0.304661836894453
6030458C11Rik,-0.014970820451730638
6330410L21Rik,0.7460255662098838
6430573F11Rik,0.6091132271728888
8430408G22Rik,0.8259101673397586
9030617O03Rik,0.6160311841130429
9130011E15Rik,0.019849278946115465
9130230L23Rik,-0.04439664400303759
9130604C24Rik,0.07270539031566045
9230102O04Rik,0.9518581904667044
9230110C19Rik,-0.18706523512983153
9330020H09Rik,0.5791924675792022
9530026P05Rik,0.8256299421623415
9530068E07Rik,0.6363160319493338
9930021J03Rik,0.10084636625122247
A1cf,0.9633844244133725
A230050P20Rik,0.47918778358582476
A330033J07Rik,0.25696044157668596
A330069E16Rik,-0.20733831716893847
A430005L14Rik,0.3825872094203668
A430106G13Rik,0.14685742935168702
A4galt,0.6748876930706276
A530020G20Rik,0.6304865680407289
A730011C13Rik,-0.09867222374406215
A830082K12Rik,0.9569158904137398
A930011G23Rik,0.10864299476073544
A930017K11Rik,0.7778128575970835
AA986860,0.7662924523028088
AF251705,0.916622295719177
AI314180,0.10096380484416416
AI317395,0.7269270440910467
AI413582,0.682845094779586
AI464131,0.930564765210069
AI480526,0.48384988911679233
AI838599,0.6167346342113262
AU021092,0.9681820053414291
AU022252,0.42548563396878747
AU022754,-0.07164170715676665
AU040320,0.027717424206353074
AW112010,0.9692506423669978
AW146154,0.591665995639283
AW549877,0.5867259185811502
AW554918,-0.1773613638486684
Aadac,0.8924354856904764
Aadat,0.521991500164725
Aak1,-0.23580248104500745
Aamdc,0.6893079401303812
Aamp,0.36160168394037695
Aars,0.06866404701918069
Aasdhppt,0.4424972917138661
Aass,0.9154875390218086
Aatf,-0.0993784475673482
Abca13,0.9218966157315176
Abca3,0.7077894835171192
Abca4,0.7278658245316391
Abca5,0.9340651609853161
Abca7,0.05076177389673372
Abcb7,0.050441352363772424
Abcc2,0.9810890959308025
Abcc4,0.34195664223369887
Abcd3,0.8681673750004488
Abcf1,0.16937331693583646
Abcg2,0.8567909634437801
Abhd11os,0.7863995888387938
Abhd14a,0.8077357569196153
Abhd14b,0.8189727060926362
Abhd16a,0.688825296587281
Abhd17a,0.3288961168798589
Abhd17b,0.06192275142271906
Abhd17c,0.7401765878345429
Abhd18,0.14182713057366095
Abhd2,0.6187738957827086
Abhd6,0.7446400653538403
Abi1,-0.34629654401591736
Abi2,0.6516775430182011
Abi3bp,0.8336007567877802
Abl1,0.19124142674790215
Ablim1,0.3744004036603319
Ablim2,-0.0641777944418219
Abracl,0.742593499333044
Abtb2,0.12393361481814208
Acaa1a,0.6198973593296389
Acaa1b,0.9357933660827809
Acaa2,0.8276232547630424
Acacb,0.628719624508164
Acad10,0.6778541038328588
Acad11,0.7157183219721303
Acadl,0.8158378817550487
Acadm,0.794689991705292
Acads,0.682637407611122
Acadsb,0.8180694781548613
Acadvl,0.6962196026050258
Acap2,0.4529054572499532
Acat1,0.7779126315018309
Acbd4,0.7358097114501027
Acbd5,0.2622851546531004
Acbd6,0.2651374530392273
Acd,0.2724928782296444
Acer2,0.890558845356428
Acer3,0.43242325684233207
Ache,0.8055672307834895
Acin1,0.1375461185109619
Aco1,0.7086713083521939
Aco2,0.9089391076157332
Acot1,0.8678650856945415
Acot12,0.9403776424711451
Acot13,0.7762922212318504
Acot4,0.42153465533331197
Acot9,0.5028007527446314
Acox1,0.8185475189378684
Acox2,0.9370327379793828
Acox3,0.07094391140655895
Acp1,0.3851763269009014
Acp6,0.4469458468518076
Acpp,0.946153531707122
Acsf2,0.462712471394244
Acsf3,0.5274023799628025
Acsl1,0.7790607009783577
Acsl4,0.5760242620474402
Acsl5,0.7090372521117901
Acsm1,0.8743644830245011
Acsm2,0.891956646415201
Acsm3,-0.04723899242806419
Acsm5,0.9358777120937282
Acss1,0.5954222984069631
Acss2,0.5880268990214511
Acss3,0.8112335968884393
Acta2,0.9945195316467961
Actb,0.9177772646433406
Actg1,0.6146827728475951
Actn1,0.9298326621855724
Actn4,0.8104946932421605
Actr10,0.5857188346542022
Actr2,0.5844541564312047
Actr3,0.918934276795368
Acy1,0.8991252131720319
Acy3,0.7814966121080227
Acyp1,0.31754480086298775
Acyp2,0.8206178201737622
Adam15,0.9261454063737169
Adam19,0.3999678835130347
Adam22,0.35506008404760203
Adamts10,0.14021830083397474
Adamts16,0.4974522457248814
Adamts3,0.3818670200890518
Adamts5,0.7374390416735055
Adamts7,-0.02544661269041539
Adamtsl1,0.9519628154841693
Adamtsl2,0.6224985768142207
Adamtsl4,0.15366599883325424
Adap2,0.45341948403076726
Adcy1,0.9093208884729809
Adcy6,0.4132259379291102
Add1,0.0460142323357272
Adgre5,0.6665308393656421
Adgrf5,0.9031477059695361
Adgrg1,0.9098331954878432
Adgrg3,0.29913441571305605
Adgrl4,0.9823107178582325
Adh1,0.8058607792127047
Adh5,0.38655348811963747
Adhfe1,0.8945264282661038
Adipor1,0.5671306534572856
Adk,0.8264582602518324
Adm,0.9215012201652969
Adnp2,0.005023022576576839
Adra1b,0.6108448460827797
Adrbk2,0.8357554142994081
Adrm1,0.35332516697620225
Aebp1,0.8570461919287798
Aes,0.39301177043579855
Afap1l1,0.9325627391233234
Aff1,0.4019503537337338
Aff2,0.06016298868464027
Aff4,0.3274076812908995
Afg3l1,0.08144930176216356
Aftph,0.1501815346296615
Agap1,0.4479067065883427
Agl,0.4658225400585833
Agmo,0.7375664590408266
Ago2,0.06841514110058299
Ago3,-0.2852664824597513
Ago4,0.5057244337663034
Agpat3,0.5737710823648869
Agps,-0.10802388644569522
Agrn,0.7631202681131922
Agtpbp1,0.3122911133225997
Agtr1a,0.9704980713551445
Agxt2,0.9727301047520176
Ahcyl1,0.5356197414544237
Ahcyl2,0.605963008390769
Ahdc1,0.12548039964246144
Ahnak,0.7982717092829634
Ahr,0.7934687507235932
Ahsa1,0.3368982793754905
Aif1,0.9698038467213134
Aif1l,0.8639792746006879
Aifm1,0.7822435979195348
Aig1,0.7833711308980601
Aim1,0.6350454751663198
Aimp1,0.3856216625755395
Aimp2,0.277131353492312
Aip,0.34976251160442073
Airn,0.5956911919593201
Ak1,0.8786678208560565
Ak2,0.10511835536316315
Ak3,0.696167387341519
Ak4,0.9401066255466272
Akap10,-0.22921363058192898
Akap11,0.42137868440394005
Akap13,0.5908926804467562
Akap17b,0.567554665709067
Akap8,0.018461401774111503
Akap8l,-0.09666251247187437
Akap9,0.25040831219580323
Akip1,0.5166693138560495
Akirin2,0.367177454131318
Akr1a1,0.9196551404109146
Akr1b3,0.6812358926375358
Akr1b7,0.9972017509312872
Akr1b8,-0.10045223179327456
Akr1c12,-0.045626610243928396
Akr1c13,0.10021913537139135
Akr1c18,0.7700095625636693
Akr1c19,0.6570735881675122
Akr1c21,0.7600803758943545
Akr7a5,0.8668398358949139
Akt3,0.6258286657143732
Aktip,0.8689916222709174
Alad,0.6769784901038266
Alas1,0.4031040695352206
Alcam,0.9208688776000447
Aldh18a1,0.1413264042973707
Aldh1l1,0.964872931242186
Aldh2,0.7158457270900687
Aldh5a1,0.59414544864009
Aldh6a1,0.787710029261715
Aldh7a1,0.7892952881425847
Aldh8a1,0.9658587563318917
Aldh9a1,0.7692581735402748
Aldoa,0.6305003735945328
Aldob,0.8717545543769166
Alkbh3,0.07262334467984646
Alkbh5,0.621285808745536
Alox5ap,0.9826082613284731
Alpl,0.9030487742072512
Alyref,0.38452884427494305
Amacr,0.900213840329912
Ambra1,-0.029431169283735736
Amdhd2,0.7777336443053078
Amigo1,0.7250472558672875
Ammecr1l,0.14125915502903408
Amn,0.8750007174054609
Amn1,0.06805030277600682
Amotl1,0.8782559818750318
Amotl2,0.7486332402613973
Ampd3,0.5247965305819674
Anapc1,-0.05038001969782176
Anapc11,0.5840770322366893
Anapc13,0.5152399003950429
Anapc16,0.3206917216499788
Anapc5,0.2665591922645505
Ang,0.6268035882552091
Angel2,-0.07306785251726929
Angpt1,0.4065451871166556
Angpt2,0.8464044856295335
Angptl2,0.965939334837463
Angptl6,0.3132522062321773
Angptl7,0.49961446293218126
Ank2,0.7821400087757363
Ank3,0.7740297011248105
Ankhd1,-0.5491275950789907
Ankib1,0.03394334879105192
Ankrd10,-0.08563179200163447
Ankrd11,0.7002592649482579
Ankrd12,0.1544752972667629
Ankrd13a,0.4047220947350152
Ankrd13c,0.6404766964789989
Ankrd17,0.016096644951335965
Ankrd24,0.6129842681951473
Ankrd28,0.2603693152877585
Ankrd33b,0.7265043150477223
Ankrd44,-0.0022578019321173345
Ankrd45,0.36265506730777713
Anks1,0.644472307581452
Ano1,0.9847340551164508
Ano6,0.4474244033885326
Anp32a,0.5585566187526608
Anp32b,0.6521308162988881
Anxa1,0.8945608054256285
Anxa11,0.815877335896538
Anxa2,0.9256175488359684
Anxa3,0.955776761508522
Anxa4,0.9228531075355297
Anxa5,0.7604902930932801
Anxa7,0.45541274148439775
Aoah,0.33251110438554227
Ap1g1,0.08384095956364686
Ap1m2,0.8488743727361375
Ap1s3,0.5379974652756626
Ap2a2,0.42036190261490647
Ap2b1,0.024533372371332438
Ap2m1,0.5281518820045724
Ap2s1,0.22407429523281683
Ap3b1,0.016581949480802077
Apbb1,0.9112560853441257
Apbb2,0.6639909597035527
Apc,0.2615147621818771
Apeh,0.6356227631009437
Apela,0.9759554687251434
Apex2,0.2145096437685767
Apitd1,0.10616861049064694
Apln,0.9119278796610418
Aplnr,0.9902297152433639
Aplp1,0.981572516929355
Aplp2,0.9301101892440893
Apoa1bp,0.6288211081765959
Apobec1,0.9356798332415587
Apoc1,0.553806180952178
Apoc3,0.8365126622884154
Apoe,0.9143317089574854
Apom,0.8716579918242954
Apoo,0.8798199195065011
Apoo-ps,0.031702268111385074
Apopt1,0.46672458307323583
App,0.9310704378317944
Aprt,0.5383702429898416
Aqp1,0.574870369965336
Aqp2,0.9322084714789166
Aqp3,0.9722815965768937
Aqp4,0.964653208951428
Aqp6,0.9772807279809758
Ar,0.6588095882076889
Araf,0.21534040105545801
Arap3,0.9673786509212512
Arcn1,0.21724740283622246
Arf1,0.7373361511014958
Arf4,0.5101032668283526
Arf5,0.5369126205418502
Arf6,0.8208167554753416
Arfgef1,0.6260408464130828
Arfgef2,0.31048109613228236
Arglu1,0.2639615153157877
Arhgap10,0.5649241311845206
Arhgap12,0.3909459126130126
Arhgap15,0.8211460789703965
Arhgap18,0.0961495511610135
Arhgap24,0.8207676831960066
Arhgap26,0.0968905821020021
Arhgap27os2,0.738334321516756
Arhgap28,0.9789730450749001
Arhgap29,0.874335165509644
Arhgap31,0.9460682031781025
Arhgap32,0.5404227827836758
Arhgap35,0.5645187872947318
Arhgap4,0.4875028360537149
Arhgap42,0.770890345201943
Arhgap5,0.7805416036041484
Arhgap6,0.3816467826543122
Arhgap8,0.7376861693992404
Arhgdia,0.777675672470097
Arhgdib,0.9467102677817868
Arhgef1,0.7529133615364295
Arhgef10,0.554990630463101
Arhgef10l,0.6414159537809208
Arhgef11,-0.007414314528194575
Arhgef12,0.7356359259306473
Arhgef15,0.9963892083635087
Arhgef17,0.951446482050699
Arhgef18,0.5167475335718549
Arhgef2,0.48332176545573907
Arhgef28,0.6304125888180546
Arhgef3,0.058168717251292835
Arhgef38,0.3291316662233944
Arhgef4,0.04102268655366203
Arhgef7,0.8007478450286588
Arid1a,-0.26618260141291333
Arid1b,0.1361741337716423
Arid2,0.05574919878932754
Arid4b,-0.12813481708627625
Arid5b,0.481445849312634
Arih1,-0.24026977987712483
Arih2,-0.021207816101705343
Arl1,0.6333222802177814
Arl15,0.6221609032516477
Arl2,0.6135228530328295
Arl2bp,0.30497670184139397
Arl3,0.833091250168075
Arl6ip1,0.723639236954333
Arl6ip4,0.1560871115001016
Arl6ip5,0.6842109057627651
Armc8,-0.06822629392361919
Arnt2,0.7726651467621649
Arpc1a,0.5456181128897098
Arpc1b,0.8812718145306623
Arpc2,0.9107196155481517
Arpc3,0.9055077654658293
Arpc4,0.755693873400602
Arpc5,0.9046019940749441
Arpc5l,0.5877979417153076
Arpp19,0.023938750020636137
Arrb2,0.7936876066575043
Arrdc1,0.14130225636249444
Arrdc3,0.6219891498444188
Arrdc4,0.708545818307655
Arsb,0.2171965839708128
Art3,0.880573217148582
Arvcf,0.9580310051259043
Asah1,0.8858044135725817
Asap1,0.5167069613483551
Asap2,0.792304625708707
Asb11,0.9305689136258429
Asb13,0.4615179567925169
Asb3,-0.13019127741660372
Asb9,0.6713004562072897
Ascc1,0.6958279163435419
Ascc3,-0.048404658743690064
Asf1a,0.3827382573290476
Ash1l,0.1567846933392973
Asl,0.7326793641750505
Asna1,0.28568322534301943
Aspa,0.8845499528834257
Aspdh,0.9031935578205385
Aspg,0.6509856586248486
Aspscr1,0.10188655058527091
Ass1,0.9108125923646873
Astn2,0.9273643724538192
Asxl1,-0.03809139619909188
Asxl2,-0.2607571996078692
Asxl3,0.008333402680439528
Atad1,0.09836389813650549
Atad2b,-0.2804196990543104
Atat1,-0.01842160189810933
Atf2,0.21100910054184663
Atf3,0.22001668892273152
Atf4,0.1307542386652369
Atf5,0.3290675870977759
Atg10,0.029908059933763987
Atg101,0.6158251840241343
Atg16l1,0.13567402644399737
Atg16l2,0.1443172427356449
Atg3,0.2088137953896257
Atg4b,-0.09486779689515072
Atg4d,0.34796876009564304
Atl2,0.31892470165731723
Atox1,0.5610215325901109
Atp10b,0.6348676360671084
Atp11a,0.25147072679265664
Atp13a3,0.05735457814809065
Atp1a1,0.8697485888099168
Atp1b1,0.9720737029564086
Atp1b3,0.27633519682248897
Atp2a2,0.6586160068538899
Atp2b1,0.5326332302947766
Atp2b2,0.7536682442738111
Atp2b4,0.7145167278357302
Atp2c1,0.663655721667189
Atp5a1,0.9132791644257189
Atp5b,0.9279904779886263
Atp5c1,0.669315689926446
Atp5d,0.9105037986019763
Atp5e,0.8610957570494018
Atp5f1,0.6121380955583784
Atp5g1,0.9329873325659572
Atp5g2,0.26003873047292003
Atp5g3,0.8044163657999627
Atp5h,0.3885657944541771
Atp5j,0.8508357160758792
Atp5j2,0.4342017658185581
Atp5k,0.5749936945112937
Atp5l,0.9051648486154152
Atp5o,0.6316841064832668
Atp5sl,0.43077105795557247
Atp6ap1,0.9044848698551062
Atp6ap2,0.9370741698651689
Atp6v0a4,0.9453758463445036
Atp6v0b,0.8661936893090624
Atp6v0d1,0.585513308293445
Atp6v0d2,0.971196589046174
Atp6v0e,0.7478794335083397
Atp6v0e2,0.4619695435972006
Atp6v1a,0.9227208207835398
Atp6v1b1,0.9567238057832278
Atp6v1b2,0.7025968367223572
Atp6v1c1,0.11184885464716177
Atp6v1c2,0.982342329448565
Atp6v1d,0.9003528458424964
Atp6v1e1,0.8497197417513698
Atp6v1f,0.7735579676447727
Atp6v1g1,0.3499501200385365
Atp6v1g3,0.9372452329742279
Atp6v1h,0.9212967444058757
Atp8a1,0.5718481418860702
Atp8a2,0.954928579439872
Atp8b1,0.8998844177027728
Atp9b,-0.25586848746955765
Atpif1,0.6092578868017315
Atraid,0.6416000292175048
Atrn,0.16049753843652823
Atrnl1,0.19798194553833368
Atrx,0.28226657531518085
Atxn1,0.1831653865639501
Atxn10,0.6524982743656759
Atxn2,0.32663087155152487
Atxn2l,-0.28750450359599034
Atxn7,-0.161831795851485
Atxn7l1,-0.3494736182033561
Atxn7l3b,0.7192703768681917
Auh,0.6458630376628557
Aup1,-0.011056999513905267
Aurkaip1,-0.034186594051620514
Auts2,0.6604575101087463
Avpr2,0.9336253458253074
Axl,0.9131445098963442
Azin1,0.11295215755362784
B230219D22Rik,0.6469099458195646
B2m,0.9532555558145543
B3gat2,0.8915381240491933
B3glct,0.3026862290778813
B3gnt9,-0.05308580777106625
B4galnt1,0.7804961199814272
B4galt1,-0.20670012820264036
B4galt5,-0.1476991474185527
B4galt6,0.6761299449434072
B9d1,0.9049608969086935
B9d2,0.20378389813152997
BC003965,0.17726162017142605
BC004004,0.7092984921590746
BC005537,0.49120897343771847
BC005561,0.2310155470142164
BC005624,0.4953107499848708
BC021785,0.899561545730029
BC026585,0.9296277802684337
BC028528,0.9659441660592258
BC029214,0.5806709084935816
BC031181,0.6129954324064572
BC034090,0.8429349290020486
BC035947,0.9533105368331942
BC052040,0.18695443253004282
BC089597,0.9385270509979581
Baat,0.43173427757153
Babam1,0.06156674574730662
Bach2,0.2879471690683594
Bad,0.4072363243019939
Bag1,0.33237268949394994
Bag4,0.850308841908302
Baiap2,0.3436597388224144
Baiap2l1,0.5015257807893734
Baiap2l2,0.7811097079119189
Bambi,0.9749147355995721
Banf1,0.5577110101535024
Bank1,0.9902844764213509
Bax,0.6978085801474458
Baz2b,0.04929496555590109
Bbip1,0.31588369193346305
Bbx,0.4039715562316673
Bcam,0.9388925987321305
Bcap31,0.5058009980788031
Bcar1,0.028835788644975106
Bcas2,0.2040110348520434
Bcas3,0.18721641910475212
Bcat1,0.018508704583635016
Bcat2,0.8514047757636894
Bccip,0.1356446591997975
Bckdha,0.6993145396687644
Bckdhb,0.7988357801375255
Bcl11a,0.6754282217253035
Bcl2,0.7416903808443976
Bcl2a1b,0.9553686275956893
Bcl2a1d,0.9497107452109704
Bcl2l1,0.7477169574864093
Bcl2l14,0.010694294150369547
Bcl2l2,0.7257429209341091
Bcl6,-0.20219737077214814
Bcl6b,0.9635865729693452
Bcl7a,0.780589838079183
Bclaf1,0.17938605000008828
Bcor,0.5747248596156126
Bdh1,0.6092851984966078
Bdh2,0.8747409271381889
Becn1,0.30733077391762015
Bend5,0.6103915314310892
Bend6,0.4797927397088271
Bex1,0.8499084118203172
Bex2,0.5294142777049549
Bex4,0.8403411922441383
Bfar,-0.031187169692210536
Bglap3,0.06419646024781493
Bgn,0.9871861673186396
Bhlhb9,0.686944018506548
Bhlhe41,0.2710389410435082
Bicc1,0.8613783764020593
Bicd1,0.572632197055884
Bik,0.6436023676885837
Bin2,0.9398275008853055
Birc6,0.009021818602311304
Blmh,0.6803787474398789
Blnk,0.6143256855614878
Bloc1s1,0.3312464678826773
Bloc1s2,0.3548633751468348
Bloc1s4,0.593423252546531
Blvra,0.400084228639333
Blvrb,0.7307458532707929
Bmf,0.4894731870354592
Bmi1,0.7250398318050449
Bmp4,0.9193447617706357
Bmp5,0.04163350793824372
Bmp6,0.31916088635753603
Bmp7,0.8298941934856487
Bmpr1a,0.8208831107714453
Bmpr1b,0.8121660908631603
Bmpr2,0.7709269962477816
Bmyc,0.7332796726336024
Bnc2,0.8776154672105615
Bnip1,-0.0809590031844686
Bnip3,0.7121223145260204
Bnip3l,0.6744773622802381
Boc,0.9609082251592955
Bod1l,0.36840056765191376
Bok,0.6028319668700187
Bola1,0.7246450162547058
Bola2,0.15060520000083785
Bola3,0.6763597603782594
Bop1,-0.01606804262852284
Borcs8,0.14170055253382488
Bphl,0.8977076223054914
Bpnt1,0.8060559272259837
Bptf,-0.15781680272921622
Braf,0.0933010942741499
Brap,0.22514618293540542
Brd2,0.6226507569522037
Brd4,-0.2409072549949405
Brd8,0.15943052954454084
Bre,0.022860592721412953
Bri3,0.8067720467954884
Brip1os,-0.048902912450915735
Brix1,-0.13474590795244193
Brk1,0.6097637254515792
Brms1l,-0.021003032553530882
Brsk1,0.4734317714540275
Brwd1,0.04387973302411613
Bscl2,0.30875692853297243
Bsg,0.8373199023235318
Bsnd,0.8687955955082872
Bspry,0.7258567818385278
Bst1,0.778259485233546
Bst2,0.8403589493061707
Btaf1,-0.05543175786576524
Btbd1,0.258566116316502
Btbd7,0.060545932478958224
Btbd9,-0.3159203876503008
Btc,0.7402602248868401
Btf3,0.7866483309019632
Btf3l4,0.31623062703436133
Btg1,0.8119369168316123
Btg2,0.705261031472351
Btnl9,0.9836142808621432
Btrc,-0.08782965969484838
Bub3,0.2279174924858217
Bud31,0.37545790716195415
Bvht,0.9853759810408718
Bzrap1,-0.2249396457533898
Bzw1,0.2998668342286634
Bzw2,0.5496640111862227
C130071C03Rik,0.3372060011436392
C130074G19Rik,0.6322136701072327
C1d,0.3030419720162924
C1galt1c1,0.438062357207071
C1qa,0.9053298153662898
C1qb,0.9164013201701117
C1qbp,0.17143167992873634
C1qc,0.9146790105096689
C1qtnf2,0.993981761636068
C1qtnf4,0.8073493935266702
C1qtnf7,0.9683824141684362
C1s1,0.9660390552951453
C1s2,0.7650636380029722
C230035I16Rik,0.38061737055089867
C230037L18Rik,0.5613307028852574
C2cd5,-0.0025209346550690206
C3,0.8841853466739109
C330002G04Rik,0.8354444017878323
C330013E15Rik,0.33345141085518526
C4b,0.06646418804236189
C730034F03Rik,-0.029212318028952862
C77080,0.9319225294022994
C77370,0.5043730333100127
C920021L13Rik,0.4591366993394471
Cab39,0.15896275197408832
Cab39l,0.465237781965426
Cabin1,0.14178722128862475
Cables1,0.933658673266672
Cachd1,0.5854678214572805
Cacna1c,0.976533442896555
Cacna1d,0.5643325498008493
Cacna1e,0.0017313078438277773
Cacna2d1,0.9783197300084657
Cacna2d2,0.9608107033460613
Cacnb1,0.44659213197424974
Cacnb2,0.2603228274276645
Cacnb3,0.14555487498836092
Cacnb4,0.43681402514629564
Cacul1,-0.10856073570178953
Cadm2,0.2648658476909129
Cadps2,0.7555282490476877
Calb1,0.9275395661353154
Calca,0.6771334906506079
Calcr,0.5040599569878139
Calcrl,0.9285109881550342
Cald1,0.9232303328434531
Calm1,0.8993000465298294
Calm2,0.8576271481243231
Calm3,0.4794275818831121
Calml4,0.8913011799921671
Calr,0.6968090980773529
Calr3,0.9428022926573503
Camk1,0.887816983380099
Camk1d,0.8841791246587375
Camk1g,0.9738639535393723
Camk2a,0.5042093016323425
Camk2d,0.39617651950166366
Camk2n1,0.7326222791724027
Camkk2,0.06595275464826854
Camkmt,-0.0850676069591522
Caml,0.051480976378882756
Camta1,0.4028829351728289
Camta2,0.025437820085467026
Cand1,-0.11602048708410326
Canx,0.735756021689282
Cap1,0.8546001541751029
Capg,0.720440803638445
Capn1,0.4153801387552029
Capn2,0.5723822154800273
Capn5,0.667327359603246
Capns1,0.3901739508294145
Caprin1,0.2013887173295845
Capza1,0.07113386302539403
Capza2,0.8225271594444054
Capzb,0.8554567094941659
Car12,0.9072316858185693
Car14,0.7449649576079277
Car15,0.6529548313529497
Car2,0.9536356961902145
Car4,0.9328482828632617
Car8,0.4737662688974367
Card19,0.45588024657054815
Carhsp1,0.6997785593462906
Carkd,0.7800092758967301
Cask,0.5147801876585739
Casp6,0.33521793274653755
Casp7,-0.07246455109338411
Casp8,0.6397547509556291
Casp9,-0.17075812037030486
Casr,0.5137054975786451
Casz1,0.6953133414253534
Cat,0.8268249810054759
Cav1,0.9656639781845068
Cav2,0.9465734845512648
Cbfa2t2,-0.007755123653667564
Cbfb,0.49497612523869255
Cbl,-0.16655014615912955
Cblb,0.11258632695680522
Cbr1,0.31178902235168865
Cbr2,0.8002335731793933
Cbr4,0.5908458843290149
Cbs,0.8858298516448119
Cbx1,0.4341256287654047
Cbx3,0.33645030136934045
Cbx5,0.8655740644962744
Ccar1,0.026116976980977088
Ccbe1,0.32242645372279605
Ccbl1,0.791628145095468
Ccdc107,0.7477052536510498
Ccdc114,-0.005680091940031174
Ccdc12,0.850422045608508
Ccdc124,0.3875641991222527
Ccdc136,0.3693629869591193
Ccdc141,0.7540369277983098
Ccdc151,0.46654003260169513
Ccdc160,0.6862463938902092
Ccdc167,0.2872845482890043
Ccdc181,0.44092114128876886
Ccdc189,0.810286038020716
Ccdc22,0.04839181057731916
Ccdc43,0.1772718111898617
Ccdc50,0.1430523821907147
Ccdc58,0.2332712574938643
Ccdc59,0.5119336246248929
Ccdc6,0.371592009573375
Ccdc64,0.9360877043293618
Ccdc64b,0.15415316985592048
Ccdc71l,0.18306093708288423
Ccdc85a,0.9378839116162192
Ccdc85b,0.8023131322403229
Ccdc88a,0.8592633523452546
Ccdc9,0.03551504544038884
Cchcr1,0.19278442860320688
Cckar,0.7491365820554183
Ccl12,0.9196676161658206
Ccl2,0.4485310807590506
Ccl3,0.6288788350207541
Ccl4,0.9069561818898132
Ccl5,0.9674210921479974
Ccl6,0.9726759892258087
Ccl9,0.5512392982346467
Ccnd1,0.7267617681459706
Ccnd2,0.7970824173365192
Ccnd3,0.6184575414228438
Ccndbp1,0.3749250224301982
Ccng2,0.24766588209856058
Ccni,0.3694571663468365
Ccnl1,0.6389273556536307
Ccnl2,-0.17652543658371128
Ccnt1,-0.20227595048735345
Ccnt2,-0.022942713929690255
Ccny,-0.031559724218252413
Ccp110,0.426270077745093
Ccr2,0.8368354016309625
Ccr5,-0.08373923508324468
Ccs,0.7945371196840131
Ccser1,0.28707710311812834
Ccser2,0.8112137453002386
Cct2,-0.09009056037397421
Cct3,0.125440743926274
Cct4,0.2733513516294744
Cct5,0.4854253579337958
Cct7,0.2621676586883167
Cct8,0.5275894570810452
Cd14,0.9017433656217735
Cd151,0.9576668517660588
Cd164,0.523988935118531
Cd164l2,0.8944351667381795
Cd2,0.6860574703440928
Cd200,0.8382889900985586
Cd200r1,0.787747954319901
Cd248,0.9794726826111078
Cd24a,0.9052115942211566
Cd27,0.05062572226136138
Cd2ap,0.8825199880945644
Cd300lg,0.9896559769979991
Cd34,0.9926124729318978
Cd36,0.7257118683675812
Cd37,0.797775219378356
Cd38,0.8657670835043166
Cd3d,0.8930948956075352
Cd3e,0.950642978399877
Cd3eap,-0.13991015797127407
Cd3g,0.843378952382808
Cd40,0.8992587129985259
Cd46,0.2379642536796469
Cd47,0.8522416681226651
Cd52,0.9725514586605107
Cd53,0.8621718460464867
Cd59a,0.9500844530983947
Cd59b,0.9527554286749802
Cd63,0.8522448397466013
Cd68,0.9514441554255233
Cd7,0.5325465979026041
Cd72,0.9260250791462825
Cd74,0.9792868884739829
Cd79a,0.8296143982897232
Cd79b,0.8069579614069858
Cd81,0.8445314798831537
Cd82,0.6321404401552708
Cd83,0.8782747231988175
Cd8a,0.7531098071245356
Cd8b1,0.7454158867160925
Cd9,0.9358179067691457
Cd93,0.9560017229546525
Cda,0.9069004301910507
Cdc14a,0.941637912086472
Cdc20,-0.011214186019580024
Cdc25b,0.23136077611733408
Cdc26,0.1669644427913529
Cdc27,-0.13825101045688745
Cdc34,0.0824053540642875
Cdc37,0.601850007938029
Cdc37l1,-0.049759017839668324
Cdc42,0.7664860717953923
Cdc42bpa,0.5840716570938742
Cdc42bpb,0.43019179463536383
Cdc42ep1,0.8656213453881217
Cdc42ep2,0.8719833950522392
Cdcp1,0.41600653905815566
Cdh1,0.9597249918906721
Cdh11,0.7673315454156953
Cdh13,-0.08946251027405996
Cdh16,0.926978273903608
Cdh20,0.4006855142376998
Cdh3,0.6650879198870471
Cdh5,0.9842723707255843
Cdh6,0.053497745240302055
Cdip1,0.1601202953090978
Cdk1,-0.1494709477377297
Cdk10,0.5329934292240921
Cdk12,-0.2505446687863017
Cdk13,-0.16378294823248807
Cdk14,0.40270445851652964
Cdk2,0.02683140784321989
Cdk2ap1,0.3260741852917111
Cdk2ap2,0.8324768931686707
Cdk4,0.17089607635605908
Cdk5r1,0.07368600414330392
Cdk6,0.873745990338106
Cdk8,0.17006579180875336
Cdkal1,-0.05804971003103653
Cdkl1,0.8913734149364478
Cdkl3,0.3108621646441215
Cdkn1a,0.8066640022124117
Cdkn1c,0.9827279678683688
Cdkn2c,0.17597175871977921
Cdo1,0.9858158122003176
Cds1,0.9110354648478504
Cebpb,0.833262945595037
Cebpzos,0.47228428841291
Cela1,0.8683195039075405
Celf1,0.09599258923606874
Celf2,0.8129100683471536
Cept1,0.05051555831953979
Cerk,0.22440007178297913
Cerkl,0.19869901944227183
Cers2,0.08784326274228438
Cers4,0.5706507121553042
Cers5,0.25031660716555676
Cers6,0.7845555926428884
Ces1d,0.8551205214488579
Ces1f,0.7535164899450868
Ces1g,0.49079932650079033
Ces2e,0.9719710801769229
Cetn2,0.2627964127286579
Cetn3,0.78784356112021
Cetn4,0.583395187947953
Cfap126,-0.16018826120311322
Cfap20,0.7117773448270379
Cfap54,0.38247051864850085
Cfdp1,0.31377262596555977
Cfh,0.8176010210883886
Cfl1,0.8177096882342192
Cfl2,0.7187216579149508
Cflar,0.029757546383548862
Cgnl1,0.8203634123012138
Cgref1,0.9625134524237996
Chac2,0.6293567534336032
Chchd1,0.12148989950964356
Chchd10,0.9107250473537566
Chchd2,0.05946481809653858
Chchd3,0.6809653293805159
Chchd4,0.3150837271981029
Chchd5,0.27245807326038674
Chchd6,-0.1021405393380147
Chchd7,0.7936038777845592
Chd1,-0.4175315841267691
Chd2,-0.09872979328731504
Chd3,0.6102062052291648
Chd4,0.17930405264090313
Chd6,0.3862425077614607
Chd8,-0.0898306120435221
Chd9,0.05100393420386299
Chdh,0.6552357315402372
Chka,0.762898588598644
Chkb,0.2933051332729086
Chmp2a,0.5439800718432775
Chmp2b,0.4401885095786737
Chmp3,0.371954985788321
Chmp4b,0.3275062170412897
Chmp5,0.5704841427861274
Chmp6,0.27728151833705433
Chn1,0.5489972404072867
Chpf2,0.16259377266897088
Chpt1,0.9424289182432469
Chrac1,0.19105983834352333
Chrm3,0.6830341274762737
Chrna1os,0.5888621879599287
Chrnb1,0.964543839390236
Chst1,0.989093877373529
Chst11,0.3255345207248734
Chst2,0.8578818172884912
Chst9,0.828718190010173
Chuk,0.13506113661519936
Churc1,0.12290997054621819
Ciapin1,0.24386419080426544
Cib1,0.4644114101959256
Cideb,0.9580976830905197
Cir1,0.15371008904704728
Cirbp,0.4943179860143952
Cisd1,0.8531566767444413
Cisd2,0.22117744325709177
Cisd3,0.4712017597530406
Cited2,0.6119241619941697
Cited4,0.7847314189927209
Ckb,0.8340013586611041
Ckmt1,0.9086436715031596
Cks1b,0.5907875381795968
Cks2,0.6627303330512332
Clasp2,0.044365949474991985
Clca3a1,0.06245377492316406
Clcn3,0.5786794201317245
Clcn5,-0.012094877525461447
Clcnka,0.9562494066282495
Clcnkb,0.9359219571995113
Cldn1,0.7655035870816811
Cldn10,0.9339176338708127
Cldn12,0.5314513707360122
Cldn15,0.9872265967210143
Cldn16,0.9909464494047747
Cldn19,0.9599078838718768
Cldn2,0.9605901283116165
Cldn4,0.8748112062233258
Cldn5,0.9189214874976565
Cldn7,0.9435587339537552
Cldn8,0.9653805929460942
Cldnd1,0.7100163909210798
Clec11a,0.2038809805104018
Clec14a,0.9891227190686788
Clec2d,0.7119038905966997
Clec2h,0.8808440065161968
Clec3b,-0.14518457076238567
Clec4a3,0.9575878335751727
Clec4b1,0.889112615937936
Clic1,0.9156155670840881
Clic3,0.9796558354452803
Clic4,0.8387926507989077
Clic5,0.9913206113529999
Clint1,0.2087483390450194
Clip1,0.5446254281026396
Clk1,-0.08922454562827085
Clk4,0.0499231376016829
Clmn,0.7461568820404308
Cln3,0.5845746136428134
Clnk,0.5305356721322284
Clock,0.16797474863186757
Clpp,0.6916424019152518
Clptm1,0.3870524597877918
Clptm1l,0.396132950914646
Clpx,0.7024493922023536
Clstn1,0.8253545456151761
Clstn2,0.5079171285956637
Clta,0.6123536974954814
Cltb,0.7265305339743775
Cltc,0.13604103638480533
Clu,0.9287983782551112
Cluh,0.723540919018977
Clybl,0.613979608835265
Cmah,0.07955741665626735
Cmbl,0.9515536956352019
Cmip,0.2601903652130593
Cml1,0.7711943402241911
Cml3,0.9549980836031924
Cml5,0.646318899020969
Cmpk1,0.0858954215889294
Cmss1,0.08776739268111025
Cmtm4,0.5155003839698559
Cmtm7,0.8692765536670439
Cmtm8,0.9063672449323356
Cnbp,0.729152627874109
Cndp1,0.6883962441504715
Cndp2,0.565538807200988
Cnih4,0.680605171145939
Cnn2,0.8642586136977679
Cnn3,0.9476446238393814
Cnnm2,0.8103193344457265
Cnot1,0.23926910033297075
Cnot4,0.0787771988672314
Cnot6,0.19493567464041683
Cnot6l,0.20734193883567809
Cnp,0.7761748324036608
Cnppd1,0.04860621364652353
Cnpy2,0.583548418725741
Cntd1,0.7990430979241588
Coa3,0.7290943136272273
Coa5,0.20406174423217505
Coa6,0.474906352225225
Coa7,0.7382302780846886
Coasy,0.7662495034795077
Cobll1,0.6453041214181217
Cog5,-0.06205660751663249
Cog7,0.8503685732797934
Col11a1,0.6552196212724422
Col14a1,0.516101136632864
Col15a1,0.7411972046147888
Col18a1,0.9424673554675319
Col1a1,0.9549795354977383
Col1a2,0.8933708959802221
Col26a1,0.7616069184845982
Col27a1,0.6710098438390307
Col3a1,0.9218368064921223
Col4a1,0.8792384221173221
Col4a2,0.9593818074660422
Col4a3,0.7040322059544861
Col4a3bp,-0.20932365109966936
Col4a4,0.8237086597682601
Col4a5,0.5557964343693257
Col4a6,0.2257900500187155
Col5a2,0.897751135058558
Col6a2,0.450250366709889
Col6a3,0.9463035325631991
Col8a1,0.7977697329895729
Colec12,0.5860565023934101
Colgalt2,0.4748480565086551
Commd1,0.5234014390336633
Commd3,0.23331847101043993
Commd4,0.21974314179359775
Commd6,0.26205150049785225
Commd8,0.314427055005711
Commd9,-0.1498689266260028
Comt,0.7500020128031589
Comtd1,0.5047923639620688
Copa,0.4571192127462567
Copb1,0.11972370021479846
Cope,0.647009675378025
Coprs,0.5882130264958157
Cops4,0.03862358957546859
Cops6,0.19991439600761632
Cops7b,0.11703363655157227
Cops8,0.5621708879796002
Copz1,0.007794159755934153
Coq2,0.024985866156122347
Coq3,0.27787615244480834
Coq7,0.9296567681701242
Coq9,0.8453601160756928
Corin,0.9386925379731397
Coro1a,0.9598691389527132
Coro2b,0.9910214640515872
Cotl1,0.9360171029543211
Cox14,0.04035460661452259
Cox17,0.3292072256727343
Cox19,0.3809158945006582
Cox20,0.5245205462885104
Cox4i1,0.8952486545280065
Cox4i2,0.9968039637664905
Cox5a,0.6654168108902238
Cox5b,0.6732087245137984
Cox6a1,0.8777512066988984
Cox6a2,0.12462672908260443
Cox6b1,0.901665925922668
Cox6b2,0.3564735085596259
Cox6c,0.8598567991723469
Cox7a1,0.8851581502409844
Cox7a2,0.9148612731418175
Cox7a2l,0.4620320200807951
Cox7b,0.9082838530108476
Cox7c,0.8504467768312722
Cox8a,0.9050707921717571
Cox8b,0.07323646903527463
Cp,0.9264218478910633
Cpd,0.8504796302546016
Cpe,0.8914932046208008
Cpeb2,0.7949222500220773
Cpeb3,0.33650475381596723
Cpeb4,0.4711001384766835
Cped1,0.7033178519586933
Cplx2,0.8889446157040798
Cpm,0.7935911522895911
Cpne8,0.8068719335464911
Cpox,0.49495568882415397
Cpq,0.6818016280432553
Cpsf4l,0.807639605145615
Cpsf6,0.13145300458984888
Cpsf7,0.09681927481216196
Cpt1a,0.8148930177725539
Cpt1c,0.5765610939748976
Cptp,0.17450874240113712
Cr1l,0.2308765167618141
Cradd,0.28917051886254297
Creb3l2,0.6955544173410795
Creb3l4,-0.4015315170086914
Crebbp,-0.39676705222276776
Crebrf,0.25353049111109055
Creg1,0.717684923658868
Crim1,0.7836254600158847
Crip1,0.8660910765572275
Crip2,0.9262660925626424
Cript,0.17291160932414046
Crispld2,0.2639475202650974
Crk,0.45919672482135465
Crlf2,0.7820238120789046
Crls1,0.3914644488501459
Crot,0.35983806565546395
Crtam,-0.061435086859946815
Crtc3,0.6560080270156823
Cryab,0.8610326442679682
Cryl1,0.7772769855649982
Crym,0.9566329319647815
Cryz,0.8854903913117046
Cs,0.676157795795709
Csad,0.5406054345491406
Csde1,0.48983301628596143
Csf1r,0.9736599646294339
Csf2ra,0.9643076429365954
Csf3r,0.6228743161145869
Csgalnact1,0.6293597210616406
Csnk1a1,0.7712182677378385
Csnk1d,0.00897915802885241
Csnk1g1,-0.2769345912205427
Csnk1g3,0.14212437502458608
Csnk2a1,-0.12980124141005392
Csnk2b,0.25626672283038604
Cspp1,-0.0581102926089353
Csrp1,0.8591205127845696
Csrp2,0.891276233815792
Cst3,0.9051850995568095
Cstb,0.2924631686112469
Cstf3,-0.10857338481029143
Ctage5,-0.06152447220729229
Ctbp1,-0.0859142247987958
Ctcf,0.28002117599238485
Ctdsp2,0.4054591264436462
Ctdspl,0.7944071242670744
Ctgf,0.834620303567954
Cth,0.889243260473434
Ctla2a,0.8993210871489723
Ctnna1,0.9134372340854737
Ctnna3,0.6186394716249841
Ctnnb1,0.7235527681375999
Ctsa,0.8159040951422019
Ctsb,0.8472487976072619
Ctsc,0.8450556651348157
Ctsd,0.639071309178669
Ctsh,0.9068564193172752
Ctsl,0.9367092900673111
Ctss,0.9527190332048445
Ctsw,0.936072880713227
Ctsz,0.928256782369804
Cttn,0.6737693378272441
Cttnbp2,0.6115398046191929
Ctu1,-0.10339165369063093
Cubn,0.9444700234965581
Cuedc1,0.4205244072733391
Cuedc2,0.5535886983839708
Cul1,-0.26343159974724134
Cul3,-0.14462015997194877
Cul5,0.12288385249602163
Cul9,0.051118319631116356
Cuta,0.13163740931155524
Cux1,0.4290455335587753
Cux2,0.7053260358498262
Cwc15,0.2965964597652091
Cwc27,-0.1334147930951838
Cwf19l2,-0.05684594036090435
Cx3cl1,-0.06350277912717428
Cx3cr1,0.9331519080454701
Cxcl10,0.3180195810666538
Cxcl12,0.7769431209344394
Cxcl14,0.7508679981802817
Cxcl16,0.9063403659818051
Cxcl9,0.5887524898349908
Cxcr3,0.8088302923768967
Cxcr4,0.14471997938504122
Cxcr6,0.8236048107706767
Cxx1a,0.832097497224485
Cxx1b,0.8955219255014033
Cxxc5,0.6972846277263347
Cyb5a,0.8235538412907726
Cyb5b,0.8656455607403997
Cyb5r3,0.866977574756117
Cyb5rl,0.9480641370784808
Cyba,0.9023452469251138
Cybb,0.8615828644971909
Cyc1,0.9168920271587653
Cycs,0.797078396498642
Cyfip2,0.869424611736946
Cyhr1,0.5509523159459562
Cym,0.1325975570357876
Cyp20a1,0.738727979392415
Cyp24a1,0.6806136083501386
Cyp26a1,-0.061012838924246714
Cyp26b1,0.8681495177597286
Cyp2a4,0.8307116158819658
Cyp2a5,0.896100121337668
Cyp2d12,0.7731111040368164
Cyp2d26,0.9330032358437729
Cyp2e1,0.8280566482845358
Cyp2j11,0.9193608625782808
Cyp2j13,0.09166404023943776
Cyp2j5,0.8911709674562246
Cyp2s1,0.7246714551955706
Cyp2u1,0.6920017685428479
Cyp4a10,0.9597559598895251
Cyp4a12a,0.3427338086207097
Cyp4b1,0.7001519261367596
Cyp4v3,0.05446194749730036
Cyp7b1,0.424284628210396
Cys1,0.5332777755371484
Cystm1,0.9204933156762451
Cyth3,0.495320229211152
Cytip,0.6528327769416329
Cytl1,0.6725272805592806
Cyyr1,0.993562598927546
D030056L22Rik,0.18779435499741848
D15Ertd621e,0.6708230835592741
D17Wsu92e,0.12186790987739822
D5Ertd579e,0.11292321654146857
D5Ertd615e,0.5539126221110444
D630023F18Rik,0.9569169924546171
D630024D03Rik,0.8597147304695553
D630029K05Rik,0.8953207481199164
D630045J12Rik,0.47161035327394946
D7Ertd443e,-0.07095411718687188
D8Ertd738e,0.007713590937877755
Daam2,0.9189517428876656
Dab1,0.7730558365356042
Dab2,0.7102772051062745
Dab2ip,0.7938966498614307
Dach1,0.8571801389123235
Dad1,0.6874568692783505
Dag1,0.8415816226808805
Dagla,0.03287853338738776
Dalrd3,0.6262582851210103
Dao,0.8387865641793588
Dapk1,0.5564755488379254
Dapk2,0.23954436607117027
Dapl1,0.8786084977789675
Dazap1,0.1635945070800311
Dazap2,0.5819957191016699
Dbi,0.7054469311109537
Dbn1,0.6636242025246802
Dbnl,0.6544862850002395
Dbp,0.015177814892189381
Dcaf11,0.6499451792574327
Dcaf6,0.059478909682507894
Dcaf8,0.14767459946508982
Dcbld2,0.6208649622337521
Dclk2,0.027030889946992317
Dcn,0.32150423777529674
Dctn2,0.41731455632900505
Dctn3,0.5035633904291771
Dctn4,-0.1250118431228882
Dctn6,0.62132550151333
Dcun1d1,0.5397904044432775
Dcun1d3,0.20778528585324238
Dcun1d4,0.5201451517371904
Dcun1d5,-0.09135954789827284
Dcxr,0.8485593014056506
Dda1,0.34514726251569944
Ddah1,0.8217987830618277
Ddah2,0.8666793441595246
Ddb1,0.5320226170382177
Ddc,0.9323807717310433
Ddhd2,-0.05512415823726934
Ddi2,0.058482320158209054
Ddit4l,0.9221312794619719
Ddn,0.9995275793203086
Ddost,0.7544344733488857
Ddr1,0.8119243498295806
Ddr2,0.7643704352887231
Ddrgk1,0.35553699931932
Ddt,0.8393605366380709
Ddx1,0.38703305295891305
Ddx17,0.23655194567787816
Ddx18,0.18854433489084216
Ddx21,-0.046594121381531954
Ddx24,0.6625651186514252
Ddx26b,0.6180596927147999
Ddx27,0.1271108540082526
Ddx39b,0.3886442626422857
Ddx3x,0.3281534570677561
Ddx46,0.09462018811867356
Ddx5,0.5427581616800824
Ddx50,0.0580087894796043
Ddx6,0.421770376946369
Deb1,0.7819756184445916
Decr1,0.659242299929866
Def6,0.3986675196336056
Def8,-0.025913789205403777
Defb1,0.9503915270026722
Defb19,0.7355049727878604
Defb29,0.6058480146299834
Defb42,0.9919060341820954
Degs1,0.7645497125107539
Degs2,0.6748203791604
Dek,0.41935942234970597
Dennd1a,0.10543957880401687
Dennd1b,-0.270229828533458
Dennd2a,0.3892546860576803
Dennd2d,0.16248677844446816
Dennd3,0.40421356481981857
Dennd4c,0.09607269059270178
Dennd5b,0.5703223474754668
Dennd6a,0.31923816251186965
Denr,0.2793017555643282
Deptor,0.7765776813203586
Derl1,0.17428138896152245
Derl2,0.5734908024554451
Desi2,-0.10211757693459858
Dfna5,-0.10047785438103018
Dgat2,0.6563532338220396
Dgcr14,0.019427236065255635
Dgcr6,0.737874805503469
Dgkb,0.2918311487866493
Dgkq,0.11793674005087114
Dguok,0.4554730301139653
Dhcr24,0.4995471771526431
Dhrs3,0.8032328126389665
Dhrs4,0.8650902905418325
Dhrs7,0.6854061089211225
Dhtkd1,0.8970832382202939
Dhx15,-0.22229396353150507
Dhx30,0.359026435509127
Dhx34,0.7221074278231143
Diaph1,-0.2464605310688238
Diaph2,0.2308148511255503
Dido1,-0.13062305958478776
Dip2c,0.561504343483618
Dis3l2,0.23362009987004842
Dkk2,0.9511436207678454
Dkk3,0.9199575198650707
Dlat,0.7868080031320451
Dlc1,0.8184429500999291
Dld,0.7205453765581321
Dleu7,0.9279952362259051
Dlg1,0.42054577516040004
Dlg4,0.058013408792473554
Dlgap1,0.6208081953831167
Dlgap4,0.3412434377221635
Dlst,0.6687007738601581
Dmd,0.7910220283301242
Dmrt2,0.8424849970724182
Dmtn,0.5583976839263708
Dmxl1,0.7428895211035181
Dnah11,0.9075258733912025
Dnah12,0.7556140813578773
Dnah7b,0.686240116484212
Dnaja1,0.51002350530048
Dnaja2,0.013994776510622125
Dnajb1,0.09933047568304872
Dnajb11,0.5808803789632109
Dnajb6,0.22049704054595753
Dnajb9,0.22819705154373016
Dnajc1,-0.049241995234527824
Dnajc12,0.9115124926844133
Dnajc13,0.34476361992120197
Dnajc15,0.5070662291922748
Dnajc17,0.12330788793447997
Dnajc19,0.7390784713671812
Dnajc25,0.21875866750405235
Dnajc3,0.3899115449640766
Dnajc5,0.259219328954519
Dnajc7,0.5512028398482249
Dnajc8,0.7212259636446436
Dnajc9,0.6268448273668207
Dnase1,0.711591893544898
Dnlz,0.5528140762047508
Dnm1,-0.08692925915052456
Dnm2,0.16742902676629529
Dnm3,0.8769544461176817
Dnmbp,-0.06781809749661259
Dnmt3a,0.07900757107222842
Dnpep,0.7527784968758361
Dnph1,0.7124045841629061
Dock1,0.7460363274142777
Dock10,0.5260739810439978
Dock4,0.3548522410451871
Dock6,0.7400383335243488
Dock7,0.505827970709167
Dock8,-0.007019262231120752
Dock9,0.5148978451908206
Dok2,0.9317574983294472
Dok3,0.6893496672060426
Dok4,0.9005601980898711
Dopey1,-0.07956162619864726
Dopey2,0.45668369207456144
Dpcd,0.1378709079649117
Dpep1,0.8935280597563294
Dph3,0.27134862131793563
Dpm3,0.3091593835686765
Dpp4,0.9416067146889592
Dpy30,0.4136913053100841
Dpyd,0.793481861647124
Dpysl2,0.9421823882179896
Dqx1,0.3962484011576827
Dr1,0.0967772297798595
Dram2,0.6601388849459361
Drap1,0.41815123147644206
Drg1,0.20372913979178117
Dsg2,0.6947533587212819
Dsp,0.8442398351322844
Dst,0.8233089582648981
Dstn,0.8431533369299871
Dtd1,0.5123799242986065
Dtd2,0.6173187689368512
Dtna,0.3210184648166831
Dtnb,0.17474810652942774
Dtnbp1,0.15049131433227012
Dtx2,0.3194985327924071
Dtx3,0.4875711256265524
Dubr,0.43825795898247827
Dusp1,0.5071122554005806
Dusp11,-0.347697591239329
Dusp15,0.9856780720294201
Dusp19,0.0343426419992402
Dusp3,0.9050343337763996
Dusp9,0.9396485896251798
Dut,0.2238751905182332
Dvl1,0.2858181589332048
Dync1h1,0.4869959591059491
Dync1i1,0.9392730859393728
Dync1i2,0.6916997753581218
Dync1li1,-0.21837873157329116
Dync2h1,0.310713319723227
Dync2li1,0.6481707843197406
Dynll1,0.7143890532576408
Dynll2,0.5440080064000127
Dynlrb1,0.41770230547071935
Dynlrb2,-0.09217612801041153
Dynlt3,0.7665865227780251
Dysf,0.9797701276169036
E130102H24Rik,0.2495023841006592
E130308A19Rik,0.1599490110384557
E330013P04Rik,-0.057046618380652996
E530001K10Rik,0.5709017241566238
Eapp,0.3765777564579661
Ear2,0.5413027253550565
Ebf1,0.8155342976937674
Ebf4,0.022112718388656017
Ebna1bp2,0.47927686871956365
Ebp,0.23571356782513
Ece1,0.7231568063929151
Ech1,0.7372966678975305
Echdc1,0.3226369333154675
Echdc2,0.7116045575437094
Echs1,0.7841221127034234
Eci1,0.7637124835264272
Eci2,0.7752221838298735
Eci3,0.9416587675089549
Ecm1,0.8354133411131703
Ecscr,0.9869820759623784
Edar,-0.06025919470352617
Eddm3b,0.10591937441087297
Edf1,0.19676735106261817
Edil3,0.814065819597203
Edn1,0.9561051799226278
Ednra,0.982165513138158
Ednrb,0.9102594598115576
Eea1,0.39323202467796026
Eef1a1,0.8093742632178427
Eef1b2,0.7479375363161419
Eef1d,0.6330989372210686
Eef1g,0.651158742630002
Eef2,0.5861640316692972
Eefsec,0.033370425392981684
Eepd1,0.43920328650489093
Efemp1,0.8587736395981068
Efhd1,0.9642538994423986
Efhd2,0.9110905785879276
Efna1,0.9372021654680721
Efna5,0.5243380374223036
Efnb1,0.9552436871344329
Efnb2,0.8904659344478373
Efr3a,-0.3274721952079453
Egf,0.9621874068291703
Egfem1,0.4546188051797831
Egfl6,0.9379987144631989
Egfl7,0.9900449489435007
Egfr,0.36254942218747493
Egr1,0.3762794905945123
Ehbp1,0.02860067165480856
Ehd3,0.9428645099793093
Ehd4,0.9370075848643847
Ehf,0.8806371831525738
Ehhadh,0.7817984277072132
Ehmt1,-0.11453482134645407
Ei24,0.35518713132048857
Eid1,0.6143294338355884
Eif1,0.5047211295722056
Eif1ax,0.3633963439893129
Eif2s2,0.5203159385602834
Eif2s3x,-0.10013785276673548
Eif3a,0.22561476898761318
Eif3c,0.31743120498935085
Eif3e,0.7908603639402981
Eif3f,0.8764939641927153
Eif3g,0.6535539117025959
Eif3h,0.7572338154596729
Eif3i,-0.035369136756683656
Eif3j1,0.09054514109178188
Eif3j2,0.08922251149524922
Eif3k,0.4917106079108223
Eif3m,0.8251585470093735
Eif4a1,0.775340001033949
Eif4a2,0.7967036689490179
Eif4a3,0.5346213008307346
Eif4b,-0.29103819667975156
Eif4e,0.3715398352025791
Eif4g1,-0.02043673005534167
Eif4g2,0.3184506373737227
Eif4g3,0.01608633225699339
Eif4h,0.3966125644594059
Eif5,0.5611293115441645
Eif5a,0.7505245657312528
Eif5a2,0.25591682408962324
Eif5b,0.3461200994632242
Eif6,0.46465908449719945
Elavl1,-0.2632873832190328
Elavl3,0.46543693187637253
Elf1,0.4430094636397823
Elfn1,0.7902821986409877
Elk3,0.8909481388258866
Elmo1,0.6023294646034467
Eln,0.9731252195249768
Elof1,0.4670239602414272
Elovl1,0.41427782770527066
Elovl7,0.8965981710031873
Elp4,0.3632814521250122
Emb,0.7630660132010275
Emc10,0.5946902191901934
Emc2,0.6373908100341424
Emc4,0.7632309194497101
Emc6,0.5087896624107149
Emc7,0.7851537615001488
Emcn,0.9765319985056514
Emg1,0.645066828677502
Emid1,0.8559738513387352
Emilin1,0.8872766164208633
Eml1,0.9280276488403104
Eml2,0.9550966727886616
Eml4,0.329989632754257
Eml5,0.13903838266174406
Eml6,0.21381930792008286
Emp1,0.786581833666117
Emp3,0.8857821760747141
Emsy,0.07069463004784984
Emx1,0.9187365386400126
Enah,0.76224819520801
Endog,0.6888915247552913
Eng,0.908323109817949
Enkur,0.32893063786311205
Eno1,0.38701439505643404
Eno1b,-0.044316032036856655
Eno2,0.6538395595459718
Enox1,0.9741578385524114
Enox2,-0.1544481624352958
Enpep,0.9862595965353435
Enpp1,0.6892988802821153
Enpp2,0.7876796672312321
Entpd5,0.6475657196200093
Eny2,0.3781002840113686
Eogt,0.8387777768511054
Ep400,-0.25690853773221983
Epas1,0.9588251526836393
Epb41,0.37411379520837645
Epb41l1,0.6553966303379742
Epb41l2,0.6572225987788494
Epb41l3,0.6422310942987783
Epb41l4a,0.5986912385114214
Epb41l4b,0.9507891534367029
Epb41l5,0.6661132812303776
Epc1,-0.29974354680143167
Epcam,0.9411708465763016
Epha4,0.9113983283049547
Ephb2,0.2080576840509943
Ephb4,0.8662695460689911
Ephx2,0.8962537897551097
Epn1,0.46926847861631055
Epn3,0.8529771849989449
Epor,0.9504877192059726
Eps15l1,0.02267087487886613
Eps8,0.8628477986419477
Eps8l2,0.821178089638731
Epsti1,0.0014379303686653838
Erbb2ip,0.19429329294421255
Erbb3,0.6746932471060301
Erbb4,0.9367681122739233
Erc1,0.10381885980466977
Erc2,0.1489275246126086
Erdr1,-0.1060635495991551
Erg,0.9231647210730662
Ergic2,0.3513376680205281
Ergic3,0.5533556782103455
Erh,0.5310642378193912
Eri3,0.47575005337366
Erich4,0.929907543375565
Erlin1,0.12290463241779782
Ermard,-0.08930438011627352
Ermp1,0.7692457948587175
Erp29,0.7599424902952067
Erp44,0.4772872659225873
Errfi1,0.8067101232000023
Esam,0.977111891162318
Esd,0.6221179862558939
Esf1,0.20048080874855373
Esm1,0.9470594834538095
Espn,0.723076848367943
Esrp1,0.7598344357063612
Esrra,0.6456884544427286
Esrrb,0.9057427187602495
Esrrg,0.2095250147103927
Esyt2,0.17817518706297739
Etfa,0.8115914642046554
Etfb,0.6144755332188386
Etfdh,0.47448486483817714
Ethe1,0.7860682126758611
Etl4,0.7746557381506212
Etnk1,0.7561288496022464
Ets1,0.944914780542606
Ets2,0.8842345004835205
Etv1,0.8216582943717297
Etv4,0.3723990948152409
Etv6,-0.1371812696344237
Eva1a,0.7340944672716911
Eva1b,0.8852722985822205
Evi5,0.5708206910207222
Ewsr1,0.019597290412824757
Exoc3l,0.9956161599585477
Exoc3l2,0.9968895422510549
Exoc3l4,0.9143303605047951
Exoc4,-0.13386328760285895
Exoc6,-0.2473953690550381
Exoc6b,-0.1814308566990052
Exosc4,0.22394527725623514
Exosc7,0.21873519811349246
Exosc8,0.5174300364995414
Exph5,0.7950582265725581
Ext1,0.33369099012006287
Ext2,0.7204280495222661
Eya2,-0.11589613285469888
Ezr,0.8299715982036386
F11r,0.8801380936944698
F13a1,0.4927760149034664
F2r,0.8859171362684276
F2rl3,0.07883656163858403
F630028O10Rik,0.9753214308885705
F8,0.9582106448321985
F830016B08Rik,0.37836680904593095
F8a,-0.05632117451780836
Fa2h,0.9438882464665436
Fabp3,0.9433338097537716
Fabp3-ps1,0.7819298477497778
Fabp4,0.9739461262829876
Fabp5,0.9137945270938167
Fabp7,0.7364776548455033
Fads6,0.9829287788602881
Faf1,0.24348923233059988
Fah,0.8096000607396601
Fahd1,0.8607842528836464
Fahd2a,0.8087043150655473
Fam101b,0.9420355437233783
Fam103a1,0.19453779906180657
Fam104a,0.0015244858356418237
Fam107b,0.34918286722188857
Fam110a,0.8394763575341596
Fam114a2,0.35031812414143376
Fam117b,0.8505581040374786
Fam120a,0.04631375445175434
Fam120b,-0.04508534045591383
Fam124a,0.8230031378991283
Fam132a,0.8584819344867581
Fam133b,0.41318523923870554
Fam134b,0.7037408005674023
Fam135a,0.16995107717660757
Fam136a,-0.002813217207184513
Fam13a,0.8819710542860855
Fam149a,0.5337892199784207
Fam151a,0.9778065348970123
Fam162a,0.7462335170736625
Fam167b,0.9836836039565546
Fam168a,0.25223566678824955
Fam171a1,0.8381048568707858
Fam171a2,0.640672125245086
Fam172a,-0.2589096356582877
Fam173a,0.28333718716024925
Fam184b,0.3487014126534357
Fam189b,0.7797174270780608
Fam193a,-0.0030383510035323327
Fam193b,0.21357353009161928
Fam195a,0.9434936235412601
Fam195b,0.523283783945642
Fam198b,0.60518961687195
Fam199x,0.09360438719298475
Fam19a1,0.5406334243834325
Fam204a,0.46629570301440193
Fam208a,-0.1180690254298232
Fam212a,0.6862262673178808
Fam213b,0.7515439815635361
Fam214a,0.046622339249139014
Fam219a,0.7569132159216987
Fam221b,-0.043362389966774245
Fam222a,0.9582255653941659
Fam234a,0.33189723379988084
Fam234b,0.6279017263178818
Fam32a,0.0863895898537245
Fam35a,-0.20424225106384788
Fam43a,0.9436277522042731
Fam49b,0.8581296167634523
Fam58b,0.43781615704712995
Fam63a,0.7831944278095138
Fam63b,0.6779217850534536
Fam65b,0.7446453425276066
Fam78b,0.2774845770153054
Fam81a,0.7537541257151255
Fam83f,0.03223879628643122
Fam83g,0.8992946144314587
Fam84a,0.7221471693667825
Fam84b,0.4079785753511061
Fam96a,0.19301749141276994
Fam96b,-0.11805254387966391
Fanca,0.7310822629668644
Far1,0.08033162395538167
Farp1,0.7160037252082874
Fars2,0.5296972935271826
Fas,0.8663365567259099
Fastk,0.6007469707953043
Fat1,0.9431914449326223
Fau,0.8172830360430615
Fbln5,0.2234017336200288
Fbln7,0.9111648506422922
Fbn1,0.7872144092577521
Fbp1,0.8954717322924028
Fbp2,0.9381189979189793
Fbxl14,0.0938071891634244
Fbxl17,-0.1576471909892243
Fbxl20,-0.07155251346023334
Fbxl3,0.2989389859523085
Fbxo11,0.03492215462326325
Fbxo17,0.333136945150426
Fbxo3,0.03019539791770452
Fbxo33,0.3411269580791127
Fbxo36,0.31415984131507746
Fbxo44,0.782853744969985
Fbxo6,0.6583712904761523
Fbxo7,0.39520602364254703
Fbxo9,0.6196942232172281
Fbxw10,-0.20469781575079748
Fbxw11,-0.09011872541020949
Fbxw2,0.37557706344642455
Fbxw4,-0.013113377699285963
Fbxw5,0.07611452003367444
Fcer1g,0.928841680992271
Fcer2a,-0.027261767070456338
Fcf1,0.1710368372971985
Fcgr2b,0.7804558109433272
Fcgr3,0.9700574707512615
Fcgr4,0.8274190780785567
Fcgrt,0.8913583306735514
Fcho1,0.7615614293636711
Fcho2,0.3809139827504615
Fchsd1,-0.045358295346954264
Fchsd2,0.15857966150646607
Fcmr,0.7152687208820724
Fcor,0.1281119684023006
Fdx1,0.7341249383095952
Fdxr,0.04905573956195594
Fermt2,0.8557882060523878
Fez2,0.7780303577151635
Fgd4,0.29840631895674735
Fgd5,0.9544564094354766
Fgf1,0.8392517132228311
Fgf12,0.4016000288942363
Fgf9,0.7567998425555814
Fgfbp1,0.9941264729449144
Fgfr1op2,0.20658102767765446
Fgfr2,0.11950642650205158
Fggy,0.7883163206093715
Fgl2,0.8535347659371383
Fh1,0.6933009714933761
Fhit,0.6629915443463493
Fhl1,0.9404324994645404
Fhl2,0.8961063718908113
Fhod3,0.7444687160428357
Figf,0.93026192594781
Fign,0.7033772912183001
Filip1l,0.9494821889929362
Fip1l1,0.06956128839424022
Fis1,0.21514618239924535
Fkbp11,0.838486743437815
Fkbp1a,0.8178266670924756
Fkbp2,0.7004431670549789
Fkbp3,0.6221276306607942
Fkbp4,0.5370309058770523
Fkbp5,-0.13150886664303382
Fkbp8,0.2840377016583155
Fli1,0.6833050519219973
Flna,0.8050936456380117
Flnb,0.5719288666545497
Flrt2,0.9732086474841078
Flt1,0.9337675649117123
Flywch2,0.8135694748899053
Fmn1,0.4507835992102994
Fmnl2,0.5548222489260813
Fmo1,0.9323620908702839
Fmo2,0.8251237569403986
Fmo5,-0.08930663781979405
Fn1,0.6716840246173591
Fn3krp,0.2029041321619801
Fnbp1,0.3883265398172446
Fnbp1l,0.6994418957963935
Fnbp4,-0.20375894313845266
Fndc3a,0.3081241760765166
Fndc3b,0.779529507649075
Fnip1,0.37189956861631634
Fnip2,0.6812513311093741
Fnta,0.4409283707713589
Folh1,0.88648526396971
Folr1,0.8574736571317507
Fos,0.31613707783188616
Fosl2,0.3902736058900485
Foxc2,0.9984511429969114
Foxi1,0.5597900296622289
Foxj3,0.060200105712351695
Foxn3,0.07114391463384376
Foxo1,0.43812435881232525
Foxo3,0.3271852360938742
Foxo4,-0.09808170261475041
Foxp1,0.8735883864939419
Foxp2,0.526651215291836
Foxq1,0.8838019720676732
Fpr2,0.5371092739948221
Fras1,0.7236073763388724
Frg1,0.33682405594353193
Frk,0.850309144033523
Frmd4a,0.8549902461253853
Frmd4b,0.40004504266542673
Frmd8,0.37479325018054044
Frmpd4,0.3344989271995568
Frrs1,0.5796144426591849
Fry,0.8239430094950031
Fryl,0.3101250649507249
Fscn1,0.7172467728470747
Fst,0.003948460697244947
Fstl1,0.9144764605314165
Fstl3,0.8548263777515026
Fth1,0.7041609047627506
Ftl1,0.7970327951342826
Fto,0.06158452592156148
Ftx,0.07444797190905958
Fubp1,0.15639101523834473
Fuca1,0.7648532626901694
Fuca2,0.7618922721323454
Fuk,0.24267740611865646
Fundc1,-0.17697197459662564
Fundc2,0.28306327236433143
Fuom,0.7918815317632227
Furin,0.17679723228391198
Fus,0.40566224610931045
Fut8,0.02331294087067893
Fut9,0.7306168921514994
Fxr1,0.339529911403788
Fxyd1,0.9989374103333055
Fxyd2,0.8247773259341495
Fxyd4,0.9506271446035173
Fxyd5,0.9747773640207673
Fyb,0.9242254627165811
Fyco1,0.5823212250380166
Fyn,0.799586196194017
Fyttd1,0.6371691333996846
Fzd4,0.9275483247646324
Fzd7,0.9071000330678893
G3bp1,0.6641649158319325
G3bp2,-0.12637819764144428
G6pc,0.9437849984741802
Gab1,0.38421118925554043
Gab2,0.05042384879681742
Gabarap,0.3535787329781122
Gabarapl1,0.9362745594673623
Gabarapl2,0.40400269330714816
Gabpb2,-0.16686168652457764
Gabrb1,0.7874904621311405
Gabrb3,0.5567998460483642
Gabrg1,0.3915522376879291
Gadd45a,0.9538074339055447
Gadd45g,0.45366727665077505
Gadd45gip1,0.39319245329104696
Gal3st1,0.9537415658810874
Galc,0.11479726640045357
Galns,0.6220183812256345
Galnt1,-0.052706704236958155
Galnt10,0.9539524474620674
Galnt11,0.6910297658870275
Galnt14,0.7938882204024491
Galnt18,0.802735859782043
Galnt3,0.45839684978854406
Galnt4,0.3808242224122806
Gapdh,0.3025927416439044
Gapvd1,-0.006130366954881661
Gar1,0.31060221916673714
Garem,0.30380931512308346
Gas2,0.8857613397557966
Gas6,0.888371611549961
Gas7,0.5661571117462262
Gata2,0.9796381804387689
Gata3,0.8216849991197795
Gata6,0.43742031974241447
Gatad1,0.4606365516844442
Gatad2a,-0.10477473944147035
Gatad2b,0.20308185277543045
Gatm,0.9154345430989285
Gatsl2,0.7790301338587657
Gba2,-0.231155521007666
Gbas,0.9020348463179462
Gbe1,0.1605071022538673
Gbf1,0.029389116587134532
Gbp2b,0.36866410778210223
Gca,0.8643472845264873
Gcat,0.7444072094142317
Gcdh,0.8777388271652753
Gcgr,0.8756912205064623
Gchfr,0.8072961301399417
Gclc,0.7906889638295078
Gclm,0.8276559700698919
Gcn1l1,0.23764945922135847
Gcnt1,0.7652696758232772
Gcnt2,0.5999696774156871
Gcsh,0.8327668771192627
Gde1,0.8440264103920978
Gdf15,0.6741823990343204
Gdi1,0.3431034498892352
Gdi2,0.3502344963187617
Gdpd3,0.20239383098984265
Gemin6,0.2155637762702889
Gemin7,0.5281102711957025
Gfm1,0.6375224099531881
Gfod2,0.6811308588874412
Gfpt1,0.5231631508917189
Ggh,0.4767017892160049
Ggnbp1,0.7607484509683681
Ggnbp2,0.09430264620575869
Ggt1,0.8585842179788754
Ggt5,0.9301748060407654
Ghitm,0.6335993581096817
Ghr,0.5769065242321271
Gigyf1,0.08624136501894211
Gigyf2,0.4883304919661726
Gimap1,0.9686341073270585
Gimap3,0.8507614624045426
Gimap4,0.8969669067309481
Gimap5,0.8918035994434518
Gimap6,0.9167520321371261
Gimap7,0.829137822098754
Gimap8,0.713801016224218
Gipc2,0.8840789587120518
Git1,0.018796454593423214
Git2,0.17397954778982977
Gja1,0.9604447741485798
Gk,0.8495362009984393
Gkap1,0.6863946309056738
Glb1,0.521839238935127
Glb1l,0.7981917060841645
Glg1,0.4203789955633631
Glis1,0.751660921019826
Glis2,0.8182950257639283
Glis3,0.6156129457180396
Glmp,0.42050855636740825
Glo1,0.690565227375591
Glod4,0.22576134240756265
Glod5,0.9609207121855581
Glrx2,0.39276176473446617
Glrx3,0.0011784784135725635
Glrx5,0.3176467855135389
Gls,0.8413090447281725
Glt1d1,0.1403021545252619
Glt8d1,0.3030201304989082
Gltscr2,0.5299327313210763
Glud1,0.5107975836150177
Glul,0.8445842695940053
Glyat,0.8889954190406448
Glyctk,0.9504098917773421
Glyr1,0.08227886283765026
Gm10036,0.11209107610695698
Gm10053,0.6768884575220133
Gm10073,0.7041797905771838
Gm10076,0.26646656870276914
Gm10093,0.07627091792513405
Gm10094,-0.0583845108931716
Gm10116,0.4302136867365573
Gm10260,0.6350374268438701
Gm10282,0.27646751852992774
Gm10320,-0.024558577296790174
Gm10605,-0.09389147941927409
Gm10639,0.9244318845538614
Gm10709,0.08215856129138138
Gm10804,0.9086352005461713
Gm11128,0.9636161159742465
Gm11273,0.549073198461804
Gm11707,0.5042251781816715
Gm11789,0.7919915244192745
Gm11808,0.42572107927216335
Gm11837,0.5906434458809986
Gm12002,0.9767045574224685
Gm12166,0.41286063279343393
Gm12216,0.2760893554537682
Gm12326,0.9623402847158419
Gm128,0.4835847037287399
Gm12927,0.9735261284710911
Gm13075,0.4666843888708681
Gm13262,0.7875798725161844
Gm13420,0.45720201930418
Gm13822,-0.1284898126036325
Gm14091,-0.01668087600124894
Gm14399,0.20358771019169386
Gm14964,0.8060883664839598
Gm15217,0.9298050128490134
Gm15241,0.9161288333080553
Gm15638,0.9629918965132982
Gm15706,0.23251641850421773
Gm15800,-0.0471786499536893
Gm15848,0.9229220062453521
Gm15883,0.4837417291209223
Gm15895,0.09957394478335033
Gm15915,0.6735236415134231
Gm16006,0.036626580826960076
Gm16124,0.01926862385740087
Gm16141,0.28745306872157267
Gm16223,-0.023913309986386074
Gm16286,0.4291827800042084
Gm16503,0.03688364280637036
Gm16548,0.051581121544217165
Gm16586,-0.00766486267932218
Gm16685,-0.10533433896989511
Gm17225,0.3904815817483501
Gm17276,0.12511791339244485
Gm17634,0.7935624366139992
Gm17750,0.79761946500667
Gm19412,0.6270665102300211
Gm2000,0.49007668135266175
Gm20696,0.5446745752967934
Gm20732,0.0774363944006279
Gm21092,-0.09173547206028446
Gm2115,0.8709699481110788
Gm21887,-0.16873431283405527
Gm21967,0.5046268675485939
Gm21988,0.188889106588346
Gm21992,-0.05035930604008504
Gm26522,0.679764950040954
Gm26532,0.7544397418142318
Gm26542,0.7108521686612558
Gm26632,0.31250327734110184
Gm26688,0.17285983201355434
Gm26699,-0.19167433533504444
Gm26733,-0.0314321092003077
Gm26759,0.34905275295194105
Gm26826,-0.13263577563316292
Gm26847,0.029244812345550316
Gm26917,-0.1616966921437605
Gm27239,0.8145909411947706
Gm28151,0.19446090062321725
Gm28809,0.24718737426777196
Gm2a,0.8814296565762562
Gm3336,0.5967978124628346
Gm37240,0.40385532600672275
Gm37245,0.28990915791397587
Gm37584,0.03223591731118768
Gm38399,0.757528264574003
Gm4208,-0.05775234632246075
Gm42418,-0.12369469272668657
Gm43568,0.354571686958847
Gm44037,-0.036935028045479476
Gm44053,0.22575600359161077
Gm44386,0.8625373698779449
Gm4450,0.9642904643538287
Gm4737,-0.09329014756771062
Gm4799,-0.07839707658854762
Gm4876,0.7256918815333627
Gm4951,0.9037104367717227
Gm4952,0.592949213615368
Gm5424,0.957524991086552
Gm561,0.5837782798932657
Gm5617,0.6500707314789452
Gm5900,0.2930783835978992
Gm5914,0.11137733571263587
Gm6277,0.673282527011639
Gm6483,-0.15648802681263113
Gm6563,0.24102705984713266
Gm6878,-0.06078619547369284
Gm7325,0.8746300551985391
Gm773,0.5805042437956284
Gm7879,-0.09548866260636504
Gm8126,0.4874404254689913
Gm8186,0.4104542357003695
Gm8369,0.9216123210122048
Gm853,0.4652024092892246
Gm867,0.90209548834498
Gm8730,0.6032065202361268
Gm906,-0.037277893012044594
Gm9493,0.5032777733036488
Gm9843,0.7866485251858581
Gmds,0.3119266292447488
Gmfb,0.034715710502572106
Gmfg,0.623817582133622
Gmnn,0.07394998585855708
Gmpr,0.8372922349070526
Gna11,0.8095478780095366
Gnai1,0.4094651642652395
Gnai2,0.9439408899741404
Gnai3,-0.029465255598498115
Gnaq,0.3345164610050416
Gnas,0.8296500252210489
Gnaz,0.761942752729982
Gnb1,0.6257808333358521
Gnb2,0.7710448287453293
Gnb2l1,0.8619382634952255
Gng11,0.9526469431990349
Gng12,0.8333185654380636
Gng5,0.7089182673942094
Gng7,-0.13309010292528042
Gngt2,0.9421620464224016
Gnpda1,0.6827794482958306
Gnpnat1,0.4162459964275483
Gns,0.36296392849039033
Golga4,0.28427249814068206
Golga7,0.3586579184113749
Golgb1,0.6537772373818439
Golim4,0.9733516567828205
Golph3,0.06923018151108465
Gon4l,-0.15476815364626664
Got1,0.7596714373413579
Got2,0.6637203473679254
Gp2,0.7895918053939203
Gpatch2,-0.36563191822489055
Gpatch8,-0.3053955706083021
Gpbp1,-0.0347140275442227
Gpbp1l1,-0.43615325884859596
Gpc3,0.8660110080673431
Gpc4,0.6809364745000911
Gpc5,0.35057092383228244
Gpc6,0.9926649261607506
Gpcpd1,0.002710971274003784
Gpd1,0.9111428383389419
Gpd1l,0.3220529618610099
Gphn,0.49413745682456817
Gpi1,0.4008188456816486
Gpihbp1,0.9675155370835972
Gpm6b,0.5332920988946372
Gpr137b,0.7018329106607867
Gpr161,0.17557119574126162
Gpr162,0.6252068316438447
Gpr173,0.33615258571026374
Gpr39,0.3276229725799566
Gprc5b,0.8636745254560356
Gprc5c,0.8047513209352936
Gps2,0.3111529953722758
Gpsm1,0.46165155352440995
Gpsm3,0.9048782952477226
Gpx1,0.8460266991594105
Gpx3,0.7919596612098975
Gpx4,0.7697022331193797
Gpx6,0.9661388006283493
Gpx8,0.7436885122593888
Gramd1b,0.1978714532502592
Grasp,0.9801973299264135
Grb10,0.009296622673832855
Grb14,0.8068098162813396
Grb2,0.5596279295604802
Grb7,0.6676465058584558
Grcc10,-0.13271892940020547
Greb1,0.5178516224323932
Greb1l,0.8306805204366816
Grem2,0.38888126669011963
Grhl2,0.7084965712908523
Grhpr,0.7932370425826458
Gria3,0.38321100553534027
Grik5,0.3872703787076855
Grin3a,0.33234674740345027
Grina,0.5966567433054454
Grip1,0.31913953893257474
Grk5,0.26311155529355096
Grn,0.8943657598550225
Grpel1,0.4374343682703085
Grpel2,0.5677132093571841
Grrp1,0.9888679771967895
Gsk3b,0.16643069258215748
Gsn,0.9140533673111021
Gspt1,-0.017453994917708823
Gsr,0.41312818754800507
Gss,0.8359758282644164
Gsta1,0.938991603509644
Gsta2,0.6687804885429877
Gsta3,0.37412860875491627
Gsta4,0.9043130374153189
Gstm1,0.7209938009501752
Gstm2,0.8092387666940661
Gstm5,0.785498675704261
Gstp1,0.34183942550954255
Gstt1,0.9451067156356783
Gstt2,0.7880433142110286
Gstt3,0.7575373858724085
Gstz1,0.7791631514762353
Gt(ROSA)26Sor,0.2558208983267264
Gtdc1,-0.2025983066681545
Gtf2a2,0.3477714800843817
Gtf2h5,0.3873932461674173
Gtf2i,0.7236582299276003
Gtf3c4,0.13026566018384
Gtpbp2,0.07117318170969607
Guca2a,0.9911146992251826
Guca2b,0.7978800696781111
Gucd1,0.730118857712714
Gucy1a2,0.6047597628204688
Gucy1a3,0.9986780243259609
Gucy1b3,0.9962683660798461
Guk1,0.4394202312924133
Gulp1,0.4042082057533099
Gyltl1b,0.17896416490511183
Gys1,0.7800471895433304
Gzma,0.9934364285570934
H13,0.3348681995208895
H1f0,0.799339856483155
H1fx,0.8882677152569033
H2-Aa,0.9471864713493451
H2-Ab1,0.9530280937241453
H2-D1,0.9448138527538505
H2-DMa,0.9164656280317982
H2-DMb1,0.9751976813358715
H2-DMb2,0.6825184129904113
H2-Eb1,0.9568776154437802
H2-K1,0.8979126772879096
H2-Ke6,0.6105536883419547
H2-Oa,0.6122436320855416
H2-Q10,0.2811139016575851
H2-Q4,0.7703212504059627
H2-Q6,0.9423071320644603
H2-Q7,0.9418410246136807
H2-T23,0.9545558035854114
H2afj,0.532690570413819
H2afv,0.49801141735462534
H2afy,0.7667721708147961
H2afz,0.6567750057644196
H3f3a,0.7457598887072987
H3f3b,0.8646795957855838
Haao,0.896288797128684
Habp2,0.6408741409695973
Habp4,0.4033585512519787
Hacd2,0.6149233593215091
Hadh,0.8431288271750157
Hadha,0.8232899458121562
Hadhb,0.6988727341056555
Hagh,0.8755337024799704
Hao2,0.8088646885752777
Hapln3,0.3985486087855848
Hax1,0.33377709043247816
Hba-a1,0.035083348937399256
Hba-a2,-0.15260760882588623
Hbb-bs,-0.012721834297505537
Hbb-bt,-0.18056890988839996
Hcar1,0.27242361027662265
Hccs,-0.20753477245588894
Hcfc1r1,0.6098904861587103
Hcls1,0.8127947057666255
Hcst,0.8966723464535795
Hdac11,0.5264544917547025
Hdac2,0.31153326864893394
Hdac7,0.6325009258353037
Hdac8,0.3270599774770217
Hdc,0.1452224796112487
Hddc3,0.48333212088322547
Hdgf,0.200149087617079
Hdgfrp3,0.6509419820175343
Hdhd3,0.17092656349604501
Hdlbp,0.677913393550432
Hectd1,-0.02872075057092425
Hecw2,0.9225629782634355
Heg1,0.9818414816603767
Hells,0.4418737518700432
Hepacam2,0.9354291821601449
Heph,0.11894064484561276
Herc1,0.10537426245101679
Herc3,0.055147064925349175
Herc4,-0.2799208819071375
Herpud1,0.3283330917480684
Hes1,0.8917743568001706
Hes6,0.18597181248796463
Hexa,0.9196601967132748
Hexb,0.9596716996262136
Hfe,0.9315229472781694
Hgd,0.9405901183508243
Hibadh,0.7145784123981258
Hif1a,0.7281051215555905
Higd1a,0.6350558700118312
Higd2a,0.6324478801105753
Hint1,0.49010814040837414
Hint2,0.7226331438623416
Hip1,0.9007464177620849
Hipk1,0.14527066418925874
Hipk2,0.5975552201475149
Hist1h1c,0.7976243589926088
Hist1h2al,0.7701453584995767
Hist1h2bc,0.9068331550606941
Hist1h4h,0.6348634195057699
Hist2h2bb,0.08232519038183655
Hist4h4,-0.07208134320258627
Hivep2,0.021403303075939812
Hk1,0.7537053744037141
Hlf,0.8193732849406344
Hmbs,0.2297816555906469
Hmg20a,0.17225649922628966
Hmg20b,0.6253791248465033
Hmgb1,0.39971813164348674
Hmgb2,0.5269810427672985
Hmgb3,0.5099892733873638
Hmgcl,0.6806790355985596
Hmgcll1,0.8889890275054316
Hmgcs1,0.8082690975924487
Hmgn1,0.712026737492722
Hmgn2,0.22963071805169352
Hmgn3,0.6809258325311521
Hmgxb4,0.17151667208033505
Hmha1,0.9232683698530355
Hmox1,0.5292926123515739
Hmox2,0.39845145489347233
Hmx2,0.8120055163324055
Hn1,0.8172155469147846
Hn1l,0.5644072905334616
Hnf1aos1,0.14254280996675217
Hnf1b,0.5343957275566336
Hnf4a,0.8693555945528166
Hnf4aos,0.9073737591404187
Hnf4g,0.3945277240705464
Hnmt,0.7726941619821991
Hnrnpa0,0.3908544883183901
Hnrnpa1,0.6006087131178984
Hnrnpa2b1,0.17347991317944217
Hnrnpa3,0.4091538724184314
Hnrnpab,0.2680709142410977
Hnrnpc,0.05556903324270009
Hnrnpd,0.36437351090586895
Hnrnpdl,0.003971540460212702
Hnrnpf,0.7837523323868892
Hnrnph1,0.4214169586783148
Hnrnph2,0.331230765972481
Hnrnph3,0.21625505591918137
Hnrnpk,0.3979868825162738
Hnrnpl,0.4345015556064737
Hnrnpm,0.5932195039478918
Hnrnpr,0.15731904773188496
Hnrnpu,0.11812099005474874
Hnrnpul2,-0.023400077985966432
Hoga1,0.8854328929040116
Homer3,0.8628110636528729
Hook1,0.8264486445280406
Hook3,0.0103193497003524
Hopx,0.9067869034470741
Hotairm1,0.7499067121892752
Hoxa5,0.4095760164522277
Hoxa7,0.863768682822919
Hoxa9,0.6842519694243377
Hoxb2,0.7091562083684946
Hoxb3,0.2178304482812011
Hoxb3os,0.8586213014927042
Hoxb5,0.3149920519638781
Hoxb5os,0.9268825665508582
Hoxb6,0.7228156903090954
Hoxb7,0.7924373527265137
Hoxb8,0.8969398999982734
Hoxc4,0.8813800815483163
Hoxc9,0.765391726009179
Hoxd10,0.6744063976768842
Hoxd3,-0.015401060374857216
Hoxd3os1,0.6117884274550478
Hoxd4,0.13796788811998506
Hoxd8,0.9371460626012206
Hoxd9,0.9529079739083438
Hp,0.7904560373209368
Hp1bp3,0.47388048689978873
Hpcal1,0.6344295894146177
Hpd,0.8609539624924171
Hpgd,0.8587177104841297
Hpn,0.8958308125515434
Hprt,0.26381660882205615
Hps3,-0.06578673380182504
Hras,0.7150748472092718
Hrasls,-0.15572743592744592
Hrsp12,0.8857195305376062
Hs3st3a1,0.9946152577890407
Hs3st3b1,0.7978453251969189
Hs3st6,0.9953137858925204
Hs6st1,0.5815599367440819
Hsbp1,0.6259623096984643
Hsd11b1,0.7913030287988229
Hsd11b2,0.9588511484552711
Hsd17b10,0.2724643567625378
Hsd17b12,0.4284798558302905
Hsd17b14,0.31398206223804065
Hsd17b4,0.45962074676098896
Hsd3b2,0.8878972838913111
Hsd3b3,0.9359928926548237
Hsdl2,0.6881634652967978
Hsp90aa1,0.05659821299981419
Hsp90ab1,0.3990019586167472
Hsp90b1,0.6918856186874512
Hspa13,0.33057100910587717
Hspa1a,0.17107945797532073
Hspa1b,0.3800695169761384
Hspa4,0.22678825302325775
Hspa5,0.7826583341978632
Hspa8,0.5010925515457051
Hspa9,0.7958486929726261
Hspb1,0.9199644802098883
Hspb11,-0.38796579529464426
Hspd1,0.5461463895324512
Hspe1,0.6493579597267637
Hspg2,0.900204498237891
Htr1b,0.30660893776865933
Htra1,0.9625718616263378
Htt,-0.1804909517965223
Huwe1,0.2427553349410926
Hvcn1,0.6206094876782934
Hyal2,0.9497588118340586
Hykk,0.8930576499974169
Hypk,0.37524627075512235
Iah1,0.7043432281525527
Ica1,0.8744890199650175
Icam2,0.8611542526632908
Ict1,0.46018300989287697
Id1,0.8847972238666684
Id2,0.9014191604085964
Id3,0.8518233086378518
Id4,0.386089121378305
Idh1,0.798257644611392
Idh2,0.9438013553876511
Idh3a,0.8633012858352147
Idh3b,0.6568839227946182
Idh3g,0.6019699029024341
Idi1,0.4242863533136411
Idnk,-0.3033497630410807
Ids,0.5872287288790027
Ier2,0.45027064838219627
Ier3,0.8474306479598777
Ier3ip1,0.18238892134150844
Ier5,0.8890640414200176
Ifi203,0.8073728553310037
Ifi27,0.7490509773332814
Ifi27l2a,0.9080594880329017
Ifi30,0.8835410769421626
Ifi35,0.7677630653785397
Ifi44,0.8394659228516979
Ifi47,0.7428050138858472
Ifit1,0.8962172415799717
Ifit1bl1,-0.08186338992584702
Ifit1bl2,-0.20867282311581
Ifit3,0.7015949389533672
Ifit3b,0.8978030641650181
Ifitm1,0.07653921555911913
Ifitm2,0.9260614071776871
Ifitm3,0.9703743954854267
Ifitm6,0.7982960466559881
Ifngr1,0.8965491416240378
Ifrd2,0.25950826024353735
Ift122,0.5419615893584949
Ift20,0.48835910280934725
Ift27,0.151898522562532
Ift43,0.8834498635876622
Ift46,-0.12915710167760663
Ift74,-0.1529703009023365
Igf1,0.879827236307071
Igf1r,0.6436200720984833
Igfbp2,0.13774264969266437
Igfbp3,0.9233459746792169
Igfbp4,0.7591599344057676
Igfbp5,0.916782390575491
Igfbp6,0.9120453764505566
Igfbp7,0.9086694449735349
Ighd,0.8742920613383901
Ighm,0.8256108528540449
Igkc,0.8884561227269893
Iglc1,0.6754229366152604
Iglc2,0.3667700787244682
Iglc3,0.8539175417374625
Igsf11,0.9418107505724679
Igsf5,0.7869790429337157
Iigp1,0.8076084034787959
Ik,0.25881506988626457
Ikbkb,0.22438747479022286
Ikzf2,0.42391408253673535
Il17re,0.833145951812455
Il18r1,0.596357420223626
Il1b,0.8776916953125191
Il1r1,0.6912351476390302
Il2rg,0.810664739018621
Il4i1,0.5401242508514847
Il6st,0.31411217016663145
Ildr1,0.8947668811687847
Ilf2,0.4776044841533754
Ilk,0.7127113557004406
Ilkap,0.4606142622525811
Immp1l,0.27229499005475843
Immp2l,0.4590934792206123
Immt,0.7151733465670499
Imp3,0.4321494942698724
Impa2,0.8429089043614626
Impdh1,0.8442427173117749
Inadl,0.4803263883178613
Inca1,-0.0840085900431002
Inf2,0.8876691263475549
Inha,0.40104527468686724
Inhbb,0.7492838531075987
Inmt,0.5937692499863902
Ino80d,-0.12270493075325528
Inpp4b,0.6262964966925008
Inpp5b,0.08170287982922796
Inpp5j,0.6653421541832371
Inpp5k,0.5859545977349836
Insl6,0.16614881564762576
Insr,0.49030014505445785
Insrr,0.736222279526897
Invs,-0.04089994237056516
Ip6k2,0.3616208223583653
Ipcef1,0.4700068831512804
Ipmk,0.5839148398440065
Ipo13,0.21714812021368446
Ipo5,0.020344744525394927
Iqcc,0.4951038454063055
Iqcg,0.9022014609813072
Iqgap1,0.7296652121716843
Iqgap2,0.7469755932040014
Iqsec1,0.3434186753040157
Iqsec2,0.49823460998339086
Irak1bp1,0.33740209545822336
Ireb2,0.3677730951786094
Irf1,0.7046914780657779
Irf2bp2,0.3264779058521726
Irf2bpl,0.8037284307886218
Irf3,-0.06019204635709224
Irf6,0.6607942613706956
Irf7,0.8971659478216804
Irf8,0.9387532843817462
Irgq,-0.055378149524580304
Irs1,0.6792077127786246
Irx1,0.9768128738175751
Irx2,0.9900908436224894
Isca2,0.48733244212621624
Iscu,0.6454046052447092
Isg15,0.7115802782834552
Ispd,0.28589536435192325
Ist1,-0.0018413381590935858
Isyna1,0.6997366020763666
Itch,-0.24395115858276412
Itfg1,0.5602217169286076
Itga1,0.6279875479980102
Itga3,0.9108219382374382
Itga5,0.5840513504064293
Itga6,0.5905428854207706
Itga8,0.9740029535986695
Itga9,0.8885196789758311
Itgae,0.39342740887788463
Itgal,0.8551397980005518
Itgav,0.7265206680839605
Itgb1,0.8252022703116422
Itgb5,0.9701116314870634
Itgb6,0.773167639813718
Itgb7,0.8414979345692025
Itgb8,0.9118228764499295
Itih5,0.08070554354275439
Itm2a,0.6732023021900945
Itm2b,0.8850041063176101
Itm2c,0.6865457863321314
Itpkb,0.38168083003108394
Itpr1,0.44605887337733224
Itpr2,0.7011855469647372
Itpr3,0.7857470895523329
Itsn2,-0.3496237665527549
Ivd,0.603944498792845
Ivns1abp,0.9247188833957999
Iyd,0.9377625984200779
Jag1,0.9198724280414655
Jak1,0.7356639367675337
Jarid2,0.2094669387649371
Jkamp,0.6148855055360566
Jmjd1c,-0.1401307608000362
Josd2,-0.0215747012037618
Jtb,0.6374537028257748
Jun,0.5755176306117856
Junb,0.6259432959328622
Jund,0.7262188142697619
Junos,0.12944027764216198
Jup,0.9007572062595122
Kalrn,0.8750893238514439
Kank1,0.6816744333807253
Kank2,0.9549339417757042
Kank3,0.9813634986235776
Kank4,0.9508493179180528
Kansl1,-0.33714041240615095
Kansl1l,0.27988768390978913
Kansl2,0.11710560029558749
Kap,0.5301107334978438
Kat2b,0.3132687922850116
Kat6a,-0.09770028692156042
Kat6b,-0.06143464333859312
Kazn,0.5563826539589206
Kbtbd7,0.41222314913168007
Kcmf1,0.06218887448360797
Kcnab3,0.19989040191679136
Kcnc2,0.4898896506598649
Kcne1,0.9274310637152862
Kcnj1,0.9307192163924836
Kcnj10,0.8365280335723563
Kcnj13,0.6284045884078859
Kcnj15,0.8954081820460535
Kcnj16,0.882127182356299
Kcnj8,0.9462939755898256
Kcnk2,0.6571257229475611
Kcnk5,0.6566011944542306
Kcnn2,0.9138644901476651
Kcnq1,0.5792864242854949
Kcnq1ot1,0.2860477017678965
Kcnt1,0.9780413261082974
Kctd1,0.9183853323087752
Kctd10,0.7696339954676727
Kctd12,0.7583433564163361
Kctd8,0.36528244471130494
Kdelr1,0.5850097145396207
Kdm1b,0.7223509134333994
Kdm2a,-0.40229566984127374
Kdm3b,-0.07153144410351413
Kdm4c,-0.19794468198235965
Kdm5a,-0.06076756645909471
Kdm5c,0.08623897631847863
Kdm6a,0.049212247682590325
Kdm6b,-0.05027830559909377
Kdm7a,-0.06513534766534392
Kdr,0.9946653063854844
Kdsr,0.42740227303703743
Keg1,0.829934088175846
Khdrbs3,0.8035870369348264
Khk,0.8124021159115017
Kidins220,0.5676267009380642
Kif12,0.73695447177053
Kif16b,0.3264740722460513
Kif1b,0.2664015535332307
Kif21a,0.7701578261815183
Kif26b,0.8235256950343166
Kif5b,0.6895594108153729
Kifc3,0.7356247262586832
Kirrel,0.9780959442269859
Kit,0.9062396246504721
Kitl,0.9470593460154524
Kl,0.7819939190470517
Klc1,0.22792429562923186
Klc3,0.6399780982963131
Klf10,0.7007384671332477
Klf13,0.838511677832119
Klf2,0.8826222126780746
Klf3,0.6512164933483052
Klf4,0.8392033652752129
Klf6,0.6578189067640872
Klf7,0.8964484977044521
Klf9,0.7282508441925616
Klhdc1,0.15591275016841682
Klhdc10,0.02593835627477887
Klhdc7a,0.8145081343034327
Klhdc9,0.6928211555866205
Klhl14,0.43579750716793875
Klhl2,0.6483595553843469
Klhl21,0.10594642975362717
Klhl24,0.08447594570052766
Klhl3,0.9291406903963557
Klhl6,0.671324445826546
Klhl9,0.28807002057661135
Klk1,0.7378956257497433
Klrd1,0.9190564643010115
Klre1,0.5253165535307625
Klrk1,0.965718287962957
Kmt2a,-0.04863104615713224
Kmt2c,-0.27106187442021556
Kmt2d,-0.1571122488556515
Kmt2e,-0.10915401800140641
Kng1,0.11923942521625655
Kng2,0.8913765906606187
Knop1,0.32025730954083165
Kpna2,0.08093951025182251
Kpna4,-0.2999471694635946
Kras,0.05261739644468935
Krcc1,0.6742178003338447
Krit1,-0.2558431584183619
Krt10,0.6763314653595952
Krt18,0.8637353790303239
Krt19,0.44319721809405555
Krt7,0.9581388443719511
Krt8,0.7830886910540523
Krtcap2,0.5526954062687175
Ksr1,0.8774832288626029
Kti12,0.44713055121630346
Ktn1,0.6872931627037095
Kxd1,0.08208408407298558
L1cam,0.9358568435128134
L2hgdh,0.8137353561128892
Lactb,0.29954862585636083
Lactb2,0.7476683142625254
Lad1,0.7927071784849096
Lage3,0.02024376870025136
Lama2,0.5619356030565943
Lama4,0.9409399665151285
Lama5,0.864301218896338
Lamb1,0.9063600441175843
Lamb2,0.9352323849084124
Lamc1,0.7358780346798256
Lamc2,0.6697913210008574
Lamc3,0.813681859878532
Lamp1,0.7505398972136481
Lamp2,0.7743028422114785
Lamtor1,0.45061265655962435
Lamtor2,0.04933946857897951
Lamtor4,0.30232695495516987
Lamtor5,0.6121704761753968
Lancl3,-0.1655176271441217
Lap3,0.7490758441861977
Laptm4a,0.879696219460405
Laptm4b,0.8412858027962189
Laptm5,0.950204565652531
Large,0.08758752396014624
Larp1b,0.7920966639906917
Larp4,0.05102139614031417
Larp4b,0.10843498636019444
Lat,0.7253360800271956
Lats2,0.8842964403656081
Lck,0.9227801110702621
Lcn2,0.8836950150364667
Lcor,-0.15318992545978674
Lcorl,-0.233580532817014
Ldb1,0.09871961669023722
Ldb2,0.80031995109988
Ldha,0.561853423007247
Ldhb,0.9337661284594961
Ldhd,0.80263842787748
Ldlr,0.6209038271438342
Ldlrad3,0.02229583910068675
Ldlrad4,0.22668241874061873
Ldlrap1,0.2364421393276768
Lef1,0.7264051621519624
Leng8,-0.24849982927968495
Lepr,0.9776471186490541
Letm1,0.3335104634822884
Lfng,0.6920309396479531
Lgals1,0.9341556988498718
Lgals3,0.8157674160630761
Lgals3bp,0.7682660747258824
Lgals9,0.9092375293319483
Lgmn,0.8186373469113046
Lgr4,0.839795080958251
Lhfp,0.9670691728253481
Lhx1,0.9330596969835553
Lifr,0.6118812977397267
Lima1,0.6256627206480504
Limch1,0.871140876618308
Limd2,0.85010919425413
Lims1,0.44209188819697
Lims2,0.9309009911858568
Lin52,-0.029406862624212108
Lin7b,0.2899315804208815
Lipa,0.8372835837048298
Lipo1,0.18710915885074833
Litaf,0.6941027226581364
Llph,0.7046870043053104
Lman1,0.7342358178848616
Lman2,0.5462463743294184
Lmbr1l,-0.06911926168588495
Lmbrd1,0.3612322863046487
Lmcd1,0.9811254269635052
Lmna,0.9185102809300797
Lmo2,0.852878858392045
Lmo4,0.4824698761788195
Lmo7,0.7757413718543058
Lmtk2,0.09944472666888526
Lmx1b,0.9952102064884013
Lncpint,-0.18788112343303792
Lnx1,0.3814128269351486
Lockd,0.11354283092165637
Lonp2,0.20352674992023595
Lor,0.8793665419539143
Loxl1,0.8729674689801048
Loxl2,0.7657100307168262
Loxl3,0.3183066464138466
Lpar1,0.06075112931631003
Lpcat3,0.5642795839576059
Lpgat1,0.057363682855831315
Lpl,0.722948699285543
Lpp,0.5199338221622741
Lrba,0.7187426823632873
Lrch1,0.618864046559688
Lrch3,-0.04978423794673468
Lrfn1,-0.15868597523450803
Lrg1,0.5209020960930966
Lrig2,-0.17176784590425326
Lrp1,0.8438026637432982
Lrp10,0.507312593171104
Lrp2,0.8453606115408596
Lrp6,0.7421698883754051
Lrpap1,0.747161326816136
Lrrc16a,0.2188365868186253
Lrrc16b,0.03310304929052951
Lrrc19,0.9568066181322756
Lrrc20,-0.010517750799460664
Lrrc31,0.9219603893360996
Lrrc3b,0.9681257944642265
Lrrc58,0.7049467963713163
Lrrc66,0.9778058953394584
Lrrc8a,0.9219626493716265
Lrrc8c,0.6279622952942772
Lrrc8d,0.35267711350550796
Lrrfip1,0.8713656899581168
Lrriq1,0.3664377377601831
Lrrk2,0.4971680988277174
Lrrn1,0.3128430846868994
Lsamp,0.453161495872375
Lsm14a,0.18853662461539886
Lsm3,0.08020505449745524
Lsm4,0.5082085169644369
Lsm5,0.6223307132292096
Lsm6,0.43829851392592106
Lsm7,0.30347672276699583
Lsp1,0.8464026315466882
Lst1,0.9312242696764496
Ltb,0.8869321539921
Ltbp1,0.937344560755259
Ltbp3,0.661962759529774
Ltbp4,0.9123449131629162
Ltc4s,0.8670591881979618
Luc7l,-0.25605691333875796
Luc7l2,-0.2011834827295924
Luc7l3,-0.03387476651396828
Lurap1,0.7443785486911584
Luzp1,0.6923772807582153
Luzp2,0.7847970272038057
Ly6a,0.848504563123075
Ly6c1,0.9217038339269881
Ly6c2,0.6783809788171871
Ly6d,0.03449144584719275
Ly6e,0.7379707062425678
Ly86,0.8630186236562716
Lyn,0.8185898813178349
Lynx1,0.7993288572509368
Lypd2,-0.13593237502486927
Lypd6,0.8147584592332574
Lypd6b,0.770722143555875
Lypla1,0.6744243289491374
Lyrm2,0.5690311431685436
Lyrm4,0.41024204769880795
Lysmd2,0.4336871654738203
Lyst,-0.06357296040277091
Lyz2,0.9686985231228936
Lztr1,0.31070374929013334
Lzts2,0.6298956653382145
Lzts3,0.5958796983179439
Macc1,0.5016262010469112
Macf1,-0.11184479077511701
Macrod1,0.6727807748245123
Macrod2,0.601679292942576
Mad1l1,-0.11267615929538874
Madd,0.03298617451619016
Maf,0.8524716233144518
Maf1,0.45649916643457006
Mafb,0.9705047419375911
Mafg,0.15655085900445476
Magi1,0.31126527892666556
Magi2,0.9314182470287509
Magi3,0.54032162877052
Magix,0.7861129939437809
Magt1,0.6658318821667715
Mal,0.9763665933230692
Mal2,0.9750690629060005
Malat1,0.5462929649570049
Malrd1,0.6787742352980187
Maml2,0.8167842902361465
Maml3,0.7499335954554841
Mamld1,-0.020219953972787957
Man1a,0.5992143150342897
Man1a2,0.7760671905991323
Man2a1,0.20598441836687564
Manba,0.27113988910100356
Manea,0.5856707339908108
Manf,0.5516835254966216
Mansc1,0.21843143959295544
Map1b,0.917412091809919
Map1lc3a,0.7893922300098294
Map1lc3b,0.44539484029975235
Map2,0.6458126571673739
Map2k1,0.1707761421350898
Map2k2,-0.031246839236010685
Map2k4,-0.12087212567440174
Map2k5,0.2513234899335238
Map2k6,0.3202024620937384
Map2k7,0.614097305181019
Map3k1,0.413717461638701
Map3k11,0.21231872528907567
Map3k2,0.21233284716493464
Map3k3,-0.0613211914501683
Map3k5,-0.041838476740140025
Map3k7cl,0.9649281640527156
Map4,0.3141893144930768
Map4k3,0.5980974169669239
Map4k4,0.5897566774896539
Map4k5,0.3951520837457382
Map7,0.716701286309227
Mapk1,-0.12892818387279573
Mapk10,0.6907383833591806
Mapk14,0.050724975591559925
Mapk15,0.7934992285159808
Mapk3,0.8571344257256907
Mapk7,0.1912285600678682
Mapkap1,-0.08948167697327279
Mapkapk3,0.18612104817442815
Mapkapk5,-0.1791509307823529
Mapre1,0.5391841980561095
Mapre2,0.7668044297701354
Mapt,0.7620513072113351
Marc2,0.8444771232063661
March2,0.13598656742269527
March3,0.13430037566704653
March5,-0.1315190010156831
March6,0.5094610991798404
March7,-0.012642738753912688
March8,0.6967017986242167
Marcks,0.9036051665791565
Marf1,-0.09359902791735397
Mark2,0.29609594770483827
Mark3,-0.0030699738782437726
Mars,0.186891113060394
Marveld1,0.9595292179740057
Marveld2,0.8604981506170784
Mast4,0.30789589435480963
Mat2a,0.1861742434225087
Mat2b,0.6932895741292546
Matr3,0.7380970064496299
Mau2,-0.3054247393375971
Mavs,0.4911565984992651
Mbd2,0.3812001933864576
Mbd5,0.08306095801776564
Mbnl1,0.926322855167046
Mbnl2,0.4724055655914537
Mbnl3,0.11064829985153753
Mboat1,0.4573938221504939
Mboat2,0.6536552734403259
Mbp,0.7921803102825367
Mbtd1,0.02877882727051121
Mcc,0.9239920604187548
Mccc1,0.7486030441706127
Mcee,0.921490418346648
Mcemp1,0.5510725339532546
Mcf2l,0.9475146130046607
Mcl1,0.5737563288488275
Mcoln3,0.895443212167836
Mcts1,-0.025980514093565995
Mcts2,0.694132750990368
Mcu,0.17126924788643952
Mcur1,0.6628891533105239
Mdfi,0.4086117086339259
Mdfic,0.7187460593864922
Mdh1,0.7401860140612503
Mdh2,0.6599296708124373
Mdk,0.8883629070074672
Mdm2,0.021484286115430774
Mdm4,-0.3076336407774279
Mdp1,-0.019387399345335322
Me1,0.8656140129003472
Me2,0.5982111865575175
Me3,0.9227333028810029
Mecom,0.7721352815469329
Mecomos,0.904572761248985
Mecp2,-0.12025397335285894
Med12,0.16022973970328347
Med12l,0.6502704312727285
Med13,-0.13102890103391815
Med14,0.3031982581122267
Med18,-0.24996933793368423
Med21,0.47943905215066374
Med28,0.21862750972561196
Med29,0.255754579103119
Med30,0.16201838205695693
Med31,0.11107576926058253
Med8,0.5263174425801661
Mef2a,0.5876293788341114
Mef2c,0.8975559535982293
Meg3,0.7286298280233501
Megf8,0.6465929192192466
Megf9,0.8453128780806192
Meis1,0.9675664657807301
Meis2,0.9218717200752407
Meox1,0.9989101377156515
Mep1a,0.836936371691468
Mertk,0.8210620942628248
Mesdc1,0.8404503447017978
Met,0.7006040758507881
Metap1d,0.6329428567627914
Metap2,0.3676975320808993
Metrnl,0.9363070698884665
Mettl10,0.39533900588950244
Mettl23,0.057604543679903676
Mettl7a1,0.7854783017816085
Mettl7a2,0.6991673048799776
Mettl7b,0.888351306341519
Mettl9,0.7445569213036338
Mex3c,0.2835710538702287
Mff,0.44977240915503086
Mfge8,0.8765321161207269
Mfn1,0.5279726841053325
Mfsd1,0.6974735452954964
Mfsd11,0.29884520445630114
Mfsd4,0.942489743597616
Mfsd7b,0.6035306462713177
Mgat1,0.4823973335824704
Mgat4c,0.4515041698214606
Mgat5,-0.06072064494420085
Mgea5,0.1024013457892481
Mgl2,0.9406905062341833
Mgll,0.8808136860963568
Mgp,0.9292486366266974
Mgrn1,0.3962429505731436
Mgst1,0.8973452494870462
Mgst3,0.8368001315422328
Mib1,0.5619936271484633
Micall1,0.657803491576208
Micu3,0.5019051831452547
Mid1,-0.3804246318845343
Mien1,0.5918581669183187
Mier1,0.5081517626732097
Mif,0.5858576684661452
Mif4gd,0.5714789440881844
Mink1,0.18135881987221317
Minos1,0.7428271838831544
Miox,0.8517944408541775
Mipep,0.28975870716464247
Mir142hg,0.6401076901661589
Mitf,0.45733082962563076
Mkks,0.6189672908261192
Mkl2,0.7138646806892746
Mkln1,0.20638093090439477
Mkrn1,0.15713982469494528
Mkx,-0.13904460053016646
Mlec,0.7688785996546704
Mlf2,0.7167528264056412
Mllt10,-0.23455159983846063
Mllt4,0.7471794931249962
Mlph,0.7159710117472371
Mlxipl,0.9072818386724633
Mmachc,-0.13290085275805666
Mmd,0.763913360036265
Mme,0.8530785752303272
Mmp11,0.9112267149488692
Mmp12,0.9823258490469544
Mmp13,0.9780811568068342
Mmp23,0.9930079458344314
Mmrn2,0.9938163123855153
Mnat1,0.2166693476562711
Mndal,0.8303830505620505
Mob1a,0.2558247398902111
Mob2,0.9159808617256257
Mob3b,0.13334541426739133
Mob4,0.1776333565932312
Mocs2,0.8859872120028377
Mogat1,0.8364043359254265
Mok,0.8679541917322475
Mon2,0.3593757629031607
Morf4l1,0.6196582200769291
Morf4l2,0.5173312347057962
Morn2,0.8008984897346019
Mospd3,0.08619930507977434
Mpc1,0.7956472298915902
Mpc2,0.8475334763351401
Mpeg1,0.9648703250320778
Mphosph8,0.5355267888226459
Mpnd,0.2076664267823744
Mpp1,0.6914627343899425
Mpp5,0.8673003855415651
Mpp6,0.3050723735765927
Mpp7,0.7028730764383359
Mpped2,0.8791076066793595
Mprip,0.6684043284872412
Mpv17,0.7141998866677204
Mpv17l,0.4697198340575153
Mpzl1,0.9743023944191099
Mrc2,0.628196498825153
Mrfap1,0.3676004786592875
Mroh1,0.4526223461299521
Mrpl11,0.45835624400640845
Mrpl12,0.6758917479699708
Mrpl13,0.015281536012212552
Mrpl14,0.5412673653599984
Mrpl15,0.2534538098950064
Mrpl17,0.3600086305303142
Mrpl18,0.3038525260537341
Mrpl2,0.4733372415445308
Mrpl20,0.37346375389750397
Mrpl21,0.07431674175902594
Mrpl23,0.13099211087089216
Mrpl24,0.0025021477317869567
Mrpl27,0.7463105761892611
Mrpl28,0.4560434433466248
Mrpl30,-0.06759040833021561
Mrpl33,0.4337934954934657
Mrpl34,0.7032782844545957
Mrpl35,0.6695264585786415
Mrpl36,0.425613501358049
Mrpl38,0.5859657469712413
Mrpl39,0.46809514088833165
Mrpl4,0.5285148406057127
Mrpl41,0.1989257232762009
Mrpl42,0.5715883596641667
Mrpl43,-0.198035003480233
Mrpl44,0.1648956388493715
Mrpl46,0.3811128026811237
Mrpl48,0.5624580740254127
Mrpl50,0.6260915125826965
Mrpl51,0.5712597629163209
Mrpl52,0.1004312655666739
Mrpl54,0.368737372446359
Mrpl55,0.7460583334795968
Mrpl57,0.22641922855883384
Mrps12,0.4980261698970785
Mrps14,0.4258911919822158
Mrps15,0.34449696546346276
Mrps16,0.26566407298076816
Mrps17,0.15190454492158378
Mrps18a,0.4335919012138852
Mrps18c,0.12121273281811568
Mrps2,0.06570981194752577
Mrps21,0.2752297847795688
Mrps24,0.2679467163479532
Mrps25,0.6790298786825091
Mrps26,0.17370359566459379
Mrps28,0.4032302046396179
Mrps31,0.5635206686999407
Mrps33,0.4259326891235736
Mrps34,0.08099633127825713
Mrps36,0.5693667527873413
Mrps6,0.8816172901691764
Mrps7,0.4213739546014183
Mrvi1,0.9937235652237828
Ms4a1,-0.0751847902413223
Ms4a4b,0.9760076446225961
Ms4a4c,0.47580140833939943
Ms4a6b,0.8515661835338592
Ms4a6c,0.9098336785258434
Ms4a7,0.9713726162781854
Msantd3,0.7935561646892599
Msantd4,0.29984858784170426
Msi1,0.6028469773033572
Msi2,0.5961992603242929
Msl3,0.08576228300620929
Msmp,0.7333734120920908
Msn,0.9463552327153358
Msra,0.8810376397267814
Msrb1,0.5632387121431714
Mt1,0.8448667841664437
Mt2,0.8423042259862673
Mtap,0.44805407462872365
Mtch1,0.7950384516121713
Mtch2,0.521011203564392
Mtcl1,0.9297368918549144
Mtdh,0.4449588074795875
Mterf4,0.11310234231044854
Mtf1,0.10561612383739895
Mtfr1,0.6574631857063461
Mtfr1l,0.6246835822752143
Mthfd1,0.9305261248919888
Mthfsl,0.16928262101885783
Mtif2,-0.07763825626919132
Mtmr11,0.5450472038177293
Mtmr12,0.04067180398072069
Mtmr3,0.061722905271370254
Mtor,0.15908717429479818
Mtpn,0.18242733088986524
Mtss1,0.7112239160363933
Mturn,0.7395687636523538
Mtus1,0.5982686838374425
Mtx2,0.7862414392917227
Mustn1,0.9952476291859432
Mut,0.6063046434162295
Mvb12a,0.34937316704866284
Mxd4,0.5259011153412146
Mxra8,0.9395838169423341
Myadm,0.019900550549980897
Mybpc3,0.7841596888365728
Mycbp,0.15880868091593803
Mycbp2,0.25003820962007156
Mycbpap,0.6232898795927981
Mycn,0.4988554680060968
Myct1,0.9967647467627532
Mydgf,0.41163220799772776
Myef2,0.2844104544109373
Myeov2,0.5578669014691044
Myh11,0.9961503453637469
Myh9,0.5492095498299528
Myl12a,0.8907603800522608
Myl12b,0.7120844473888355
Myl4,0.6194736939770583
Myl6,0.7980575346781876
Myl6b,-0.0016519336876830817
Myl9,0.9950698670091431
Mylk,0.9363301173282323
Myo10,0.6143541038270184
Myo18a,0.28941396206981157
Myo19,0.572059687879288
Myo1b,0.7831391791760555
Myo1c,0.7024412447284172
Myo1d,0.9189425049697183
Myo1e,0.6790035651975176
Myo3b,0.30843956080547136
Myo5b,0.5812809451262799
Myo5c,0.6629109140367125
Myo6,0.7172305253050272
Myo9a,0.25256673729225804
Myof,0.8567419370297508
Myom2,0.9979342709301039
Mysm1,-0.25492879038155836
Mzb1,0.6619789756605948
Mzt2,0.18055892662260356
N4bp2,0.37360991905032304
N4bp2l2,0.14486689402128536
Naa20,0.6096094079119221
Naa30,0.4490928030366396
Naa38,0.2561382564483326
Naa40,0.10050366313620661
Naa50,0.5121536747259665
Naaa,0.8876806385069849
Naaladl2,0.23721427210897242
Nabp1,0.19024945655033546
Naca,0.5647872208733765
Nagk,0.5319917379922278
Nans,0.6994538285552538
Nap1l1,0.847670123444778
Nap1l4,0.1631973162673852
Napa,0.44930984496864784
Napsa,0.6840893577249841
Nat6,0.36769269486628936
Nat8,0.7781750938774852
Nav2,0.32124146048805496
Nav3,0.4198551655667055
Nbas,0.02839002227571398
Nbea,0.44919511204370344
Nbeal1,0.7777351493358761
Nbl1,0.9372737055585657
Nbr1,0.4087117023717154
Ncam1,0.9503373443300662
Nccrp1,0.949127288338852
Nceh1,0.5570709467656748
Ncf4,0.874074000344552
Nck1,0.5704694154721244
Nckap1,0.942635373881046
Nckap5,0.33351763785810484
Ncl,0.5918117875341882
Ncoa1,0.08124217348197581
Ncoa2,-0.1364241811132026
Ncoa3,0.12153355342902006
Ncoa7,0.842773601979919
Ncor1,-0.08213710216074487
Ncr1,0.5454028138692518
Nde1,0.7391645061742499
Ndel1,0.2286641115955026
Ndfip1,0.6506790870175471
Ndfip2,0.5221315397956415
Ndrg1,0.875518358877152
Ndrg4,0.07938638777939859
Ndufa1,0.7990182636880557
Ndufa10,0.6980389517656681
Ndufa11,0.6276700346832269
Ndufa12,0.6023390193038964
Ndufa13,0.23157787309127337
Ndufa2,0.4267264018498984
Ndufa3,0.3639762063549597
Ndufa4,0.9103066112004609
Ndufa4l2,0.9970436199464582
Ndufa5,0.7243938608080166
Ndufa6,0.5109856305309833
Ndufa7,0.2478844389464489
Ndufa8,0.46344308727862615
Ndufa9,0.8237176864347051
Ndufab1,0.7239347578721747
Ndufaf3,0.5410561423902263
Ndufaf4,0.2580079827188575
Ndufb10,0.533193325010645
Ndufb11,0.7823926656478352
Ndufb2,0.7649985432510286
Ndufb3,0.6075656323537331
Ndufb4,0.9040475752381685
Ndufb5,0.6042061201674247
Ndufb6,0.6862181605469942
Ndufb7,0.2621341094630447
Ndufb8,0.5861027087021792
Ndufb9,0.6648842945198521
Ndufc1,0.7087067203350762
Ndufc2,0.5379009921473886
Ndufs1,0.823475482571528
Ndufs2,0.6715265668940021
Ndufs3,0.8081427435360067
Ndufs4,0.623261291893356
Ndufs5,0.6186618713939475
Ndufs6,0.3928045149261366
Ndufs7,0.6348292202164744
Ndufs8,0.5236141554130943
Ndufv1,0.7836279912774275
Ndufv2,0.7316845514540512
Ndufv3,0.5400434975419612
Neat1,0.7266079859809255
Nebl,0.9711651998414577
Necap2,0.2760981703789112
Nedd4,0.8701896892822535
Nedd4l,0.6638651735215825
Nedd8,0.3608909257800686
Nedd9,0.5339187982798256
Negr1,0.21222320671528355
Nek7,0.2438114409679668
Nelfe,0.1187194619756322
Nemf,0.02295154039495651
Nenf,0.8024226949463908
Nepn,0.9166907107415273
Nes,0.9810998639815817
Neu1,0.5064024775030357
Neurl4,0.5145739106492782
Nf1,0.20723382804437251
Nfat5,0.5337027486932746
Nfatc2,0.6580085884826773
Nfatc3,-0.19549518694652399
Nfatc4,0.9598325256325038
Nfe2l1,0.9268510344274534
Nfe2l2,0.7203636608997797
Nfe2l3,0.2267016706787063
Nfia,0.6997633102474264
Nfib,0.8375951136826381
Nfic,0.6942531225143009
Nfix,0.30698268860180977
Nfkb1,0.19111094329750403
Nfkb2,0.6384442944820058
Nfkbia,0.33583426456930116
Nfkbid,0.4197569102272407
Nfu1,0.44314277027133964
Nfxl1,0.5136926184834412
Nfyc,0.39523684983383933
Ngf,0.9726878513231973
Ngfrap1,0.6913142610451828
Ngrn,0.03177203214804843
Nhp2,-0.12098971608830232
Nhp2l1,0.5543519727746135
Nhs,0.8783746573705289
Nhsl1,0.2966445781375688
Nhsl2,0.6724121027470731
Nid1,0.5058310716785586
Nid2,0.8030039661266568
Ninj1,0.7662293802944621
Ninl,0.8938246360967613
Nipal1,0.42033442340886945
Nipal2,0.8146664977768215
Nipbl,-0.24165357697908907
Nipsnap1,0.7939314162445863
Nisch,0.3665235806218917
Nit1,0.5497763570574494
Nit2,0.8437281927236356
Nkd1,0.5392415809813936
Nkg7,0.9831918593523783
Nkiras1,0.5522197101163508
Nktr,0.2624228867500336
Nlk,0.5232937944492653
Nlrp6,0.9506789172061858
Nmb,0.7485499358323481
Nme1,0.5180380720923691
Nme2,0.4313671015987677
Nmi,0.37801249181155494
Nmrk1,0.6628944492188649
Nnt,0.7809936146798727
Noc4l,0.1172768103072724
Noct,0.21181475631776955
Nol3,0.8151352880918861
Nol4l,0.10457675592175898
Nol6,-0.02283687777744243
Nol7,0.5544879888350088
Nono,0.15490383531060836
Nop10,0.23926910060654996
Nos1ap,0.35878464036970853
Nostrin,0.8170658322275878
Notch1,0.7461099384866448
Notch2,0.4426059234712247
Notch3,0.9863074584596931
Notch4,0.9060732089946174
Nox4,0.7527815499494833
Npc2,0.8713040764864265
Npdc1,0.8344470729392014
Npepl1,0.6385923550461203
Npepps,0.032703363519383834
Nphs1,0.9977992148277254
Nphs2,0.9846208844245113
Npm1,0.8055963907455008
Npnt,0.9716271660414033
Npr1,0.960273219738945
Npr3,0.9640688154139687
Nptn,0.7334541052348624
Npy,0.8355551255150587
Nqo2,0.29569835164177316
Nr0b2,0.8677492988420515
Nr1h2,0.6345366900842876
Nr1h3,0.6674610417428892
Nr1h4,0.9469884448338822
Nr2f2,0.8853226303098648
Nr2f6,0.6953431766048008
Nr3c1,0.6423037771648118
Nr3c2,0.5804465128799403
Nr5a2,0.8190506899982821
Nr6a1,0.3737836999118483
Nrarp,0.9224436806753771
Nrbp2,0.8932347036054694
Nrd1,0.5548810313295531
Nrf1,-0.11577277416793277
Nrg1,0.2308647310118152
Nrip1,0.3876969384204087
Nrp1,0.8960990173004256
Nrp2,0.7367389304677155
Nrros,0.8031457614405851
Nrtn,0.7056068418169231
Nrxn3,-0.2904638943496762
Nsa2,0.7162059008629461
Nsd1,-0.18369593476119883
Nsf,-0.15000799962579192
Nsfl1c,0.37748343263404055
Nsmce2,-0.20405506455571712
Nsmce4a,0.1211586166663967
Nsun7,0.18767647575769744
Nt5c,0.43851887468846545
Nt5c2,0.38057750605851676
Nt5dc2,0.5115191297291426
Nt5e,0.3815735481634973
Ntm,0.5351851750755154
Ntn1,0.6752032076522391
Ntn4,0.8054145811482811
Ntng2,0.5462617309768475
Ntrk3,0.9162356862199925
Nuak1,0.9847991550810695
Nuak2,0.3593933744259811
Nucb1,0.6232158103857718
Nucks1,0.4989266282241494
Nudc,0.12991089987878285
Nudcd2,0.38027310016277843
Nudcd3,0.33196307699055705
Nudt1,0.12977835609435556
Nudt11,0.7222503894768206
Nudt14,0.20936104444909778
Nudt19,0.5256893471832723
Nudt21,-0.005744618322884569
Nudt22,0.7095424018091833
Nudt4,0.9317135907151984
Nudt6,-0.008560475524987374
Nudt8,0.7979245899866716
Nudt9,0.24927891320704565
Nufip2,-0.08915274368211917
Numb,-0.03221169396027553
Nup214,0.21317974640656068
Nup93,0.7401098290419895
Nupr1,0.9385053642469252
Nupr1l,0.47159169311946714
Nus1,0.6915380682250126
Nxf1,0.5170299968335862
Nxpe5,0.20299743025089312
Nxt2,0.3184214149482792
Oard1,0.3661652167993077
Oas2,0.7217462496806171
Oasl2,0.810248713315693
Oat,0.8152793172215101
Oaz1,0.7875048824254813
Oaz2,0.8900040559289358
Ociad1,0.27370817636276945
Ociad2,0.9165478286798482
Ocln,0.8676986671392422
Ocrl,0.19858496174873463
Odc1,0.658257544939603
Odf2,-0.06250529313149022
Odf3b,0.3064069598974874
Ogdh,0.7215043234061219
Ogt,-0.014779734645804043
Olfml3,0.11661173441529867
Olfr558,0.9977088058663366
Opa1,0.3197318215878105
Opcml,0.963449363120028
Ophn1,0.4473746120915643
Orai1,0.4339803311965654
Orc4,0.09612940957005632
Ormdl2,0.5671135930062652
Os9,0.536552375104741
Osbpl1a,0.6734589924906482
Osbpl3,0.21503336993309197
Osbpl6,0.9081489964807944
Osbpl8,0.44203642178825914
Osbpl9,0.430293612811605
Osgepl1,0.26206601162720816
Osmr,0.5588579237284097
Osr2,0.5665283837920319
Ost4,0.4793482273072823
Ostc,0.6701028595830769
Ostf1,0.6685817691648213
Otud1,0.21688284172689598
Ovol2,0.7344346787367236
Oxct1,0.9620706806646698
Oxgr1,0.8754683174820523
Oxr1,0.22824937919620208
P2rx4,-0.03187339868698806
P2rx7,0.6252289761240996
P2ry6,0.8552153393797796
P3h2,0.8952833604666945
P3h3,0.875525248472131
P4hb,0.6848154909378316
P4htm,0.7406153080561897
PISD,0.18549337640019326
Pa2g4,0.2174143962817615
Pabpc1,0.8425345069328882
Pacs1,0.4808228248900987
Pacsin2,0.6775406717690766
Pacsin3,0.8415140823747227
Pafah1b1,-0.0699415286973984
Pafah1b2,0.5560218034503389
Pafah1b3,0.6653548927995179
Pah,0.8708293250068785
Paics,0.3155262022295948
Paip1,0.2454186303666067
Paip2,0.3123181781130657
Paip2b,0.012279327795502967
Pak1,0.8612944480456165
Pak1ip1,0.21139431103196293
Pak2,0.21779517453761107
Pak4,0.5086762857671447
Pak6,0.5404146753134624
Palld,0.9917571310625737
Pam,0.8779042858623834
Pam16,0.2778705050219236
Pamr1,0.6557332330755056
Pan3,-0.31147020615943455
Pank1,0.5867562419350449
Pank3,-0.02729086767818155
Pantr1,0.8771024759542301
Papd5,-0.10651412996869734
Papola,-0.37362763238612956
Pappa,0.8762830253599714
Papss1,0.8763640090348541
Papss2,0.9459052613611758
Paqr5,0.9495454588514076
Pard3,0.6502430389617491
Pard3b,0.9401752503032997
Park2,0.29591978125970675
Park7,0.635438017010053
Parl,0.10684225084633762
Parp12,0.7694356918562223
Parp6,-0.11338488603006204
Parp8,-0.018125135002342533
Parva,0.7549408448694018
Pawr,0.5301672213854959
Pax2,0.8311800443655293
Pax8,0.7113745169366831
Pbld2,0.7026305842067828
Pbrm1,0.10517633817986577
Pbx1,0.8565544590626336
Pbx2,0.8174124076238325
Pbx3,0.15642489068519838
Pbx4,0.26158756526759563
Pbxip1,0.8022379990977554
Pcbd1,0.84717127642073
Pcbd2,0.40671658292493573
Pcbp1,0.567066615920246
Pcbp2,0.016041225506021654
Pcca,0.7468393980730678
Pccb,0.8215713072573031
Pcdh17,0.9853064514231056
Pcdh18,0.9852574454130069
Pcdh19,0.6306265512834878
Pcdh7,0.6940982526484393
Pced1b,0.18180168135432848
Pcf11,-0.012320917122066068
Pcif1,0.322535004944119
Pck1,0.8720793530525309
Pck2,0.4745704473986597
Pcm1,0.31672684993554495
Pcmt1,0.2256956069520124
Pcmtd1,0.7200134393751301
Pcnp,0.40445291326957317
Pcolce,0.8926131828908985
Pcp4,0.7450655263600878
Pcp4l1,0.9963073655540329
Pcsk5,0.5638860304241505
Pcsk6,0.9818148624309487
Pcsk7,0.11167357108126326
Pcx,0.8080131939457952
Pcyt2,0.5396240953437367
Pdap1,0.38638958612245594
Pdcd10,0.6736484252418901
Pdcd4,0.6139194686267854
Pdcd5,0.30276723037889436
Pdcd6,0.15781948829750733
Pdcd6ip,-0.22828031250657252
Pdcl3,0.5205135828671511
Pde10a,0.7874502457899076
Pde12,-0.25363934606684585
Pde1a,0.8836160316776485
Pde1b,0.16860606903083877
Pde1c,0.6943831709785485
Pde2a,0.8515219336530175
Pde3a,0.9834125439392222
Pde3b,0.6681835537934756
Pde4b,0.7201265318941117
Pde4c,0.49717462697492604
Pde4d,0.44475741380385375
Pde4dip,0.6271333616134129
Pde6d,0.3522671452252685
Pde7a,-0.17359283582139115
Pde7b,0.3041003501430678
Pde8a,0.36329489789228114
Pde8b,0.718499987357706
Pdgfc,0.43423143723219637
Pdgfd,0.509741957242308
Pdgfrb,0.9372257429839632
Pdha1,0.7848167283612162
Pdhb,0.8194620563122358
Pdia3,0.6261803994551167
Pdia4,0.7348714386673656
Pdia5,0.9357534238222148
Pdia6,0.7370262616274974
Pdilt,0.9226816885182609
Pdk2,0.7640085812932778
Pdk4,0.43108632168749933
Pdlim2,0.8671802916690943
Pdlim5,0.4548957082263128
Pdp1,-0.12105009822794935
Pdpk1,0.07380820996927277
Pdpn,0.8555558962115944
Pds5a,-0.1772699062390435
Pdss1,0.0029020510377302635
Pdzd11,0.5129089152522636
Pdzd2,0.5703421790233915
Pdzd3,0.972307033507192
Pdzk1,0.8686421312885798
Pdzk1ip1,0.9372599599846024
Pdzrn3,0.6166060268336567
Pdzrn4,0.9145662589874576
Pea15a,0.6640676411276045
Peak1,0.39318801173441553
Pebp1,0.2655105203016602
Pecam1,0.9414542832792712
Pecr,0.8474021901492669
Peg3,0.669903547830874
Peli2,0.7325626173890873
Pelp1,0.2611342613766043
Pepd,0.8643288416739727
Pet100,0.22825212044666804
Pex11b,0.13693202838872182
Pex14,0.6479303349484037
Pex19,0.24896200320557413
Pex5l,-0.05781867437992024
Pf4,0.752604962404519
Pfdn1,0.4063310668983594
Pfdn2,0.3644104690425715
Pfdn5,0.5804225711847986
Pfdn6,-0.09216305976183367
Pfkm,0.7187834644829328
Pfkp,0.7142787419976081
Pfn1,0.9030780409925947
Pfn2,0.7289140382399615
Pgam1,0.670317036878961
Pgam2,0.9480527029961787
Pgap1,0.34061019142345283
Pgls,0.4291632362171954
Pglyrp1,0.7538557114807926
Pgm1,0.6298320911734488
Pgm5,0.85204031951074
Pgp,0.5900727834538091
Pgpep1,0.8222657433983458
Pgrmc1,0.9191737429609935
Phactr1,0.16243931365491332
Phactr2,0.5045729863321563
Phactr4,0.44165253107623464
Phb,0.5776841694835266
Phb2,0.06834380986183132
Phc2,0.22451065738181886
Phc3,-0.19603782508441295
Phf12,-0.21580439942382318
Phf14,-0.3128212758510755
Phf20l1,0.07459188483564438
Phf21a,-0.25724083256496005
Phgdh,0.7220638318472716
Phip,0.07623771091382343
Phkb,0.5079181143550718
Phlda1,0.7404328662495427
Phldb2,0.6248642802309493
Phlpp1,0.2371785272717525
Phyh,0.8426887136329138
Phyhipl,0.7658711969646164
Pi16,0.9668678003263742
Pi4ka,0.233812253885686
Pias1,-0.2954186305749731
Pias2,0.42463541598588794
Pibf1,-0.143884444759633
Picalm,0.2537801450383335
Pid1,0.6488596159726302
Piezo1,0.4297450160624316
Piezo2,0.8406835102860367
Pigp,0.7048461504077375
Pigr,0.9252307939486073
Pigx,0.34491254137068933
Pigyl,0.4035021848009722
Pik3c2a,0.18000283068990555
Pik3ca,0.3162257108155942
Pik3r1,0.21052690242971223
Pik3r3,0.6131403659291853
Pim1,0.7312815587188763
Pim3,0.5091517170217801
Pin1,0.36463533289067485
Pin4,0.3108925957032963
Pink1,0.5398577641876117
Pip4k2a,0.9062111342860134
Pip5k1b,0.43314999141581695
Pipox,0.9405715059600118
Pitpna,0.5558499815689043
Pitpnc1,0.31503209009583877
Pitpnm3,0.13098144326940206
Pja2,0.5314520747998683
Pkd2,0.719046281918605
Pkdcc,0.9278738760822501
Pkhd1,0.40058068753413795
Pkig,0.8734517242213745
Pkm,0.809775806322621
Pkmyt1,-0.1443894646622013
Pkn1,-0.023030707637730387
Pkn2,0.40744874887768917
Pknox2,0.595046697692434
Pkp4,0.9003182659813697
Pla1a,0.9900909556484103
Pla2g16,0.5264099559826378
Pla2g4a,0.8380631846092503
Pla2r1,0.8797551926321633
Plac8,0.878601551301775
Plagl1,0.9295267994880616
Plat,0.9787717705213343
Platr22,0.11670125896382048
Plau,0.9318049497011555
Plaur,0.8363400833474977
Plcb1,0.6526977115909031
Plcb4,0.6624458464396212
Plcd4,0.7179600515340074
Plce1,0.9665894621132444
Plcg2,0.7541476139738218
Plch1,-0.020678478375793393
Plcl1,0.6737557836682492
Plcl2,0.02567970163210972
Plcxd3,0.3778971085619569
Pld4,0.9551508769624938
Plekha1,0.5220393739366173
Plekha3,0.3097380677119952
Plekha5,-0.009548136933827686
Plekha6,0.7636303598919202
Plekha7,0.32262798236442575
Plekhb1,0.6345303762595325
Plekhb2,0.5962888613533621
Plekhd1,0.7436504966907929
Plekhd1os,0.41821741936360773
Plekhg1,0.906404276511032
Plekhg2,0.72949533907965
Plekhg3,0.4525625909329437
Plekhj1,0.7474376468655465
Plekhm2,0.27040166609170013
Plekhn1,-0.03680686547023488
Plekho1,0.9632086230292998
Plet1,0.9428880740483336
Plet1os,0.6975795733038702
Plin2,0.8405549735096012
Plin4,0.43842509919644956
Plk2,0.97565384618157
Plk4,-0.20089628944473945
Pln,0.9874915568944963
Plpp1,0.9746451852295719
Plpp3,0.9446993495588168
Plpp6,0.28991717498256775
Plppr1,0.7376528202426983
Pls3,0.8749037059284317
Plscr1,0.8294520377121526
Plscr2,0.9399462354958666
Plscr3,0.5941833548813559
Plscr4,0.8247243011102372
Plvap,0.9529168066642013
Plxdc2,0.5333069863525433
Plxna3,0.5910662054986413
Plxna4,0.547599857366508
Plxnb1,0.7611537051473996
Plxnb2,0.7337427824428736
Plxnd1,0.9723335497883641
Pm20d1,0.6604421831129856
Pmaip1,0.5703666548394231
Pmepa1,0.7796156838544666
Pml,0.466306765345415
Pmp22,0.5686144573735817
Pmpcb,0.5712729468924033
Pnisr,0.19825125034470473
Pnkd,0.7065858941131663
Pnn,0.13051486562910733
Pnp,0.4192294809366445
Pnpla7,-0.0436606526482431
Pnpla8,0.3754260627458017
Pnrc1,0.41245551289031335
Poc1a,0.1076621683355043
Podxl,0.9903316908772622
Pof1b,0.7710610737182156
Poldip3,0.22240410929728813
Pole2,-0.056450778713100815
Pole4,0.2862067682754468
Polr1d,0.1938453267404874
Polr2a,-0.4843704249992506
Polr2c,0.4426085158001544
Polr2e,0.5400380525282323
Polr2f,0.08747018267656843
Polr2g,0.6233343021873385
Polr2i,-0.07374082574994326
Polr2j,0.09440878178155211
Polr2k,0.37762521064501325
Polr2l,0.3015202649561027
Polr2m,0.8251350638023733
Polr3d,-0.05638539162859535
Polr3e,0.6545675113106413
Polr3gl,0.6681333365775736
Polr3k,0.4591518702300267
Pomc,-0.06731740040199476
Pomgnt1,0.5380660383693808
Pomp,0.6924045008572304
Pop5,0.628651580232104
Por,0.5607365690291304
Pou2f1,-0.06822521152353675
Pou3f3,0.9308805225957526
Pou6f1,0.19417231104809007
Ppa2,0.6375421131744009
Ppara,0.8052617658905388
Pparg,0.6098173412753335
Ppargc1a,0.9204688394983608
Ppargc1b,0.3808351258826842
Ppat,0.2973264267202996
Ppdpf,0.5841868998340961
Ppfibp1,0.8004981079840211
Ppia,0.36574786065791154
Ppib,0.4660421581213422
Ppic,0.8903955110673075
Ppie,0.29679997677926573
Ppig,0.33081324742761037
Ppih,-0.2489038930444334
Ppil2,-0.5609743669921058
Ppip5k1,0.23733769403114352
Ppm1b,0.227079224338276
Ppm1h,0.6169472660597692
Ppm1j,0.7729731925308847
Ppm1l,0.1706236412260511
Ppp1ca,0.6853400811474216
Ppp1cb,0.7695777763645097
Ppp1cc,0.5105921441163535
Ppp1r10,-0.38100565282253923
Ppp1r11,0.6423053644628737
Ppp1r12a,0.5018740434722934
Ppp1r12c,0.8775309844764334
Ppp1r14a,0.9975124108201284
Ppp1r14b,0.03443899071207123
Ppp1r16b,0.5420979795644597
Ppp1r18,0.5458054365977651
Ppp1r1a,0.9470766990309313
Ppp1r1b,0.9679908641737328
Ppp1r2,0.7769786282066007
Ppp1r26,0.037101386085378385
Ppp1r7,0.0010348133223866591
Ppp1r9a,0.46247021985670445
Ppp2ca,-0.06374639022388263
Ppp2r1a,0.5777451342215115
Ppp2r2b,0.4734551416179502
Ppp2r2d,0.29667064802083626
Ppp2r3a,0.7860613949024101
Ppp2r3d,0.27637656815427186
Ppp2r4,0.04298482200622238
Ppp2r5a,0.37337678976848393
Ppp2r5c,0.08255400775287641
Ppp2r5e,0.36443536534524545
Ppp3ca,-0.21089674823002955
Ppp3cb,0.16792765489616576
Ppp4c,0.6765467375577509
Ppp6c,0.38013152220910024
Ppp6r1,0.02998881803647729
Ppp6r3,0.2673764514264648
Ppt1,0.7440026897839087
Ppt2,0.41464173966300855
Pptc7,0.4615827714470784
Pramef8,0.02700983934841622
Prdm1,0.8325703607909472
Prdm10,-0.04221413619314162
Prdm16,0.5584365545204296
Prdx1,0.8917395169384669
Prdx2,0.7018213488631707
Prdx3,0.7823637349672028
Prdx5,0.9280414367458737
Prdx6,0.5420846910241076
Preb,0.12414943018233253
Prelid1,0.4441876343551278
Prelp,0.372485717609561
Prex2,0.9921025959866056
Prickle2,0.9754110548931746
Prkaa2,0.8815568568218316
Prkab1,0.37479534404176534
Prkaca,0.4557646896170396
Prkag2,0.34837895107355704
Prkar1a,0.3571189070444996
Prkca,-0.2503669299984076
Prkcd,-0.20283495535293822
Prkcdbp,0.986305328276804
Prkce,0.3074332714679197
Prkch,0.681381124525563
Prkcq,0.8190210772595412
Prkcz,0.5158927051152236
Prkd1,0.6333017475774988
Prkd2,0.3138983307949173
Prkd3,-0.1580510841904747
Prkg1,0.8999619235323718
Prlr,0.3681650210348146
Prmt1,0.4365938479740449
Proc,0.85687401736879
Procr,0.9587015359733916
Prodh,0.6833870812772909
Prodh2,0.9469591168670081
Prom1,0.5625802051610082
Prom2,0.5814693949666618
Pros1,0.8496056061094494
Prosc,0.6387091852595014
Prox1,0.9416696039632445
Prpf18,0.01944895727776736
Prpf19,0.21454819847988632
Prpf38b,-0.011346169384258283
Prpf40a,-0.022691959271327847
Prpf4b,0.3730052469206665
Prps2,0.7369932606380701
Prr13,0.6069067636045804
Prr14,-0.17826503699199087
Prr15l,0.8522508957425375
Prrc2a,0.2494428726505209
Prrc2b,0.23485038599276625
Prrc2c,0.5336771023679412
Prrg1,0.7856572801137538
Prss23,0.8766494877710937
Prss41,-0.10572629896246426
Prss53,-0.08429126957413396
Prss8,0.721463758389751
Psap,0.806332735534167
Psd3,0.41997330542879446
Psenen,0.5763362736292117
Psip1,0.09372079031069801
Psma1,0.4537094323586661
Psma2,0.5400811562889817
Psma3,0.5433160093305811
Psma4,0.42005314527048304
Psma5,0.590396809084045
Psma6,0.5931764069295039
Psma7,0.5273184538226047
Psmb1,0.4808325532932584
Psmb10,0.9449818109484993
Psmb2,0.45072838151842176
Psmb3,0.32790720348242
Psmb4,0.29306163309404487
Psmb5,0.11162743946439374
Psmb6,0.46880272340293333
Psmb7,0.10898247737784143
Psmb8,0.9553964759956799
Psmb9,0.9110832637155893
Psmc1,0.3639699001041325
Psmc2,0.5138145785600582
Psmc3,0.545984951281606
Psmc4,0.4516796182316233
Psmc5,0.4037711682192781
Psmc6,0.3762387102633832
Psmd1,0.5201308815739604
Psmd10,0.6075736453946157
Psmd11,0.19589978278628403
Psmd12,0.42184033744209976
Psmd13,0.23699379545607685
Psmd2,0.3384269470452006
Psmd3,0.6753582290077292
Psmd4,0.4834440913372424
Psmd6,0.3498590237499545
Psmd7,0.2731627857655796
Psmd8,0.12937869513027775
Psmd9,0.30067902300818034
Psme1,0.8250501484011457
Psme2,0.8767937929221321
Psme2b,0.0697353098946024
Psme4,0.08853555368707296
Psmf1,0.02936790233814329
Psmg2,0.362680349832208
Psmg3,0.05302483457123495
Psmg4,0.18285242463209914
Psph,0.36771443562843936
Ptbp1,0.09108546307998489
Ptbp2,0.009496136404316926
Ptbp3,0.7845635171569345
Pten,0.05902492192917239
Pter,0.8844824432615144
Ptgds,0.8748376579694107
Ptger1,0.8851423702433941
Ptger3,0.9155937098694209
Ptges3,0.19228984812438127
Ptgfr,0.9571400278321452
Ptgr1,0.5675683622206515
Ptgr2,0.5577470859741553
Ptgs1,0.7921932849184331
Pth1r,0.9325482073088674
Ptk2,0.6783833906333666
Ptk2b,0.040782435804141724
Ptk7,0.7314280077205783
Ptma,0.8257538759970445
Ptms,0.6706143907213892
Ptn,0.7319951714961961
Ptov1,0.8357517999507086
Ptp4a2,0.7114561643748739
Ptp4a3,0.9642117455234132
Ptpn13,0.4662154225356107
Ptpn14,0.8907077592935948
Ptpn18,0.9428273535991323
Ptpn2,-0.2668387188493896
Ptpn22,-0.07667060817712626
Ptpn3,0.5037284741654457
Ptpn4,-0.1509140146051582
Ptpn6,0.833617073070175
Ptpn9,0.3796642391362808
Ptpra,0.5523390314762994
Ptprb,0.9600341898562226
Ptprc,0.9120999737492419
Ptprcap,0.8901999409813652
Ptprd,0.5367512606910189
Ptprf,0.9005300387637009
Ptprg,0.8112797022388196
Ptprj,0.32550626615025313
Ptprk,0.6934131046384552
Ptprm,0.8581093776829941
Ptpro,0.9666974382560802
Ptprs,0.5936603349796936
Ptpru,0.9816488899802188
Pts,0.6108764743965835
Pttg1,0.2836022126128109
Pttg1ip,0.7901566782589491
Puf60,0.4082706961305673
Pum1,-0.04685445751725588
Pum2,0.23611375183937278
Pura,0.6243928235890375
Purb,0.7098880964758176
Pvalb,0.9800909274419806
Pvrl2,0.7323530290373598
Pvrl3,0.8474539712966076
Pwwp2a,-0.1299737014744105
Pxmp2,0.8888750114913371
Pxmp4,0.7295938048359079
Pxn,0.17782827748707283
Pycard,0.8469004375521804
Pycr2,0.17506321644717107
Pygb,0.6609929648842832
Pygl,0.8553410503570048
Pygm,0.6349870648519924
Pyroxd2,0.8913077122588429
Pyurf,0.7711510378253064
Qdpr,0.7908360886047868
Qk,0.6418568068405982
Qprt,0.8158494245032869
Qrich1,-0.25229638739532123
R3hcc1l,-0.01879306494423244
R3hdm1,-0.26650299638732095
R3hdm2,0.45827448264784865
RP23-207N5.4,0.19192883226054608
RP23-306P12.2,0.8248359515732058
RP23-36D15.6,-0.009531800629059136
RP23-44H21.1,0.4667056032899207
RP23-4H17.3,-0.02028814516220704
RP23-60P18.10,0.5902398779129274
RP23-6I17.1,0.7084331116510699
RP24-350A15.6,0.4920359029488559
RP24-362L9.2,0.5331706327774772
RP24-64C6.3,0.9143368732373222
Rab10,0.06388244851170533
Rab11a,0.523598143454371
Rab11b,0.5564229163444779
Rab11fip1,0.6372540830243006
Rab11fip2,0.18825400136524006
Rab11fip3,0.6147040920452184
Rab14,0.42255212245692847
Rab15,0.7380320545463112
Rab17,0.6855233801510654
Rab18,0.4252763286785561
Rab19,0.5408036672787578
Rab1a,0.8086455240655029
Rab1b,-0.06394982784175683
Rab24,0.1522382690207432
Rab27b,0.38993212839169167
Rab28,0.5063063711293956
Rab2a,0.34736879504550366
Rab30,0.21683718656505338
Rab31,0.6797969912324326
Rab33b,0.037503405453876565
Rab34,0.7025270867555353
Rab3b,0.9866631527040886
Rab3ip,0.9312790515464622
Rab4a,0.4848272513443728
Rab5c,0.29111242195365894
Rab6a,0.8214011371788903
Rab7,0.39058412377688717
Rab8a,0.7952370575410307
Rab8b,0.7733561776886186
Rab9,0.13790348617953416
Rabac1,0.7529519566077884
Rabep1,-0.15898347132222942
Rabep2,-0.11161372252521233
Rabgap1,-0.03032621344324076
Rabgap1l,-0.20743808665456437
Rabgef1,0.041095129147819646
Rabggta,0.2466915936800894
Rac1,0.6902225886713418
Rac2,0.9589558442019843
Rad21,0.7914336750695895
Rad23a,0.4711976516228412
Rad23b,-0.04789512271150279
Rai14,0.43033385251725365
Rala,0.2784679533318507
Ralbp1,0.5169836000032585
Ralgapa1,0.1601914819784515
Ralgapa2,0.6403859701934193
Ralgapb,0.18721984144550957
Raly,0.7240220261439737
Ralyl,0.4587567966009436
Ramp1,0.9069009752198984
Ramp2,0.9781118721053695
Ramp3,0.9440816782442367
Ran,0.42904664955837446
Ranbp1,0.5408692336410534
Ranbp3l,0.7087803567714417
Rap1a,0.6571862877784383
Rap1b,0.8526117603997737
Rap1gap,0.9244964116884221
Rap1gap2,0.8150637176885032
Rapgef2,0.2503676812752874
Rapgef3,0.7382357959614575
Rapgef4,0.6957001368398901
Rapgef5,0.8905167296848104
Rapgef6,-0.2963305629705448
Rapgefl1,0.3073264765619592
Raph1,0.4243354531566996
Rarb,0.6158885165781969
Rarg,0.8258607425884025
Rarres2,0.985945759572087
Rars2,-0.015316126412908256
Rasa1,-0.09581964444840584
Rasa2,-0.0009371203868416417
Rasal1,0.11980549874748365
Rasal2,0.606371957481382
Rasd2,0.5478121085815237
Rasef,0.6267953715835844
Rasgrf2,0.8468232706837232
Rasgrp1,0.7221688742377076
Rasgrp2,0.8614427518890069
Rasgrp3,0.9122769490352828
Rasip1,0.9921360459392092
Rasl11a,0.9832059906841027
Rasl11b,0.8018449120812353
Rassf1,0.6417396309097743
Rassf3,0.5856406416753955
Rassf6,0.8262855646257611
Rassf8,0.715955406080944
Rassf9,0.7032926819919039
Rb1,0.025811371845791013
Rb1cc1,0.16013836864488948
Rbbp4,0.45424049707796493
Rbbp6,0.46191430291112323
Rbbp7,0.40210068256177073
Rbfox1,0.2354469681367402
Rbm12b2,-0.35953632851198863
Rbm14,-0.34473542606530605
Rbm15,0.1940035278105933
Rbm19,-0.0024833025248115494
Rbm20,0.47599249698337204
Rbm25,-0.29208895169800814
Rbm26,-0.1461699222733695
Rbm3,0.8152375495514654
Rbm39,0.4199753281303097
Rbm42,0.5795197474910195
Rbm43,0.3911318678706842
Rbm45,0.3603089024990296
Rbm47,0.7260273545510154
Rbm4b,-0.13124484766490868
Rbm5,-0.121004499821234
Rbm6,-0.3275544357410404
Rbm8a,0.512562196802378
Rbms1,0.7811634038850738
Rbms2,0.4547661892598077
Rbms3,0.8624100155626232
Rbp1,0.8852950458153377
Rbpms,0.8472328023721046
Rbpms2,0.7099858885723679
Rbx1,0.5702192687925687
Rc3h1,0.1642606094119862
Rc3h2,-0.04825386033207144
Rcan2,0.9168353798409853
Rcbtb2,0.5015032634362994
Rcc1,-0.02656481852971394
Rchy1,-0.11796988770598522
Rcn3,0.9269074709630308
Rcor1,-0.08418744098391721
Rdh11,0.10444724594814475
Rdh13,0.3620402210493141
Rdh14,0.49125053880907427
Rdh16,0.9484410287213514
Rdm1,0.44740371675697804
Rdx,0.8456127014113617
Reep3,0.7010821086736962
Reep5,0.7224334004607307
Reln,0.40076637404932647
Rem2,-0.08024883532126564
Ren1,0.9941260830389715
Renbp,0.8408164992687511
Repin1,0.07648569648204412
Reps1,0.10996410951212048
Rer1,0.7092784451420018
Rere,0.19016364505890326
Rergl,0.9905192232531742
Rev3l,0.3574611445520358
Rexo2,0.4179455094694689
Rffl,0.27655540907577963
Rfk,0.5423175150445451
Rftn1,0.6162781873461013
Rfwd2,0.02508287760353844
Rfx5,-0.26587056874151965
Rfx7,-0.3311923685373417
Rgcc,0.9108305738294613
Rgl1,0.737827390072941
Rgn,0.7111863956284185
Rgs1,0.6593406095993447
Rgs10,0.9728692178065924
Rgs11,0.7536089067631212
Rgs5,0.9949374177499727
Rgs6,0.6789113412025952
Rgs9,0.2714709358923265
Rhbdl3,0.9254836535747134
Rhbg,0.9550099473950324
Rhcg,0.978241024752181
Rheb,0.7538739384979424
Rhoa,0.7396742033017398
Rhob,0.9061306498201677
Rhobtb1,0.8272435866604474
Rhoc,0.893348248923543
Rhoh,0.7704843829566057
Rhot1,0.22295940668563038
Rhot2,0.27218093516371505
Rhou,0.7774163980559836
Rhpn1,0.9696531443100415
Rhpn2,0.45235473210819854
Rictor,-0.03082145782937675
Rims2,-0.0496077611427881
Rin2,0.2771979592557604
Riok3,0.07961704294184603
Rlf,0.02723787873125288
Rmdn1,0.37064842570447
Rmnd1,0.3267152580930486
Rmnd5a,0.2751757929647754
Rnase1,0.7613920260556739
Rnase4,0.9063477791899847
Rnaseh2c,0.13628983906500894
Rnasel,0.06393258271868922
Rnaset2a,0.454151045307196
Rnaset2b,-0.090314226476667
Rnf10,0.5900552422776327
Rnf11,0.7430169750202074
Rnf111,-0.11631550076204372
Rnf113a2,0.6372570749649045
Rnf128,0.9392044264957824
Rnf13,0.6629077261008393
Rnf130,0.6168498085635413
Rnf141,0.324558013675389
Rnf144a,0.9350919198625726
Rnf144b,0.47019898549693656
Rnf150,0.8387852906293101
Rnf152,0.8358709074949412
Rnf167,0.12495464004491821
Rnf169,0.04418181263543388
Rnf181,0.5465278249148567
Rnf182,-0.07494559544815095
Rnf186,0.8512333395452019
Rnf187,0.43845843156345454
Rnf208,0.7977145167999158
Rnf216,-0.12106838775878825
Rnf24,0.13897378727365617
Rnf38,0.13483421336641643
Rnf43,0.27797808470377544
Rnf44,0.3889849181240676
Rnf5,0.6390924658446517
Rnf7,0.506270405542699
Rnft1,0.5668010300865486
Rnft2,0.1559709646905988
Rnh1,0.6580325381774269
Rnls,0.3171680463830141
Rnpepl1,0.3399716896655297
Robo1,0.38264823215881605
Robo2,0.9594517391654535
Robo3,0.93390230928751
Robo4,0.9858373799850169
Rock1,0.7284636189260023
Rock2,0.296345332722325
Rogdi,0.8104914631633827
Romo1,0.5634956579460739
Ror1,0.6148588449681113
Rora,-0.0479273967996391
Rorb,0.4443091308534841
Rp9,0.22070058673572104
Rpa3,0.29954716659782193
Rpain,0.4515635480213226
Rph3a,0.2769239440072757
Rpl10,0.8232289737231467
Rpl10a,0.835249869986598
Rpl11,0.8049407821392999
Rpl12,0.8908648626770029
Rpl13,0.7633764177050902
Rpl13-ps3,0.22605697560228766
Rpl13a,0.7752548850317165
Rpl14,0.789969595304079
Rpl15,0.8196189448622323
Rpl17,0.903474147069432
Rpl18,0.8943665484673858
Rpl18a,0.9030482034165472
Rpl19,0.8621355390760043
Rpl21,0.7089548042971787
Rpl22,0.8409107321331276
Rpl22l1,0.7077743581164269
Rpl23,0.8382271126291652
Rpl23a,0.7710824149644304
Rpl23a-ps3,0.32698126238496805
Rpl24,0.668355608040102
Rpl26,0.6727771110554411
Rpl27,0.7877867917756572
Rpl27-ps3,0.4694664391903591
Rpl27a,0.892324603933216
Rpl28,0.7095294493083969
Rpl29,0.3803315720192822
Rpl3,0.8304528290737395
Rpl30,0.8252101016025087
Rpl31,0.6163579634723727
Rpl32,0.8209533055626252
Rpl34,0.9102225777818265
Rpl35,0.796166706463311
Rpl35a,0.907953905646775
Rpl36,0.7995431892477539
Rpl36a,0.7983141577035725
Rpl36al,0.6349515438382803
Rpl37,0.7679440420885054
Rpl37a,0.831715789689452
Rpl38,0.838253083690292
Rpl39,0.8770748172575322
Rpl4,0.8449372967689677
Rpl41,0.5062399187638312
Rpl5,0.8327164343982946
Rpl6,0.7751191223211022
Rpl6l,0.491932226395152
Rpl7,0.7248115433186954
Rpl7a,0.5232367981525755
Rpl7l1,-0.049479411559224765
Rpl8,0.828890877316718
Rpl9,0.852389329020457
Rpl9-ps6,0.5980183579653632
Rplp0,0.7710444924922363
Rplp1,0.8101817073513099
Rplp2,0.8398436357611364
Rpn1,0.6582862655942002
Rpn2,0.6946204552424837
Rpp21,0.2364131954952721
Rpp38,0.5952876609956853
Rpp40,-0.07164111152453219
Rprd2,0.16857002639664684
Rps10,0.8404784766929355
Rps11,0.881694335560756
Rps12,0.8855810272899174
Rps12-ps3,0.6958175856310697
Rps13,0.9031999357337335
Rps14,0.8340072226636478
Rps15,0.813706861495967
Rps15a,0.8913790808024703
Rps16,0.8708400129580948
Rps17,0.42950379125728333
Rps18,0.793925432627051
Rps18-ps3,0.24773088794683223
Rps19,0.815727466955357
Rps2,0.43422067531609926
Rps20,0.7655274290751067
Rps21,0.8024240858920585
Rps23,0.8119934715843291
Rps24,0.8866192765027486
Rps25,0.7460505578515402
Rps26,0.8794249559984824
Rps26-ps1,0.3001663715414993
Rps27,0.7949667864030697
Rps27a,0.8890917216320123
Rps27l,0.5405798778114107
Rps27rt,0.8786908950729785
Rps28,0.8939341675722667
Rps29,0.8435235308219504
Rps3,0.8344060974695843
Rps3a1,0.8442082582019407
Rps4x,0.8627599459786289
Rps5,0.9064716564346406
Rps6,0.8699551283149751
Rps6ka3,-0.11797132359885036
Rps6ka6,0.9894102964398724
Rps6kb1,-0.23295717546873962
Rps7,0.8404631585181054
Rps8,0.7887813480766448
Rps9,0.7958365798864778
Rpsa,0.8694399907905808
Rptor,-0.24467650085987516
Rraga,0.5731994506966669
Rragd,0.8766567292961298
Rras,0.9583710019216615
Rrbp1,0.8452588355665865
Rreb1,-0.1126371151023865
Rrp1,0.38748997727950135
Rrp8,-0.3892577779327576
Rsad1,0.6824429860204146
Rsad2,0.9814758759824042
Rsbn1l,0.341263971470763
Rsf1,-0.11336388464801465
Rsrc1,-0.1323724412021123
Rsrc2,0.5536762279366809
Rsrp1,0.38722953709470637
Rsu1,0.771229472543621
Rtf1,0.4689975685464401
Rtn3,0.8018612148753594
Rtn4,0.8621116343725498
Rtp4,0.8908528712534144
Rufy1,0.15753949449727173
Rufy3,0.7288807587171938
Rufy4,-0.07590404392911475
Rwdd1,0.17114932585261755
Rwdd2b,0.47172356514768216
Rwdd4a,0.6512009975135384
Rxra,0.43209102006463074
Ryr2,0.10407516952070052
S100a1,0.926912889073711
S100a10,0.9149271928332641
S100a11,0.8173594144466263
S100a13,0.547862062689332
S100a16,0.9213260817595391
S100a4,0.6881634467838152
S100a6,0.8081023539575752
S100a9,-0.0607314205027107
S100g,0.7688456086111962
Sacm1l,0.3450722472794717
Safb,0.014411068347847604
Sall1,0.6399880202015649
Sall2,0.43223132423310373
Sall3,0.9542921507418709
Samd12,0.6740307040674026
Samd4,0.7022595597433784
Samd9l,0.4605205097238899
Samhd1,0.8702579495033379
Samm50,0.5692959342854276
Sap18,0.5658980137576717
Sap30,0.7501871104142094
Sapcd1,0.9407965208303242
Sar1a,0.599703197679891
Sar1b,0.23299404721023054
Saraf,0.7514900140930936
Sardh,0.874846602649659
Sarnp,0.5870994374463815
Sars,0.18432632252346737
Sash1,0.6557881479396221
Sash3,0.6396573831366058
Sat1,0.8059995593716665
Satb1,0.8722545289815625
Saysd1,0.45048005592056156
Sbds,0.6802101663962291
Sbf2,0.14691421318990172
Sbno1,-0.22636467252222267
Scaf11,0.3448848014759275
Scaf8,0.06661708750299894
Scamp2,0.5296107105135218
Scand1,0.6026756725484579
Scaper,-0.07207507758872526
Scara5,0.1876421038390365
Scarf1,0.586862413174292
Scarf2,0.9326733921078589
Sccpdh,0.4381890329150019
Scd2,0.8792871576054798
Scel,0.8628539983720496
Scfd1,0.17434257562212113
Scg5,0.8976308615281591
Scimp,0.8567512307170971
Scin,0.6774565216184675
Scly,0.3864474398518901
Scml4,-0.07466764202923937
Scn2a1,-0.014837180506683458
Scn4b,0.7780389681962192
Scnn1a,0.9737181229758183
Scnn1b,0.9447052166575959
Scnn1g,0.900463076593981
Scoc,0.7935654916448921
Scp2,0.8100944788309924
Scrn2,0.861018915454564
Scube3,0.6434112481378386
Sdc2,0.8363637846093598
Sdc4,0.9671629722147801
Sdcbp,0.47567697904588524
Sdccag3,0.16857569477060327
Sdf2,0.40138849379415076
Sdf4,0.6999816338030792
Sdha,0.8474450949280737
Sdhaf4,-0.03474416389364295
Sdhb,0.9177537722338558
Sdhc,0.8248683486030167
Sdhd,0.8263626831629398
Sdk1,0.2847765452325898
Sdpr,0.9434415293853927
Sec11a,0.9342711243559964
Sec11c,0.5553211779092425
Sec13,0.34731391654764215
Sec14l1,0.6808568048457794
Sec23b,0.08776463541509713
Sec24a,-0.17393642224156797
Sec31a,0.5187099960550989
Sec61b,0.394659742753647
Sec61g,0.22040175820133942
Sec62,0.793104659401482
Secisbp2l,0.08521648724373697
Sel1l3,0.8459419025894166
Selenbp1,0.9442290266245718
Selenbp2,0.7846448564351464
Selk,0.8287096564017369
Sell,0.7182157328325951
Selm,0.9097137825403939
Selplg,0.9695231181472358
Selt,0.5394704308764785
Sema3d,0.9349633595594954
Sema3e,0.9893571598833434
Sema3f,0.9293436681638575
Sema3g,0.978435051743162
Sema4a,0.058002938071034654
Sema4c,0.894867607926317
Sema4d,0.3402271118122719
Sema5a,0.9135261490680896
Sema6a,0.8903407692394671
Sema6c,0.2615392194849851
Sema6d,0.8559968836084233
Senp2,-0.20667394846286724
Senp6,0.09575196230536598
Senp7,-0.04152957625054962
Sep15,0.6364321876320367
Sephs2,0.8375279723094097
Sepp1,0.8379064899810438
Sept1,0.9531669191160109
Sept11,0.7544677536856147
Sept2,0.5115152622232473
Sept4,0.8154724621592564
Sept6,0.04901070984053954
Sept7,0.8189825950483792
Sept8,0.8218350960856355
Sept9,0.6631262536016633
Sepw1,0.7930236437287401
Serbp1,0.6098145028486223
Serf1,0.7706950801510446
Serf2,0.38556330833215746
Serinc1,0.8348431326708111
Serinc3,0.8350084362697691
Serinc5,0.3991358953968304
Serp1,0.6306301561891091
Serpina1b,0.6786544463750259
Serpina3b,0.32384332791701986
Serpina3g,0.11625718528788966
Serpinb1a,0.8409649096255841
Serpinb6a,0.7773172616491348
Serpinb9,0.7335476965139089
Serpine2,0.9892973352994746
Serpinf2,0.8047368412091189
Serping1,0.9811612010086835
Serpinh1,0.9532951397903817
Sesn1,0.10880112538828049
Sesn3,0.46138794432906377
Sestd1,0.8015434968776192
Set,0.2840483820175715
Setbp1,0.3639526205320928
Setd2,-0.19963698753610684
Setd3,0.3850924036618956
Setd5,-0.22395474680340116
Setd7,0.42034377450827387
Sf1,-0.3369235033189867
Sf3b1,0.6602995433806707
Sf3b2,0.7040215908050436
Sf3b5,0.6205380172687311
Sf3b6,0.3189322432240527
Sfmbt1,-0.08772449087964847
Sfpq,-0.17921857104414454
Sfr1,0.400998522162964
Sfrp1,0.9766565858391081
Sfrp2,0.9780198587758419
Sfswap,0.09512522268362969
Sfxn1,0.7158124780813199
Sfxn3,0.41415647455047405
Sfxn5,0.7028661869071355
Sgcd,0.10617805709209151
Sgip1,0.948088113411991
Sgk1,0.8130987077458708
Sgk2,0.6836049595700664
Sgms1,0.1661092613749978
Sgms2,0.8595198559956158
Sgpp1,0.5070373439801099
Sgpp2,0.8998313353743265
Sgsm1,0.5941965300689821
Sgta,0.3664297190428738
Sh2d4a,0.9301639422089123
Sh2d4b,0.09267301424749472
Sh3bgrl,0.6493678319895316
Sh3bgrl2,0.871265667805843
Sh3bgrl3,0.8670396330606298
Sh3bp1,0.7272308433370881
Sh3bp4,0.6557478327045287
Sh3bp5,0.9136732002194288
Sh3d19,0.39378202930809564
Sh3gl2,0.7474195939440011
Sh3glb1,0.7713195884306516
Sh3kbp1,0.6873478986655006
Sh3pxd2a,0.8382497850455977
Sh3rf1,0.2481933953904098
Sh3tc2,0.1016981520532149
Shank1,0.475640983436054
Shank2,0.7752491832877239
Shank3,0.5535593266159147
Shd,0.949726812687149
Shfm1,0.3322059276031608
Shisa5,0.9240383349232052
Shmt2,0.494368583083444
Shroom2,0.6034309631345629
Shroom3,0.7155868330460551
Shroom4,0.4027063774313645
Sigirr,0.7995691020322653
Siglech,0.7932158826382092
Sik2,-0.1759122245826853
Sik3,0.02868271041899212
Sil1,0.18871960290344947
Sim1,0.8378878908336265
Sim2,0.9807511077620064
Sin3b,0.4231839977883035
Sipa1,0.8040249794527207
Sipa1l1,0.27206959639194855
Sipa1l3,0.24853801032336698
Sirt2,0.6002702270128877
Sirt3,0.7836162917549834
Sirt7,-0.12935855133897117
Siva1,0.7268531331203598
Six4,0.5338446435987186
Skap1,0.9524449604721337
Skap2,0.7081912805435289
Skp1a,0.40956003388442086
Slain1,0.5603786347189992
Slamf9,0.9319707394032039
Slc10a5,0.9329085952797701
Slc11a2,0.267817275865198
Slc12a1,0.9303053891034966
Slc12a2,0.3634125651233928
Slc12a3,0.8588990713844846
Slc12a4,0.9360081878917015
Slc13a1,0.6950158056876128
Slc13a3,0.912981991232673
Slc14a1,0.6691840747759451
Slc14a2,0.25949917868298406
Slc15a2,0.3512981350234235
Slc16a10,0.17802106283594937
Slc16a12,0.8566391330486992
Slc16a2,0.8303608096318519
Slc16a5,0.14420110410087225
Slc16a7,0.8852482056098673
Slc16a9,0.9242916465953508
Slc17a1,0.9135736321820223
Slc17a3,0.9439386175824522
Slc17a9,0.3160778876648438
Slc18a1,0.9686009176305229
Slc1a1,0.9588613481634362
Slc1a3,0.48228199092716306
Slc1a5,0.6886031826755842
Slc22a1,0.9333097454079553
Slc22a12,0.9339823452476983
Slc22a18,0.8541564250161634
Slc22a2,0.8015135194275403
Slc22a22,0.9854841457130887
Slc22a23,0.7642077498484485
Slc22a28,0.9162724588629008
Slc22a30,0.5279214662794354
Slc22a4,0.6337029263602656
Slc22a5,0.6452619260022892
Slc22a6,0.7938114971589405
Slc22a7,0.7551808217704828
Slc22a8,0.9454974721826438
Slc23a1,0.9154043697868068
Slc25a10,0.8647342680011857
Slc25a11,0.5351435511483582
Slc25a12,0.7636419002689251
Slc25a13,0.8043848906843796
Slc25a17,0.4804456047185702
Slc25a19,0.5270055486150296
Slc25a21,0.530527126554185
Slc25a27,0.05895462722665886
Slc25a3,0.8488753287740944
Slc25a36,0.3967040597131274
Slc25a39,0.808994179936585
Slc25a4,0.831360054958295
Slc25a42,0.526740574226684
Slc25a43,0.1086900045138779
Slc25a46,0.046787560361935744
Slc25a5,0.7474273313158072
Slc25a51,0.4949934864682696
Slc26a1,0.8592505957896539
Slc26a10,0.7271379052576993
Slc26a4,0.729020673547045
Slc26a7,0.7686072287289274
Slc27a2,0.8225657546458098
Slc2a13,0.524372358459157
Slc2a2,0.9331234526263109
Slc2a4,0.8453670523787583
Slc2a9,0.5102205869128229
Slc30a4,0.5546219407532009
Slc30a9,0.7648850221873448
Slc31a1,0.8708223524497942
Slc33a1,0.5303227778239443
Slc34a1,0.8047174162070934
Slc34a2,0.8696246454505261
Slc34a3,0.9585018372969387
Slc35a3,0.09318163933881901
Slc35f1,0.4812296855147074
Slc35g1,0.8601529976355672
Slc36a1,0.7418422010064293
Slc37a4,0.7266123648444544
Slc38a2,0.5157753662196892
Slc38a9,0.04035931988677758
Slc39a1,0.44067098443170843
Slc39a13,0.4580695751148178
Slc39a3,-0.2041897066013165
Slc3a1,0.8784235622705446
Slc3a2,0.7340589423276727
Slc40a1,0.4341165929125426
Slc43a2,0.8134113407965706
Slc43a3,0.9244838625145453
Slc44a1,0.8437713420121831
Slc44a3,0.9357991882815555
Slc45a4,0.7184125631243845
Slc47a1,0.8459380055236477
Slc48a1,0.7140666665899291
Slc4a1,0.8939430437551269
Slc4a11,0.7465737302394662
Slc4a2,0.3762403911811951
Slc4a3,0.75170912235417
Slc4a4,0.8316295936859436
Slc4a5,0.8795462025096844
Slc4a9,0.8268698906392751
Slc50a1,0.7882729648375301
Slc51a,0.9649066096237023
Slc5a10,0.9675576731192758
Slc5a12,0.7395947648924192
Slc5a2,0.8137413053276474
Slc5a3,0.9548895547385989
Slc5a8,0.9498226802468953
Slc6a12,0.5154142472860395
Slc6a15,0.5517280633269068
Slc6a17,0.8612158760972676
Slc6a18,0.44873631647295537
Slc6a19,0.7975310095447723
Slc6a20b,0.8621086857217037
Slc6a6,0.8224891924710286
Slc6a8,0.8603459859322342
Slc7a1,0.21311625177878513
Slc7a12,0.7017076076026685
Slc7a6,-0.27587708804192324
Slc7a7,0.8908795528723267
Slc7a8,0.7077071486012545
Slc7a9,0.8948287424182726
Slc8a1,0.287073874151283
Slc9a3r1,0.6931119925427588
Slc9a3r2,0.9837887206669073
Slc9a4,0.4041677050568487
Slc9a8,-0.030381494662027306
Slc9a9,0.37419769210381704
Slco1a6,0.44008993044053557
Slco2b1,0.1961726239109641
Slco3a1,0.5122043521718752
Slco4a1,0.5186973459138674
Slfn1,0.9134428107557243
Slfn2,0.9313396996025702
Slfn5,0.7772599823266865
Slirp,0.3517927868751795
Slit2,0.9072237953337965
Slit3,0.9684757934836261
Slk,0.02996388077945653
Slmap,0.530158931419018
Slpi,0.33765415479017175
Sltm,-0.5668730293321447
Slx1b,0.6163077744800997
Smad3,0.11828178981807516
Smad6,0.7906237099918678
Smad7,0.5561259394194793
Smagp,0.893297354705719
Smap1,0.048142048639782026
Smarca2,0.16174448663939087
Smarca4,0.03043890516636788
Smarca5,0.3237984248830134
Smarcb1,0.44246623094187476
Smarcc2,0.20137534135055885
Smarce1,0.23898608764932838
Smc1a,0.4743169549520162
Smc2,0.4311980364924098
Smc3,0.058551940307568044
Smchd1,-0.3186663342353873
Smco4,0.843506315770907
Smdt1,0.5083227051746539
Smek1,0.19291476246851666
Smek2,-0.37244764077518655
Smg1,-0.4917952951947471
Smg6,-0.14255520971404204
Smg7,0.06020933073907199
Smim1,0.8934789365130517
Smim10l1,0.8299933243513324
Smim11,0.35326894693218275
Smim14,0.7604556976982677
Smim20,0.6706062002911458
Smim22,0.8804774893379661
Smim24,0.8543220835448548
Smim4,0.6992343277689016
Smim7,0.6158053781218747
Smlr1,0.9686420483385177
Smoc2,0.09445295144769066
Smpd1,0.6332789665396693
Smpd2,0.591047521053536
Smpdl3a,0.7507176215900154
Smpx,0.6650179571289525
Smtnl2,0.7422629238462042
Smug1,-0.25663300606494216
Smurf2,0.26070202401127107
Smyd3,-0.18150881174903521
Snai1,0.529808729552696
Snap91,0.5787880531777345
Snapc3,0.11919129459215584
Snapc5,0.37152906317491674
Snca,0.7285542465539963
Sncaip,0.9525764650519029
Sncg,0.9745808102594963
Snd1,0.009975404296489297
Sned1,0.5296860777427219
Snf8,0.2796988884052765
Snhg11,0.744993633183904
Snhg18,0.8001912662802348
Snhg20,0.15850415950361038
Snn,0.8126667368896027
Snrnp25,-0.024491961889548622
Snrnp27,0.3985514192765767
Snrnp70,-0.38884028769729345
Snrpb,0.5625690938380401
Snrpc,0.6787582604432305
Snrpd1,0.36581512914615644
Snrpd2,0.19484806521317796
Snrpd3,0.2916176776291613
Snrpe,0.5002122295950978
Snrpf,0.40741042869604577
Snrpg,0.7706919585980958
Snrpn,0.8107103401424779
Sntb1,0.17626488280976568
Snw1,0.45975769797535915
Snx1,0.13664142425492148
Snx13,0.33831744335896813
Snx15,0.0437875342396095
Snx18,0.2469989895849917
Snx2,0.6744179374576958
Snx27,0.11134374983569376
Snx29,0.419849672906874
Snx3,0.5091140431176723
Snx5,0.6732606754406131
Snx6,0.4662670341704676
Snx7,0.915528712663796
Snx8,0.3907895214978211
Sobp,0.030442384084950706
Socs5,0.5590204606160782
Socs6,0.35082343924887427
Sod1,0.7228065237106743
Sod2,0.5929522111086578
Sod3,0.6996025319432092
Son,0.47923362205208964
Sorbs1,0.7500999180721994
Sorbs2,0.9157473469614374
Sorcs3,0.24532827107757862
Sord,0.86374404358773
Sorl1,0.7181413393331532
Sort1,0.8699914896903757
Sos1,-0.09160124587082406
Sostdc1,0.9417563808616686
Sowahc,0.4973197881413729
Sox11,0.8578994405470818
Sox12,0.6168606367751887
Sox17,0.9971954149442498
Sox18,0.9990153498424661
Sox4,0.7977203676551234
Sox5,0.5734806905241323
Sox6,0.7698549029067128
Sp100,0.8703859203562669
Sp110,0.9016580054055743
Sp3os,0.6033019126002567
Sp4,0.21040174754124252
Spa17,0.5919990667707973
Spaca6,0.4154148120840325
Spag5,0.34902984656629354
Spag7,0.23722451387892793
Spag9,0.33797382774010354
Sparc,0.9680672497529845
Sparcl1,0.9909243669808769
Spata13,0.09907017819647336
Spc25,0.7124806757208468
Spcs1,0.45230516237539703
Spcs2,0.6802835089601037
Specc1,0.5820387096080757
Spef2,0.07701900137234606
Speg,0.9900543278876964
Spg7,0.5663483928887638
Sphk1,0.9237831451752837
Spi1,0.9500316960970293
Spin1,0.3374382166639984
Spink1,0.8557449143331293
Spink4,0.8100068409239054
Spink8,0.9865885125851114
Spint2,0.8995902420797035
Spns2,0.7800089346725452
Spns3,0.871159231684951
Spon1,0.8739933618839607
Spop,0.39651757942291227
Spp1,0.7948406119317564
Spp2,0.583514203638279
Sppl2a,0.3596988378419108
Sppl3,0.020685555494137045
Spr,0.8400679696808259
Spred2,0.006274579490310324
Spry2,0.5964255133165798
Spryd7,0.5034107208827263
Spsb2,0.3432764008153692
Sptan1,0.537853590469778
Sptb,0.587995570298888
Sptbn1,0.7430893940771213
Sptbn2,0.9302126529671205
Sptlc2,0.23168711431141126
Sptssa,0.5327762828902676
Sptssb,0.2531223293797128
Sqstm1,0.7696140996267329
Sra1,0.513648385526609
Srek1,0.10954779428107947
Srek1ip1,0.37373347169525734
Srgap1,0.9877598689300578
Srgap2,0.43472131750386067
Srgap3,0.7517508757249746
Srgn,0.9555636517877567
Sri,0.5995772218072898
Srp14,0.5396904256640049
Srp19,0.4035838264298589
Srp9,0.3975435116164107
Srpk1,0.5515369987948536
Srpk2,0.37734194599080245
Srpr,0.7681872107476001
Srr,0.6567377457907577
Srrm1,0.7392724210300079
Srrm2,0.16370530740431716
Srsf1,0.07939133594224144
Srsf10,0.002217722619766328
Srsf11,-0.28008290968832394
Srsf2,-0.22270584592201506
Srsf3,0.6178645156468962
Srsf5,0.6557771251112057
Srsf6,0.07642857561215033
Srsf7,0.3662850491763842
Srsf9,0.4069048067267291
Ssb,0.6594777474200436
Ssbp1,0.012488905617379692
Ssbp2,0.6611089835050713
Ssbp4,0.5042177702279734
Ssc4d,-0.10077190633523053
Ssfa2,0.6527971331121097
Ssh2,-0.1053517184654854
Ssna1,0.17657953702588583
Ssr2,0.6403370955397009
Ssr3,0.47021706133475694
Ssr4,0.5770002983083934
Ssrp1,0.16756912113916356
Ssu72,0.5635214233746103
St13,0.30712079431283645
St14,0.9023730245168079
St3gal1,0.9122889367653819
St3gal3,0.7510467479254804
St3gal4,0.69936828552832
St3gal6,0.7810430135345959
St5,0.5778160067798118
St6gal1,0.7991453374897772
St6galnac2,0.7353124948955961
St6galnac3,0.9476165052446998
St8sia1,0.9246850201348871
St8sia4,0.18944678102778015
Stab1,0.8599462115895394
Stag1,0.11382949617514365
Stag2,-0.22185687904008491
Stambpl1,0.1319509389864783
Stap2,0.8708837129555163
Stard10,0.7762589870988871
Stard4,0.45764950291345685
Stard5,0.5504307816874152
Stard7,0.39481201329135834
Stard8,0.6079198201640178
Stat3,0.05353839846078141
Stat5b,-0.08686386281218379
Stau1,0.02125479936198992
Stau2,0.14499110266161144
Stc1,0.9649409493358994
Stc2,0.7527394119341336
Steap2,0.6907115598960889
Stim1,-0.1801619313705657
Stk11,0.4705936420075934
Stk16,0.5906726509799286
Stk19,0.057636881332424526
Stk24,0.37668489698546187
Stk32a,0.6825399917343293
Stk32b,0.9486484478850769
Stk38,0.0818191032467609
Stk39,0.7751786640759069
Stmn1,0.581983574323667
Stmn2,0.991935098180103
Stoml2,0.256013468032914
Ston2,0.20411682065224193
Stox2,0.27883448975259834
Stra13,0.18562981558974048
Strap,0.21471119054316345
Strbp,0.6020500211647575
Strip2,0.4674297532915129
Strn3,0.3986475004093563
Stt3a,0.1804705929955607
Stub1,0.508457095200002
Stx16,0.13487718585118352
Stx4a,0.555315267240271
Stx5a,0.13997185345184607
Stx7,0.7427401422786558
Stx8,0.2201281759055854
Stxbp4,0.6776167302494777
Stxbp5l,0.22762889691990165
Stxbp6,0.5388308458432886
Sub1,0.8007702220471736
Sucla2,0.6350136108070296
Suclg1,0.8340743124324219
Suclg2,0.8916081494957101
Suds3,0.6573676278158175
Sufu,0.17600345493524416
Sugct,0.6999037270484328
Sugt1,0.41487655956916447
Sulf1,0.9855434198421833
Sulf2,0.24490996140871632
Sult1c2,0.9187536631651417
Sult1d1,0.9110788735149424
Sult2a3,0.41309394596401783
Sumf1,-0.20545229968632364
Sumo1,0.5274723543616184
Sumo2,0.5972827317020742
Sumo3,0.4911817509123314
Suox,0.6332468430639082
Supt4a,0.6981818100667027
Supt6,-0.21001394522788744
Susd1,0.4384801744391157
Susd2,0.594587004630011
Susd4,0.7686749580677739
Susd6,0.06090578121748536
Suv420h1,-0.1185931937288745
Suv420h2,0.05087389304268966
Sv2a,0.7165637904020624
Svbp,0.03680918824013748
Svep1,0.3717225488109546
Svil,0.2191918748303176
Svip,0.4842274948023305
Svopl,0.09358354347431862
Swi5,0.22851429846965612
Swt1,-0.1798223672523463
Syap1,0.3553785679849063
Sybu,0.23366487120471974
Syce2,0.17456520758400812
Syde1,0.9120222504655927
Syf2,0.6373069175989642
Syn2,0.7632129481555884
Syn3,0.17428298433004327
Syne1,0.8833583528538884
Syne2,0.7756591123018584
Syngr1,0.813999080993151
Syngr2,0.7767454370309524
Synpo,0.9757496700087797
Sypl,0.6555878643220657
Sys1,0.26695489314840265
Syt17,0.7450291401074207
Syt9,0.5280498268189626
Sytl1,0.4413371680798687
Sytl2,0.6577051551023805
Sytl5,0.10605655604488101
Tacc1,0.2246033177724113
Tacc2,0.5312295895372312
Tacstd2,0.9078651181747274
Taf10,-0.08576509127305963
Taf3,-0.11170934051328876
Taf6l,0.18652544501325147
Tagap1,0.5503972042124958
Tagln,0.9880228414373028
Tagln2,0.8741284009814825
Tal1,0.7325856901898572
Taldo1,0.45864285501134305
Tamm41,-0.07474819535717016
Tanc1,0.8178351387508742
Tanc2,0.28966539340569786
Tango2,0.2491268868587959
Taok1,0.30172044723710983
Taok3,0.20310782853663578
Tap2,0.5405186477896812
Tapbp,0.6256617105358145
Tardbp,-0.04596391395928729
Tarm1,0.8362017814755689
Tars,-0.09060875851081897
Tars2,0.2106836102706415
Tarsl2,0.45816473927292967
Tatdn1,0.035526758869883726
Tax1bp1,0.42499246606741886
Tax1bp3,0.790821392095398
Taz,-0.24157297503011052
Tbc1d1,0.23958098056855504
Tbc1d10a,0.3903110181498613
Tbc1d10c,0.9264590689395152
Tbc1d13,0.6187176362166067
Tbc1d14,0.7805452117302109
Tbc1d24,0.8321788337312379
Tbc1d31,0.432489837931826
Tbc1d4,0.6287897734698881
Tbc1d5,-0.21991963969669936
Tbc1d7,0.7244003718177067
Tbca,0.2454266742742646
Tbcb,0.4254613963364554
Tbcc,0.66865744975244
Tbck,0.7543540257887702
Tbl1x,0.06920333229882981
Tbl1xr1,-0.22395779433774085
Tbrg1,0.4504958746970637
Tbx2,0.9002776760844486
Tbx3os1,0.962219766259095
Tbxas1,0.35539328421320615
Tcea1,0.299223937739458
Tcea3,0.892088326286661
Tceal1,0.4870855484107151
Tceal8,0.7764824807710592
Tceb1,0.47105690034697
Tceb2,0.47432827226668084
Tcf12,-0.26579827404735923
Tcf20,-0.2544049723994837
Tcf21,0.9903123500430313
Tcf24,0.5786738138655636
Tcf25,0.47236679053523656
Tcf4,0.9003586627040224
Tcf7,0.9118300137539658
Tcf7l1,0.8397101015512455
Tcf7l2,0.39874395759639497
Tcn2,0.8611059534090534
Tcp1,0.2656280496622138
Tctex1d2,0.4408397010949896
Tdrd3,0.5883592469764473
Tdrd5,0.9908800704536059
Tead1,0.5231422819264318
Tecpr2,-0.07735919101823661
Tecr,0.37057005752207217
Tef,0.5812379409905228
Tek,0.9882027393382016
Tenm2,-0.06726231908716199
Tenm3,0.45625624859047353
Tenm4,0.3409356150246147
Tep1,0.44915022792289416
Tesk2,-0.14170077720489285
Tet2,0.1648707694723784
Tet3,-0.18100954543478168
Tex15,0.6017672782485992
Tex261,0.2251628480336248
Tex264,0.6754337494604963
Tfap2a,0.6712711655436494
Tfap2b,0.9250562177312666
Tfcp2,0.40042617387779694
Tfcp2l1,0.9389048933935645
Tfdp2,0.4523317189901086
Tfg,0.14216229247694634
Tfrc,0.8741501492759889
Tgfa,0.9682382572136418
Tgfb1,0.8627963764540577
Tgfbr1,0.8418390135889858
Tgfbr2,0.8187515796502431
Tgfbr3,0.8359682612890702
Tgoln1,0.35939345220999186
Tgs1,0.06555041396834795
Thap3,0.36039057680435366
Thap4,0.8321254391773426
Thbd,0.9916746917059409
Thbs1,0.8567892986846265
Them7,0.7776680605405241
Themis,-0.03327893503859577
Thg1l,-0.31115401903873885
Thnsl2,0.9283465126644977
Thoc2,-0.04275508071196983
Thoc3,0.24678253109057302
Thoc7,0.059103126428902086
Thra,0.8557154789139958
Thrap3,-0.2970386255553729
Thrb,0.3334213961015518
Thrsp,0.8709828066327608
Thsd1,0.9664534807330747
Thsd4,0.9462455910908758
Thsd7a,0.9712715844148903
Thy1,0.9023622391874744
Tia1,0.3746817293942187
Tial1,-0.035799526713901346
Tiam1,0.7956319215721478
Tiam2,-0.15392130587430886
Tie1,0.9971504469176826
Tigd2,-0.01850240330408018
Timd2,0.5539735457622701
Timm10b,0.12523880979343416
Timm13,0.5209527721254559
Timm17a,0.5382187553018676
Timm8a1,-0.09408733469331437
Timm8b,0.5695303932154844
Timm9,0.19527214809102977
Timp2,0.8924644068888367
Timp3,0.9164695058996533
Tinag,0.8246161523546703
Tinagl1,0.950807158918016
Tjp1,0.9273201273418312
Tjp3,0.740578688200869
Tkfc,0.9004649075619304
Tkt,0.43280307570917015
Tlcd1,0.5474114166588565
Tle2,0.5758776650090207
Tlk1,-0.12922285619043136
Tlk2,-0.026572733257376618
Tln1,0.8966436266330953
Tln2,0.6866340182865984
Tlr3,0.31221557032129094
Tm2d1,0.6583451446288289
Tm2d2,0.5956791108871616
Tm2d3,0.5481577416540675
Tm4sf1,0.9827020662518828
Tm4sf4,0.0852364794775889
Tm6sf1,0.714563659763577
Tm9sf2,0.6595375532056977
Tm9sf3,0.4435238862299679
Tm9sf4,-0.05972475477695862
Tma7,0.5581156044630601
Tmbim1,0.730972096001379
Tmbim4,0.8164245794032478
Tmbim6,0.5373423063849323
Tmcc1,-0.04654107822076041
Tmcc3,0.5545964787604396
Tmco1,0.4986277585051201
Tmed10,0.6602707258632345
Tmed2,0.3716435204126786
Tmed3,0.8554751810911391
Tmed4,0.8149778499158059
Tmed5,0.4912182699578457
Tmed6,0.8593811573583837
Tmed7,0.5899512352248109
Tmed8,0.12613893465565398
Tmed9,0.8605093039498417
Tmem106a,0.726491903314802
Tmem106b,0.711694437323386
Tmem116,0.7863136886435532
Tmem117,0.7010005264425864
Tmem125,0.6663240802768974
Tmem126a,0.6324023519335897
Tmem126b,-0.07539776050500015
Tmem135,0.6251558709929959
Tmem140,0.7989305701669213
Tmem147,0.5586185335911353
Tmem14c,0.19698941561578406
Tmem150a,0.8939849358531163
Tmem150c,0.95529694641761
Tmem151b,0.7787061361026231
Tmem159,0.8862273667801638
Tmem160,0.32996750033701044
Tmem161b,0.00040485794608168413
Tmem163,0.617819112570389
Tmem164,0.2128948706376767
Tmem167,0.5224743360957826
Tmem167b,0.23174291568359626
Tmem171,0.8137754248772633
Tmem174,0.9041246822453252
Tmem176a,0.839981551716483
Tmem176b,0.8366709662676726
Tmem178,0.9268464014678185
Tmem18,0.02238387813195498
Tmem181a,-0.34447209055592126
Tmem192,0.27449795457391574
Tmem204,0.9532944758172412
Tmem205,0.8248280678452116
Tmem207,0.9877369081767384
Tmem208,0.2713106294816564
Tmem213,0.9417894998348002
Tmem219,0.7824246359008411
Tmem229a,0.9767659041386345
Tmem231,0.14672238143584562
Tmem234,0.516983280112463
Tmem238,0.5614317800924106
Tmem240,0.42055635567714167
Tmem242,0.7290347320289684
Tmem243,0.32814246326313207
Tmem245,0.30480894163850686
Tmem25,0.5614619983778859
Tmem252,0.9436633128858088
Tmem256,0.5800231773488317
Tmem258,0.4645069435029034
Tmem259,0.11088557831021127
Tmem26,0.9213500868591854
Tmem27,0.8662072888139092
Tmem29,0.5312493896068361
Tmem30a,0.729279468695908
Tmem30b,0.6574300157409875
Tmem33,0.5095214000747894
Tmem37,0.5423143750121195
Tmem42,0.371830277615735
Tmem45b,0.8810786184351445
Tmem47,0.9792652177404149
Tmem50a,0.7450221908537825
Tmem50b,0.6161892994929206
Tmem51,0.7818441248279456
Tmem52,0.9007239651922521
Tmem52b,0.8562850353422857
Tmem54,0.956612581450815
Tmem56,0.3047083081325411
Tmem57,-0.12875981968211614
Tmem59,0.84028044835373
Tmem65,0.9011222542066986
Tmem72,0.8847865895984961
Tmem8,0.6730675879019483
Tmem86a,0.9073857342636688
Tmem87a,-0.08313688116935522
Tmem88,0.8545455089187564
Tmem9,0.5020898268013527
Tmem9b,0.32813786928740746
Tmie,0.7440025422274837
Tmigd1,0.9641044250733083
Tmod3,0.9222105312883843
Tmpo,0.3173888070551834
Tmppe,-0.07657328151599165
Tmprss2,0.7711150387233826
Tmsb10,0.9317691375266826
Tmsb15b1,0.42320111582533443
Tmsb15l,0.32384966765064055
Tmsb4x,0.9570653004857204
Tmtc1,0.6250146717369274
Tmtc2,0.5741684708447681
Tmtc4,0.31875657082313275
Tnc,0.6575557309573782
Tnfaip1,0.7896091904497211
Tnfaip2,0.9140183983837
Tnfaip8,0.8296926796357957
Tnfaip8l1,0.6637066294915366
Tnfrsf18,0.9034298758880064
Tnfrsf21,0.6916730990633457
Tnks,-0.055542214601393206
Tnks2,-0.2696410096835667
Tnpo1,0.26805780633287085
Tnpo3,-0.02813007090229829
Tnrc18,0.11573599295143584
Tnrc6a,0.0510561472696469
Tnrc6b,0.12270098749577414
Tnrc6c,0.15622437496192257
Tns1,0.913457613019846
Tns2,0.8968056139681965
Tns3,0.691919946956996
Tnxb,0.862355329905622
Tob1,0.9172550832290332
Tom1l2,0.7165089861762057
Tomm20,0.6584856267481273
Tomm22,0.3270707830898018
Tomm40,0.016497997154438483
Tomm5,-0.1911041797692434
Tomm7,-0.019076637675728134
Tomm70a,0.023728062149059974
Tonsl,0.4728625651417203
Top1,0.270963996678841
Top1mt,0.9267496985739646
Top2a,-0.05655304119855756
Top2b,-0.08930098277691763
Top3b,0.5427769906807677
Tor1aip1,0.39174154002277034
Tor1aip2,-0.024844394265125448
Tox,0.8064105959909186
Tox3,0.8904406716515217
Tpbg,0.8427304962292627
Tpcn1,0.7272436228025714
Tpd52,0.7199697622624418
Tpd52l1,0.8733247769785816
Tpd52l2,0.46008740201121057
Tpgs2,0.5488823221340773
Tpi1,0.7915140448691281
Tpk1,0.14786828623545928
Tpm1,0.8841526049654651
Tpm2,0.9857774201152231
Tpm3,0.8614663121862829
Tpm3-rs7,0.8375072662741273
Tpm4,0.7186585860637629
Tpmt,0.9124809850377936
Tpp1,0.584841281605979
Tppp3,0.775638766900895
Tpr,0.7712129345245695
Tprgl,0.7107014444804836
Tprkb,0.5109466364314537
Tprn,0.2672319343256403
Tpst2,0.48543275531552443
Tpt1,0.7088537598884661
Tra2a,0.06683432020724173
Tra2b,0.5204427440616562
Trabd2b,0.7662148973497583
Trac,0.8884922503728402
Trak1,-0.0687797082050936
Trak2,0.590076680233953
Tram1,0.11960682709753025
Trap1,0.8081180644677074
Trappc1,0.29455759036987317
Trappc2,0.4987721174628626
Trappc2l,0.05481937867157014
Trappc3,0.35851532919992796
Trappc4,0.5216867289069768
Trappc6a,0.3313809018973827
Trappc6b,0.6078925934344789
Trappc8,-0.16295412785344693
Trappc9,0.3622886399648099
Trbc1,0.941650198468128
Trbc2,0.9491610262781934
Treml2,0.021123800466377518
Trf,0.9706878154513692
Tril,0.8059721597971538
Trim12c,0.6613336223141174
Trim14,0.6371008491826327
Trim2,0.8883935041151464
Trim21,0.615647164513685
Trim24,0.19040582246110363
Trim26,-0.1471535018973459
Trim33,0.004572553111017075
Trim36,0.5397432701815458
Trim44,0.18752691384427225
Trim47,0.7671468286590442
Trim56,0.3705605311592643
Trim68,0.7268560116739412
Trim7,0.7068803187804482
Trio,0.4501881888016428
Trip12,-0.07905054339461393
Trmt112,0.7136571142077283
Trmt1l,0.038501439809264314
Trnau1ap,0.3579787937575331
Trnp1,-0.18161393281416305
Trove2,0.6405223537091126
Trp53i11,0.6413516804611411
Trp53inp1,0.4348504738333062
Trp53rkb,0.20415462206720378
Trpc1,0.9324111725358257
Trpc3,0.4712019764500334
Trpc5,0.1534460471887557
Trpm3,-0.08063613119010547
Trpm4,0.46903559090521013
Trpm6,0.8947718341308125
Trpm7,0.4316175210596515
Trps1,-0.00952504494544004
Trpt1,-0.08538401207495014
Trpv4,0.6955094723012968
Trpv5,0.48102481943226055
Trpv6,0.6614848839854894
Trub1,-0.18361437591426003
Tsc22d1,0.8613343198875942
Tsc22d2,0.6798978635396631
Tsc22d4,0.6731135081491113
Tsen34,0.8222002506541233
Tsfm,0.5698407367094768
Tsg101,0.24183459755767225
Tshr,0.4454556937066513
Tshz2,0.9010168957779211
Tshz3,0.5345047595002146
Tsn,0.36567922091369265
Tspan1,0.8930186663410561
Tspan12,0.9048008411693491
Tspan13,0.8617903657835082
Tspan15,0.967821314354844
Tspan18,0.5726150713665966
Tspan3,0.8278449249414755
Tspan32,0.6933206738788007
Tspan4,0.9278904143115275
Tspan5,0.6323220096533051
Tspan7,0.9342706680720948
Tspan8,0.8510442819633267
Tspan9,0.8027202963970711
Tspo,0.5446070749482399
Tst,0.7736046478557815
Ttbk2,0.5417677443733693
Ttc1,0.38512329153118646
Ttc14,0.008849867717165559
Ttc17,0.03467592245328101
Ttc19,0.12991912152204146
Ttc28,0.8889785680032124
Ttc3,0.6254165917525187
Ttc30a1,0.23140291231463242
Ttc30b,0.3867680763914249
Ttc33,0.3067596879058793
Ttc36,0.9378556066455377
Ttc39b,0.2199184274779909
Ttc7,0.09621161234204395
Ttc9,-0.17779574476765586
Ttll12,0.07945924484608186
Ttr,0.4387751449708085
Tuba1a,0.8340010737041295
Tuba1b,0.7854152382770163
Tuba4a,0.5557219317241378
Tubb2a,0.8253093746718791
Tubb4b,0.7184385721967345
Tubb5,0.8789446544639488
Tubg1,-0.016621943068683306
Tuft1,0.341448557884393
Tulp3,0.44066421210740353
Tulp4,0.2648950135475393
Twsg1,0.831119462008339
Txk,0.9459599595357139
Txlng,-0.09312274655346847
Txn1,0.575176621801516
Txn2,0.44935780725594193
Txndc15,0.494413929143076
Txndc17,0.7995621194716769
Txndc9,0.23721336300367138
Txnip,0.8282191985267864
Txnl1,0.4103178318920869
Txnl4a,0.08786363624038487
Tyrobp,0.8948875631525739
Tysnd1,-0.04757812393824355
U2af1,0.3363242289068565
U2af2,-0.21602621465213162
U2surp,-0.15026614261521487
Uap1,0.1553244770400831
Uap1l1,0.7595561150335325
Uba1,0.12716972840687737
Uba52,0.6909193449483718
Ubac1,0.23066258809546403
Ubac2,-0.13194287551123568
Ubald2,0.3284021118612248
Ubap2l,-0.32607163831869473
Ubash3b,0.7826863057884778
Ubb,0.6142968885317439
Ubc,-0.4534226230042295
Ubd,0.3662513063554044
Ube2a,0.4544228423613168
Ube2b,0.12329105905614332
Ube2c,0.08209065840556731
Ube2cbp,-0.23362541867492284
Ube2d2a,0.5615475076749501
Ube2d3,0.5572520019432006
Ube2e1,0.09339427986206157
Ube2e2,0.4649862217711797
Ube2e3,0.5204465205366801
Ube2g1,0.040037739666422545
Ube2h,0.3536944004273136
Ube2i,0.69172634218636
Ube2k,-0.05431496883582987
Ube2l3,0.42852591150093733
Ube2m,0.33537797620087395
Ube2n,0.18531897077141732
Ube2r2,0.49501017289092886
Ube2s,0.4852784394314138
Ube2v2,0.6197183143721038
Ube2w,-0.39557396840439313
Ube3a,-0.05335072607183563
Ube3c,0.03551346991760169
Ube4a,-0.0858119466003249
Ube4b,-0.025333954189675403
Ubl3,0.5335193871862771
Ubl5,0.09456532431019554
Ubl7,0.24277932505792366
Ubn2,0.09214809830380379
Ubqln2,-0.1012570253915602
Ubr1,0.41712276207687493
Ubr2,-0.1642457989170069
Ubr3,0.3257501362355968
Ubr5,0.3868014426028388
Ubtd2,0.10120441905766443
Ubtf,0.15791734887777528
Ubxn1,0.2920509057888313
Ubxn4,-0.010385088591616548
Ubxn6,0.6015941152732682
Ucp2,0.8888470954779246
Uevld,0.2030557922086444
Ufc1,0.3263803998452003
Ufm1,0.2651940717347178
Ugdh,0.22548676991411326
Ugp2,0.3121443603412539
Ugt2b37,0.6588786970538953
Ugt2b38,0.8415085663181927
Ugt3a1,0.9446672325148971
Ugt3a2,0.9387451255738203
Ugt8a,0.17531454615430123
Uhmk1,0.4400180684120891
Uhrf1bp1,0.3451236921535719
Uhrf1bp1l,0.4117306397225411
Uhrf2,-0.04691470160444675
Ulk2,-0.18720815940362548
Ulk3,-0.20123595036501002
Umad1,0.25587156499505576
Umod,0.9044293625854105
Unc13b,0.21469524719018865
Unc50,0.639559495285388
Unc5c,0.9040105699989003
Upb1,0.918880940112461
Upf3b,-0.041759113507501715
Upk1a,0.10234872399457838
Upp1,0.9268152516351417
Upp2,0.7435866890632278
Uqcc1,0.38085348338183445
Uqcc2,0.4527452309011288
Uqcc3,0.08773229099026192
Uqcr10,0.9212404191575149
Uqcr11,0.9340363425468592
Uqcrb,0.7552774472195375
Uqcrc1,0.6381034884812632
Uqcrc2,0.616708731863827
Uqcrfs1,0.7408859794371293
Uqcrh,0.47306537636223533
Uqcrq,0.6626862173300482
Urgcp,0.13299539929408286
Uri1,0.07250231859235035
Uroc1,0.9636293583526183
Use1,0.33313235157883636
Ush1c,0.7354737285835534
Ushbp1,0.9982147754934252
Usmg5,0.6548688620954092
Usp1,0.2593644084001847
Usp14,0.561779822978664
Usp18,0.8172681105903116
Usp19,0.08739911109074179
Usp20,0.12417643259090122
Usp24,0.3905759608367789
Usp3,-0.12931000077625582
Usp30,0.42866477550001403
Usp32,0.2327092693864197
Usp33,0.038871340442412645
Usp34,0.007706013948158628
Usp43,-0.05687512275318151
Usp47,0.07529122127600328
Usp50,0.002430922170837619
Usp53,0.6908662495559362
Usp8,0.2170736455740647
Usp9x,0.20141880057020775
Ust,0.0546703678122865
Utp11l,0.5101482469254484
Utp23,0.458516424040841
Utrn,0.31648842299271
Uvssa,-0.07535848723787339
Vamp2,0.7380780721014707
Vamp3,0.7913643150938288
Vamp5,0.9000174817221768
Vamp7,0.5021726141791252
Vamp8,0.5503269109467425
Vapa,0.497050046628674
Vapb,0.7035088810028627
Vav3,0.533669799907757
Vcam1,0.9288400559563529
Vcp,0.14201963519485442
Vcpkmt,0.6106564502139067
Vdac1,0.863550449130129
Vdac2,0.6888240927054167
Vdac3,0.578130011893262
Vdr,0.6975328369477402
Vegfa,0.8356975559103479
Veph1,0.7747599157970655
Vgll3,0.7947874313022141
Vgll4,0.36381711455753324
Vim,0.9000971254506455
Vimp,0.518978648355091
Vkorc1,0.6808502147694897
Vmac,0.4551524547471134
Vmp1,-0.3096974076265249
Vpreb1,0.5447972961828387
Vpreb3,-0.0495510092046233
Vps13a,-0.2898293347188611
Vps13b,0.09525194776266477
Vps13d,0.10554286467936613
Vps29,0.6007741412420764
Vps35,0.4697297456034752
Vps36,0.292336229931103
Vps4a,0.04732953300050741
Vps53,0.04232262475229793
Vps8,0.09720892678464849
Vsig10l,0.20703614274220922
Vstm4,0.8670051717469618
Vtcn1,-0.020930723658568906
Vti1a,0.19589069556302602
Vti1b,0.21325650195919216
Vwa8,0.4102658185520212
Wac,-0.007166855644591711
Wapl,-0.4126121849580817
Wasf2,0.7328717513317
Wasl,0.7390990629430912
Wbp1l,-0.0006414432515413532
Wbp2,0.2311509419839357
Wbp4,0.5027225823762296
Wbp5,0.8185954714569362
Wdfy1,-0.12554423922477384
Wdfy3,0.5481035918200917
Wdpcp,0.2895383404881434
Wdr1,0.5236271413583052
Wdr13,0.6581764994136297
Wdr18,0.31403042410652554
Wdr24,0.21809764377912735
Wdr26,-0.12437511423423825
Wdr33,-0.22851260683780997
Wdr45,0.41089247486678115
Wdr61,0.42525566717675284
Wdr7,0.17737837726754105
Wdr72,0.4309371143830668
Wdr74,-0.09836808960789381
Wdr77,0.22529213558413363
Wdr83os,0.28233580089214017
Wdr89,0.7057844082144581
Wfdc15b,0.9324563299395534
Wfdc16,-0.0877668190520215
Wfdc17,0.9661920133936562
Wfdc2,0.9630755568441719
Whsc1l1,-0.24551594572772548
Wipf1,0.8723076886853834
Wipi2,0.18057867871869257
Wisp1,0.7478969805982724
Wls,0.8127341219298364
Wnk1,0.8087286550679899
Wnk4,0.837988002826642
Wnt7b,0.8878195322671394
Wsb1,0.6611875526051828
Wt1,0.9886215310308705
Wtap,0.15667492619977064
Wwc1,0.9453613272784883
Wwc2,0.7462577201331814
Wwox,0.11170641269241657
Wwp1,0.2693844307728082
Wwp2,0.06635753287677011
Wwtr1,0.4753684179745635
Xaf1,0.7755189502422857
Xbp1,0.4677333274815363
Xcl1,0.8141043223562947
Xiap,0.3049548594234158
Xist,0.31242908847447576
Xk,0.39429151163777554
Xlr3a,0.11226096419174807
Xpnpep1,0.6532601285072648
Xpo1,0.034776068895618545
Xpo7,0.25620190424494366
Xpot,0.5854287991595221
Xpr1,-0.0071115301053423854
Xrcc4,-0.06335415031718686
Xrn1,-0.14055793509632183
Xylb,0.9362472505981081
Yaf2,0.7793954864482516
Yap1,0.5606021522038431
Ybx1,0.07850304831396195
Ybx2,0.8950590619757336
Yes1,0.4393754929484886
Yif1a,0.49361818345777464
Yif1b,0.7858097777963937
Yipf4,0.585475063322471
Yipf5,0.3851442693272221
Ylpm1,0.1498146706688046
Yme1l1,0.0890716884100499
Yod1,-0.2331348117576714
Ypel2,0.3053465243950753
Ypel3,0.328251941232617
Ythdc1,0.17295350730670173
Ythdf3,0.3114023086105503
Ywhab,0.5746097674926243
Ywhae,0.7948838848311328
Ywhag,0.24371671461359806
Ywhah,0.780860887443016
Ywhaq,0.643710996895195
Ywhaz,0.4373891037304179
Zbtb18,-0.03682398778576912
Zbtb20,0.4078529246900925
Zbtb33,0.19461120770950122
Zbtb38,0.5976033424273114
Zbtb4,0.05265585397002545
Zbtb46,0.5809591294214111
Zbtb7a,0.15347886502328878
Zbtb7c,0.9523202229394204
Zc2hc1a,0.6035153284862865
Zc3h12b,0.17408182896234947
Zc3h12c,0.1391300364874045
Zc3h13,0.24594378453817795
Zc3h15,0.09162789225554636
Zc3h7a,-0.19701256539369053
Zc3hav1,0.24298631261123582
Zcchc10,0.4498905086841776
Zcchc11,-0.30043152956298147
Zcchc16,0.1367636182560907
Zcchc7,-0.4853320194741505
Zcrb1,0.38926381138007765
Zdhhc1,0.7536050540104271
Zdhhc15,-0.12879993138149037
Zdhhc20,-0.1506094511323792
Zdhhc7,0.11999566056662783
Zeb1,0.8233301525045804
Zeb2,0.7314576076911773
Zfand3,0.217340101876937
Zfand5,0.5332306818786234
Zfand6,0.34502304348903057
Zfc3h1,-0.18741581610827363
Zfhx3,0.8088475802777635
Zfhx4,0.847008198525269
Zfos1,0.5200129892637535
Zfp148,-0.24352723594116932
Zfp207,-0.04516224858351665
Zfp266,-0.07090070916305877
Zfp280d,-0.07889102668298142
Zfp281,0.28813154843401767
Zfp287,0.3499881038846879
Zfp292,0.02294001633923658
Zfp334,0.04394227931117217
Zfp341,0.5374485277038317
Zfp36,0.5877671449241736
Zfp36l1,0.6519004064134069
Zfp36l2,0.767440321373589
Zfp37,0.43865366649843746
Zfp385b,0.9325966379633311
Zfp407,-0.21109162983603394
Zfp422,0.12414971845724845
Zfp428,0.8081781046132238
Zfp444,0.2132677932377381
Zfp46,0.48711704550198454
Zfp467,0.6856569375942125
Zfp507,-0.0012573612867897396
Zfp512b,0.3271379010347226
Zfp521,0.8469360238104894
Zfp532,0.38938547285007064
Zfp580,0.6811739847039815
Zfp583,0.1496645787409576
Zfp608,0.06564748535058539
Zfp609,-0.054448194702399665
Zfp618,0.4591508707380257
Zfp622,-0.2503310960098758
Zfp638,-0.39756067378996934
Zfp644,0.13568653708847545
Zfp697,0.726612643298041
Zfp7,0.7316336704198149
Zfp704,0.48570561486044356
Zfp706,0.5074900398332828
Zfp711,0.3568599144832568
Zfp715,0.7359737642954558
Zfp750,0.4866395912526027
Zfp763,0.23931459588061144
Zfp787,0.48812739557649776
Zfp850,0.056619130437972225
Zfp865,-0.17042142607746869
Zfp91,0.6331909784513363
Zfp938,0.5030733589214099
Zfp950,-0.02997353264009756
Zfp951,0.03702444729835731
Zfpl1,0.5060460800363358
Zfpm2,0.44053369839881673
Zfr,0.13906467150769747
Zfr2,0.2029308726721371
Zfyve1,0.054685592404527375
Zfyve21,0.3684323893372114
Zhx1,0.25451153726110554
Zhx3,0.3950982085036288
Zik1,-0.14973846253009718
Zkscan1,0.5901543296173318
Zkscan3,0.23802354043731677
Zmat2,0.303123049788086
Zmat3,0.17283288350601933
Zmat5,0.11853290414922485
Zmiz1,0.352273538731286
Zmym2,0.09544664205214135
Zmym4,-0.1720261019863145
Zmym5,-0.1403153436113822
Zmynd10,0.8328878429844252
Zmynd11,0.4253223850788348
Zmynd19,-0.27883878234998494
Zmynd8,-0.03460855115656769
Znhit1,0.2953961639446596
Znrf3,0.35582559374114725
Zranb2,0.388995350091768
Zscan26,0.20479071678711716
Zswim6,-0.19630585304572476
Zzz3,-0.11404270762970689
mt-Atp6,0.1694281942761725
mt-Atp8,0.46140444273779135
mt-Co1,0.28241466607147103
mt-Co2,0.4523190284948165
mt-Co3,0.06836391242089297
mt-Cytb,0.4146604803486807
mt-Nd1,0.4392812860663944
mt-Nd2,0.6485460561948202
mt-Nd3,0.7185698511582589
mt-Nd4,0.6308743774112626
mt-Nd4l,0.7910590913052786
mt-Nd5,0.7284745917881976
mt-Nd6,0.3031293391496403
